dataset,policy,fraction,method,stratum,queries,evaluable_queries,unavailable_queries,eligible_pairs,pairs,credit,macro_concordance,pooled_concordance,labels,exact_labels,error_queries,exact_error_queries,macro_interval_mae,pooled_interval_mae,macro_exact_mae,pooled_exact_mae
SPD,assay_envelope,0.125,target_prior,all_determinate,930,377,0,6362,6362,4004.0,0.6150986626719517,0.6293618359006602,7016,1138,908,378,0.27789824844439814,0.273670912746583,0.8187862444866508,0.9060600655190734
SPD,assay_envelope,0.125,target_prior,both_exact,930,252,0,1976,1976,1217.0,0.6023128106461441,0.6158906882591093,,,,,,,,
SPD,assay_envelope,0.125,target_prior,one_bounded,930,341,0,4165,4165,2678.0,0.6303947914715469,0.6429771908763505,,,,,,,,
SPD,assay_envelope,0.125,target_prior,both_bounded,930,30,0,221,221,109.0,0.5562275687275686,0.49321266968325794,,,,,,,,
SPD,assay_envelope,0.125,chemistry,all_determinate,930,377,0,6362,6362,4173.0,0.6447340435524054,0.6559258094938698,7016,1138,908,378,0.2386649148708146,0.23767149889404182,0.7625947434115644,0.8266442665976516
SPD,assay_envelope,0.125,chemistry,both_exact,930,252,0,1976,1976,1245.0,0.6160333493666826,0.6300607287449392,,,,,,,,
SPD,assay_envelope,0.125,chemistry,one_bounded,930,341,0,4165,4165,2809.0,0.6652420468684068,0.6744297719087635,,,,,,,,
SPD,assay_envelope,0.125,chemistry,both_bounded,930,30,0,221,221,119.0,0.6063057313057313,0.5384615384615384,,,,,,,,
SPD,assay_envelope,0.125,availability__boltz_affinity,all_determinate,930,377,0,6362,6362,4173.0,0.6447340435524054,0.6559258094938698,7016,1138,908,378,0.2386649148708146,0.23767149889404182,0.7625947434115644,0.8266442665976516
SPD,assay_envelope,0.125,availability__boltz_affinity,both_exact,930,252,0,1976,1976,1245.0,0.6160333493666826,0.6300607287449392,,,,,,,,
SPD,assay_envelope,0.125,availability__boltz_affinity,one_bounded,930,341,0,4165,4165,2809.0,0.6652420468684068,0.6744297719087635,,,,,,,,
SPD,assay_envelope,0.125,availability__boltz_affinity,both_bounded,930,30,0,221,221,119.0,0.6063057313057313,0.5384615384615384,,,,,,,,
SPD,assay_envelope,0.125,plus__boltz_affinity,all_determinate,930,377,0,6362,6362,4416.0,0.6694343618853199,0.69412134548884,7016,1138,908,378,0.21305028461096104,0.2096088487874956,0.7431990065102654,0.7619268403537769
SPD,assay_envelope,0.125,plus__boltz_affinity,both_exact,930,252,0,1976,1976,1311.0,0.621564568588378,0.6634615384615384,,,,,,,,
SPD,assay_envelope,0.125,plus__boltz_affinity,one_bounded,930,341,0,4165,4165,2947.0,0.6803192397850637,0.7075630252100841,,,,,,,,
SPD,assay_envelope,0.125,plus__boltz_affinity,both_bounded,930,30,0,221,221,158.0,0.7481866281866283,0.7149321266968326,,,,,,,,
SPD,assay_envelope,0.125,mean__boltz_affinity,all_determinate,930,377,0,6362,6362,4116.0,0.6210131901969375,0.6469663627790003,7016,1138,908,378,0.21912660437745404,0.21631306346419546,0.7747278189980794,0.7896000868962944
SPD,assay_envelope,0.125,mean__boltz_affinity,both_exact,930,252,0,1976,1976,1235.0,0.5978298670758988,0.625,,,,,,,,
SPD,assay_envelope,0.125,mean__boltz_affinity,one_bounded,930,341,0,4165,4165,2749.0,0.6388628792435681,0.6600240096038416,,,,,,,,
SPD,assay_envelope,0.125,mean__boltz_affinity,both_bounded,930,30,0,221,221,132.0,0.6509445184445185,0.5972850678733032,,,,,,,,
SPD,assay_envelope,0.125,mean_relative__boltz_affinity,all_determinate,930,377,0,6362,6362,4317.0,0.6443169130303107,0.6785602011945929,7016,1138,908,378,0.2146697925003714,0.21077011334388615,0.7493373167304398,0.7711431905675322
SPD,assay_envelope,0.125,mean_relative__boltz_affinity,both_exact,930,252,0,1976,1976,1262.0,0.6253620864731975,0.638663967611336,,,,,,,,
SPD,assay_envelope,0.125,mean_relative__boltz_affinity,one_bounded,930,341,0,4165,4165,2898.0,0.6548017000499149,0.6957983193277311,,,,,,,,
SPD,assay_envelope,0.125,mean_relative__boltz_affinity,both_bounded,930,30,0,221,221,157.0,0.7635814185814187,0.7104072398190046,,,,,,,,
SPD,assay_envelope,0.125,availability__boltz_binary,all_determinate,930,377,0,6362,6362,4173.0,0.6447340435524054,0.6559258094938698,7016,1138,908,378,0.2386649148708146,0.23767149889404182,0.7625947434115644,0.8266442665976516
SPD,assay_envelope,0.125,availability__boltz_binary,both_exact,930,252,0,1976,1976,1245.0,0.6160333493666826,0.6300607287449392,,,,,,,,
SPD,assay_envelope,0.125,availability__boltz_binary,one_bounded,930,341,0,4165,4165,2809.0,0.6652420468684068,0.6744297719087635,,,,,,,,
SPD,assay_envelope,0.125,availability__boltz_binary,both_bounded,930,30,0,221,221,119.0,0.6063057313057313,0.5384615384615384,,,,,,,,
SPD,assay_envelope,0.125,plus__boltz_binary,all_determinate,930,377,0,6362,6362,4290.0,0.663850956493761,0.6743162527507073,7016,1138,908,378,0.2181894417383896,0.2158648485524853,0.7076336331404333,0.7435986702462416
SPD,assay_envelope,0.125,plus__boltz_binary,both_exact,930,252,0,1976,1976,1252.0,0.6062761019110225,0.6336032388663968,,,,,,,,
SPD,assay_envelope,0.125,plus__boltz_binary,one_bounded,930,341,0,4165,4165,2897.0,0.6864760177387309,0.6955582232893157,,,,,,,,
SPD,assay_envelope,0.125,plus__boltz_binary,both_bounded,930,30,0,221,221,141.0,0.6805851555851556,0.6380090497737556,,,,,,,,
SPD,assay_envelope,0.125,mean__boltz_binary,all_determinate,930,377,0,6362,6362,4105.0,0.6382445270471011,0.6452373467463062,7016,1138,908,378,0.21955823559189946,0.2183362218290667,0.7234557468525359,0.7440645989000051
SPD,assay_envelope,0.125,mean__boltz_binary,both_exact,930,252,0,1976,1976,1201.0,0.59594528046909,0.6077935222672065,,,,,,,,
SPD,assay_envelope,0.125,mean__boltz_binary,one_bounded,930,341,0,4165,4165,2795.0,0.665034062400187,0.6710684273709484,,,,,,,,
SPD,assay_envelope,0.125,mean__boltz_binary,both_bounded,930,30,0,221,221,109.0,0.5606055056055056,0.49321266968325794,,,,,,,,
SPD,assay_envelope,0.125,mean_relative__boltz_binary,all_determinate,930,377,0,6362,6362,4295.0,0.670449300699507,0.6751021691292046,7016,1138,908,378,0.21977486543120237,0.21656885802838835,0.6947921334719986,0.7208159493433599
SPD,assay_envelope,0.125,mean_relative__boltz_binary,both_exact,930,252,0,1976,1976,1225.0,0.6119767211037053,0.6199392712550608,,,,,,,,
SPD,assay_envelope,0.125,mean_relative__boltz_binary,one_bounded,930,341,0,4165,4165,2935.0,0.6939013268867561,0.7046818727490997,,,,,,,,
SPD,assay_envelope,0.125,mean_relative__boltz_binary,both_bounded,930,30,0,221,221,135.0,0.6722621822621823,0.6108597285067874,,,,,,,,
SPD,assay_envelope,0.125,availability__boltzina_vina_far_affinity,all_determinate,930,377,0,6362,6362,4177.0,0.6450744190835077,0.6565545425966677,7016,1138,908,378,0.2388343026357126,0.23793425597044285,0.7623720674877048,0.8262680582441903
SPD,assay_envelope,0.125,availability__boltzina_vina_far_affinity,both_exact,930,252,0,1976,1976,1247.0,0.621324354657688,0.6310728744939271,,,,,,,,
SPD,assay_envelope,0.125,availability__boltzina_vina_far_affinity,one_bounded,930,341,0,4165,4165,2812.0,0.6655154025449884,0.6751500600240096,,,,,,,,
SPD,assay_envelope,0.125,availability__boltzina_vina_far_affinity,both_bounded,930,30,0,221,221,118.0,0.6015438265438265,0.5339366515837104,,,,,,,,
SPD,assay_envelope,0.125,plus__boltzina_vina_far_affinity,all_determinate,930,377,0,6362,6362,4393.0,0.6686028175223167,0.6905061301477523,7016,1138,908,378,0.21005194085601372,0.20859461093783088,0.7400256241170241,0.7659504192450706
SPD,assay_envelope,0.125,plus__boltzina_vina_far_affinity,both_exact,930,252,0,1976,1976,1319.0,0.6466042702153814,0.6675101214574899,,,,,,,,
SPD,assay_envelope,0.125,plus__boltzina_vina_far_affinity,one_bounded,930,341,0,4165,4165,2921.0,0.676897499770055,0.7013205282112845,,,,,,,,
SPD,assay_envelope,0.125,plus__boltzina_vina_far_affinity,both_bounded,930,30,0,221,221,153.0,0.7140106190106191,0.6923076923076923,,,,,,,,
SPD,assay_envelope,0.125,mean__boltzina_vina_far_affinity,all_determinate,930,377,0,6362,6362,4090.0,0.6235435473366818,0.6428795976108143,7016,1138,908,378,0.2241442917862714,0.2216703759307036,0.7792809960716583,0.8111119125794067
SPD,assay_envelope,0.125,mean__boltzina_vina_far_affinity,both_exact,930,252,0,1976,1976,1226.0,0.5969743733632622,0.6204453441295547,,,,,,,,
SPD,assay_envelope,0.125,mean__boltzina_vina_far_affinity,one_bounded,930,341,0,4165,4165,2726.0,0.6386821663372176,0.6545018007202881,,,,,,,,
SPD,assay_envelope,0.125,mean__boltzina_vina_far_affinity,both_bounded,930,30,0,221,221,138.0,0.681473618973619,0.6244343891402715,,,,,,,,
SPD,assay_envelope,0.125,mean_relative__boltzina_vina_far_affinity,all_determinate,930,377,0,6362,6362,4282.0,0.636902039985745,0.6730587865451116,7016,1138,908,378,0.23233643032344245,0.22870577687427368,0.7499325347203982,0.7891055355396479
SPD,assay_envelope,0.125,mean_relative__boltzina_vina_far_affinity,both_exact,930,252,0,1976,1976,1254.0,0.621590622781099,0.6346153846153846,,,,,,,,
SPD,assay_envelope,0.125,mean_relative__boltzina_vina_far_affinity,one_bounded,930,341,0,4165,4165,2876.0,0.6529616653393174,0.690516206482593,,,,,,,,
SPD,assay_envelope,0.125,mean_relative__boltzina_vina_far_affinity,both_bounded,930,30,0,221,221,152.0,0.7319735819735821,0.6877828054298643,,,,,,,,
SPD,assay_envelope,0.125,availability__boltzina_vina_far_binary,all_determinate,930,377,0,6362,6362,4177.0,0.6450744190835077,0.6565545425966677,7016,1138,908,378,0.2388343026357126,0.23793425597044285,0.7623720674877048,0.8262680582441903
SPD,assay_envelope,0.125,availability__boltzina_vina_far_binary,both_exact,930,252,0,1976,1976,1247.0,0.621324354657688,0.6310728744939271,,,,,,,,
SPD,assay_envelope,0.125,availability__boltzina_vina_far_binary,one_bounded,930,341,0,4165,4165,2812.0,0.6655154025449884,0.6751500600240096,,,,,,,,
SPD,assay_envelope,0.125,availability__boltzina_vina_far_binary,both_bounded,930,30,0,221,221,118.0,0.6015438265438265,0.5339366515837104,,,,,,,,
SPD,assay_envelope,0.125,plus__boltzina_vina_far_binary,all_determinate,930,377,0,6362,6362,4294.0,0.6631404065106002,0.6749449858535052,7016,1138,908,378,0.21934129232521454,0.21695166062563126,0.7161049260204312,0.7536703352686024
SPD,assay_envelope,0.125,plus__boltzina_vina_far_binary,both_exact,930,252,0,1976,1976,1266.0,0.6212892339876467,0.6406882591093117,,,,,,,,
SPD,assay_envelope,0.125,plus__boltzina_vina_far_binary,one_bounded,930,341,0,4165,4165,2883.0,0.6812047562994444,0.6921968787515006,,,,,,,,
SPD,assay_envelope,0.125,plus__boltzina_vina_far_binary,both_bounded,930,30,0,221,221,145.0,0.6798018648018648,0.6561085972850679,,,,,,,,
SPD,assay_envelope,0.125,mean__boltzina_vina_far_binary,all_determinate,930,377,0,6362,6362,4066.0,0.6296026804432299,0.639107198994027,7016,1138,908,378,0.22276578165509647,0.22151390952156214,0.7379252135457384,0.7672289956972519
SPD,assay_envelope,0.125,mean__boltzina_vina_far_binary,both_exact,930,252,0,1976,1976,1206.0,0.5860436374325262,0.6103238866396761,,,,,,,,
SPD,assay_envelope,0.125,mean__boltzina_vina_far_binary,one_bounded,930,341,0,4165,4165,2748.0,0.6547460434201762,0.6597839135654262,,,,,,,,
SPD,assay_envelope,0.125,mean__boltzina_vina_far_binary,both_bounded,930,30,0,221,221,112.0,0.5798159248159248,0.5067873303167421,,,,,,,,
SPD,assay_envelope,0.125,mean_relative__boltzina_vina_far_binary,all_determinate,930,377,0,6362,6362,4271.0,0.6562163306413855,0.6713297705124175,7016,1138,908,378,0.21327191305541815,0.2100992797747607,0.6911169003566981,0.7313146729200167
SPD,assay_envelope,0.125,mean_relative__boltzina_vina_far_binary,both_exact,930,252,0,1976,1976,1231.0,0.6201387457339838,0.6229757085020243,,,,,,,,
SPD,assay_envelope,0.125,mean_relative__boltzina_vina_far_binary,one_bounded,930,341,0,4165,4165,2916.0,0.6832720705346933,0.7001200480192077,,,,,,,,
SPD,assay_envelope,0.125,mean_relative__boltzina_vina_far_binary,both_bounded,930,30,0,221,221,124.0,0.6122886372886374,0.5610859728506787,,,,,,,,
SPD,assay_envelope,0.125,availability__boltzina_vina_zero_affinity,all_determinate,930,377,0,6362,6362,4177.0,0.6450744190835077,0.6565545425966677,7016,1138,908,378,0.2388343026357126,0.23793425597044285,0.7623720674877048,0.8262680582441903
SPD,assay_envelope,0.125,availability__boltzina_vina_zero_affinity,both_exact,930,252,0,1976,1976,1247.0,0.621324354657688,0.6310728744939271,,,,,,,,
SPD,assay_envelope,0.125,availability__boltzina_vina_zero_affinity,one_bounded,930,341,0,4165,4165,2812.0,0.6655154025449884,0.6751500600240096,,,,,,,,
SPD,assay_envelope,0.125,availability__boltzina_vina_zero_affinity,both_bounded,930,30,0,221,221,118.0,0.6015438265438265,0.5339366515837104,,,,,,,,
SPD,assay_envelope,0.125,plus__boltzina_vina_zero_affinity,all_determinate,930,377,0,6362,6362,4393.0,0.6686028175223167,0.6905061301477523,7016,1138,908,378,0.21005001742350934,0.20859218418257755,0.7400193107562116,0.7659440071126777
SPD,assay_envelope,0.125,plus__boltzina_vina_zero_affinity,both_exact,930,252,0,1976,1976,1319.0,0.6466042702153814,0.6675101214574899,,,,,,,,
SPD,assay_envelope,0.125,plus__boltzina_vina_zero_affinity,one_bounded,930,341,0,4165,4165,2921.0,0.676897499770055,0.7013205282112845,,,,,,,,
SPD,assay_envelope,0.125,plus__boltzina_vina_zero_affinity,both_bounded,930,30,0,221,221,153.0,0.7140106190106191,0.6923076923076923,,,,,,,,
SPD,assay_envelope,0.125,mean__boltzina_vina_zero_affinity,all_determinate,930,377,0,6362,6362,4090.0,0.6235435473366818,0.6428795976108143,7016,1138,908,378,0.2241455831419389,0.22167177502560712,0.7792817831964121,0.8111107466864483
SPD,assay_envelope,0.125,mean__boltzina_vina_zero_affinity,both_exact,930,252,0,1976,1976,1226.0,0.5969743733632622,0.6204453441295547,,,,,,,,
SPD,assay_envelope,0.125,mean__boltzina_vina_zero_affinity,one_bounded,930,341,0,4165,4165,2726.0,0.6386821663372176,0.6545018007202881,,,,,,,,
SPD,assay_envelope,0.125,mean__boltzina_vina_zero_affinity,both_bounded,930,30,0,221,221,138.0,0.681473618973619,0.6244343891402715,,,,,,,,
SPD,assay_envelope,0.125,mean_relative__boltzina_vina_zero_affinity,all_determinate,930,377,0,6362,6362,4282.0,0.636902039985745,0.6730587865451116,7016,1138,908,378,0.23233569931532494,0.22870451097184458,0.7499167332217129,0.7890929468725442
SPD,assay_envelope,0.125,mean_relative__boltzina_vina_zero_affinity,both_exact,930,252,0,1976,1976,1254.0,0.621590622781099,0.6346153846153846,,,,,,,,
SPD,assay_envelope,0.125,mean_relative__boltzina_vina_zero_affinity,one_bounded,930,341,0,4165,4165,2876.0,0.6529616653393174,0.690516206482593,,,,,,,,
SPD,assay_envelope,0.125,mean_relative__boltzina_vina_zero_affinity,both_bounded,930,30,0,221,221,152.0,0.7319735819735821,0.6877828054298643,,,,,,,,
SPD,assay_envelope,0.125,availability__boltzina_vina_zero_binary,all_determinate,930,377,0,6362,6362,4177.0,0.6450744190835077,0.6565545425966677,7016,1138,908,378,0.2388343026357126,0.23793425597044285,0.7623720674877048,0.8262680582441903
SPD,assay_envelope,0.125,availability__boltzina_vina_zero_binary,both_exact,930,252,0,1976,1976,1247.0,0.621324354657688,0.6310728744939271,,,,,,,,
SPD,assay_envelope,0.125,availability__boltzina_vina_zero_binary,one_bounded,930,341,0,4165,4165,2812.0,0.6655154025449884,0.6751500600240096,,,,,,,,
SPD,assay_envelope,0.125,availability__boltzina_vina_zero_binary,both_bounded,930,30,0,221,221,118.0,0.6015438265438265,0.5339366515837104,,,,,,,,
SPD,assay_envelope,0.125,plus__boltzina_vina_zero_binary,all_determinate,930,377,0,6362,6362,4294.0,0.6631404065106002,0.6749449858535052,7016,1138,908,378,0.21934078583168182,0.21695140180804456,0.7160993248799059,0.7536676705750982
SPD,assay_envelope,0.125,plus__boltzina_vina_zero_binary,both_exact,930,252,0,1976,1976,1266.0,0.6212892339876467,0.6406882591093117,,,,,,,,
SPD,assay_envelope,0.125,plus__boltzina_vina_zero_binary,one_bounded,930,341,0,4165,4165,2883.0,0.6812047562994444,0.6921968787515006,,,,,,,,
SPD,assay_envelope,0.125,plus__boltzina_vina_zero_binary,both_bounded,930,30,0,221,221,145.0,0.6798018648018648,0.6561085972850679,,,,,,,,
SPD,assay_envelope,0.125,mean__boltzina_vina_zero_binary,all_determinate,930,377,0,6362,6362,4066.0,0.6296026804432299,0.639107198994027,7016,1138,908,378,0.22276814763087405,0.22151601422657363,0.7379281122529634,0.7672327747910109
SPD,assay_envelope,0.125,mean__boltzina_vina_zero_binary,both_exact,930,252,0,1976,1976,1206.0,0.5860436374325262,0.6103238866396761,,,,,,,,
SPD,assay_envelope,0.125,mean__boltzina_vina_zero_binary,one_bounded,930,341,0,4165,4165,2748.0,0.6547460434201762,0.6597839135654262,,,,,,,,
SPD,assay_envelope,0.125,mean__boltzina_vina_zero_binary,both_bounded,930,30,0,221,221,112.0,0.5798159248159248,0.5067873303167421,,,,,,,,
SPD,assay_envelope,0.125,mean_relative__boltzina_vina_zero_binary,all_determinate,930,377,0,6362,6362,4270.0,0.6561143106454664,0.671172587236718,7016,1138,908,378,0.2132733885944306,0.21010089245017488,0.6911170764656659,0.7313123331625457
SPD,assay_envelope,0.125,mean_relative__boltzina_vina_zero_binary,both_exact,930,252,0,1976,1976,1231.0,0.6201387457339838,0.6229757085020243,,,,,,,,
SPD,assay_envelope,0.125,mean_relative__boltzina_vina_zero_binary,one_bounded,930,341,0,4165,4165,2916.0,0.6832720705346933,0.7001200480192077,,,,,,,,
SPD,assay_envelope,0.125,mean_relative__boltzina_vina_zero_binary,both_bounded,930,30,0,221,221,123.0,0.6039553039553041,0.5565610859728507,,,,,,,,
SPD,assay_envelope,0.125,availability__gnina,all_determinate,930,377,0,6362,6362,4172.0,0.6448475658027665,0.6557686262181703,7016,1138,908,378,0.2385007976096805,0.23752622609899476,0.7626967396445978,0.8268033432578483
SPD,assay_envelope,0.125,availability__gnina,both_exact,930,252,0,1976,1976,1245.0,0.6197370530703864,0.6300607287449392,,,,,,,,
SPD,assay_envelope,0.125,availability__gnina,one_bounded,930,341,0,4165,4165,2808.0,0.6651634963866306,0.6741896758703482,,,,,,,,
SPD,assay_envelope,0.125,availability__gnina,both_bounded,930,30,0,221,221,119.0,0.6063057313057313,0.5384615384615384,,,,,,,,
SPD,assay_envelope,0.125,plus__gnina,all_determinate,930,377,0,6362,6362,4205.0,0.6455656739729491,0.6609556743162528,7016,1138,908,378,0.23037527416397163,0.22910293785208968,0.7683672070347508,0.828588390773617
SPD,assay_envelope,0.125,plus__gnina,both_exact,930,252,0,1976,1976,1261.0,0.6247983424570726,0.6381578947368421,,,,,,,,
SPD,assay_envelope,0.125,plus__gnina,one_bounded,930,341,0,4165,4165,2822.0,0.6611671285727423,0.6775510204081633,,,,,,,,
SPD,assay_envelope,0.125,plus__gnina,both_bounded,930,30,0,221,221,122.0,0.6290614940614941,0.5520361990950227,,,,,,,,
SPD,assay_envelope,0.125,mean__gnina,all_determinate,930,377,0,6362,6362,4089.0,0.6273561938069692,0.6427224143351148,7016,1138,908,378,0.23386505750858208,0.23296412033703504,0.7780551476360308,0.8408755836362499
SPD,assay_envelope,0.125,mean__gnina,both_exact,930,252,0,1976,1976,1226.0,0.5984946784549959,0.6204453441295547,,,,,,,,
SPD,assay_envelope,0.125,mean__gnina,one_bounded,930,341,0,4165,4165,2748.0,0.6467293579370774,0.6597839135654262,,,,,,,,
SPD,assay_envelope,0.125,mean__gnina,both_bounded,930,30,0,221,221,115.0,0.5643256743256744,0.5203619909502263,,,,,,,,
SPD,assay_envelope,0.125,mean_relative__gnina,all_determinate,930,377,0,6362,6362,4161.0,0.6429824291260609,0.6540396101854763,7016,1138,908,378,0.22880871592164403,0.22761157557402661,0.7783825789552112,0.8359378248530669
SPD,assay_envelope,0.125,mean_relative__gnina,both_exact,930,252,0,1976,1976,1223.0,0.5903339899371645,0.6189271255060729,,,,,,,,
SPD,assay_envelope,0.125,mean_relative__gnina,one_bounded,930,341,0,4165,4165,2806.0,0.666584446323798,0.6737094837935174,,,,,,,,
SPD,assay_envelope,0.125,mean_relative__gnina,both_bounded,930,30,0,221,221,132.0,0.6395356495356495,0.5972850678733032,,,,,,,,
SPD,assay_envelope,0.125,availability__nesso_affinity,all_determinate,930,377,0,6362,6362,4172.0,0.6448475658027665,0.6557686262181703,7016,1138,908,378,0.2385007976096805,0.23752622609899476,0.7626967396445978,0.8268033432578483
SPD,assay_envelope,0.125,availability__nesso_affinity,both_exact,930,252,0,1976,1976,1245.0,0.6197370530703864,0.6300607287449392,,,,,,,,
SPD,assay_envelope,0.125,availability__nesso_affinity,one_bounded,930,341,0,4165,4165,2808.0,0.6651634963866306,0.6741896758703482,,,,,,,,
SPD,assay_envelope,0.125,availability__nesso_affinity,both_bounded,930,30,0,221,221,119.0,0.6063057313057313,0.5384615384615384,,,,,,,,
SPD,assay_envelope,0.125,plus__nesso_affinity,all_determinate,930,377,0,6362,6362,4436.0,0.6771931633761561,0.6972650110028293,7016,1138,908,378,0.21670691547286358,0.21501897771212233,0.7283072129130169,0.7688257921187898
SPD,assay_envelope,0.125,plus__nesso_affinity,both_exact,930,252,0,1976,1976,1311.0,0.6172863365323683,0.6634615384615384,,,,,,,,
SPD,assay_envelope,0.125,plus__nesso_affinity,one_bounded,930,341,0,4165,4165,2994.0,0.7016048919698612,0.7188475390156063,,,,,,,,
SPD,assay_envelope,0.125,plus__nesso_affinity,both_bounded,930,30,0,221,221,131.0,0.6633309283309284,0.5927601809954751,,,,,,,,
SPD,assay_envelope,0.125,mean__nesso_affinity,all_determinate,930,377,0,6362,6362,4123.0,0.6172506527629568,0.6480666457088966,7016,1138,908,378,0.23070543458217008,0.2298083432036452,0.7619548419415276,0.8075268011811082
SPD,assay_envelope,0.125,mean__nesso_affinity,both_exact,930,252,0,1976,1976,1234.0,0.6028475419348435,0.6244939271255061,,,,,,,,
SPD,assay_envelope,0.125,mean__nesso_affinity,one_bounded,930,341,0,4165,4165,2749.0,0.632549658384642,0.6600240096038416,,,,,,,,
SPD,assay_envelope,0.125,mean__nesso_affinity,both_bounded,930,30,0,221,221,140.0,0.6569733969733971,0.6334841628959276,,,,,,,,
SPD,assay_envelope,0.125,mean_relative__nesso_affinity,all_determinate,930,377,0,6362,6362,4403.0,0.6689791778045694,0.6920779629047469,7016,1138,908,378,0.21375141187951782,0.2135374634762003,0.737946700887706,0.7818895048124435
SPD,assay_envelope,0.125,mean_relative__nesso_affinity,both_exact,930,252,0,1976,1976,1290.0,0.6240454430930621,0.652834008097166,,,,,,,,
SPD,assay_envelope,0.125,mean_relative__nesso_affinity,one_bounded,930,341,0,4165,4165,2980.0,0.6916637067072312,0.7154861944777912,,,,,,,,
SPD,assay_envelope,0.125,mean_relative__nesso_affinity,both_bounded,930,30,0,221,221,133.0,0.6672706922706924,0.6018099547511312,,,,,,,,
SPD,assay_envelope,0.125,availability__nesso_binary,all_determinate,930,377,0,6362,6362,4172.0,0.6448475658027665,0.6557686262181703,7016,1138,908,378,0.2385007976096805,0.23752622609899476,0.7626967396445978,0.8268033432578483
SPD,assay_envelope,0.125,availability__nesso_binary,both_exact,930,252,0,1976,1976,1245.0,0.6197370530703864,0.6300607287449392,,,,,,,,
SPD,assay_envelope,0.125,availability__nesso_binary,one_bounded,930,341,0,4165,4165,2808.0,0.6651634963866306,0.6741896758703482,,,,,,,,
SPD,assay_envelope,0.125,availability__nesso_binary,both_bounded,930,30,0,221,221,119.0,0.6063057313057313,0.5384615384615384,,,,,,,,
SPD,assay_envelope,0.125,plus__nesso_binary,all_determinate,930,377,0,6362,6362,4295.0,0.6612274874122355,0.6751021691292046,7016,1138,908,378,0.22130599409374033,0.21929941751687065,0.7306310721839424,0.754810817608835
SPD,assay_envelope,0.125,plus__nesso_binary,both_exact,930,252,0,1976,1976,1252.0,0.6057576902814997,0.6336032388663968,,,,,,,,
SPD,assay_envelope,0.125,plus__nesso_binary,one_bounded,930,341,0,4165,4165,2896.0,0.6867749614920318,0.6953181272509004,,,,,,,,
SPD,assay_envelope,0.125,plus__nesso_binary,both_bounded,930,30,0,221,221,147.0,0.7069471269471269,0.665158371040724,,,,,,,,
SPD,assay_envelope,0.125,mean__nesso_binary,all_determinate,930,377,0,6362,6362,4136.0,0.6332667494218265,0.6501100282929896,7016,1138,908,378,0.21974746817903748,0.2194137237028941,0.7441474852455346,0.7779978066990781
SPD,assay_envelope,0.125,mean__nesso_binary,both_exact,930,252,0,1976,1976,1210.0,0.6011787374882612,0.6123481781376519,,,,,,,,
SPD,assay_envelope,0.125,mean__nesso_binary,one_bounded,930,341,0,4165,4165,2800.0,0.6553668048474109,0.6722689075630253,,,,,,,,
SPD,assay_envelope,0.125,mean__nesso_binary,both_bounded,930,30,0,221,221,126.0,0.633522681022681,0.5701357466063348,,,,,,,,
SPD,assay_envelope,0.125,mean_relative__nesso_binary,all_determinate,930,377,0,6362,6362,4407.0,0.6741640340820121,0.6927066960075448,7016,1138,908,378,0.214886650664662,0.21237442753989166,0.7197507477600494,0.7299631936844426
SPD,assay_envelope,0.125,mean_relative__nesso_binary,both_exact,930,252,0,1976,1976,1264.0,0.6152953381127985,0.6396761133603239,,,,,,,,
SPD,assay_envelope,0.125,mean_relative__nesso_binary,one_bounded,930,341,0,4165,4165,2982.0,0.6984463194781776,0.7159663865546219,,,,,,,,
SPD,assay_envelope,0.125,mean_relative__nesso_binary,both_bounded,930,30,0,221,221,161.0,0.772022792022792,0.7285067873303167,,,,,,,,
SPD,assay_envelope,0.125,availability__raw_ad4,all_determinate,930,377,0,6362,6362,4172.0,0.6448475658027665,0.6557686262181703,7016,1138,908,378,0.2385007976096805,0.23752622609899476,0.7626967396445978,0.8268033432578483
SPD,assay_envelope,0.125,availability__raw_ad4,both_exact,930,252,0,1976,1976,1245.0,0.6197370530703864,0.6300607287449392,,,,,,,,
SPD,assay_envelope,0.125,availability__raw_ad4,one_bounded,930,341,0,4165,4165,2808.0,0.6651634963866306,0.6741896758703482,,,,,,,,
SPD,assay_envelope,0.125,availability__raw_ad4,both_bounded,930,30,0,221,221,119.0,0.6063057313057313,0.5384615384615384,,,,,,,,
SPD,assay_envelope,0.125,plus__raw_ad4,all_determinate,930,377,0,6362,6362,4207.0,0.6470310338713193,0.6612700408676517,7016,1138,908,378,0.22867655855283875,0.22773038672554127,0.7463193353466214,0.8077741018983389
SPD,assay_envelope,0.125,plus__raw_ad4,both_exact,930,252,0,1976,1976,1236.0,0.6056674072547087,0.6255060728744939,,,,,,,,
SPD,assay_envelope,0.125,plus__raw_ad4,one_bounded,930,341,0,4165,4165,2851.0,0.6690301993453953,0.6845138055222089,,,,,,,,
SPD,assay_envelope,0.125,plus__raw_ad4,both_bounded,930,30,0,221,221,120.0,0.6171022496022496,0.5429864253393665,,,,,,,,
SPD,assay_envelope,0.125,mean__raw_ad4,all_determinate,930,377,0,6362,6362,4109.0,0.6291412457461274,0.645866079849104,7016,1138,908,378,0.23960986228054013,0.23855007684065246,0.7831449770178649,0.8341793792688634
SPD,assay_envelope,0.125,mean__raw_ad4,both_exact,930,252,0,1976,1976,1230.0,0.6082921047206762,0.6224696356275303,,,,,,,,
SPD,assay_envelope,0.125,mean__raw_ad4,one_bounded,930,341,0,4165,4165,2762.0,0.64971563844363,0.6631452581032413,,,,,,,,
SPD,assay_envelope,0.125,mean__raw_ad4,both_bounded,930,30,0,221,221,117.0,0.600965885965886,0.5294117647058824,,,,,,,,
SPD,assay_envelope,0.125,mean_relative__raw_ad4,all_determinate,930,377,0,6362,6362,4146.0,0.634036112016546,0.6516818610499843,7016,1138,908,378,0.23598745166237978,0.23479161213151523,0.7789844505520054,0.8262236209867141
SPD,assay_envelope,0.125,mean_relative__raw_ad4,both_exact,930,252,0,1976,1976,1224.0,0.5989614588820938,0.6194331983805668,,,,,,,,
SPD,assay_envelope,0.125,mean_relative__raw_ad4,one_bounded,930,341,0,4165,4165,2799.0,0.6579209623726909,0.6720288115246098,,,,,,,,
SPD,assay_envelope,0.125,mean_relative__raw_ad4,both_bounded,930,30,0,221,221,123.0,0.6402463277463277,0.5565610859728507,,,,,,,,
SPD,assay_envelope,0.125,availability__raw_gnina_own,all_determinate,930,377,0,6362,6362,4172.0,0.6448475658027665,0.6557686262181703,7016,1138,908,378,0.23850396832341822,0.23752888486238902,0.7626907924955791,0.8267964905612424
SPD,assay_envelope,0.125,availability__raw_gnina_own,both_exact,930,252,0,1976,1976,1245.0,0.6197370530703864,0.6300607287449392,,,,,,,,
SPD,assay_envelope,0.125,availability__raw_gnina_own,one_bounded,930,341,0,4165,4165,2808.0,0.6651634963866306,0.6741896758703482,,,,,,,,
SPD,assay_envelope,0.125,availability__raw_gnina_own,both_bounded,930,30,0,221,221,119.0,0.6063057313057313,0.5384615384615384,,,,,,,,
SPD,assay_envelope,0.125,plus__raw_gnina_own,all_determinate,930,377,0,6362,6362,4239.0,0.6588509084354305,0.6662999056900346,7016,1138,908,378,0.22832237724262341,0.22642681905499218,0.7448603101204069,0.7942226343853843
SPD,assay_envelope,0.125,plus__raw_gnina_own,both_exact,930,252,0,1976,1976,1224.0,0.6075299480061386,0.6194331983805668,,,,,,,,
SPD,assay_envelope,0.125,plus__raw_gnina_own,one_bounded,930,341,0,4165,4165,2881.0,0.6777068976004125,0.6917166866746699,,,,,,,,
SPD,assay_envelope,0.125,plus__raw_gnina_own,both_bounded,930,30,0,221,221,134.0,0.6623763273763273,0.6063348416289592,,,,,,,,
SPD,assay_envelope,0.125,mean__raw_gnina_own,all_determinate,930,377,0,6362,6362,4141.0,0.6352397057602222,0.6508959446714869,7016,1138,908,378,0.22588302211524472,0.22549435365815865,0.7617210206961458,0.8150835997706838
SPD,assay_envelope,0.125,mean__raw_gnina_own,both_exact,930,252,0,1976,1976,1239.0,0.6167170571932478,0.6270242914979757,,,,,,,,
SPD,assay_envelope,0.125,mean__raw_gnina_own,one_bounded,930,341,0,4165,4165,2783.0,0.6521621965602006,0.668187274909964,,,,,,,,
SPD,assay_envelope,0.125,mean__raw_gnina_own,both_bounded,930,30,0,221,221,119.0,0.5965723165723166,0.5384615384615384,,,,,,,,
SPD,assay_envelope,0.125,mean_relative__raw_gnina_own,all_determinate,930,377,0,6362,6362,4217.0,0.6495107303375766,0.6628418736246463,7016,1138,908,378,0.22400780846838372,0.22377405734213388,0.7581819724216012,0.8083641274310329
SPD,assay_envelope,0.125,mean_relative__raw_gnina_own,both_exact,930,252,0,1976,1976,1227.0,0.6010169724455439,0.6209514170040485,,,,,,,,
SPD,assay_envelope,0.125,mean_relative__raw_gnina_own,one_bounded,930,341,0,4165,4165,2851.0,0.6661359414982561,0.6845138055222089,,,,,,,,
SPD,assay_envelope,0.125,mean_relative__raw_gnina_own,both_bounded,930,30,0,221,221,139.0,0.6681046731046731,0.6289592760180995,,,,,,,,
SPD,assay_envelope,0.125,availability__vina,all_determinate,930,377,0,6362,6362,4172.0,0.6448475658027665,0.6557686262181703,7016,1138,908,378,0.2385007976096805,0.23752622609899476,0.7626967396445978,0.8268033432578483
SPD,assay_envelope,0.125,availability__vina,both_exact,930,252,0,1976,1976,1245.0,0.6197370530703864,0.6300607287449392,,,,,,,,
SPD,assay_envelope,0.125,availability__vina,one_bounded,930,341,0,4165,4165,2808.0,0.6651634963866306,0.6741896758703482,,,,,,,,
SPD,assay_envelope,0.125,availability__vina,both_bounded,930,30,0,221,221,119.0,0.6063057313057313,0.5384615384615384,,,,,,,,
SPD,assay_envelope,0.125,plus__vina,all_determinate,930,377,0,6362,6362,4165.0,0.6368530535977222,0.6546683432882742,7016,1138,908,378,0.22864537999098422,0.2300521539395396,0.7642915591173091,0.8222504621856034
SPD,assay_envelope,0.125,plus__vina,both_exact,930,252,0,1976,1976,1234.0,0.6150758339250403,0.6244939271255061,,,,,,,,
SPD,assay_envelope,0.125,plus__vina,one_bounded,930,341,0,4165,4165,2809.0,0.659962345108649,0.6744297719087635,,,,,,,,
SPD,assay_envelope,0.125,plus__vina,both_bounded,930,30,0,221,221,122.0,0.6094038369038369,0.5520361990950227,,,,,,,,
SPD,assay_envelope,0.125,mean__vina,all_determinate,930,377,0,6362,6362,4136.0,0.64169119390785,0.6501100282929896,7016,1138,908,378,0.23815998608274241,0.2392179739078665,0.7946245588253465,0.8512885633399107
SPD,assay_envelope,0.125,mean__vina,both_exact,930,252,0,1976,1976,1211.0,0.5942101475831635,0.6128542510121457,,,,,,,,
SPD,assay_envelope,0.125,mean__vina,one_bounded,930,341,0,4165,4165,2809.0,0.664933694251803,0.6744297719087635,,,,,,,,
SPD,assay_envelope,0.125,mean__vina,both_bounded,930,30,0,221,221,116.0,0.5923535723535723,0.5248868778280543,,,,,,,,
SPD,assay_envelope,0.125,mean_relative__vina,all_determinate,930,377,0,6362,6362,4156.0,0.6441419079401841,0.653253693806979,7016,1138,908,378,0.24198951265367974,0.24286094510353168,0.7775193297261305,0.8474738263190994
SPD,assay_envelope,0.125,mean_relative__vina,both_exact,930,252,0,1976,1976,1232.0,0.6172310787390153,0.6234817813765182,,,,,,,,
SPD,assay_envelope,0.125,mean_relative__vina,one_bounded,930,341,0,4165,4165,2798.0,0.6639294653803234,0.6717887154861945,,,,,,,,
SPD,assay_envelope,0.125,mean_relative__vina,both_bounded,930,30,0,221,221,126.0,0.6378256928256929,0.5701357466063348,,,,,,,,
SPD,assay_envelope,0.125,native__boltz_affinity,all_determinate,930,377,0,6362,6362,3811.0,0.5657790968737226,0.5990254636906633,,,,,,,,
SPD,assay_envelope,0.125,native__boltz_affinity,both_exact,930,252,0,1976,1976,1201.0,0.5909877306702703,0.6077935222672065,,,,,,,,
SPD,assay_envelope,0.125,native__boltz_affinity,one_bounded,930,341,0,4165,4165,2481.0,0.561792076614662,0.5956782713085234,,,,,,,,
SPD,assay_envelope,0.125,native__boltz_affinity,both_bounded,930,30,0,221,221,129.0,0.5785669885669886,0.583710407239819,,,,,,,,
SPD,assay_envelope,0.125,native__boltz_binary,all_determinate,930,377,0,6362,6362,4382.0,0.6687217269754823,0.6887771141150582,,,,,,,,
SPD,assay_envelope,0.125,native__boltz_binary,both_exact,930,252,0,1976,1976,1304.0,0.611235369568703,0.659919028340081,,,,,,,,
SPD,assay_envelope,0.125,native__boltz_binary,one_bounded,930,341,0,4165,4165,2930.0,0.6791693533149108,0.7034813925570228,,,,,,,,
SPD,assay_envelope,0.125,native__boltz_binary,both_bounded,930,30,0,221,221,148.0,0.6921355496355498,0.669683257918552,,,,,,,,
SPD,assay_envelope,0.125,native__boltzina_vina_far_affinity,all_determinate,930,377,0,6362,6362,3762.0,0.5679041420989718,0.5913234831813895,,,,,,,,
SPD,assay_envelope,0.125,native__boltzina_vina_far_affinity,both_exact,930,252,0,1976,1976,1193.0,0.5729262580453057,0.603744939271255,,,,,,,,
SPD,assay_envelope,0.125,native__boltzina_vina_far_affinity,one_bounded,930,341,0,4165,4165,2444.0,0.5699969496392506,0.5867947178871549,,,,,,,,
SPD,assay_envelope,0.125,native__boltzina_vina_far_affinity,both_bounded,930,30,0,221,221,125.0,0.5510397010397009,0.5656108597285068,,,,,,,,
SPD,assay_envelope,0.125,native__boltzina_vina_far_binary,all_determinate,930,377,0,6362,6362,4440.0,0.6768577604394237,0.6978937441056272,,,,,,,,
SPD,assay_envelope,0.125,native__boltzina_vina_far_binary,both_exact,930,252,0,1976,1976,1331.0,0.6294187147361751,0.673582995951417,,,,,,,,
SPD,assay_envelope,0.125,native__boltzina_vina_far_binary,one_bounded,930,341,0,4165,4165,2955.0,0.6897882314826562,0.709483793517407,,,,,,,,
SPD,assay_envelope,0.125,native__boltzina_vina_far_binary,both_bounded,930,30,0,221,221,154.0,0.6863795463795465,0.6968325791855203,,,,,,,,
SPD,assay_envelope,0.125,native__boltzina_vina_zero_affinity,all_determinate,930,377,0,6362,6362,3762.0,0.5679041420989718,0.5913234831813895,,,,,,,,
SPD,assay_envelope,0.125,native__boltzina_vina_zero_affinity,both_exact,930,252,0,1976,1976,1193.0,0.5729262580453057,0.603744939271255,,,,,,,,
SPD,assay_envelope,0.125,native__boltzina_vina_zero_affinity,one_bounded,930,341,0,4165,4165,2444.0,0.5699969496392506,0.5867947178871549,,,,,,,,
SPD,assay_envelope,0.125,native__boltzina_vina_zero_affinity,both_bounded,930,30,0,221,221,125.0,0.5510397010397009,0.5656108597285068,,,,,,,,
SPD,assay_envelope,0.125,native__boltzina_vina_zero_binary,all_determinate,930,377,0,6362,6362,4440.0,0.6768577604394237,0.6978937441056272,,,,,,,,
SPD,assay_envelope,0.125,native__boltzina_vina_zero_binary,both_exact,930,252,0,1976,1976,1331.0,0.6294187147361751,0.673582995951417,,,,,,,,
SPD,assay_envelope,0.125,native__boltzina_vina_zero_binary,one_bounded,930,341,0,4165,4165,2955.0,0.6897882314826562,0.709483793517407,,,,,,,,
SPD,assay_envelope,0.125,native__boltzina_vina_zero_binary,both_bounded,930,30,0,221,221,154.0,0.6863795463795465,0.6968325791855203,,,,,,,,
SPD,assay_envelope,0.125,native__gnina,all_determinate,930,377,0,6362,6362,3850.0,0.6171693297360323,0.6051556114429425,,,,,,,,
SPD,assay_envelope,0.125,native__gnina,both_exact,930,252,0,1976,1976,1156.0,0.5852580033135589,0.5850202429149798,,,,,,,,
SPD,assay_envelope,0.125,native__gnina,one_bounded,930,341,0,4165,4165,2562.0,0.6193636154074491,0.6151260504201681,,,,,,,,
SPD,assay_envelope,0.125,native__gnina,both_bounded,930,30,0,221,221,132.0,0.6253950678950679,0.5972850678733032,,,,,,,,
SPD,assay_envelope,0.125,native__nesso_affinity,all_determinate,930,377,0,6362,6362,3719.0,0.5553065569079979,0.5845646023263125,,,,,,,,
SPD,assay_envelope,0.125,native__nesso_affinity,both_exact,930,252,0,1976,1976,1120.0,0.5430473480076655,0.5668016194331984,,,,,,,,
SPD,assay_envelope,0.125,native__nesso_affinity,one_bounded,930,341,0,4165,4165,2493.0,0.5717197654340219,0.5985594237695078,,,,,,,,
SPD,assay_envelope,0.125,native__nesso_affinity,both_bounded,930,30,0,221,221,106.0,0.5002080327080327,0.4796380090497738,,,,,,,,
SPD,assay_envelope,0.125,native__nesso_binary,all_determinate,930,377,0,6362,6362,4106.0,0.6241108114447099,0.6453945300220056,,,,,,,,
SPD,assay_envelope,0.125,native__nesso_binary,both_exact,930,252,0,1976,1976,1195.0,0.5981290608274734,0.604757085020243,,,,,,,,
SPD,assay_envelope,0.125,native__nesso_binary,one_bounded,930,341,0,4165,4165,2772.0,0.6485275481897146,0.6655462184873949,,,,,,,,
SPD,assay_envelope,0.125,native__nesso_binary,both_bounded,930,30,0,221,221,139.0,0.6675372775372775,0.6289592760180995,,,,,,,,
SPD,assay_envelope,0.125,native__raw_ad4,all_determinate,930,377,0,6362,6362,3523.0,0.5446264237695985,0.5537566802892172,,,,,,,,
SPD,assay_envelope,0.125,native__raw_ad4,both_exact,930,252,0,1976,1976,1054.5,0.5171640822434473,0.5336538461538461,,,,,,,,
SPD,assay_envelope,0.125,native__raw_ad4,one_bounded,930,341,0,4165,4165,2324.5,0.557069880410956,0.5581032412965186,,,,,,,,
SPD,assay_envelope,0.125,native__raw_ad4,both_bounded,930,30,0,221,221,144.0,0.7042196692196693,0.6515837104072398,,,,,,,,
SPD,assay_envelope,0.125,native__raw_gnina_own,all_determinate,930,377,0,6362,6362,3828.0,0.631072966096694,0.6016975793775542,,,,,,,,
SPD,assay_envelope,0.125,native__raw_gnina_own,both_exact,930,252,0,1976,1976,1164.0,0.6043293860754178,0.5890688259109311,,,,,,,,
SPD,assay_envelope,0.125,native__raw_gnina_own,one_bounded,930,341,0,4165,4165,2553.0,0.6357324856486293,0.6129651860744297,,,,,,,,
SPD,assay_envelope,0.125,native__raw_gnina_own,both_bounded,930,30,0,221,221,111.0,0.4795088245088245,0.502262443438914,,,,,,,,
SPD,assay_envelope,0.125,native__vina,all_determinate,930,377,0,6362,6362,3807.5,0.5814841965842665,0.5984753222257152,,,,,,,,
SPD,assay_envelope,0.125,native__vina,both_exact,930,252,0,1976,1976,1044.0,0.5085217729066935,0.52834008097166,,,,,,,,
SPD,assay_envelope,0.125,native__vina,one_bounded,930,341,0,4165,4165,2599.0,0.608529829001379,0.6240096038415366,,,,,,,,
SPD,assay_envelope,0.125,native__vina,both_bounded,930,30,0,221,221,164.5,0.7757657157657157,0.744343891402715,,,,,,,,
SPD,assay_envelope,0.25,target_prior,all_determinate,930,377,0,6362,6362,4009.0,0.5988151174497908,0.6301477522791575,7016,1138,908,378,0.2725468461170297,0.26848798585016775,0.8232208362501656,0.912668568355038
SPD,assay_envelope,0.25,target_prior,both_exact,930,252,0,1976,1976,1205.0,0.5994028531726944,0.6098178137651822,,,,,,,,
SPD,assay_envelope,0.25,target_prior,one_bounded,930,341,0,4165,4165,2696.0,0.6108721479036314,0.6472989195678271,,,,,,,,
SPD,assay_envelope,0.25,target_prior,both_bounded,930,30,0,221,221,108.0,0.5777896177896177,0.48868778280542985,,,,,,,,
SPD,assay_envelope,0.25,chemistry,all_determinate,930,377,0,6362,6362,4294.0,0.6620169598315174,0.6749449858535052,7016,1138,908,378,0.22570544713887225,0.22676168642745315,0.7303189920969047,0.7897913464175332
SPD,assay_envelope,0.25,chemistry,both_exact,930,252,0,1976,1976,1252.0,0.6165299060140329,0.6336032388663968,,,,,,,,
SPD,assay_envelope,0.25,chemistry,one_bounded,930,341,0,4165,4165,2923.0,0.6846775100737134,0.7018007202881152,,,,,,,,
SPD,assay_envelope,0.25,chemistry,both_bounded,930,30,0,221,221,119.0,0.6305429755429756,0.5384615384615384,,,,,,,,
SPD,assay_envelope,0.25,availability__boltz_affinity,all_determinate,930,377,0,6362,6362,4294.0,0.6620169598315174,0.6749449858535052,7016,1138,908,378,0.22570544713885737,0.22676168642743894,0.7303189920969282,0.7897913464175635
SPD,assay_envelope,0.25,availability__boltz_affinity,both_exact,930,252,0,1976,1976,1252.0,0.6165299060140329,0.6336032388663968,,,,,,,,
SPD,assay_envelope,0.25,availability__boltz_affinity,one_bounded,930,341,0,4165,4165,2923.0,0.6846775100737134,0.7018007202881152,,,,,,,,
SPD,assay_envelope,0.25,availability__boltz_affinity,both_bounded,930,30,0,221,221,119.0,0.6305429755429756,0.5384615384615384,,,,,,,,
SPD,assay_envelope,0.25,plus__boltz_affinity,all_determinate,930,377,0,6362,6362,4439.0,0.6727526088860032,0.6977365608299277,7016,1138,908,378,0.20624985256315045,0.20483153587464228,0.7310788093082503,0.7498708862933308
SPD,assay_envelope,0.25,plus__boltz_affinity,both_exact,930,252,0,1976,1976,1344.0,0.6468816089847835,0.680161943319838,,,,,,,,
SPD,assay_envelope,0.25,plus__boltz_affinity,one_bounded,930,341,0,4165,4165,2946.0,0.6799529940664982,0.7073229291716686,,,,,,,,
SPD,assay_envelope,0.25,plus__boltz_affinity,both_bounded,930,30,0,221,221,149.0,0.7188298738298738,0.6742081447963801,,,,,,,,
SPD,assay_envelope,0.25,mean__boltz_affinity,all_determinate,930,377,0,6362,6362,4123.0,0.6287873956000505,0.6480666457088966,7016,1138,908,378,0.21666642325773547,0.2170271833094419,0.7531271447821659,0.7875798706070584
SPD,assay_envelope,0.25,mean__boltz_affinity,both_exact,930,252,0,1976,1976,1243.0,0.6112496850592088,0.6290485829959515,,,,,,,,
SPD,assay_envelope,0.25,mean__boltz_affinity,one_bounded,930,341,0,4165,4165,2756.0,0.6451494925758313,0.6617046818727491,,,,,,,,
SPD,assay_envelope,0.25,mean__boltz_affinity,both_bounded,930,30,0,221,221,124.0,0.6430806230806231,0.5610859728506787,,,,,,,,
SPD,assay_envelope,0.25,mean_relative__boltz_affinity,all_determinate,930,377,0,6362,6362,4434.0,0.6670073342416408,0.6969506444514304,7016,1138,908,378,0.19913323677939976,0.19867166087463786,0.7383240897614892,0.7337771553936577
SPD,assay_envelope,0.25,mean_relative__boltz_affinity,both_exact,930,252,0,1976,1976,1314.0,0.659113909312322,0.6649797570850202,,,,,,,,
SPD,assay_envelope,0.25,mean_relative__boltz_affinity,one_bounded,930,341,0,4165,4165,2952.0,0.6707307203462755,0.7087635054021608,,,,,,,,
SPD,assay_envelope,0.25,mean_relative__boltz_affinity,both_bounded,930,30,0,221,221,168.0,0.8074580974580975,0.7601809954751131,,,,,,,,
SPD,assay_envelope,0.25,availability__boltz_binary,all_determinate,930,377,0,6362,6362,4294.0,0.6620169598315174,0.6749449858535052,7016,1138,908,378,0.22570544713885737,0.22676168642743894,0.7303189920969282,0.7897913464175635
SPD,assay_envelope,0.25,availability__boltz_binary,both_exact,930,252,0,1976,1976,1252.0,0.6165299060140329,0.6336032388663968,,,,,,,,
SPD,assay_envelope,0.25,availability__boltz_binary,one_bounded,930,341,0,4165,4165,2923.0,0.6846775100737134,0.7018007202881152,,,,,,,,
SPD,assay_envelope,0.25,availability__boltz_binary,both_bounded,930,30,0,221,221,119.0,0.6305429755429756,0.5384615384615384,,,,,,,,
SPD,assay_envelope,0.25,plus__boltz_binary,all_determinate,930,377,0,6362,6362,4417.0,0.6848580377238692,0.6942785287645394,7016,1138,908,378,0.20203539591992745,0.20076782245270355,0.681572995000722,0.7171987781526672
SPD,assay_envelope,0.25,plus__boltz_binary,both_exact,930,252,0,1976,1976,1281.0,0.6028465875688098,0.6482793522267206,,,,,,,,
SPD,assay_envelope,0.25,plus__boltz_binary,one_bounded,930,341,0,4165,4165,2980.0,0.7039578271834401,0.7154861944777912,,,,,,,,
SPD,assay_envelope,0.25,plus__boltz_binary,both_bounded,930,30,0,221,221,156.0,0.734989824989825,0.7058823529411765,,,,,,,,
SPD,assay_envelope,0.25,mean__boltz_binary,all_determinate,930,377,0,6362,6362,4225.0,0.653031703984368,0.664099339830242,7016,1138,908,378,0.20459364588549872,0.20332908945653985,0.6933912622657411,0.7137747864692542
SPD,assay_envelope,0.25,mean__boltz_binary,both_exact,930,252,0,1976,1976,1217.0,0.5892149003260114,0.6158906882591093,,,,,,,,
SPD,assay_envelope,0.25,mean__boltz_binary,one_bounded,930,341,0,4165,4165,2875.0,0.6756823045786129,0.6902761104441777,,,,,,,,
SPD,assay_envelope,0.25,mean__boltz_binary,both_bounded,930,30,0,221,221,133.0,0.6433014208014208,0.6018099547511312,,,,,,,,
SPD,assay_envelope,0.25,mean_relative__boltz_binary,all_determinate,930,377,0,6362,6362,4431.0,0.6906575411750656,0.696479094624332,7016,1138,908,378,0.20056341042257705,0.19889229135996095,0.680911603491198,0.7137792897550511
SPD,assay_envelope,0.25,mean_relative__boltz_binary,both_exact,930,252,0,1976,1976,1267.0,0.6214474678760392,0.6411943319838057,,,,,,,,
SPD,assay_envelope,0.25,mean_relative__boltz_binary,one_bounded,930,341,0,4165,4165,3002.0,0.7081625629223613,0.7207683073229292,,,,,,,,
SPD,assay_envelope,0.25,mean_relative__boltz_binary,both_bounded,930,30,0,221,221,162.0,0.7565545565545566,0.7330316742081447,,,,,,,,
SPD,assay_envelope,0.25,availability__boltzina_vina_far_affinity,all_determinate,930,377,0,6362,6362,4298.0,0.6618964157503321,0.675573718956303,7016,1138,908,378,0.2256583478233946,0.22670827642887698,0.7305612712544679,0.7898913375353
SPD,assay_envelope,0.25,availability__boltzina_vina_far_affinity,both_exact,930,252,0,1976,1976,1254.0,0.6172889133206593,0.6346153846153846,,,,,,,,
SPD,assay_envelope,0.25,availability__boltzina_vina_far_affinity,one_bounded,930,341,0,4165,4165,2926.0,0.6845703957803821,0.7025210084033613,,,,,,,,
SPD,assay_envelope,0.25,availability__boltzina_vina_far_affinity,both_bounded,930,30,0,221,221,118.0,0.6281620231620232,0.5339366515837104,,,,,,,,
SPD,assay_envelope,0.25,plus__boltzina_vina_far_affinity,all_determinate,930,377,0,6362,6362,4369.0,0.668507510458142,0.6867337315309651,7016,1138,908,378,0.20656796759059085,0.20646500242181132,0.7377425982736441,0.7588325253286528
SPD,assay_envelope,0.25,plus__boltzina_vina_far_affinity,both_exact,930,252,0,1976,1976,1330.0,0.6450097154462233,0.6730769230769231,,,,,,,,
SPD,assay_envelope,0.25,plus__boltzina_vina_far_affinity,one_bounded,930,341,0,4165,4165,2887.0,0.6736258680634313,0.6931572629051621,,,,,,,,
SPD,assay_envelope,0.25,plus__boltzina_vina_far_affinity,both_bounded,930,30,0,221,221,152.0,0.7391452991452993,0.6877828054298643,,,,,,,,
SPD,assay_envelope,0.25,mean__boltzina_vina_far_affinity,all_determinate,930,377,0,6362,6362,4123.0,0.6267392786111016,0.6480666457088966,7016,1138,908,378,0.21643531193973278,0.21670219673855975,0.755056913805736,0.7904721825022388
SPD,assay_envelope,0.25,mean__boltzina_vina_far_affinity,both_exact,930,252,0,1976,1976,1240.0,0.6106512975560595,0.6275303643724697,,,,,,,,
SPD,assay_envelope,0.25,mean__boltzina_vina_far_affinity,one_bounded,930,341,0,4165,4165,2755.0,0.6400989041364211,0.6614645858343338,,,,,,,,
SPD,assay_envelope,0.25,mean__boltzina_vina_far_affinity,both_bounded,930,30,0,221,221,128.0,0.6648266548266548,0.579185520361991,,,,,,,,
SPD,assay_envelope,0.25,mean_relative__boltzina_vina_far_affinity,all_determinate,930,377,0,6362,6362,4455.0,0.6701303881229392,0.7002514932411191,7016,1138,908,378,0.1968147539147663,0.19690247790874962,0.7251614009143027,0.7249429360395578
SPD,assay_envelope,0.25,mean_relative__boltzina_vina_far_affinity,both_exact,930,252,0,1976,1976,1324.0,0.6418317719905021,0.6700404858299596,,,,,,,,
SPD,assay_envelope,0.25,mean_relative__boltzina_vina_far_affinity,one_bounded,930,341,0,4165,4165,2969.0,0.6799999659190104,0.7128451380552221,,,,,,,,
SPD,assay_envelope,0.25,mean_relative__boltzina_vina_far_affinity,both_bounded,930,30,0,221,221,162.0,0.7792346542346543,0.7330316742081447,,,,,,,,
SPD,assay_envelope,0.25,availability__boltzina_vina_far_binary,all_determinate,930,377,0,6362,6362,4298.0,0.6618964157503321,0.675573718956303,7016,1138,908,378,0.2256583478233946,0.22670827642887698,0.7305612712544679,0.7898913375353
SPD,assay_envelope,0.25,availability__boltzina_vina_far_binary,both_exact,930,252,0,1976,1976,1254.0,0.6172889133206593,0.6346153846153846,,,,,,,,
SPD,assay_envelope,0.25,availability__boltzina_vina_far_binary,one_bounded,930,341,0,4165,4165,2926.0,0.6845703957803821,0.7025210084033613,,,,,,,,
SPD,assay_envelope,0.25,availability__boltzina_vina_far_binary,both_bounded,930,30,0,221,221,118.0,0.6281620231620232,0.5339366515837104,,,,,,,,
SPD,assay_envelope,0.25,plus__boltzina_vina_far_binary,all_determinate,930,377,0,6362,6362,4436.0,0.6743953937976976,0.6972650110028293,7016,1138,908,378,0.19963132051191024,0.1984954471272041,0.6817219559883676,0.7084247719138207
SPD,assay_envelope,0.25,plus__boltzina_vina_far_binary,both_exact,930,252,0,1976,1976,1294.0,0.6101130351130352,0.6548582995951417,,,,,,,,
SPD,assay_envelope,0.25,plus__boltzina_vina_far_binary,one_bounded,930,341,0,4165,4165,2976.0,0.6925991533987621,0.7145258103241297,,,,,,,,
SPD,assay_envelope,0.25,plus__boltzina_vina_far_binary,both_bounded,930,30,0,221,221,166.0,0.7606980056980057,0.751131221719457,,,,,,,,
SPD,assay_envelope,0.25,mean__boltzina_vina_far_binary,all_determinate,930,377,0,6362,6362,4275.0,0.6622861516499601,0.6719585036152154,7016,1138,908,378,0.20180881234690032,0.20139526366847427,0.6937997662062648,0.7123437793782604
SPD,assay_envelope,0.25,mean__boltzina_vina_far_binary,both_exact,930,252,0,1976,1976,1230.0,0.5973655680004887,0.6224696356275303,,,,,,,,
SPD,assay_envelope,0.25,mean__boltzina_vina_far_binary,one_bounded,930,341,0,4165,4165,2910.0,0.6861717837613818,0.6986794717887155,,,,,,,,
SPD,assay_envelope,0.25,mean__boltzina_vina_far_binary,both_bounded,930,30,0,221,221,135.0,0.6549416324416324,0.6108597285067874,,,,,,,,
SPD,assay_envelope,0.25,mean_relative__boltzina_vina_far_binary,all_determinate,930,377,0,6362,6362,4394.0,0.6786985280360761,0.6906633134234518,7016,1138,908,378,0.20189868069721348,0.20032174962671526,0.6834272496244619,0.7217538167414841
SPD,assay_envelope,0.25,mean_relative__boltzina_vina_far_binary,both_exact,930,252,0,1976,1976,1247.0,0.6129291784053688,0.6310728744939271,,,,,,,,
SPD,assay_envelope,0.25,mean_relative__boltzina_vina_far_binary,one_bounded,930,341,0,4165,4165,2991.0,0.6977523123218136,0.7181272509003601,,,,,,,,
SPD,assay_envelope,0.25,mean_relative__boltzina_vina_far_binary,both_bounded,930,30,0,221,221,156.0,0.7391471491471491,0.7058823529411765,,,,,,,,
SPD,assay_envelope,0.25,availability__boltzina_vina_zero_affinity,all_determinate,930,377,0,6362,6362,4298.0,0.6618964157503321,0.675573718956303,7016,1138,908,378,0.2256583478233946,0.22670827642887698,0.7305612712544679,0.7898913375353
SPD,assay_envelope,0.25,availability__boltzina_vina_zero_affinity,both_exact,930,252,0,1976,1976,1254.0,0.6172889133206593,0.6346153846153846,,,,,,,,
SPD,assay_envelope,0.25,availability__boltzina_vina_zero_affinity,one_bounded,930,341,0,4165,4165,2926.0,0.6845703957803821,0.7025210084033613,,,,,,,,
SPD,assay_envelope,0.25,availability__boltzina_vina_zero_affinity,both_bounded,930,30,0,221,221,118.0,0.6281620231620232,0.5339366515837104,,,,,,,,
SPD,assay_envelope,0.25,plus__boltzina_vina_zero_affinity,all_determinate,930,377,0,6362,6362,4369.0,0.668507510458142,0.6867337315309651,7016,1138,908,378,0.20656857256167102,0.20646531908342788,0.7377396027401125,0.7588314002460951
SPD,assay_envelope,0.25,plus__boltzina_vina_zero_affinity,both_exact,930,252,0,1976,1976,1330.0,0.6450097154462233,0.6730769230769231,,,,,,,,
SPD,assay_envelope,0.25,plus__boltzina_vina_zero_affinity,one_bounded,930,341,0,4165,4165,2887.0,0.6736258680634313,0.6931572629051621,,,,,,,,
SPD,assay_envelope,0.25,plus__boltzina_vina_zero_affinity,both_bounded,930,30,0,221,221,152.0,0.7391452991452993,0.6877828054298643,,,,,,,,
SPD,assay_envelope,0.25,mean__boltzina_vina_zero_affinity,all_determinate,930,377,0,6362,6362,4123.0,0.6267392786111016,0.6480666457088966,7016,1138,908,378,0.21643551923452084,0.21670224539222008,0.7550551489451485,0.7904706193613117
SPD,assay_envelope,0.25,mean__boltzina_vina_zero_affinity,both_exact,930,252,0,1976,1976,1240.0,0.6106512975560595,0.6275303643724697,,,,,,,,
SPD,assay_envelope,0.25,mean__boltzina_vina_zero_affinity,one_bounded,930,341,0,4165,4165,2755.0,0.6400989041364211,0.6614645858343338,,,,,,,,
SPD,assay_envelope,0.25,mean__boltzina_vina_zero_affinity,both_bounded,930,30,0,221,221,128.0,0.6648266548266548,0.579185520361991,,,,,,,,
SPD,assay_envelope,0.25,mean_relative__boltzina_vina_zero_affinity,all_determinate,930,377,0,6362,6362,4456.0,0.6702409097851849,0.7004086765168186,7016,1138,908,378,0.19681400122096906,0.19690114100771863,0.7251519854834654,0.724937073971449
SPD,assay_envelope,0.25,mean_relative__boltzina_vina_zero_affinity,both_exact,930,252,0,1976,1976,1324.0,0.6418317719905021,0.6700404858299596,,,,,,,,
SPD,assay_envelope,0.25,mean_relative__boltzina_vina_zero_affinity,one_bounded,930,341,0,4165,4165,2970.0,0.6801396112199459,0.7130852340936374,,,,,,,,
SPD,assay_envelope,0.25,mean_relative__boltzina_vina_zero_affinity,both_bounded,930,30,0,221,221,162.0,0.7792346542346543,0.7330316742081447,,,,,,,,
SPD,assay_envelope,0.25,availability__boltzina_vina_zero_binary,all_determinate,930,377,0,6362,6362,4298.0,0.6618964157503321,0.675573718956303,7016,1138,908,378,0.2256583478233946,0.22670827642887698,0.7305612712544679,0.7898913375353
SPD,assay_envelope,0.25,availability__boltzina_vina_zero_binary,both_exact,930,252,0,1976,1976,1254.0,0.6172889133206593,0.6346153846153846,,,,,,,,
SPD,assay_envelope,0.25,availability__boltzina_vina_zero_binary,one_bounded,930,341,0,4165,4165,2926.0,0.6845703957803821,0.7025210084033613,,,,,,,,
SPD,assay_envelope,0.25,availability__boltzina_vina_zero_binary,both_bounded,930,30,0,221,221,118.0,0.6281620231620232,0.5339366515837104,,,,,,,,
SPD,assay_envelope,0.25,plus__boltzina_vina_zero_binary,all_determinate,930,377,0,6362,6362,4436.0,0.6743953937976976,0.6972650110028293,7016,1138,908,378,0.19963103464508908,0.19849516108466686,0.6817229155477883,0.7084245962107679
SPD,assay_envelope,0.25,plus__boltzina_vina_zero_binary,both_exact,930,252,0,1976,1976,1294.0,0.6101130351130352,0.6548582995951417,,,,,,,,
SPD,assay_envelope,0.25,plus__boltzina_vina_zero_binary,one_bounded,930,341,0,4165,4165,2976.0,0.6925991533987621,0.7145258103241297,,,,,,,,
SPD,assay_envelope,0.25,plus__boltzina_vina_zero_binary,both_bounded,930,30,0,221,221,166.0,0.7606980056980057,0.751131221719457,,,,,,,,
SPD,assay_envelope,0.25,mean__boltzina_vina_zero_binary,all_determinate,930,377,0,6362,6362,4275.0,0.6622861516499601,0.6719585036152154,7016,1138,908,378,0.2018082753714169,0.20139464223483433,0.6938003400517389,0.7123436231444595
SPD,assay_envelope,0.25,mean__boltzina_vina_zero_binary,both_exact,930,252,0,1976,1976,1230.0,0.5973655680004887,0.6224696356275303,,,,,,,,
SPD,assay_envelope,0.25,mean__boltzina_vina_zero_binary,one_bounded,930,341,0,4165,4165,2910.0,0.6861717837613818,0.6986794717887155,,,,,,,,
SPD,assay_envelope,0.25,mean__boltzina_vina_zero_binary,both_bounded,930,30,0,221,221,135.0,0.6549416324416324,0.6108597285067874,,,,,,,,
SPD,assay_envelope,0.25,mean_relative__boltzina_vina_zero_binary,all_determinate,930,377,0,6362,6362,4394.0,0.6786985280360761,0.6906633134234518,7016,1138,908,378,0.20189830611430426,0.20032174213794943,0.6834320098563289,0.7217612095137796
SPD,assay_envelope,0.25,mean_relative__boltzina_vina_zero_binary,both_exact,930,252,0,1976,1976,1247.0,0.6129291784053688,0.6310728744939271,,,,,,,,
SPD,assay_envelope,0.25,mean_relative__boltzina_vina_zero_binary,one_bounded,930,341,0,4165,4165,2991.0,0.6977523123218136,0.7181272509003601,,,,,,,,
SPD,assay_envelope,0.25,mean_relative__boltzina_vina_zero_binary,both_bounded,930,30,0,221,221,156.0,0.7391471491471491,0.7058823529411765,,,,,,,,
SPD,assay_envelope,0.25,availability__gnina,all_determinate,930,377,0,6362,6362,4289.0,0.6601380915733388,0.6741590694750078,7016,1138,908,378,0.2254766457421293,0.22654881528400903,0.7311827367349389,0.790637392865499
SPD,assay_envelope,0.25,availability__gnina,both_exact,930,252,0,1976,1976,1252.0,0.6164070791054918,0.6336032388663968,,,,,,,,
SPD,assay_envelope,0.25,availability__gnina,one_bounded,930,341,0,4165,4165,2917.0,0.6823559069456586,0.700360144057623,,,,,,,,
SPD,assay_envelope,0.25,availability__gnina,both_bounded,930,30,0,221,221,120.0,0.6372096422096422,0.5429864253393665,,,,,,,,
SPD,assay_envelope,0.25,plus__gnina,all_determinate,930,377,0,6362,6362,4335.0,0.667237963862565,0.6813895001571832,7016,1138,908,378,0.21632854251455574,0.21652814300539272,0.7224961492911987,0.7740596859827856
SPD,assay_envelope,0.25,plus__gnina,both_exact,930,252,0,1976,1976,1281.0,0.6071022011498203,0.6482793522267206,,,,,,,,
SPD,assay_envelope,0.25,plus__gnina,one_bounded,930,341,0,4165,4165,2921.0,0.6842409197323116,0.7013205282112845,,,,,,,,
SPD,assay_envelope,0.25,plus__gnina,both_bounded,930,30,0,221,221,133.0,0.6825130425130426,0.6018099547511312,,,,,,,,
SPD,assay_envelope,0.25,mean__gnina,all_determinate,930,377,0,6362,6362,4205.0,0.6451499636644201,0.6609556743162528,7016,1138,908,378,0.22557522184079348,0.22714657137099648,0.7411708416700401,0.7972756110831072
SPD,assay_envelope,0.25,mean__gnina,both_exact,930,252,0,1976,1976,1238.0,0.6029173060919093,0.6265182186234818,,,,,,,,
SPD,assay_envelope,0.25,mean__gnina,one_bounded,930,341,0,4165,4165,2843.0,0.6627772819739971,0.682593037214886,,,,,,,,
SPD,assay_envelope,0.25,mean__gnina,both_bounded,930,30,0,221,221,124.0,0.6554900654900655,0.5610859728506787,,,,,,,,
SPD,assay_envelope,0.25,mean_relative__gnina,all_determinate,930,377,0,6362,6362,4362.0,0.6711021200909554,0.6856334486010689,7016,1138,908,378,0.21318125488987374,0.21394022634520338,0.7301122468696549,0.7701800361842362
SPD,assay_envelope,0.25,mean_relative__gnina,both_exact,930,252,0,1976,1976,1267.0,0.6021670789527932,0.6411943319838057,,,,,,,,
SPD,assay_envelope,0.25,mean_relative__gnina,one_bounded,930,341,0,4165,4165,2943.0,0.6917166446307486,0.7066026410564226,,,,,,,,
SPD,assay_envelope,0.25,mean_relative__gnina,both_bounded,930,30,0,221,221,152.0,0.6978588078588079,0.6877828054298643,,,,,,,,
SPD,assay_envelope,0.25,availability__nesso_affinity,all_determinate,930,377,0,6362,6362,4289.0,0.6601380915733388,0.6741590694750078,7016,1138,908,378,0.2254766457421293,0.22654881528400903,0.7311827367349389,0.790637392865499
SPD,assay_envelope,0.25,availability__nesso_affinity,both_exact,930,252,0,1976,1976,1252.0,0.6164070791054918,0.6336032388663968,,,,,,,,
SPD,assay_envelope,0.25,availability__nesso_affinity,one_bounded,930,341,0,4165,4165,2917.0,0.6823559069456586,0.700360144057623,,,,,,,,
SPD,assay_envelope,0.25,availability__nesso_affinity,both_bounded,930,30,0,221,221,120.0,0.6372096422096422,0.5429864253393665,,,,,,,,
SPD,assay_envelope,0.25,plus__nesso_affinity,all_determinate,930,377,0,6362,6362,4603.0,0.7040763862205154,0.72351461804464,7016,1138,908,378,0.1955923782672849,0.19539415001224864,0.6865198921708231,0.7106515229965172
SPD,assay_envelope,0.25,plus__nesso_affinity,both_exact,930,252,0,1976,1976,1317.0,0.6095859387526054,0.666497975708502,,,,,,,,
SPD,assay_envelope,0.25,plus__nesso_affinity,one_bounded,930,341,0,4165,4165,3139.0,0.7365467410546397,0.7536614645858344,,,,,,,,
SPD,assay_envelope,0.25,plus__nesso_affinity,both_bounded,930,30,0,221,221,147.0,0.6884286084286084,0.665158371040724,,,,,,,,
SPD,assay_envelope,0.25,mean__nesso_affinity,all_determinate,930,377,0,6362,6362,4146.0,0.6324611922411969,0.6516818610499843,7016,1138,908,378,0.21695098183488457,0.2185400800100896,0.741677666207348,0.7772645615301274
SPD,assay_envelope,0.25,mean__nesso_affinity,both_exact,930,252,0,1976,1976,1201.0,0.5912216457851379,0.6077935222672065,,,,,,,,
SPD,assay_envelope,0.25,mean__nesso_affinity,one_bounded,930,341,0,4165,4165,2802.0,0.6488759838117609,0.672749099639856,,,,,,,,
SPD,assay_envelope,0.25,mean__nesso_affinity,both_bounded,930,30,0,221,221,143.0,0.7063754763754763,0.6470588235294118,,,,,,,,
SPD,assay_envelope,0.25,mean_relative__nesso_affinity,all_determinate,930,377,0,6362,6362,4571.0,0.6979829579534927,0.7184847532222571,7016,1138,908,378,0.19901723583941988,0.19847690944694357,0.6971761681388423,0.7301145676364357
SPD,assay_envelope,0.25,mean_relative__nesso_affinity,both_exact,930,252,0,1976,1976,1324.0,0.6205429197492689,0.6700404858299596,,,,,,,,
SPD,assay_envelope,0.25,mean_relative__nesso_affinity,one_bounded,930,341,0,4165,4165,3098.0,0.721365517934872,0.7438175270108043,,,,,,,,
SPD,assay_envelope,0.25,mean_relative__nesso_affinity,both_bounded,930,30,0,221,221,149.0,0.7307037407037406,0.6742081447963801,,,,,,,,
SPD,assay_envelope,0.25,availability__nesso_binary,all_determinate,930,377,0,6362,6362,4289.0,0.6601380915733388,0.6741590694750078,7016,1138,908,378,0.2254766457421293,0.22654881528400903,0.7311827367349389,0.790637392865499
SPD,assay_envelope,0.25,availability__nesso_binary,both_exact,930,252,0,1976,1976,1252.0,0.6164070791054918,0.6336032388663968,,,,,,,,
SPD,assay_envelope,0.25,availability__nesso_binary,one_bounded,930,341,0,4165,4165,2917.0,0.6823559069456586,0.700360144057623,,,,,,,,
SPD,assay_envelope,0.25,availability__nesso_binary,both_bounded,930,30,0,221,221,120.0,0.6372096422096422,0.5429864253393665,,,,,,,,
SPD,assay_envelope,0.25,plus__nesso_binary,all_determinate,930,377,0,6362,6362,4470.0,0.6919574835852099,0.7026092423766112,7016,1138,908,378,0.19840767820965854,0.19823902782244407,0.6955139117928103,0.7167726605152636
SPD,assay_envelope,0.25,plus__nesso_binary,both_exact,930,252,0,1976,1976,1292.0,0.601532425540362,0.6538461538461539,,,,,,,,
SPD,assay_envelope,0.25,plus__nesso_binary,one_bounded,930,341,0,4165,4165,3012.0,0.7158181365660842,0.7231692677070828,,,,,,,,
SPD,assay_envelope,0.25,plus__nesso_binary,both_bounded,930,30,0,221,221,166.0,0.7748840048840049,0.751131221719457,,,,,,,,
SPD,assay_envelope,0.25,mean__nesso_binary,all_determinate,930,377,0,6362,6362,4253.0,0.6518703256924537,0.6685004715498271,7016,1138,908,378,0.2034008019154211,0.20442157782274437,0.7132092368212744,0.7291802133969154
SPD,assay_envelope,0.25,mean__nesso_binary,both_exact,930,252,0,1976,1976,1226.0,0.5888423158264429,0.6204453441295547,,,,,,,,
SPD,assay_envelope,0.25,mean__nesso_binary,one_bounded,930,341,0,4165,4165,2883.0,0.6730086964382261,0.6921968787515006,,,,,,,,
SPD,assay_envelope,0.25,mean__nesso_binary,both_bounded,930,30,0,221,221,144.0,0.6965045140045141,0.6515837104072398,,,,,,,,
SPD,assay_envelope,0.25,mean_relative__nesso_binary,all_determinate,930,377,0,6362,6362,4466.0,0.6804299409264075,0.7019805092738133,7016,1138,908,378,0.20008098668663066,0.19898806231959723,0.7158127858303166,0.7238505529304348
SPD,assay_envelope,0.25,mean_relative__nesso_binary,both_exact,930,252,0,1976,1976,1276.0,0.5970182742008139,0.645748987854251,,,,,,,,
SPD,assay_envelope,0.25,mean_relative__nesso_binary,one_bounded,930,341,0,4165,4165,3017.0,0.7062433121285566,0.7243697478991596,,,,,,,,
SPD,assay_envelope,0.25,mean_relative__nesso_binary,both_bounded,930,30,0,221,221,173.0,0.8053825803825805,0.7828054298642534,,,,,,,,
SPD,assay_envelope,0.25,availability__raw_ad4,all_determinate,930,377,0,6362,6362,4289.0,0.6601380915733388,0.6741590694750078,7016,1138,908,378,0.2254766457421293,0.22654881528400903,0.7311827367349389,0.790637392865499
SPD,assay_envelope,0.25,availability__raw_ad4,both_exact,930,252,0,1976,1976,1252.0,0.6164070791054918,0.6336032388663968,,,,,,,,
SPD,assay_envelope,0.25,availability__raw_ad4,one_bounded,930,341,0,4165,4165,2917.0,0.6823559069456586,0.700360144057623,,,,,,,,
SPD,assay_envelope,0.25,availability__raw_ad4,both_bounded,930,30,0,221,221,120.0,0.6372096422096422,0.5429864253393665,,,,,,,,
SPD,assay_envelope,0.25,plus__raw_ad4,all_determinate,930,377,0,6362,6362,4335.0,0.6663939291476952,0.6813895001571832,7016,1138,908,378,0.22119301829458388,0.22258258523431393,0.7171130557646728,0.7734508720180097
SPD,assay_envelope,0.25,plus__raw_ad4,both_exact,930,252,0,1976,1976,1269.0,0.6169032540064286,0.6422064777327935,,,,,,,,
SPD,assay_envelope,0.25,plus__raw_ad4,one_bounded,930,341,0,4165,4165,2946.0,0.687767384454387,0.7073229291716686,,,,,,,,
SPD,assay_envelope,0.25,plus__raw_ad4,both_bounded,930,30,0,221,221,120.0,0.6405694305694306,0.5429864253393665,,,,,,,,
SPD,assay_envelope,0.25,mean__raw_ad4,all_determinate,930,377,0,6362,6362,4301.0,0.6610365399315782,0.6760452687834014,7016,1138,908,378,0.22062921228240956,0.22238571433139032,0.7202377643660076,0.7743295138316132
SPD,assay_envelope,0.25,mean__raw_ad4,both_exact,930,252,0,1976,1976,1258.0,0.6085395718332225,0.6366396761133604,,,,,,,,
SPD,assay_envelope,0.25,mean__raw_ad4,one_bounded,930,341,0,4165,4165,2927.0,0.6838425991310335,0.7027611044417768,,,,,,,,
SPD,assay_envelope,0.25,mean__raw_ad4,both_bounded,930,30,0,221,221,116.0,0.622077367077367,0.5248868778280543,,,,,,,,
SPD,assay_envelope,0.25,mean_relative__raw_ad4,all_determinate,930,377,0,6362,6362,4315.0,0.660556616282518,0.678245834643194,7016,1138,908,378,0.22324778058975905,0.22571922525070395,0.7190680439020017,0.7737010991315392
SPD,assay_envelope,0.25,mean_relative__raw_ad4,both_exact,930,252,0,1976,1976,1264.0,0.6117445238476984,0.6396761133603239,,,,,,,,
SPD,assay_envelope,0.25,mean_relative__raw_ad4,one_bounded,930,341,0,4165,4165,2932.0,0.6815375959958596,0.7039615846338535,,,,,,,,
SPD,assay_envelope,0.25,mean_relative__raw_ad4,both_bounded,930,30,0,221,221,119.0,0.6342995892995893,0.5384615384615384,,,,,,,,
SPD,assay_envelope,0.25,availability__raw_gnina_own,all_determinate,930,377,0,6362,6362,4291.0,0.6603401883271597,0.6744734360264067,7016,1138,908,378,0.22548943475177438,0.22655721460344688,0.7311632956884573,0.7906119948704704
SPD,assay_envelope,0.25,availability__raw_gnina_own,both_exact,930,252,0,1976,1976,1252.0,0.6164070791054918,0.6336032388663968,,,,,,,,
SPD,assay_envelope,0.25,availability__raw_gnina_own,one_bounded,930,341,0,4165,4165,2919.0,0.6826361285162027,0.7008403361344537,,,,,,,,
SPD,assay_envelope,0.25,availability__raw_gnina_own,both_bounded,930,30,0,221,221,120.0,0.6372096422096422,0.5429864253393665,,,,,,,,
SPD,assay_envelope,0.25,plus__raw_gnina_own,all_determinate,930,377,0,6362,6362,4317.0,0.6712793300370613,0.6785602011945929,7016,1138,908,378,0.21757333083231228,0.21833943086016952,0.7258098507812675,0.780588052699495
SPD,assay_envelope,0.25,plus__raw_gnina_own,both_exact,930,252,0,1976,1976,1265.0,0.6127226535956694,0.6401821862348178,,,,,,,,
SPD,assay_envelope,0.25,plus__raw_gnina_own,one_bounded,930,341,0,4165,4165,2917.0,0.691122434631455,0.700360144057623,,,,,,,,
SPD,assay_envelope,0.25,plus__raw_gnina_own,both_bounded,930,30,0,221,221,135.0,0.6962187812187811,0.6108597285067874,,,,,,,,
SPD,assay_envelope,0.25,mean__raw_gnina_own,all_determinate,930,377,0,6362,6362,4258.0,0.654831981354085,0.6692863879283244,7016,1138,908,378,0.2169200085732202,0.2182323573583628,0.7233725479782208,0.7721970110711244
SPD,assay_envelope,0.25,mean__raw_gnina_own,both_exact,930,252,0,1976,1976,1250.0,0.5977393931759011,0.6325910931174089,,,,,,,,
SPD,assay_envelope,0.25,mean__raw_gnina_own,one_bounded,930,341,0,4165,4165,2888.0,0.6770911226120275,0.6933973589435775,,,,,,,,
SPD,assay_envelope,0.25,mean__raw_gnina_own,both_bounded,930,30,0,221,221,120.0,0.6392466792466791,0.5429864253393665,,,,,,,,
SPD,assay_envelope,0.25,mean_relative__raw_gnina_own,all_determinate,930,377,0,6362,6362,4267.0,0.6521980444118205,0.6707010374096196,7016,1138,908,378,0.22808936910214006,0.22901366528787717,0.7553821137928441,0.8111331558319725
SPD,assay_envelope,0.25,mean_relative__raw_gnina_own,both_exact,930,252,0,1976,1976,1236.0,0.5891701405590294,0.6255060728744939,,,,,,,,
SPD,assay_envelope,0.25,mean_relative__raw_gnina_own,one_bounded,930,341,0,4165,4165,2881.0,0.6706395396834092,0.6917166866746699,,,,,,,,
SPD,assay_envelope,0.25,mean_relative__raw_gnina_own,both_bounded,930,30,0,221,221,150.0,0.7374925074925075,0.6787330316742082,,,,,,,,
SPD,assay_envelope,0.25,availability__vina,all_determinate,930,377,0,6362,6362,4289.0,0.6601380915733388,0.6741590694750078,7016,1138,908,378,0.2254766457421293,0.22654881528400903,0.7311827367349389,0.790637392865499
SPD,assay_envelope,0.25,availability__vina,both_exact,930,252,0,1976,1976,1252.0,0.6164070791054918,0.6336032388663968,,,,,,,,
SPD,assay_envelope,0.25,availability__vina,one_bounded,930,341,0,4165,4165,2917.0,0.6823559069456586,0.700360144057623,,,,,,,,
SPD,assay_envelope,0.25,availability__vina,both_bounded,930,30,0,221,221,120.0,0.6372096422096422,0.5429864253393665,,,,,,,,
SPD,assay_envelope,0.25,plus__vina,all_determinate,930,377,0,6362,6362,4348.0,0.6689383800262434,0.6834328827412763,7016,1138,908,378,0.21760550895498695,0.22020048724598956,0.7276010415476163,0.7779072517901408
SPD,assay_envelope,0.25,plus__vina,both_exact,930,252,0,1976,1976,1280.0,0.6315334944303198,0.6477732793522267,,,,,,,,
SPD,assay_envelope,0.25,plus__vina,one_bounded,930,341,0,4165,4165,2937.0,0.687087789960203,0.7051620648259304,,,,,,,,
SPD,assay_envelope,0.25,plus__vina,both_bounded,930,30,0,221,221,131.0,0.6702723202723202,0.5927601809954751,,,,,,,,
SPD,assay_envelope,0.25,mean__vina,all_determinate,930,377,0,6362,6362,4258.0,0.6524589911223585,0.6692863879283244,7016,1138,908,378,0.22508924447661818,0.22731577104771672,0.7423980967532231,0.7952559950997832
SPD,assay_envelope,0.25,mean__vina,both_exact,930,252,0,1976,1976,1254.0,0.6070040923215526,0.6346153846153846,,,,,,,,
SPD,assay_envelope,0.25,mean__vina,one_bounded,930,341,0,4165,4165,2883.0,0.6702063704416921,0.6921968787515006,,,,,,,,
SPD,assay_envelope,0.25,mean__vina,both_bounded,930,30,0,221,221,121.0,0.6328445628445628,0.5475113122171946,,,,,,,,
SPD,assay_envelope,0.25,mean_relative__vina,all_determinate,930,377,0,6362,6362,4336.0,0.6630132652729124,0.6815466834328827,7016,1138,908,378,0.2197002138079068,0.22236619479035302,0.7249100252793089,0.780404815963944
SPD,assay_envelope,0.25,mean_relative__vina,both_exact,930,252,0,1976,1976,1261.0,0.6195614497201798,0.6381578947368421,,,,,,,,
SPD,assay_envelope,0.25,mean_relative__vina,one_bounded,930,341,0,4165,4165,2936.0,0.6811794061870652,0.704921968787515,,,,,,,,
SPD,assay_envelope,0.25,mean_relative__vina,both_bounded,930,30,0,221,221,139.0,0.6915869315869316,0.6289592760180995,,,,,,,,
SPD,assay_envelope,0.25,native__boltz_affinity,all_determinate,930,377,0,6362,6362,3811.0,0.5657790968737226,0.5990254636906633,,,,,,,,
SPD,assay_envelope,0.25,native__boltz_affinity,both_exact,930,252,0,1976,1976,1201.0,0.5909877306702703,0.6077935222672065,,,,,,,,
SPD,assay_envelope,0.25,native__boltz_affinity,one_bounded,930,341,0,4165,4165,2481.0,0.561792076614662,0.5956782713085234,,,,,,,,
SPD,assay_envelope,0.25,native__boltz_affinity,both_bounded,930,30,0,221,221,129.0,0.5785669885669886,0.583710407239819,,,,,,,,
SPD,assay_envelope,0.25,native__boltz_binary,all_determinate,930,377,0,6362,6362,4382.0,0.6687217269754823,0.6887771141150582,,,,,,,,
SPD,assay_envelope,0.25,native__boltz_binary,both_exact,930,252,0,1976,1976,1304.0,0.611235369568703,0.659919028340081,,,,,,,,
SPD,assay_envelope,0.25,native__boltz_binary,one_bounded,930,341,0,4165,4165,2930.0,0.6791693533149108,0.7034813925570228,,,,,,,,
SPD,assay_envelope,0.25,native__boltz_binary,both_bounded,930,30,0,221,221,148.0,0.6921355496355498,0.669683257918552,,,,,,,,
SPD,assay_envelope,0.25,native__boltzina_vina_far_affinity,all_determinate,930,377,0,6362,6362,3762.0,0.5679041420989718,0.5913234831813895,,,,,,,,
SPD,assay_envelope,0.25,native__boltzina_vina_far_affinity,both_exact,930,252,0,1976,1976,1193.0,0.5729262580453057,0.603744939271255,,,,,,,,
SPD,assay_envelope,0.25,native__boltzina_vina_far_affinity,one_bounded,930,341,0,4165,4165,2444.0,0.5699969496392506,0.5867947178871549,,,,,,,,
SPD,assay_envelope,0.25,native__boltzina_vina_far_affinity,both_bounded,930,30,0,221,221,125.0,0.5510397010397009,0.5656108597285068,,,,,,,,
SPD,assay_envelope,0.25,native__boltzina_vina_far_binary,all_determinate,930,377,0,6362,6362,4440.0,0.6768577604394237,0.6978937441056272,,,,,,,,
SPD,assay_envelope,0.25,native__boltzina_vina_far_binary,both_exact,930,252,0,1976,1976,1331.0,0.6294187147361751,0.673582995951417,,,,,,,,
SPD,assay_envelope,0.25,native__boltzina_vina_far_binary,one_bounded,930,341,0,4165,4165,2955.0,0.6897882314826562,0.709483793517407,,,,,,,,
SPD,assay_envelope,0.25,native__boltzina_vina_far_binary,both_bounded,930,30,0,221,221,154.0,0.6863795463795465,0.6968325791855203,,,,,,,,
SPD,assay_envelope,0.25,native__boltzina_vina_zero_affinity,all_determinate,930,377,0,6362,6362,3762.0,0.5679041420989718,0.5913234831813895,,,,,,,,
SPD,assay_envelope,0.25,native__boltzina_vina_zero_affinity,both_exact,930,252,0,1976,1976,1193.0,0.5729262580453057,0.603744939271255,,,,,,,,
SPD,assay_envelope,0.25,native__boltzina_vina_zero_affinity,one_bounded,930,341,0,4165,4165,2444.0,0.5699969496392506,0.5867947178871549,,,,,,,,
SPD,assay_envelope,0.25,native__boltzina_vina_zero_affinity,both_bounded,930,30,0,221,221,125.0,0.5510397010397009,0.5656108597285068,,,,,,,,
SPD,assay_envelope,0.25,native__boltzina_vina_zero_binary,all_determinate,930,377,0,6362,6362,4440.0,0.6768577604394237,0.6978937441056272,,,,,,,,
SPD,assay_envelope,0.25,native__boltzina_vina_zero_binary,both_exact,930,252,0,1976,1976,1331.0,0.6294187147361751,0.673582995951417,,,,,,,,
SPD,assay_envelope,0.25,native__boltzina_vina_zero_binary,one_bounded,930,341,0,4165,4165,2955.0,0.6897882314826562,0.709483793517407,,,,,,,,
SPD,assay_envelope,0.25,native__boltzina_vina_zero_binary,both_bounded,930,30,0,221,221,154.0,0.6863795463795465,0.6968325791855203,,,,,,,,
SPD,assay_envelope,0.25,native__gnina,all_determinate,930,377,0,6362,6362,3850.0,0.6171693297360323,0.6051556114429425,,,,,,,,
SPD,assay_envelope,0.25,native__gnina,both_exact,930,252,0,1976,1976,1156.0,0.5852580033135589,0.5850202429149798,,,,,,,,
SPD,assay_envelope,0.25,native__gnina,one_bounded,930,341,0,4165,4165,2562.0,0.6193636154074491,0.6151260504201681,,,,,,,,
SPD,assay_envelope,0.25,native__gnina,both_bounded,930,30,0,221,221,132.0,0.6253950678950679,0.5972850678733032,,,,,,,,
SPD,assay_envelope,0.25,native__nesso_affinity,all_determinate,930,377,0,6362,6362,3719.0,0.5553065569079979,0.5845646023263125,,,,,,,,
SPD,assay_envelope,0.25,native__nesso_affinity,both_exact,930,252,0,1976,1976,1120.0,0.5430473480076655,0.5668016194331984,,,,,,,,
SPD,assay_envelope,0.25,native__nesso_affinity,one_bounded,930,341,0,4165,4165,2493.0,0.5717197654340219,0.5985594237695078,,,,,,,,
SPD,assay_envelope,0.25,native__nesso_affinity,both_bounded,930,30,0,221,221,106.0,0.5002080327080327,0.4796380090497738,,,,,,,,
SPD,assay_envelope,0.25,native__nesso_binary,all_determinate,930,377,0,6362,6362,4106.0,0.6241108114447099,0.6453945300220056,,,,,,,,
SPD,assay_envelope,0.25,native__nesso_binary,both_exact,930,252,0,1976,1976,1195.0,0.5981290608274734,0.604757085020243,,,,,,,,
SPD,assay_envelope,0.25,native__nesso_binary,one_bounded,930,341,0,4165,4165,2772.0,0.6485275481897146,0.6655462184873949,,,,,,,,
SPD,assay_envelope,0.25,native__nesso_binary,both_bounded,930,30,0,221,221,139.0,0.6675372775372775,0.6289592760180995,,,,,,,,
SPD,assay_envelope,0.25,native__raw_ad4,all_determinate,930,377,0,6362,6362,3523.0,0.5446264237695985,0.5537566802892172,,,,,,,,
SPD,assay_envelope,0.25,native__raw_ad4,both_exact,930,252,0,1976,1976,1054.5,0.5171640822434473,0.5336538461538461,,,,,,,,
SPD,assay_envelope,0.25,native__raw_ad4,one_bounded,930,341,0,4165,4165,2324.5,0.557069880410956,0.5581032412965186,,,,,,,,
SPD,assay_envelope,0.25,native__raw_ad4,both_bounded,930,30,0,221,221,144.0,0.7042196692196693,0.6515837104072398,,,,,,,,
SPD,assay_envelope,0.25,native__raw_gnina_own,all_determinate,930,377,0,6362,6362,3828.0,0.631072966096694,0.6016975793775542,,,,,,,,
SPD,assay_envelope,0.25,native__raw_gnina_own,both_exact,930,252,0,1976,1976,1164.0,0.6043293860754178,0.5890688259109311,,,,,,,,
SPD,assay_envelope,0.25,native__raw_gnina_own,one_bounded,930,341,0,4165,4165,2553.0,0.6357324856486293,0.6129651860744297,,,,,,,,
SPD,assay_envelope,0.25,native__raw_gnina_own,both_bounded,930,30,0,221,221,111.0,0.4795088245088245,0.502262443438914,,,,,,,,
SPD,assay_envelope,0.25,native__vina,all_determinate,930,377,0,6362,6362,3807.5,0.5814841965842665,0.5984753222257152,,,,,,,,
SPD,assay_envelope,0.25,native__vina,both_exact,930,252,0,1976,1976,1044.0,0.5085217729066935,0.52834008097166,,,,,,,,
SPD,assay_envelope,0.25,native__vina,one_bounded,930,341,0,4165,4165,2599.0,0.608529829001379,0.6240096038415366,,,,,,,,
SPD,assay_envelope,0.25,native__vina,both_bounded,930,30,0,221,221,164.5,0.7757657157657157,0.744343891402715,,,,,,,,
SPD,assay_envelope,0.5,target_prior,all_determinate,930,377,0,6362,6362,4103.0,0.6009198211648693,0.6449229801949072,7016,1138,908,378,0.2839157311013159,0.27843169260196726,0.8052879659908275,0.8931623117178422
SPD,assay_envelope,0.5,target_prior,both_exact,930,252,0,1976,1976,1207.0,0.5907362552203823,0.6108299595141701,,,,,,,,
SPD,assay_envelope,0.5,target_prior,one_bounded,930,341,0,4165,4165,2776.0,0.6187574466474505,0.6665066026410564,,,,,,,,
SPD,assay_envelope,0.5,target_prior,both_bounded,930,30,0,221,221,120.0,0.6290462315462315,0.5429864253393665,,,,,,,,
SPD,assay_envelope,0.5,chemistry,all_determinate,930,377,0,6362,6362,4528.0,0.6941999860895925,0.7117258723671801,7016,1138,908,378,0.2172328734553845,0.21726826795978546,0.6852638354871848,0.7312056867587872
SPD,assay_envelope,0.5,chemistry,both_exact,930,252,0,1976,1976,1299.0,0.624562614046741,0.6573886639676113,,,,,,,,
SPD,assay_envelope,0.5,chemistry,one_bounded,930,341,0,4165,4165,3091.0,0.7228032169885843,0.7421368547418967,,,,,,,,
SPD,assay_envelope,0.5,chemistry,both_bounded,930,30,0,221,221,138.0,0.7047993672993673,0.6244343891402715,,,,,,,,
SPD,assay_envelope,0.5,availability__boltz_affinity,all_determinate,930,377,0,6362,6362,4528.0,0.6941999860895925,0.7117258723671801,7016,1138,908,378,0.21723954510434315,0.21727112210613223,0.6852568599445745,0.7311992915538427
SPD,assay_envelope,0.5,availability__boltz_affinity,both_exact,930,252,0,1976,1976,1299.0,0.624562614046741,0.6573886639676113,,,,,,,,
SPD,assay_envelope,0.5,availability__boltz_affinity,one_bounded,930,341,0,4165,4165,3091.0,0.7228032169885843,0.7421368547418967,,,,,,,,
SPD,assay_envelope,0.5,availability__boltz_affinity,both_bounded,930,30,0,221,221,138.0,0.7047993672993673,0.6244343891402715,,,,,,,,
SPD,assay_envelope,0.5,plus__boltz_affinity,all_determinate,930,377,0,6362,6362,4659.0,0.714526713391386,0.7323168814838101,7016,1138,908,378,0.18957477663076483,0.18743202892309355,0.684843028662395,0.6697064927899788
SPD,assay_envelope,0.5,plus__boltz_affinity,both_exact,930,252,0,1976,1976,1369.0,0.6565424654710368,0.6928137651821862,,,,,,,,
SPD,assay_envelope,0.5,plus__boltz_affinity,one_bounded,930,341,0,4165,4165,3118.0,0.7264629352981402,0.7486194477791116,,,,,,,,
SPD,assay_envelope,0.5,plus__boltz_affinity,both_bounded,930,30,0,221,221,172.0,0.8122557997557998,0.7782805429864253,,,,,,,,
SPD,assay_envelope,0.5,mean__boltz_affinity,all_determinate,930,377,0,6362,6362,4491.0,0.6924022800506847,0.7059100911662999,7016,1138,908,378,0.19456247290093062,0.19365637912538078,0.6966524643204375,0.6893545275169087
SPD,assay_envelope,0.5,mean__boltz_affinity,both_exact,930,252,0,1976,1976,1308.0,0.631019186574742,0.6619433198380567,,,,,,,,
SPD,assay_envelope,0.5,mean__boltz_affinity,one_bounded,930,341,0,4165,4165,3048.0,0.7173708736286546,0.731812725090036,,,,,,,,
SPD,assay_envelope,0.5,mean__boltz_affinity,both_bounded,930,30,0,221,221,135.0,0.6963398638398639,0.6108597285067874,,,,,,,,
SPD,assay_envelope,0.5,mean_relative__boltz_affinity,all_determinate,930,377,0,6362,6362,4687.0,0.7097066992594532,0.7367180132033951,7016,1138,908,378,0.18807881106655147,0.18604721484100448,0.6825900421684842,0.6689285652313686
SPD,assay_envelope,0.5,mean_relative__boltz_affinity,both_exact,930,252,0,1976,1976,1377.0,0.6692323843117494,0.6968623481781376,,,,,,,,
SPD,assay_envelope,0.5,mean_relative__boltz_affinity,one_bounded,930,341,0,4165,4165,3138.0,0.7236499804109717,0.7534213685474189,,,,,,,,
SPD,assay_envelope,0.5,mean_relative__boltz_affinity,both_bounded,930,30,0,221,221,172.0,0.8122517297517297,0.7782805429864253,,,,,,,,
SPD,assay_envelope,0.5,availability__boltz_binary,all_determinate,930,377,0,6362,6362,4528.0,0.6941999860895925,0.7117258723671801,7016,1138,908,378,0.21723954510434315,0.21727112210613223,0.6852568599445745,0.7311992915538427
SPD,assay_envelope,0.5,availability__boltz_binary,both_exact,930,252,0,1976,1976,1299.0,0.624562614046741,0.6573886639676113,,,,,,,,
SPD,assay_envelope,0.5,availability__boltz_binary,one_bounded,930,341,0,4165,4165,3091.0,0.7228032169885843,0.7421368547418967,,,,,,,,
SPD,assay_envelope,0.5,availability__boltz_binary,both_bounded,930,30,0,221,221,138.0,0.7047993672993673,0.6244343891402715,,,,,,,,
SPD,assay_envelope,0.5,plus__boltz_binary,all_determinate,930,377,0,6362,6362,4634.0,0.7199029458782096,0.7283872995913235,7016,1138,908,378,0.19598916546375258,0.19298227087528094,0.647651417570702,0.673740512662618
SPD,assay_envelope,0.5,plus__boltz_binary,both_exact,930,252,0,1976,1976,1327.0,0.6138810630874122,0.6715587044534413,,,,,,,,
SPD,assay_envelope,0.5,plus__boltz_binary,one_bounded,930,341,0,4165,4165,3132.0,0.7467357638941042,0.7519807923169267,,,,,,,,
SPD,assay_envelope,0.5,plus__boltz_binary,both_bounded,930,30,0,221,221,175.0,0.7955881155881157,0.7918552036199095,,,,,,,,
SPD,assay_envelope,0.5,mean__boltz_binary,all_determinate,930,377,0,6362,6362,4553.0,0.705261123327391,0.7156554542596668,7016,1138,908,378,0.19076177469045838,0.18990753868168786,0.6616170936743339,0.6696055372159112
SPD,assay_envelope,0.5,mean__boltz_binary,both_exact,930,252,0,1976,1976,1300.0,0.6288447590034892,0.6578947368421053,,,,,,,,
SPD,assay_envelope,0.5,mean__boltz_binary,one_bounded,930,341,0,4165,4165,3096.0,0.731755577051927,0.7433373349339736,,,,,,,,
SPD,assay_envelope,0.5,mean__boltz_binary,both_bounded,930,30,0,221,221,157.0,0.7449916749916751,0.7104072398190046,,,,,,,,
SPD,assay_envelope,0.5,mean_relative__boltz_binary,all_determinate,930,377,0,6362,6362,4657.0,0.7283323948401276,0.7320025149324112,7016,1138,908,378,0.19188928037698236,0.18934352761010195,0.6507530238052701,0.6712038320682346
SPD,assay_envelope,0.5,mean_relative__boltz_binary,both_exact,930,252,0,1976,1976,1309.0,0.6249194515067531,0.6624493927125507,,,,,,,,
SPD,assay_envelope,0.5,mean_relative__boltz_binary,one_bounded,930,341,0,4165,4165,3168.0,0.7543780653312657,0.76062424969988,,,,,,,,
SPD,assay_envelope,0.5,mean_relative__boltz_binary,both_bounded,930,30,0,221,221,180.0,0.8211680911680912,0.8144796380090498,,,,,,,,
SPD,assay_envelope,0.5,availability__boltzina_vina_far_affinity,all_determinate,930,377,0,6362,6362,4529.0,0.6942686711491522,0.7118830556428796,7016,1138,908,378,0.21734060524481794,0.21734755793718052,0.6854211291696946,0.7313527299798734
SPD,assay_envelope,0.5,availability__boltzina_vina_far_affinity,both_exact,930,252,0,1976,1976,1299.0,0.6278694923536193,0.6573886639676113,,,,,,,,
SPD,assay_envelope,0.5,availability__boltzina_vina_far_affinity,one_bounded,930,341,0,4165,4165,3092.0,0.7228039519638524,0.7423769507803121,,,,,,,,
SPD,assay_envelope,0.5,availability__boltzina_vina_far_affinity,both_bounded,930,30,0,221,221,138.0,0.7047993672993673,0.6244343891402715,,,,,,,,
SPD,assay_envelope,0.5,plus__boltzina_vina_far_affinity,all_determinate,930,377,0,6362,6362,4644.0,0.7058895099683788,0.7299591323483181,7016,1138,908,378,0.188607428025454,0.18741571355097789,0.6875678343943261,0.6703241684485339
SPD,assay_envelope,0.5,plus__boltzina_vina_far_affinity,both_exact,930,252,0,1976,1976,1384.0,0.6635215534025058,0.7004048582995951,,,,,,,,
SPD,assay_envelope,0.5,plus__boltzina_vina_far_affinity,one_bounded,930,341,0,4165,4165,3091.0,0.7172100196289295,0.7421368547418967,,,,,,,,
SPD,assay_envelope,0.5,plus__boltzina_vina_far_affinity,both_bounded,930,30,0,221,221,169.0,0.8080891330891332,0.7647058823529411,,,,,,,,
SPD,assay_envelope,0.5,mean__boltzina_vina_far_affinity,all_determinate,930,377,0,6362,6362,4404.0,0.6710540044791701,0.6922351461804463,7016,1138,908,378,0.20565753154526853,0.20492097160557682,0.7193963733662007,0.7338326916302393
SPD,assay_envelope,0.5,mean__boltzina_vina_far_affinity,both_exact,930,252,0,1976,1976,1289.0,0.6183457782664132,0.6523279352226721,,,,,,,,
SPD,assay_envelope,0.5,mean__boltzina_vina_far_affinity,one_bounded,930,341,0,4165,4165,2975.0,0.6942758749336265,0.7142857142857143,,,,,,,,
SPD,assay_envelope,0.5,mean__boltzina_vina_far_affinity,both_bounded,930,30,0,221,221,140.0,0.706468068968069,0.6334841628959276,,,,,,,,
SPD,assay_envelope,0.5,mean_relative__boltzina_vina_far_affinity,all_determinate,930,377,0,6362,6362,4714.0,0.7072786103091171,0.7409619616472807,7016,1138,908,378,0.18687391064028647,0.18535506266464383,0.6781837521361122,0.6651071927867513
SPD,assay_envelope,0.5,mean_relative__boltzina_vina_far_affinity,both_exact,930,252,0,1976,1976,1393.0,0.6534369583972759,0.7049595141700404,,,,,,,,
SPD,assay_envelope,0.5,mean_relative__boltzina_vina_far_affinity,one_bounded,930,341,0,4165,4165,3152.0,0.7238796288326751,0.7567827130852341,,,,,,,,
SPD,assay_envelope,0.5,mean_relative__boltzina_vina_far_affinity,both_bounded,930,30,0,221,221,169.0,0.8004151404151405,0.7647058823529411,,,,,,,,
SPD,assay_envelope,0.5,availability__boltzina_vina_far_binary,all_determinate,930,377,0,6362,6362,4529.0,0.6942686711491522,0.7118830556428796,7016,1138,908,378,0.21734060524481794,0.21734755793718052,0.6854211291696946,0.7313527299798734
SPD,assay_envelope,0.5,availability__boltzina_vina_far_binary,both_exact,930,252,0,1976,1976,1299.0,0.6278694923536193,0.6573886639676113,,,,,,,,
SPD,assay_envelope,0.5,availability__boltzina_vina_far_binary,one_bounded,930,341,0,4165,4165,3092.0,0.7228039519638524,0.7423769507803121,,,,,,,,
SPD,assay_envelope,0.5,availability__boltzina_vina_far_binary,both_bounded,930,30,0,221,221,138.0,0.7047993672993673,0.6244343891402715,,,,,,,,
SPD,assay_envelope,0.5,plus__boltzina_vina_far_binary,all_determinate,930,377,0,6362,6362,4629.0,0.7132241696732267,0.7276013832128262,7016,1138,908,378,0.19483461727059434,0.19222895945222734,0.6480995082836203,0.6713974523851809
SPD,assay_envelope,0.5,plus__boltzina_vina_far_binary,both_exact,930,252,0,1976,1976,1329.0,0.6351696290188353,0.6725708502024291,,,,,,,,
SPD,assay_envelope,0.5,plus__boltzina_vina_far_binary,one_bounded,930,341,0,4165,4165,3121.0,0.7341159748701408,0.7493397358943578,,,,,,,,
SPD,assay_envelope,0.5,plus__boltzina_vina_far_binary,both_bounded,930,30,0,221,221,179.0,0.8123626373626374,0.8099547511312217,,,,,,,,
SPD,assay_envelope,0.5,mean__boltzina_vina_far_binary,all_determinate,930,377,0,6362,6362,4501.0,0.6924794791149529,0.7074819239232946,7016,1138,908,378,0.19664455669007613,0.19455985848716686,0.6677870932213092,0.6790472527687701
SPD,assay_envelope,0.5,mean__boltzina_vina_far_binary,both_exact,930,252,0,1976,1976,1280.0,0.6069363323331577,0.6477732793522267,,,,,,,,
SPD,assay_envelope,0.5,mean__boltzina_vina_far_binary,one_bounded,930,341,0,4165,4165,3063.0,0.7215820571863251,0.7354141656662665,,,,,,,,
SPD,assay_envelope,0.5,mean__boltzina_vina_far_binary,both_bounded,930,30,0,221,221,158.0,0.7422138972138972,0.7149321266968326,,,,,,,,
SPD,assay_envelope,0.5,mean_relative__boltzina_vina_far_binary,all_determinate,930,377,0,6362,6362,4606.0,0.703816541207894,0.7239861678717384,7016,1138,908,378,0.1929627051218282,0.19034652644481515,0.6533920202266955,0.6791162035298736
SPD,assay_envelope,0.5,mean_relative__boltzina_vina_far_binary,both_exact,930,252,0,1976,1976,1317.0,0.6279761904761905,0.666497975708502,,,,,,,,
SPD,assay_envelope,0.5,mean_relative__boltzina_vina_far_binary,one_bounded,930,341,0,4165,4165,3120.0,0.7255313518079017,0.7490996398559424,,,,,,,,
SPD,assay_envelope,0.5,mean_relative__boltzina_vina_far_binary,both_bounded,930,30,0,221,221,169.0,0.7703235653235653,0.7647058823529411,,,,,,,,
SPD,assay_envelope,0.5,availability__boltzina_vina_zero_affinity,all_determinate,930,377,0,6362,6362,4529.0,0.6942686711491522,0.7118830556428796,7016,1138,908,378,0.21734060524481794,0.21734755793718052,0.6854211291696946,0.7313527299798734
SPD,assay_envelope,0.5,availability__boltzina_vina_zero_affinity,both_exact,930,252,0,1976,1976,1299.0,0.6278694923536193,0.6573886639676113,,,,,,,,
SPD,assay_envelope,0.5,availability__boltzina_vina_zero_affinity,one_bounded,930,341,0,4165,4165,3092.0,0.7228039519638524,0.7423769507803121,,,,,,,,
SPD,assay_envelope,0.5,availability__boltzina_vina_zero_affinity,both_bounded,930,30,0,221,221,138.0,0.7047993672993673,0.6244343891402715,,,,,,,,
SPD,assay_envelope,0.5,plus__boltzina_vina_zero_affinity,all_determinate,930,377,0,6362,6362,4644.0,0.7058895099683788,0.7299591323483181,7016,1138,908,378,0.18860611080709525,0.18741455440456417,0.6875697795697281,0.6703243179802454
SPD,assay_envelope,0.5,plus__boltzina_vina_zero_affinity,both_exact,930,252,0,1976,1976,1384.0,0.6635215534025058,0.7004048582995951,,,,,,,,
SPD,assay_envelope,0.5,plus__boltzina_vina_zero_affinity,one_bounded,930,341,0,4165,4165,3091.0,0.7172100196289295,0.7421368547418967,,,,,,,,
SPD,assay_envelope,0.5,plus__boltzina_vina_zero_affinity,both_bounded,930,30,0,221,221,169.0,0.8080891330891332,0.7647058823529411,,,,,,,,
SPD,assay_envelope,0.5,mean__boltzina_vina_zero_affinity,all_determinate,930,377,0,6362,6362,4403.0,0.6709803233710062,0.6920779629047469,7016,1138,908,378,0.20565740403172608,0.2049209297147731,0.719397576893359,0.73383312237762
SPD,assay_envelope,0.5,mean__boltzina_vina_zero_affinity,both_exact,930,252,0,1976,1976,1288.0,0.6182040549104042,0.6518218623481782,,,,,,,,
SPD,assay_envelope,0.5,mean__boltzina_vina_zero_affinity,one_bounded,930,341,0,4165,4165,2975.0,0.6942758749336265,0.7142857142857143,,,,,,,,
SPD,assay_envelope,0.5,mean__boltzina_vina_zero_affinity,both_bounded,930,30,0,221,221,140.0,0.706468068968069,0.6334841628959276,,,,,,,,
SPD,assay_envelope,0.5,mean_relative__boltzina_vina_zero_affinity,all_determinate,930,377,0,6362,6362,4714.0,0.7072786103091171,0.7409619616472807,7016,1138,908,378,0.18687198260259655,0.18535278357661367,0.6781935093058831,0.6651098966216309
SPD,assay_envelope,0.5,mean_relative__boltzina_vina_zero_affinity,both_exact,930,252,0,1976,1976,1393.0,0.6534369583972759,0.7049595141700404,,,,,,,,
SPD,assay_envelope,0.5,mean_relative__boltzina_vina_zero_affinity,one_bounded,930,341,0,4165,4165,3152.0,0.7238796288326751,0.7567827130852341,,,,,,,,
SPD,assay_envelope,0.5,mean_relative__boltzina_vina_zero_affinity,both_bounded,930,30,0,221,221,169.0,0.8004151404151405,0.7647058823529411,,,,,,,,
SPD,assay_envelope,0.5,availability__boltzina_vina_zero_binary,all_determinate,930,377,0,6362,6362,4529.0,0.6942686711491522,0.7118830556428796,7016,1138,908,378,0.21734060524481794,0.21734755793718052,0.6854211291696946,0.7313527299798734
SPD,assay_envelope,0.5,availability__boltzina_vina_zero_binary,both_exact,930,252,0,1976,1976,1299.0,0.6278694923536193,0.6573886639676113,,,,,,,,
SPD,assay_envelope,0.5,availability__boltzina_vina_zero_binary,one_bounded,930,341,0,4165,4165,3092.0,0.7228039519638524,0.7423769507803121,,,,,,,,
SPD,assay_envelope,0.5,availability__boltzina_vina_zero_binary,both_bounded,930,30,0,221,221,138.0,0.7047993672993673,0.6244343891402715,,,,,,,,
SPD,assay_envelope,0.5,plus__boltzina_vina_zero_binary,all_determinate,930,377,0,6362,6362,4629.0,0.7132241696732267,0.7276013832128262,7016,1138,908,378,0.19483492588148965,0.19222922851470933,0.6480980683921773,0.6713974490035826
SPD,assay_envelope,0.5,plus__boltzina_vina_zero_binary,both_exact,930,252,0,1976,1976,1329.0,0.6351696290188353,0.6725708502024291,,,,,,,,
SPD,assay_envelope,0.5,plus__boltzina_vina_zero_binary,one_bounded,930,341,0,4165,4165,3121.0,0.7341159748701408,0.7493397358943578,,,,,,,,
SPD,assay_envelope,0.5,plus__boltzina_vina_zero_binary,both_bounded,930,30,0,221,221,179.0,0.8123626373626374,0.8099547511312217,,,,,,,,
SPD,assay_envelope,0.5,mean__boltzina_vina_zero_binary,all_determinate,930,377,0,6362,6362,4501.0,0.6924794791149529,0.7074819239232946,7016,1138,908,378,0.19664515728286205,0.19456035307705594,0.6677879324084665,0.6790475883792757
SPD,assay_envelope,0.5,mean__boltzina_vina_zero_binary,both_exact,930,252,0,1976,1976,1280.0,0.6069363323331577,0.6477732793522267,,,,,,,,
SPD,assay_envelope,0.5,mean__boltzina_vina_zero_binary,one_bounded,930,341,0,4165,4165,3063.0,0.7215820571863251,0.7354141656662665,,,,,,,,
SPD,assay_envelope,0.5,mean__boltzina_vina_zero_binary,both_bounded,930,30,0,221,221,158.0,0.7422138972138972,0.7149321266968326,,,,,,,,
SPD,assay_envelope,0.5,mean_relative__boltzina_vina_zero_binary,all_determinate,930,377,0,6362,6362,4606.0,0.703816541207894,0.7239861678717384,7016,1138,908,378,0.19296438530046048,0.1903481288010565,0.6533873470704349,0.679113622589234
SPD,assay_envelope,0.5,mean_relative__boltzina_vina_zero_binary,both_exact,930,252,0,1976,1976,1317.0,0.6279761904761905,0.666497975708502,,,,,,,,
SPD,assay_envelope,0.5,mean_relative__boltzina_vina_zero_binary,one_bounded,930,341,0,4165,4165,3120.0,0.7255313518079017,0.7490996398559424,,,,,,,,
SPD,assay_envelope,0.5,mean_relative__boltzina_vina_zero_binary,both_bounded,930,30,0,221,221,169.0,0.7703235653235653,0.7647058823529411,,,,,,,,
SPD,assay_envelope,0.5,availability__gnina,all_determinate,930,377,0,6362,6362,4526.0,0.6937916911212499,0.7114115058157812,7016,1138,908,378,0.21698490626721614,0.21711061389480288,0.6857953487768081,0.7317525623687041
SPD,assay_envelope,0.5,availability__gnina,both_exact,930,252,0,1976,1976,1298.0,0.6239012383853654,0.6568825910931174,,,,,,,,
SPD,assay_envelope,0.5,availability__gnina,one_bounded,930,341,0,4165,4165,3090.0,0.7224541037362453,0.7418967587034814,,,,,,,,
SPD,assay_envelope,0.5,availability__gnina,both_bounded,930,30,0,221,221,138.0,0.7047993672993673,0.6244343891402715,,,,,,,,
SPD,assay_envelope,0.5,plus__gnina,all_determinate,930,377,0,6362,6362,4590.0,0.7056442591403222,0.721471235460547,7016,1138,908,378,0.2043626060725763,0.20384710431465097,0.6842482148421318,0.7096426291207185
SPD,assay_envelope,0.5,plus__gnina,both_exact,930,252,0,1976,1976,1338.0,0.6241299999236507,0.6771255060728745,,,,,,,,
SPD,assay_envelope,0.5,plus__gnina,one_bounded,930,341,0,4165,4165,3099.0,0.7299285367033244,0.7440576230492197,,,,,,,,
SPD,assay_envelope,0.5,plus__gnina,both_bounded,930,30,0,221,221,153.0,0.7513449513449514,0.6923076923076923,,,,,,,,
SPD,assay_envelope,0.5,mean__gnina,all_determinate,930,377,0,6362,6362,4573.0,0.7049427350468872,0.7187991197736561,7016,1138,908,378,0.2066482825423528,0.20658313386880675,0.6804025764018214,0.7068856680205466
SPD,assay_envelope,0.5,mean__gnina,both_exact,930,252,0,1976,1976,1316.0,0.6456657466578102,0.6659919028340081,,,,,,,,
SPD,assay_envelope,0.5,mean__gnina,one_bounded,930,341,0,4165,4165,3104.0,0.731425844710923,0.7452581032412965,,,,,,,,
SPD,assay_envelope,0.5,mean__gnina,both_bounded,930,30,0,221,221,153.0,0.7362482887482888,0.6923076923076923,,,,,,,,
SPD,assay_envelope,0.5,mean_relative__gnina,all_determinate,930,377,0,6362,6362,4605.0,0.6997644896083747,0.723828984596039,7016,1138,908,378,0.20430077712035558,0.20372645182434468,0.6899428424855762,0.7132239939184968
SPD,assay_envelope,0.5,mean_relative__gnina,both_exact,930,252,0,1976,1976,1329.0,0.624858562953801,0.6725708502024291,,,,,,,,
SPD,assay_envelope,0.5,mean_relative__gnina,one_bounded,930,341,0,4165,4165,3121.0,0.7269565203012888,0.7493397358943578,,,,,,,,
SPD,assay_envelope,0.5,mean_relative__gnina,both_bounded,930,30,0,221,221,155.0,0.7630513005513005,0.7013574660633484,,,,,,,,
SPD,assay_envelope,0.5,availability__nesso_affinity,all_determinate,930,377,0,6362,6362,4526.0,0.6937916911212499,0.7114115058157812,7016,1138,908,378,0.21698490626721614,0.21711061389480288,0.6857953487768081,0.7317525623687041
SPD,assay_envelope,0.5,availability__nesso_affinity,both_exact,930,252,0,1976,1976,1298.0,0.6239012383853654,0.6568825910931174,,,,,,,,
SPD,assay_envelope,0.5,availability__nesso_affinity,one_bounded,930,341,0,4165,4165,3090.0,0.7224541037362453,0.7418967587034814,,,,,,,,
SPD,assay_envelope,0.5,availability__nesso_affinity,both_bounded,930,30,0,221,221,138.0,0.7047993672993673,0.6244343891402715,,,,,,,,
SPD,assay_envelope,0.5,plus__nesso_affinity,all_determinate,930,377,0,6362,6362,4707.0,0.7218289801663016,0.7398616787173845,7016,1138,908,378,0.1872894811488552,0.18592195449882415,0.6568393789708762,0.6671449080049676
SPD,assay_envelope,0.5,plus__nesso_affinity,both_exact,930,252,0,1976,1976,1382.0,0.6540245615642439,0.6993927125506073,,,,,,,,
SPD,assay_envelope,0.5,plus__nesso_affinity,one_bounded,930,341,0,4165,4165,3180.0,0.7450026566681596,0.7635054021608644,,,,,,,,
SPD,assay_envelope,0.5,plus__nesso_affinity,both_bounded,930,30,0,221,221,145.0,0.7083177008177007,0.6561085972850679,,,,,,,,
SPD,assay_envelope,0.5,mean__nesso_affinity,all_determinate,930,377,0,6362,6362,4475.0,0.6927341309455228,0.7033951587551085,7016,1138,908,378,0.20178765840772786,0.2015760039747091,0.6844521785371269,0.7014924558190707
SPD,assay_envelope,0.5,mean__nesso_affinity,both_exact,930,252,0,1976,1976,1301.0,0.6254245020118036,0.6584008097165992,,,,,,,,
SPD,assay_envelope,0.5,mean__nesso_affinity,one_bounded,930,341,0,4165,4165,3033.0,0.717284488308505,0.7282112845138056,,,,,,,,
SPD,assay_envelope,0.5,mean__nesso_affinity,both_bounded,930,30,0,221,221,141.0,0.705028305028305,0.6380090497737556,,,,,,,,
SPD,assay_envelope,0.5,mean_relative__nesso_affinity,all_determinate,930,377,0,6362,6362,4715.0,0.7124128089288597,0.7411191449229801,7016,1138,908,378,0.18754882180266808,0.1856378295747364,0.6551067431530039,0.6651342153464961
SPD,assay_envelope,0.5,mean_relative__nesso_affinity,both_exact,930,252,0,1976,1976,1370.0,0.648611588294128,0.6933198380566802,,,,,,,,
SPD,assay_envelope,0.5,mean_relative__nesso_affinity,one_bounded,930,341,0,4165,4165,3196.0,0.7368968348207245,0.7673469387755102,,,,,,,,
SPD,assay_envelope,0.5,mean_relative__nesso_affinity,both_bounded,930,30,0,221,221,149.0,0.6939597439597439,0.6742081447963801,,,,,,,,
SPD,assay_envelope,0.5,availability__nesso_binary,all_determinate,930,377,0,6362,6362,4526.0,0.6937916911212499,0.7114115058157812,7016,1138,908,378,0.21698490626721614,0.21711061389480288,0.6857953487768081,0.7317525623687041
SPD,assay_envelope,0.5,availability__nesso_binary,both_exact,930,252,0,1976,1976,1298.0,0.6239012383853654,0.6568825910931174,,,,,,,,
SPD,assay_envelope,0.5,availability__nesso_binary,one_bounded,930,341,0,4165,4165,3090.0,0.7224541037362453,0.7418967587034814,,,,,,,,
SPD,assay_envelope,0.5,availability__nesso_binary,both_bounded,930,30,0,221,221,138.0,0.7047993672993673,0.6244343891402715,,,,,,,,
SPD,assay_envelope,0.5,plus__nesso_binary,all_determinate,930,377,0,6362,6362,4651.0,0.716532160054104,0.7310594152782144,7016,1138,908,378,0.19228438521950775,0.19100635634370783,0.6672303704093224,0.6773629194616608
SPD,assay_envelope,0.5,plus__nesso_binary,both_exact,930,252,0,1976,1976,1356.0,0.6381619482809958,0.6862348178137652,,,,,,,,
SPD,assay_envelope,0.5,plus__nesso_binary,one_bounded,930,341,0,4165,4165,3132.0,0.7379200800907236,0.7519807923169267,,,,,,,,
SPD,assay_envelope,0.5,plus__nesso_binary,both_bounded,930,30,0,221,221,163.0,0.7790059015059015,0.7375565610859729,,,,,,,,
SPD,assay_envelope,0.5,mean__nesso_binary,all_determinate,930,377,0,6362,6362,4539.0,0.6979588904753389,0.7134548883998743,7016,1138,908,378,0.19369841808096688,0.19414331191997086,0.6811403590994597,0.6829216169045851
SPD,assay_envelope,0.5,mean__nesso_binary,both_exact,930,252,0,1976,1976,1291.0,0.6110789489757744,0.65334008097166,,,,,,,,
SPD,assay_envelope,0.5,mean__nesso_binary,one_bounded,930,341,0,4165,4165,3089.0,0.7234994039162997,0.741656662665066,,,,,,,,
SPD,assay_envelope,0.5,mean__nesso_binary,both_bounded,930,30,0,221,221,159.0,0.7691308691308691,0.7194570135746606,,,,,,,,
SPD,assay_envelope,0.5,mean_relative__nesso_binary,all_determinate,930,377,0,6362,6362,4641.0,0.7111166717075961,0.7294875825212197,7016,1138,908,378,0.19329987428951823,0.1915344707773353,0.6846465717796143,0.6871842960519325
SPD,assay_envelope,0.5,mean_relative__nesso_binary,both_exact,930,252,0,1976,1976,1328.0,0.6332090748757416,0.6720647773279352,,,,,,,,
SPD,assay_envelope,0.5,mean_relative__nesso_binary,one_bounded,930,341,0,4165,4165,3148.0,0.7407548426902446,0.7558223289315726,,,,,,,,
SPD,assay_envelope,0.5,mean_relative__nesso_binary,both_bounded,930,30,0,221,221,165.0,0.7823636548636549,0.746606334841629,,,,,,,,
SPD,assay_envelope,0.5,availability__raw_ad4,all_determinate,930,377,0,6362,6362,4526.0,0.6937916911212499,0.7114115058157812,7016,1138,908,378,0.21698490626721614,0.21711061389480288,0.6857953487768081,0.7317525623687041
SPD,assay_envelope,0.5,availability__raw_ad4,both_exact,930,252,0,1976,1976,1298.0,0.6239012383853654,0.6568825910931174,,,,,,,,
SPD,assay_envelope,0.5,availability__raw_ad4,one_bounded,930,341,0,4165,4165,3090.0,0.7224541037362453,0.7418967587034814,,,,,,,,
SPD,assay_envelope,0.5,availability__raw_ad4,both_bounded,930,30,0,221,221,138.0,0.7047993672993673,0.6244343891402715,,,,,,,,
SPD,assay_envelope,0.5,plus__raw_ad4,all_determinate,930,377,0,6362,6362,4609.0,0.7137807674142342,0.7244577176988368,7016,1138,908,378,0.20746034772774227,0.20806513759228248,0.6709360844484913,0.7058520239602585
SPD,assay_envelope,0.5,plus__raw_ad4,both_exact,930,252,0,1976,1976,1326.0,0.6489946708200676,0.6710526315789473,,,,,,,,
SPD,assay_envelope,0.5,plus__raw_ad4,one_bounded,930,341,0,4165,4165,3130.0,0.7407645056617854,0.751500600240096,,,,,,,,
SPD,assay_envelope,0.5,plus__raw_ad4,both_bounded,930,30,0,221,221,153.0,0.7461424686424688,0.6923076923076923,,,,,,,,
SPD,assay_envelope,0.5,mean__raw_ad4,all_determinate,930,377,0,6362,6362,4583.0,0.7101762991372745,0.7203709525306508,7016,1138,908,378,0.20795892455384593,0.20873363110545676,0.6735785511825643,0.7071158063261818
SPD,assay_envelope,0.5,mean__raw_ad4,both_exact,930,252,0,1976,1976,1320.0,0.6363151545691229,0.6680161943319838,,,,,,,,
SPD,assay_envelope,0.5,mean__raw_ad4,one_bounded,930,341,0,4165,4165,3112.0,0.7376080140595459,0.7471788715486194,,,,,,,,
SPD,assay_envelope,0.5,mean__raw_ad4,both_bounded,930,30,0,221,221,151.0,0.7386027861027861,0.6832579185520362,,,,,,,,
SPD,assay_envelope,0.5,mean_relative__raw_ad4,all_determinate,930,377,0,6362,6362,4615.0,0.7137996168999409,0.7254008173530336,7016,1138,908,378,0.21071480977472604,0.2124729042421105,0.6725708540340322,0.70638436104427
SPD,assay_envelope,0.5,mean_relative__raw_ad4,both_exact,930,252,0,1976,1976,1329.0,0.6512559457003901,0.6725708502024291,,,,,,,,
SPD,assay_envelope,0.5,mean_relative__raw_ad4,one_bounded,930,341,0,4165,4165,3130.0,0.739262568798886,0.751500600240096,,,,,,,,
SPD,assay_envelope,0.5,mean_relative__raw_ad4,both_bounded,930,30,0,221,221,156.0,0.7622535797535798,0.7058823529411765,,,,,,,,
SPD,assay_envelope,0.5,availability__raw_gnina_own,all_determinate,930,377,0,6362,6362,4526.0,0.6937916911212499,0.7114115058157812,7016,1138,908,378,0.2170000825497263,0.2171225254916604,0.6857834348602188,0.7317397380687369
SPD,assay_envelope,0.5,availability__raw_gnina_own,both_exact,930,252,0,1976,1976,1298.0,0.6239012383853654,0.6568825910931174,,,,,,,,
SPD,assay_envelope,0.5,availability__raw_gnina_own,one_bounded,930,341,0,4165,4165,3090.0,0.7224541037362453,0.7418967587034814,,,,,,,,
SPD,assay_envelope,0.5,availability__raw_gnina_own,both_bounded,930,30,0,221,221,138.0,0.7047993672993673,0.6244343891402715,,,,,,,,
SPD,assay_envelope,0.5,plus__raw_gnina_own,all_determinate,930,377,0,6362,6362,4604.0,0.7110106159716796,0.7236718013203395,7016,1138,908,378,0.20291371201147373,0.20237253996576413,0.680122204753331,0.7033883066652786
SPD,assay_envelope,0.5,plus__raw_gnina_own,both_exact,930,252,0,1976,1976,1311.0,0.6183331806347679,0.6634615384615384,,,,,,,,
SPD,assay_envelope,0.5,plus__raw_gnina_own,one_bounded,930,341,0,4165,4165,3139.0,0.7416030717415371,0.7536614645858344,,,,,,,,
SPD,assay_envelope,0.5,plus__raw_gnina_own,both_bounded,930,30,0,221,221,154.0,0.7481939356939357,0.6968325791855203,,,,,,,,
SPD,assay_envelope,0.5,mean__raw_gnina_own,all_determinate,930,377,0,6362,6362,4567.0,0.7080147997849083,0.7178560201194593,7016,1138,908,378,0.20502477828908394,0.20486922807495148,0.6787274954669476,0.704700867850595
SPD,assay_envelope,0.5,mean__raw_gnina_own,both_exact,930,252,0,1976,1976,1311.0,0.639329137940249,0.6634615384615384,,,,,,,,
SPD,assay_envelope,0.5,mean__raw_gnina_own,one_bounded,930,341,0,4165,4165,3103.0,0.7355835541398708,0.7450180072028811,,,,,,,,
SPD,assay_envelope,0.5,mean__raw_gnina_own,both_bounded,930,30,0,221,221,153.0,0.7384969659969659,0.6923076923076923,,,,,,,,
SPD,assay_envelope,0.5,mean_relative__raw_gnina_own,all_determinate,930,377,0,6362,6362,4513.0,0.6953291130492701,0.7093681232316882,7016,1138,908,378,0.21389180635272237,0.21368197043155562,0.7080311040068209,0.7465710377213749
SPD,assay_envelope,0.5,mean_relative__raw_gnina_own,both_exact,930,252,0,1976,1976,1282.0,0.5975418394069189,0.6487854251012146,,,,,,,,
SPD,assay_envelope,0.5,mean_relative__raw_gnina_own,one_bounded,930,341,0,4165,4165,3075.0,0.7240281242641701,0.7382953181272509,,,,,,,,
SPD,assay_envelope,0.5,mean_relative__raw_gnina_own,both_bounded,930,30,0,221,221,156.0,0.7408158508158509,0.7058823529411765,,,,,,,,
SPD,assay_envelope,0.5,availability__vina,all_determinate,930,377,0,6362,6362,4526.0,0.6937916911212499,0.7114115058157812,7016,1138,908,378,0.21698490626721614,0.21711061389480288,0.6857953487768081,0.7317525623687041
SPD,assay_envelope,0.5,availability__vina,both_exact,930,252,0,1976,1976,1298.0,0.6239012383853654,0.6568825910931174,,,,,,,,
SPD,assay_envelope,0.5,availability__vina,one_bounded,930,341,0,4165,4165,3090.0,0.7224541037362453,0.7418967587034814,,,,,,,,
SPD,assay_envelope,0.5,availability__vina,both_bounded,930,30,0,221,221,138.0,0.7047993672993673,0.6244343891402715,,,,,,,,
SPD,assay_envelope,0.5,plus__vina,all_determinate,930,377,0,6362,6362,4624.0,0.7189698468183515,0.7268154668343288,7016,1138,908,378,0.2040331494902405,0.20538499307196767,0.6739773866529474,0.7067598994699651
SPD,assay_envelope,0.5,plus__vina,both_exact,930,252,0,1976,1976,1317.0,0.6472467494292891,0.666497975708502,,,,,,,,
SPD,assay_envelope,0.5,plus__vina,one_bounded,930,341,0,4165,4165,3153.0,0.7455600446197996,0.7570228091236495,,,,,,,,
SPD,assay_envelope,0.5,plus__vina,both_bounded,930,30,0,221,221,154.0,0.7525842675842677,0.6968325791855203,,,,,,,,
SPD,assay_envelope,0.5,mean__vina,all_determinate,930,377,0,6362,6362,4602.0,0.7166815059206472,0.7233574347689405,7016,1138,908,378,0.2069445383020109,0.20847175604881243,0.6781640098242346,0.710665691890584
SPD,assay_envelope,0.5,mean__vina,both_exact,930,252,0,1976,1976,1323.0,0.6461224108049506,0.6695344129554656,,,,,,,,
SPD,assay_envelope,0.5,mean__vina,one_bounded,930,341,0,4165,4165,3128.0,0.7414498327055283,0.7510204081632653,,,,,,,,
SPD,assay_envelope,0.5,mean__vina,both_bounded,930,30,0,221,221,151.0,0.7348746623746625,0.6832579185520362,,,,,,,,
SPD,assay_envelope,0.5,mean_relative__vina,all_determinate,930,377,0,6362,6362,4629.0,0.7184202224689731,0.7276013832128262,7016,1138,908,378,0.20457988111226272,0.20638513235628023,0.6680114716310874,0.7083771844289022
SPD,assay_envelope,0.5,mean_relative__vina,both_exact,930,252,0,1976,1976,1313.0,0.638855676950915,0.6644736842105263,,,,,,,,
SPD,assay_envelope,0.5,mean_relative__vina,one_bounded,930,341,0,4165,4165,3165.0,0.74819585922183,0.7599039615846338,,,,,,,,
SPD,assay_envelope,0.5,mean_relative__vina,both_bounded,930,30,0,221,221,151.0,0.7371324971324972,0.6832579185520362,,,,,,,,
SPD,assay_envelope,0.5,native__boltz_affinity,all_determinate,930,377,0,6362,6362,3811.0,0.5657790968737226,0.5990254636906633,,,,,,,,
SPD,assay_envelope,0.5,native__boltz_affinity,both_exact,930,252,0,1976,1976,1201.0,0.5909877306702703,0.6077935222672065,,,,,,,,
SPD,assay_envelope,0.5,native__boltz_affinity,one_bounded,930,341,0,4165,4165,2481.0,0.561792076614662,0.5956782713085234,,,,,,,,
SPD,assay_envelope,0.5,native__boltz_affinity,both_bounded,930,30,0,221,221,129.0,0.5785669885669886,0.583710407239819,,,,,,,,
SPD,assay_envelope,0.5,native__boltz_binary,all_determinate,930,377,0,6362,6362,4382.0,0.6687217269754823,0.6887771141150582,,,,,,,,
SPD,assay_envelope,0.5,native__boltz_binary,both_exact,930,252,0,1976,1976,1304.0,0.611235369568703,0.659919028340081,,,,,,,,
SPD,assay_envelope,0.5,native__boltz_binary,one_bounded,930,341,0,4165,4165,2930.0,0.6791693533149108,0.7034813925570228,,,,,,,,
SPD,assay_envelope,0.5,native__boltz_binary,both_bounded,930,30,0,221,221,148.0,0.6921355496355498,0.669683257918552,,,,,,,,
SPD,assay_envelope,0.5,native__boltzina_vina_far_affinity,all_determinate,930,377,0,6362,6362,3762.0,0.5679041420989718,0.5913234831813895,,,,,,,,
SPD,assay_envelope,0.5,native__boltzina_vina_far_affinity,both_exact,930,252,0,1976,1976,1193.0,0.5729262580453057,0.603744939271255,,,,,,,,
SPD,assay_envelope,0.5,native__boltzina_vina_far_affinity,one_bounded,930,341,0,4165,4165,2444.0,0.5699969496392506,0.5867947178871549,,,,,,,,
SPD,assay_envelope,0.5,native__boltzina_vina_far_affinity,both_bounded,930,30,0,221,221,125.0,0.5510397010397009,0.5656108597285068,,,,,,,,
SPD,assay_envelope,0.5,native__boltzina_vina_far_binary,all_determinate,930,377,0,6362,6362,4440.0,0.6768577604394237,0.6978937441056272,,,,,,,,
SPD,assay_envelope,0.5,native__boltzina_vina_far_binary,both_exact,930,252,0,1976,1976,1331.0,0.6294187147361751,0.673582995951417,,,,,,,,
SPD,assay_envelope,0.5,native__boltzina_vina_far_binary,one_bounded,930,341,0,4165,4165,2955.0,0.6897882314826562,0.709483793517407,,,,,,,,
SPD,assay_envelope,0.5,native__boltzina_vina_far_binary,both_bounded,930,30,0,221,221,154.0,0.6863795463795465,0.6968325791855203,,,,,,,,
SPD,assay_envelope,0.5,native__boltzina_vina_zero_affinity,all_determinate,930,377,0,6362,6362,3762.0,0.5679041420989718,0.5913234831813895,,,,,,,,
SPD,assay_envelope,0.5,native__boltzina_vina_zero_affinity,both_exact,930,252,0,1976,1976,1193.0,0.5729262580453057,0.603744939271255,,,,,,,,
SPD,assay_envelope,0.5,native__boltzina_vina_zero_affinity,one_bounded,930,341,0,4165,4165,2444.0,0.5699969496392506,0.5867947178871549,,,,,,,,
SPD,assay_envelope,0.5,native__boltzina_vina_zero_affinity,both_bounded,930,30,0,221,221,125.0,0.5510397010397009,0.5656108597285068,,,,,,,,
SPD,assay_envelope,0.5,native__boltzina_vina_zero_binary,all_determinate,930,377,0,6362,6362,4440.0,0.6768577604394237,0.6978937441056272,,,,,,,,
SPD,assay_envelope,0.5,native__boltzina_vina_zero_binary,both_exact,930,252,0,1976,1976,1331.0,0.6294187147361751,0.673582995951417,,,,,,,,
SPD,assay_envelope,0.5,native__boltzina_vina_zero_binary,one_bounded,930,341,0,4165,4165,2955.0,0.6897882314826562,0.709483793517407,,,,,,,,
SPD,assay_envelope,0.5,native__boltzina_vina_zero_binary,both_bounded,930,30,0,221,221,154.0,0.6863795463795465,0.6968325791855203,,,,,,,,
SPD,assay_envelope,0.5,native__gnina,all_determinate,930,377,0,6362,6362,3850.0,0.6171693297360323,0.6051556114429425,,,,,,,,
SPD,assay_envelope,0.5,native__gnina,both_exact,930,252,0,1976,1976,1156.0,0.5852580033135589,0.5850202429149798,,,,,,,,
SPD,assay_envelope,0.5,native__gnina,one_bounded,930,341,0,4165,4165,2562.0,0.6193636154074491,0.6151260504201681,,,,,,,,
SPD,assay_envelope,0.5,native__gnina,both_bounded,930,30,0,221,221,132.0,0.6253950678950679,0.5972850678733032,,,,,,,,
SPD,assay_envelope,0.5,native__nesso_affinity,all_determinate,930,377,0,6362,6362,3719.0,0.5553065569079979,0.5845646023263125,,,,,,,,
SPD,assay_envelope,0.5,native__nesso_affinity,both_exact,930,252,0,1976,1976,1120.0,0.5430473480076655,0.5668016194331984,,,,,,,,
SPD,assay_envelope,0.5,native__nesso_affinity,one_bounded,930,341,0,4165,4165,2493.0,0.5717197654340219,0.5985594237695078,,,,,,,,
SPD,assay_envelope,0.5,native__nesso_affinity,both_bounded,930,30,0,221,221,106.0,0.5002080327080327,0.4796380090497738,,,,,,,,
SPD,assay_envelope,0.5,native__nesso_binary,all_determinate,930,377,0,6362,6362,4106.0,0.6241108114447099,0.6453945300220056,,,,,,,,
SPD,assay_envelope,0.5,native__nesso_binary,both_exact,930,252,0,1976,1976,1195.0,0.5981290608274734,0.604757085020243,,,,,,,,
SPD,assay_envelope,0.5,native__nesso_binary,one_bounded,930,341,0,4165,4165,2772.0,0.6485275481897146,0.6655462184873949,,,,,,,,
SPD,assay_envelope,0.5,native__nesso_binary,both_bounded,930,30,0,221,221,139.0,0.6675372775372775,0.6289592760180995,,,,,,,,
SPD,assay_envelope,0.5,native__raw_ad4,all_determinate,930,377,0,6362,6362,3523.0,0.5446264237695985,0.5537566802892172,,,,,,,,
SPD,assay_envelope,0.5,native__raw_ad4,both_exact,930,252,0,1976,1976,1054.5,0.5171640822434473,0.5336538461538461,,,,,,,,
SPD,assay_envelope,0.5,native__raw_ad4,one_bounded,930,341,0,4165,4165,2324.5,0.557069880410956,0.5581032412965186,,,,,,,,
SPD,assay_envelope,0.5,native__raw_ad4,both_bounded,930,30,0,221,221,144.0,0.7042196692196693,0.6515837104072398,,,,,,,,
SPD,assay_envelope,0.5,native__raw_gnina_own,all_determinate,930,377,0,6362,6362,3828.0,0.631072966096694,0.6016975793775542,,,,,,,,
SPD,assay_envelope,0.5,native__raw_gnina_own,both_exact,930,252,0,1976,1976,1164.0,0.6043293860754178,0.5890688259109311,,,,,,,,
SPD,assay_envelope,0.5,native__raw_gnina_own,one_bounded,930,341,0,4165,4165,2553.0,0.6357324856486293,0.6129651860744297,,,,,,,,
SPD,assay_envelope,0.5,native__raw_gnina_own,both_bounded,930,30,0,221,221,111.0,0.4795088245088245,0.502262443438914,,,,,,,,
SPD,assay_envelope,0.5,native__vina,all_determinate,930,377,0,6362,6362,3807.5,0.5814841965842665,0.5984753222257152,,,,,,,,
SPD,assay_envelope,0.5,native__vina,both_exact,930,252,0,1976,1976,1044.0,0.5085217729066935,0.52834008097166,,,,,,,,
SPD,assay_envelope,0.5,native__vina,one_bounded,930,341,0,4165,4165,2599.0,0.608529829001379,0.6240096038415366,,,,,,,,
SPD,assay_envelope,0.5,native__vina,both_bounded,930,30,0,221,221,164.5,0.7757657157657157,0.744343891402715,,,,,,,,
SPD,assay_envelope,1.0,target_prior,all_determinate,930,377,0,6362,6362,4027.0,0.5980369754905411,0.6329770512417479,7016,1138,908,378,0.29069992685420215,0.2856225973329204,0.7929166269523927,0.8784312219398184
SPD,assay_envelope,1.0,target_prior,both_exact,930,252,0,1976,1976,1215.0,0.6000626064118126,0.6148785425101214,,,,,,,,
SPD,assay_envelope,1.0,target_prior,one_bounded,930,341,0,4165,4165,2694.0,0.6117381743185579,0.6468187274909964,,,,,,,,
SPD,assay_envelope,1.0,target_prior,both_bounded,930,30,0,221,221,118.0,0.6071546971546972,0.5339366515837104,,,,,,,,
SPD,assay_envelope,1.0,chemistry,all_determinate,930,377,0,6362,6362,4689.0,0.7162980519483535,0.7370323797547941,7016,1138,908,378,0.2020923241348697,0.2019910106305477,0.6343758074025513,0.6707610500455725
SPD,assay_envelope,1.0,chemistry,both_exact,930,252,0,1976,1976,1335.0,0.6389709643677898,0.6756072874493927,,,,,,,,
SPD,assay_envelope,1.0,chemistry,one_bounded,930,341,0,4165,4165,3194.0,0.7476338969643651,0.7668667466986795,,,,,,,,
SPD,assay_envelope,1.0,chemistry,both_bounded,930,30,0,221,221,160.0,0.7800362600362601,0.7239819004524887,,,,,,,,
SPD,assay_envelope,1.0,availability__boltz_affinity,all_determinate,930,377,0,6362,6362,4690.0,0.7168285559271335,0.7371895630304935,7016,1138,908,378,0.20211234124264968,0.20200252065610685,0.6343688802936644,0.6707525364342849
SPD,assay_envelope,1.0,availability__boltz_affinity,both_exact,930,252,0,1976,1976,1335.0,0.6389709643677898,0.6756072874493927,,,,,,,,
SPD,assay_envelope,1.0,availability__boltz_affinity,one_bounded,930,341,0,4165,4165,3195.0,0.7483670347942771,0.7671068427370948,,,,,,,,
SPD,assay_envelope,1.0,availability__boltz_affinity,both_bounded,930,30,0,221,221,160.0,0.7800362600362601,0.7239819004524887,,,,,,,,
SPD,assay_envelope,1.0,plus__boltz_affinity,all_determinate,930,377,0,6362,6362,4728.0,0.7180976708290507,0.7431625275070732,7016,1138,908,378,0.1823545433230567,0.1802191925121158,0.6394611016850998,0.6368248905458064
SPD,assay_envelope,1.0,plus__boltz_affinity,both_exact,930,252,0,1976,1976,1373.0,0.6523454499644976,0.694838056680162,,,,,,,,
SPD,assay_envelope,1.0,plus__boltz_affinity,one_bounded,930,341,0,4165,4165,3176.0,0.7320793166033297,0.7625450180072029,,,,,,,,
SPD,assay_envelope,1.0,plus__boltz_affinity,both_bounded,930,30,0,221,221,179.0,0.8472313797313797,0.8099547511312217,,,,,,,,
SPD,assay_envelope,1.0,mean__boltz_affinity,all_determinate,930,377,0,6362,6362,4560.0,0.6955435140016347,0.716755737189563,7016,1138,908,378,0.18757952177564122,0.18670491303078132,0.6556050695666882,0.6556090715432858
SPD,assay_envelope,1.0,mean__boltz_affinity,both_exact,930,252,0,1976,1976,1312.0,0.630697374348168,0.6639676113360324,,,,,,,,
SPD,assay_envelope,1.0,mean__boltz_affinity,one_bounded,930,341,0,4165,4165,3093.0,0.7224662438311827,0.7426170468187275,,,,,,,,
SPD,assay_envelope,1.0,mean__boltz_affinity,both_bounded,930,30,0,221,221,155.0,0.7555124505124505,0.7013574660633484,,,,,,,,
SPD,assay_envelope,1.0,mean_relative__boltz_affinity,all_determinate,930,377,0,6362,6362,4761.0,0.717980662410445,0.7483495756051556,7016,1138,908,378,0.1800967145010431,0.1779014151270039,0.6305119371008612,0.6320164639480295
SPD,assay_envelope,1.0,mean_relative__boltz_affinity,both_exact,930,252,0,1976,1976,1383.0,0.6557067271352985,0.6998987854251012,,,,,,,,
SPD,assay_envelope,1.0,mean_relative__boltz_affinity,one_bounded,930,341,0,4165,4165,3191.0,0.7328418824623847,0.7661464585834333,,,,,,,,
SPD,assay_envelope,1.0,mean_relative__boltz_affinity,both_bounded,930,30,0,221,221,187.0,0.8741341066341067,0.8461538461538461,,,,,,,,
SPD,assay_envelope,1.0,availability__boltz_binary,all_determinate,930,377,0,6362,6362,4690.0,0.7168285559271335,0.7371895630304935,7016,1138,908,378,0.20211234124264968,0.20200252065610685,0.6343688802936644,0.6707525364342849
SPD,assay_envelope,1.0,availability__boltz_binary,both_exact,930,252,0,1976,1976,1335.0,0.6389709643677898,0.6756072874493927,,,,,,,,
SPD,assay_envelope,1.0,availability__boltz_binary,one_bounded,930,341,0,4165,4165,3195.0,0.7483670347942771,0.7671068427370948,,,,,,,,
SPD,assay_envelope,1.0,availability__boltz_binary,both_bounded,930,30,0,221,221,160.0,0.7800362600362601,0.7239819004524887,,,,,,,,
SPD,assay_envelope,1.0,plus__boltz_binary,all_determinate,930,377,0,6362,6362,4728.0,0.7235474960355741,0.7431625275070732,7016,1138,908,378,0.18234932756275485,0.1806697747115067,0.6123162692432459,0.6413610604342456
SPD,assay_envelope,1.0,plus__boltz_binary,both_exact,930,252,0,1976,1976,1356.0,0.6281153370439084,0.6862348178137652,,,,,,,,
SPD,assay_envelope,1.0,plus__boltz_binary,one_bounded,930,341,0,4165,4165,3181.0,0.7451656984600837,0.7637454981992797,,,,,,,,
SPD,assay_envelope,1.0,plus__boltz_binary,both_bounded,930,30,0,221,221,191.0,0.8624155474155476,0.8642533936651584,,,,,,,,
SPD,assay_envelope,1.0,mean__boltz_binary,all_determinate,930,377,0,6362,6362,4615.0,0.7049314860345761,0.7254008173530336,7016,1138,908,378,0.18316592238997098,0.18229068874791157,0.6296353697389644,0.6423889578443823
SPD,assay_envelope,1.0,mean__boltz_binary,both_exact,930,252,0,1976,1976,1317.0,0.631957137512693,0.666497975708502,,,,,,,,
SPD,assay_envelope,1.0,mean__boltz_binary,one_bounded,930,341,0,4165,4165,3140.0,0.7351732380921105,0.7539015606242497,,,,,,,,
SPD,assay_envelope,1.0,mean__boltz_binary,both_bounded,930,30,0,221,221,158.0,0.7546373996373996,0.7149321266968326,,,,,,,,
SPD,assay_envelope,1.0,mean_relative__boltz_binary,all_determinate,930,377,0,6362,6362,4749.0,0.7251097999125224,0.7464633762967621,7016,1138,908,378,0.17875126829708193,0.17692061569511747,0.604312241045464,0.6352857950590279
SPD,assay_envelope,1.0,mean_relative__boltz_binary,both_exact,930,252,0,1976,1976,1349.0,0.6398684501859104,0.6826923076923077,,,,,,,,
SPD,assay_envelope,1.0,mean_relative__boltz_binary,one_bounded,930,341,0,4165,4165,3214.0,0.7503718152378382,0.7716686674669868,,,,,,,,
SPD,assay_envelope,1.0,mean_relative__boltz_binary,both_bounded,930,30,0,221,221,186.0,0.8432336182336183,0.8416289592760181,,,,,,,,
SPD,assay_envelope,1.0,availability__boltzina_vina_far_affinity,all_determinate,930,377,0,6362,6362,4687.0,0.7184057638430836,0.7367180132033951,7016,1138,908,378,0.20260353694208952,0.2023670422738099,0.633575674908583,0.6700198484955565
SPD,assay_envelope,1.0,availability__boltzina_vina_far_affinity,both_exact,930,252,0,1976,1976,1336.0,0.6451784473609868,0.6761133603238867,,,,,,,,
SPD,assay_envelope,1.0,availability__boltzina_vina_far_affinity,one_bounded,930,341,0,4165,4165,3192.0,0.7496059618326432,0.7663865546218488,,,,,,,,
SPD,assay_envelope,1.0,availability__boltzina_vina_far_affinity,both_bounded,930,30,0,221,221,159.0,0.7717029267029268,0.7194570135746606,,,,,,,,
SPD,assay_envelope,1.0,plus__boltzina_vina_far_affinity,all_determinate,930,377,0,6362,6362,4747.0,0.7184962327205482,0.7461490097453631,7016,1138,908,378,0.18182701416457844,0.18038350179570026,0.6401037394719143,0.6358051334653853
SPD,assay_envelope,1.0,plus__boltzina_vina_far_affinity,both_exact,930,252,0,1976,1976,1414.0,0.675328397352207,0.7155870445344129,,,,,,,,
SPD,assay_envelope,1.0,plus__boltzina_vina_far_affinity,one_bounded,930,341,0,4165,4165,3158.0,0.7285541985383406,0.7582232893157262,,,,,,,,
SPD,assay_envelope,1.0,plus__boltzina_vina_far_affinity,both_bounded,930,30,0,221,221,175.0,0.8286467236467236,0.7918552036199095,,,,,,,,
SPD,assay_envelope,1.0,mean__boltzina_vina_far_affinity,all_determinate,930,377,0,6362,6362,4550.0,0.6959816478984826,0.7151839044325684,7016,1138,908,378,0.18931457394543244,0.18825855900602453,0.6572229119651891,0.6574451140266193
SPD,assay_envelope,1.0,mean__boltzina_vina_far_affinity,both_exact,930,252,0,1976,1976,1320.0,0.6308872931888804,0.6680161943319838,,,,,,,,
SPD,assay_envelope,1.0,mean__boltzina_vina_far_affinity,one_bounded,930,341,0,4165,4165,3078.0,0.7213079342016586,0.739015606242497,,,,,,,,
SPD,assay_envelope,1.0,mean__boltzina_vina_far_affinity,both_bounded,930,30,0,221,221,152.0,0.7510680060680062,0.6877828054298643,,,,,,,,
SPD,assay_envelope,1.0,mean_relative__boltzina_vina_far_affinity,all_determinate,930,377,0,6362,6362,4779.0,0.7194925023822812,0.751178874567746,7016,1138,908,378,0.17970362822219782,0.17784449284264534,0.6302554243945954,0.6303085004908031
SPD,assay_envelope,1.0,mean_relative__boltzina_vina_far_affinity,both_exact,930,252,0,1976,1976,1394.0,0.6520330859616573,0.7054655870445344,,,,,,,,
SPD,assay_envelope,1.0,mean_relative__boltzina_vina_far_affinity,one_bounded,930,341,0,4165,4165,3201.0,0.7369727609605857,0.768547418967587,,,,,,,,
SPD,assay_envelope,1.0,mean_relative__boltzina_vina_far_affinity,both_bounded,930,30,0,221,221,184.0,0.858058608058608,0.832579185520362,,,,,,,,
SPD,assay_envelope,1.0,availability__boltzina_vina_far_binary,all_determinate,930,377,0,6362,6362,4687.0,0.7184057638430836,0.7367180132033951,7016,1138,908,378,0.20260353694208952,0.2023670422738099,0.633575674908583,0.6700198484955565
SPD,assay_envelope,1.0,availability__boltzina_vina_far_binary,both_exact,930,252,0,1976,1976,1336.0,0.6451784473609868,0.6761133603238867,,,,,,,,
SPD,assay_envelope,1.0,availability__boltzina_vina_far_binary,one_bounded,930,341,0,4165,4165,3192.0,0.7496059618326432,0.7663865546218488,,,,,,,,
SPD,assay_envelope,1.0,availability__boltzina_vina_far_binary,both_bounded,930,30,0,221,221,159.0,0.7717029267029268,0.7194570135746606,,,,,,,,
SPD,assay_envelope,1.0,plus__boltzina_vina_far_binary,all_determinate,930,377,0,6362,6362,4735.0,0.7142469727637364,0.7442628104369695,7016,1138,908,378,0.18126513089257135,0.17969227250783712,0.6102967263059438,0.6370546007364472
SPD,assay_envelope,1.0,plus__boltzina_vina_far_binary,both_exact,930,252,0,1976,1976,1371.0,0.6379858677477726,0.6938259109311741,,,,,,,,
SPD,assay_envelope,1.0,plus__boltzina_vina_far_binary,one_bounded,930,341,0,4165,4165,3175.0,0.7328085408933577,0.7623049219687875,,,,,,,,
SPD,assay_envelope,1.0,plus__boltzina_vina_far_binary,both_bounded,930,30,0,221,221,189.0,0.8433638583638584,0.8552036199095022,,,,,,,,
SPD,assay_envelope,1.0,mean__boltzina_vina_far_binary,all_determinate,930,377,0,6362,6362,4609.0,0.7064896739840449,0.7244577176988368,7016,1138,908,378,0.18297742560785818,0.1818851454905332,0.6304213680910089,0.6420273008764246
SPD,assay_envelope,1.0,mean__boltzina_vina_far_binary,both_exact,930,252,0,1976,1976,1316.0,0.6371548058055995,0.6659919028340081,,,,,,,,
SPD,assay_envelope,1.0,mean__boltzina_vina_far_binary,one_bounded,930,341,0,4165,4165,3134.0,0.7355085044300507,0.7524609843937575,,,,,,,,
SPD,assay_envelope,1.0,mean__boltzina_vina_far_binary,both_bounded,930,30,0,221,221,159.0,0.7613040663040664,0.7194570135746606,,,,,,,,
SPD,assay_envelope,1.0,mean_relative__boltzina_vina_far_binary,all_determinate,930,377,0,6362,6362,4758.0,0.7238739068147472,0.7478780257780572,7016,1138,908,378,0.1783592630050458,0.17652604673076785,0.6041783259908853,0.6328581205874337
SPD,assay_envelope,1.0,mean_relative__boltzina_vina_far_binary,both_exact,930,252,0,1976,1976,1352.0,0.6341236438458662,0.6842105263157895,,,,,,,,
SPD,assay_envelope,1.0,mean_relative__boltzina_vina_far_binary,one_bounded,930,341,0,4165,4165,3213.0,0.7463181608999399,0.7714285714285715,,,,,,,,
SPD,assay_envelope,1.0,mean_relative__boltzina_vina_far_binary,both_bounded,930,30,0,221,221,193.0,0.8780828430828431,0.8733031674208145,,,,,,,,
SPD,assay_envelope,1.0,availability__boltzina_vina_zero_affinity,all_determinate,930,377,0,6362,6362,4687.0,0.7184057638430836,0.7367180132033951,7016,1138,908,378,0.20260353694208952,0.2023670422738099,0.633575674908583,0.6700198484955565
SPD,assay_envelope,1.0,availability__boltzina_vina_zero_affinity,both_exact,930,252,0,1976,1976,1336.0,0.6451784473609868,0.6761133603238867,,,,,,,,
SPD,assay_envelope,1.0,availability__boltzina_vina_zero_affinity,one_bounded,930,341,0,4165,4165,3192.0,0.7496059618326432,0.7663865546218488,,,,,,,,
SPD,assay_envelope,1.0,availability__boltzina_vina_zero_affinity,both_bounded,930,30,0,221,221,159.0,0.7717029267029268,0.7194570135746606,,,,,,,,
SPD,assay_envelope,1.0,plus__boltzina_vina_zero_affinity,all_determinate,930,377,0,6362,6362,4747.0,0.7184962327205482,0.7461490097453631,7016,1138,908,378,0.1818254611538766,0.1803821940059689,0.6401085905029847,0.6358071562639224
SPD,assay_envelope,1.0,plus__boltzina_vina_zero_affinity,both_exact,930,252,0,1976,1976,1414.0,0.675328397352207,0.7155870445344129,,,,,,,,
SPD,assay_envelope,1.0,plus__boltzina_vina_zero_affinity,one_bounded,930,341,0,4165,4165,3158.0,0.7285541985383406,0.7582232893157262,,,,,,,,
SPD,assay_envelope,1.0,plus__boltzina_vina_zero_affinity,both_bounded,930,30,0,221,221,175.0,0.8286467236467236,0.7918552036199095,,,,,,,,
SPD,assay_envelope,1.0,mean__boltzina_vina_zero_affinity,all_determinate,930,377,0,6362,6362,4550.0,0.6959816478984826,0.7151839044325684,7016,1138,908,378,0.18931462654021147,0.1882586856242777,0.65722397498175,0.657446054105322
SPD,assay_envelope,1.0,mean__boltzina_vina_zero_affinity,both_exact,930,252,0,1976,1976,1320.0,0.6308872931888804,0.6680161943319838,,,,,,,,
SPD,assay_envelope,1.0,mean__boltzina_vina_zero_affinity,one_bounded,930,341,0,4165,4165,3078.0,0.7213079342016586,0.739015606242497,,,,,,,,
SPD,assay_envelope,1.0,mean__boltzina_vina_zero_affinity,both_bounded,930,30,0,221,221,152.0,0.7510680060680062,0.6877828054298643,,,,,,,,
SPD,assay_envelope,1.0,mean_relative__boltzina_vina_zero_affinity,all_determinate,930,377,0,6362,6362,4779.0,0.7194925023822812,0.751178874567746,7016,1138,908,378,0.17970233182635156,0.17784292894853612,0.6302533082524882,0.6303051268022872
SPD,assay_envelope,1.0,mean_relative__boltzina_vina_zero_affinity,both_exact,930,252,0,1976,1976,1394.0,0.6520330859616573,0.7054655870445344,,,,,,,,
SPD,assay_envelope,1.0,mean_relative__boltzina_vina_zero_affinity,one_bounded,930,341,0,4165,4165,3201.0,0.7369727609605857,0.768547418967587,,,,,,,,
SPD,assay_envelope,1.0,mean_relative__boltzina_vina_zero_affinity,both_bounded,930,30,0,221,221,184.0,0.858058608058608,0.832579185520362,,,,,,,,
SPD,assay_envelope,1.0,availability__boltzina_vina_zero_binary,all_determinate,930,377,0,6362,6362,4687.0,0.7184057638430836,0.7367180132033951,7016,1138,908,378,0.20260353694208952,0.2023670422738099,0.633575674908583,0.6700198484955565
SPD,assay_envelope,1.0,availability__boltzina_vina_zero_binary,both_exact,930,252,0,1976,1976,1336.0,0.6451784473609868,0.6761133603238867,,,,,,,,
SPD,assay_envelope,1.0,availability__boltzina_vina_zero_binary,one_bounded,930,341,0,4165,4165,3192.0,0.7496059618326432,0.7663865546218488,,,,,,,,
SPD,assay_envelope,1.0,availability__boltzina_vina_zero_binary,both_bounded,930,30,0,221,221,159.0,0.7717029267029268,0.7194570135746606,,,,,,,,
SPD,assay_envelope,1.0,plus__boltzina_vina_zero_binary,all_determinate,930,377,0,6362,6362,4735.0,0.7142469727637364,0.7442628104369695,7016,1138,908,378,0.18126519694909032,0.17969233996245373,0.6102962430491243,0.6370538491389796
SPD,assay_envelope,1.0,plus__boltzina_vina_zero_binary,both_exact,930,252,0,1976,1976,1371.0,0.6379858677477726,0.6938259109311741,,,,,,,,
SPD,assay_envelope,1.0,plus__boltzina_vina_zero_binary,one_bounded,930,341,0,4165,4165,3175.0,0.7328085408933577,0.7623049219687875,,,,,,,,
SPD,assay_envelope,1.0,plus__boltzina_vina_zero_binary,both_bounded,930,30,0,221,221,189.0,0.8433638583638584,0.8552036199095022,,,,,,,,
SPD,assay_envelope,1.0,mean__boltzina_vina_zero_binary,all_determinate,930,377,0,6362,6362,4609.0,0.7064896739840449,0.7244577176988368,7016,1138,908,378,0.1829772276310473,0.18188498862937402,0.6304220374925148,0.6420280696922993
SPD,assay_envelope,1.0,mean__boltzina_vina_zero_binary,both_exact,930,252,0,1976,1976,1316.0,0.6371548058055995,0.6659919028340081,,,,,,,,
SPD,assay_envelope,1.0,mean__boltzina_vina_zero_binary,one_bounded,930,341,0,4165,4165,3134.0,0.7355085044300507,0.7524609843937575,,,,,,,,
SPD,assay_envelope,1.0,mean__boltzina_vina_zero_binary,both_bounded,930,30,0,221,221,159.0,0.7613040663040664,0.7194570135746606,,,,,,,,
SPD,assay_envelope,1.0,mean_relative__boltzina_vina_zero_binary,all_determinate,930,377,0,6362,6362,4759.0,0.7240002172858854,0.7480352090537566,7016,1138,908,378,0.17835874633191878,0.17652547157442353,0.6041771211965175,0.6328575442863429
SPD,assay_envelope,1.0,mean_relative__boltzina_vina_zero_binary,both_exact,930,252,0,1976,1976,1352.0,0.6341236438458662,0.6842105263157895,,,,,,,,
SPD,assay_envelope,1.0,mean_relative__boltzina_vina_zero_binary,one_bounded,930,341,0,4165,4165,3214.0,0.746481080417698,0.7716686674669868,,,,,,,,
SPD,assay_envelope,1.0,mean_relative__boltzina_vina_zero_binary,both_bounded,930,30,0,221,221,193.0,0.8780828430828431,0.8733031674208145,,,,,,,,
SPD,assay_envelope,1.0,availability__gnina,all_determinate,930,377,0,6362,6362,4688.0,0.7178129520433754,0.7368751964790946,7016,1138,908,378,0.20219330184886505,0.202062446849509,0.6344428288412327,0.6708396131417668
SPD,assay_envelope,1.0,availability__gnina,both_exact,930,252,0,1976,1976,1338.0,0.6449233453201707,0.6771255060728745,,,,,,,,
SPD,assay_envelope,1.0,availability__gnina,one_bounded,930,341,0,4165,4165,3191.0,0.7482623008185755,0.7661464585834333,,,,,,,,
SPD,assay_envelope,1.0,availability__gnina,both_bounded,930,30,0,221,221,159.0,0.7717029267029268,0.7194570135746606,,,,,,,,
SPD,assay_envelope,1.0,plus__gnina,all_determinate,930,377,0,6362,6362,4680.0,0.7144367812777039,0.7356177302734989,7016,1138,908,378,0.1988642235842057,0.19808912813822205,0.6287608806828872,0.664879373811973
SPD,assay_envelope,1.0,plus__gnina,both_exact,930,252,0,1976,1976,1365.0,0.656701081105843,0.6907894736842105,,,,,,,,
SPD,assay_envelope,1.0,plus__gnina,one_bounded,930,341,0,4165,4165,3151.0,0.73773133864738,0.7565426170468187,,,,,,,,
SPD,assay_envelope,1.0,plus__gnina,both_bounded,930,30,0,221,221,164.0,0.7997952972952973,0.7420814479638009,,,,,,,,
SPD,assay_envelope,1.0,mean__gnina,all_determinate,930,377,0,6362,6362,4670.0,0.7103499152949089,0.7340458975165043,7016,1138,908,378,0.2015721619294007,0.2009976966019284,0.6397494184137854,0.6698843700477423
SPD,assay_envelope,1.0,mean__gnina,both_exact,930,252,0,1976,1976,1348.0,0.6534172984569809,0.6821862348178138,,,,,,,,
SPD,assay_envelope,1.0,mean__gnina,one_bounded,930,341,0,4165,4165,3165.0,0.7403123093341324,0.7599039615846338,,,,,,,,
SPD,assay_envelope,1.0,mean__gnina,both_bounded,930,30,0,221,221,157.0,0.7730918155918156,0.7104072398190046,,,,,,,,
SPD,assay_envelope,1.0,mean_relative__gnina,all_determinate,930,377,0,6362,6362,4694.0,0.7091532253792528,0.7378182961332914,7016,1138,908,378,0.1992308940599439,0.19830222615913579,0.6311882388455184,0.6660908037044367
SPD,assay_envelope,1.0,mean_relative__gnina,both_exact,930,252,0,1976,1976,1362.0,0.652349649175046,0.6892712550607287,,,,,,,,
SPD,assay_envelope,1.0,mean_relative__gnina,one_bounded,930,341,0,4165,4165,3173.0,0.7372693225227688,0.7618247298919568,,,,,,,,
SPD,assay_envelope,1.0,mean_relative__gnina,both_bounded,930,30,0,221,221,159.0,0.7754699004699006,0.7194570135746606,,,,,,,,
SPD,assay_envelope,1.0,availability__nesso_affinity,all_determinate,930,377,0,6362,6362,4688.0,0.7178129520433754,0.7368751964790946,7016,1138,908,378,0.20219330184886505,0.202062446849509,0.6344428288412327,0.6708396131417668
SPD,assay_envelope,1.0,availability__nesso_affinity,both_exact,930,252,0,1976,1976,1338.0,0.6449233453201707,0.6771255060728745,,,,,,,,
SPD,assay_envelope,1.0,availability__nesso_affinity,one_bounded,930,341,0,4165,4165,3191.0,0.7482623008185755,0.7661464585834333,,,,,,,,
SPD,assay_envelope,1.0,availability__nesso_affinity,both_bounded,930,30,0,221,221,159.0,0.7717029267029268,0.7194570135746606,,,,,,,,
SPD,assay_envelope,1.0,plus__nesso_affinity,all_determinate,930,377,0,6362,6362,4763.0,0.7265781795435357,0.7486639421565545,7016,1138,908,378,0.18107025982327188,0.1794464943664773,0.5984254403224684,0.622379187763801
SPD,assay_envelope,1.0,plus__nesso_affinity,both_exact,930,252,0,1976,1976,1379.0,0.6591955076082059,0.6978744939271255,,,,,,,,
SPD,assay_envelope,1.0,plus__nesso_affinity,one_bounded,930,341,0,4165,4165,3225.0,0.7536457868211223,0.7743097238895558,,,,,,,,
SPD,assay_envelope,1.0,plus__nesso_affinity,both_bounded,930,30,0,221,221,159.0,0.7675087875087876,0.7194570135746606,,,,,,,,
SPD,assay_envelope,1.0,mean__nesso_affinity,all_determinate,930,377,0,6362,6362,4609.0,0.7029846234291278,0.7244577176988368,7016,1138,908,378,0.19553408661998664,0.1950868826075745,0.6397477608563558,0.6647171232114265
SPD,assay_envelope,1.0,mean__nesso_affinity,both_exact,930,252,0,1976,1976,1319.0,0.641669052581751,0.6675101214574899,,,,,,,,
SPD,assay_envelope,1.0,mean__nesso_affinity,one_bounded,930,341,0,4165,4165,3132.0,0.7332607270085663,0.7519807923169267,,,,,,,,
SPD,assay_envelope,1.0,mean__nesso_affinity,both_bounded,930,30,0,221,221,158.0,0.7680185555185555,0.7149321266968326,,,,,,,,
SPD,assay_envelope,1.0,mean_relative__nesso_affinity,all_determinate,930,377,0,6362,6362,4767.0,0.7186442166261418,0.7492926752593524,7016,1138,908,378,0.18053946768732088,0.1786838508999784,0.5930215971190423,0.6168984804133367
SPD,assay_envelope,1.0,mean_relative__nesso_affinity,both_exact,930,252,0,1976,1976,1381.0,0.6532966665903174,0.6988866396761133,,,,,,,,
SPD,assay_envelope,1.0,mean_relative__nesso_affinity,one_bounded,930,341,0,4165,4165,3225.0,0.7457954673075322,0.7743097238895558,,,,,,,,
SPD,assay_envelope,1.0,mean_relative__nesso_affinity,both_bounded,930,30,0,221,221,161.0,0.7870855070855072,0.7285067873303167,,,,,,,,
SPD,assay_envelope,1.0,availability__nesso_binary,all_determinate,930,377,0,6362,6362,4688.0,0.7178129520433754,0.7368751964790946,7016,1138,908,378,0.20219330184886505,0.202062446849509,0.6344428288412327,0.6708396131417668
SPD,assay_envelope,1.0,availability__nesso_binary,both_exact,930,252,0,1976,1976,1338.0,0.6449233453201707,0.6771255060728745,,,,,,,,
SPD,assay_envelope,1.0,availability__nesso_binary,one_bounded,930,341,0,4165,4165,3191.0,0.7482623008185755,0.7661464585834333,,,,,,,,
SPD,assay_envelope,1.0,availability__nesso_binary,both_bounded,930,30,0,221,221,159.0,0.7717029267029268,0.7194570135746606,,,,,,,,
SPD,assay_envelope,1.0,plus__nesso_binary,all_determinate,930,377,0,6362,6362,4700.0,0.7202640026156838,0.7387613957874882,7016,1138,908,378,0.18068200832524628,0.18011938355430446,0.619902850480983,0.6358638103459963
SPD,assay_envelope,1.0,plus__nesso_binary,both_exact,930,252,0,1976,1976,1363.0,0.6509474945982883,0.6897773279352226,,,,,,,,
SPD,assay_envelope,1.0,plus__nesso_binary,one_bounded,930,341,0,4165,4165,3164.0,0.7432948361853837,0.7596638655462185,,,,,,,,
SPD,assay_envelope,1.0,plus__nesso_binary,both_bounded,930,30,0,221,221,173.0,0.8159615384615384,0.7828054298642534,,,,,,,,
SPD,assay_envelope,1.0,mean__nesso_binary,all_determinate,930,377,0,6362,6362,4608.0,0.6926398691764479,0.7243005344231374,7016,1138,908,378,0.18686148585195364,0.1872434299849603,0.646424011596177,0.654918754784333
SPD,assay_envelope,1.0,mean__nesso_binary,both_exact,930,252,0,1976,1976,1307.0,0.6287477954144621,0.6614372469635628,,,,,,,,
SPD,assay_envelope,1.0,mean__nesso_binary,one_bounded,930,341,0,4165,4165,3137.0,0.7237803514720409,0.7531812725090036,,,,,,,,
SPD,assay_envelope,1.0,mean__nesso_binary,both_bounded,930,30,0,221,221,164.0,0.7831976356976358,0.7420814479638009,,,,,,,,
SPD,assay_envelope,1.0,mean_relative__nesso_binary,all_determinate,930,377,0,6362,6362,4719.0,0.7149238405301588,0.741747878025778,7016,1138,908,378,0.17990497060066943,0.17903666392942247,0.6322466736135084,0.6378579679144876
SPD,assay_envelope,1.0,mean_relative__nesso_binary,both_exact,930,252,0,1976,1976,1370.0,0.6592945708025073,0.6933198380566802,,,,,,,,
SPD,assay_envelope,1.0,mean_relative__nesso_binary,one_bounded,930,341,0,4165,4165,3170.0,0.7352520996332983,0.7611044417767107,,,,,,,,
SPD,assay_envelope,1.0,mean_relative__nesso_binary,both_bounded,930,30,0,221,221,179.0,0.8306908831908832,0.8099547511312217,,,,,,,,
SPD,assay_envelope,1.0,availability__raw_ad4,all_determinate,930,377,0,6362,6362,4688.0,0.7178129520433754,0.7368751964790946,7016,1138,908,378,0.20219330184886505,0.202062446849509,0.6344428288412327,0.6708396131417668
SPD,assay_envelope,1.0,availability__raw_ad4,both_exact,930,252,0,1976,1976,1338.0,0.6449233453201707,0.6771255060728745,,,,,,,,
SPD,assay_envelope,1.0,availability__raw_ad4,one_bounded,930,341,0,4165,4165,3191.0,0.7482623008185755,0.7661464585834333,,,,,,,,
SPD,assay_envelope,1.0,availability__raw_ad4,both_bounded,930,30,0,221,221,159.0,0.7717029267029268,0.7194570135746606,,,,,,,,
SPD,assay_envelope,1.0,plus__raw_ad4,all_determinate,930,377,0,6362,6362,4688.0,0.717798439530813,0.7368751964790946,7016,1138,908,378,0.20166321363228584,0.2015964312121263,0.6326387064511021,0.6698912527968786
SPD,assay_envelope,1.0,plus__raw_ad4,both_exact,930,252,0,1976,1976,1343.0,0.6481085419577483,0.6796558704453441,,,,,,,,
SPD,assay_envelope,1.0,plus__raw_ad4,one_bounded,930,341,0,4165,4165,3185.0,0.7474170565625152,0.7647058823529411,,,,,,,,
SPD,assay_envelope,1.0,plus__raw_ad4,both_bounded,930,30,0,221,221,160.0,0.7758695933695935,0.7239819004524887,,,,,,,,
SPD,assay_envelope,1.0,mean__raw_ad4,all_determinate,930,377,0,6362,6362,4686.0,0.7176374400095391,0.7365608299276957,7016,1138,908,378,0.20117114673695682,0.20156614680173937,0.6343339112543188,0.6703179312103938
SPD,assay_envelope,1.0,mean__raw_ad4,both_exact,930,252,0,1976,1976,1340.0,0.6473798834909945,0.6781376518218624,,,,,,,,
SPD,assay_envelope,1.0,mean__raw_ad4,one_bounded,930,341,0,4165,4165,3188.0,0.7476137037808979,0.7654261704681873,,,,,,,,
SPD,assay_envelope,1.0,mean__raw_ad4,both_bounded,930,30,0,221,221,158.0,0.766941021941022,0.7149321266968326,,,,,,,,
SPD,assay_envelope,1.0,mean_relative__raw_ad4,all_determinate,930,377,0,6362,6362,4693.0,0.7182871786137167,0.737661112857592,7016,1138,908,378,0.2011103664720216,0.20141336414624403,0.6327779065590943,0.6697413344135834
SPD,assay_envelope,1.0,mean_relative__raw_ad4,both_exact,930,252,0,1976,1976,1342.0,0.6468613764248684,0.6791497975708503,,,,,,,,
SPD,assay_envelope,1.0,mean_relative__raw_ad4,one_bounded,930,341,0,4165,4165,3192.0,0.7484156474144786,0.7663865546218488,,,,,,,,
SPD,assay_envelope,1.0,mean_relative__raw_ad4,both_bounded,930,30,0,221,221,159.0,0.7717029267029268,0.7194570135746606,,,,,,,,
SPD,assay_envelope,1.0,availability__raw_gnina_own,all_determinate,930,377,0,6362,6362,4688.0,0.7178129520433754,0.7368751964790946,7016,1138,908,378,0.20220325180132198,0.20207007119524634,0.6344266009809948,0.6708277553675828
SPD,assay_envelope,1.0,availability__raw_gnina_own,both_exact,930,252,0,1976,1976,1338.0,0.6449233453201707,0.6771255060728745,,,,,,,,
SPD,assay_envelope,1.0,availability__raw_gnina_own,one_bounded,930,341,0,4165,4165,3191.0,0.7482623008185755,0.7661464585834333,,,,,,,,
SPD,assay_envelope,1.0,availability__raw_gnina_own,both_bounded,930,30,0,221,221,159.0,0.7717029267029268,0.7194570135746606,,,,,,,,
SPD,assay_envelope,1.0,plus__raw_gnina_own,all_determinate,930,377,0,6362,6362,4719.0,0.7237595702983733,0.741747878025778,7016,1138,908,378,0.197832056461392,0.19709317933941997,0.6339722338127962,0.6627940676458796
SPD,assay_envelope,1.0,plus__raw_gnina_own,both_exact,930,252,0,1976,1976,1357.0,0.6598118371927896,0.6867408906882592,,,,,,,,
SPD,assay_envelope,1.0,plus__raw_gnina_own,one_bounded,930,341,0,4165,4165,3201.0,0.7502814143941202,0.768547418967587,,,,,,,,
SPD,assay_envelope,1.0,plus__raw_gnina_own,both_bounded,930,30,0,221,221,161.0,0.7759328634328635,0.7285067873303167,,,,,,,,
SPD,assay_envelope,1.0,mean__raw_gnina_own,all_determinate,930,377,0,6362,6362,4662.0,0.7110291016258967,0.7327884313109085,7016,1138,908,378,0.2005540782793267,0.20005745318350604,0.6395094071753042,0.6689424789661941
SPD,assay_envelope,1.0,mean__raw_gnina_own,both_exact,930,252,0,1976,1976,1333.0,0.651996915488979,0.6745951417004049,,,,,,,,
SPD,assay_envelope,1.0,mean__raw_gnina_own,one_bounded,930,341,0,4165,4165,3170.0,0.7397817543300077,0.7611044417767107,,,,,,,,
SPD,assay_envelope,1.0,mean__raw_gnina_own,both_bounded,930,30,0,221,221,159.0,0.7750759425759426,0.7194570135746606,,,,,,,,
SPD,assay_envelope,1.0,mean_relative__raw_gnina_own,all_determinate,930,377,0,6362,6362,4680.0,0.7206398635118922,0.7356177302734989,7016,1138,908,378,0.19805961204684758,0.19754620273640297,0.6391859339181019,0.6664094661850498
SPD,assay_envelope,1.0,mean_relative__raw_gnina_own,both_exact,930,252,0,1976,1976,1337.0,0.6607576139322171,0.6766194331983806,,,,,,,,
SPD,assay_envelope,1.0,mean_relative__raw_gnina_own,one_bounded,930,341,0,4165,4165,3182.0,0.7498190461353212,0.7639855942376951,,,,,,,,
SPD,assay_envelope,1.0,mean_relative__raw_gnina_own,both_bounded,930,30,0,221,221,161.0,0.7656162356162357,0.7285067873303167,,,,,,,,
SPD,assay_envelope,1.0,availability__vina,all_determinate,930,377,0,6362,6362,4688.0,0.7178129520433754,0.7368751964790946,7016,1138,908,378,0.20219330184886505,0.202062446849509,0.6344428288412327,0.6708396131417668
SPD,assay_envelope,1.0,availability__vina,both_exact,930,252,0,1976,1976,1338.0,0.6449233453201707,0.6771255060728745,,,,,,,,
SPD,assay_envelope,1.0,availability__vina,one_bounded,930,341,0,4165,4165,3191.0,0.7482623008185755,0.7661464585834333,,,,,,,,
SPD,assay_envelope,1.0,availability__vina,both_bounded,930,30,0,221,221,159.0,0.7717029267029268,0.7194570135746606,,,,,,,,
SPD,assay_envelope,1.0,plus__vina,all_determinate,930,377,0,6362,6362,4707.0,0.7250825523261146,0.7398616787173845,7016,1138,908,378,0.19870964349338044,0.199530055584962,0.630593809553771,0.6675257898016088
SPD,assay_envelope,1.0,plus__vina,both_exact,930,252,0,1976,1976,1336.0,0.6485368614336868,0.6761133603238867,,,,,,,,
SPD,assay_envelope,1.0,plus__vina,one_bounded,930,341,0,4165,4165,3208.0,0.7548108758858035,0.7702280912364946,,,,,,,,
SPD,assay_envelope,1.0,plus__vina,both_bounded,930,30,0,221,221,163.0,0.7836160136160136,0.7375565610859729,,,,,,,,
SPD,assay_envelope,1.0,mean__vina,all_determinate,930,377,0,6362,6362,4706.0,0.7219957531928539,0.739704495441685,7016,1138,908,378,0.20046110741862874,0.20143779062603162,0.6372263383268165,0.6717210878218092
SPD,assay_envelope,1.0,mean__vina,both_exact,930,252,0,1976,1976,1340.0,0.644280866106263,0.6781376518218624,,,,,,,,
SPD,assay_envelope,1.0,mean__vina,one_bounded,930,341,0,4165,4165,3204.0,0.7534567197205382,0.7692677070828331,,,,,,,,
SPD,assay_envelope,1.0,mean__vina,both_bounded,930,30,0,221,221,162.0,0.7878437303437305,0.7330316742081447,,,,,,,,
SPD,assay_envelope,1.0,mean_relative__vina,all_determinate,930,377,0,6362,6362,4729.0,0.7276469776523535,0.7433197107827727,7016,1138,908,378,0.1982071262409997,0.19915414583244373,0.6234929309506194,0.6671404248950724
SPD,assay_envelope,1.0,mean_relative__vina,both_exact,930,252,0,1976,1976,1329.0,0.6361816387610038,0.6725708502024291,,,,,,,,
SPD,assay_envelope,1.0,mean_relative__vina,one_bounded,930,341,0,4165,4165,3233.0,0.7595539129744504,0.7762304921968788,,,,,,,,
SPD,assay_envelope,1.0,mean_relative__vina,both_bounded,930,30,0,221,221,167.0,0.8008779183779183,0.755656108597285,,,,,,,,
SPD,assay_envelope,1.0,native__boltz_affinity,all_determinate,930,377,0,6362,6362,3811.0,0.5657790968737226,0.5990254636906633,,,,,,,,
SPD,assay_envelope,1.0,native__boltz_affinity,both_exact,930,252,0,1976,1976,1201.0,0.5909877306702703,0.6077935222672065,,,,,,,,
SPD,assay_envelope,1.0,native__boltz_affinity,one_bounded,930,341,0,4165,4165,2481.0,0.561792076614662,0.5956782713085234,,,,,,,,
SPD,assay_envelope,1.0,native__boltz_affinity,both_bounded,930,30,0,221,221,129.0,0.5785669885669886,0.583710407239819,,,,,,,,
SPD,assay_envelope,1.0,native__boltz_binary,all_determinate,930,377,0,6362,6362,4382.0,0.6687217269754823,0.6887771141150582,,,,,,,,
SPD,assay_envelope,1.0,native__boltz_binary,both_exact,930,252,0,1976,1976,1304.0,0.611235369568703,0.659919028340081,,,,,,,,
SPD,assay_envelope,1.0,native__boltz_binary,one_bounded,930,341,0,4165,4165,2930.0,0.6791693533149108,0.7034813925570228,,,,,,,,
SPD,assay_envelope,1.0,native__boltz_binary,both_bounded,930,30,0,221,221,148.0,0.6921355496355498,0.669683257918552,,,,,,,,
SPD,assay_envelope,1.0,native__boltzina_vina_far_affinity,all_determinate,930,377,0,6362,6362,3762.0,0.5679041420989718,0.5913234831813895,,,,,,,,
SPD,assay_envelope,1.0,native__boltzina_vina_far_affinity,both_exact,930,252,0,1976,1976,1193.0,0.5729262580453057,0.603744939271255,,,,,,,,
SPD,assay_envelope,1.0,native__boltzina_vina_far_affinity,one_bounded,930,341,0,4165,4165,2444.0,0.5699969496392506,0.5867947178871549,,,,,,,,
SPD,assay_envelope,1.0,native__boltzina_vina_far_affinity,both_bounded,930,30,0,221,221,125.0,0.5510397010397009,0.5656108597285068,,,,,,,,
SPD,assay_envelope,1.0,native__boltzina_vina_far_binary,all_determinate,930,377,0,6362,6362,4440.0,0.6768577604394237,0.6978937441056272,,,,,,,,
SPD,assay_envelope,1.0,native__boltzina_vina_far_binary,both_exact,930,252,0,1976,1976,1331.0,0.6294187147361751,0.673582995951417,,,,,,,,
SPD,assay_envelope,1.0,native__boltzina_vina_far_binary,one_bounded,930,341,0,4165,4165,2955.0,0.6897882314826562,0.709483793517407,,,,,,,,
SPD,assay_envelope,1.0,native__boltzina_vina_far_binary,both_bounded,930,30,0,221,221,154.0,0.6863795463795465,0.6968325791855203,,,,,,,,
SPD,assay_envelope,1.0,native__boltzina_vina_zero_affinity,all_determinate,930,377,0,6362,6362,3762.0,0.5679041420989718,0.5913234831813895,,,,,,,,
SPD,assay_envelope,1.0,native__boltzina_vina_zero_affinity,both_exact,930,252,0,1976,1976,1193.0,0.5729262580453057,0.603744939271255,,,,,,,,
SPD,assay_envelope,1.0,native__boltzina_vina_zero_affinity,one_bounded,930,341,0,4165,4165,2444.0,0.5699969496392506,0.5867947178871549,,,,,,,,
SPD,assay_envelope,1.0,native__boltzina_vina_zero_affinity,both_bounded,930,30,0,221,221,125.0,0.5510397010397009,0.5656108597285068,,,,,,,,
SPD,assay_envelope,1.0,native__boltzina_vina_zero_binary,all_determinate,930,377,0,6362,6362,4440.0,0.6768577604394237,0.6978937441056272,,,,,,,,
SPD,assay_envelope,1.0,native__boltzina_vina_zero_binary,both_exact,930,252,0,1976,1976,1331.0,0.6294187147361751,0.673582995951417,,,,,,,,
SPD,assay_envelope,1.0,native__boltzina_vina_zero_binary,one_bounded,930,341,0,4165,4165,2955.0,0.6897882314826562,0.709483793517407,,,,,,,,
SPD,assay_envelope,1.0,native__boltzina_vina_zero_binary,both_bounded,930,30,0,221,221,154.0,0.6863795463795465,0.6968325791855203,,,,,,,,
SPD,assay_envelope,1.0,native__gnina,all_determinate,930,377,0,6362,6362,3850.0,0.6171693297360323,0.6051556114429425,,,,,,,,
SPD,assay_envelope,1.0,native__gnina,both_exact,930,252,0,1976,1976,1156.0,0.5852580033135589,0.5850202429149798,,,,,,,,
SPD,assay_envelope,1.0,native__gnina,one_bounded,930,341,0,4165,4165,2562.0,0.6193636154074491,0.6151260504201681,,,,,,,,
SPD,assay_envelope,1.0,native__gnina,both_bounded,930,30,0,221,221,132.0,0.6253950678950679,0.5972850678733032,,,,,,,,
SPD,assay_envelope,1.0,native__nesso_affinity,all_determinate,930,377,0,6362,6362,3719.0,0.5553065569079979,0.5845646023263125,,,,,,,,
SPD,assay_envelope,1.0,native__nesso_affinity,both_exact,930,252,0,1976,1976,1120.0,0.5430473480076655,0.5668016194331984,,,,,,,,
SPD,assay_envelope,1.0,native__nesso_affinity,one_bounded,930,341,0,4165,4165,2493.0,0.5717197654340219,0.5985594237695078,,,,,,,,
SPD,assay_envelope,1.0,native__nesso_affinity,both_bounded,930,30,0,221,221,106.0,0.5002080327080327,0.4796380090497738,,,,,,,,
SPD,assay_envelope,1.0,native__nesso_binary,all_determinate,930,377,0,6362,6362,4106.0,0.6241108114447099,0.6453945300220056,,,,,,,,
SPD,assay_envelope,1.0,native__nesso_binary,both_exact,930,252,0,1976,1976,1195.0,0.5981290608274734,0.604757085020243,,,,,,,,
SPD,assay_envelope,1.0,native__nesso_binary,one_bounded,930,341,0,4165,4165,2772.0,0.6485275481897146,0.6655462184873949,,,,,,,,
SPD,assay_envelope,1.0,native__nesso_binary,both_bounded,930,30,0,221,221,139.0,0.6675372775372775,0.6289592760180995,,,,,,,,
SPD,assay_envelope,1.0,native__raw_ad4,all_determinate,930,377,0,6362,6362,3523.0,0.5446264237695985,0.5537566802892172,,,,,,,,
SPD,assay_envelope,1.0,native__raw_ad4,both_exact,930,252,0,1976,1976,1054.5,0.5171640822434473,0.5336538461538461,,,,,,,,
SPD,assay_envelope,1.0,native__raw_ad4,one_bounded,930,341,0,4165,4165,2324.5,0.557069880410956,0.5581032412965186,,,,,,,,
SPD,assay_envelope,1.0,native__raw_ad4,both_bounded,930,30,0,221,221,144.0,0.7042196692196693,0.6515837104072398,,,,,,,,
SPD,assay_envelope,1.0,native__raw_gnina_own,all_determinate,930,377,0,6362,6362,3828.0,0.631072966096694,0.6016975793775542,,,,,,,,
SPD,assay_envelope,1.0,native__raw_gnina_own,both_exact,930,252,0,1976,1976,1164.0,0.6043293860754178,0.5890688259109311,,,,,,,,
SPD,assay_envelope,1.0,native__raw_gnina_own,one_bounded,930,341,0,4165,4165,2553.0,0.6357324856486293,0.6129651860744297,,,,,,,,
SPD,assay_envelope,1.0,native__raw_gnina_own,both_bounded,930,30,0,221,221,111.0,0.4795088245088245,0.502262443438914,,,,,,,,
SPD,assay_envelope,1.0,native__vina,all_determinate,930,377,0,6362,6362,3807.5,0.5814841965842665,0.5984753222257152,,,,,,,,
SPD,assay_envelope,1.0,native__vina,both_exact,930,252,0,1976,1976,1044.0,0.5085217729066935,0.52834008097166,,,,,,,,
SPD,assay_envelope,1.0,native__vina,one_bounded,930,341,0,4165,4165,2599.0,0.608529829001379,0.6240096038415366,,,,,,,,
SPD,assay_envelope,1.0,native__vina,both_bounded,930,30,0,221,221,164.5,0.7757657157657157,0.744343891402715,,,,,,,,
