policy,method,kind,local_label_fraction,certified_molecules,score_complete_molecules,assay_budget_k,certified_macro_expected_recovery,certified_expected_recovered_count,bootstrap_recovery_p025,bootstrap_recovery_p975,certified_expected_assays_spent_to_hit_or_cap,bootstrap_capped_assays_p025,bootstrap_capped_assays_p975,whole_population_lower_recovery_G,whole_population_upper_recovery_P,whole_population_lower_expected_count,whole_population_upper_expected_count
source_representative,target_prior,trained_oof,0.125,205,909,1,0.2,41.0,0.14572620383470752,0.26501007109004737,1.0,1.0,1.0,0.045104510451045104,0.7425742574257426,41.0,675.0
source_representative,target_prior,trained_oof,0.125,205,909,2,0.34146341463414637,70.0,0.2690169617432215,0.42326000419023674,1.8,1.7349899289099524,1.8542737961652924,0.07700770077007701,0.8206820682068207,70.0,746.0
source_representative,target_prior,trained_oof,0.125,205,909,3,0.5707317073170731,117.0,0.48825729496596804,0.6450208333333333,2.4585365853658536,2.324191128506197,2.575043604651163,0.12871287128712872,0.8822882288228823,117.0,802.0
source_representative,target_prior,trained_oof,0.125,205,909,4,0.6487804878048781,133.0,0.5699339316260505,0.725002962085308,2.8878048780487804,2.6969367588932807,3.0663806961140616,0.14631463146314633,0.9031903190319032,133.0,821.0
source_representative,target_prior,trained_oof,0.125,205,909,5,0.7121951219512195,146.0,0.6359121223119499,0.7857231698649608,3.2390243902439027,2.995260099300384,3.4878048780487805,0.16061606160616063,0.9262926292629263,146.0,842.0
source_representative,target_prior,trained_oof,0.125,205,909,6,0.8048780487804879,165.0,0.7362960979854093,0.866700507614213,3.526829268292683,3.2265329755165064,3.840197982689293,0.18151815181518152,0.9515951595159516,165.0,865.0
source_representative,target_prior,trained_oof,0.125,205,909,7,0.8682926829268293,178.0,0.8078560631508229,0.9203980099502488,3.7219512195121953,3.3756338987247743,4.088108551787822,0.19581958195819582,0.966996699669967,178.0,879.0
source_representative,target_prior,trained_oof,0.125,205,909,8,0.9219512195121952,189.0,0.8724357846586911,0.9660235214108156,3.8536585365853657,3.4714797317890884,4.260688975506046,0.2079207920792079,0.9812981298129813,189.0,892.0
source_representative,target_prior,trained_oof,0.125,205,909,9,0.9707317073170731,199.0,0.9438775510204082,0.9907407407407407,3.9317073170731707,3.5174129353233825,4.356462576309444,0.21892189218921893,0.9933993399339934,199.0,903.0
source_representative,target_prior,trained_oof,0.125,205,909,10,1.0,205.0,1.0,1.0,3.9609756097560975,3.5454211229946537,4.3990394088669955,0.22552255225522552,1.0,205.0,909.0
source_representative,target_prior,trained_oof,0.25,205,909,1,0.2,41.0,0.14572620383470752,0.26501007109004737,1.0,1.0,1.0,0.045104510451045104,0.7425742574257426,41.0,675.0
source_representative,target_prior,trained_oof,0.25,205,909,2,0.33658536585365856,69.0,0.2666582914572864,0.41284631886439366,1.8,1.7349899289099524,1.8542737961652924,0.07590759075907591,0.8162816281628162,69.0,742.0
source_representative,target_prior,trained_oof,0.25,205,909,3,0.4926829268292683,101.0,0.4158415841584158,0.5700483091787439,2.4634146341463414,2.3333333333333335,2.5787059515927315,0.1111111111111111,0.8624862486248625,101.0,784.0
source_representative,target_prior,trained_oof,0.25,205,909,4,0.5902439024390244,121.0,0.5121921762695888,0.6616933713784021,2.970731707317073,2.7703979591836734,3.147787649542576,0.1331133113311331,0.88998899889989,121.0,809.0
source_representative,target_prior,trained_oof,0.25,205,909,5,0.6829268292682927,140.0,0.6099939024390244,0.7524309378440597,3.3804878048780487,3.129349068056845,3.615027843601896,0.15401540154015403,0.9185918591859186,140.0,835.0
source_representative,target_prior,trained_oof,0.25,205,909,6,0.8,164.0,0.7323925878503343,0.8620812224219643,3.6975609756097563,3.3988930189482116,3.991505901287553,0.18041804180418042,0.9493949394939494,164.0,863.0
source_representative,target_prior,trained_oof,0.25,205,909,7,0.8536585365853658,175.0,0.791036098576883,0.9128365384615383,3.897560975609756,3.561189605007935,4.243526603718998,0.1925192519251925,0.9647964796479648,175.0,877.0
source_representative,target_prior,trained_oof,0.25,205,909,8,0.9073170731707317,186.0,0.8515273033853603,0.9563159560996201,4.04390243902439,3.663274072382113,4.424882188826108,0.20462046204620463,0.977997799779978,186.0,889.0
source_representative,target_prior,trained_oof,0.25,205,909,9,0.9463414634146341,194.0,0.8976715825297787,0.9852216748768473,4.136585365853659,3.72247461780838,4.551480458793543,0.21342134213421343,0.9878987898789879,194.0,898.0
source_representative,target_prior,trained_oof,0.25,205,909,10,1.0,205.0,1.0,1.0,4.190243902439025,3.7511890243902446,4.633362944162436,0.22552255225522552,1.0,205.0,909.0
source_representative,target_prior,trained_oof,0.5,205,909,1,0.2,41.0,0.14572620383470752,0.26501007109004737,1.0,1.0,1.0,0.045104510451045104,0.7425742574257426,41.0,675.0
source_representative,target_prior,trained_oof,0.5,205,909,2,0.3853658536585366,79.0,0.3106785788060318,0.4626957576648775,1.8,1.7349899289099524,1.8542737961652924,0.08690869086908691,0.8316831683168316,79.0,756.0
source_representative,target_prior,trained_oof,0.5,205,909,3,0.5609756097560976,115.0,0.48598130841121495,0.6354679802955665,2.4146341463414633,2.2857142857142856,2.533980582524272,0.1265126512651265,0.8822882288228823,115.0,802.0
source_representative,target_prior,trained_oof,0.5,205,909,4,0.6536585365853659,134.0,0.5781084947183098,0.7289742645366235,2.8536585365853657,2.6714589134004427,3.032414979231568,0.1474147414741474,0.9064906490649065,134.0,824.0
source_representative,target_prior,trained_oof,0.5,205,909,5,0.7268292682926829,149.0,0.6521685848252344,0.7969561994270492,3.2,2.9613479667933023,3.4381481684579955,0.1639163916391639,0.9262926292629263,149.0,842.0
source_representative,target_prior,trained_oof,0.5,205,909,6,0.775609756097561,159.0,0.7045244107744109,0.838866605016761,3.473170731707317,3.1803796737959686,3.7766990291262137,0.17491749174917492,0.9438943894389439,159.0,858.0
source_representative,target_prior,trained_oof,0.5,205,909,7,0.8292682926829268,170.0,0.7623751276472939,0.889459859104133,3.6975609756097563,3.3550852116547554,4.051462113909727,0.18701870187018702,0.9581958195819582,170.0,871.0
source_representative,target_prior,trained_oof,0.5,205,909,8,0.8585365853658536,176.0,0.792950985627197,0.9183746704423396,3.868292682926829,3.481477154724818,4.280038834951457,0.1936193619361936,0.9680968096809681,176.0,880.0
source_representative,target_prior,trained_oof,0.5,205,909,9,0.9219512195121952,189.0,0.8625513831124867,0.9697007766103244,4.009756097560976,3.5820805826636057,4.469395485466915,0.2079207920792079,0.9823982398239824,189.0,893.0
source_representative,target_prior,trained_oof,0.5,205,909,10,1.0,205.0,1.0,1.0,4.087804878048781,3.6231259370314843,4.578450786255097,0.22552255225522552,1.0,205.0,909.0
source_representative,target_prior,trained_oof,1.0,205,909,1,0.14634146341463414,30.0,0.08780487804878048,0.21005767844268197,1.0,1.0,1.0,0.033003300330033,0.7612761276127613,30.0,692.0
source_representative,target_prior,trained_oof,1.0,205,909,2,0.25365853658536586,52.0,0.18136204481792717,0.32745857192434485,1.853658536585366,1.7899423215573178,1.9121951219512194,0.05720572057205721,0.7975797579757976,52.0,725.0
source_representative,target_prior,trained_oof,1.0,205,909,3,0.5609756097560976,115.0,0.48598130841121495,0.6354679802955665,2.6,2.4711468446601943,2.7214204099121613,0.1265126512651265,0.8822882288228823,115.0,802.0
source_representative,target_prior,trained_oof,1.0,205,909,4,0.6195121951219512,127.0,0.5440414507772021,0.6937897756306033,3.0390243902439025,2.8606076759061834,3.216953481062392,0.1397139713971397,0.8987898789878987,127.0,817.0
source_representative,target_prior,trained_oof,1.0,205,909,5,0.7170731707317073,147.0,0.6435550597313252,0.7874396135265701,3.419512195121951,3.1855574646811764,3.660198754350614,0.1617161716171617,0.9251925192519251,147.0,841.0
source_representative,target_prior,trained_oof,1.0,205,909,6,0.7804878048780488,160.0,0.7102573546337645,0.8461538461538461,3.702439024390244,3.416267335389697,4.000118483412321,0.17601760176017603,0.944994499449945,160.0,859.0
source_representative,target_prior,trained_oof,1.0,205,909,7,0.824390243902439,169.0,0.7572780859916782,0.8866004773754507,3.921951219512195,3.587898035230352,4.2727487135506,0.1859185918591859,0.9570957095709571,169.0,870.0
source_representative,target_prior,trained_oof,1.0,205,909,8,0.9024390243902439,185.0,0.8585365853658536,0.9420289855072463,4.097560975609756,3.719821782178218,4.495007075471698,0.20352035203520352,0.976897689768977,185.0,888.0
source_representative,target_prior,trained_oof,1.0,205,909,9,0.9609756097560975,197.0,0.9313601246950394,0.9857142857142858,4.195121951219512,3.796010546547731,4.612532030204766,0.21672167216721672,0.9911991199119912,197.0,901.0
source_representative,target_prior,trained_oof,1.0,205,909,10,1.0,205.0,1.0,1.0,4.234146341463415,3.8260377976840725,4.662010212936386,0.22552255225522552,1.0,205.0,909.0
source_representative,chemistry,trained_oof,0.125,205,909,1,0.21951219512195122,45.0,0.16585304571638682,0.28,1.0,1.0,1.0,0.04950495049504951,0.735973597359736,45.0,669.0
source_representative,chemistry,trained_oof,0.125,205,909,2,0.45365853658536587,93.0,0.373134328358209,0.5320276695341029,1.7804878048780488,1.72,1.8341469542836133,0.10231023102310231,0.8360836083608361,93.0,760.0
source_representative,chemistry,trained_oof,0.125,205,909,3,0.5658536585365853,116.0,0.487549300131467,0.6403998614532019,2.3268292682926828,2.204855600048538,2.4477611940298507,0.1276127612761276,0.8734873487348734,116.0,794.0
source_representative,chemistry,trained_oof,0.125,205,909,4,0.6585365853658537,135.0,0.5791885070860027,0.7313677823006179,2.7609756097560973,2.572863101917354,2.949507575757576,0.1485148514851485,0.9064906490649065,135.0,824.0
source_representative,chemistry,trained_oof,0.125,205,909,5,0.7268292682926829,149.0,0.6544441454225179,0.7924528301886793,3.102439024390244,2.8495031141234657,3.361420112599495,0.1639163916391639,0.9273927392739274,149.0,843.0
source_representative,chemistry,trained_oof,0.125,205,909,6,0.8048780487804879,165.0,0.7401843271555197,0.8606965174129353,3.375609756097561,3.0710570168691995,3.6953076379066476,0.18151815181518152,0.9482948294829483,165.0,862.0
source_representative,chemistry,trained_oof,0.125,205,909,7,0.8731707317073171,179.0,0.8168895012587604,0.9203980099502488,3.5707317073170732,3.2216703662597115,3.93650987224158,0.19691969196919692,0.9658965896589659,179.0,878.0
source_representative,chemistry,trained_oof,0.125,205,909,8,0.926829268292683,190.0,0.88722992751603,0.9622641509433962,3.6975609756097563,3.3159492924528307,4.099565945781297,0.20902090209020902,0.9823982398239824,190.0,893.0
source_representative,chemistry,trained_oof,0.125,205,909,9,0.9707317073170731,199.0,0.9444444444444444,0.9906542056074766,3.770731707317073,3.3778223199949955,4.199029850746268,0.21892189218921893,0.9933993399339934,199.0,903.0
source_representative,chemistry,trained_oof,0.125,205,909,10,1.0,205.0,1.0,1.0,3.8,3.3959943830921557,4.237912950841277,0.22552255225522552,1.0,205.0,909.0
source_representative,chemistry,trained_oof,0.25,205,909,1,0.23414634146341465,48.0,0.1755214972056084,0.2970458208611558,1.0,1.0,1.0,0.052805280528052806,0.7546754675467546,48.0,686.0
source_representative,chemistry,trained_oof,0.25,205,909,2,0.44390243902439025,91.0,0.3723283973056773,0.52074214982317,1.7658536585365854,1.702954179138844,1.8244785027943915,0.1001100110011001,0.8404840484048405,91.0,764.0
source_representative,chemistry,trained_oof,0.25,205,909,3,0.5609756097560976,115.0,0.47958657689880074,0.6331700167504187,2.321951219512195,2.1979268466246027,2.4390336289726533,0.1265126512651265,0.8822882288228823,115.0,802.0
source_representative,chemistry,trained_oof,0.25,205,909,4,0.6634146341463415,136.0,0.5885023202135077,0.7285732232591529,2.7609756097560973,2.5734565560821485,2.9473870407149954,0.1496149614961496,0.9086908690869087,136.0,826.0
source_representative,chemistry,trained_oof,0.25,205,909,5,0.7560975609756098,155.0,0.6908159180078469,0.8153846153846154,3.097560975609756,2.859204982597545,3.34045760718486,0.1705170517051705,0.935093509350935,155.0,850.0
source_representative,chemistry,trained_oof,0.25,205,909,6,0.8097560975609757,166.0,0.7474969207447061,0.8640776699029126,3.341463414634146,3.055262631565789,3.6336668526007525,0.18261826182618263,0.9537953795379538,166.0,867.0
source_representative,chemistry,trained_oof,0.25,205,909,7,0.8829268292682927,181.0,0.8282734319943622,0.9295774647887324,3.5317073170731708,3.213197969543147,3.8678139242495675,0.19911991199119913,0.9724972497249725,181.0,884.0
source_representative,chemistry,trained_oof,0.25,205,909,8,0.9317073170731708,191.0,0.8894230769230769,0.968094690435116,3.648780487804878,3.3028242370892023,4.023418128933816,0.21012101210121012,0.9834983498349835,191.0,894.0
source_representative,chemistry,trained_oof,0.25,205,909,9,0.9609756097560975,197.0,0.9329896907216495,0.9855072463768116,3.7170731707317075,3.3556712962962973,4.125030339805825,0.21672167216721672,0.9911991199119912,197.0,901.0
source_representative,chemistry,trained_oof,0.25,205,909,10,1.0,205.0,1.0,1.0,3.7560975609756095,3.3795948474381117,4.171730462519935,0.22552255225522552,1.0,205.0,909.0
source_representative,chemistry,trained_oof,0.5,205,909,1,0.35121951219512193,72.0,0.2810737584875516,0.42132601771673134,1.0,1.0,1.0,0.07920792079207921,0.7865786578657866,72.0,715.0
source_representative,chemistry,trained_oof,0.5,205,909,2,0.5463414634146342,112.0,0.47028960396039604,0.6194752586314346,1.648780487804878,1.5786739822832685,1.7189262415124484,0.12321232123212321,0.8602860286028603,112.0,782.0
source_representative,chemistry,trained_oof,0.5,205,909,3,0.6439024390243903,132.0,0.5714098728496634,0.7122107567229518,2.102439024390244,1.9754871776296727,2.231536017705433,0.14521452145214522,0.8921892189218922,132.0,811.0
source_representative,chemistry,trained_oof,0.5,205,909,4,0.7024390243902439,144.0,0.6305283251231527,0.7671283737962836,2.4585365853658536,2.2722651688245747,2.6502721990653026,0.15841584158415842,0.9163916391639164,144.0,833.0
source_representative,chemistry,trained_oof,0.5,205,909,5,0.7902439024390244,162.0,0.7259472150259068,0.848780487804878,2.7560975609756095,2.5191964285714286,3.0053208434466017,0.1782178217821782,0.9460946094609461,162.0,860.0
source_representative,chemistry,trained_oof,0.5,205,909,6,0.8634146341463415,177.0,0.8080358559416151,0.9117647058823529,2.9658536585365853,2.689212378640777,3.2686567164179103,0.19471947194719472,0.9658965896589659,177.0,878.0
source_representative,chemistry,trained_oof,0.5,205,909,7,0.9073170731707317,186.0,0.8578029790115098,0.9486076673660119,3.102439024390244,2.7916565533980586,3.4402028301886785,0.20462046204620463,0.976897689768977,186.0,888.0
source_representative,chemistry,trained_oof,0.5,205,909,8,0.9414634146341463,193.0,0.8979461015175301,0.9760794030530873,3.1951219512195124,2.8591195300408043,3.5693242574257424,0.21232123212321233,0.9867986798679867,193.0,897.0
source_representative,chemistry,trained_oof,0.5,205,909,9,0.9902439024390244,203.0,0.9744865253793825,1.0,3.2536585365853656,2.9049880653266333,3.6570337917775797,0.22332233223322331,0.9977997799779978,203.0,907.0
source_representative,chemistry,trained_oof,0.5,205,909,10,1.0,205.0,1.0,1.0,3.2634146341463413,2.912177854521908,3.670234824529573,0.22552255225522552,1.0,205.0,909.0
source_representative,chemistry,trained_oof,1.0,205,909,1,0.4097560975609756,84.0,0.3333333333333333,0.48342747083901394,1.0,1.0,1.0,0.0924092409240924,0.8140814081408141,84.0,740.0
source_representative,chemistry,trained_oof,1.0,205,909,2,0.6048780487804878,124.0,0.529092911160974,0.6774231233041905,1.5902439024390245,1.5165725291609862,1.6666666666666667,0.13641364136413642,0.8778877887788779,124.0,798.0
source_representative,chemistry,trained_oof,1.0,205,909,3,0.7317073170731707,150.0,0.6633165829145728,0.7971014492753623,1.9853658536585366,1.8506746513038206,2.1256453319227715,0.16501650165016502,0.9185918591859186,150.0,835.0
source_representative,chemistry,trained_oof,1.0,205,909,4,0.7902439024390244,162.0,0.7295918367346939,0.8461538461538461,2.2536585365853656,2.065410046728972,2.45050210331914,0.1782178217821782,0.9405940594059405,162.0,855.0
source_representative,chemistry,trained_oof,1.0,205,909,5,0.8390243902439024,172.0,0.7839195979899497,0.8873239436619719,2.4634146341463414,2.2282958090329585,2.7035624984827518,0.18921892189218922,0.9592959295929593,172.0,872.0
source_representative,chemistry,trained_oof,1.0,205,909,6,0.8878048780487805,182.0,0.83822848583878,0.9302325581395349,2.624390243902439,2.3534289405684756,2.900036945812808,0.2002200220022002,0.9702970297029703,182.0,882.0
source_representative,chemistry,trained_oof,1.0,205,909,7,0.926829268292683,190.0,0.8899988038277512,0.9601990049751243,2.7365853658536587,2.4334610693959533,3.045280311510157,0.20902090209020902,0.9801980198019802,190.0,891.0
source_representative,chemistry,trained_oof,1.0,205,909,8,0.9560975609756097,196.0,0.925,0.9811320754716981,2.8097560975609754,2.4879197596323794,3.1436515957446804,0.2156215621562156,0.988998899889989,196.0,899.0
source_representative,chemistry,trained_oof,1.0,205,909,9,0.9804878048780488,201.0,0.958974358974359,0.9953271028037384,2.8536585365853657,2.5122573891625617,3.2050257537688442,0.22112211221122113,0.9955995599559956,201.0,905.0
source_representative,chemistry,trained_oof,1.0,205,909,10,1.0,205.0,1.0,1.0,2.873170731707317,2.525998804092661,3.232331983198321,0.22552255225522552,1.0,205.0,909.0
source_representative,calibrated__boltz_affinity,trained_oof,0.125,205,909,1,0.2780487804878049,57.0,0.21052631578947367,0.3488372093023256,1.0,1.0,1.0,0.0627062706270627,0.7678767876787679,57.0,698.0
source_representative,calibrated__boltz_affinity,trained_oof,0.125,205,909,2,0.45365853658536587,93.0,0.37799043062200954,0.5320440849191067,1.721951219512195,1.6511627906976745,1.7894736842105263,0.10231023102310231,0.8448844884488449,93.0,768.0
source_representative,calibrated__boltz_affinity,trained_oof,0.125,205,909,3,0.5707317073170731,117.0,0.4953271028037383,0.6495380473456995,2.268292682926829,2.1304191053511707,2.4020363296072196,0.12871287128712872,0.8855885588558856,117.0,805.0
source_representative,calibrated__boltz_affinity,trained_oof,0.125,205,909,4,0.6780487804878049,139.0,0.6047564935064935,0.7512201189176071,2.6975609756097563,2.4930129453545655,2.8970922459893047,0.15291529152915292,0.9163916391639164,139.0,833.0
source_representative,calibrated__boltz_affinity,trained_oof,0.125,205,909,5,0.7268292682926829,149.0,0.6567164179104478,0.7932828608247422,3.0195121951219512,2.7572815533980584,3.2679842152171874,0.1639163916391639,0.9295929592959296,149.0,845.0
source_representative,calibrated__boltz_affinity,trained_oof,0.125,205,909,6,0.8341463414634146,171.0,0.7777777777777778,0.8883757997405037,3.292682926829268,2.9751814051268144,3.6018120992472813,0.18811881188118812,0.9548954895489549,171.0,868.0
source_representative,calibrated__boltz_affinity,trained_oof,0.125,205,909,7,0.8585365853658536,176.0,0.8069265078681782,0.9073264540337711,3.4585365853658536,3.1020017576408554,3.805459211986681,0.1936193619361936,0.9658965896589659,176.0,878.0
source_representative,calibrated__boltz_affinity,trained_oof,0.125,205,909,8,0.9073170731707317,186.0,0.865664466130884,0.945273631840796,3.6,3.2121109746109746,3.9892557123655923,0.20462046204620463,0.9790979097909791,186.0,890.0
source_representative,calibrated__boltz_affinity,trained_oof,0.125,205,909,9,0.9512195121951219,195.0,0.9215589684149521,0.9769585253456221,3.6926829268292685,3.285697032436163,4.106518974960878,0.2145214521452145,0.988998899889989,195.0,899.0
source_representative,calibrated__boltz_affinity,trained_oof,0.125,205,909,10,1.0,205.0,1.0,1.0,3.7414634146341466,3.3199949238578674,4.167557516109545,0.22552255225522552,1.0,205.0,909.0
source_representative,calibrated__boltz_affinity,trained_oof,0.25,205,909,1,0.25365853658536586,52.0,0.1865221477191913,0.3222748815165877,1.0,1.0,1.0,0.05720572057205721,0.7612761276127613,52.0,692.0
source_representative,calibrated__boltz_affinity,trained_oof,0.25,205,909,2,0.45365853658536587,93.0,0.37948717948717947,0.5303155967255493,1.7463414634146341,1.6777251184834123,1.8134778522808086,0.10231023102310231,0.845984598459846,93.0,769.0
source_representative,calibrated__boltz_affinity,trained_oof,0.25,205,909,3,0.6,123.0,0.5254974489795918,0.6748768472906403,2.292682926829268,2.164380252795976,2.421576286764706,0.1353135313531353,0.88998899889989,123.0,809.0
source_representative,calibrated__boltz_affinity,trained_oof,0.25,205,909,4,0.6780487804878049,139.0,0.6069530818131564,0.7511961722488039,2.6926829268292685,2.5025107243534745,2.877937135005153,0.15291529152915292,0.9152915291529153,139.0,832.0
source_representative,calibrated__boltz_affinity,trained_oof,0.25,205,909,5,0.7268292682926829,149.0,0.6595570689998012,0.7948780487804877,3.0146341463414634,2.76351152613707,3.2616935849741404,0.1639163916391639,0.9306930693069307,149.0,846.0
source_representative,calibrated__boltz_affinity,trained_oof,0.25,205,909,6,0.7853658536585366,161.0,0.7205882352941176,0.8490613444581397,3.2878048780487803,2.9759497549019605,3.58911548763572,0.1771177117711771,0.944994499449945,161.0,859.0
source_representative,calibrated__boltz_affinity,trained_oof,0.25,205,909,7,0.8390243902439024,172.0,0.782162597327694,0.8947434210526316,3.502439024390244,3.1365491100856957,3.8551590668080586,0.18921892189218922,0.9592959295929593,172.0,872.0
source_representative,calibrated__boltz_affinity,trained_oof,0.25,205,909,8,0.9073170731707317,186.0,0.8612303315956105,0.9504950495049505,3.6634146341463416,3.2605605319967244,4.059716492912322,0.20462046204620463,0.977997799779978,186.0,889.0
source_representative,calibrated__boltz_affinity,trained_oof,0.25,205,909,9,0.9512195121951219,195.0,0.9132647236976982,0.9844579616473479,3.7560975609756095,3.3284179338901985,4.179655037979777,0.2145214521452145,0.988998899889989,195.0,899.0
source_representative,calibrated__boltz_affinity,trained_oof,0.25,205,909,10,1.0,205.0,1.0,1.0,3.8048780487804876,3.36498830049261,4.24390535651768,0.22552255225522552,1.0,205.0,909.0
source_representative,calibrated__boltz_affinity,trained_oof,0.5,205,909,1,0.3121951219512195,64.0,0.23555484693877551,0.38388625592417064,1.0,1.0,1.0,0.0704070407040704,0.7744774477447744,64.0,704.0
source_representative,calibrated__boltz_affinity,trained_oof,0.5,205,909,2,0.4634146341463415,95.0,0.3897417840375587,0.5406698564593302,1.6878048780487804,1.6161137440758293,1.7644451530612244,0.10451045104510451,0.8382838283828383,95.0,762.0
source_representative,calibrated__boltz_affinity,trained_oof,0.5,205,909,3,0.6146341463414634,126.0,0.539906103286385,0.6850178571428571,2.2243902439024392,2.085578647367747,2.3587526511134675,0.13861386138613863,0.8888888888888888,126.0,808.0
source_representative,calibrated__boltz_affinity,trained_oof,0.5,205,909,4,0.7219512195121951,148.0,0.6534653465346535,0.788196524494393,2.6097560975609757,2.4199368932038836,2.8040201005025125,0.1628162816281628,0.9251925192519251,148.0,841.0
source_representative,calibrated__boltz_affinity,trained_oof,0.5,205,909,5,0.7707317073170732,158.0,0.7040816326530612,0.8341642425598567,2.8878048780487804,2.6410227272727274,3.1311245954692555,0.17381738173817382,0.9405940594059405,158.0,855.0
source_representative,calibrated__boltz_affinity,trained_oof,0.5,205,909,6,0.8682926829268293,178.0,0.8101837201125176,0.9187817258883249,3.1170731707317074,2.827066259285886,3.415831630045988,0.19581958195819582,0.9658965896589659,178.0,878.0
source_representative,calibrated__boltz_affinity,trained_oof,0.5,205,909,7,0.9121951219512195,187.0,0.860462497381102,0.9565217391304348,3.2487804878048783,2.924410256410256,3.591615635844049,0.20572057205720573,0.977997799779978,187.0,889.0
source_representative,calibrated__boltz_affinity,trained_oof,0.5,205,909,8,0.9463414634146341,194.0,0.9,0.9840508643617021,3.3365853658536584,2.985358572988715,3.714302967563837,0.21342134213421343,0.9867986798679867,194.0,897.0
source_representative,calibrated__boltz_affinity,trained_oof,0.5,205,909,9,0.9707317073170731,199.0,0.9428571428571428,0.9908256880733946,3.3902439024390243,3.019679112379724,3.8037428990287703,0.21892189218921893,0.9933993399339934,199.0,903.0
source_representative,calibrated__boltz_affinity,trained_oof,0.5,205,909,10,1.0,205.0,1.0,1.0,3.419512195121951,3.0342972285067873,3.8443944984121052,0.22552255225522552,1.0,205.0,909.0
source_representative,calibrated__boltz_affinity,trained_oof,1.0,205,909,1,0.32682926829268294,67.0,0.25252400240024003,0.4045480972515856,1.0,1.0,1.0,0.0737073707370737,0.7843784378437844,67.0,713.0
source_representative,calibrated__boltz_affinity,trained_oof,1.0,205,909,2,0.5024390243902439,103.0,0.4236409218859958,0.5794392523364486,1.673170731707317,1.5954519027484144,1.7474759975997598,0.11331133113311331,0.8525852585258525,103.0,775.0
source_representative,calibrated__boltz_affinity,trained_oof,1.0,205,909,3,0.6341463414634146,130.0,0.5595810034371312,0.7056143485431555,2.1707317073170733,2.0280341230167354,2.314143547255357,0.14301430143014301,0.8987898789878987,130.0,817.0
source_representative,calibrated__boltz_affinity,trained_oof,1.0,205,909,4,0.7170731707317073,147.0,0.6479591836734694,0.7839225470073371,2.5365853658536586,2.3409443616156143,2.7382317345891765,0.1617161716171617,0.9273927392739274,147.0,843.0
source_representative,calibrated__boltz_affinity,trained_oof,1.0,205,909,5,0.775609756097561,159.0,0.7109004739336493,0.8350012886597937,2.819512195121951,2.554432913874816,3.080010050251256,0.17491749174917492,0.9427942794279428,159.0,857.0
source_representative,calibrated__boltz_affinity,trained_oof,1.0,205,909,6,0.848780487804878,174.0,0.7911111111111111,0.9024390243902439,3.0439024390243903,2.7311002190825358,3.3604305925516407,0.19141914191419143,0.9603960396039604,174.0,873.0
source_representative,calibrated__boltz_affinity,trained_oof,1.0,205,909,7,0.9121951219512195,187.0,0.861904761904762,0.9552294221959509,3.1951219512195124,2.847878959276018,3.5550372142477404,0.20572057205720573,0.976897689768977,187.0,888.0
source_representative,calibrated__boltz_affinity,trained_oof,1.0,205,909,8,0.9414634146341463,193.0,0.8967095677513356,0.9798994974874372,3.2829268292682925,2.9114331603131376,3.67016552109392,0.21232123212321233,0.9856985698569857,193.0,896.0
source_representative,calibrated__boltz_affinity,trained_oof,1.0,205,909,9,0.975609756097561,200.0,0.9502487562189055,0.9950980392156863,3.341463414634146,2.9524942993829915,3.7537971721351866,0.22002200220022003,0.9944994499449945,200.0,904.0
source_representative,calibrated__boltz_affinity,trained_oof,1.0,205,909,10,1.0,205.0,1.0,1.0,3.3658536585365852,2.9675773060796646,3.7857316227461855,0.22552255225522552,1.0,205.0,909.0
source_representative,availability__boltz_affinity,trained_oof,0.125,205,909,1,0.21951219512195122,45.0,0.16585304571638682,0.28,1.0,1.0,1.0,0.04950495049504951,0.735973597359736,45.0,669.0
source_representative,availability__boltz_affinity,trained_oof,0.125,205,909,2,0.45365853658536587,93.0,0.373134328358209,0.5320276695341029,1.7804878048780488,1.72,1.8341469542836133,0.10231023102310231,0.8360836083608361,93.0,760.0
source_representative,availability__boltz_affinity,trained_oof,0.125,205,909,3,0.5658536585365853,116.0,0.487549300131467,0.6403998614532019,2.3268292682926828,2.204855600048538,2.4477611940298507,0.1276127612761276,0.8734873487348734,116.0,794.0
source_representative,availability__boltz_affinity,trained_oof,0.125,205,909,4,0.6585365853658537,135.0,0.5791885070860027,0.7313677823006179,2.7609756097560973,2.572863101917354,2.949507575757576,0.1485148514851485,0.9064906490649065,135.0,824.0
source_representative,availability__boltz_affinity,trained_oof,0.125,205,909,5,0.7268292682926829,149.0,0.6544441454225179,0.7924528301886793,3.102439024390244,2.8495031141234657,3.361420112599495,0.1639163916391639,0.9273927392739274,149.0,843.0
source_representative,availability__boltz_affinity,trained_oof,0.125,205,909,6,0.8048780487804879,165.0,0.7401843271555197,0.8606965174129353,3.375609756097561,3.0710570168691995,3.6953076379066476,0.18151815181518152,0.9482948294829483,165.0,862.0
source_representative,availability__boltz_affinity,trained_oof,0.125,205,909,7,0.8731707317073171,179.0,0.8168895012587604,0.9203980099502488,3.5707317073170732,3.2216703662597115,3.93650987224158,0.19691969196919692,0.9658965896589659,179.0,878.0
source_representative,availability__boltz_affinity,trained_oof,0.125,205,909,8,0.926829268292683,190.0,0.88722992751603,0.9622641509433962,3.6975609756097563,3.3159492924528307,4.099565945781297,0.20902090209020902,0.9823982398239824,190.0,893.0
source_representative,availability__boltz_affinity,trained_oof,0.125,205,909,9,0.9707317073170731,199.0,0.9444444444444444,0.9906542056074766,3.770731707317073,3.3778223199949955,4.199029850746268,0.21892189218921893,0.9933993399339934,199.0,903.0
source_representative,availability__boltz_affinity,trained_oof,0.125,205,909,10,1.0,205.0,1.0,1.0,3.8,3.3959943830921557,4.237912950841277,0.22552255225522552,1.0,205.0,909.0
source_representative,availability__boltz_affinity,trained_oof,0.25,205,909,1,0.23414634146341465,48.0,0.1755214972056084,0.2970458208611558,1.0,1.0,1.0,0.052805280528052806,0.7546754675467546,48.0,686.0
source_representative,availability__boltz_affinity,trained_oof,0.25,205,909,2,0.44390243902439025,91.0,0.3723283973056773,0.52074214982317,1.7658536585365854,1.702954179138844,1.8244785027943915,0.1001100110011001,0.8404840484048405,91.0,764.0
source_representative,availability__boltz_affinity,trained_oof,0.25,205,909,3,0.5609756097560976,115.0,0.47958657689880074,0.6331700167504187,2.321951219512195,2.1979268466246027,2.4390336289726533,0.1265126512651265,0.8822882288228823,115.0,802.0
source_representative,availability__boltz_affinity,trained_oof,0.25,205,909,4,0.6634146341463415,136.0,0.5885023202135077,0.7285732232591529,2.7609756097560973,2.5734565560821485,2.9473870407149954,0.1496149614961496,0.9086908690869087,136.0,826.0
source_representative,availability__boltz_affinity,trained_oof,0.25,205,909,5,0.7560975609756098,155.0,0.6908159180078469,0.8153846153846154,3.097560975609756,2.859204982597545,3.34045760718486,0.1705170517051705,0.935093509350935,155.0,850.0
source_representative,availability__boltz_affinity,trained_oof,0.25,205,909,6,0.8097560975609757,166.0,0.7474969207447061,0.8640776699029126,3.341463414634146,3.055262631565789,3.6336668526007525,0.18261826182618263,0.9537953795379538,166.0,867.0
source_representative,availability__boltz_affinity,trained_oof,0.25,205,909,7,0.8829268292682927,181.0,0.8282734319943622,0.9295774647887324,3.5317073170731708,3.213197969543147,3.8678139242495675,0.19911991199119913,0.9724972497249725,181.0,884.0
source_representative,availability__boltz_affinity,trained_oof,0.25,205,909,8,0.9317073170731708,191.0,0.8894230769230769,0.968094690435116,3.648780487804878,3.3028242370892023,4.023418128933816,0.21012101210121012,0.9834983498349835,191.0,894.0
source_representative,availability__boltz_affinity,trained_oof,0.25,205,909,9,0.9609756097560975,197.0,0.9329896907216495,0.9855072463768116,3.7170731707317075,3.3556712962962973,4.125030339805825,0.21672167216721672,0.9911991199119912,197.0,901.0
source_representative,availability__boltz_affinity,trained_oof,0.25,205,909,10,1.0,205.0,1.0,1.0,3.7560975609756095,3.3795948474381117,4.171730462519935,0.22552255225522552,1.0,205.0,909.0
source_representative,availability__boltz_affinity,trained_oof,0.5,205,909,1,0.35121951219512193,72.0,0.2810737584875516,0.42132601771673134,1.0,1.0,1.0,0.07920792079207921,0.7865786578657866,72.0,715.0
source_representative,availability__boltz_affinity,trained_oof,0.5,205,909,2,0.5463414634146342,112.0,0.47028960396039604,0.6194752586314346,1.648780487804878,1.5786739822832685,1.7189262415124484,0.12321232123212321,0.8602860286028603,112.0,782.0
source_representative,availability__boltz_affinity,trained_oof,0.5,205,909,3,0.6439024390243903,132.0,0.5714098728496634,0.7122107567229518,2.102439024390244,1.9754871776296727,2.231536017705433,0.14521452145214522,0.8921892189218922,132.0,811.0
source_representative,availability__boltz_affinity,trained_oof,0.5,205,909,4,0.7024390243902439,144.0,0.6305283251231527,0.7671283737962836,2.4585365853658536,2.2722651688245747,2.6502721990653026,0.15841584158415842,0.9163916391639164,144.0,833.0
source_representative,availability__boltz_affinity,trained_oof,0.5,205,909,5,0.7902439024390244,162.0,0.7259472150259068,0.848780487804878,2.7560975609756095,2.5191964285714286,3.0053208434466017,0.1782178217821782,0.9460946094609461,162.0,860.0
source_representative,availability__boltz_affinity,trained_oof,0.5,205,909,6,0.8634146341463415,177.0,0.8080358559416151,0.9117647058823529,2.9658536585365853,2.689212378640777,3.2686567164179103,0.19471947194719472,0.9658965896589659,177.0,878.0
source_representative,availability__boltz_affinity,trained_oof,0.5,205,909,7,0.9073170731707317,186.0,0.8578029790115098,0.9486076673660119,3.102439024390244,2.7916565533980586,3.4402028301886785,0.20462046204620463,0.976897689768977,186.0,888.0
source_representative,availability__boltz_affinity,trained_oof,0.5,205,909,8,0.9414634146341463,193.0,0.8979461015175301,0.9760794030530873,3.1951219512195124,2.8591195300408043,3.5693242574257424,0.21232123212321233,0.9867986798679867,193.0,897.0
source_representative,availability__boltz_affinity,trained_oof,0.5,205,909,9,0.9902439024390244,203.0,0.9744865253793825,1.0,3.2536585365853656,2.9049880653266333,3.6570337917775797,0.22332233223322331,0.9977997799779978,203.0,907.0
source_representative,availability__boltz_affinity,trained_oof,0.5,205,909,10,1.0,205.0,1.0,1.0,3.2634146341463413,2.912177854521908,3.670234824529573,0.22552255225522552,1.0,205.0,909.0
source_representative,availability__boltz_affinity,trained_oof,1.0,205,909,1,0.4097560975609756,84.0,0.3333333333333333,0.48342747083901394,1.0,1.0,1.0,0.0924092409240924,0.8140814081408141,84.0,740.0
source_representative,availability__boltz_affinity,trained_oof,1.0,205,909,2,0.6048780487804878,124.0,0.529092911160974,0.6774231233041905,1.5902439024390245,1.5165725291609862,1.6666666666666667,0.13641364136413642,0.8778877887788779,124.0,798.0
source_representative,availability__boltz_affinity,trained_oof,1.0,205,909,3,0.7317073170731707,150.0,0.6633165829145728,0.7971014492753623,1.9853658536585366,1.8506746513038206,2.1256453319227715,0.16501650165016502,0.9185918591859186,150.0,835.0
source_representative,availability__boltz_affinity,trained_oof,1.0,205,909,4,0.7902439024390244,162.0,0.7295918367346939,0.8461538461538461,2.2536585365853656,2.065410046728972,2.45050210331914,0.1782178217821782,0.9405940594059405,162.0,855.0
source_representative,availability__boltz_affinity,trained_oof,1.0,205,909,5,0.8390243902439024,172.0,0.7839195979899497,0.8873239436619719,2.4634146341463414,2.2282958090329585,2.7035624984827518,0.18921892189218922,0.9592959295929593,172.0,872.0
source_representative,availability__boltz_affinity,trained_oof,1.0,205,909,6,0.8878048780487805,182.0,0.83822848583878,0.9302325581395349,2.624390243902439,2.3534289405684756,2.900036945812808,0.2002200220022002,0.9702970297029703,182.0,882.0
source_representative,availability__boltz_affinity,trained_oof,1.0,205,909,7,0.926829268292683,190.0,0.8899988038277512,0.9601990049751243,2.7365853658536587,2.4334610693959533,3.045280311510157,0.20902090209020902,0.9801980198019802,190.0,891.0
source_representative,availability__boltz_affinity,trained_oof,1.0,205,909,8,0.9560975609756097,196.0,0.925,0.9811320754716981,2.8097560975609754,2.4879197596323794,3.1436515957446804,0.2156215621562156,0.988998899889989,196.0,899.0
source_representative,availability__boltz_affinity,trained_oof,1.0,205,909,9,0.9804878048780488,201.0,0.958974358974359,0.9953271028037384,2.8536585365853657,2.5122573891625617,3.2050257537688442,0.22112211221122113,0.9955995599559956,201.0,905.0
source_representative,availability__boltz_affinity,trained_oof,1.0,205,909,10,1.0,205.0,1.0,1.0,2.873170731707317,2.525998804092661,3.232331983198321,0.22552255225522552,1.0,205.0,909.0
source_representative,plus__boltz_affinity,trained_oof,0.125,205,909,1,0.3170731707317073,65.0,0.24518494897959184,0.391304347826087,1.0,1.0,1.0,0.07150715071507151,0.7810781078107811,65.0,710.0
source_representative,plus__boltz_affinity,trained_oof,0.125,205,909,2,0.47804878048780486,98.0,0.40104037747524757,0.5540158450704225,1.6829268292682926,1.608695652173913,1.7548150510204081,0.1078107810781078,0.845984598459846,98.0,769.0
source_representative,plus__boltz_affinity,trained_oof,0.125,205,909,3,0.5902439024390244,121.0,0.5148274202420242,0.6666666666666666,2.204878048780488,2.0666666666666664,2.3415872680232845,0.1331133113311331,0.8910891089108911,121.0,810.0
source_representative,plus__boltz_affinity,trained_oof,0.125,205,909,4,0.6926829268292682,142.0,0.617217143945345,0.7632915685014635,2.6146341463414635,2.407766990291262,2.8207715633423183,0.1562156215621562,0.9196919691969196,142.0,836.0
source_representative,plus__boltz_affinity,trained_oof,0.125,205,909,5,0.7560975609756098,155.0,0.6857142857142857,0.8214457417582416,2.921951219512195,2.6600564551529042,3.1871998152709358,0.1705170517051705,0.9372937293729373,155.0,852.0
source_representative,plus__boltz_affinity,trained_oof,0.125,205,909,6,0.8097560975609757,166.0,0.744781740470852,0.8676490040460629,3.1658536585365855,2.8497302860387532,3.4905682419326403,0.18261826182618263,0.9515951595159516,166.0,865.0
source_representative,plus__boltz_affinity,trained_oof,0.125,205,909,7,0.8634146341463415,177.0,0.8055448717948718,0.9145859012041337,3.3560975609756096,3.0000000000000004,3.7272828733766237,0.19471947194719472,0.9658965896589659,177.0,878.0
source_representative,plus__boltz_affinity,trained_oof,0.125,205,909,8,0.8975609756097561,184.0,0.8434314341572406,0.9420308924485126,3.4926829268292683,3.0994913404674738,3.906200704225351,0.20242024202420242,0.9746974697469747,184.0,886.0
source_representative,plus__boltz_affinity,trained_oof,0.125,205,909,9,0.9512195121951219,195.0,0.9183648940345369,0.9805825242718447,3.5951219512195123,3.1774331667028908,4.042659106296547,0.2145214521452145,0.988998899889989,195.0,899.0
source_representative,plus__boltz_affinity,trained_oof,0.125,205,909,10,1.0,205.0,1.0,1.0,3.6439024390243904,3.2046091411466726,4.107985215920076,0.22552255225522552,1.0,205.0,909.0
source_representative,plus__boltz_affinity,trained_oof,0.25,205,909,1,0.2975609756097561,61.0,0.22278353483016694,0.3674418604651163,1.0,1.0,1.0,0.0671067106710671,0.7777777777777778,61.0,707.0
source_representative,plus__boltz_affinity,trained_oof,0.25,205,909,2,0.48292682926829267,99.0,0.4083769633507853,0.5590946790176647,1.7024390243902439,1.6325581395348836,1.777216465169833,0.10891089108910891,0.8503850385038504,99.0,773.0
source_representative,plus__boltz_affinity,trained_oof,0.25,205,909,3,0.6195121951219512,127.0,0.5445997768790963,0.69059779741493,2.2195121951219514,2.082515959569091,2.3567928930366113,0.1397139713971397,0.8965896589658966,127.0,815.0
source_representative,plus__boltz_affinity,trained_oof,0.25,205,909,4,0.7121951219512195,146.0,0.6435643564356436,0.7751223607392125,2.6,2.404628780434545,2.7959162303664917,0.16061606160616063,0.9251925192519251,146.0,841.0
source_representative,plus__boltz_affinity,trained_oof,0.25,205,909,5,0.7560975609756098,155.0,0.6893122590235519,0.8186274509803921,2.8878048780487804,2.6435380494571192,3.134628378378378,0.1705170517051705,0.9372937293729373,155.0,852.0
source_representative,plus__boltz_affinity,trained_oof,0.25,205,909,6,0.8048780487804879,165.0,0.7382198952879581,0.862750074649149,3.131707317073171,2.837542732829172,3.4331798617451414,0.18151815181518152,0.9493949394939494,165.0,863.0
source_representative,plus__boltz_affinity,trained_oof,0.25,205,909,7,0.8439024390243902,173.0,0.7860607675906183,0.8942307692307693,3.3268292682926828,2.9855072463768115,3.6826981707317077,0.19031903190319033,0.9614961496149615,173.0,874.0
source_representative,plus__boltz_affinity,trained_oof,0.25,205,909,8,0.9024390243902439,185.0,0.8551384938371936,0.9439446143244755,3.4829268292682927,3.103955725761256,3.8850972222222215,0.20352035203520352,0.976897689768977,185.0,888.0
source_representative,plus__boltz_affinity,trained_oof,0.25,205,909,9,0.9609756097560975,197.0,0.925218381627765,0.9901002292347462,3.580487804878049,3.171632163216322,4.015083107846927,0.21672167216721672,0.9911991199119912,197.0,901.0
source_representative,plus__boltz_affinity,trained_oof,0.25,205,909,10,1.0,205.0,1.0,1.0,3.6195121951219513,3.1924499256847616,4.073197899058199,0.22552255225522552,1.0,205.0,909.0
source_representative,plus__boltz_affinity,trained_oof,0.5,205,909,1,0.44878048780487806,92.0,0.37434579439252336,0.5227377946127946,1.0,1.0,1.0,0.10121012101210121,0.8162816281628162,92.0,742.0
source_representative,plus__boltz_affinity,trained_oof,0.5,205,909,2,0.624390243902439,128.0,0.5515557792623776,0.691606757728253,1.551219512195122,1.4772622053872053,1.6256542056074765,0.1408140814081408,0.8822882288228823,128.0,802.0
source_representative,plus__boltz_affinity,trained_oof,0.5,205,909,3,0.7024390243902439,144.0,0.6318407960199005,0.7692401960784314,1.9268292682926829,1.796208530805687,2.0594059405940595,0.15841584158415842,0.9130913091309131,144.0,830.0
source_representative,plus__boltz_affinity,trained_oof,0.5,205,909,4,0.751219512195122,154.0,0.6839378238341969,0.8146341463414634,2.2243902439024392,2.0392014776925262,2.4203547479991343,0.1694169416941694,0.9317931793179318,154.0,847.0
source_representative,plus__boltz_affinity,trained_oof,0.5,205,909,5,0.8146341463414634,167.0,0.752228329365635,0.87,2.473170731707317,2.2358422532656026,2.7346938775510203,0.18371837183718373,0.9493949394939494,167.0,863.0
source_representative,plus__boltz_affinity,trained_oof,0.5,205,909,6,0.8390243902439024,172.0,0.7794852941176471,0.891096949061422,2.658536585365854,2.3774333105335157,2.9701529481306337,0.18921892189218922,0.9592959295929593,172.0,872.0
source_representative,plus__boltz_affinity,trained_oof,0.5,205,909,7,0.8829268292682927,181.0,0.8275862068965517,0.9310429344151453,2.819512195121951,2.4976303317535544,3.1791079977471135,0.19911991199119913,0.9713971397139713,181.0,883.0
source_representative,plus__boltz_affinity,trained_oof,0.5,205,909,8,0.9317073170731708,191.0,0.8883495145631068,0.9675681931931932,2.9365853658536585,2.583995327102804,3.343175328383781,0.21012101210121012,0.9834983498349835,191.0,894.0
source_representative,plus__boltz_affinity,trained_oof,0.5,205,909,9,0.9707317073170731,199.0,0.9455377813900793,0.9902912621359223,3.004878048780488,2.6206816730523625,3.43602534615742,0.21892189218921893,0.9933993399339934,199.0,903.0
source_representative,plus__boltz_affinity,trained_oof,0.5,205,909,10,1.0,205.0,1.0,1.0,3.0341463414634147,2.638074229691876,3.4712724250018603,0.22552255225522552,1.0,205.0,909.0
source_representative,plus__boltz_affinity,trained_oof,1.0,205,909,1,0.45365853658536587,93.0,0.3701875,0.531840484282073,1.0,1.0,1.0,0.10231023102310231,0.8195819581958196,93.0,745.0
source_representative,plus__boltz_affinity,trained_oof,1.0,205,909,2,0.6195121951219512,127.0,0.5420250810604615,0.6901492287055666,1.5463414634146342,1.468159515717927,1.6298124999999999,0.1397139713971397,0.8833883388338833,127.0,803.0
source_representative,plus__boltz_affinity,trained_oof,1.0,205,909,3,0.7268292682926829,149.0,0.6582849480563439,0.7916863207547168,1.9268292682926829,1.7887256229685806,2.0742949294929494,0.1639163916391639,0.9196919691969196,149.0,836.0
source_representative,plus__boltz_affinity,trained_oof,1.0,205,909,4,0.7804878048780488,160.0,0.7156851129077223,0.8413461538461539,2.2,2.009367334301841,2.406110654921867,0.17601760176017603,0.9427942794279428,160.0,857.0
source_representative,plus__boltz_affinity,trained_oof,1.0,205,909,5,0.8195121951219512,168.0,0.7574221378448525,0.8762388996631622,2.419512195121951,2.181807610993658,2.6734747583243825,0.1848184818481848,0.9515951595159516,168.0,865.0
source_representative,plus__boltz_affinity,trained_oof,1.0,205,909,6,0.848780487804878,174.0,0.7908163265306123,0.9009445637960022,2.6,2.3193791254125413,2.9050691747572808,0.19141914191419143,0.9614961496149615,174.0,874.0
source_representative,plus__boltz_affinity,trained_oof,1.0,205,909,7,0.8829268292682927,181.0,0.8285254596888261,0.9305629432624113,2.7512195121951217,2.430620348219033,3.105844506087225,0.19911991199119913,0.9702970297029703,181.0,882.0
source_representative,plus__boltz_affinity,trained_oof,1.0,205,909,8,0.9170731707317074,188.0,0.8673457297610987,0.9604009169389844,2.868292682926829,2.512423074202448,3.2641533874279016,0.2068206820682068,0.9812981298129813,188.0,892.0
source_representative,plus__boltz_affinity,trained_oof,1.0,205,909,9,0.9804878048780488,201.0,0.9601940298507462,0.9952158806106174,2.951219512195122,2.5678184738123613,3.383503726586251,0.22112211221122113,0.9955995599559956,201.0,905.0
source_representative,plus__boltz_affinity,trained_oof,1.0,205,909,10,1.0,205.0,1.0,1.0,2.970731707317073,2.5771973447344725,3.407075642636258,0.22552255225522552,1.0,205.0,909.0
source_representative,calibrated__boltz_binary,trained_oof,0.125,205,909,1,0.22926829268292684,47.0,0.16254515599343186,0.29853269882471684,1.0,1.0,1.0,0.0517051705170517,0.7678767876787679,47.0,698.0
source_representative,calibrated__boltz_binary,trained_oof,0.125,205,909,2,0.40487804878048783,83.0,0.325,0.48705320743799474,1.7707317073170732,1.701467301175283,1.837454844006568,0.09130913091309131,0.8338833883388339,83.0,758.0
source_representative,calibrated__boltz_binary,trained_oof,0.125,205,909,3,0.551219512195122,113.0,0.47004493087557603,0.625,2.3658536585365852,2.2256338028169016,2.4975851189237916,0.12431243124312431,0.8811881188118812,113.0,801.0
source_representative,calibrated__boltz_binary,trained_oof,0.125,205,909,4,0.6536585365853659,134.0,0.5797045707915274,0.7268298328816621,2.8146341463414632,2.616095515858549,3.019141056312109,0.1474147414741474,0.9086908690869087,134.0,826.0
source_representative,calibrated__boltz_binary,trained_oof,0.125,205,909,5,0.7365853658536585,151.0,0.6635911467564694,0.8019335629215095,3.1609756097560977,2.900438778330569,3.4278784648187632,0.16611661166116612,0.9328932893289329,151.0,848.0
source_representative,calibrated__boltz_binary,trained_oof,0.125,205,909,6,0.8048780487804879,165.0,0.7414634146341463,0.8638794286585675,3.424390243902439,3.111614987080103,3.7513480937546357,0.18151815181518152,0.9526952695269527,165.0,866.0
source_representative,calibrated__boltz_binary,trained_oof,0.125,205,909,7,0.8780487804878049,180.0,0.8267326732673267,0.9201930488403054,3.6195121951219513,3.2697584156313044,4.005000628140705,0.19801980198019803,0.9724972497249725,180.0,884.0
source_representative,calibrated__boltz_binary,trained_oof,0.125,205,909,8,0.9219512195121952,189.0,0.8795722993651517,0.9563159560996201,3.7414634146341466,3.3663014405705978,4.154648195876288,0.2079207920792079,0.9823982398239824,189.0,893.0
source_representative,calibrated__boltz_binary,trained_oof,0.125,205,909,9,0.9804878048780488,201.0,0.9585486258685323,0.995349375538329,3.819512195121951,3.4278125000000004,4.247692619893818,0.22112211221122113,0.9955995599559956,201.0,905.0
source_representative,calibrated__boltz_binary,trained_oof,0.125,205,909,10,1.0,205.0,1.0,1.0,3.8390243902439023,3.4471126152073737,4.274130921163422,0.22552255225522552,1.0,205.0,909.0
source_representative,calibrated__boltz_binary,trained_oof,0.25,205,909,1,0.23414634146341465,48.0,0.1691542288557214,0.3054288822994882,1.0,1.0,1.0,0.052805280528052806,0.759075907590759,48.0,690.0
source_representative,calibrated__boltz_binary,trained_oof,0.25,205,909,2,0.3951219512195122,81.0,0.31499302030456855,0.47641509433962265,1.7658536585365854,1.6945711177005116,1.8308457711442787,0.0891089108910891,0.8261826182618262,81.0,751.0
source_representative,calibrated__boltz_binary,trained_oof,0.25,205,909,3,0.5560975609756098,114.0,0.47761194029850745,0.6363636363636364,2.370731707317073,2.2321363871635613,2.502571107967019,0.1254125412541254,0.878987898789879,114.0,799.0
source_representative,calibrated__boltz_binary,trained_oof,0.25,205,909,4,0.6829268292682927,140.0,0.60575,0.757429492949295,2.8146341463414632,2.6149551886792457,3.009854667548955,0.15401540154015403,0.9152915291529153,140.0,832.0
source_representative,calibrated__boltz_binary,trained_oof,0.25,205,909,5,0.7317073170731707,150.0,0.6572736418511067,0.8009714775636381,3.131707317073171,2.872580279390421,3.3838383838383836,0.16501650165016502,0.9317931793179318,150.0,847.0
source_representative,calibrated__boltz_binary,trained_oof,0.25,205,909,6,0.8146341463414634,167.0,0.7512684041720332,0.8744112318840579,3.4,3.082082514019372,3.7070003453833755,0.18371837183718373,0.9526952695269527,167.0,866.0
source_representative,calibrated__boltz_binary,trained_oof,0.25,205,909,7,0.8731707317073171,179.0,0.8217690247285597,0.9208114929139972,3.5853658536585367,3.2260744018600467,3.9455644771794245,0.19691969196919692,0.9702970297029703,179.0,882.0
source_representative,calibrated__boltz_binary,trained_oof,0.25,205,909,8,0.9219512195121952,189.0,0.8786373741039833,0.9609756097560975,3.7121951219512197,3.3220052083333327,4.106387007501274,0.2079207920792079,0.9823982398239824,189.0,893.0
source_representative,calibrated__boltz_binary,trained_oof,0.25,205,909,9,0.9658536585365853,198.0,0.9303453661922944,0.9949494949494949,3.790243902439024,3.3762862052037304,4.212675669740887,0.21782178217821782,0.9922992299229924,198.0,902.0
source_representative,calibrated__boltz_binary,trained_oof,0.25,205,909,10,1.0,205.0,1.0,1.0,3.824390243902439,3.400989847715737,4.257083869583867,0.22552255225522552,1.0,205.0,909.0
source_representative,calibrated__boltz_binary,trained_oof,0.5,205,909,1,0.2731707317073171,56.0,0.19900497512437812,0.35000576036866354,1.0,1.0,1.0,0.061606160616061605,0.7755775577557755,56.0,705.0
source_representative,calibrated__boltz_binary,trained_oof,0.5,205,909,2,0.47317073170731705,97.0,0.3939354686764013,0.5545154085126646,1.726829268292683,1.6499942396313363,1.800995024875622,0.10671067106710672,0.8481848184818482,97.0,771.0
source_representative,calibrated__boltz_binary,trained_oof,0.5,205,909,3,0.6,123.0,0.5215191387559808,0.6798029556650246,2.2536585365853656,2.1100466507177034,2.3942434210526313,0.1353135313531353,0.8888888888888888,123.0,808.0
source_representative,calibrated__boltz_binary,trained_oof,0.5,205,909,4,0.6926829268292682,142.0,0.6146064569341345,0.7641577467343977,2.653658536585366,2.447905964611872,2.8592984453517585,0.1562156215621562,0.9196919691969196,142.0,836.0
source_representative,calibrated__boltz_binary,trained_oof,0.5,205,909,5,0.8146341463414634,167.0,0.7499393203883495,0.8712871287128713,2.9609756097560975,2.6976533726191727,3.2289138982506818,0.18371837183718373,0.9504950495049505,167.0,864.0
source_representative,calibrated__boltz_binary,trained_oof,0.5,205,909,6,0.8878048780487805,182.0,0.8420985499462943,0.9306930693069307,3.1463414634146343,2.8374384236453203,3.4634542682926828,0.2002200220022002,0.9702970297029703,182.0,882.0
source_representative,calibrated__boltz_binary,trained_oof,0.5,205,909,7,0.9170731707317074,188.0,0.87439552836647,0.9554510315563576,3.2585365853658534,2.9185509227614492,3.6075887096774193,0.2068206820682068,0.9801980198019802,188.0,891.0
source_representative,calibrated__boltz_binary,trained_oof,0.5,205,909,8,0.9560975609756097,196.0,0.9234444372602267,0.9846153846153847,3.341463414634146,2.975228581531623,3.7115653702640636,0.2156215621562156,0.9900990099009901,196.0,900.0
source_representative,calibrated__boltz_binary,trained_oof,0.5,205,909,9,0.9804878048780488,201.0,0.956086747566983,1.0,3.3853658536585365,3.0044233295977123,3.7734230137678417,0.22112211221122113,0.9955995599559956,201.0,905.0
source_representative,calibrated__boltz_binary,trained_oof,0.5,205,909,10,1.0,205.0,1.0,1.0,3.4048780487804877,3.018860296744385,3.7952435064935064,0.22552255225522552,1.0,205.0,909.0
source_representative,calibrated__boltz_binary,trained_oof,1.0,205,909,1,0.2975609756097561,61.0,0.22279728620530445,0.3743996305418718,1.0,1.0,1.0,0.0671067106710671,0.7843784378437844,61.0,713.0
source_representative,calibrated__boltz_binary,trained_oof,1.0,205,909,2,0.4634146341463415,95.0,0.38535670731707317,0.5463528775681845,1.7024390243902439,1.625600369458128,1.7772027137946955,0.10451045104510451,0.845984598459846,95.0,769.0
source_representative,calibrated__boltz_binary,trained_oof,1.0,205,909,3,0.5609756097560976,115.0,0.48484848484848486,0.6398151658767772,2.2390243902439027,2.0936164972225133,2.3788181818181817,0.1265126512651265,0.8800880088008801,115.0,800.0
source_representative,calibrated__boltz_binary,trained_oof,1.0,205,909,4,0.6682926829268293,137.0,0.5951189024390243,0.7380952380952381,2.678048780487805,2.4696844032744507,2.8844221105527637,0.15071507150715072,0.911991199119912,137.0,829.0
source_representative,calibrated__boltz_binary,trained_oof,1.0,205,909,5,0.7951219512195122,163.0,0.7313432835820896,0.8509615384615384,3.0097560975609756,2.740562525090325,3.27363184079602,0.1793179317931793,0.9438943894389439,163.0,858.0
source_representative,calibrated__boltz_binary,trained_oof,1.0,205,909,6,0.8780487804878049,180.0,0.8277470714403564,0.9246325376884421,3.2146341463414636,2.9099413480302805,3.5219677656575556,0.19801980198019803,0.9658965896589659,180.0,878.0
source_representative,calibrated__boltz_binary,trained_oof,1.0,205,909,7,0.9170731707317074,188.0,0.8755831339712918,0.9552238805970149,3.3365853658536584,3.0000000000000004,3.671682429436973,0.2068206820682068,0.9790979097909791,188.0,890.0
source_representative,calibrated__boltz_binary,trained_oof,1.0,205,909,8,0.9560975609756097,196.0,0.9234444372602267,0.9851485148514851,3.419512195121951,3.0576923076923075,3.777898550724637,0.2156215621562156,0.988998899889989,196.0,899.0
source_representative,calibrated__boltz_binary,trained_oof,1.0,205,909,9,0.975609756097561,200.0,0.952625313283208,0.9950738916256158,3.4634146341463414,3.0940395270096954,3.8365572836750816,0.22002200220022003,0.9944994499449945,200.0,904.0
source_representative,calibrated__boltz_binary,trained_oof,1.0,205,909,10,1.0,205.0,1.0,1.0,3.4878048780487805,3.1087501199385916,3.8724835494945644,0.22552255225522552,1.0,205.0,909.0
source_representative,availability__boltz_binary,trained_oof,0.125,205,909,1,0.21951219512195122,45.0,0.16585304571638682,0.28,1.0,1.0,1.0,0.04950495049504951,0.735973597359736,45.0,669.0
source_representative,availability__boltz_binary,trained_oof,0.125,205,909,2,0.45365853658536587,93.0,0.373134328358209,0.5320276695341029,1.7804878048780488,1.72,1.8341469542836133,0.10231023102310231,0.8360836083608361,93.0,760.0
source_representative,availability__boltz_binary,trained_oof,0.125,205,909,3,0.5658536585365853,116.0,0.487549300131467,0.6403998614532019,2.3268292682926828,2.204855600048538,2.4477611940298507,0.1276127612761276,0.8734873487348734,116.0,794.0
source_representative,availability__boltz_binary,trained_oof,0.125,205,909,4,0.6585365853658537,135.0,0.5791885070860027,0.7313677823006179,2.7609756097560973,2.572863101917354,2.949507575757576,0.1485148514851485,0.9064906490649065,135.0,824.0
source_representative,availability__boltz_binary,trained_oof,0.125,205,909,5,0.7268292682926829,149.0,0.6544441454225179,0.7924528301886793,3.102439024390244,2.8495031141234657,3.361420112599495,0.1639163916391639,0.9273927392739274,149.0,843.0
source_representative,availability__boltz_binary,trained_oof,0.125,205,909,6,0.8048780487804879,165.0,0.7401843271555197,0.8606965174129353,3.375609756097561,3.0710570168691995,3.6953076379066476,0.18151815181518152,0.9482948294829483,165.0,862.0
source_representative,availability__boltz_binary,trained_oof,0.125,205,909,7,0.8731707317073171,179.0,0.8168895012587604,0.9203980099502488,3.5707317073170732,3.2216703662597115,3.93650987224158,0.19691969196919692,0.9658965896589659,179.0,878.0
source_representative,availability__boltz_binary,trained_oof,0.125,205,909,8,0.926829268292683,190.0,0.88722992751603,0.9622641509433962,3.6975609756097563,3.3159492924528307,4.099565945781297,0.20902090209020902,0.9823982398239824,190.0,893.0
source_representative,availability__boltz_binary,trained_oof,0.125,205,909,9,0.9707317073170731,199.0,0.9444444444444444,0.9906542056074766,3.770731707317073,3.3778223199949955,4.199029850746268,0.21892189218921893,0.9933993399339934,199.0,903.0
source_representative,availability__boltz_binary,trained_oof,0.125,205,909,10,1.0,205.0,1.0,1.0,3.8,3.3959943830921557,4.237912950841277,0.22552255225522552,1.0,205.0,909.0
source_representative,availability__boltz_binary,trained_oof,0.25,205,909,1,0.23414634146341465,48.0,0.1755214972056084,0.2970458208611558,1.0,1.0,1.0,0.052805280528052806,0.7546754675467546,48.0,686.0
source_representative,availability__boltz_binary,trained_oof,0.25,205,909,2,0.44390243902439025,91.0,0.3723283973056773,0.52074214982317,1.7658536585365854,1.702954179138844,1.8244785027943915,0.1001100110011001,0.8404840484048405,91.0,764.0
source_representative,availability__boltz_binary,trained_oof,0.25,205,909,3,0.5609756097560976,115.0,0.47958657689880074,0.6331700167504187,2.321951219512195,2.1979268466246027,2.4390336289726533,0.1265126512651265,0.8822882288228823,115.0,802.0
source_representative,availability__boltz_binary,trained_oof,0.25,205,909,4,0.6634146341463415,136.0,0.5885023202135077,0.7285732232591529,2.7609756097560973,2.5734565560821485,2.9473870407149954,0.1496149614961496,0.9086908690869087,136.0,826.0
source_representative,availability__boltz_binary,trained_oof,0.25,205,909,5,0.7560975609756098,155.0,0.6908159180078469,0.8153846153846154,3.097560975609756,2.859204982597545,3.34045760718486,0.1705170517051705,0.935093509350935,155.0,850.0
source_representative,availability__boltz_binary,trained_oof,0.25,205,909,6,0.8097560975609757,166.0,0.7474969207447061,0.8640776699029126,3.341463414634146,3.055262631565789,3.6336668526007525,0.18261826182618263,0.9537953795379538,166.0,867.0
source_representative,availability__boltz_binary,trained_oof,0.25,205,909,7,0.8829268292682927,181.0,0.8282734319943622,0.9295774647887324,3.5317073170731708,3.213197969543147,3.8678139242495675,0.19911991199119913,0.9724972497249725,181.0,884.0
source_representative,availability__boltz_binary,trained_oof,0.25,205,909,8,0.9317073170731708,191.0,0.8894230769230769,0.968094690435116,3.648780487804878,3.3028242370892023,4.023418128933816,0.21012101210121012,0.9834983498349835,191.0,894.0
source_representative,availability__boltz_binary,trained_oof,0.25,205,909,9,0.9609756097560975,197.0,0.9329896907216495,0.9855072463768116,3.7170731707317075,3.3556712962962973,4.125030339805825,0.21672167216721672,0.9911991199119912,197.0,901.0
source_representative,availability__boltz_binary,trained_oof,0.25,205,909,10,1.0,205.0,1.0,1.0,3.7560975609756095,3.3795948474381117,4.171730462519935,0.22552255225522552,1.0,205.0,909.0
source_representative,availability__boltz_binary,trained_oof,0.5,205,909,1,0.35121951219512193,72.0,0.2810737584875516,0.42132601771673134,1.0,1.0,1.0,0.07920792079207921,0.7865786578657866,72.0,715.0
source_representative,availability__boltz_binary,trained_oof,0.5,205,909,2,0.5463414634146342,112.0,0.47028960396039604,0.6194752586314346,1.648780487804878,1.5786739822832685,1.7189262415124484,0.12321232123212321,0.8602860286028603,112.0,782.0
source_representative,availability__boltz_binary,trained_oof,0.5,205,909,3,0.6439024390243903,132.0,0.5714098728496634,0.7122107567229518,2.102439024390244,1.9754871776296727,2.231536017705433,0.14521452145214522,0.8921892189218922,132.0,811.0
source_representative,availability__boltz_binary,trained_oof,0.5,205,909,4,0.7024390243902439,144.0,0.6305283251231527,0.7671283737962836,2.4585365853658536,2.2722651688245747,2.6502721990653026,0.15841584158415842,0.9163916391639164,144.0,833.0
source_representative,availability__boltz_binary,trained_oof,0.5,205,909,5,0.7902439024390244,162.0,0.7259472150259068,0.848780487804878,2.7560975609756095,2.5191964285714286,3.0053208434466017,0.1782178217821782,0.9460946094609461,162.0,860.0
source_representative,availability__boltz_binary,trained_oof,0.5,205,909,6,0.8634146341463415,177.0,0.8080358559416151,0.9117647058823529,2.9658536585365853,2.689212378640777,3.2686567164179103,0.19471947194719472,0.9658965896589659,177.0,878.0
source_representative,availability__boltz_binary,trained_oof,0.5,205,909,7,0.9073170731707317,186.0,0.8578029790115098,0.9486076673660119,3.102439024390244,2.7916565533980586,3.4402028301886785,0.20462046204620463,0.976897689768977,186.0,888.0
source_representative,availability__boltz_binary,trained_oof,0.5,205,909,8,0.9414634146341463,193.0,0.8979461015175301,0.9760794030530873,3.1951219512195124,2.8591195300408043,3.5693242574257424,0.21232123212321233,0.9867986798679867,193.0,897.0
source_representative,availability__boltz_binary,trained_oof,0.5,205,909,9,0.9902439024390244,203.0,0.9744865253793825,1.0,3.2536585365853656,2.9049880653266333,3.6570337917775797,0.22332233223322331,0.9977997799779978,203.0,907.0
source_representative,availability__boltz_binary,trained_oof,0.5,205,909,10,1.0,205.0,1.0,1.0,3.2634146341463413,2.912177854521908,3.670234824529573,0.22552255225522552,1.0,205.0,909.0
source_representative,availability__boltz_binary,trained_oof,1.0,205,909,1,0.4097560975609756,84.0,0.3333333333333333,0.48342747083901394,1.0,1.0,1.0,0.0924092409240924,0.8140814081408141,84.0,740.0
source_representative,availability__boltz_binary,trained_oof,1.0,205,909,2,0.6048780487804878,124.0,0.529092911160974,0.6774231233041905,1.5902439024390245,1.5165725291609862,1.6666666666666667,0.13641364136413642,0.8778877887788779,124.0,798.0
source_representative,availability__boltz_binary,trained_oof,1.0,205,909,3,0.7317073170731707,150.0,0.6633165829145728,0.7971014492753623,1.9853658536585366,1.8506746513038206,2.1256453319227715,0.16501650165016502,0.9185918591859186,150.0,835.0
source_representative,availability__boltz_binary,trained_oof,1.0,205,909,4,0.7902439024390244,162.0,0.7295918367346939,0.8461538461538461,2.2536585365853656,2.065410046728972,2.45050210331914,0.1782178217821782,0.9405940594059405,162.0,855.0
source_representative,availability__boltz_binary,trained_oof,1.0,205,909,5,0.8390243902439024,172.0,0.7839195979899497,0.8873239436619719,2.4634146341463414,2.2282958090329585,2.7035624984827518,0.18921892189218922,0.9592959295929593,172.0,872.0
source_representative,availability__boltz_binary,trained_oof,1.0,205,909,6,0.8878048780487805,182.0,0.83822848583878,0.9302325581395349,2.624390243902439,2.3534289405684756,2.900036945812808,0.2002200220022002,0.9702970297029703,182.0,882.0
source_representative,availability__boltz_binary,trained_oof,1.0,205,909,7,0.926829268292683,190.0,0.8899988038277512,0.9601990049751243,2.7365853658536587,2.4334610693959533,3.045280311510157,0.20902090209020902,0.9801980198019802,190.0,891.0
source_representative,availability__boltz_binary,trained_oof,1.0,205,909,8,0.9560975609756097,196.0,0.925,0.9811320754716981,2.8097560975609754,2.4879197596323794,3.1436515957446804,0.2156215621562156,0.988998899889989,196.0,899.0
source_representative,availability__boltz_binary,trained_oof,1.0,205,909,9,0.9804878048780488,201.0,0.958974358974359,0.9953271028037384,2.8536585365853657,2.5122573891625617,3.2050257537688442,0.22112211221122113,0.9955995599559956,201.0,905.0
source_representative,availability__boltz_binary,trained_oof,1.0,205,909,10,1.0,205.0,1.0,1.0,2.873170731707317,2.525998804092661,3.232331983198321,0.22552255225522552,1.0,205.0,909.0
source_representative,plus__boltz_binary,trained_oof,0.125,205,909,1,0.2682926829268293,55.0,0.19900497512437812,0.34272635814889335,1.0,1.0,1.0,0.06050605060506051,0.7678767876787679,55.0,698.0
source_representative,plus__boltz_binary,trained_oof,0.125,205,909,2,0.48292682926829267,99.0,0.4040379161068816,0.5633802816901409,1.7317073170731707,1.6572736418511065,1.800995024875622,0.10891089108910891,0.847084708470847,99.0,770.0
source_representative,plus__boltz_binary,trained_oof,0.125,205,909,3,0.624390243902439,128.0,0.5492939502298767,0.6966824644549763,2.2487804878048783,2.1110977564102567,2.3802153201219514,0.1408140814081408,0.88998899889989,128.0,809.0
source_representative,plus__boltz_binary,trained_oof,0.125,205,909,4,0.697560975609756,143.0,0.6230366492146597,0.7600092165898618,2.624390243902439,2.427134369765494,2.816044955718136,0.1573157315731573,0.9152915291529153,143.0,832.0
source_representative,plus__boltz_binary,trained_oof,0.125,205,909,5,0.7658536585365854,157.0,0.7009792468389224,0.8229665071770335,2.926829268292683,2.6799724770642204,3.190018041237113,0.17271727172717272,0.9372937293729373,157.0,852.0
source_representative,plus__boltz_binary,trained_oof,0.125,205,909,6,0.8146341463414634,167.0,0.7552056760204082,0.8666666666666667,3.1609756097560977,2.877502792161641,3.4699999999999998,0.18371837183718373,0.9548954895489549,167.0,868.0
source_representative,plus__boltz_binary,trained_oof,0.125,205,909,7,0.8731707317073171,179.0,0.8214285714285714,0.9178098736020118,3.346341463414634,3.029847051869366,3.698019801980198,0.19691969196919692,0.9713971397139713,179.0,883.0
source_representative,plus__boltz_binary,trained_oof,0.125,205,909,8,0.9317073170731708,191.0,0.8925179726815241,0.96392215173143,3.473170731707317,3.1338978926878815,3.862249622071051,0.21012101210121012,0.9845984598459846,191.0,895.0
source_representative,plus__boltz_binary,trained_oof,0.125,205,909,9,0.975609756097561,200.0,0.9512135341941654,0.9950248756218906,3.5414634146341464,3.1851672060409926,3.9554724494188553,0.22002200220022003,0.9944994499449945,200.0,904.0
source_representative,plus__boltz_binary,trained_oof,0.125,205,909,10,1.0,205.0,1.0,1.0,3.5658536585365854,3.203635620915032,3.984707072484166,0.22552255225522552,1.0,205.0,909.0
source_representative,plus__boltz_binary,trained_oof,0.25,205,909,1,0.3073170731707317,63.0,0.23382619612219277,0.3893878017366737,1.0,1.0,1.0,0.06930693069306931,0.7788778877887789,63.0,708.0
source_representative,plus__boltz_binary,trained_oof,0.25,205,909,2,0.5121951219512195,105.0,0.4336734693877551,0.588242330424993,1.6926829268292682,1.6106121982633264,1.7661738038778072,0.11551155115511551,0.8525852585258525,105.0,775.0
source_representative,plus__boltz_binary,trained_oof,0.25,205,909,3,0.624390243902439,128.0,0.5445435352358766,0.6968396493212669,2.180487804878049,2.031061488673139,2.318407960199005,0.1408140814081408,0.8932893289328933,128.0,812.0
source_representative,plus__boltz_binary,trained_oof,0.25,205,909,4,0.7317073170731707,150.0,0.6614356364678899,0.7962085308056872,2.55609756097561,2.3459307654475543,2.7600051020408163,0.16501650165016502,0.9251925192519251,150.0,841.0
source_representative,plus__boltz_binary,trained_oof,0.25,205,909,5,0.7902439024390244,162.0,0.7263681592039801,0.8490743201346442,2.824390243902439,2.557664027149321,3.086984681234512,0.1782178217821782,0.9427942794279428,162.0,857.0
source_representative,plus__boltz_binary,trained_oof,0.25,205,909,6,0.848780487804878,174.0,0.7939523337843062,0.898478996542338,3.0341463414634147,2.725115521327014,3.3430836561917054,0.19141914191419143,0.9570957095709571,174.0,870.0
source_representative,plus__boltz_binary,trained_oof,0.25,205,909,7,0.8926829268292683,183.0,0.8457938113172456,0.9345817874418823,3.1853658536585368,2.851545565817292,3.5400817307692303,0.20132013201320131,0.9735973597359736,183.0,885.0
source_representative,plus__boltz_binary,trained_oof,0.25,205,909,8,0.9414634146341463,193.0,0.9068595702529717,0.9701492537313433,3.292682926829268,2.937190446039116,3.6787564766839376,0.21232123212321233,0.9856985698569857,193.0,896.0
source_representative,plus__boltz_binary,trained_oof,0.25,205,909,9,0.9853658536585366,202.0,0.9658494739359158,1.0,3.351219512195122,2.982046094483262,3.7514184260046908,0.2222222222222222,0.9966996699669967,202.0,906.0
source_representative,plus__boltz_binary,trained_oof,0.25,205,909,10,1.0,205.0,1.0,1.0,3.3658536585365852,2.995110712983028,3.7688814887836304,0.22552255225522552,1.0,205.0,909.0
source_representative,plus__boltz_binary,trained_oof,0.5,205,909,1,0.40487804878048783,83.0,0.3283582089552239,0.48169380936094075,1.0,1.0,1.0,0.09130913091309131,0.8052805280528053,83.0,732.0
source_representative,plus__boltz_binary,trained_oof,0.5,205,909,2,0.6195121951219512,127.0,0.5428535534816942,0.6923177083333333,1.5951219512195123,1.5183061906390591,1.671641791044776,0.1397139713971397,0.8778877887788779,127.0,798.0
source_representative,plus__boltz_binary,trained_oof,0.5,205,909,3,0.7268292682926829,149.0,0.6582914572864321,0.788659793814433,1.975609756097561,1.835730072463768,2.1148413036398703,0.1639163916391639,0.9152915291529153,149.0,832.0
source_representative,plus__boltz_binary,trained_oof,0.5,205,909,4,0.7707317073170732,158.0,0.7079114515225107,0.8302069091240543,2.2487804878048783,2.0601445195195196,2.445052884615384,0.17381738173817382,0.9328932893289329,158.0,848.0
source_representative,plus__boltz_binary,trained_oof,0.5,205,909,5,0.8292682926829268,170.0,0.7724751213093182,0.882934876810697,2.478048780487805,2.2397537619699044,2.725002962085308,0.18701870187018702,0.9537953795379538,170.0,867.0
source_representative,plus__boltz_binary,trained_oof,0.5,205,909,6,0.8682926829268293,178.0,0.8168190543544149,0.9155028300644991,2.648780487804878,2.362790697674418,2.9385074626865673,0.19581958195819582,0.9647964796479648,178.0,877.0
source_representative,plus__boltz_binary,trained_oof,0.5,205,909,7,0.9219512195121952,189.0,0.8808266387792937,0.9604009169389844,2.7804878048780486,2.462867832612846,3.1094941956882254,0.2079207920792079,0.9801980198019802,189.0,891.0
source_representative,plus__boltz_binary,trained_oof,0.5,205,909,8,0.9512195121951219,195.0,0.9191883116883117,0.9802955665024631,2.8585365853658535,2.5098346247668255,3.217242424242424,0.2145214521452145,0.9867986798679867,195.0,897.0
source_representative,plus__boltz_binary,trained_oof,0.5,205,909,9,0.975609756097561,200.0,0.9509803921568627,0.9950980392156863,2.9073170731707316,2.5402387896463723,3.2872727272727267,0.22002200220022003,0.9944994499449945,200.0,904.0
source_representative,plus__boltz_binary,trained_oof,0.5,205,909,10,1.0,205.0,1.0,1.0,2.9317073170731707,2.5615415754424378,3.3170847300890074,0.22552255225522552,1.0,205.0,909.0
source_representative,plus__boltz_binary,trained_oof,1.0,205,909,1,0.40487804878048783,83.0,0.3301851937912445,0.4788781526367507,1.0,1.0,1.0,0.09130913091309131,0.8107810781078107,83.0,737.0
source_representative,plus__boltz_binary,trained_oof,1.0,205,909,2,0.6439024390243903,132.0,0.570091121495327,0.7122793293480291,1.5951219512195123,1.5211218473632493,1.6698148062087554,0.14521452145214522,0.8866886688668867,132.0,806.0
source_representative,plus__boltz_binary,trained_oof,1.0,205,909,3,0.7317073170731707,150.0,0.6634134267085245,0.7937281699979718,1.951219512195122,1.82123745819398,2.080020202020202,0.16501650165016502,0.9185918591859186,150.0,835.0
source_representative,plus__boltz_binary,trained_oof,1.0,205,909,4,0.7902439024390244,162.0,0.7285610263522885,0.8461538461538461,2.2195121951219514,2.039995024875622,2.4010196943607403,0.1782178217821782,0.9394939493949395,162.0,854.0
source_representative,plus__boltz_binary,trained_oof,1.0,205,909,5,0.8390243902439024,172.0,0.7837837837837838,0.889459859104133,2.4292682926829268,2.2037709398901977,2.668474982599953,0.18921892189218922,0.9548954895489549,172.0,868.0
source_representative,plus__boltz_binary,trained_oof,1.0,205,909,6,0.8878048780487805,182.0,0.8418535574487681,0.9322916666666666,2.5902439024390245,2.322973829323609,2.8689703958951656,0.2002200220022002,0.9680968096809681,182.0,880.0
source_representative,plus__boltz_binary,trained_oof,1.0,205,909,7,0.9463414634146341,194.0,0.9147955496992752,0.9752505730868652,2.702439024390244,2.4063610818405334,3.0096702898550722,0.21342134213421343,0.9834983498349835,194.0,894.0
source_representative,plus__boltz_binary,trained_oof,1.0,205,909,8,0.9707317073170731,199.0,0.9468534543407907,0.990521327014218,2.7560975609756095,2.4418329108343437,3.07290841093719,0.21892189218921893,0.9911991199119912,199.0,901.0
source_representative,plus__boltz_binary,trained_oof,1.0,205,909,9,0.9853658536585366,202.0,0.9658494739359158,1.0,2.7853658536585364,2.4587521477663232,3.1197517942583723,0.2222222222222222,0.9966996699669967,202.0,906.0
source_representative,plus__boltz_binary,trained_oof,1.0,205,909,10,1.0,205.0,1.0,1.0,2.8,2.4687462258454107,3.1456848725429243,0.22552255225522552,1.0,205.0,909.0
source_representative,calibrated__boltzina_vina_far_affinity,trained_oof,0.125,205,909,1,0.24390243902439024,50.0,0.1799811320754717,0.3118811881188119,1.0,1.0,1.0,0.05500550055005501,0.757975797579758,50.0,689.0
source_representative,calibrated__boltzina_vina_far_affinity,trained_oof,0.125,205,909,2,0.43414634146341463,89.0,0.35600667477233816,0.5094408316541491,1.7560975609756098,1.688118811881188,1.8200188679245282,0.09790979097909791,0.8338833883388339,89.0,758.0
source_representative,calibrated__boltzina_vina_far_affinity,trained_oof,0.125,205,909,3,0.5365853658536586,110.0,0.45714285714285713,0.611952795829465,2.321951219512195,2.19003345413995,2.4545679567956795,0.12101210121012101,0.8690869086908691,110.0,790.0
source_representative,calibrated__boltzina_vina_far_affinity,trained_oof,0.125,205,909,4,0.6536585365853659,134.0,0.5749969806763284,0.7286514347438126,2.7853658536585364,2.5916901073221394,2.989693351567431,0.1474147414741474,0.9075907590759076,134.0,825.0
source_representative,calibrated__boltzina_vina_far_affinity,trained_oof,0.125,205,909,5,0.7268292682926829,149.0,0.6532541178112786,0.7989949748743719,3.131707317073171,2.885911990419396,3.395144892538034,0.1639163916391639,0.9262926292629263,149.0,842.0
source_representative,calibrated__boltzina_vina_far_affinity,trained_oof,0.125,205,909,6,0.8048780487804879,165.0,0.738911818222163,0.8645871074879227,3.4048780487804877,3.1038994572046033,3.7279120559114722,0.18151815181518152,0.9493949394939494,165.0,863.0
source_representative,calibrated__boltzina_vina_far_affinity,trained_oof,0.125,205,909,7,0.8536585365853658,175.0,0.7938085217062328,0.9081749197140785,3.6,3.2598657407407408,3.980508320036471,0.1925192519251925,0.9647964796479648,175.0,877.0
source_representative,calibrated__boltzina_vina_far_affinity,trained_oof,0.125,205,909,8,0.9024390243902439,185.0,0.8483336818139579,0.9484536082474226,3.7463414634146344,3.3622955230305647,4.163366336633663,0.20352035203520352,0.976897689768977,185.0,888.0
source_representative,calibrated__boltzina_vina_far_affinity,trained_oof,0.125,205,909,9,0.9463414634146341,194.0,0.8957345971563981,0.984375,3.84390243902439,3.4306912928134925,4.294440117687781,0.21342134213421343,0.9878987898789879,194.0,898.0
source_representative,calibrated__boltzina_vina_far_affinity,trained_oof,0.125,205,909,10,1.0,205.0,1.0,1.0,3.897560975609756,3.464951354679803,4.367446990424076,0.22552255225522552,1.0,205.0,909.0
source_representative,calibrated__boltzina_vina_far_affinity,trained_oof,0.25,205,909,1,0.24878048780487805,51.0,0.1840694486749924,0.31603834685697524,1.0,1.0,1.0,0.056105610561056105,0.7634763476347635,51.0,694.0
source_representative,calibrated__boltzina_vina_far_affinity,trained_oof,0.25,205,909,2,0.43902439024390244,90.0,0.3626721691358346,0.5172456682106708,1.751219512195122,1.6839616531430248,1.8159305513250077,0.09900990099009901,0.834983498349835,90.0,759.0
source_representative,calibrated__boltzina_vina_far_affinity,trained_oof,0.25,205,909,3,0.5365853658536586,110.0,0.46077633378932964,0.6132155227417737,2.3121951219512193,2.1835528149386843,2.4415047592385215,0.12101210121012101,0.8712871287128713,110.0,792.0
source_representative,calibrated__boltzina_vina_far_affinity,trained_oof,0.25,205,909,4,0.6780487804878049,139.0,0.6057537553648068,0.7452192164179103,2.7756097560975608,2.582897264098269,2.964672459893048,0.15291529152915292,0.9130913091309131,139.0,830.0
source_representative,calibrated__boltzina_vina_far_affinity,trained_oof,0.25,205,909,5,0.775609756097561,159.0,0.7123862497912841,0.8382352941176471,3.097560975609756,2.85338785978154,3.3476195585530344,0.17491749174917492,0.9405940594059405,159.0,855.0
source_representative,calibrated__boltzina_vina_far_affinity,trained_oof,0.25,205,909,6,0.824390243902439,169.0,0.765846073054032,0.8787878787878788,3.321951219512195,3.03825954129883,3.619558370826426,0.1859185918591859,0.9548954895489549,169.0,868.0
source_representative,calibrated__boltzina_vina_far_affinity,trained_oof,0.25,205,909,7,0.8829268292682927,181.0,0.8292619739668899,0.9317073170731708,3.497560975609756,3.171390429958391,3.8348812366469773,0.19911991199119913,0.9702970297029703,181.0,882.0
source_representative,calibrated__boltzina_vina_far_affinity,trained_oof,0.25,205,909,8,0.9219512195121952,189.0,0.8792231209976408,0.9605911330049262,3.6146341463414635,3.2572747482079674,3.9909739391914467,0.2079207920792079,0.9801980198019802,189.0,891.0
source_representative,calibrated__boltzina_vina_far_affinity,trained_oof,0.25,205,909,9,0.9512195121951219,195.0,0.912191169828365,0.9845380650277558,3.6926829268292685,3.31301563003545,4.098177570093458,0.2145214521452145,0.988998899889989,195.0,899.0
source_representative,calibrated__boltzina_vina_far_affinity,trained_oof,0.25,205,909,10,1.0,205.0,1.0,1.0,3.7414634146341466,3.3496947564711617,4.1674866956351915,0.22552255225522552,1.0,205.0,909.0
source_representative,calibrated__boltzina_vina_far_affinity,trained_oof,0.5,205,909,1,0.3121951219512195,64.0,0.2383251237249936,0.38647826086956516,1.0,1.0,1.0,0.0704070407040704,0.7777777777777778,64.0,707.0
source_representative,calibrated__boltzina_vina_far_affinity,trained_oof,0.5,205,909,2,0.4634146341463415,95.0,0.38461538461538464,0.5404205094422485,1.6878048780487804,1.6135217391304348,1.7616748762750063,0.10451045104510451,0.8393839383938394,95.0,763.0
source_representative,calibrated__boltzina_vina_far_affinity,trained_oof,0.5,205,909,3,0.5902439024390244,121.0,0.5123093215297114,0.6634626777251185,2.2243902439024392,2.084987676056338,2.3650096153846154,0.1331133113311331,0.8855885588558856,121.0,805.0
source_representative,calibrated__boltzina_vina_far_affinity,trained_oof,0.5,205,909,4,0.7073170731707317,145.0,0.6381885618569035,0.772093023255814,2.6341463414634148,2.4345396955390695,2.8381184668989548,0.15951595159515952,0.9207920792079208,145.0,837.0
source_representative,calibrated__boltzina_vina_far_affinity,trained_oof,0.5,205,909,5,0.8,164.0,0.7342753623188406,0.8578604734576756,2.926829268292683,2.680406566360175,3.185929648241206,0.18041804180418042,0.9471947194719472,164.0,861.0
source_representative,calibrated__boltzina_vina_far_affinity,trained_oof,0.5,205,909,6,0.8585365853658536,176.0,0.800946294509919,0.9104497250589159,3.126829268292683,2.8423645320197046,3.4350101674641147,0.1936193619361936,0.9647964796479648,176.0,877.0
source_representative,calibrated__boltzina_vina_far_affinity,trained_oof,0.5,205,909,7,0.9121951219512195,187.0,0.859901124204253,0.9574493175431554,3.268292682926829,2.945784999205467,3.6195841083468965,0.20572057205720573,0.977997799779978,187.0,889.0
source_representative,calibrated__boltzina_vina_far_affinity,trained_oof,0.5,205,909,8,0.9463414634146341,194.0,0.9090909090909091,0.9803945480631276,3.3560975609756096,3.0044318181818177,3.7463722472176184,0.21342134213421343,0.9856985698569857,194.0,896.0
source_representative,calibrated__boltzina_vina_far_affinity,trained_oof,0.5,205,909,9,0.9804878048780488,201.0,0.9601940298507462,0.9952158806106174,3.4097560975609755,3.039985221674877,3.8200479452054794,0.22112211221122113,0.9955995599559956,201.0,905.0
source_representative,calibrated__boltzina_vina_far_affinity,trained_oof,0.5,205,909,10,1.0,205.0,1.0,1.0,3.4292682926829268,3.053914992826398,3.8505346286016384,0.22552255225522552,1.0,205.0,909.0
source_representative,calibrated__boltzina_vina_far_affinity,trained_oof,1.0,205,909,1,0.33170731707317075,68.0,0.2535645933014354,0.41364028213166143,1.0,1.0,1.0,0.0748074807480748,0.7876787678767877,68.0,716.0
source_representative,calibrated__boltzina_vina_far_affinity,trained_oof,1.0,205,909,2,0.4926829268292683,101.0,0.4123633632077915,0.5682905761423511,1.6682926829268292,1.5863597178683386,1.7464354066985643,0.1111111111111111,0.8481848184818482,101.0,771.0
source_representative,calibrated__boltzina_vina_far_affinity,trained_oof,1.0,205,909,3,0.5951219512195122,122.0,0.5194174757281553,0.6699507389162561,2.175609756097561,2.031750882612533,2.3283953270297726,0.1342134213421342,0.8855885588558856,122.0,805.0
source_representative,calibrated__boltzina_vina_far_affinity,trained_oof,1.0,205,909,4,0.6926829268292682,142.0,0.6195066237464405,0.7591647275547798,2.580487804878049,2.3738317757009346,2.801959815546772,0.1562156215621562,0.9207920792079208,142.0,837.0
source_representative,calibrated__boltzina_vina_far_affinity,trained_oof,1.0,205,909,5,0.8,164.0,0.7375978024631732,0.857798708639506,2.8878048780487804,2.628016514998315,3.1666878172588833,0.18041804180418042,0.9504950495049505,164.0,864.0
source_representative,calibrated__boltzina_vina_far_affinity,trained_oof,1.0,205,909,6,0.848780487804878,174.0,0.7897134776192819,0.9024390243902439,3.0878048780487806,2.7870213052858688,3.4162646991301684,0.19141914191419143,0.9614961496149615,174.0,874.0
source_representative,calibrated__boltzina_vina_far_affinity,trained_oof,1.0,205,909,7,0.9170731707317074,188.0,0.8663594470046083,0.9593908629441624,3.2390243902439027,2.903796728971962,3.61052758097166,0.2068206820682068,0.977997799779978,188.0,889.0
source_representative,calibrated__boltzina_vina_far_affinity,trained_oof,1.0,205,909,8,0.9512195121951219,195.0,0.9138713477278799,0.9847715736040609,3.321951219512195,2.9624187432286018,3.715875032408607,0.2145214521452145,0.9878987898789879,195.0,898.0
source_representative,calibrated__boltzina_vina_far_affinity,trained_oof,1.0,205,909,9,0.9804878048780488,201.0,0.9601940298507462,0.9952158806106174,3.370731707317073,2.986171900117886,3.791329828755427,0.22112211221122113,0.9955995599559956,201.0,905.0
source_representative,calibrated__boltzina_vina_far_affinity,trained_oof,1.0,205,909,10,1.0,205.0,1.0,1.0,3.3902439024390243,3.0,3.8141613012981557,0.22552255225522552,1.0,205.0,909.0
source_representative,availability__boltzina_vina_far_affinity,trained_oof,0.125,205,909,1,0.21951219512195122,45.0,0.16585304571638682,0.28,1.0,1.0,1.0,0.04950495049504951,0.735973597359736,45.0,669.0
source_representative,availability__boltzina_vina_far_affinity,trained_oof,0.125,205,909,2,0.45365853658536587,93.0,0.373134328358209,0.5320276695341029,1.7804878048780488,1.72,1.8341469542836133,0.10231023102310231,0.8360836083608361,93.0,760.0
source_representative,availability__boltzina_vina_far_affinity,trained_oof,0.125,205,909,3,0.5658536585365853,116.0,0.487549300131467,0.6403998614532019,2.3268292682926828,2.204855600048538,2.4477611940298507,0.1276127612761276,0.8734873487348734,116.0,794.0
source_representative,availability__boltzina_vina_far_affinity,trained_oof,0.125,205,909,4,0.6585365853658537,135.0,0.5791885070860027,0.7313677823006179,2.7609756097560973,2.572863101917354,2.949507575757576,0.1485148514851485,0.9064906490649065,135.0,824.0
source_representative,availability__boltzina_vina_far_affinity,trained_oof,0.125,205,909,5,0.7365853658536585,151.0,0.6635514018691588,0.8020317787648054,3.102439024390244,2.8495031141234657,3.361420112599495,0.16611661166116612,0.9295929592959296,151.0,845.0
source_representative,availability__boltzina_vina_far_affinity,trained_oof,0.125,205,909,6,0.8048780487804879,165.0,0.7401843271555197,0.8606965174129353,3.3658536585365852,3.0637024012503553,3.6850046296296295,0.18151815181518152,0.9482948294829483,165.0,862.0
source_representative,availability__boltzina_vina_far_affinity,trained_oof,0.125,205,909,7,0.8731707317073171,179.0,0.8168895012587604,0.9203980099502488,3.5609756097560976,3.2156768927666763,3.9253731343283578,0.19691969196919692,0.9658965896589659,179.0,878.0
source_representative,availability__boltzina_vina_far_affinity,trained_oof,0.125,205,909,8,0.926829268292683,190.0,0.88722992751603,0.9622641509433962,3.6878048780487807,3.3065636792452837,4.092319587628865,0.20902090209020902,0.9823982398239824,190.0,893.0
source_representative,availability__boltzina_vina_far_affinity,trained_oof,0.125,205,909,9,0.975609756097561,200.0,0.9521415528280517,0.9951456310679612,3.7609756097560973,3.363155136268343,4.19181303404313,0.22002200220022003,0.9944994499449945,200.0,904.0
source_representative,availability__boltzina_vina_far_affinity,trained_oof,0.125,205,909,10,1.0,205.0,1.0,1.0,3.7853658536585364,3.3816363329962935,4.219819063510272,0.22552255225522552,1.0,205.0,909.0
source_representative,availability__boltzina_vina_far_affinity,trained_oof,0.25,205,909,1,0.23414634146341465,48.0,0.1755214972056084,0.2970458208611558,1.0,1.0,1.0,0.052805280528052806,0.7546754675467546,48.0,686.0
source_representative,availability__boltzina_vina_far_affinity,trained_oof,0.25,205,909,2,0.44878048780487806,92.0,0.37372229760289466,0.5238210818307906,1.7658536585365854,1.702954179138844,1.8244785027943915,0.10121012101210121,0.8404840484048405,92.0,764.0
source_representative,availability__boltzina_vina_far_affinity,trained_oof,0.25,205,909,3,0.5658536585365853,116.0,0.4852941176470588,0.6391814532117366,2.317073170731707,2.192104990562129,2.436048131653528,0.1276127612761276,0.8833883388338833,116.0,803.0
source_representative,availability__boltzina_vina_far_affinity,trained_oof,0.25,205,909,4,0.6634146341463415,136.0,0.5885023202135077,0.7285732232591529,2.7512195121951217,2.567773650863011,2.9366243399547396,0.1496149614961496,0.9086908690869087,136.0,826.0
source_representative,availability__boltzina_vina_far_affinity,trained_oof,0.25,205,909,5,0.751219512195122,154.0,0.6849866504854369,0.8101851851851852,3.0878048780487806,2.845434686672551,3.3333333333333335,0.1694169416941694,0.933993399339934,154.0,849.0
source_representative,availability__boltzina_vina_far_affinity,trained_oof,0.25,205,909,6,0.8097560975609757,166.0,0.7474969207447061,0.8640776699029126,3.3365853658536584,3.0492610837438425,3.627551020408163,0.18261826182618263,0.9537953795379538,166.0,867.0
source_representative,availability__boltzina_vina_far_affinity,trained_oof,0.25,205,909,7,0.8780487804878049,180.0,0.8224275345130224,0.9242519415258108,3.526829268292683,3.210890005583473,3.866683673469388,0.19801980198019803,0.9713971397139713,180.0,883.0
source_representative,availability__boltzina_vina_far_affinity,trained_oof,0.25,205,909,8,0.926829268292683,190.0,0.8820690394511149,0.9637364047985809,3.648780487804878,3.3042146206308614,4.0234116869630885,0.20902090209020902,0.9823982398239824,190.0,893.0
source_representative,availability__boltzina_vina_far_affinity,trained_oof,0.25,205,909,9,0.9609756097560975,197.0,0.9329896907216495,0.9855072463768116,3.7219512195121953,3.3603079761233308,4.1280819754957685,0.21672167216721672,0.9911991199119912,197.0,901.0
source_representative,availability__boltzina_vina_far_affinity,trained_oof,0.25,205,909,10,1.0,205.0,1.0,1.0,3.7609756097560973,3.3823011599005794,4.1767743221690585,0.22552255225522552,1.0,205.0,909.0
source_representative,availability__boltzina_vina_far_affinity,trained_oof,0.5,205,909,1,0.35121951219512193,72.0,0.2810737584875516,0.42132601771673134,1.0,1.0,1.0,0.07920792079207921,0.7865786578657866,72.0,715.0
source_representative,availability__boltzina_vina_far_affinity,trained_oof,0.5,205,909,2,0.5414634146341464,111.0,0.4660091436790466,0.6153846153846154,1.648780487804878,1.5786739822832685,1.7189262415124484,0.12211221122112212,0.8591859185918592,111.0,781.0
source_representative,availability__boltzina_vina_far_affinity,trained_oof,0.5,205,909,3,0.6487804878048781,133.0,0.5744653573376978,0.7171850079744816,2.107317073170732,1.9800970149253732,2.2355779967159277,0.14631463146314633,0.8932893289328933,133.0,812.0
source_representative,availability__boltzina_vina_far_affinity,trained_oof,0.5,205,909,4,0.7073170731707317,145.0,0.6345915841584158,0.772093023255814,2.4585365853658536,2.274872223771025,2.6479797162767547,0.15951595159515952,0.9174917491749175,145.0,834.0
source_representative,availability__boltzina_vina_far_affinity,trained_oof,0.5,205,909,5,0.7853658536585366,161.0,0.7193718112244898,0.8439024390243902,2.7512195121951217,2.518092145272325,3.0048798599372133,0.1771177117711771,0.944994499449945,161.0,859.0
source_representative,availability__boltzina_vina_far_affinity,trained_oof,0.5,205,909,6,0.8585365853658536,176.0,0.8010204081632653,0.9068627450980392,2.9658536585365853,2.687462258454106,3.2686619966206703,0.1936193619361936,0.9647964796479648,176.0,877.0
source_representative,availability__boltzina_vina_far_affinity,trained_oof,0.5,205,909,7,0.9073170731707317,186.0,0.8578029790115098,0.9486076673660119,3.107317073170732,2.7980302132701427,3.450596309630963,0.20462046204620463,0.976897689768977,186.0,888.0
source_representative,availability__boltzina_vina_far_affinity,trained_oof,0.5,205,909,8,0.9414634146341463,193.0,0.8979461015175301,0.9760794030530873,3.2,2.862048341857779,3.5766606161695442,0.21232123212321233,0.9867986798679867,193.0,897.0
source_representative,availability__boltzina_vina_far_affinity,trained_oof,0.5,205,909,9,0.9902439024390244,203.0,0.9744865253793825,1.0,3.2585365853658534,2.9049711538461542,3.6667085427135677,0.22332233223322331,0.9977997799779978,203.0,907.0
source_representative,availability__boltzina_vina_far_affinity,trained_oof,0.5,205,909,10,1.0,205.0,1.0,1.0,3.268292682926829,2.914986934183719,3.680761379873444,0.22552255225522552,1.0,205.0,909.0
source_representative,availability__boltzina_vina_far_affinity,trained_oof,1.0,205,909,1,0.4097560975609756,84.0,0.3333333333333333,0.48342747083901394,1.0,1.0,1.0,0.0924092409240924,0.8140814081408141,84.0,740.0
source_representative,availability__boltzina_vina_far_affinity,trained_oof,1.0,205,909,2,0.6048780487804878,124.0,0.529092911160974,0.6774231233041905,1.5902439024390245,1.5165725291609862,1.6666666666666667,0.13641364136413642,0.8778877887788779,124.0,798.0
source_representative,availability__boltzina_vina_far_affinity,trained_oof,1.0,205,909,3,0.7317073170731707,150.0,0.6633165829145728,0.7971014492753623,1.9853658536585366,1.8506746513038206,2.1256453319227715,0.16501650165016502,0.9196919691969196,150.0,836.0
source_representative,availability__boltzina_vina_far_affinity,trained_oof,1.0,205,909,4,0.7902439024390244,162.0,0.7295918367346939,0.8461538461538461,2.2536585365853656,2.065410046728972,2.45050210331914,0.1782178217821782,0.9405940594059405,162.0,855.0
source_representative,availability__boltzina_vina_far_affinity,trained_oof,1.0,205,909,5,0.8341463414634146,171.0,0.7788802386315816,0.8844487179487179,2.4634146341463414,2.2282958090329585,2.7035624984827518,0.18811881188118812,0.9581958195819582,171.0,871.0
source_representative,availability__boltzina_vina_far_affinity,trained_oof,1.0,205,909,6,0.8829268292682927,181.0,0.834223906237012,0.9251132199761208,2.629268292682927,2.3546720311827443,2.9068060509802893,0.19911991199119913,0.9691969196919692,181.0,881.0
source_representative,availability__boltzina_vina_far_affinity,trained_oof,1.0,205,909,7,0.926829268292683,190.0,0.8899988038277512,0.9601990049751243,2.7463414634146344,2.438065161111368,3.063212113197566,0.20902090209020902,0.9801980198019802,190.0,891.0
source_representative,availability__boltzina_vina_far_affinity,trained_oof,1.0,205,909,8,0.9560975609756097,196.0,0.925,0.9811320754716981,2.819512195121951,2.4953635620915042,3.1554488765068873,0.2156215621562156,0.988998899889989,196.0,899.0
source_representative,availability__boltzina_vina_far_affinity,trained_oof,1.0,205,909,9,0.9853658536585366,202.0,0.966183574879227,1.0,2.8634146341463413,2.5230927002583985,3.2121399639963992,0.2222222222222222,0.9966996699669967,202.0,906.0
source_representative,availability__boltzina_vina_far_affinity,trained_oof,1.0,205,909,10,1.0,205.0,1.0,1.0,2.8780487804878048,2.5319267589924714,3.237898336972174,0.22552255225522552,1.0,205.0,909.0
source_representative,plus__boltzina_vina_far_affinity,trained_oof,0.125,205,909,1,0.3073170731707317,63.0,0.2330012977025858,0.3774674422007608,1.0,1.0,1.0,0.06930693069306931,0.7733773377337734,63.0,703.0
source_representative,plus__boltzina_vina_far_affinity,trained_oof,0.125,205,909,2,0.4634146341463415,95.0,0.38535670731707317,0.5388433403427139,1.6926829268292682,1.622532557799239,1.7669987022974143,0.10451045104510451,0.8437843784378438,95.0,767.0
source_representative,plus__boltzina_vina_far_affinity,trained_oof,0.125,205,909,3,0.5707317073170731,117.0,0.4925971538040504,0.6476414427157,2.229268292682927,2.0947802456909765,2.3654123036649213,0.12871287128712872,0.8844884488448845,117.0,804.0
source_representative,plus__boltzina_vina_far_affinity,trained_oof,0.125,205,909,4,0.624390243902439,128.0,0.5467192842489172,0.7009816555488174,2.658536585365854,2.460309523809524,2.8640837683563447,0.1408140814081408,0.9053905390539054,128.0,823.0
source_representative,plus__boltzina_vina_far_affinity,trained_oof,0.125,205,909,5,0.7024390243902439,144.0,0.6273461700929316,0.7766497461928934,3.0341463414634147,2.7709919677850037,3.302899564676617,0.15841584158415842,0.9262926292629263,144.0,842.0
source_representative,plus__boltzina_vina_far_affinity,trained_oof,0.125,205,909,6,0.775609756097561,159.0,0.7079207920792079,0.8383838383838383,3.3317073170731706,3.014056237168833,3.657432618261826,0.17491749174917492,0.944994499449945,159.0,859.0
source_representative,plus__boltzina_vina_far_affinity,trained_oof,0.125,205,909,7,0.8341463414634146,171.0,0.7731481481481481,0.8926959507459151,3.55609756097561,3.188024136515034,3.933340707964602,0.18811881188118812,0.9603960396039604,171.0,873.0
source_representative,plus__boltzina_vina_far_affinity,trained_oof,0.125,205,909,8,0.8926829268292683,183.0,0.8465340778263872,0.9359605911330049,3.7219512195121953,3.3131000600059997,4.138804669279412,0.20132013201320131,0.9746974697469747,183.0,886.0
source_representative,plus__boltzina_vina_far_affinity,trained_oof,0.125,205,909,9,0.9658536585365853,198.0,0.9393903993203059,0.9898477157360406,3.8292682926829267,3.4036867243062328,4.275960335894229,0.21782178217821782,0.9922992299229924,198.0,902.0
source_representative,plus__boltzina_vina_far_affinity,trained_oof,0.125,205,909,10,1.0,205.0,1.0,1.0,3.8634146341463413,3.4278710670314636,4.326916455137402,0.22552255225522552,1.0,205.0,909.0
source_representative,plus__boltzina_vina_far_affinity,trained_oof,0.25,205,909,1,0.3170731707317073,65.0,0.2435031943256703,0.38863845939396535,1.0,1.0,1.0,0.07150715071507151,0.7821782178217822,65.0,711.0
source_representative,plus__boltzina_vina_far_affinity,trained_oof,0.25,205,909,2,0.5024390243902439,103.0,0.42378129602356407,0.5789538822303283,1.6829268292682926,1.6113615406060346,1.7564968056743295,0.11331133113311331,0.8558855885588559,103.0,778.0
source_representative,plus__boltzina_vina_far_affinity,trained_oof,0.25,205,909,3,0.6146341463414634,126.0,0.5408094318808605,0.6868698668932314,2.180487804878049,2.04694287218639,2.319377125276623,0.13861386138613863,0.8943894389438944,126.0,813.0
source_representative,plus__boltzina_vina_far_affinity,trained_oof,0.25,205,909,4,0.6926829268292682,142.0,0.6188005213564834,0.7621419302124387,2.5658536585365854,2.37378518191625,2.770336759105556,0.1562156215621562,0.9218921892189219,142.0,838.0
source_representative,plus__boltzina_vina_far_affinity,trained_oof,0.25,205,909,5,0.7560975609756098,155.0,0.6862674055129299,0.8210538387252535,2.873170731707317,2.6225192747001715,3.139325568419584,0.1705170517051705,0.9383938393839384,155.0,853.0
source_representative,plus__boltzina_vina_far_affinity,trained_oof,0.25,205,909,6,0.7853658536585366,161.0,0.7170687158926383,0.8492462311557789,3.1170731707317074,2.817723332701781,3.4352331606217614,0.1771177117711771,0.9460946094609461,161.0,860.0
source_representative,plus__boltzina_vina_far_affinity,trained_oof,0.25,205,909,7,0.8341463414634146,171.0,0.7729468599033816,0.891008114995976,3.3317073170731706,2.9806658878504675,3.7010301397786836,0.18811881188118812,0.9592959295929593,171.0,872.0
source_representative,plus__boltzina_vina_far_affinity,trained_oof,0.25,205,909,8,0.8878048780487805,182.0,0.8340634114108639,0.9396984924623115,3.497560975609756,3.1029232026143787,3.916688144329897,0.2002200220022002,0.9735973597359736,182.0,885.0
source_representative,plus__boltzina_vina_far_affinity,trained_oof,0.25,205,909,9,0.9365853658536586,192.0,0.8947302300978577,0.9711640995260663,3.6097560975609757,3.1759247627024005,4.069874607190957,0.21122112211221122,0.9856985698569857,192.0,896.0
source_representative,plus__boltzina_vina_far_affinity,trained_oof,0.25,205,909,10,1.0,205.0,1.0,1.0,3.6731707317073172,3.2252607626893424,4.163586328162635,0.22552255225522552,1.0,205.0,909.0
source_representative,plus__boltzina_vina_far_affinity,trained_oof,0.5,205,909,1,0.44878048780487806,92.0,0.3714068165337201,0.521332116374521,1.0,1.0,1.0,0.10121012101210121,0.8096809680968097,92.0,736.0
source_representative,plus__boltzina_vina_far_affinity,trained_oof,0.5,205,909,2,0.6146341463414634,126.0,0.5365635888501743,0.6852900652646844,1.551219512195122,1.478667883625479,1.6285931834662797,0.13861386138613863,0.8800880088008801,126.0,800.0
source_representative,plus__boltzina_vina_far_affinity,trained_oof,0.5,205,909,3,0.7024390243902439,144.0,0.6301335616438356,0.7684740467068053,1.9365853658536585,1.798997169290251,2.0776699029126213,0.15841584158415842,0.9152915291529153,144.0,832.0
source_representative,plus__boltzina_vina_far_affinity,trained_oof,0.5,205,909,4,0.7463414634146341,153.0,0.6780406889376951,0.8125,2.234146341463415,2.0416294642857142,2.434151268785415,0.16831683168316833,0.933993399339934,153.0,849.0
source_representative,plus__boltzina_vina_far_affinity,trained_oof,0.5,205,909,5,0.7902439024390244,162.0,0.7244850276559223,0.8509665697674418,2.4878048780487805,2.239793678665496,2.7487751256281405,0.1782178217821782,0.9471947194719472,162.0,861.0
source_representative,plus__boltzina_vina_far_affinity,trained_oof,0.5,205,909,6,0.8341463414634146,171.0,0.772270815164418,0.8888888888888888,2.6975609756097563,2.404380062305296,3.0194198437130004,0.18811881188118812,0.9592959295929593,171.0,872.0
source_representative,plus__boltzina_vina_far_affinity,trained_oof,0.5,205,909,7,0.8731707317073171,179.0,0.8159140931288259,0.9226810349120973,2.8634146341463413,2.5288023399014774,3.237119910444653,0.19691969196919692,0.9691969196919692,179.0,881.0
source_representative,plus__boltzina_vina_far_affinity,trained_oof,0.5,205,909,8,0.9365853658536586,192.0,0.9,0.9665071770334929,2.9902439024390244,2.6220065938251325,3.4138748161464285,0.21122112211221122,0.9834983498349835,192.0,894.0
source_representative,plus__boltzina_vina_far_affinity,trained_oof,0.5,205,909,9,0.9707317073170731,199.0,0.9447236180904522,0.990521327014218,3.053658536585366,2.665024014778325,3.497621951219512,0.21892189218921893,0.9933993399339934,199.0,903.0
source_representative,plus__boltzina_vina_far_affinity,trained_oof,0.5,205,909,10,1.0,205.0,1.0,1.0,3.0829268292682928,2.689439761152091,3.528520268210911,0.22552255225522552,1.0,205.0,909.0
source_representative,plus__boltzina_vina_far_affinity,trained_oof,1.0,205,909,1,0.44878048780487806,92.0,0.36597938144329895,0.5240384615384616,1.0,1.0,1.0,0.10121012101210121,0.8162816281628162,92.0,742.0
source_representative,plus__boltzina_vina_far_affinity,trained_oof,1.0,205,909,2,0.6390243902439025,131.0,0.5649953703703703,0.7107872177306942,1.551219512195122,1.4759615384615383,1.634020618556701,0.14411441144114412,0.8888888888888888,131.0,808.0
source_representative,plus__boltzina_vina_far_affinity,trained_oof,1.0,205,909,3,0.7073170731707317,145.0,0.6380867346938776,0.7738735746037881,1.9121951219512194,1.7787893444048344,2.0561296441653587,0.15951595159515952,0.9174917491749175,145.0,834.0
source_representative,plus__boltzina_vina_far_affinity,trained_oof,1.0,205,909,4,0.7707317073170732,158.0,0.7061541678282687,0.8325558213716108,2.204878048780488,2.0138825757575756,2.4102722772277225,0.17381738173817382,0.9405940594059405,158.0,855.0
source_representative,plus__boltzina_vina_far_affinity,trained_oof,1.0,205,909,5,0.8195121951219512,168.0,0.7567497549362835,0.8756350130083527,2.4341463414634146,2.1909483463830783,2.6903850039144377,0.1848184818481848,0.9526952695269527,168.0,866.0
source_representative,plus__boltzina_vina_far_affinity,trained_oof,1.0,205,909,6,0.8439024390243902,173.0,0.7839195979899497,0.9,2.6146341463414635,2.328663681204569,2.9208492003046453,0.19031903190319033,0.9592959295929593,173.0,872.0
source_representative,plus__boltzina_vina_far_affinity,trained_oof,1.0,205,909,7,0.8731707317073171,179.0,0.8133971291866029,0.925,2.770731707317073,2.4417187349802942,3.1308945000762467,0.19691969196919692,0.9702970297029703,179.0,882.0
source_representative,plus__boltzina_vina_far_affinity,trained_oof,1.0,205,909,8,0.9365853658536586,192.0,0.8947302300978577,0.9717175869828629,2.897560975609756,2.5279026303645593,3.312508012820513,0.21122112211221122,0.9856985698569857,192.0,896.0
source_representative,plus__boltzina_vina_far_affinity,trained_oof,1.0,205,909,9,0.9804878048780488,201.0,0.9603861386138614,0.9952153110047847,2.9609756097560975,2.56743850626118,3.3972263376484584,0.22112211221122113,0.9955995599559956,201.0,905.0
source_representative,plus__boltzina_vina_far_affinity,trained_oof,1.0,205,909,10,1.0,205.0,1.0,1.0,2.9804878048780488,2.5776611450305276,3.426414432568936,0.22552255225522552,1.0,205.0,909.0
source_representative,calibrated__boltzina_vina_far_binary,trained_oof,0.125,205,909,1,0.23414634146341465,48.0,0.17787675233644862,0.2979929895974671,1.0,1.0,1.0,0.052805280528052806,0.7568756875687569,48.0,688.0
source_representative,calibrated__boltzina_vina_far_binary,trained_oof,0.125,205,909,2,0.4146341463414634,85.0,0.34417927894672085,0.4909379509379508,1.7658536585365854,1.7020070104025327,1.8221232476635514,0.09350935093509351,0.8272827282728272,85.0,752.0
source_representative,calibrated__boltzina_vina_far_binary,trained_oof,0.125,205,909,3,0.5756097560975609,118.0,0.49993961352657007,0.649746192893401,2.351219512195122,2.2227716906761765,2.4676746947082764,0.12981298129812982,0.878987898789879,118.0,799.0
source_representative,calibrated__boltzina_vina_far_binary,trained_oof,0.125,205,909,4,0.624390243902439,128.0,0.549217718175353,0.6976744186046512,2.7756097560975608,2.5941842746850874,2.952612223911294,0.1408140814081408,0.900990099009901,128.0,819.0
source_representative,calibrated__boltzina_vina_far_binary,trained_oof,0.125,205,909,5,0.7609756097560976,156.0,0.6962520474034107,0.8221366626794256,3.151219512195122,2.912008388338834,3.390015625,0.1716171617161716,0.9394939493949395,156.0,854.0
source_representative,calibrated__boltzina_vina_far_binary,trained_oof,0.125,205,909,6,0.848780487804878,174.0,0.7941139521135087,0.8995215311004785,3.3902439024390243,3.1084876614927035,3.6865824722541136,0.19141914191419143,0.9614961496149615,174.0,874.0
source_representative,calibrated__boltzina_vina_far_binary,trained_oof,0.125,205,909,7,0.8780487804878049,180.0,0.8290083874846134,0.9215686274509803,3.5414634146341464,3.2274107039648596,3.870902965582599,0.19801980198019803,0.9691969196919692,180.0,881.0
source_representative,calibrated__boltzina_vina_far_binary,trained_oof,0.125,205,909,8,0.9317073170731708,191.0,0.8949934210526316,0.9646509060453784,3.6634146341463416,3.320730772914472,4.02124467673248,0.21012101210121012,0.9845984598459846,191.0,895.0
source_representative,calibrated__boltzina_vina_far_binary,trained_oof,0.125,205,909,9,0.975609756097561,200.0,0.9507389162561576,0.9950980392156863,3.731707317073171,3.3731633931367724,4.1041160908807965,0.22002200220022003,0.9944994499449945,200.0,904.0
source_representative,calibrated__boltzina_vina_far_binary,trained_oof,0.125,205,909,10,1.0,205.0,1.0,1.0,3.7560975609756095,3.396956134840871,4.133374999999999,0.22552255225522552,1.0,205.0,909.0
source_representative,calibrated__boltzina_vina_far_binary,trained_oof,0.25,205,909,1,0.2682926829268293,55.0,0.20262635359475706,0.3395348837209302,1.0,1.0,1.0,0.06050605060506051,0.77007700770077,55.0,700.0
source_representative,calibrated__boltzina_vina_far_binary,trained_oof,0.25,205,909,2,0.424390243902439,87.0,0.3443095634480207,0.5094384978229317,1.7317073170731707,1.6604651162790698,1.7973736464052428,0.09570957095709572,0.8327832783278328,87.0,757.0
source_representative,calibrated__boltzina_vina_far_binary,trained_oof,0.25,205,909,3,0.5463414634146342,112.0,0.46937986534820114,0.6231190837910483,2.3073170731707315,2.1690124766866035,2.4404145077720205,0.12321232123212321,0.8767876787678768,112.0,797.0
source_representative,calibrated__boltzina_vina_far_binary,trained_oof,0.25,205,909,4,0.6780487804878049,139.0,0.6056338028169014,0.7475728155339806,2.7609756097560973,2.5544438246641565,2.958994974874372,0.15291529152915292,0.9141914191419142,139.0,831.0
source_representative,calibrated__boltzina_vina_far_binary,trained_oof,0.25,205,909,5,0.7609756097560976,156.0,0.6975578486554096,0.8221180555555555,3.0829268292682928,2.825357293720079,3.333333333333333,0.1716171617161716,0.9383938393839384,156.0,853.0
source_representative,calibrated__boltzina_vina_far_binary,trained_oof,0.25,205,909,6,0.8341463414634146,171.0,0.7766990291262136,0.8878764278296987,3.321951219512195,3.0145528027111195,3.6217648802619027,0.18811881188118812,0.9559955995599559,171.0,869.0
source_representative,calibrated__boltzina_vina_far_binary,trained_oof,0.25,205,909,7,0.8634146341463415,177.0,0.8092903556771546,0.9104565202158222,3.4878048780487805,3.144277411021814,3.8351082720860252,0.19471947194719472,0.966996699669967,177.0,879.0
source_representative,calibrated__boltzina_vina_far_binary,trained_oof,0.25,205,909,8,0.9121951219512195,187.0,0.8673457297610987,0.95362008205344,3.624390243902439,3.2511118763570144,4.013966970003371,0.20572057205720573,0.9801980198019802,187.0,891.0
source_representative,calibrated__boltzina_vina_far_binary,trained_oof,0.25,205,909,9,0.9658536585365853,198.0,0.9301048387096774,0.9947923413212435,3.7121951219512197,3.3121653635196644,4.134351791765808,0.21782178217821782,0.9922992299229924,198.0,902.0
source_representative,calibrated__boltzina_vina_far_binary,trained_oof,0.25,205,909,10,1.0,205.0,1.0,1.0,3.7463414634146344,3.33329326923077,4.1850046296296295,0.22552255225522552,1.0,205.0,909.0
source_representative,calibrated__boltzina_vina_far_binary,trained_oof,0.5,205,909,1,0.2731707317073171,56.0,0.201004409301409,0.346190476190476,1.0,1.0,1.0,0.061606160616061605,0.7755775577557755,56.0,705.0
source_representative,calibrated__boltzina_vina_far_binary,trained_oof,0.5,205,909,2,0.47804878048780486,98.0,0.39422348484848485,0.5607507110930515,1.726829268292683,1.6538095238095236,1.798995590698591,0.1078107810781078,0.8525852585258525,98.0,775.0
source_representative,calibrated__boltzina_vina_far_binary,trained_oof,0.5,205,909,3,0.6195121951219512,127.0,0.5422579133318912,0.6950107868020303,2.2487804878048783,2.1131686206264884,2.3875047886604515,0.1397139713971397,0.8943894389438944,127.0,813.0
source_representative,calibrated__boltzina_vina_far_binary,trained_oof,0.5,205,909,4,0.697560975609756,143.0,0.6292682926829268,0.7665234948604992,2.629268292682927,2.4278846153846154,2.8307101086048454,0.1573157315731573,0.9207920792079208,143.0,837.0
source_representative,calibrated__boltzina_vina_far_binary,trained_oof,0.5,205,909,5,0.8048780487804879,165.0,0.7475728155339806,0.8585984848484848,2.9317073170731707,2.6744897388893856,3.1884960016670574,0.18151815181518152,0.9504950495049505,165.0,864.0
source_representative,calibrated__boltzina_vina_far_binary,trained_oof,0.5,205,909,6,0.8634146341463415,177.0,0.8130841121495327,0.910387877579945,3.126829268292683,2.830752427184466,3.4250185643564355,0.19471947194719472,0.9647964796479648,177.0,877.0
source_representative,calibrated__boltzina_vina_far_binary,trained_oof,0.5,205,909,7,0.926829268292683,190.0,0.8878493275586962,0.9605959625229402,3.2634146341463413,2.9227267237593324,3.604084390862944,0.20902090209020902,0.9801980198019802,190.0,891.0
source_representative,calibrated__boltzina_vina_far_binary,trained_oof,0.5,205,909,8,0.9512195121951219,195.0,0.916256157635468,0.9800995024875622,3.3365853658536584,2.9811206817974667,3.6965802057672796,0.2145214521452145,0.9878987898789879,195.0,898.0
source_representative,calibrated__boltzina_vina_far_binary,trained_oof,0.5,205,909,9,0.9804878048780488,201.0,0.9554455445544554,1.0,3.3853658536585365,3.0185866179060006,3.7650497572815538,0.22112211221122113,0.9955995599559956,201.0,905.0
source_representative,calibrated__boltzina_vina_far_binary,trained_oof,0.5,205,909,10,1.0,205.0,1.0,1.0,3.4048780487804877,3.0300067410221834,3.7857496463932105,0.22552255225522552,1.0,205.0,909.0
source_representative,calibrated__boltzina_vina_far_binary,trained_oof,1.0,205,909,1,0.3073170731707317,63.0,0.23156836815657234,0.387457428963554,1.0,1.0,1.0,0.06930693069306931,0.7876787678767877,63.0,716.0
source_representative,calibrated__boltzina_vina_far_binary,trained_oof,1.0,205,909,2,0.4682926829268293,96.0,0.3912989668532071,0.5493021190204289,1.6926829268292682,1.6125425710364458,1.7684316318434277,0.10561056105610561,0.845984598459846,96.0,769.0
source_representative,calibrated__boltzina_vina_far_binary,trained_oof,1.0,205,909,3,0.6390243902439025,131.0,0.5699987046632123,0.7089311732463748,2.2243902439024392,2.080183962264151,2.3696682464454977,0.14411441144114412,0.8976897689768977,131.0,816.0
source_representative,calibrated__boltzina_vina_far_binary,trained_oof,1.0,205,909,4,0.7121951219512195,146.0,0.6464568764568766,0.7772511848341233,2.5853658536585367,2.382729551150604,2.7871364853876694,0.16061606160616063,0.9218921892189219,146.0,838.0
source_representative,calibrated__boltzina_vina_far_binary,trained_oof,1.0,205,909,5,0.8146341463414634,167.0,0.7572780859916782,0.8709915779437469,2.873170731707317,2.6090646413887617,3.12807881773399,0.18371837183718373,0.9471947194719472,167.0,861.0
source_representative,calibrated__boltzina_vina_far_binary,trained_oof,1.0,205,909,6,0.8829268292682927,181.0,0.8358190929410916,0.9259304871373837,3.0585365853658537,2.7595905172413793,3.3550112559241705,0.19911991199119913,0.9658965896589659,181.0,878.0
source_representative,calibrated__boltzina_vina_far_binary,trained_oof,1.0,205,909,7,0.9219512195121952,189.0,0.8826455582232894,0.9571479350033852,3.175609756097561,2.8468619819562475,3.5,0.2079207920792079,0.977997799779978,189.0,889.0
source_representative,calibrated__boltzina_vina_far_binary,trained_oof,1.0,205,909,8,0.9512195121951219,195.0,0.918261217948718,0.9803921568627451,3.2536585365853656,2.909920137623041,3.6010107552206008,0.2145214521452145,0.9878987898789879,195.0,898.0
source_representative,calibrated__boltzina_vina_far_binary,trained_oof,1.0,205,909,9,0.975609756097561,200.0,0.9502425373134329,0.9951923076923077,3.3024390243902437,2.944716638749301,3.6632665880422524,0.22002200220022003,0.9944994499449945,200.0,904.0
source_representative,calibrated__boltzina_vina_far_binary,trained_oof,1.0,205,909,10,1.0,205.0,1.0,1.0,3.3268292682926828,2.961717887375782,3.696164155317298,0.22552255225522552,1.0,205.0,909.0
source_representative,availability__boltzina_vina_far_binary,trained_oof,0.125,205,909,1,0.21951219512195122,45.0,0.16585304571638682,0.28,1.0,1.0,1.0,0.04950495049504951,0.735973597359736,45.0,669.0
source_representative,availability__boltzina_vina_far_binary,trained_oof,0.125,205,909,2,0.45365853658536587,93.0,0.373134328358209,0.5320276695341029,1.7804878048780488,1.72,1.8341469542836133,0.10231023102310231,0.8360836083608361,93.0,760.0
source_representative,availability__boltzina_vina_far_binary,trained_oof,0.125,205,909,3,0.5658536585365853,116.0,0.487549300131467,0.6403998614532019,2.3268292682926828,2.204855600048538,2.4477611940298507,0.1276127612761276,0.8734873487348734,116.0,794.0
source_representative,availability__boltzina_vina_far_binary,trained_oof,0.125,205,909,4,0.6585365853658537,135.0,0.5791885070860027,0.7313677823006179,2.7609756097560973,2.572863101917354,2.949507575757576,0.1485148514851485,0.9064906490649065,135.0,824.0
source_representative,availability__boltzina_vina_far_binary,trained_oof,0.125,205,909,5,0.7365853658536585,151.0,0.6635514018691588,0.8020317787648054,3.102439024390244,2.8495031141234657,3.361420112599495,0.16611661166116612,0.9295929592959296,151.0,845.0
source_representative,availability__boltzina_vina_far_binary,trained_oof,0.125,205,909,6,0.8048780487804879,165.0,0.7401843271555197,0.8606965174129353,3.3658536585365852,3.0637024012503553,3.6850046296296295,0.18151815181518152,0.9482948294829483,165.0,862.0
source_representative,availability__boltzina_vina_far_binary,trained_oof,0.125,205,909,7,0.8731707317073171,179.0,0.8168895012587604,0.9203980099502488,3.5609756097560976,3.2156768927666763,3.9253731343283578,0.19691969196919692,0.9658965896589659,179.0,878.0
source_representative,availability__boltzina_vina_far_binary,trained_oof,0.125,205,909,8,0.926829268292683,190.0,0.88722992751603,0.9622641509433962,3.6878048780487807,3.3065636792452837,4.092319587628865,0.20902090209020902,0.9823982398239824,190.0,893.0
source_representative,availability__boltzina_vina_far_binary,trained_oof,0.125,205,909,9,0.975609756097561,200.0,0.9521415528280517,0.9951456310679612,3.7609756097560973,3.363155136268343,4.19181303404313,0.22002200220022003,0.9944994499449945,200.0,904.0
source_representative,availability__boltzina_vina_far_binary,trained_oof,0.125,205,909,10,1.0,205.0,1.0,1.0,3.7853658536585364,3.3816363329962935,4.219819063510272,0.22552255225522552,1.0,205.0,909.0
source_representative,availability__boltzina_vina_far_binary,trained_oof,0.25,205,909,1,0.23414634146341465,48.0,0.1755214972056084,0.2970458208611558,1.0,1.0,1.0,0.052805280528052806,0.7546754675467546,48.0,686.0
source_representative,availability__boltzina_vina_far_binary,trained_oof,0.25,205,909,2,0.44878048780487806,92.0,0.37372229760289466,0.5238210818307906,1.7658536585365854,1.702954179138844,1.8244785027943915,0.10121012101210121,0.8404840484048405,92.0,764.0
source_representative,availability__boltzina_vina_far_binary,trained_oof,0.25,205,909,3,0.5658536585365853,116.0,0.4852941176470588,0.6391814532117366,2.317073170731707,2.192104990562129,2.436048131653528,0.1276127612761276,0.8833883388338833,116.0,803.0
source_representative,availability__boltzina_vina_far_binary,trained_oof,0.25,205,909,4,0.6634146341463415,136.0,0.5885023202135077,0.7285732232591529,2.7512195121951217,2.567773650863011,2.9366243399547396,0.1496149614961496,0.9086908690869087,136.0,826.0
source_representative,availability__boltzina_vina_far_binary,trained_oof,0.25,205,909,5,0.751219512195122,154.0,0.6849866504854369,0.8101851851851852,3.0878048780487806,2.845434686672551,3.3333333333333335,0.1694169416941694,0.933993399339934,154.0,849.0
source_representative,availability__boltzina_vina_far_binary,trained_oof,0.25,205,909,6,0.8097560975609757,166.0,0.7474969207447061,0.8640776699029126,3.3365853658536584,3.0492610837438425,3.627551020408163,0.18261826182618263,0.9537953795379538,166.0,867.0
source_representative,availability__boltzina_vina_far_binary,trained_oof,0.25,205,909,7,0.8780487804878049,180.0,0.8224275345130224,0.9242519415258108,3.526829268292683,3.210890005583473,3.866683673469388,0.19801980198019803,0.9713971397139713,180.0,883.0
source_representative,availability__boltzina_vina_far_binary,trained_oof,0.25,205,909,8,0.926829268292683,190.0,0.8820690394511149,0.9637364047985809,3.648780487804878,3.3042146206308614,4.0234116869630885,0.20902090209020902,0.9823982398239824,190.0,893.0
source_representative,availability__boltzina_vina_far_binary,trained_oof,0.25,205,909,9,0.9609756097560975,197.0,0.9329896907216495,0.9855072463768116,3.7219512195121953,3.3603079761233308,4.1280819754957685,0.21672167216721672,0.9911991199119912,197.0,901.0
source_representative,availability__boltzina_vina_far_binary,trained_oof,0.25,205,909,10,1.0,205.0,1.0,1.0,3.7609756097560973,3.3823011599005794,4.1767743221690585,0.22552255225522552,1.0,205.0,909.0
source_representative,availability__boltzina_vina_far_binary,trained_oof,0.5,205,909,1,0.35121951219512193,72.0,0.2810737584875516,0.42132601771673134,1.0,1.0,1.0,0.07920792079207921,0.7865786578657866,72.0,715.0
source_representative,availability__boltzina_vina_far_binary,trained_oof,0.5,205,909,2,0.5414634146341464,111.0,0.4660091436790466,0.6153846153846154,1.648780487804878,1.5786739822832685,1.7189262415124484,0.12211221122112212,0.8591859185918592,111.0,781.0
source_representative,availability__boltzina_vina_far_binary,trained_oof,0.5,205,909,3,0.6487804878048781,133.0,0.5744653573376978,0.7171850079744816,2.107317073170732,1.9800970149253732,2.2355779967159277,0.14631463146314633,0.8932893289328933,133.0,812.0
source_representative,availability__boltzina_vina_far_binary,trained_oof,0.5,205,909,4,0.7073170731707317,145.0,0.6345915841584158,0.772093023255814,2.4585365853658536,2.274872223771025,2.6479797162767547,0.15951595159515952,0.9174917491749175,145.0,834.0
source_representative,availability__boltzina_vina_far_binary,trained_oof,0.5,205,909,5,0.7853658536585366,161.0,0.7193718112244898,0.8439024390243902,2.7512195121951217,2.518092145272325,3.0048798599372133,0.1771177117711771,0.944994499449945,161.0,859.0
source_representative,availability__boltzina_vina_far_binary,trained_oof,0.5,205,909,6,0.8585365853658536,176.0,0.8010204081632653,0.9068627450980392,2.9658536585365853,2.687462258454106,3.2686619966206703,0.1936193619361936,0.9647964796479648,176.0,877.0
source_representative,availability__boltzina_vina_far_binary,trained_oof,0.5,205,909,7,0.9073170731707317,186.0,0.8578029790115098,0.9486076673660119,3.107317073170732,2.7980302132701427,3.450596309630963,0.20462046204620463,0.976897689768977,186.0,888.0
source_representative,availability__boltzina_vina_far_binary,trained_oof,0.5,205,909,8,0.9414634146341463,193.0,0.8979461015175301,0.9760794030530873,3.2,2.862048341857779,3.5766606161695442,0.21232123212321233,0.9867986798679867,193.0,897.0
source_representative,availability__boltzina_vina_far_binary,trained_oof,0.5,205,909,9,0.9902439024390244,203.0,0.9744865253793825,1.0,3.2585365853658534,2.9049711538461542,3.6667085427135677,0.22332233223322331,0.9977997799779978,203.0,907.0
source_representative,availability__boltzina_vina_far_binary,trained_oof,0.5,205,909,10,1.0,205.0,1.0,1.0,3.268292682926829,2.914986934183719,3.680761379873444,0.22552255225522552,1.0,205.0,909.0
source_representative,availability__boltzina_vina_far_binary,trained_oof,1.0,205,909,1,0.4097560975609756,84.0,0.3333333333333333,0.48342747083901394,1.0,1.0,1.0,0.0924092409240924,0.8140814081408141,84.0,740.0
source_representative,availability__boltzina_vina_far_binary,trained_oof,1.0,205,909,2,0.6048780487804878,124.0,0.529092911160974,0.6774231233041905,1.5902439024390245,1.5165725291609862,1.6666666666666667,0.13641364136413642,0.8778877887788779,124.0,798.0
source_representative,availability__boltzina_vina_far_binary,trained_oof,1.0,205,909,3,0.7317073170731707,150.0,0.6633165829145728,0.7971014492753623,1.9853658536585366,1.8506746513038206,2.1256453319227715,0.16501650165016502,0.9196919691969196,150.0,836.0
source_representative,availability__boltzina_vina_far_binary,trained_oof,1.0,205,909,4,0.7902439024390244,162.0,0.7295918367346939,0.8461538461538461,2.2536585365853656,2.065410046728972,2.45050210331914,0.1782178217821782,0.9405940594059405,162.0,855.0
source_representative,availability__boltzina_vina_far_binary,trained_oof,1.0,205,909,5,0.8341463414634146,171.0,0.7788802386315816,0.8844487179487179,2.4634146341463414,2.2282958090329585,2.7035624984827518,0.18811881188118812,0.9581958195819582,171.0,871.0
source_representative,availability__boltzina_vina_far_binary,trained_oof,1.0,205,909,6,0.8829268292682927,181.0,0.834223906237012,0.9251132199761208,2.629268292682927,2.3546720311827443,2.9068060509802893,0.19911991199119913,0.9691969196919692,181.0,881.0
source_representative,availability__boltzina_vina_far_binary,trained_oof,1.0,205,909,7,0.926829268292683,190.0,0.8899988038277512,0.9601990049751243,2.7463414634146344,2.438065161111368,3.063212113197566,0.20902090209020902,0.9801980198019802,190.0,891.0
source_representative,availability__boltzina_vina_far_binary,trained_oof,1.0,205,909,8,0.9560975609756097,196.0,0.925,0.9811320754716981,2.819512195121951,2.4953635620915042,3.1554488765068873,0.2156215621562156,0.988998899889989,196.0,899.0
source_representative,availability__boltzina_vina_far_binary,trained_oof,1.0,205,909,9,0.9853658536585366,202.0,0.966183574879227,1.0,2.8634146341463413,2.5230927002583985,3.2121399639963992,0.2222222222222222,0.9966996699669967,202.0,906.0
source_representative,availability__boltzina_vina_far_binary,trained_oof,1.0,205,909,10,1.0,205.0,1.0,1.0,2.8780487804878048,2.5319267589924714,3.237898336972174,0.22552255225522552,1.0,205.0,909.0
source_representative,plus__boltzina_vina_far_binary,trained_oof,0.125,205,909,1,0.2780487804878049,57.0,0.21874636627906976,0.34314091308165057,1.0,1.0,1.0,0.0627062706270627,0.768976897689769,57.0,699.0
source_representative,plus__boltzina_vina_far_binary,trained_oof,0.125,205,909,2,0.47804878048780486,98.0,0.40184718238178957,0.5550239234449761,1.721951219512195,1.6568590869183493,1.7812536337209302,0.1078107810781078,0.8415841584158416,98.0,765.0
source_representative,plus__boltzina_vina_far_binary,trained_oof,0.125,205,909,3,0.6146341463414634,126.0,0.534982843137255,0.6884481369109698,2.2439024390243905,2.1190417256011314,2.3636363636363638,0.13861386138613863,0.8888888888888888,126.0,808.0
source_representative,plus__boltzina_vina_far_binary,trained_oof,0.125,205,909,4,0.6682926829268293,137.0,0.5920398009950248,0.7380952380952381,2.629268292682927,2.4450000000000003,2.8178157296147948,0.15071507150715072,0.9097909790979097,137.0,827.0
source_representative,plus__boltzina_vina_far_binary,trained_oof,0.125,205,909,5,0.7317073170731707,150.0,0.6633139792225375,0.7952600554785019,2.9609756097560975,2.7184466019417477,3.2139570895522387,0.16501650165016502,0.9306930693069307,150.0,846.0
source_representative,plus__boltzina_vina_far_binary,trained_oof,0.125,205,909,6,0.7951219512195122,163.0,0.7313380033793297,0.8523872180451127,3.229268292682927,2.944102064954906,3.545,0.1793179317931793,0.9471947194719472,163.0,861.0
source_representative,plus__boltzina_vina_far_binary,trained_oof,0.125,205,909,7,0.8780487804878049,180.0,0.83,0.9215686274509803,3.4341463414634146,3.101484771573604,3.7990201005025126,0.19801980198019803,0.9691969196919692,180.0,881.0
source_representative,plus__boltzina_vina_far_binary,trained_oof,0.125,205,909,8,0.9365853658536586,192.0,0.8994708994708994,0.9674418604651163,3.55609756097561,3.199927884615384,3.94955897119905,0.21122112211221122,0.9856985698569857,192.0,896.0
source_representative,plus__boltzina_vina_far_binary,trained_oof,0.125,205,909,9,0.9804878048780488,201.0,0.958974358974359,0.9953488372093023,3.6195121951219513,3.2475208441896823,4.02599798361367,0.22112211221122113,0.9955995599559956,201.0,905.0
source_representative,plus__boltzina_vina_far_binary,trained_oof,0.125,205,909,10,1.0,205.0,1.0,1.0,3.6390243902439026,3.262376237623762,4.051974445394637,0.22552255225522552,1.0,205.0,909.0
source_representative,plus__boltzina_vina_far_binary,trained_oof,0.25,205,909,1,0.3073170731707317,63.0,0.23560146496173984,0.3793103448275862,1.0,1.0,1.0,0.06930693069306931,0.7744774477447744,63.0,704.0
source_representative,plus__boltzina_vina_far_binary,trained_oof,0.25,205,909,2,0.5219512195121951,107.0,0.4399903381642512,0.6018110021786492,1.6926829268292682,1.6206896551724137,1.7643985350382603,0.11771177117711772,0.8547854785478548,107.0,777.0
source_representative,plus__boltzina_vina_far_binary,trained_oof,0.25,205,909,3,0.624390243902439,128.0,0.5518782824353239,0.6972507242877837,2.1707317073170733,2.035,2.3064536391635597,0.1408140814081408,0.8954895489548955,128.0,814.0
source_representative,plus__boltzina_vina_far_binary,trained_oof,0.25,205,909,4,0.7073170731707317,145.0,0.6363519813519813,0.7751223607392125,2.546341463414634,2.344267717441326,2.75,0.15951595159515952,0.922992299229923,145.0,839.0
source_representative,plus__boltzina_vina_far_binary,trained_oof,0.25,205,909,5,0.7414634146341463,152.0,0.6733643464848997,0.8038540086357799,2.8390243902439023,2.5840828055100324,3.091892301475045,0.16721672167216722,0.9317931793179318,152.0,847.0
source_representative,plus__boltzina_vina_far_binary,trained_oof,0.25,205,909,6,0.824390243902439,169.0,0.76810496267018,0.8781913682820786,3.097560975609756,2.794984813084112,3.409593771157752,0.1859185918591859,0.9526952695269527,169.0,866.0
source_representative,plus__boltzina_vina_far_binary,trained_oof,0.25,205,909,7,0.848780487804878,174.0,0.7909038054968287,0.8994974874371859,3.273170731707317,2.928848968497352,3.6328020812285304,0.19141914191419143,0.9636963696369637,174.0,876.0
source_representative,plus__boltzina_vina_far_binary,trained_oof,0.25,205,909,8,0.9317073170731708,191.0,0.8949934210526316,0.9626211693110193,3.424390243902439,3.037671849815113,3.823841357044288,0.21012101210121012,0.9845984598459846,191.0,895.0
source_representative,plus__boltzina_vina_far_binary,trained_oof,0.25,205,909,9,0.9902439024390244,203.0,0.9748743718592965,1.0,3.4926829268292683,3.0852384622463527,3.904773188896411,0.22332233223322331,0.9977997799779978,203.0,907.0
source_representative,plus__boltzina_vina_far_binary,trained_oof,0.25,205,909,10,1.0,205.0,1.0,1.0,3.502439024390244,3.0917331951305576,3.917136291212158,0.22552255225522552,1.0,205.0,909.0
source_representative,plus__boltzina_vina_far_binary,trained_oof,0.5,205,909,1,0.3951219512195122,81.0,0.3199710144927536,0.46637904228855703,1.0,1.0,1.0,0.0891089108910891,0.8052805280528053,81.0,732.0
source_representative,plus__boltzina_vina_far_binary,trained_oof,0.5,205,909,2,0.5707317073170731,117.0,0.48717948717948717,0.6470588235294118,1.604878048780488,1.5336209577114428,1.680028985507246,0.12871287128712872,0.8701870187018702,117.0,791.0
source_representative,plus__boltzina_vina_far_binary,trained_oof,0.5,205,909,3,0.6829268292682927,140.0,0.6073207262118725,0.753426250398216,2.0341463414634147,1.8974777204502813,2.1782266619519097,0.15401540154015403,0.9042904290429042,140.0,822.0
source_representative,plus__boltzina_vina_far_binary,trained_oof,0.5,205,909,4,0.7609756097560976,156.0,0.6975421639854696,0.8247515140307891,2.351219512195122,2.1549210723276864,2.561302788442109,0.1716171617161716,0.9306930693069307,156.0,846.0
source_representative,plus__boltzina_vina_far_binary,trained_oof,0.5,205,909,5,0.848780487804878,174.0,0.7953431650595575,0.8959304018637158,2.5902439024390245,2.3398990865177676,2.850018656716418,0.19141914191419143,0.9559955995599559,174.0,869.0
source_representative,plus__boltzina_vina_far_binary,trained_oof,0.5,205,909,6,0.8878048780487805,182.0,0.8393782383419689,0.9292929292929293,2.7414634146341466,2.447100290697674,3.0355467319064315,0.2002200220022002,0.9680968096809681,182.0,880.0
source_representative,plus__boltzina_vina_far_binary,trained_oof,0.5,205,909,7,0.9365853658536586,192.0,0.9019506248095093,0.9698492462311558,2.8536585365853657,2.5317029224346292,3.180458712101975,0.21122112211221122,0.9834983498349835,192.0,894.0
source_representative,plus__boltzina_vina_far_binary,trained_oof,0.5,205,909,8,0.9707317073170731,199.0,0.9468033464160297,0.9905660377358491,2.9170731707317072,2.577865287978353,3.2663824904257712,0.21892189218921893,0.9922992299229924,199.0,902.0
source_representative,plus__boltzina_vina_far_binary,trained_oof,0.5,205,909,9,0.9902439024390244,203.0,0.9746192893401016,1.0,2.946341463414634,2.5990713703653405,3.3057684376047214,0.22332233223322331,0.9977997799779978,203.0,907.0
source_representative,plus__boltzina_vina_far_binary,trained_oof,0.5,205,909,10,1.0,205.0,1.0,1.0,2.9560975609756097,2.602915040423752,3.3163329402112605,0.22552255225522552,1.0,205.0,909.0
source_representative,plus__boltzina_vina_far_binary,trained_oof,1.0,205,909,1,0.424390243902439,87.0,0.3520337657676136,0.49554591905338147,1.0,1.0,1.0,0.09570957095709572,0.8140814081408141,87.0,740.0
source_representative,plus__boltzina_vina_far_binary,trained_oof,1.0,205,909,2,0.6292682926829268,129.0,0.5543920806664635,0.7038920415698071,1.575609756097561,1.5044540809466183,1.6479662342323864,0.1419141914191419,0.8811881188118812,129.0,801.0
source_representative,plus__boltzina_vina_far_binary,trained_oof,1.0,205,909,3,0.7073170731707317,145.0,0.6377438669768425,0.7734150009473285,1.946341463414634,1.8124920685279189,2.081260356118987,0.15951595159515952,0.911991199119912,145.0,829.0
source_representative,plus__boltzina_vina_far_binary,trained_oof,1.0,205,909,4,0.7804878048780488,160.0,0.7188864831067782,0.8410336538461538,2.2390243902439027,2.0471269296740995,2.4321608040201004,0.17601760176017603,0.935093509350935,160.0,850.0
source_representative,plus__boltzina_vina_far_binary,trained_oof,1.0,205,909,5,0.8390243902439024,172.0,0.7839195979899497,0.891096949061422,2.4585365853658536,2.215589684149522,2.701505728931102,0.18921892189218922,0.9537953795379538,172.0,867.0
source_representative,plus__boltzina_vina_far_binary,trained_oof,1.0,205,909,6,0.8829268292682927,181.0,0.8388468776136047,0.9245400943396226,2.6195121951219513,2.334934318555008,2.9130783538711924,0.19911991199119913,0.9680968096809681,181.0,880.0
source_representative,plus__boltzina_vina_far_binary,trained_oof,1.0,205,909,7,0.9219512195121952,189.0,0.8826455582232894,0.9567307692307693,2.7365853658536587,2.42199420569773,3.0550280612244896,0.2079207920792079,0.977997799779978,189.0,889.0
source_representative,plus__boltzina_vina_far_binary,trained_oof,1.0,205,909,8,0.9609756097560975,197.0,0.9326910621761658,0.9851485148514851,2.8146341463414632,2.4777423696104823,3.1559185680566486,0.21672167216721672,0.9900990099009901,197.0,900.0
source_representative,plus__boltzina_vina_far_binary,trained_oof,1.0,205,909,9,0.9853658536585366,202.0,0.9658494739359158,1.0,2.8536585365853657,2.5045736975013284,3.209775353016688,0.2222222222222222,0.9966996699669967,202.0,906.0
source_representative,plus__boltzina_vina_far_binary,trained_oof,1.0,205,909,10,1.0,205.0,1.0,1.0,2.868292682926829,2.5154561074664166,3.2299570232662322,0.22552255225522552,1.0,205.0,909.0
source_representative,calibrated__boltzina_vina_zero_affinity,trained_oof,0.125,205,909,1,0.24390243902439024,50.0,0.1799811320754717,0.3118811881188119,1.0,1.0,1.0,0.05500550055005501,0.757975797579758,50.0,689.0
source_representative,calibrated__boltzina_vina_zero_affinity,trained_oof,0.125,205,909,2,0.43414634146341463,89.0,0.35600667477233816,0.5094408316541491,1.7560975609756098,1.688118811881188,1.8200188679245282,0.09790979097909791,0.8338833883388339,89.0,758.0
source_representative,calibrated__boltzina_vina_zero_affinity,trained_oof,0.125,205,909,3,0.5365853658536586,110.0,0.45714285714285713,0.611952795829465,2.321951219512195,2.19003345413995,2.4545679567956795,0.12101210121012101,0.8690869086908691,110.0,790.0
source_representative,calibrated__boltzina_vina_zero_affinity,trained_oof,0.125,205,909,4,0.6536585365853659,134.0,0.5749969806763284,0.7286514347438126,2.7853658536585364,2.5916901073221394,2.989693351567431,0.1474147414741474,0.9075907590759076,134.0,825.0
source_representative,calibrated__boltzina_vina_zero_affinity,trained_oof,0.125,205,909,5,0.7268292682926829,149.0,0.6532541178112786,0.7989949748743719,3.131707317073171,2.885911990419396,3.395144892538034,0.1639163916391639,0.9262926292629263,149.0,842.0
source_representative,calibrated__boltzina_vina_zero_affinity,trained_oof,0.125,205,909,6,0.8048780487804879,165.0,0.738911818222163,0.8645871074879227,3.4048780487804877,3.1038994572046033,3.7279120559114722,0.18151815181518152,0.9493949394939494,165.0,863.0
source_representative,calibrated__boltzina_vina_zero_affinity,trained_oof,0.125,205,909,7,0.8536585365853658,175.0,0.7938085217062328,0.9081749197140785,3.6,3.2598657407407408,3.980508320036471,0.1925192519251925,0.9647964796479648,175.0,877.0
source_representative,calibrated__boltzina_vina_zero_affinity,trained_oof,0.125,205,909,8,0.9024390243902439,185.0,0.8483336818139579,0.9484536082474226,3.7463414634146344,3.3622955230305647,4.163366336633663,0.20352035203520352,0.976897689768977,185.0,888.0
source_representative,calibrated__boltzina_vina_zero_affinity,trained_oof,0.125,205,909,9,0.9463414634146341,194.0,0.8957345971563981,0.984375,3.84390243902439,3.4306912928134925,4.294440117687781,0.21342134213421343,0.9878987898789879,194.0,898.0
source_representative,calibrated__boltzina_vina_zero_affinity,trained_oof,0.125,205,909,10,1.0,205.0,1.0,1.0,3.897560975609756,3.464951354679803,4.367446990424076,0.22552255225522552,1.0,205.0,909.0
source_representative,calibrated__boltzina_vina_zero_affinity,trained_oof,0.25,205,909,1,0.24878048780487805,51.0,0.1840694486749924,0.31603834685697524,1.0,1.0,1.0,0.056105610561056105,0.7634763476347635,51.0,694.0
source_representative,calibrated__boltzina_vina_zero_affinity,trained_oof,0.25,205,909,2,0.43902439024390244,90.0,0.3626721691358346,0.5172456682106708,1.751219512195122,1.6839616531430248,1.8159305513250077,0.09900990099009901,0.834983498349835,90.0,759.0
source_representative,calibrated__boltzina_vina_zero_affinity,trained_oof,0.25,205,909,3,0.5365853658536586,110.0,0.46077633378932964,0.6132155227417737,2.3121951219512193,2.1835528149386843,2.4415047592385215,0.12101210121012101,0.8712871287128713,110.0,792.0
source_representative,calibrated__boltzina_vina_zero_affinity,trained_oof,0.25,205,909,4,0.6780487804878049,139.0,0.6057537553648068,0.7452192164179103,2.7756097560975608,2.582897264098269,2.964672459893048,0.15291529152915292,0.9130913091309131,139.0,830.0
source_representative,calibrated__boltzina_vina_zero_affinity,trained_oof,0.25,205,909,5,0.775609756097561,159.0,0.7123862497912841,0.8382352941176471,3.097560975609756,2.85338785978154,3.3476195585530344,0.17491749174917492,0.9405940594059405,159.0,855.0
source_representative,calibrated__boltzina_vina_zero_affinity,trained_oof,0.25,205,909,6,0.824390243902439,169.0,0.765846073054032,0.8787878787878788,3.321951219512195,3.03825954129883,3.619558370826426,0.1859185918591859,0.9548954895489549,169.0,868.0
source_representative,calibrated__boltzina_vina_zero_affinity,trained_oof,0.25,205,909,7,0.8829268292682927,181.0,0.8292619739668899,0.9317073170731708,3.497560975609756,3.171390429958391,3.8348812366469773,0.19911991199119913,0.9702970297029703,181.0,882.0
source_representative,calibrated__boltzina_vina_zero_affinity,trained_oof,0.25,205,909,8,0.9219512195121952,189.0,0.8792231209976408,0.9605911330049262,3.6146341463414635,3.2572747482079674,3.9909739391914467,0.2079207920792079,0.9801980198019802,189.0,891.0
source_representative,calibrated__boltzina_vina_zero_affinity,trained_oof,0.25,205,909,9,0.9512195121951219,195.0,0.912191169828365,0.9845380650277558,3.6926829268292685,3.31301563003545,4.098177570093458,0.2145214521452145,0.988998899889989,195.0,899.0
source_representative,calibrated__boltzina_vina_zero_affinity,trained_oof,0.25,205,909,10,1.0,205.0,1.0,1.0,3.7414634146341466,3.3496947564711617,4.1674866956351915,0.22552255225522552,1.0,205.0,909.0
source_representative,calibrated__boltzina_vina_zero_affinity,trained_oof,0.5,205,909,1,0.3121951219512195,64.0,0.2383251237249936,0.38647826086956516,1.0,1.0,1.0,0.0704070407040704,0.7777777777777778,64.0,707.0
source_representative,calibrated__boltzina_vina_zero_affinity,trained_oof,0.5,205,909,2,0.4634146341463415,95.0,0.38461538461538464,0.5404205094422485,1.6878048780487804,1.6135217391304348,1.7616748762750063,0.10451045104510451,0.8393839383938394,95.0,763.0
source_representative,calibrated__boltzina_vina_zero_affinity,trained_oof,0.5,205,909,3,0.5902439024390244,121.0,0.5123093215297114,0.6634626777251185,2.2243902439024392,2.084987676056338,2.3650096153846154,0.1331133113311331,0.8855885588558856,121.0,805.0
source_representative,calibrated__boltzina_vina_zero_affinity,trained_oof,0.5,205,909,4,0.7073170731707317,145.0,0.6381885618569035,0.772093023255814,2.6341463414634148,2.4345396955390695,2.8381184668989548,0.15951595159515952,0.9207920792079208,145.0,837.0
source_representative,calibrated__boltzina_vina_zero_affinity,trained_oof,0.5,205,909,5,0.8,164.0,0.7342753623188406,0.8578604734576756,2.926829268292683,2.680406566360175,3.185929648241206,0.18041804180418042,0.9471947194719472,164.0,861.0
source_representative,calibrated__boltzina_vina_zero_affinity,trained_oof,0.5,205,909,6,0.8585365853658536,176.0,0.800946294509919,0.9104497250589159,3.126829268292683,2.8423645320197046,3.4350101674641147,0.1936193619361936,0.9647964796479648,176.0,877.0
source_representative,calibrated__boltzina_vina_zero_affinity,trained_oof,0.5,205,909,7,0.9121951219512195,187.0,0.859901124204253,0.9574493175431554,3.268292682926829,2.945784999205467,3.6195841083468965,0.20572057205720573,0.977997799779978,187.0,889.0
source_representative,calibrated__boltzina_vina_zero_affinity,trained_oof,0.5,205,909,8,0.9463414634146341,194.0,0.9090909090909091,0.9803945480631276,3.3560975609756096,3.0044318181818177,3.7463722472176184,0.21342134213421343,0.9856985698569857,194.0,896.0
source_representative,calibrated__boltzina_vina_zero_affinity,trained_oof,0.5,205,909,9,0.9804878048780488,201.0,0.9601940298507462,0.9952158806106174,3.4097560975609755,3.039985221674877,3.8200479452054794,0.22112211221122113,0.9955995599559956,201.0,905.0
source_representative,calibrated__boltzina_vina_zero_affinity,trained_oof,0.5,205,909,10,1.0,205.0,1.0,1.0,3.4292682926829268,3.053914992826398,3.8505346286016384,0.22552255225522552,1.0,205.0,909.0
source_representative,calibrated__boltzina_vina_zero_affinity,trained_oof,1.0,205,909,1,0.33170731707317075,68.0,0.2535645933014354,0.41364028213166143,1.0,1.0,1.0,0.0748074807480748,0.7876787678767877,68.0,716.0
source_representative,calibrated__boltzina_vina_zero_affinity,trained_oof,1.0,205,909,2,0.4926829268292683,101.0,0.4123633632077915,0.5682905761423511,1.6682926829268292,1.5863597178683386,1.7464354066985643,0.1111111111111111,0.8481848184818482,101.0,771.0
source_representative,calibrated__boltzina_vina_zero_affinity,trained_oof,1.0,205,909,3,0.5951219512195122,122.0,0.5194174757281553,0.6699507389162561,2.175609756097561,2.031750882612533,2.3283953270297726,0.1342134213421342,0.8855885588558856,122.0,805.0
source_representative,calibrated__boltzina_vina_zero_affinity,trained_oof,1.0,205,909,4,0.6926829268292682,142.0,0.6195066237464405,0.7591647275547798,2.580487804878049,2.3738317757009346,2.801959815546772,0.1562156215621562,0.9207920792079208,142.0,837.0
source_representative,calibrated__boltzina_vina_zero_affinity,trained_oof,1.0,205,909,5,0.8,164.0,0.7375978024631732,0.857798708639506,2.8878048780487804,2.628016514998315,3.1666878172588833,0.18041804180418042,0.9504950495049505,164.0,864.0
source_representative,calibrated__boltzina_vina_zero_affinity,trained_oof,1.0,205,909,6,0.848780487804878,174.0,0.7897134776192819,0.9024390243902439,3.0878048780487806,2.7870213052858688,3.4162646991301684,0.19141914191419143,0.9614961496149615,174.0,874.0
source_representative,calibrated__boltzina_vina_zero_affinity,trained_oof,1.0,205,909,7,0.9170731707317074,188.0,0.8663594470046083,0.9593908629441624,3.2390243902439027,2.903796728971962,3.61052758097166,0.2068206820682068,0.977997799779978,188.0,889.0
source_representative,calibrated__boltzina_vina_zero_affinity,trained_oof,1.0,205,909,8,0.9512195121951219,195.0,0.9138713477278799,0.9847715736040609,3.321951219512195,2.9624187432286018,3.715875032408607,0.2145214521452145,0.9878987898789879,195.0,898.0
source_representative,calibrated__boltzina_vina_zero_affinity,trained_oof,1.0,205,909,9,0.9804878048780488,201.0,0.9601940298507462,0.9952158806106174,3.370731707317073,2.986171900117886,3.791329828755427,0.22112211221122113,0.9955995599559956,201.0,905.0
source_representative,calibrated__boltzina_vina_zero_affinity,trained_oof,1.0,205,909,10,1.0,205.0,1.0,1.0,3.3902439024390243,3.0,3.8141613012981557,0.22552255225522552,1.0,205.0,909.0
source_representative,availability__boltzina_vina_zero_affinity,trained_oof,0.125,205,909,1,0.21951219512195122,45.0,0.16585304571638682,0.28,1.0,1.0,1.0,0.04950495049504951,0.735973597359736,45.0,669.0
source_representative,availability__boltzina_vina_zero_affinity,trained_oof,0.125,205,909,2,0.45365853658536587,93.0,0.373134328358209,0.5320276695341029,1.7804878048780488,1.72,1.8341469542836133,0.10231023102310231,0.8360836083608361,93.0,760.0
source_representative,availability__boltzina_vina_zero_affinity,trained_oof,0.125,205,909,3,0.5658536585365853,116.0,0.487549300131467,0.6403998614532019,2.3268292682926828,2.204855600048538,2.4477611940298507,0.1276127612761276,0.8734873487348734,116.0,794.0
source_representative,availability__boltzina_vina_zero_affinity,trained_oof,0.125,205,909,4,0.6585365853658537,135.0,0.5791885070860027,0.7313677823006179,2.7609756097560973,2.572863101917354,2.949507575757576,0.1485148514851485,0.9064906490649065,135.0,824.0
source_representative,availability__boltzina_vina_zero_affinity,trained_oof,0.125,205,909,5,0.7365853658536585,151.0,0.6635514018691588,0.8020317787648054,3.102439024390244,2.8495031141234657,3.361420112599495,0.16611661166116612,0.9295929592959296,151.0,845.0
source_representative,availability__boltzina_vina_zero_affinity,trained_oof,0.125,205,909,6,0.8048780487804879,165.0,0.7401843271555197,0.8606965174129353,3.3658536585365852,3.0637024012503553,3.6850046296296295,0.18151815181518152,0.9482948294829483,165.0,862.0
source_representative,availability__boltzina_vina_zero_affinity,trained_oof,0.125,205,909,7,0.8731707317073171,179.0,0.8168895012587604,0.9203980099502488,3.5609756097560976,3.2156768927666763,3.9253731343283578,0.19691969196919692,0.9658965896589659,179.0,878.0
source_representative,availability__boltzina_vina_zero_affinity,trained_oof,0.125,205,909,8,0.926829268292683,190.0,0.88722992751603,0.9622641509433962,3.6878048780487807,3.3065636792452837,4.092319587628865,0.20902090209020902,0.9823982398239824,190.0,893.0
source_representative,availability__boltzina_vina_zero_affinity,trained_oof,0.125,205,909,9,0.975609756097561,200.0,0.9521415528280517,0.9951456310679612,3.7609756097560973,3.363155136268343,4.19181303404313,0.22002200220022003,0.9944994499449945,200.0,904.0
source_representative,availability__boltzina_vina_zero_affinity,trained_oof,0.125,205,909,10,1.0,205.0,1.0,1.0,3.7853658536585364,3.3816363329962935,4.219819063510272,0.22552255225522552,1.0,205.0,909.0
source_representative,availability__boltzina_vina_zero_affinity,trained_oof,0.25,205,909,1,0.23414634146341465,48.0,0.1755214972056084,0.2970458208611558,1.0,1.0,1.0,0.052805280528052806,0.7546754675467546,48.0,686.0
source_representative,availability__boltzina_vina_zero_affinity,trained_oof,0.25,205,909,2,0.44878048780487806,92.0,0.37372229760289466,0.5238210818307906,1.7658536585365854,1.702954179138844,1.8244785027943915,0.10121012101210121,0.8404840484048405,92.0,764.0
source_representative,availability__boltzina_vina_zero_affinity,trained_oof,0.25,205,909,3,0.5658536585365853,116.0,0.4852941176470588,0.6391814532117366,2.317073170731707,2.192104990562129,2.436048131653528,0.1276127612761276,0.8833883388338833,116.0,803.0
source_representative,availability__boltzina_vina_zero_affinity,trained_oof,0.25,205,909,4,0.6634146341463415,136.0,0.5885023202135077,0.7285732232591529,2.7512195121951217,2.567773650863011,2.9366243399547396,0.1496149614961496,0.9086908690869087,136.0,826.0
source_representative,availability__boltzina_vina_zero_affinity,trained_oof,0.25,205,909,5,0.751219512195122,154.0,0.6849866504854369,0.8101851851851852,3.0878048780487806,2.845434686672551,3.3333333333333335,0.1694169416941694,0.933993399339934,154.0,849.0
source_representative,availability__boltzina_vina_zero_affinity,trained_oof,0.25,205,909,6,0.8097560975609757,166.0,0.7474969207447061,0.8640776699029126,3.3365853658536584,3.0492610837438425,3.627551020408163,0.18261826182618263,0.9537953795379538,166.0,867.0
source_representative,availability__boltzina_vina_zero_affinity,trained_oof,0.25,205,909,7,0.8780487804878049,180.0,0.8224275345130224,0.9242519415258108,3.526829268292683,3.210890005583473,3.866683673469388,0.19801980198019803,0.9713971397139713,180.0,883.0
source_representative,availability__boltzina_vina_zero_affinity,trained_oof,0.25,205,909,8,0.926829268292683,190.0,0.8820690394511149,0.9637364047985809,3.648780487804878,3.3042146206308614,4.0234116869630885,0.20902090209020902,0.9823982398239824,190.0,893.0
source_representative,availability__boltzina_vina_zero_affinity,trained_oof,0.25,205,909,9,0.9609756097560975,197.0,0.9329896907216495,0.9855072463768116,3.7219512195121953,3.3603079761233308,4.1280819754957685,0.21672167216721672,0.9911991199119912,197.0,901.0
source_representative,availability__boltzina_vina_zero_affinity,trained_oof,0.25,205,909,10,1.0,205.0,1.0,1.0,3.7609756097560973,3.3823011599005794,4.1767743221690585,0.22552255225522552,1.0,205.0,909.0
source_representative,availability__boltzina_vina_zero_affinity,trained_oof,0.5,205,909,1,0.35121951219512193,72.0,0.2810737584875516,0.42132601771673134,1.0,1.0,1.0,0.07920792079207921,0.7865786578657866,72.0,715.0
source_representative,availability__boltzina_vina_zero_affinity,trained_oof,0.5,205,909,2,0.5414634146341464,111.0,0.4660091436790466,0.6153846153846154,1.648780487804878,1.5786739822832685,1.7189262415124484,0.12211221122112212,0.8591859185918592,111.0,781.0
source_representative,availability__boltzina_vina_zero_affinity,trained_oof,0.5,205,909,3,0.6487804878048781,133.0,0.5744653573376978,0.7171850079744816,2.107317073170732,1.9800970149253732,2.2355779967159277,0.14631463146314633,0.8932893289328933,133.0,812.0
source_representative,availability__boltzina_vina_zero_affinity,trained_oof,0.5,205,909,4,0.7073170731707317,145.0,0.6345915841584158,0.772093023255814,2.4585365853658536,2.274872223771025,2.6479797162767547,0.15951595159515952,0.9174917491749175,145.0,834.0
source_representative,availability__boltzina_vina_zero_affinity,trained_oof,0.5,205,909,5,0.7853658536585366,161.0,0.7193718112244898,0.8439024390243902,2.7512195121951217,2.518092145272325,3.0048798599372133,0.1771177117711771,0.944994499449945,161.0,859.0
source_representative,availability__boltzina_vina_zero_affinity,trained_oof,0.5,205,909,6,0.8585365853658536,176.0,0.8010204081632653,0.9068627450980392,2.9658536585365853,2.687462258454106,3.2686619966206703,0.1936193619361936,0.9647964796479648,176.0,877.0
source_representative,availability__boltzina_vina_zero_affinity,trained_oof,0.5,205,909,7,0.9073170731707317,186.0,0.8578029790115098,0.9486076673660119,3.107317073170732,2.7980302132701427,3.450596309630963,0.20462046204620463,0.976897689768977,186.0,888.0
source_representative,availability__boltzina_vina_zero_affinity,trained_oof,0.5,205,909,8,0.9414634146341463,193.0,0.8979461015175301,0.9760794030530873,3.2,2.862048341857779,3.5766606161695442,0.21232123212321233,0.9867986798679867,193.0,897.0
source_representative,availability__boltzina_vina_zero_affinity,trained_oof,0.5,205,909,9,0.9902439024390244,203.0,0.9744865253793825,1.0,3.2585365853658534,2.9049711538461542,3.6667085427135677,0.22332233223322331,0.9977997799779978,203.0,907.0
source_representative,availability__boltzina_vina_zero_affinity,trained_oof,0.5,205,909,10,1.0,205.0,1.0,1.0,3.268292682926829,2.914986934183719,3.680761379873444,0.22552255225522552,1.0,205.0,909.0
source_representative,availability__boltzina_vina_zero_affinity,trained_oof,1.0,205,909,1,0.4097560975609756,84.0,0.3333333333333333,0.48342747083901394,1.0,1.0,1.0,0.0924092409240924,0.8140814081408141,84.0,740.0
source_representative,availability__boltzina_vina_zero_affinity,trained_oof,1.0,205,909,2,0.6048780487804878,124.0,0.529092911160974,0.6774231233041905,1.5902439024390245,1.5165725291609862,1.6666666666666667,0.13641364136413642,0.8778877887788779,124.0,798.0
source_representative,availability__boltzina_vina_zero_affinity,trained_oof,1.0,205,909,3,0.7317073170731707,150.0,0.6633165829145728,0.7971014492753623,1.9853658536585366,1.8506746513038206,2.1256453319227715,0.16501650165016502,0.9196919691969196,150.0,836.0
source_representative,availability__boltzina_vina_zero_affinity,trained_oof,1.0,205,909,4,0.7902439024390244,162.0,0.7295918367346939,0.8461538461538461,2.2536585365853656,2.065410046728972,2.45050210331914,0.1782178217821782,0.9405940594059405,162.0,855.0
source_representative,availability__boltzina_vina_zero_affinity,trained_oof,1.0,205,909,5,0.8341463414634146,171.0,0.7788802386315816,0.8844487179487179,2.4634146341463414,2.2282958090329585,2.7035624984827518,0.18811881188118812,0.9581958195819582,171.0,871.0
source_representative,availability__boltzina_vina_zero_affinity,trained_oof,1.0,205,909,6,0.8829268292682927,181.0,0.834223906237012,0.9251132199761208,2.629268292682927,2.3546720311827443,2.9068060509802893,0.19911991199119913,0.9691969196919692,181.0,881.0
source_representative,availability__boltzina_vina_zero_affinity,trained_oof,1.0,205,909,7,0.926829268292683,190.0,0.8899988038277512,0.9601990049751243,2.7463414634146344,2.438065161111368,3.063212113197566,0.20902090209020902,0.9801980198019802,190.0,891.0
source_representative,availability__boltzina_vina_zero_affinity,trained_oof,1.0,205,909,8,0.9560975609756097,196.0,0.925,0.9811320754716981,2.819512195121951,2.4953635620915042,3.1554488765068873,0.2156215621562156,0.988998899889989,196.0,899.0
source_representative,availability__boltzina_vina_zero_affinity,trained_oof,1.0,205,909,9,0.9853658536585366,202.0,0.966183574879227,1.0,2.8634146341463413,2.5230927002583985,3.2121399639963992,0.2222222222222222,0.9966996699669967,202.0,906.0
source_representative,availability__boltzina_vina_zero_affinity,trained_oof,1.0,205,909,10,1.0,205.0,1.0,1.0,2.8780487804878048,2.5319267589924714,3.237898336972174,0.22552255225522552,1.0,205.0,909.0
source_representative,plus__boltzina_vina_zero_affinity,trained_oof,0.125,205,909,1,0.3073170731707317,63.0,0.2330012977025858,0.3774674422007608,1.0,1.0,1.0,0.06930693069306931,0.7733773377337734,63.0,703.0
source_representative,plus__boltzina_vina_zero_affinity,trained_oof,0.125,205,909,2,0.4634146341463415,95.0,0.38535670731707317,0.5388433403427139,1.6926829268292682,1.622532557799239,1.7669987022974143,0.10451045104510451,0.8437843784378438,95.0,767.0
source_representative,plus__boltzina_vina_zero_affinity,trained_oof,0.125,205,909,3,0.5707317073170731,117.0,0.4925971538040504,0.6476414427157,2.229268292682927,2.0947802456909765,2.3654123036649213,0.12871287128712872,0.8844884488448845,117.0,804.0
source_representative,plus__boltzina_vina_zero_affinity,trained_oof,0.125,205,909,4,0.624390243902439,128.0,0.5467192842489172,0.7009816555488174,2.658536585365854,2.460309523809524,2.8640837683563447,0.1408140814081408,0.9053905390539054,128.0,823.0
source_representative,plus__boltzina_vina_zero_affinity,trained_oof,0.125,205,909,5,0.7024390243902439,144.0,0.6273461700929316,0.7766497461928934,3.0341463414634147,2.7709919677850037,3.302899564676617,0.15841584158415842,0.9262926292629263,144.0,842.0
source_representative,plus__boltzina_vina_zero_affinity,trained_oof,0.125,205,909,6,0.775609756097561,159.0,0.7079207920792079,0.8383838383838383,3.3317073170731706,3.014056237168833,3.657432618261826,0.17491749174917492,0.944994499449945,159.0,859.0
source_representative,plus__boltzina_vina_zero_affinity,trained_oof,0.125,205,909,7,0.8341463414634146,171.0,0.7731481481481481,0.8926959507459151,3.55609756097561,3.188024136515034,3.933340707964602,0.18811881188118812,0.9603960396039604,171.0,873.0
source_representative,plus__boltzina_vina_zero_affinity,trained_oof,0.125,205,909,8,0.8926829268292683,183.0,0.8465340778263872,0.9359605911330049,3.7219512195121953,3.3131000600059997,4.138804669279412,0.20132013201320131,0.9746974697469747,183.0,886.0
source_representative,plus__boltzina_vina_zero_affinity,trained_oof,0.125,205,909,9,0.9658536585365853,198.0,0.9393903993203059,0.9898477157360406,3.8292682926829267,3.4036867243062328,4.275960335894229,0.21782178217821782,0.9922992299229924,198.0,902.0
source_representative,plus__boltzina_vina_zero_affinity,trained_oof,0.125,205,909,10,1.0,205.0,1.0,1.0,3.8634146341463413,3.4278710670314636,4.326916455137402,0.22552255225522552,1.0,205.0,909.0
source_representative,plus__boltzina_vina_zero_affinity,trained_oof,0.25,205,909,1,0.3170731707317073,65.0,0.2435031943256703,0.38863845939396535,1.0,1.0,1.0,0.07150715071507151,0.7821782178217822,65.0,711.0
source_representative,plus__boltzina_vina_zero_affinity,trained_oof,0.25,205,909,2,0.5024390243902439,103.0,0.42378129602356407,0.5789538822303283,1.6829268292682926,1.6113615406060346,1.7564968056743295,0.11331133113311331,0.8558855885588559,103.0,778.0
source_representative,plus__boltzina_vina_zero_affinity,trained_oof,0.25,205,909,3,0.6146341463414634,126.0,0.5408094318808605,0.6868698668932314,2.180487804878049,2.04694287218639,2.319377125276623,0.13861386138613863,0.8943894389438944,126.0,813.0
source_representative,plus__boltzina_vina_zero_affinity,trained_oof,0.25,205,909,4,0.6926829268292682,142.0,0.6188005213564834,0.7621419302124387,2.5658536585365854,2.37378518191625,2.770336759105556,0.1562156215621562,0.9218921892189219,142.0,838.0
source_representative,plus__boltzina_vina_zero_affinity,trained_oof,0.25,205,909,5,0.7560975609756098,155.0,0.6862674055129299,0.8210538387252535,2.873170731707317,2.6225192747001715,3.139325568419584,0.1705170517051705,0.9383938393839384,155.0,853.0
source_representative,plus__boltzina_vina_zero_affinity,trained_oof,0.25,205,909,6,0.7853658536585366,161.0,0.7170687158926383,0.8492462311557789,3.1170731707317074,2.817723332701781,3.4352331606217614,0.1771177117711771,0.9460946094609461,161.0,860.0
source_representative,plus__boltzina_vina_zero_affinity,trained_oof,0.25,205,909,7,0.8341463414634146,171.0,0.7729468599033816,0.891008114995976,3.3317073170731706,2.9806658878504675,3.7010301397786836,0.18811881188118812,0.9592959295929593,171.0,872.0
source_representative,plus__boltzina_vina_zero_affinity,trained_oof,0.25,205,909,8,0.8878048780487805,182.0,0.8340634114108639,0.9396984924623115,3.497560975609756,3.1029232026143787,3.916688144329897,0.2002200220022002,0.9735973597359736,182.0,885.0
source_representative,plus__boltzina_vina_zero_affinity,trained_oof,0.25,205,909,9,0.9365853658536586,192.0,0.8947302300978577,0.9711640995260663,3.6097560975609757,3.1759247627024005,4.069874607190957,0.21122112211221122,0.9856985698569857,192.0,896.0
source_representative,plus__boltzina_vina_zero_affinity,trained_oof,0.25,205,909,10,1.0,205.0,1.0,1.0,3.6731707317073172,3.2252607626893424,4.163586328162635,0.22552255225522552,1.0,205.0,909.0
source_representative,plus__boltzina_vina_zero_affinity,trained_oof,0.5,205,909,1,0.44878048780487806,92.0,0.3714068165337201,0.521332116374521,1.0,1.0,1.0,0.10121012101210121,0.8096809680968097,92.0,736.0
source_representative,plus__boltzina_vina_zero_affinity,trained_oof,0.5,205,909,2,0.6146341463414634,126.0,0.5365635888501743,0.6852900652646844,1.551219512195122,1.478667883625479,1.6285931834662797,0.13861386138613863,0.8800880088008801,126.0,800.0
source_representative,plus__boltzina_vina_zero_affinity,trained_oof,0.5,205,909,3,0.7024390243902439,144.0,0.6301335616438356,0.7684740467068053,1.9365853658536585,1.798997169290251,2.0776699029126213,0.15841584158415842,0.9152915291529153,144.0,832.0
source_representative,plus__boltzina_vina_zero_affinity,trained_oof,0.5,205,909,4,0.7463414634146341,153.0,0.6780406889376951,0.8125,2.234146341463415,2.0416294642857142,2.434151268785415,0.16831683168316833,0.933993399339934,153.0,849.0
source_representative,plus__boltzina_vina_zero_affinity,trained_oof,0.5,205,909,5,0.7902439024390244,162.0,0.7244850276559223,0.8509665697674418,2.4878048780487805,2.239793678665496,2.7487751256281405,0.1782178217821782,0.9471947194719472,162.0,861.0
source_representative,plus__boltzina_vina_zero_affinity,trained_oof,0.5,205,909,6,0.8341463414634146,171.0,0.772270815164418,0.8888888888888888,2.6975609756097563,2.404380062305296,3.0194198437130004,0.18811881188118812,0.9592959295929593,171.0,872.0
source_representative,plus__boltzina_vina_zero_affinity,trained_oof,0.5,205,909,7,0.8731707317073171,179.0,0.8159140931288259,0.9226810349120973,2.8634146341463413,2.5288023399014774,3.237119910444653,0.19691969196919692,0.9691969196919692,179.0,881.0
source_representative,plus__boltzina_vina_zero_affinity,trained_oof,0.5,205,909,8,0.9365853658536586,192.0,0.9,0.9665071770334929,2.9902439024390244,2.6220065938251325,3.4138748161464285,0.21122112211221122,0.9834983498349835,192.0,894.0
source_representative,plus__boltzina_vina_zero_affinity,trained_oof,0.5,205,909,9,0.9707317073170731,199.0,0.9447236180904522,0.990521327014218,3.053658536585366,2.665024014778325,3.497621951219512,0.21892189218921893,0.9933993399339934,199.0,903.0
source_representative,plus__boltzina_vina_zero_affinity,trained_oof,0.5,205,909,10,1.0,205.0,1.0,1.0,3.0829268292682928,2.689439761152091,3.528520268210911,0.22552255225522552,1.0,205.0,909.0
source_representative,plus__boltzina_vina_zero_affinity,trained_oof,1.0,205,909,1,0.44878048780487806,92.0,0.36597938144329895,0.5240384615384616,1.0,1.0,1.0,0.10121012101210121,0.8162816281628162,92.0,742.0
source_representative,plus__boltzina_vina_zero_affinity,trained_oof,1.0,205,909,2,0.6390243902439025,131.0,0.5649953703703703,0.7107872177306942,1.551219512195122,1.4759615384615383,1.634020618556701,0.14411441144114412,0.8888888888888888,131.0,808.0
source_representative,plus__boltzina_vina_zero_affinity,trained_oof,1.0,205,909,3,0.7073170731707317,145.0,0.6380867346938776,0.7738735746037881,1.9121951219512194,1.7787893444048344,2.0561296441653587,0.15951595159515952,0.9174917491749175,145.0,834.0
source_representative,plus__boltzina_vina_zero_affinity,trained_oof,1.0,205,909,4,0.7707317073170732,158.0,0.7061541678282687,0.8325558213716108,2.204878048780488,2.0138825757575756,2.4102722772277225,0.17381738173817382,0.9405940594059405,158.0,855.0
source_representative,plus__boltzina_vina_zero_affinity,trained_oof,1.0,205,909,5,0.8195121951219512,168.0,0.7567497549362835,0.8756350130083527,2.4341463414634146,2.1909483463830783,2.6903850039144377,0.1848184818481848,0.9526952695269527,168.0,866.0
source_representative,plus__boltzina_vina_zero_affinity,trained_oof,1.0,205,909,6,0.8439024390243902,173.0,0.7839195979899497,0.9,2.6146341463414635,2.328663681204569,2.9208492003046453,0.19031903190319033,0.9592959295929593,173.0,872.0
source_representative,plus__boltzina_vina_zero_affinity,trained_oof,1.0,205,909,7,0.8731707317073171,179.0,0.8133971291866029,0.925,2.770731707317073,2.4417187349802942,3.1308945000762467,0.19691969196919692,0.9702970297029703,179.0,882.0
source_representative,plus__boltzina_vina_zero_affinity,trained_oof,1.0,205,909,8,0.9365853658536586,192.0,0.8947302300978577,0.9717175869828629,2.897560975609756,2.5279026303645593,3.312508012820513,0.21122112211221122,0.9856985698569857,192.0,896.0
source_representative,plus__boltzina_vina_zero_affinity,trained_oof,1.0,205,909,9,0.9804878048780488,201.0,0.9603861386138614,0.9952153110047847,2.9609756097560975,2.56743850626118,3.3972263376484584,0.22112211221122113,0.9955995599559956,201.0,905.0
source_representative,plus__boltzina_vina_zero_affinity,trained_oof,1.0,205,909,10,1.0,205.0,1.0,1.0,2.9804878048780488,2.5776611450305276,3.426414432568936,0.22552255225522552,1.0,205.0,909.0
source_representative,calibrated__boltzina_vina_zero_binary,trained_oof,0.125,205,909,1,0.23414634146341465,48.0,0.17787675233644862,0.2979929895974671,1.0,1.0,1.0,0.052805280528052806,0.7568756875687569,48.0,688.0
source_representative,calibrated__boltzina_vina_zero_binary,trained_oof,0.125,205,909,2,0.4146341463414634,85.0,0.34417927894672085,0.4909379509379508,1.7658536585365854,1.7020070104025327,1.8221232476635514,0.09350935093509351,0.8272827282728272,85.0,752.0
source_representative,calibrated__boltzina_vina_zero_binary,trained_oof,0.125,205,909,3,0.5756097560975609,118.0,0.49993961352657007,0.649746192893401,2.351219512195122,2.2227716906761765,2.4676746947082764,0.12981298129812982,0.878987898789879,118.0,799.0
source_representative,calibrated__boltzina_vina_zero_binary,trained_oof,0.125,205,909,4,0.624390243902439,128.0,0.549217718175353,0.6976744186046512,2.7756097560975608,2.5941842746850874,2.952612223911294,0.1408140814081408,0.900990099009901,128.0,819.0
source_representative,calibrated__boltzina_vina_zero_binary,trained_oof,0.125,205,909,5,0.7609756097560976,156.0,0.6962520474034107,0.8221366626794256,3.151219512195122,2.912008388338834,3.390015625,0.1716171617161716,0.9394939493949395,156.0,854.0
source_representative,calibrated__boltzina_vina_zero_binary,trained_oof,0.125,205,909,6,0.848780487804878,174.0,0.7941139521135087,0.8995215311004785,3.3902439024390243,3.1084876614927035,3.6865824722541136,0.19141914191419143,0.9614961496149615,174.0,874.0
source_representative,calibrated__boltzina_vina_zero_binary,trained_oof,0.125,205,909,7,0.8780487804878049,180.0,0.8290083874846134,0.9215686274509803,3.5414634146341464,3.2274107039648596,3.870902965582599,0.19801980198019803,0.9691969196919692,180.0,881.0
source_representative,calibrated__boltzina_vina_zero_binary,trained_oof,0.125,205,909,8,0.9317073170731708,191.0,0.8949934210526316,0.9646509060453784,3.6634146341463416,3.320730772914472,4.02124467673248,0.21012101210121012,0.9845984598459846,191.0,895.0
source_representative,calibrated__boltzina_vina_zero_binary,trained_oof,0.125,205,909,9,0.975609756097561,200.0,0.9507389162561576,0.9950980392156863,3.731707317073171,3.3731633931367724,4.1041160908807965,0.22002200220022003,0.9944994499449945,200.0,904.0
source_representative,calibrated__boltzina_vina_zero_binary,trained_oof,0.125,205,909,10,1.0,205.0,1.0,1.0,3.7560975609756095,3.396956134840871,4.133374999999999,0.22552255225522552,1.0,205.0,909.0
source_representative,calibrated__boltzina_vina_zero_binary,trained_oof,0.25,205,909,1,0.2682926829268293,55.0,0.20262635359475706,0.3395348837209302,1.0,1.0,1.0,0.06050605060506051,0.77007700770077,55.0,700.0
source_representative,calibrated__boltzina_vina_zero_binary,trained_oof,0.25,205,909,2,0.424390243902439,87.0,0.3443095634480207,0.5094384978229317,1.7317073170731707,1.6604651162790698,1.7973736464052428,0.09570957095709572,0.8327832783278328,87.0,757.0
source_representative,calibrated__boltzina_vina_zero_binary,trained_oof,0.25,205,909,3,0.5463414634146342,112.0,0.46937986534820114,0.6231190837910483,2.3073170731707315,2.1690124766866035,2.4404145077720205,0.12321232123212321,0.8767876787678768,112.0,797.0
source_representative,calibrated__boltzina_vina_zero_binary,trained_oof,0.25,205,909,4,0.6780487804878049,139.0,0.6056338028169014,0.7475728155339806,2.7609756097560973,2.5544438246641565,2.958994974874372,0.15291529152915292,0.9141914191419142,139.0,831.0
source_representative,calibrated__boltzina_vina_zero_binary,trained_oof,0.25,205,909,5,0.7609756097560976,156.0,0.6975578486554096,0.8221180555555555,3.0829268292682928,2.825357293720079,3.333333333333333,0.1716171617161716,0.9383938393839384,156.0,853.0
source_representative,calibrated__boltzina_vina_zero_binary,trained_oof,0.25,205,909,6,0.8341463414634146,171.0,0.7766990291262136,0.8878764278296987,3.321951219512195,3.0145528027111195,3.6217648802619027,0.18811881188118812,0.9559955995599559,171.0,869.0
source_representative,calibrated__boltzina_vina_zero_binary,trained_oof,0.25,205,909,7,0.8634146341463415,177.0,0.8092903556771546,0.9104565202158222,3.4878048780487805,3.144277411021814,3.8351082720860252,0.19471947194719472,0.966996699669967,177.0,879.0
source_representative,calibrated__boltzina_vina_zero_binary,trained_oof,0.25,205,909,8,0.9121951219512195,187.0,0.8673457297610987,0.95362008205344,3.624390243902439,3.2511118763570144,4.013966970003371,0.20572057205720573,0.9801980198019802,187.0,891.0
source_representative,calibrated__boltzina_vina_zero_binary,trained_oof,0.25,205,909,9,0.9658536585365853,198.0,0.9301048387096774,0.9947923413212435,3.7121951219512197,3.3121653635196644,4.134351791765808,0.21782178217821782,0.9922992299229924,198.0,902.0
source_representative,calibrated__boltzina_vina_zero_binary,trained_oof,0.25,205,909,10,1.0,205.0,1.0,1.0,3.7463414634146344,3.33329326923077,4.1850046296296295,0.22552255225522552,1.0,205.0,909.0
source_representative,calibrated__boltzina_vina_zero_binary,trained_oof,0.5,205,909,1,0.2731707317073171,56.0,0.201004409301409,0.346190476190476,1.0,1.0,1.0,0.061606160616061605,0.7755775577557755,56.0,705.0
source_representative,calibrated__boltzina_vina_zero_binary,trained_oof,0.5,205,909,2,0.47804878048780486,98.0,0.39422348484848485,0.5607507110930515,1.726829268292683,1.6538095238095236,1.798995590698591,0.1078107810781078,0.8525852585258525,98.0,775.0
source_representative,calibrated__boltzina_vina_zero_binary,trained_oof,0.5,205,909,3,0.6195121951219512,127.0,0.5422579133318912,0.6950107868020303,2.2487804878048783,2.1131686206264884,2.3875047886604515,0.1397139713971397,0.8943894389438944,127.0,813.0
source_representative,calibrated__boltzina_vina_zero_binary,trained_oof,0.5,205,909,4,0.697560975609756,143.0,0.6292682926829268,0.7665234948604992,2.629268292682927,2.4278846153846154,2.8307101086048454,0.1573157315731573,0.9207920792079208,143.0,837.0
source_representative,calibrated__boltzina_vina_zero_binary,trained_oof,0.5,205,909,5,0.8048780487804879,165.0,0.7475728155339806,0.8585984848484848,2.9317073170731707,2.6744897388893856,3.1884960016670574,0.18151815181518152,0.9504950495049505,165.0,864.0
source_representative,calibrated__boltzina_vina_zero_binary,trained_oof,0.5,205,909,6,0.8634146341463415,177.0,0.8130841121495327,0.910387877579945,3.126829268292683,2.830752427184466,3.4250185643564355,0.19471947194719472,0.9647964796479648,177.0,877.0
source_representative,calibrated__boltzina_vina_zero_binary,trained_oof,0.5,205,909,7,0.926829268292683,190.0,0.8878493275586962,0.9605959625229402,3.2634146341463413,2.9227267237593324,3.604084390862944,0.20902090209020902,0.9801980198019802,190.0,891.0
source_representative,calibrated__boltzina_vina_zero_binary,trained_oof,0.5,205,909,8,0.9512195121951219,195.0,0.916256157635468,0.9800995024875622,3.3365853658536584,2.9811206817974667,3.6965802057672796,0.2145214521452145,0.9878987898789879,195.0,898.0
source_representative,calibrated__boltzina_vina_zero_binary,trained_oof,0.5,205,909,9,0.9804878048780488,201.0,0.9554455445544554,1.0,3.3853658536585365,3.0185866179060006,3.7650497572815538,0.22112211221122113,0.9955995599559956,201.0,905.0
source_representative,calibrated__boltzina_vina_zero_binary,trained_oof,0.5,205,909,10,1.0,205.0,1.0,1.0,3.4048780487804877,3.0300067410221834,3.7857496463932105,0.22552255225522552,1.0,205.0,909.0
source_representative,calibrated__boltzina_vina_zero_binary,trained_oof,1.0,205,909,1,0.3073170731707317,63.0,0.23156836815657234,0.387457428963554,1.0,1.0,1.0,0.06930693069306931,0.7876787678767877,63.0,716.0
source_representative,calibrated__boltzina_vina_zero_binary,trained_oof,1.0,205,909,2,0.4682926829268293,96.0,0.3912989668532071,0.5493021190204289,1.6926829268292682,1.6125425710364458,1.7684316318434277,0.10561056105610561,0.845984598459846,96.0,769.0
source_representative,calibrated__boltzina_vina_zero_binary,trained_oof,1.0,205,909,3,0.6390243902439025,131.0,0.5699987046632123,0.7089311732463748,2.2243902439024392,2.080183962264151,2.3696682464454977,0.14411441144114412,0.8976897689768977,131.0,816.0
source_representative,calibrated__boltzina_vina_zero_binary,trained_oof,1.0,205,909,4,0.7121951219512195,146.0,0.6464568764568766,0.7772511848341233,2.5853658536585367,2.382729551150604,2.7871364853876694,0.16061606160616063,0.9218921892189219,146.0,838.0
source_representative,calibrated__boltzina_vina_zero_binary,trained_oof,1.0,205,909,5,0.8146341463414634,167.0,0.7572780859916782,0.8709915779437469,2.873170731707317,2.6090646413887617,3.12807881773399,0.18371837183718373,0.9471947194719472,167.0,861.0
source_representative,calibrated__boltzina_vina_zero_binary,trained_oof,1.0,205,909,6,0.8829268292682927,181.0,0.8358190929410916,0.9259304871373837,3.0585365853658537,2.7595905172413793,3.3550112559241705,0.19911991199119913,0.9658965896589659,181.0,878.0
source_representative,calibrated__boltzina_vina_zero_binary,trained_oof,1.0,205,909,7,0.9219512195121952,189.0,0.8826455582232894,0.9571479350033852,3.175609756097561,2.8468619819562475,3.5,0.2079207920792079,0.977997799779978,189.0,889.0
source_representative,calibrated__boltzina_vina_zero_binary,trained_oof,1.0,205,909,8,0.9512195121951219,195.0,0.918261217948718,0.9803921568627451,3.2536585365853656,2.909920137623041,3.6010107552206008,0.2145214521452145,0.9878987898789879,195.0,898.0
source_representative,calibrated__boltzina_vina_zero_binary,trained_oof,1.0,205,909,9,0.975609756097561,200.0,0.9502425373134329,0.9951923076923077,3.3024390243902437,2.944716638749301,3.6632665880422524,0.22002200220022003,0.9944994499449945,200.0,904.0
source_representative,calibrated__boltzina_vina_zero_binary,trained_oof,1.0,205,909,10,1.0,205.0,1.0,1.0,3.3268292682926828,2.961717887375782,3.696164155317298,0.22552255225522552,1.0,205.0,909.0
source_representative,availability__boltzina_vina_zero_binary,trained_oof,0.125,205,909,1,0.21951219512195122,45.0,0.16585304571638682,0.28,1.0,1.0,1.0,0.04950495049504951,0.735973597359736,45.0,669.0
source_representative,availability__boltzina_vina_zero_binary,trained_oof,0.125,205,909,2,0.45365853658536587,93.0,0.373134328358209,0.5320276695341029,1.7804878048780488,1.72,1.8341469542836133,0.10231023102310231,0.8360836083608361,93.0,760.0
source_representative,availability__boltzina_vina_zero_binary,trained_oof,0.125,205,909,3,0.5658536585365853,116.0,0.487549300131467,0.6403998614532019,2.3268292682926828,2.204855600048538,2.4477611940298507,0.1276127612761276,0.8734873487348734,116.0,794.0
source_representative,availability__boltzina_vina_zero_binary,trained_oof,0.125,205,909,4,0.6585365853658537,135.0,0.5791885070860027,0.7313677823006179,2.7609756097560973,2.572863101917354,2.949507575757576,0.1485148514851485,0.9064906490649065,135.0,824.0
source_representative,availability__boltzina_vina_zero_binary,trained_oof,0.125,205,909,5,0.7365853658536585,151.0,0.6635514018691588,0.8020317787648054,3.102439024390244,2.8495031141234657,3.361420112599495,0.16611661166116612,0.9295929592959296,151.0,845.0
source_representative,availability__boltzina_vina_zero_binary,trained_oof,0.125,205,909,6,0.8048780487804879,165.0,0.7401843271555197,0.8606965174129353,3.3658536585365852,3.0637024012503553,3.6850046296296295,0.18151815181518152,0.9482948294829483,165.0,862.0
source_representative,availability__boltzina_vina_zero_binary,trained_oof,0.125,205,909,7,0.8731707317073171,179.0,0.8168895012587604,0.9203980099502488,3.5609756097560976,3.2156768927666763,3.9253731343283578,0.19691969196919692,0.9658965896589659,179.0,878.0
source_representative,availability__boltzina_vina_zero_binary,trained_oof,0.125,205,909,8,0.926829268292683,190.0,0.88722992751603,0.9622641509433962,3.6878048780487807,3.3065636792452837,4.092319587628865,0.20902090209020902,0.9823982398239824,190.0,893.0
source_representative,availability__boltzina_vina_zero_binary,trained_oof,0.125,205,909,9,0.975609756097561,200.0,0.9521415528280517,0.9951456310679612,3.7609756097560973,3.363155136268343,4.19181303404313,0.22002200220022003,0.9944994499449945,200.0,904.0
source_representative,availability__boltzina_vina_zero_binary,trained_oof,0.125,205,909,10,1.0,205.0,1.0,1.0,3.7853658536585364,3.3816363329962935,4.219819063510272,0.22552255225522552,1.0,205.0,909.0
source_representative,availability__boltzina_vina_zero_binary,trained_oof,0.25,205,909,1,0.23414634146341465,48.0,0.1755214972056084,0.2970458208611558,1.0,1.0,1.0,0.052805280528052806,0.7546754675467546,48.0,686.0
source_representative,availability__boltzina_vina_zero_binary,trained_oof,0.25,205,909,2,0.44878048780487806,92.0,0.37372229760289466,0.5238210818307906,1.7658536585365854,1.702954179138844,1.8244785027943915,0.10121012101210121,0.8404840484048405,92.0,764.0
source_representative,availability__boltzina_vina_zero_binary,trained_oof,0.25,205,909,3,0.5658536585365853,116.0,0.4852941176470588,0.6391814532117366,2.317073170731707,2.192104990562129,2.436048131653528,0.1276127612761276,0.8833883388338833,116.0,803.0
source_representative,availability__boltzina_vina_zero_binary,trained_oof,0.25,205,909,4,0.6634146341463415,136.0,0.5885023202135077,0.7285732232591529,2.7512195121951217,2.567773650863011,2.9366243399547396,0.1496149614961496,0.9086908690869087,136.0,826.0
source_representative,availability__boltzina_vina_zero_binary,trained_oof,0.25,205,909,5,0.751219512195122,154.0,0.6849866504854369,0.8101851851851852,3.0878048780487806,2.845434686672551,3.3333333333333335,0.1694169416941694,0.933993399339934,154.0,849.0
source_representative,availability__boltzina_vina_zero_binary,trained_oof,0.25,205,909,6,0.8097560975609757,166.0,0.7474969207447061,0.8640776699029126,3.3365853658536584,3.0492610837438425,3.627551020408163,0.18261826182618263,0.9537953795379538,166.0,867.0
source_representative,availability__boltzina_vina_zero_binary,trained_oof,0.25,205,909,7,0.8780487804878049,180.0,0.8224275345130224,0.9242519415258108,3.526829268292683,3.210890005583473,3.866683673469388,0.19801980198019803,0.9713971397139713,180.0,883.0
source_representative,availability__boltzina_vina_zero_binary,trained_oof,0.25,205,909,8,0.926829268292683,190.0,0.8820690394511149,0.9637364047985809,3.648780487804878,3.3042146206308614,4.0234116869630885,0.20902090209020902,0.9823982398239824,190.0,893.0
source_representative,availability__boltzina_vina_zero_binary,trained_oof,0.25,205,909,9,0.9609756097560975,197.0,0.9329896907216495,0.9855072463768116,3.7219512195121953,3.3603079761233308,4.1280819754957685,0.21672167216721672,0.9911991199119912,197.0,901.0
source_representative,availability__boltzina_vina_zero_binary,trained_oof,0.25,205,909,10,1.0,205.0,1.0,1.0,3.7609756097560973,3.3823011599005794,4.1767743221690585,0.22552255225522552,1.0,205.0,909.0
source_representative,availability__boltzina_vina_zero_binary,trained_oof,0.5,205,909,1,0.35121951219512193,72.0,0.2810737584875516,0.42132601771673134,1.0,1.0,1.0,0.07920792079207921,0.7865786578657866,72.0,715.0
source_representative,availability__boltzina_vina_zero_binary,trained_oof,0.5,205,909,2,0.5414634146341464,111.0,0.4660091436790466,0.6153846153846154,1.648780487804878,1.5786739822832685,1.7189262415124484,0.12211221122112212,0.8591859185918592,111.0,781.0
source_representative,availability__boltzina_vina_zero_binary,trained_oof,0.5,205,909,3,0.6487804878048781,133.0,0.5744653573376978,0.7171850079744816,2.107317073170732,1.9800970149253732,2.2355779967159277,0.14631463146314633,0.8932893289328933,133.0,812.0
source_representative,availability__boltzina_vina_zero_binary,trained_oof,0.5,205,909,4,0.7073170731707317,145.0,0.6345915841584158,0.772093023255814,2.4585365853658536,2.274872223771025,2.6479797162767547,0.15951595159515952,0.9174917491749175,145.0,834.0
source_representative,availability__boltzina_vina_zero_binary,trained_oof,0.5,205,909,5,0.7853658536585366,161.0,0.7193718112244898,0.8439024390243902,2.7512195121951217,2.518092145272325,3.0048798599372133,0.1771177117711771,0.944994499449945,161.0,859.0
source_representative,availability__boltzina_vina_zero_binary,trained_oof,0.5,205,909,6,0.8585365853658536,176.0,0.8010204081632653,0.9068627450980392,2.9658536585365853,2.687462258454106,3.2686619966206703,0.1936193619361936,0.9647964796479648,176.0,877.0
source_representative,availability__boltzina_vina_zero_binary,trained_oof,0.5,205,909,7,0.9073170731707317,186.0,0.8578029790115098,0.9486076673660119,3.107317073170732,2.7980302132701427,3.450596309630963,0.20462046204620463,0.976897689768977,186.0,888.0
source_representative,availability__boltzina_vina_zero_binary,trained_oof,0.5,205,909,8,0.9414634146341463,193.0,0.8979461015175301,0.9760794030530873,3.2,2.862048341857779,3.5766606161695442,0.21232123212321233,0.9867986798679867,193.0,897.0
source_representative,availability__boltzina_vina_zero_binary,trained_oof,0.5,205,909,9,0.9902439024390244,203.0,0.9744865253793825,1.0,3.2585365853658534,2.9049711538461542,3.6667085427135677,0.22332233223322331,0.9977997799779978,203.0,907.0
source_representative,availability__boltzina_vina_zero_binary,trained_oof,0.5,205,909,10,1.0,205.0,1.0,1.0,3.268292682926829,2.914986934183719,3.680761379873444,0.22552255225522552,1.0,205.0,909.0
source_representative,availability__boltzina_vina_zero_binary,trained_oof,1.0,205,909,1,0.4097560975609756,84.0,0.3333333333333333,0.48342747083901394,1.0,1.0,1.0,0.0924092409240924,0.8140814081408141,84.0,740.0
source_representative,availability__boltzina_vina_zero_binary,trained_oof,1.0,205,909,2,0.6048780487804878,124.0,0.529092911160974,0.6774231233041905,1.5902439024390245,1.5165725291609862,1.6666666666666667,0.13641364136413642,0.8778877887788779,124.0,798.0
source_representative,availability__boltzina_vina_zero_binary,trained_oof,1.0,205,909,3,0.7317073170731707,150.0,0.6633165829145728,0.7971014492753623,1.9853658536585366,1.8506746513038206,2.1256453319227715,0.16501650165016502,0.9196919691969196,150.0,836.0
source_representative,availability__boltzina_vina_zero_binary,trained_oof,1.0,205,909,4,0.7902439024390244,162.0,0.7295918367346939,0.8461538461538461,2.2536585365853656,2.065410046728972,2.45050210331914,0.1782178217821782,0.9405940594059405,162.0,855.0
source_representative,availability__boltzina_vina_zero_binary,trained_oof,1.0,205,909,5,0.8341463414634146,171.0,0.7788802386315816,0.8844487179487179,2.4634146341463414,2.2282958090329585,2.7035624984827518,0.18811881188118812,0.9581958195819582,171.0,871.0
source_representative,availability__boltzina_vina_zero_binary,trained_oof,1.0,205,909,6,0.8829268292682927,181.0,0.834223906237012,0.9251132199761208,2.629268292682927,2.3546720311827443,2.9068060509802893,0.19911991199119913,0.9691969196919692,181.0,881.0
source_representative,availability__boltzina_vina_zero_binary,trained_oof,1.0,205,909,7,0.926829268292683,190.0,0.8899988038277512,0.9601990049751243,2.7463414634146344,2.438065161111368,3.063212113197566,0.20902090209020902,0.9801980198019802,190.0,891.0
source_representative,availability__boltzina_vina_zero_binary,trained_oof,1.0,205,909,8,0.9560975609756097,196.0,0.925,0.9811320754716981,2.819512195121951,2.4953635620915042,3.1554488765068873,0.2156215621562156,0.988998899889989,196.0,899.0
source_representative,availability__boltzina_vina_zero_binary,trained_oof,1.0,205,909,9,0.9853658536585366,202.0,0.966183574879227,1.0,2.8634146341463413,2.5230927002583985,3.2121399639963992,0.2222222222222222,0.9966996699669967,202.0,906.0
source_representative,availability__boltzina_vina_zero_binary,trained_oof,1.0,205,909,10,1.0,205.0,1.0,1.0,2.8780487804878048,2.5319267589924714,3.237898336972174,0.22552255225522552,1.0,205.0,909.0
source_representative,plus__boltzina_vina_zero_binary,trained_oof,0.125,205,909,1,0.2780487804878049,57.0,0.21874636627906976,0.34314091308165057,1.0,1.0,1.0,0.0627062706270627,0.768976897689769,57.0,699.0
source_representative,plus__boltzina_vina_zero_binary,trained_oof,0.125,205,909,2,0.47804878048780486,98.0,0.40184718238178957,0.5550239234449761,1.721951219512195,1.6568590869183493,1.7812536337209302,0.1078107810781078,0.8415841584158416,98.0,765.0
source_representative,plus__boltzina_vina_zero_binary,trained_oof,0.125,205,909,3,0.6146341463414634,126.0,0.534982843137255,0.6884481369109698,2.2439024390243905,2.1190417256011314,2.3636363636363638,0.13861386138613863,0.8888888888888888,126.0,808.0
source_representative,plus__boltzina_vina_zero_binary,trained_oof,0.125,205,909,4,0.6682926829268293,137.0,0.5920398009950248,0.7380952380952381,2.629268292682927,2.4450000000000003,2.8178157296147948,0.15071507150715072,0.9097909790979097,137.0,827.0
source_representative,plus__boltzina_vina_zero_binary,trained_oof,0.125,205,909,5,0.7317073170731707,150.0,0.6633139792225375,0.7952600554785019,2.9609756097560975,2.7184466019417477,3.2139570895522387,0.16501650165016502,0.9306930693069307,150.0,846.0
source_representative,plus__boltzina_vina_zero_binary,trained_oof,0.125,205,909,6,0.7951219512195122,163.0,0.7313380033793297,0.8523872180451127,3.229268292682927,2.944102064954906,3.545,0.1793179317931793,0.9471947194719472,163.0,861.0
source_representative,plus__boltzina_vina_zero_binary,trained_oof,0.125,205,909,7,0.8780487804878049,180.0,0.83,0.9215686274509803,3.4341463414634146,3.101484771573604,3.7990201005025126,0.19801980198019803,0.9691969196919692,180.0,881.0
source_representative,plus__boltzina_vina_zero_binary,trained_oof,0.125,205,909,8,0.9365853658536586,192.0,0.8994708994708994,0.9674418604651163,3.55609756097561,3.199927884615384,3.94955897119905,0.21122112211221122,0.9856985698569857,192.0,896.0
source_representative,plus__boltzina_vina_zero_binary,trained_oof,0.125,205,909,9,0.9804878048780488,201.0,0.958974358974359,0.9953488372093023,3.6195121951219513,3.2475208441896823,4.02599798361367,0.22112211221122113,0.9955995599559956,201.0,905.0
source_representative,plus__boltzina_vina_zero_binary,trained_oof,0.125,205,909,10,1.0,205.0,1.0,1.0,3.6390243902439026,3.262376237623762,4.051974445394637,0.22552255225522552,1.0,205.0,909.0
source_representative,plus__boltzina_vina_zero_binary,trained_oof,0.25,205,909,1,0.3073170731707317,63.0,0.23560146496173984,0.3793103448275862,1.0,1.0,1.0,0.06930693069306931,0.7744774477447744,63.0,704.0
source_representative,plus__boltzina_vina_zero_binary,trained_oof,0.25,205,909,2,0.5219512195121951,107.0,0.4399903381642512,0.6018110021786492,1.6926829268292682,1.6206896551724137,1.7643985350382603,0.11771177117711772,0.8547854785478548,107.0,777.0
source_representative,plus__boltzina_vina_zero_binary,trained_oof,0.25,205,909,3,0.624390243902439,128.0,0.5518782824353239,0.6972507242877837,2.1707317073170733,2.035,2.3064536391635597,0.1408140814081408,0.8954895489548955,128.0,814.0
source_representative,plus__boltzina_vina_zero_binary,trained_oof,0.25,205,909,4,0.7073170731707317,145.0,0.6363519813519813,0.7751223607392125,2.546341463414634,2.344267717441326,2.75,0.15951595159515952,0.922992299229923,145.0,839.0
source_representative,plus__boltzina_vina_zero_binary,trained_oof,0.25,205,909,5,0.7414634146341463,152.0,0.6733643464848997,0.8038540086357799,2.8390243902439023,2.5840828055100324,3.091892301475045,0.16721672167216722,0.9317931793179318,152.0,847.0
source_representative,plus__boltzina_vina_zero_binary,trained_oof,0.25,205,909,6,0.824390243902439,169.0,0.76810496267018,0.8781913682820786,3.097560975609756,2.794984813084112,3.409593771157752,0.1859185918591859,0.9526952695269527,169.0,866.0
source_representative,plus__boltzina_vina_zero_binary,trained_oof,0.25,205,909,7,0.848780487804878,174.0,0.7909038054968287,0.8994974874371859,3.273170731707317,2.928848968497352,3.6328020812285304,0.19141914191419143,0.9636963696369637,174.0,876.0
source_representative,plus__boltzina_vina_zero_binary,trained_oof,0.25,205,909,8,0.9317073170731708,191.0,0.8949934210526316,0.9626211693110193,3.424390243902439,3.037671849815113,3.823841357044288,0.21012101210121012,0.9845984598459846,191.0,895.0
source_representative,plus__boltzina_vina_zero_binary,trained_oof,0.25,205,909,9,0.9902439024390244,203.0,0.9748743718592965,1.0,3.4926829268292683,3.0852384622463527,3.904773188896411,0.22332233223322331,0.9977997799779978,203.0,907.0
source_representative,plus__boltzina_vina_zero_binary,trained_oof,0.25,205,909,10,1.0,205.0,1.0,1.0,3.502439024390244,3.0917331951305576,3.917136291212158,0.22552255225522552,1.0,205.0,909.0
source_representative,plus__boltzina_vina_zero_binary,trained_oof,0.5,205,909,1,0.3951219512195122,81.0,0.3199710144927536,0.46637904228855703,1.0,1.0,1.0,0.0891089108910891,0.8052805280528053,81.0,732.0
source_representative,plus__boltzina_vina_zero_binary,trained_oof,0.5,205,909,2,0.5707317073170731,117.0,0.48717948717948717,0.6470588235294118,1.604878048780488,1.5336209577114428,1.680028985507246,0.12871287128712872,0.8701870187018702,117.0,791.0
source_representative,plus__boltzina_vina_zero_binary,trained_oof,0.5,205,909,3,0.6829268292682927,140.0,0.6073207262118725,0.753426250398216,2.0341463414634147,1.8974777204502813,2.1782266619519097,0.15401540154015403,0.9042904290429042,140.0,822.0
source_representative,plus__boltzina_vina_zero_binary,trained_oof,0.5,205,909,4,0.7609756097560976,156.0,0.6975421639854696,0.8247515140307891,2.351219512195122,2.1549210723276864,2.561302788442109,0.1716171617161716,0.9306930693069307,156.0,846.0
source_representative,plus__boltzina_vina_zero_binary,trained_oof,0.5,205,909,5,0.848780487804878,174.0,0.7953431650595575,0.8959304018637158,2.5902439024390245,2.3398990865177676,2.850018656716418,0.19141914191419143,0.9559955995599559,174.0,869.0
source_representative,plus__boltzina_vina_zero_binary,trained_oof,0.5,205,909,6,0.8878048780487805,182.0,0.8393782383419689,0.9292929292929293,2.7414634146341466,2.447100290697674,3.0355467319064315,0.2002200220022002,0.9680968096809681,182.0,880.0
source_representative,plus__boltzina_vina_zero_binary,trained_oof,0.5,205,909,7,0.9365853658536586,192.0,0.9019506248095093,0.9698492462311558,2.8536585365853657,2.5317029224346292,3.180458712101975,0.21122112211221122,0.9834983498349835,192.0,894.0
source_representative,plus__boltzina_vina_zero_binary,trained_oof,0.5,205,909,8,0.9707317073170731,199.0,0.9468033464160297,0.9905660377358491,2.9170731707317072,2.577865287978353,3.2663824904257712,0.21892189218921893,0.9922992299229924,199.0,902.0
source_representative,plus__boltzina_vina_zero_binary,trained_oof,0.5,205,909,9,0.9902439024390244,203.0,0.9746192893401016,1.0,2.946341463414634,2.5990713703653405,3.3057684376047214,0.22332233223322331,0.9977997799779978,203.0,907.0
source_representative,plus__boltzina_vina_zero_binary,trained_oof,0.5,205,909,10,1.0,205.0,1.0,1.0,2.9560975609756097,2.602915040423752,3.3163329402112605,0.22552255225522552,1.0,205.0,909.0
source_representative,plus__boltzina_vina_zero_binary,trained_oof,1.0,205,909,1,0.424390243902439,87.0,0.3520337657676136,0.49554591905338147,1.0,1.0,1.0,0.09570957095709572,0.8140814081408141,87.0,740.0
source_representative,plus__boltzina_vina_zero_binary,trained_oof,1.0,205,909,2,0.6292682926829268,129.0,0.5543920806664635,0.7038920415698071,1.575609756097561,1.5044540809466183,1.6479662342323864,0.1419141914191419,0.8811881188118812,129.0,801.0
source_representative,plus__boltzina_vina_zero_binary,trained_oof,1.0,205,909,3,0.7073170731707317,145.0,0.6377438669768425,0.7734150009473285,1.946341463414634,1.8124920685279189,2.081260356118987,0.15951595159515952,0.911991199119912,145.0,829.0
source_representative,plus__boltzina_vina_zero_binary,trained_oof,1.0,205,909,4,0.7804878048780488,160.0,0.7188864831067782,0.8410336538461538,2.2390243902439027,2.0471269296740995,2.4321608040201004,0.17601760176017603,0.935093509350935,160.0,850.0
source_representative,plus__boltzina_vina_zero_binary,trained_oof,1.0,205,909,5,0.8390243902439024,172.0,0.7839195979899497,0.891096949061422,2.4585365853658536,2.215589684149522,2.701505728931102,0.18921892189218922,0.9537953795379538,172.0,867.0
source_representative,plus__boltzina_vina_zero_binary,trained_oof,1.0,205,909,6,0.8829268292682927,181.0,0.8388468776136047,0.9245400943396226,2.6195121951219513,2.334934318555008,2.9130783538711924,0.19911991199119913,0.9680968096809681,181.0,880.0
source_representative,plus__boltzina_vina_zero_binary,trained_oof,1.0,205,909,7,0.9219512195121952,189.0,0.8826455582232894,0.9567307692307693,2.7365853658536587,2.42199420569773,3.0550280612244896,0.2079207920792079,0.977997799779978,189.0,889.0
source_representative,plus__boltzina_vina_zero_binary,trained_oof,1.0,205,909,8,0.9609756097560975,197.0,0.9326910621761658,0.9851485148514851,2.8146341463414632,2.4777423696104823,3.1559185680566486,0.21672167216721672,0.9900990099009901,197.0,900.0
source_representative,plus__boltzina_vina_zero_binary,trained_oof,1.0,205,909,9,0.9853658536585366,202.0,0.9658494739359158,1.0,2.8536585365853657,2.5045736975013284,3.209775353016688,0.2222222222222222,0.9966996699669967,202.0,906.0
source_representative,plus__boltzina_vina_zero_binary,trained_oof,1.0,205,909,10,1.0,205.0,1.0,1.0,2.868292682926829,2.5154561074664166,3.2299570232662322,0.22552255225522552,1.0,205.0,909.0
source_representative,calibrated__gnina,trained_oof,0.125,205,909,1,0.23414634146341465,48.0,0.17616580310880828,0.297039857831937,1.0,1.0,1.0,0.052805280528052806,0.759075907590759,48.0,690.0
source_representative,calibrated__gnina,trained_oof,0.125,205,909,2,0.424390243902439,87.0,0.3497464113565337,0.5,1.7658536585365854,1.702960142168063,1.8238341968911918,0.09570957095709572,0.8338833883388339,87.0,758.0
source_representative,calibrated__gnina,trained_oof,0.125,205,909,3,0.526829268292683,108.0,0.4477543787909766,0.6029449666464524,2.341463414634146,2.2142779164067377,2.462962962962963,0.1188118811881188,0.8657865786578658,108.0,787.0
source_representative,calibrated__gnina,trained_oof,0.125,205,909,4,0.6390243902439025,131.0,0.5654444145422518,0.7122287855691055,2.8146341463414632,2.6192660437970527,3.005318509615384,0.14411441144114412,0.9020902090209021,131.0,820.0
source_representative,calibrated__gnina,trained_oof,0.125,205,909,5,0.7365853658536585,151.0,0.6636331322705731,0.803921568627451,3.175609756097561,2.922269672927461,3.430592637540453,0.16611661166116612,0.9284928492849285,151.0,844.0
source_representative,calibrated__gnina,trained_oof,0.125,205,909,6,0.7707317073170732,158.0,0.7020177738927739,0.8390286799852923,3.4390243902439024,3.1365200140039677,3.738142857142857,0.17381738173817382,0.9416941694169417,158.0,856.0
source_representative,calibrated__gnina,trained_oof,0.125,205,909,7,0.8439024390243902,173.0,0.7931034482758621,0.8947368421052632,3.6682926829268294,3.3103067951318454,4.02285551206784,0.19031903190319033,0.9603960396039604,173.0,873.0
source_representative,calibrated__gnina,trained_oof,0.125,205,909,8,0.8926829268292683,183.0,0.8497302860387537,0.9353233830845771,3.824390243902439,3.4357798165137616,4.210013157894736,0.20132013201320131,0.9746974697469747,183.0,886.0
source_representative,calibrated__gnina,trained_oof,0.125,205,909,9,0.9804878048780488,201.0,0.9599949748743718,0.9954337899543378,3.9317073170731707,3.5096086448598127,4.3417117475130755,0.22112211221122113,0.9955995599559956,201.0,905.0
source_representative,calibrated__gnina,trained_oof,0.125,205,909,10,1.0,205.0,1.0,1.0,3.951219512195122,3.5249759615384617,4.36734931181775,0.22552255225522552,1.0,205.0,909.0
source_representative,calibrated__gnina,trained_oof,0.25,205,909,1,0.2,41.0,0.14563106796116504,0.26263955342902706,1.0,1.0,1.0,0.045104510451045104,0.7535753575357536,41.0,685.0
source_representative,calibrated__gnina,trained_oof,0.25,205,909,2,0.36097560975609755,74.0,0.2898550724637681,0.43128194405724374,1.8,1.7373604465709729,1.854368932038835,0.0814081408140814,0.8173817381738174,74.0,743.0
source_representative,calibrated__gnina,trained_oof,0.25,205,909,3,0.5365853658536586,110.0,0.46295605306799337,0.6087066872655043,2.4390243902439024,2.3168056279312146,2.5540915915915914,0.12101210121012101,0.8701870187018702,110.0,791.0
source_representative,calibrated__gnina,trained_oof,0.25,205,909,4,0.6390243902439025,131.0,0.5693762139371832,0.7102929723291185,2.902439024390244,2.724754824422651,3.0717876707579226,0.14411441144114412,0.900990099009901,131.0,819.0
source_representative,calibrated__gnina,trained_oof,0.25,205,909,5,0.7317073170731707,150.0,0.6651972412143441,0.8000242718446601,3.2634146341463413,3.0269826644826647,3.481308411214953,0.16501650165016502,0.9295929592959296,150.0,845.0
source_representative,calibrated__gnina,trained_oof,0.25,205,909,6,0.7853658536585366,161.0,0.720707884049853,0.8484922394678492,3.5317073170731708,3.243212390472664,3.8019814544906265,0.1771177117711771,0.9493949394939494,161.0,863.0
source_representative,calibrated__gnina,trained_oof,0.25,205,909,7,0.8585365853658536,176.0,0.8047591362126246,0.9068655950752393,3.7463414634146344,3.413757554212584,4.06865305823822,0.1936193619361936,0.9658965896589659,176.0,878.0
source_representative,calibrated__gnina,trained_oof,0.25,205,909,8,0.9024390243902439,185.0,0.8504672897196262,0.9460811791084146,3.8878048780487804,3.5221674876847286,4.241231851179674,0.20352035203520352,0.9757975797579758,185.0,887.0
source_representative,calibrated__gnina,trained_oof,0.25,205,909,9,0.9463414634146341,194.0,0.9068627450980392,0.979596990311276,3.9853658536585366,3.589351222826087,4.369143545104677,0.21342134213421343,0.9878987898789879,194.0,898.0
source_representative,calibrated__gnina,trained_oof,0.25,205,909,10,1.0,205.0,1.0,1.0,4.0390243902439025,3.6286354435936197,4.4440074640967495,0.22552255225522552,1.0,205.0,909.0
source_representative,calibrated__gnina,trained_oof,0.5,205,909,1,0.2097560975609756,43.0,0.1504797776548116,0.2688679245283019,1.0,1.0,1.0,0.047304730473047306,0.7524752475247525,43.0,684.0
source_representative,calibrated__gnina,trained_oof,0.5,205,909,2,0.3853658536585366,79.0,0.30845771144278605,0.45601278746267104,1.7902439024390244,1.7311320754716981,1.8495202223451883,0.08690869086908691,0.8195819581958196,79.0,745.0
source_representative,calibrated__gnina,trained_oof,0.5,205,909,3,0.5317073170731708,109.0,0.4591526797634942,0.6028725724739656,2.4048780487804877,2.2878600360036008,2.529710396039604,0.11991199119911991,0.8723872387238724,109.0,793.0
source_representative,calibrated__gnina,trained_oof,0.5,205,909,4,0.6829268292682927,140.0,0.6108591712547088,0.7524271844660194,2.873170731707317,2.701417535438386,3.059120616495147,0.15401540154015403,0.9185918591859186,140.0,835.0
source_representative,calibrated__gnina,trained_oof,0.5,205,909,5,0.7463414634146341,153.0,0.6766163861543347,0.8106862532000193,3.1902439024390246,2.9708556730908566,3.4292935903537995,0.16831683168316833,0.935093509350935,153.0,850.0
source_representative,calibrated__gnina,trained_oof,0.5,205,909,6,0.8,164.0,0.7373150618481689,0.8579096325719959,3.44390243902439,3.1718605324074076,3.7269641376451075,0.18041804180418042,0.9504950495049505,164.0,864.0
source_representative,calibrated__gnina,trained_oof,0.5,205,909,7,0.8439024390243902,173.0,0.7860382059800665,0.8989375134321943,3.6439024390243904,3.328693181818182,3.9754931850789097,0.19031903190319033,0.9625962596259626,173.0,875.0
source_representative,calibrated__gnina,trained_oof,0.5,205,909,8,0.9024390243902439,185.0,0.8504672897196262,0.9483628405949717,3.8,3.4465116279069763,4.175617660343271,0.20352035203520352,0.977997799779978,185.0,889.0
source_representative,calibrated__gnina,trained_oof,0.5,205,909,9,0.9463414634146341,194.0,0.9072154073687416,0.9793840867036743,3.897560975609756,3.5156209729381445,4.305702625886613,0.21342134213421343,0.9878987898789879,194.0,898.0
source_representative,calibrated__gnina,trained_oof,0.5,205,909,10,1.0,205.0,1.0,1.0,3.951219512195122,3.5492227979274613,4.3835970158852655,0.22552255225522552,1.0,205.0,909.0
source_representative,calibrated__gnina,trained_oof,1.0,205,909,1,0.1951219512195122,40.0,0.13042391304347825,0.25961538461538464,1.0,1.0,1.0,0.04400440044004401,0.7535753575357536,40.0,685.0
source_representative,calibrated__gnina,trained_oof,1.0,205,909,2,0.3853658536585366,79.0,0.3054187192118227,0.45714285714285713,1.8048780487804879,1.7403846153846154,1.8695760869565217,0.08690869086908691,0.8261826182618262,79.0,751.0
source_representative,calibrated__gnina,trained_oof,1.0,205,909,3,0.5609756097560976,115.0,0.4870098893981666,0.6336633663366337,2.419512195121951,2.293800802934179,2.5535112664176407,0.1265126512651265,0.8855885588558856,115.0,805.0
source_representative,calibrated__gnina,trained_oof,1.0,205,909,4,0.6585365853658537,135.0,0.5854890686212562,0.725127776228975,2.8585365853658535,2.677852922885572,3.0497574626865673,0.1485148514851485,0.9130913091309131,135.0,830.0
source_representative,calibrated__gnina,trained_oof,1.0,205,909,5,0.775609756097561,159.0,0.7081286418115496,0.8367465590887517,3.2,2.970435997353136,3.4466247385077504,0.17491749174917492,0.9416941694169417,159.0,856.0
source_representative,calibrated__gnina,trained_oof,1.0,205,909,6,0.8390243902439024,172.0,0.7783251231527094,0.8939466783216783,3.424390243902439,3.1499709302325583,3.7192118226600983,0.18921892189218922,0.9592959295929593,172.0,872.0
source_representative,calibrated__gnina,trained_oof,1.0,205,909,7,0.8682926829268293,178.0,0.8115942028985508,0.9194354473790753,3.5853658536585367,3.26828393044696,3.9170738026033107,0.19581958195819582,0.9702970297029703,178.0,882.0
source_representative,calibrated__gnina,trained_oof,1.0,205,909,8,0.9121951219512195,187.0,0.8660274749667044,0.9536082474226805,3.7170731707317075,3.366829983249581,4.085111842105262,0.20572057205720573,0.9801980198019802,187.0,891.0
source_representative,calibrated__gnina,trained_oof,1.0,205,909,9,0.9512195121951219,195.0,0.917098445595855,0.9804878048780488,3.8048780487804876,3.424593859709506,4.210798211036992,0.2145214521452145,0.988998899889989,195.0,899.0
source_representative,calibrated__gnina,trained_oof,1.0,205,909,10,1.0,205.0,1.0,1.0,3.8536585365853657,3.4524555403556763,4.282438568376068,0.22552255225522552,1.0,205.0,909.0
source_representative,availability__gnina,trained_oof,0.125,205,909,1,0.21951219512195122,45.0,0.16585304571638682,0.28,1.0,1.0,1.0,0.04950495049504951,0.735973597359736,45.0,669.0
source_representative,availability__gnina,trained_oof,0.125,205,909,2,0.45365853658536587,93.0,0.373134328358209,0.5320276695341029,1.7804878048780488,1.72,1.8341469542836133,0.10231023102310231,0.8360836083608361,93.0,760.0
source_representative,availability__gnina,trained_oof,0.125,205,909,3,0.5658536585365853,116.0,0.487549300131467,0.6403998614532019,2.3268292682926828,2.204855600048538,2.4477611940298507,0.1276127612761276,0.8734873487348734,116.0,794.0
source_representative,availability__gnina,trained_oof,0.125,205,909,4,0.6585365853658537,135.0,0.5791885070860027,0.7313677823006179,2.7609756097560973,2.572863101917354,2.949507575757576,0.1485148514851485,0.9064906490649065,135.0,824.0
source_representative,availability__gnina,trained_oof,0.125,205,909,5,0.7317073170731707,150.0,0.660377358490566,0.7979810419465592,3.102439024390244,2.8495031141234657,3.361420112599495,0.16501650165016502,0.9284928492849285,150.0,844.0
source_representative,availability__gnina,trained_oof,0.125,205,909,6,0.8048780487804879,165.0,0.7401843271555197,0.8606965174129353,3.370731707317073,3.06912045129509,3.68812689686054,0.18151815181518152,0.9482948294829483,165.0,862.0
source_representative,availability__gnina,trained_oof,0.125,205,909,7,0.8731707317073171,179.0,0.8168895012587604,0.9203980099502488,3.5658536585365854,3.220083955641014,3.9317636907501146,0.19691969196919692,0.9658965896589659,179.0,878.0
source_representative,availability__gnina,trained_oof,0.125,205,909,8,0.926829268292683,190.0,0.88722992751603,0.9622641509433962,3.6926829268292685,3.31059491302589,4.0974875621890545,0.20902090209020902,0.9823982398239824,190.0,893.0
source_representative,availability__gnina,trained_oof,0.125,205,909,9,0.975609756097561,200.0,0.9521415528280517,0.9951456310679612,3.765853658536585,3.3710094975490192,4.195348837209302,0.22002200220022003,0.9944994499449945,200.0,904.0
source_representative,availability__gnina,trained_oof,0.125,205,909,10,1.0,205.0,1.0,1.0,3.790243902439024,3.3921301688992425,4.2242965607498215,0.22552255225522552,1.0,205.0,909.0
source_representative,availability__gnina,trained_oof,0.25,205,909,1,0.23414634146341465,48.0,0.1755214972056084,0.2970458208611558,1.0,1.0,1.0,0.052805280528052806,0.7546754675467546,48.0,686.0
source_representative,availability__gnina,trained_oof,0.25,205,909,2,0.44878048780487806,92.0,0.37372229760289466,0.5238210818307906,1.7658536585365854,1.702954179138844,1.8244785027943915,0.10121012101210121,0.8415841584158416,92.0,765.0
source_representative,availability__gnina,trained_oof,0.25,205,909,3,0.5658536585365853,116.0,0.4852941176470588,0.6391814532117366,2.317073170731707,2.192104990562129,2.436048131653528,0.1276127612761276,0.8833883388338833,116.0,803.0
source_representative,availability__gnina,trained_oof,0.25,205,909,4,0.6634146341463415,136.0,0.5885023202135077,0.7285732232591529,2.7512195121951217,2.567773650863011,2.9366243399547396,0.1496149614961496,0.9086908690869087,136.0,826.0
source_representative,availability__gnina,trained_oof,0.25,205,909,5,0.751219512195122,154.0,0.6849866504854369,0.8101851851851852,3.0878048780487806,2.845434686672551,3.3333333333333335,0.1694169416941694,0.933993399339934,154.0,849.0
source_representative,availability__gnina,trained_oof,0.25,205,909,6,0.8048780487804879,165.0,0.7424203373945643,0.8592233009708737,3.3365853658536584,3.0492610837438425,3.627551020408163,0.18151815181518152,0.9526952695269527,165.0,866.0
source_representative,availability__gnina,trained_oof,0.25,205,909,7,0.8780487804878049,180.0,0.8243823396567299,0.9241706161137441,3.5317073170731708,3.211803475505607,3.867370582379293,0.19801980198019803,0.9713971397139713,180.0,883.0
source_representative,availability__gnina,trained_oof,0.25,205,909,8,0.926829268292683,190.0,0.8820690394511149,0.9637364047985809,3.653658536585366,3.304547772664737,4.029434046345811,0.20902090209020902,0.9823982398239824,190.0,893.0
source_representative,availability__gnina,trained_oof,0.25,205,909,9,0.9609756097560975,197.0,0.9329896907216495,0.9855072463768116,3.726829268292683,3.361485407289095,4.13340909090909,0.21672167216721672,0.9911991199119912,197.0,901.0
source_representative,availability__gnina,trained_oof,0.25,205,909,10,1.0,205.0,1.0,1.0,3.765853658536585,3.3848591549295772,4.181828802039083,0.22552255225522552,1.0,205.0,909.0
source_representative,availability__gnina,trained_oof,0.5,205,909,1,0.35121951219512193,72.0,0.2810737584875516,0.42132601771673134,1.0,1.0,1.0,0.07920792079207921,0.7876787678767877,72.0,716.0
source_representative,availability__gnina,trained_oof,0.5,205,909,2,0.5414634146341464,111.0,0.4660091436790466,0.6153846153846154,1.648780487804878,1.5786739822832685,1.7189262415124484,0.12211221122112212,0.8602860286028603,111.0,782.0
source_representative,availability__gnina,trained_oof,0.5,205,909,3,0.6487804878048781,133.0,0.5744653573376978,0.7171850079744816,2.107317073170732,1.9800970149253732,2.2355779967159277,0.14631463146314633,0.8932893289328933,133.0,812.0
source_representative,availability__gnina,trained_oof,0.5,205,909,4,0.7073170731707317,145.0,0.6345915841584158,0.772093023255814,2.4585365853658536,2.274872223771025,2.6479797162767547,0.15951595159515952,0.9174917491749175,145.0,834.0
source_representative,availability__gnina,trained_oof,0.5,205,909,5,0.7804878048780488,160.0,0.7142857142857143,0.8390350190199148,2.7512195121951217,2.518092145272325,3.0048798599372133,0.17601760176017603,0.9438943894389439,160.0,858.0
source_representative,availability__gnina,trained_oof,0.5,205,909,6,0.8585365853658536,176.0,0.8010204081632653,0.9068627450980392,2.970731707317073,2.6910549992375334,3.278309513751995,0.1936193619361936,0.9647964796479648,176.0,877.0
source_representative,availability__gnina,trained_oof,0.5,205,909,7,0.9073170731707317,186.0,0.8578029790115098,0.9486076673660119,3.1121951219512196,2.7981209371614306,3.4583582535885165,0.20462046204620463,0.976897689768977,186.0,888.0
source_representative,availability__gnina,trained_oof,0.5,205,909,8,0.9414634146341463,193.0,0.8979461015175301,0.9760794030530873,3.204878048780488,2.863849765258216,3.582053618895724,0.21232123212321233,0.9867986798679867,193.0,897.0
source_representative,availability__gnina,trained_oof,0.5,205,909,9,0.9902439024390244,203.0,0.9744865253793825,1.0,3.2634146341463413,2.9065200141068592,3.6698124492191027,0.22332233223322331,0.9977997799779978,203.0,907.0
source_representative,availability__gnina,trained_oof,0.5,205,909,10,1.0,205.0,1.0,1.0,3.273170731707317,2.915482992293383,3.6836806892568346,0.22552255225522552,1.0,205.0,909.0
source_representative,availability__gnina,trained_oof,1.0,205,909,1,0.4097560975609756,84.0,0.3333333333333333,0.48342747083901394,1.0,1.0,1.0,0.0924092409240924,0.8140814081408141,84.0,740.0
source_representative,availability__gnina,trained_oof,1.0,205,909,2,0.6048780487804878,124.0,0.529092911160974,0.6774231233041905,1.5902439024390245,1.5165725291609862,1.6666666666666667,0.13641364136413642,0.8778877887788779,124.0,798.0
source_representative,availability__gnina,trained_oof,1.0,205,909,3,0.7317073170731707,150.0,0.6633165829145728,0.7971014492753623,1.9853658536585366,1.8506746513038206,2.1256453319227715,0.16501650165016502,0.9196919691969196,150.0,836.0
source_representative,availability__gnina,trained_oof,1.0,205,909,4,0.7902439024390244,162.0,0.7295918367346939,0.8461538461538461,2.2536585365853656,2.065410046728972,2.45050210331914,0.1782178217821782,0.9405940594059405,162.0,855.0
source_representative,availability__gnina,trained_oof,1.0,205,909,5,0.8341463414634146,171.0,0.7788802386315816,0.8844487179487179,2.4634146341463414,2.2282958090329585,2.7035624984827518,0.18811881188118812,0.9581958195819582,171.0,871.0
source_representative,availability__gnina,trained_oof,1.0,205,909,6,0.8780487804878049,180.0,0.8284313725490197,0.9211919250458803,2.629268292682927,2.3546720311827443,2.9068060509802893,0.19801980198019803,0.9680968096809681,180.0,880.0
source_representative,availability__gnina,trained_oof,1.0,205,909,7,0.926829268292683,190.0,0.8899988038277512,0.9601990049751243,2.7512195121951217,2.4416904305803464,3.0707070707070705,0.20902090209020902,0.9801980198019802,190.0,891.0
source_representative,availability__gnina,trained_oof,1.0,205,909,8,0.9560975609756097,196.0,0.925,0.9811320754716981,2.824390243902439,2.4975344196033853,3.161567603643215,0.2156215621562156,0.988998899889989,196.0,899.0
source_representative,availability__gnina,trained_oof,1.0,205,909,9,0.9853658536585366,202.0,0.966183574879227,1.0,2.868292682926829,2.5277606732348112,3.220474910394265,0.2222222222222222,0.9966996699669967,202.0,906.0
source_representative,availability__gnina,trained_oof,1.0,205,909,10,1.0,205.0,1.0,1.0,2.8829268292682926,2.5349504716981124,3.2427754854368924,0.22552255225522552,1.0,205.0,909.0
source_representative,plus__gnina,trained_oof,0.125,205,909,1,0.2634146341463415,54.0,0.20097980579791727,0.3269230769230769,1.0,1.0,1.0,0.0594059405940594,0.757975797579758,54.0,689.0
source_representative,plus__gnina,trained_oof,0.125,205,909,2,0.40487804878048783,83.0,0.3316831683168317,0.4768536324786325,1.7365853658536585,1.6730769230769231,1.7990201942020827,0.09130913091309131,0.8327832783278328,83.0,757.0
source_representative,plus__gnina,trained_oof,0.125,205,909,3,0.5658536585365853,116.0,0.4895530523255814,0.6432247873028508,2.3317073170731706,2.2064050085597646,2.458747706422018,0.1276127612761276,0.878987898789879,116.0,799.0
source_representative,plus__gnina,trained_oof,0.125,205,909,4,0.6536585365853659,134.0,0.5781770655201055,0.7285714285714285,2.765853658536585,2.5763546798029555,2.95362008205344,0.1474147414741474,0.9064906490649065,134.0,824.0
source_representative,plus__gnina,trained_oof,0.125,205,909,5,0.7317073170731707,150.0,0.658875736368871,0.8010210759696548,3.1121951219512196,2.8652778497409326,3.3658657329147545,0.16501650165016502,0.9284928492849285,150.0,844.0
source_representative,plus__gnina,trained_oof,0.125,205,909,6,0.8048780487804879,165.0,0.7380894590846048,0.8666748768472906,3.3804878048780487,3.077263986013986,3.695484709669431,0.18151815181518152,0.9504950495049505,165.0,864.0
source_representative,plus__gnina,trained_oof,0.125,205,909,7,0.8390243902439024,172.0,0.7782679738562092,0.895742222326498,3.575609756097561,3.2285334713595586,3.9427340920270084,0.18921892189218922,0.9592959295929593,172.0,872.0
source_representative,plus__gnina,trained_oof,0.125,205,909,8,0.8926829268292683,183.0,0.8428555832813475,0.9402985074626866,3.7365853658536587,3.33663014405706,4.154236770691994,0.20132013201320131,0.9746974697469747,183.0,886.0
source_representative,plus__gnina,trained_oof,0.125,205,909,9,0.9609756097560975,197.0,0.9323671497584541,0.985,3.84390243902439,3.4122358928863257,4.3073355681424115,0.21672167216721672,0.9911991199119912,197.0,901.0
source_representative,plus__gnina,trained_oof,0.125,205,909,10,1.0,205.0,1.0,1.0,3.8829268292682926,3.4417086681841407,4.352473867595819,0.22552255225522552,1.0,205.0,909.0
source_representative,plus__gnina,trained_oof,0.25,205,909,1,0.2780487804878049,57.0,0.2139229986431479,0.34483189655172414,1.0,1.0,1.0,0.0627062706270627,0.7678767876787679,57.0,698.0
source_representative,plus__gnina,trained_oof,0.25,205,909,2,0.4292682926829268,88.0,0.35575824873096445,0.49756156474608226,1.721951219512195,1.655168103448276,1.786077001356852,0.0968096809680968,0.8316831683168316,88.0,756.0
source_representative,plus__gnina,trained_oof,0.25,205,909,3,0.5756097560975609,118.0,0.5025634517766497,0.6473831901181525,2.292682926829268,2.1658284948056346,2.4186273397617692,0.12981298129812982,0.8778877887788779,118.0,798.0
source_representative,plus__gnina,trained_oof,0.25,205,909,4,0.6829268292682927,140.0,0.6113917674150834,0.7535545023696683,2.7170731707317075,2.536826849733028,2.8981315485917523,0.15401540154015403,0.9108910891089109,140.0,828.0
source_representative,plus__gnina,trained_oof,0.25,205,909,5,0.7609756097560976,156.0,0.6915284094548715,0.8275903316284441,3.0341463414634147,2.797930800542741,3.2783505154639174,0.1716171617161716,0.935093509350935,156.0,850.0
source_representative,plus__gnina,trained_oof,0.25,205,909,6,0.8097560975609757,166.0,0.7461928934010152,0.8697780635062611,3.273170731707317,2.9898924477940025,3.565055024251853,0.18261826182618263,0.9526952695269527,166.0,866.0
source_representative,plus__gnina,trained_oof,0.25,205,909,7,0.8585365853658536,176.0,0.8009027777777777,0.9109947643979057,3.4634146341463414,3.129971649484536,3.810222035376183,0.1936193619361936,0.9647964796479648,176.0,877.0
source_representative,plus__gnina,trained_oof,0.25,205,909,8,0.8975609756097561,184.0,0.8461538461538461,0.9447305276381909,3.604878048780488,3.2343489583333334,3.9857242063492064,0.20242024202420242,0.976897689768977,184.0,888.0
source_representative,plus__gnina,trained_oof,0.25,205,909,9,0.9609756097560975,197.0,0.9295774647887324,0.9857159783344618,3.707317073170732,3.3064724395171727,4.12627348142054,0.21672167216721672,0.9911991199119912,197.0,901.0
source_representative,plus__gnina,trained_oof,0.25,205,909,10,1.0,205.0,1.0,1.0,3.7463414634146344,3.3298076429524683,4.176073232323232,0.22552255225522552,1.0,205.0,909.0
source_representative,plus__gnina,trained_oof,0.5,205,909,1,0.375609756097561,77.0,0.2968651853015075,0.4490972222222221,1.0,1.0,1.0,0.0847084708470847,0.7986798679867987,77.0,726.0
source_representative,plus__gnina,trained_oof,0.5,205,909,2,0.5560975609756098,114.0,0.4790495449949444,0.6268083641780265,1.6243902439024391,1.550902777777778,1.7031348146984924,0.1254125412541254,0.8668866886688669,114.0,788.0
source_representative,plus__gnina,trained_oof,0.5,205,909,3,0.6829268292682927,140.0,0.6111111111111112,0.7488594532617222,2.0682926829268293,1.9348684354187138,2.2069054850812933,0.15401540154015403,0.9097909790979097,140.0,827.0
source_representative,plus__gnina,trained_oof,0.5,205,909,4,0.775609756097561,159.0,0.7113344788087056,0.8390243902439024,2.3853658536585365,2.1990464608009024,2.5821412738288747,0.17491749174917492,0.9427942794279428,159.0,857.0
source_representative,plus__gnina,trained_oof,0.5,205,909,5,0.8146341463414634,167.0,0.7511950697859018,0.8720406197926811,2.6097560975609757,2.376882601412862,2.850018656716418,0.18371837183718373,0.9537953795379538,167.0,867.0
source_representative,plus__gnina,trained_oof,0.5,205,909,6,0.8682926829268293,178.0,0.8130772063901294,0.9174323060479203,2.795121951219512,2.51411124016308,3.0858810709838105,0.19581958195819582,0.966996699669967,178.0,879.0
source_representative,plus__gnina,trained_oof,0.5,205,909,7,0.8975609756097561,184.0,0.8512628865979381,0.9408866995073891,2.926829268292683,2.607651030720387,3.2631827209533264,0.20242024202420242,0.9735973597359736,184.0,885.0
source_representative,plus__gnina,trained_oof,0.5,205,909,8,0.926829268292683,190.0,0.8835953151487133,0.963544034090909,3.029268292682927,2.6775626593033133,3.3951996268656703,0.20902090209020902,0.9834983498349835,190.0,894.0
source_representative,plus__gnina,trained_oof,0.5,205,909,9,0.9658536585365853,198.0,0.9299044925397607,0.9908267353692766,3.102439024390244,2.725118483412322,3.5000615763546796,0.21782178217821782,0.9922992299229924,198.0,902.0
source_representative,plus__gnina,trained_oof,0.5,205,909,10,1.0,205.0,1.0,1.0,3.1365853658536587,2.7448684750282015,3.5510253857640617,0.22552255225522552,1.0,205.0,909.0
source_representative,plus__gnina,trained_oof,1.0,205,909,1,0.375609756097561,77.0,0.30241773132017036,0.45320197044334976,1.0,1.0,1.0,0.0847084708470847,0.8008800880088008,77.0,728.0
source_representative,plus__gnina,trained_oof,1.0,205,909,2,0.6341463414634146,130.0,0.5588092518560822,0.7044555103400679,1.6243902439024391,1.5467980295566504,1.6975822686798294,0.14301430143014301,0.8888888888888888,130.0,808.0
source_representative,plus__gnina,trained_oof,1.0,205,909,3,0.7219512195121951,148.0,0.6536585365853659,0.7881844448654793,1.9902439024390244,1.8578425564538612,2.123095238095238,0.1628162816281628,0.9196919691969196,148.0,836.0
source_representative,plus__gnina,trained_oof,1.0,205,909,4,0.7804878048780488,160.0,0.717166952544311,0.8396272211027661,2.268292682926829,2.0803570253011783,2.4545454545454546,0.17601760176017603,0.9416941694169417,160.0,856.0
source_representative,plus__gnina,trained_oof,1.0,205,909,5,0.8341463414634146,171.0,0.775780378431587,0.8866995073891626,2.4878048780487805,2.244303255282696,2.7273051948051945,0.18811881188118812,0.9559955995599559,171.0,869.0
source_representative,plus__gnina,trained_oof,1.0,205,909,6,0.8878048780487805,182.0,0.835,0.9333333333333333,2.653658536585366,2.370164967811159,2.937831224346052,0.2002200220022002,0.9702970297029703,182.0,882.0
source_representative,plus__gnina,trained_oof,1.0,205,909,7,0.9073170731707317,186.0,0.8613761488256448,0.9452804049061623,2.765853658536585,2.4499744897959177,3.0825861650485433,0.20462046204620463,0.976897689768977,186.0,888.0
source_representative,plus__gnina,trained_oof,1.0,205,909,8,0.9365853658536586,192.0,0.9009322491317,0.9658578025100639,2.8585365853658535,2.5175123188759327,3.211269420647597,0.21122112211221122,0.9856985698569857,192.0,896.0
source_representative,plus__gnina,trained_oof,1.0,205,909,9,0.9658536585365853,198.0,0.9393903993203059,0.9861111111111112,2.921951219512195,2.5627437185929653,3.294445000125029,0.21782178217821782,0.9922992299229924,198.0,902.0
source_representative,plus__gnina,trained_oof,1.0,205,909,10,1.0,205.0,1.0,1.0,2.9560975609756097,2.5840321333447904,3.3500371287128714,0.22552255225522552,1.0,205.0,909.0
source_representative,calibrated__nesso_affinity,trained_oof,0.125,205,909,1,0.3073170731707317,63.0,0.23588942307692307,0.377889138272725,1.0,1.0,1.0,0.06930693069306931,0.7733773377337734,63.0,703.0
source_representative,calibrated__nesso_affinity,trained_oof,0.125,205,909,2,0.44878048780487806,92.0,0.3712871287128713,0.5277842679127726,1.6926829268292682,1.622110861727275,1.764110576923077,0.10121012101210121,0.8327832783278328,92.0,757.0
source_representative,calibrated__nesso_affinity,trained_oof,0.125,205,909,3,0.6048780487804878,124.0,0.5297029702970297,0.6747602706968291,2.2439024390243905,2.1029377405167677,2.383931956668923,0.13641364136413642,0.8855885588558856,124.0,805.0
source_representative,calibrated__nesso_affinity,trained_oof,0.125,205,909,4,0.697560975609756,143.0,0.6274465240641711,0.7623776051638314,2.6390243902439026,2.4407541879780394,2.8349526699029126,0.1573157315731573,0.922992299229923,143.0,839.0
source_representative,calibrated__nesso_affinity,trained_oof,0.125,205,909,5,0.7804878048780488,160.0,0.7142857142857143,0.8413461538461539,2.9414634146341463,2.6962360925678683,3.1931036853685364,0.17601760176017603,0.9460946094609461,160.0,860.0
source_representative,calibrated__nesso_affinity,trained_oof,0.125,205,909,6,0.8439024390243902,173.0,0.7777777777777778,0.8994980885287682,3.1609756097560977,2.8672827804107426,3.4657027714932127,0.19031903190319033,0.9614961496149615,173.0,874.0
source_representative,calibrated__nesso_affinity,trained_oof,0.125,205,909,7,0.8780487804878049,180.0,0.8287003968253969,0.921742527173913,3.317073170731707,2.985566212871287,3.6735444177671064,0.19801980198019803,0.9724972497249725,180.0,884.0
source_representative,calibrated__nesso_affinity,trained_oof,0.125,205,909,8,0.9219512195121952,189.0,0.8808266387792937,0.9579105020616056,3.4390243902439024,3.0851967488789236,3.835001288659794,0.2079207920792079,0.9823982398239824,189.0,893.0
source_representative,calibrated__nesso_affinity,trained_oof,0.125,205,909,9,0.9414634146341463,193.0,0.9052079383886256,0.9715639810426541,3.5170731707317073,3.136542824730573,3.938109838274933,0.21232123212321233,0.9867986798679867,193.0,897.0
source_representative,calibrated__nesso_affinity,trained_oof,0.125,205,909,10,1.0,205.0,1.0,1.0,3.575609756097561,3.170352681431317,4.019047619047619,0.22552255225522552,1.0,205.0,909.0
source_representative,calibrated__nesso_affinity,trained_oof,0.25,205,909,1,0.3024390243902439,62.0,0.2333252427184466,0.37038341158059457,1.0,1.0,1.0,0.06820682068206821,0.7788778877887789,62.0,708.0
source_representative,calibrated__nesso_affinity,trained_oof,0.25,205,909,2,0.4682926829268293,96.0,0.3877502197051069,0.5485469112466707,1.697560975609756,1.6296165884194054,1.7666747572815533,0.10561056105610561,0.8503850385038504,96.0,773.0
source_representative,calibrated__nesso_affinity,trained_oof,0.25,205,909,3,0.6097560975609756,125.0,0.5302954545454546,0.6824701512942034,2.229268292682927,2.0869254658385095,2.3769780425259106,0.13751375137513752,0.8921892189218922,125.0,811.0
source_representative,calibrated__nesso_affinity,trained_oof,0.25,205,909,4,0.7268292682926829,149.0,0.6555023923444976,0.7910447761194029,2.6195121951219513,2.4103120992855835,2.830137929424944,0.1639163916391639,0.9284928492849285,149.0,844.0
source_representative,calibrated__nesso_affinity,trained_oof,0.25,205,909,5,0.7951219512195122,163.0,0.7277115211521152,0.8539895272824298,2.892682926829268,2.637648221343874,3.1620530967570444,0.1793179317931793,0.9493949394939494,163.0,863.0
source_representative,calibrated__nesso_affinity,trained_oof,0.25,205,909,6,0.8585365853658536,176.0,0.7980769230769231,0.9113300492610837,3.097560975609756,2.800862831858407,3.4210790796085693,0.1936193619361936,0.9636963696369637,176.0,876.0
source_representative,calibrated__nesso_affinity,trained_oof,0.25,205,909,7,0.8780487804878049,180.0,0.8238095238095238,0.9268356199186992,3.2390243902439027,2.9082427664079042,3.6030927835051543,0.19801980198019803,0.9702970297029703,180.0,882.0
source_representative,calibrated__nesso_affinity,trained_oof,0.25,205,909,8,0.9219512195121952,189.0,0.8774358881483628,0.9589795918367346,3.3609756097560974,2.9950955882352943,3.76300635218161,0.2079207920792079,0.9812981298129813,189.0,892.0
source_representative,calibrated__nesso_affinity,trained_oof,0.25,205,909,9,0.9609756097560975,197.0,0.924620745235612,0.9899510050251256,3.4390243902439024,3.0490136298421806,3.875084459459459,0.21672167216721672,0.9911991199119912,197.0,901.0
source_representative,calibrated__nesso_affinity,trained_oof,0.25,205,909,10,1.0,205.0,1.0,1.0,3.478048780487805,3.0776512322628826,3.937260578253586,0.22552255225522552,1.0,205.0,909.0
source_representative,calibrated__nesso_affinity,trained_oof,0.5,205,909,1,0.35121951219512193,72.0,0.2761904761904762,0.4292597649784839,1.0,1.0,1.0,0.07920792079207921,0.7865786578657866,72.0,715.0
source_representative,calibrated__nesso_affinity,trained_oof,0.5,205,909,2,0.5365853658536586,110.0,0.4595751327710091,0.6118863472504423,1.648780487804878,1.570740235021516,1.723809523809524,0.12101210121012101,0.856985698569857,110.0,779.0
source_representative,calibrated__nesso_affinity,trained_oof,0.5,205,909,3,0.624390243902439,128.0,0.5480684673366835,0.7009898190045248,2.1121951219512196,1.9672897196261683,2.2574294929492953,0.1408140814081408,0.8965896589658966,128.0,815.0
source_representative,calibrated__nesso_affinity,trained_oof,0.5,205,909,4,0.7170731707317073,147.0,0.642512077294686,0.7857231698649608,2.4878048780487805,2.278826219512195,2.6985058789091085,0.1617161716171617,0.9240924092409241,147.0,840.0
source_representative,calibrated__nesso_affinity,trained_oof,0.5,205,909,5,0.8097560975609757,166.0,0.7474498506188647,0.867356386999244,2.770731707317073,2.5045454545454544,3.043483537357535,0.18261826182618263,0.9526952695269527,166.0,866.0
source_representative,calibrated__nesso_affinity,trained_oof,0.5,205,909,6,0.8780487804878049,180.0,0.8247334674377671,0.924172411316961,2.9609756097560975,2.6479506802721087,3.279477752639517,0.19801980198019803,0.9702970297029703,180.0,882.0
source_representative,calibrated__nesso_affinity,trained_oof,0.5,205,909,7,0.9073170731707317,186.0,0.8586361895032563,0.9505011461737306,3.0829268292682928,2.739572010869566,3.438166331405582,0.20462046204620463,0.976897689768977,186.0,888.0
source_representative,calibrated__nesso_affinity,trained_oof,0.5,205,909,8,0.926829268292683,190.0,0.8828765385103413,0.9651784394857397,3.175609756097561,2.8083145709430752,3.555569727891156,0.20902090209020902,0.9823982398239824,190.0,893.0
source_representative,calibrated__nesso_affinity,trained_oof,0.5,205,909,9,0.9609756097560975,197.0,0.9230769230769231,0.9901477832512315,3.2487804878048783,2.8495078548080204,3.6667056074766347,0.21672167216721672,0.9911991199119912,197.0,901.0
source_representative,calibrated__nesso_affinity,trained_oof,0.5,205,909,10,1.0,205.0,1.0,1.0,3.2878048780487803,2.8699836683417086,3.7204163582531455,0.22552255225522552,1.0,205.0,909.0
source_representative,calibrated__nesso_affinity,trained_oof,1.0,205,909,1,0.35609756097560974,73.0,0.2727160216021602,0.44119357045143626,1.0,1.0,1.0,0.08030803080308031,0.7876787678767877,73.0,716.0
source_representative,calibrated__nesso_affinity,trained_oof,1.0,205,909,2,0.5317073170731708,109.0,0.450973487986744,0.6103348456121344,1.6439024390243901,1.5588064295485635,1.7272839783978398,0.11991199119911991,0.8602860286028603,109.0,782.0
source_representative,calibrated__nesso_affinity,trained_oof,1.0,205,909,3,0.6390243902439025,131.0,0.5627834302325582,0.7136525974025973,2.1121951219512196,1.9573012111637702,2.2700102040816326,0.14411441144114412,0.900990099009901,131.0,819.0
source_representative,calibrated__nesso_affinity,trained_oof,1.0,205,909,4,0.7121951219512195,146.0,0.6425031969309463,0.7794117647058824,2.473170731707317,2.254600294418843,2.6912337422406147,0.16061606160616063,0.9273927392739274,146.0,843.0
source_representative,calibrated__nesso_affinity,trained_oof,1.0,205,909,5,0.7951219512195122,163.0,0.7289719626168224,0.8550018115942029,2.7609756097560973,2.481461611826419,3.042654028436019,0.1793179317931793,0.9482948294829483,163.0,862.0
source_representative,calibrated__nesso_affinity,trained_oof,1.0,205,909,6,0.8536585365853658,175.0,0.7979274611398963,0.9050053317535545,2.9658536585365853,2.637594709936556,3.2964960943330515,0.1925192519251925,0.9636963696369637,175.0,876.0
source_representative,calibrated__nesso_affinity,trained_oof,1.0,205,909,7,0.8926829268292683,183.0,0.8434217832778043,0.9375074760765549,3.1121951219512196,2.7453635620915033,3.4761967090501122,0.20132013201320131,0.9735973597359736,183.0,885.0
source_representative,calibrated__nesso_affinity,trained_oof,1.0,205,909,8,0.9365853658536586,192.0,0.8933993231810491,0.9735449735449735,3.2195121951219514,2.825409068339803,3.61838768115942,0.21122112211221122,0.9845984598459846,192.0,895.0
source_representative,calibrated__nesso_affinity,trained_oof,1.0,205,909,9,0.9707317073170731,199.0,0.9433962264150944,0.9948717948717949,3.2829268292682925,2.8707179390482476,3.7150101031215157,0.21892189218921893,0.9933993399339934,199.0,903.0
source_representative,calibrated__nesso_affinity,trained_oof,1.0,205,909,10,1.0,205.0,1.0,1.0,3.3121951219512193,2.8899126516078777,3.7559038698208678,0.22552255225522552,1.0,205.0,909.0
source_representative,availability__nesso_affinity,trained_oof,0.125,205,909,1,0.21951219512195122,45.0,0.16585304571638682,0.28,1.0,1.0,1.0,0.04950495049504951,0.735973597359736,45.0,669.0
source_representative,availability__nesso_affinity,trained_oof,0.125,205,909,2,0.45365853658536587,93.0,0.373134328358209,0.5320276695341029,1.7804878048780488,1.72,1.8341469542836133,0.10231023102310231,0.8360836083608361,93.0,760.0
source_representative,availability__nesso_affinity,trained_oof,0.125,205,909,3,0.5658536585365853,116.0,0.487549300131467,0.6403998614532019,2.3268292682926828,2.204855600048538,2.4477611940298507,0.1276127612761276,0.8734873487348734,116.0,794.0
source_representative,availability__nesso_affinity,trained_oof,0.125,205,909,4,0.6585365853658537,135.0,0.5791885070860027,0.7313677823006179,2.7609756097560973,2.572863101917354,2.949507575757576,0.1485148514851485,0.9064906490649065,135.0,824.0
source_representative,availability__nesso_affinity,trained_oof,0.125,205,909,5,0.7317073170731707,150.0,0.660377358490566,0.7979810419465592,3.102439024390244,2.8495031141234657,3.361420112599495,0.16501650165016502,0.9284928492849285,150.0,844.0
source_representative,availability__nesso_affinity,trained_oof,0.125,205,909,6,0.8048780487804879,165.0,0.7401843271555197,0.8606965174129353,3.370731707317073,3.06912045129509,3.68812689686054,0.18151815181518152,0.9482948294829483,165.0,862.0
source_representative,availability__nesso_affinity,trained_oof,0.125,205,909,7,0.8731707317073171,179.0,0.8168895012587604,0.9203980099502488,3.5658536585365854,3.220083955641014,3.9317636907501146,0.19691969196919692,0.9658965896589659,179.0,878.0
source_representative,availability__nesso_affinity,trained_oof,0.125,205,909,8,0.926829268292683,190.0,0.88722992751603,0.9622641509433962,3.6926829268292685,3.31059491302589,4.0974875621890545,0.20902090209020902,0.9823982398239824,190.0,893.0
source_representative,availability__nesso_affinity,trained_oof,0.125,205,909,9,0.975609756097561,200.0,0.9521415528280517,0.9951456310679612,3.765853658536585,3.3710094975490192,4.195348837209302,0.22002200220022003,0.9944994499449945,200.0,904.0
source_representative,availability__nesso_affinity,trained_oof,0.125,205,909,10,1.0,205.0,1.0,1.0,3.790243902439024,3.3921301688992425,4.2242965607498215,0.22552255225522552,1.0,205.0,909.0
source_representative,availability__nesso_affinity,trained_oof,0.25,205,909,1,0.23414634146341465,48.0,0.1755214972056084,0.2970458208611558,1.0,1.0,1.0,0.052805280528052806,0.7546754675467546,48.0,686.0
source_representative,availability__nesso_affinity,trained_oof,0.25,205,909,2,0.44878048780487806,92.0,0.37372229760289466,0.5238210818307906,1.7658536585365854,1.702954179138844,1.8244785027943915,0.10121012101210121,0.8415841584158416,92.0,765.0
source_representative,availability__nesso_affinity,trained_oof,0.25,205,909,3,0.5658536585365853,116.0,0.4852941176470588,0.6391814532117366,2.317073170731707,2.192104990562129,2.436048131653528,0.1276127612761276,0.8833883388338833,116.0,803.0
source_representative,availability__nesso_affinity,trained_oof,0.25,205,909,4,0.6634146341463415,136.0,0.5885023202135077,0.7285732232591529,2.7512195121951217,2.567773650863011,2.9366243399547396,0.1496149614961496,0.9086908690869087,136.0,826.0
source_representative,availability__nesso_affinity,trained_oof,0.25,205,909,5,0.751219512195122,154.0,0.6849866504854369,0.8101851851851852,3.0878048780487806,2.845434686672551,3.3333333333333335,0.1694169416941694,0.933993399339934,154.0,849.0
source_representative,availability__nesso_affinity,trained_oof,0.25,205,909,6,0.8048780487804879,165.0,0.7424203373945643,0.8592233009708737,3.3365853658536584,3.0492610837438425,3.627551020408163,0.18151815181518152,0.9526952695269527,165.0,866.0
source_representative,availability__nesso_affinity,trained_oof,0.25,205,909,7,0.8780487804878049,180.0,0.8243823396567299,0.9241706161137441,3.5317073170731708,3.211803475505607,3.867370582379293,0.19801980198019803,0.9713971397139713,180.0,883.0
source_representative,availability__nesso_affinity,trained_oof,0.25,205,909,8,0.926829268292683,190.0,0.8820690394511149,0.9637364047985809,3.653658536585366,3.304547772664737,4.029434046345811,0.20902090209020902,0.9823982398239824,190.0,893.0
source_representative,availability__nesso_affinity,trained_oof,0.25,205,909,9,0.9609756097560975,197.0,0.9329896907216495,0.9855072463768116,3.726829268292683,3.361485407289095,4.13340909090909,0.21672167216721672,0.9911991199119912,197.0,901.0
source_representative,availability__nesso_affinity,trained_oof,0.25,205,909,10,1.0,205.0,1.0,1.0,3.765853658536585,3.3848591549295772,4.181828802039083,0.22552255225522552,1.0,205.0,909.0
source_representative,availability__nesso_affinity,trained_oof,0.5,205,909,1,0.35121951219512193,72.0,0.2810737584875516,0.42132601771673134,1.0,1.0,1.0,0.07920792079207921,0.7876787678767877,72.0,716.0
source_representative,availability__nesso_affinity,trained_oof,0.5,205,909,2,0.5414634146341464,111.0,0.4660091436790466,0.6153846153846154,1.648780487804878,1.5786739822832685,1.7189262415124484,0.12211221122112212,0.8602860286028603,111.0,782.0
source_representative,availability__nesso_affinity,trained_oof,0.5,205,909,3,0.6487804878048781,133.0,0.5744653573376978,0.7171850079744816,2.107317073170732,1.9800970149253732,2.2355779967159277,0.14631463146314633,0.8932893289328933,133.0,812.0
source_representative,availability__nesso_affinity,trained_oof,0.5,205,909,4,0.7073170731707317,145.0,0.6345915841584158,0.772093023255814,2.4585365853658536,2.274872223771025,2.6479797162767547,0.15951595159515952,0.9174917491749175,145.0,834.0
source_representative,availability__nesso_affinity,trained_oof,0.5,205,909,5,0.7804878048780488,160.0,0.7142857142857143,0.8390350190199148,2.7512195121951217,2.518092145272325,3.0048798599372133,0.17601760176017603,0.9438943894389439,160.0,858.0
source_representative,availability__nesso_affinity,trained_oof,0.5,205,909,6,0.8585365853658536,176.0,0.8010204081632653,0.9068627450980392,2.970731707317073,2.6910549992375334,3.278309513751995,0.1936193619361936,0.9647964796479648,176.0,877.0
source_representative,availability__nesso_affinity,trained_oof,0.5,205,909,7,0.9073170731707317,186.0,0.8578029790115098,0.9486076673660119,3.1121951219512196,2.7981209371614306,3.4583582535885165,0.20462046204620463,0.976897689768977,186.0,888.0
source_representative,availability__nesso_affinity,trained_oof,0.5,205,909,8,0.9414634146341463,193.0,0.8979461015175301,0.9760794030530873,3.204878048780488,2.863849765258216,3.582053618895724,0.21232123212321233,0.9867986798679867,193.0,897.0
source_representative,availability__nesso_affinity,trained_oof,0.5,205,909,9,0.9902439024390244,203.0,0.9744865253793825,1.0,3.2634146341463413,2.9065200141068592,3.6698124492191027,0.22332233223322331,0.9977997799779978,203.0,907.0
source_representative,availability__nesso_affinity,trained_oof,0.5,205,909,10,1.0,205.0,1.0,1.0,3.273170731707317,2.915482992293383,3.6836806892568346,0.22552255225522552,1.0,205.0,909.0
source_representative,availability__nesso_affinity,trained_oof,1.0,205,909,1,0.4097560975609756,84.0,0.3333333333333333,0.48342747083901394,1.0,1.0,1.0,0.0924092409240924,0.8140814081408141,84.0,740.0
source_representative,availability__nesso_affinity,trained_oof,1.0,205,909,2,0.6048780487804878,124.0,0.529092911160974,0.6774231233041905,1.5902439024390245,1.5165725291609862,1.6666666666666667,0.13641364136413642,0.8778877887788779,124.0,798.0
source_representative,availability__nesso_affinity,trained_oof,1.0,205,909,3,0.7317073170731707,150.0,0.6633165829145728,0.7971014492753623,1.9853658536585366,1.8506746513038206,2.1256453319227715,0.16501650165016502,0.9196919691969196,150.0,836.0
source_representative,availability__nesso_affinity,trained_oof,1.0,205,909,4,0.7902439024390244,162.0,0.7295918367346939,0.8461538461538461,2.2536585365853656,2.065410046728972,2.45050210331914,0.1782178217821782,0.9405940594059405,162.0,855.0
source_representative,availability__nesso_affinity,trained_oof,1.0,205,909,5,0.8341463414634146,171.0,0.7788802386315816,0.8844487179487179,2.4634146341463414,2.2282958090329585,2.7035624984827518,0.18811881188118812,0.9581958195819582,171.0,871.0
source_representative,availability__nesso_affinity,trained_oof,1.0,205,909,6,0.8780487804878049,180.0,0.8284313725490197,0.9211919250458803,2.629268292682927,2.3546720311827443,2.9068060509802893,0.19801980198019803,0.9680968096809681,180.0,880.0
source_representative,availability__nesso_affinity,trained_oof,1.0,205,909,7,0.926829268292683,190.0,0.8899988038277512,0.9601990049751243,2.7512195121951217,2.4416904305803464,3.0707070707070705,0.20902090209020902,0.9801980198019802,190.0,891.0
source_representative,availability__nesso_affinity,trained_oof,1.0,205,909,8,0.9560975609756097,196.0,0.925,0.9811320754716981,2.824390243902439,2.4975344196033853,3.161567603643215,0.2156215621562156,0.988998899889989,196.0,899.0
source_representative,availability__nesso_affinity,trained_oof,1.0,205,909,9,0.9853658536585366,202.0,0.966183574879227,1.0,2.868292682926829,2.5277606732348112,3.220474910394265,0.2222222222222222,0.9966996699669967,202.0,906.0
source_representative,availability__nesso_affinity,trained_oof,1.0,205,909,10,1.0,205.0,1.0,1.0,2.8829268292682926,2.5349504716981124,3.2427754854368924,0.22552255225522552,1.0,205.0,909.0
source_representative,plus__nesso_affinity,trained_oof,0.125,205,909,1,0.3073170731707317,63.0,0.23403726050598073,0.37438482011533164,1.0,1.0,1.0,0.06930693069306931,0.7744774477447744,63.0,704.0
source_representative,plus__nesso_affinity,trained_oof,0.125,205,909,2,0.4926829268292683,101.0,0.4117647058823529,0.5666791044776118,1.6926829268292682,1.6256151798846683,1.7659627394940192,0.1111111111111111,0.8448844884488449,101.0,768.0
source_representative,plus__nesso_affinity,trained_oof,0.125,205,909,3,0.6195121951219512,127.0,0.5445997768790963,0.6875294811320753,2.2,2.070727142588942,2.3436124401913876,0.1397139713971397,0.8855885588558856,127.0,805.0
source_representative,plus__nesso_affinity,trained_oof,0.125,205,909,4,0.7121951219512195,146.0,0.6439771421274422,0.7746478873239436,2.580487804878049,2.3979848448969925,2.782613614007476,0.16061606160616063,0.9207920792079208,146.0,837.0
source_representative,plus__nesso_affinity,trained_oof,0.125,205,909,5,0.7902439024390244,162.0,0.7268286396781494,0.8461538461538461,2.868292682926829,2.630536618962015,3.1304461643523784,0.1782178217821782,0.9493949394939494,162.0,863.0
source_representative,plus__nesso_affinity,trained_oof,0.125,205,909,6,0.8390243902439024,172.0,0.7843137254901961,0.8889016897081412,3.078048780487805,2.8,3.3899431591543676,0.18921892189218922,0.9614961496149615,172.0,874.0
source_representative,plus__nesso_affinity,trained_oof,0.125,205,909,7,0.8878048780487805,182.0,0.8398058252427184,0.93,3.2390243902439027,2.921147992378474,3.5982022006353294,0.2002200220022002,0.9724972497249725,182.0,884.0
source_representative,plus__nesso_affinity,trained_oof,0.125,205,909,8,0.9121951219512195,187.0,0.8704663212435233,0.9487244897959183,3.351219512195122,3.0141476371010407,3.737190468971093,0.20572057205720573,0.9790979097909791,187.0,890.0
source_representative,plus__nesso_affinity,trained_oof,0.125,205,909,9,0.9609756097560975,197.0,0.9279268451143451,0.9856459330143541,3.4390243902439024,3.081339712918661,3.8601216548261306,0.21672167216721672,0.9911991199119912,197.0,901.0
source_representative,plus__nesso_affinity,trained_oof,0.125,205,909,10,1.0,205.0,1.0,1.0,3.478048780487805,3.1085946170921197,3.905184278350515,0.22552255225522552,1.0,205.0,909.0
source_representative,plus__nesso_affinity,trained_oof,0.25,205,909,1,0.35609756097560974,73.0,0.28365205223880596,0.4292025991737194,1.0,1.0,1.0,0.08030803080308031,0.7920792079207921,73.0,720.0
source_representative,plus__nesso_affinity,trained_oof,0.25,205,909,2,0.5756097560975609,118.0,0.4975603748648324,0.6473373724489795,1.6439024390243901,1.5707974008262806,1.7163479477611938,0.12981298129812982,0.8723872387238724,118.0,793.0
source_representative,plus__nesso_affinity,trained_oof,0.25,205,909,3,0.6878048780487804,141.0,0.6105769230769231,0.7536945812807881,2.0682926829268293,1.9336334157237125,2.2097621951219515,0.1551155115511551,0.9086908690869087,141.0,826.0
source_representative,plus__nesso_affinity,trained_oof,0.25,205,909,4,0.7365853658536585,151.0,0.6681853582554518,0.798995590698591,2.3804878048780487,2.1880956445398234,2.594903846153846,0.16611661166116612,0.9306930693069307,151.0,846.0
source_representative,plus__nesso_affinity,trained_oof,0.25,205,909,5,0.8146341463414634,167.0,0.7535287711235579,0.8712871287128713,2.6439024390243904,2.401955432828153,2.919522420707254,0.18371837183718373,0.9526952695269527,167.0,866.0
source_representative,plus__nesso_affinity,trained_oof,0.25,205,909,6,0.8682926829268293,178.0,0.8124926643192488,0.9174856948548379,2.8292682926829267,2.5449811946902656,3.158727904040404,0.19581958195819582,0.9658965896589659,178.0,878.0
source_representative,plus__nesso_affinity,trained_oof,0.25,205,909,7,0.8878048780487805,182.0,0.8364485981308412,0.9346733668341709,2.9609756097560975,2.6425333901676606,3.3247895404859347,0.2002200220022002,0.9724972497249725,182.0,884.0
source_representative,plus__nesso_affinity,trained_oof,0.25,205,909,8,0.9121951219512195,187.0,0.8620648604269293,0.9559508971741699,3.073170731707317,2.7211513157894736,3.46852146263911,0.20572057205720573,0.9790979097909791,187.0,890.0
source_representative,plus__nesso_affinity,trained_oof,0.25,205,909,9,0.9609756097560975,197.0,0.9248826291079812,0.9900990099009901,3.1609756097560977,2.7741826010801343,3.5880371243974967,0.21672167216721672,0.9911991199119912,197.0,901.0
source_representative,plus__nesso_affinity,trained_oof,0.25,205,909,10,1.0,205.0,1.0,1.0,3.2,2.801019773581074,3.643303152246813,0.22552255225522552,1.0,205.0,909.0
source_representative,plus__nesso_affinity,trained_oof,0.5,205,909,1,0.47317073170731705,97.0,0.39303038379530914,0.5496039142590864,1.0,1.0,1.0,0.10671067106710672,0.823982398239824,97.0,749.0
source_representative,plus__nesso_affinity,trained_oof,0.5,205,909,2,0.6439024390243903,132.0,0.5691959798994974,0.71860843627002,1.526829268292683,1.4503960857409133,1.606969616204691,0.14521452145214522,0.8844884488448845,132.0,804.0
source_representative,plus__nesso_affinity,trained_oof,0.5,205,909,3,0.7365853658536585,151.0,0.6682242990654206,0.8000242718446601,1.8829268292682926,1.7438177339901477,2.033026729559748,0.16611661166116612,0.9207920792079208,151.0,837.0
source_representative,plus__nesso_affinity,trained_oof,0.5,205,909,4,0.7707317073170732,158.0,0.7047536945812808,0.8309357438627625,2.1463414634146343,1.9490500524109013,2.352948492829968,0.17381738173817382,0.9372937293729373,158.0,852.0
source_representative,plus__nesso_affinity,trained_oof,0.5,205,909,5,0.8536585365853658,175.0,0.7979050171856563,0.9032413151364763,2.375609756097561,2.126701597142665,2.643241447622729,0.1925192519251925,0.9603960396039604,175.0,873.0
source_representative,plus__nesso_affinity,trained_oof,0.5,205,909,6,0.8926829268292683,183.0,0.8415841584158416,0.9354878633024593,2.521951219512195,2.2399808612440193,2.835,0.20132013201320131,0.9724972497249725,183.0,884.0
source_representative,plus__nesso_affinity,trained_oof,0.5,205,909,7,0.8975609756097561,184.0,0.8472818437719916,0.9393974630021142,2.629268292682927,2.3175298487057967,2.9747506471752705,0.20242024202420242,0.9757975797579758,184.0,887.0
source_representative,plus__nesso_affinity,trained_oof,0.5,205,909,8,0.9317073170731708,191.0,0.886790129194163,0.9690721649484536,2.731707317073171,2.3899790640394096,3.1147189033496905,0.21012101210121012,0.9834983498349835,191.0,894.0
source_representative,plus__nesso_affinity,trained_oof,0.5,205,909,9,0.9560975609756097,196.0,0.9166666666666666,0.985781990521327,2.8,2.4353035216218055,3.2139617940199336,0.2156215621562156,0.9900990099009901,196.0,900.0
source_representative,plus__nesso_affinity,trained_oof,0.5,205,909,10,1.0,205.0,1.0,1.0,2.84390243902439,2.4590457971676574,3.280009345794392,0.22552255225522552,1.0,205.0,909.0
source_representative,plus__nesso_affinity,trained_oof,1.0,205,909,1,0.4682926829268293,96.0,0.38613631130554915,0.5476220387652548,1.0,1.0,1.0,0.10561056105610561,0.823982398239824,96.0,749.0
source_representative,plus__nesso_affinity,trained_oof,1.0,205,909,2,0.6536585365853659,134.0,0.5743564356435643,0.7251252363529209,1.5317073170731708,1.4523779612347452,1.6138636886944508,0.1474147414741474,0.88998899889989,134.0,809.0
source_representative,plus__nesso_affinity,trained_oof,1.0,205,909,3,0.7365853658536585,151.0,0.6682926829268293,0.8,1.8780487804878048,1.736355560682972,2.025128800568499,0.16611661166116612,0.9185918591859186,151.0,835.0
source_representative,plus__nesso_affinity,trained_oof,1.0,205,909,4,0.8,164.0,0.7386934673366834,0.8571597833446173,2.1414634146341465,1.9414562410329985,2.3500177725118485,0.18041804180418042,0.944994499449945,164.0,859.0
source_representative,plus__nesso_affinity,trained_oof,1.0,205,909,5,0.8292682926829268,170.0,0.772270815164418,0.8835007902461053,2.341463414634146,2.093017262047471,2.601942955127276,0.18701870187018702,0.9559955995599559,170.0,869.0
source_representative,plus__nesso_affinity,trained_oof,1.0,205,909,6,0.8829268292682927,181.0,0.8333333333333334,0.9292452830188679,2.5121951219512195,2.222682724416606,2.8172287390029327,0.19911991199119913,0.9702970297029703,181.0,882.0
source_representative,plus__nesso_affinity,trained_oof,1.0,205,909,7,0.9170731707317074,188.0,0.8720349963812948,0.9558877331420373,2.629268292682927,2.30806227411732,2.9799999999999995,0.2068206820682068,0.9801980198019802,188.0,891.0
source_representative,plus__nesso_affinity,trained_oof,1.0,205,909,8,0.9414634146341463,193.0,0.9071652395135269,0.9735780332232011,2.7121951219512197,2.364988300492611,3.086487785862786,0.21232123212321233,0.9856985698569857,193.0,896.0
source_representative,plus__nesso_affinity,trained_oof,1.0,205,909,9,0.9804878048780488,201.0,0.9563106796116505,1.0,2.770731707317073,2.407784235504505,3.1592714996446336,0.22112211221122113,0.9955995599559956,201.0,905.0
source_representative,plus__nesso_affinity,trained_oof,1.0,205,909,10,1.0,205.0,1.0,1.0,2.790243902439024,2.4190476190476184,3.1902907605430735,0.22552255225522552,1.0,205.0,909.0
source_representative,calibrated__nesso_binary,trained_oof,0.125,205,909,1,0.24878048780487805,51.0,0.185,0.3157956802383316,1.0,1.0,1.0,0.056105610561056105,0.7535753575357536,51.0,685.0
source_representative,calibrated__nesso_binary,trained_oof,0.125,205,909,2,0.44390243902439025,91.0,0.36922897196261684,0.5242900485436892,1.751219512195122,1.6842043197616683,1.815,0.1001100110011001,0.834983498349835,91.0,759.0
source_representative,calibrated__nesso_binary,trained_oof,0.125,205,909,3,0.5560975609756098,114.0,0.48571085164835165,0.6287227490354669,2.3073170731707315,2.180884279215985,2.432712438423645,0.1254125412541254,0.878987898789879,114.0,799.0
source_representative,calibrated__nesso_binary,trained_oof,0.125,205,909,4,0.6780487804878049,139.0,0.6062099594170347,0.7488151658767772,2.7512195121951217,2.56371864735742,2.9326597582037994,0.15291529152915292,0.9163916391639164,139.0,833.0
source_representative,calibrated__nesso_binary,trained_oof,0.125,205,909,5,0.7317073170731707,150.0,0.6585335667713114,0.7981432408886306,3.073170731707317,2.8333121827411163,3.3063409563409563,0.16501650165016502,0.9317931793179318,150.0,847.0
source_representative,calibrated__nesso_binary,trained_oof,0.125,205,909,6,0.8048780487804879,165.0,0.7437185929648241,0.8599057971014493,3.341463414634146,3.046723538361226,3.6336633663366333,0.18151815181518152,0.9515951595159516,165.0,865.0
source_representative,calibrated__nesso_binary,trained_oof,0.125,205,909,7,0.8634146341463415,177.0,0.8092725224058437,0.9073170731707317,3.5365853658536586,3.200979805797917,3.8711668945928888,0.19471947194719472,0.966996699669967,177.0,879.0
source_representative,calibrated__nesso_binary,trained_oof,0.125,205,909,8,0.9121951219512195,187.0,0.867639555822329,0.9502549135510565,3.6731707317073172,3.3147030651340996,4.037608391945273,0.20572057205720573,0.9801980198019802,187.0,891.0
source_representative,calibrated__nesso_binary,trained_oof,0.125,205,909,9,0.9560975609756097,196.0,0.926310604096448,0.9807692307692307,3.7609756097560973,3.380253320873106,4.158183542647829,0.2156215621562156,0.9900990099009901,196.0,900.0
source_representative,calibrated__nesso_binary,trained_oof,0.125,205,909,10,1.0,205.0,1.0,1.0,3.8048780487804876,3.4049478155339807,4.218612171699641,0.22552255225522552,1.0,205.0,909.0
source_representative,calibrated__nesso_binary,trained_oof,0.25,205,909,1,0.28780487804878047,59.0,0.22167424203951044,0.3605769230769231,1.0,1.0,1.0,0.06490649064906491,0.7645764576457645,59.0,695.0
source_representative,calibrated__nesso_binary,trained_oof,0.25,205,909,2,0.47317073170731705,97.0,0.39335667633397,0.5512361942015647,1.7121951219512195,1.6394230769230769,1.7783257579604894,0.10671067106710672,0.8448844884488449,97.0,768.0
source_representative,calibrated__nesso_binary,trained_oof,0.25,205,909,3,0.6048780487804878,124.0,0.5293976244343892,0.6820385698997532,2.2390243902439027,2.092671678901255,2.370745592851968,0.13641364136413642,0.8921892189218922,124.0,811.0
source_representative,calibrated__nesso_binary,trained_oof,0.25,205,909,4,0.6780487804878049,139.0,0.6071428571428571,0.753426250398216,2.6341463414634148,2.4203131130389295,2.833352534562212,0.15291529152915292,0.9163916391639164,139.0,833.0
source_representative,calibrated__nesso_binary,trained_oof,0.25,205,909,5,0.7414634146341463,152.0,0.6713567440680117,0.8095238095238095,2.9560975609756097,2.678044676360225,3.211340206185567,0.16721672167216722,0.933993399339934,152.0,849.0
source_representative,calibrated__nesso_binary,trained_oof,0.25,205,909,6,0.8,164.0,0.7399948979591837,0.8565182575272261,3.2146341463414636,2.8832406834220623,3.52359001606967,0.18041804180418042,0.9504950495049505,164.0,864.0
source_representative,calibrated__nesso_binary,trained_oof,0.25,205,909,7,0.8682926829268293,178.0,0.8195876288659794,0.9154333530367962,3.4146341463414633,3.033566268844221,3.764829072990452,0.19581958195819582,0.9680968096809681,178.0,880.0
source_representative,calibrated__nesso_binary,trained_oof,0.25,205,909,8,0.9121951219512195,187.0,0.8673469387755102,0.95260663507109,3.546341463414634,3.1394063995215307,3.93755787037037,0.20572057205720573,0.9790979097909791,187.0,890.0
source_representative,calibrated__nesso_binary,trained_oof,0.25,205,909,9,0.9609756097560975,197.0,0.9227462934061647,0.9900990099009901,3.6341463414634148,3.194645343874939,4.059146438837431,0.21672167216721672,0.9911991199119912,197.0,901.0
source_representative,calibrated__nesso_binary,trained_oof,0.25,205,909,10,1.0,205.0,1.0,1.0,3.6731707317073172,3.2237980420594625,4.117398339932988,0.22552255225522552,1.0,205.0,909.0
source_representative,calibrated__nesso_binary,trained_oof,0.5,205,909,1,0.3463414634146341,71.0,0.2701386255924171,0.422890355912744,1.0,1.0,1.0,0.0781078107810781,0.7843784378437844,71.0,713.0
source_representative,calibrated__nesso_binary,trained_oof,0.5,205,909,2,0.526829268292683,108.0,0.4494894598155468,0.6020582890690522,1.6536585365853658,1.577109644087256,1.7298613744075828,0.1188118811881188,0.858085808580858,108.0,780.0
source_representative,calibrated__nesso_binary,trained_oof,0.5,205,909,3,0.6439024390243903,132.0,0.5687042476025187,0.7156875186622873,2.126829268292683,1.9854368932038835,2.267960437049204,0.14521452145214522,0.9031903190319032,132.0,821.0
source_representative,calibrated__nesso_binary,trained_oof,0.5,205,909,4,0.7317073170731707,150.0,0.6588785046728972,0.7980307408109133,2.4829268292682927,2.2706394318131453,2.687812726394591,0.16501650165016502,0.9284928492849285,150.0,844.0
source_representative,calibrated__nesso_binary,trained_oof,0.5,205,909,5,0.8097560975609757,166.0,0.7463396432471787,0.8636416986769099,2.7512195121951217,2.48729504514622,3.0051020408163267,0.18261826182618263,0.9504950495049505,166.0,864.0
source_representative,calibrated__nesso_binary,trained_oof,0.5,205,909,6,0.8439024390243902,173.0,0.7853658536585366,0.89321174937073,2.9414634146341463,2.6399756097560974,3.2488109756097563,0.19031903190319033,0.9603960396039604,173.0,873.0
source_representative,calibrated__nesso_binary,trained_oof,0.5,205,909,7,0.9024390243902439,185.0,0.8564221323879113,0.9434010643444606,3.097560975609756,2.7587635145424088,3.451956775700934,0.20352035203520352,0.9757975797579758,185.0,887.0
source_representative,calibrated__nesso_binary,trained_oof,0.5,205,909,8,0.926829268292683,190.0,0.8844180392704263,0.9646464646464646,3.1951219512195124,2.827688484229108,3.5818101415094334,0.20902090209020902,0.9823982398239824,190.0,893.0
source_representative,calibrated__nesso_binary,trained_oof,0.5,205,909,9,0.9609756097560975,197.0,0.9299044925397607,0.9856459330143541,3.268292682926829,2.878534053763965,3.6845009657906775,0.21672167216721672,0.9911991199119912,197.0,901.0
source_representative,calibrated__nesso_binary,trained_oof,0.5,205,909,10,1.0,205.0,1.0,1.0,3.3073170731707315,2.9040239350021957,3.738726130653266,0.22552255225522552,1.0,205.0,909.0
source_representative,calibrated__nesso_binary,trained_oof,1.0,205,909,1,0.375609756097561,77.0,0.3,0.4570232128725929,1.0,1.0,1.0,0.0847084708470847,0.8008800880088008,77.0,728.0
source_representative,calibrated__nesso_binary,trained_oof,1.0,205,909,2,0.5365853658536586,110.0,0.46116504854368934,0.6143580038671987,1.6243902439024391,1.5429767871274072,1.7,0.12101210121012101,0.8646864686468647,110.0,786.0
source_representative,calibrated__nesso_binary,trained_oof,1.0,205,909,3,0.6487804878048781,133.0,0.573585567431064,0.7222288676236044,2.0878048780487806,1.9398148148148149,2.231907062341845,0.14631463146314633,0.900990099009901,133.0,819.0
source_representative,calibrated__nesso_binary,trained_oof,1.0,205,909,4,0.7170731707317073,147.0,0.6482341554712338,0.7832679406886649,2.4390243902439024,2.2254323403181018,2.6439298780487803,0.1617161716171617,0.922992299229923,147.0,839.0
source_representative,calibrated__nesso_binary,trained_oof,1.0,205,909,5,0.7853658536585366,161.0,0.7185929648241206,0.8454196409258057,2.7219512195121953,2.4479425904977377,2.9852455108851106,0.1771177117711771,0.9427942794279428,161.0,857.0
source_representative,calibrated__nesso_binary,trained_oof,1.0,205,909,6,0.8439024390243902,173.0,0.7846078431372548,0.8935185185185185,2.9365853658536585,2.6130573209183168,3.261910540915395,0.19031903190319033,0.9592959295929593,173.0,872.0
source_representative,calibrated__nesso_binary,trained_oof,1.0,205,909,7,0.8926829268292683,183.0,0.8431372549019608,0.9336884401647982,3.0926829268292684,2.729468599033816,3.4572970574264357,0.20132013201320131,0.9735973597359736,183.0,885.0
source_representative,calibrated__nesso_binary,trained_oof,1.0,205,909,8,0.9219512195121952,189.0,0.8786342167410129,0.9613573021181717,3.2,2.81513848865179,3.6038042452830186,0.2079207920792079,0.9812981298129813,189.0,892.0
source_representative,calibrated__nesso_binary,trained_oof,1.0,205,909,9,0.975609756097561,200.0,0.9428571428571428,1.0,3.2780487804878047,2.8755218594614878,3.720034825870646,0.22002200220022003,0.9944994499449945,200.0,904.0
source_representative,calibrated__nesso_binary,trained_oof,1.0,205,909,10,1.0,205.0,1.0,1.0,3.3024390243902437,2.8872738725933584,3.759,0.22552255225522552,1.0,205.0,909.0
source_representative,availability__nesso_binary,trained_oof,0.125,205,909,1,0.21951219512195122,45.0,0.16585304571638682,0.28,1.0,1.0,1.0,0.04950495049504951,0.735973597359736,45.0,669.0
source_representative,availability__nesso_binary,trained_oof,0.125,205,909,2,0.45365853658536587,93.0,0.373134328358209,0.5320276695341029,1.7804878048780488,1.72,1.8341469542836133,0.10231023102310231,0.8360836083608361,93.0,760.0
source_representative,availability__nesso_binary,trained_oof,0.125,205,909,3,0.5658536585365853,116.0,0.487549300131467,0.6403998614532019,2.3268292682926828,2.204855600048538,2.4477611940298507,0.1276127612761276,0.8734873487348734,116.0,794.0
source_representative,availability__nesso_binary,trained_oof,0.125,205,909,4,0.6585365853658537,135.0,0.5791885070860027,0.7313677823006179,2.7609756097560973,2.572863101917354,2.949507575757576,0.1485148514851485,0.9064906490649065,135.0,824.0
source_representative,availability__nesso_binary,trained_oof,0.125,205,909,5,0.7317073170731707,150.0,0.660377358490566,0.7979810419465592,3.102439024390244,2.8495031141234657,3.361420112599495,0.16501650165016502,0.9284928492849285,150.0,844.0
source_representative,availability__nesso_binary,trained_oof,0.125,205,909,6,0.8048780487804879,165.0,0.7401843271555197,0.8606965174129353,3.370731707317073,3.06912045129509,3.68812689686054,0.18151815181518152,0.9482948294829483,165.0,862.0
source_representative,availability__nesso_binary,trained_oof,0.125,205,909,7,0.8731707317073171,179.0,0.8168895012587604,0.9203980099502488,3.5658536585365854,3.220083955641014,3.9317636907501146,0.19691969196919692,0.9658965896589659,179.0,878.0
source_representative,availability__nesso_binary,trained_oof,0.125,205,909,8,0.926829268292683,190.0,0.88722992751603,0.9622641509433962,3.6926829268292685,3.31059491302589,4.0974875621890545,0.20902090209020902,0.9823982398239824,190.0,893.0
source_representative,availability__nesso_binary,trained_oof,0.125,205,909,9,0.975609756097561,200.0,0.9521415528280517,0.9951456310679612,3.765853658536585,3.3710094975490192,4.195348837209302,0.22002200220022003,0.9944994499449945,200.0,904.0
source_representative,availability__nesso_binary,trained_oof,0.125,205,909,10,1.0,205.0,1.0,1.0,3.790243902439024,3.3921301688992425,4.2242965607498215,0.22552255225522552,1.0,205.0,909.0
source_representative,availability__nesso_binary,trained_oof,0.25,205,909,1,0.23414634146341465,48.0,0.1755214972056084,0.2970458208611558,1.0,1.0,1.0,0.052805280528052806,0.7546754675467546,48.0,686.0
source_representative,availability__nesso_binary,trained_oof,0.25,205,909,2,0.44878048780487806,92.0,0.37372229760289466,0.5238210818307906,1.7658536585365854,1.702954179138844,1.8244785027943915,0.10121012101210121,0.8415841584158416,92.0,765.0
source_representative,availability__nesso_binary,trained_oof,0.25,205,909,3,0.5658536585365853,116.0,0.4852941176470588,0.6391814532117366,2.317073170731707,2.192104990562129,2.436048131653528,0.1276127612761276,0.8833883388338833,116.0,803.0
source_representative,availability__nesso_binary,trained_oof,0.25,205,909,4,0.6634146341463415,136.0,0.5885023202135077,0.7285732232591529,2.7512195121951217,2.567773650863011,2.9366243399547396,0.1496149614961496,0.9086908690869087,136.0,826.0
source_representative,availability__nesso_binary,trained_oof,0.25,205,909,5,0.751219512195122,154.0,0.6849866504854369,0.8101851851851852,3.0878048780487806,2.845434686672551,3.3333333333333335,0.1694169416941694,0.933993399339934,154.0,849.0
source_representative,availability__nesso_binary,trained_oof,0.25,205,909,6,0.8048780487804879,165.0,0.7424203373945643,0.8592233009708737,3.3365853658536584,3.0492610837438425,3.627551020408163,0.18151815181518152,0.9526952695269527,165.0,866.0
source_representative,availability__nesso_binary,trained_oof,0.25,205,909,7,0.8780487804878049,180.0,0.8243823396567299,0.9241706161137441,3.5317073170731708,3.211803475505607,3.867370582379293,0.19801980198019803,0.9713971397139713,180.0,883.0
source_representative,availability__nesso_binary,trained_oof,0.25,205,909,8,0.926829268292683,190.0,0.8820690394511149,0.9637364047985809,3.653658536585366,3.304547772664737,4.029434046345811,0.20902090209020902,0.9823982398239824,190.0,893.0
source_representative,availability__nesso_binary,trained_oof,0.25,205,909,9,0.9609756097560975,197.0,0.9329896907216495,0.9855072463768116,3.726829268292683,3.361485407289095,4.13340909090909,0.21672167216721672,0.9911991199119912,197.0,901.0
source_representative,availability__nesso_binary,trained_oof,0.25,205,909,10,1.0,205.0,1.0,1.0,3.765853658536585,3.3848591549295772,4.181828802039083,0.22552255225522552,1.0,205.0,909.0
source_representative,availability__nesso_binary,trained_oof,0.5,205,909,1,0.35121951219512193,72.0,0.2810737584875516,0.42132601771673134,1.0,1.0,1.0,0.07920792079207921,0.7876787678767877,72.0,716.0
source_representative,availability__nesso_binary,trained_oof,0.5,205,909,2,0.5414634146341464,111.0,0.4660091436790466,0.6153846153846154,1.648780487804878,1.5786739822832685,1.7189262415124484,0.12211221122112212,0.8602860286028603,111.0,782.0
source_representative,availability__nesso_binary,trained_oof,0.5,205,909,3,0.6487804878048781,133.0,0.5744653573376978,0.7171850079744816,2.107317073170732,1.9800970149253732,2.2355779967159277,0.14631463146314633,0.8932893289328933,133.0,812.0
source_representative,availability__nesso_binary,trained_oof,0.5,205,909,4,0.7073170731707317,145.0,0.6345915841584158,0.772093023255814,2.4585365853658536,2.274872223771025,2.6479797162767547,0.15951595159515952,0.9174917491749175,145.0,834.0
source_representative,availability__nesso_binary,trained_oof,0.5,205,909,5,0.7804878048780488,160.0,0.7142857142857143,0.8390350190199148,2.7512195121951217,2.518092145272325,3.0048798599372133,0.17601760176017603,0.9438943894389439,160.0,858.0
source_representative,availability__nesso_binary,trained_oof,0.5,205,909,6,0.8585365853658536,176.0,0.8010204081632653,0.9068627450980392,2.970731707317073,2.6910549992375334,3.278309513751995,0.1936193619361936,0.9647964796479648,176.0,877.0
source_representative,availability__nesso_binary,trained_oof,0.5,205,909,7,0.9073170731707317,186.0,0.8578029790115098,0.9486076673660119,3.1121951219512196,2.7981209371614306,3.4583582535885165,0.20462046204620463,0.976897689768977,186.0,888.0
source_representative,availability__nesso_binary,trained_oof,0.5,205,909,8,0.9414634146341463,193.0,0.8979461015175301,0.9760794030530873,3.204878048780488,2.863849765258216,3.582053618895724,0.21232123212321233,0.9867986798679867,193.0,897.0
source_representative,availability__nesso_binary,trained_oof,0.5,205,909,9,0.9902439024390244,203.0,0.9744865253793825,1.0,3.2634146341463413,2.9065200141068592,3.6698124492191027,0.22332233223322331,0.9977997799779978,203.0,907.0
source_representative,availability__nesso_binary,trained_oof,0.5,205,909,10,1.0,205.0,1.0,1.0,3.273170731707317,2.915482992293383,3.6836806892568346,0.22552255225522552,1.0,205.0,909.0
source_representative,availability__nesso_binary,trained_oof,1.0,205,909,1,0.4097560975609756,84.0,0.3333333333333333,0.48342747083901394,1.0,1.0,1.0,0.0924092409240924,0.8140814081408141,84.0,740.0
source_representative,availability__nesso_binary,trained_oof,1.0,205,909,2,0.6048780487804878,124.0,0.529092911160974,0.6774231233041905,1.5902439024390245,1.5165725291609862,1.6666666666666667,0.13641364136413642,0.8778877887788779,124.0,798.0
source_representative,availability__nesso_binary,trained_oof,1.0,205,909,3,0.7317073170731707,150.0,0.6633165829145728,0.7971014492753623,1.9853658536585366,1.8506746513038206,2.1256453319227715,0.16501650165016502,0.9196919691969196,150.0,836.0
source_representative,availability__nesso_binary,trained_oof,1.0,205,909,4,0.7902439024390244,162.0,0.7295918367346939,0.8461538461538461,2.2536585365853656,2.065410046728972,2.45050210331914,0.1782178217821782,0.9405940594059405,162.0,855.0
source_representative,availability__nesso_binary,trained_oof,1.0,205,909,5,0.8341463414634146,171.0,0.7788802386315816,0.8844487179487179,2.4634146341463414,2.2282958090329585,2.7035624984827518,0.18811881188118812,0.9581958195819582,171.0,871.0
source_representative,availability__nesso_binary,trained_oof,1.0,205,909,6,0.8780487804878049,180.0,0.8284313725490197,0.9211919250458803,2.629268292682927,2.3546720311827443,2.9068060509802893,0.19801980198019803,0.9680968096809681,180.0,880.0
source_representative,availability__nesso_binary,trained_oof,1.0,205,909,7,0.926829268292683,190.0,0.8899988038277512,0.9601990049751243,2.7512195121951217,2.4416904305803464,3.0707070707070705,0.20902090209020902,0.9801980198019802,190.0,891.0
source_representative,availability__nesso_binary,trained_oof,1.0,205,909,8,0.9560975609756097,196.0,0.925,0.9811320754716981,2.824390243902439,2.4975344196033853,3.161567603643215,0.2156215621562156,0.988998899889989,196.0,899.0
source_representative,availability__nesso_binary,trained_oof,1.0,205,909,9,0.9853658536585366,202.0,0.966183574879227,1.0,2.868292682926829,2.5277606732348112,3.220474910394265,0.2222222222222222,0.9966996699669967,202.0,906.0
source_representative,availability__nesso_binary,trained_oof,1.0,205,909,10,1.0,205.0,1.0,1.0,2.8829268292682926,2.5349504716981124,3.2427754854368924,0.22552255225522552,1.0,205.0,909.0
source_representative,plus__nesso_binary,trained_oof,0.125,205,909,1,0.28292682926829266,58.0,0.21962331889674036,0.35071276146993874,1.0,1.0,1.0,0.0638063806380638,0.7612761276127613,58.0,692.0
source_representative,plus__nesso_binary,trained_oof,0.125,205,909,2,0.4634146341463415,95.0,0.3902439024390244,0.5396115139682982,1.7170731707317073,1.6492872385300612,1.7803766811032598,0.10451045104510451,0.8360836083608361,95.0,760.0
source_representative,plus__nesso_binary,trained_oof,0.125,205,909,3,0.6048780487804878,124.0,0.5297029702970297,0.6775739690835806,2.2536585365853656,2.1205879396984924,2.382075471698113,0.13641364136413642,0.8921892189218922,124.0,811.0
source_representative,plus__nesso_binary,trained_oof,0.125,205,909,4,0.6926829268292682,142.0,0.6177745098039216,0.7588056020844964,2.648780487804878,2.4637123745819403,2.8349068052756916,0.1562156215621562,0.9174917491749175,142.0,834.0
source_representative,plus__nesso_binary,trained_oof,0.125,205,909,5,0.7463414634146341,153.0,0.675123730964467,0.8095296167247387,2.9560975609756097,2.7122300590181525,3.1950269607843134,0.16831683168316833,0.933993399339934,153.0,849.0
source_representative,plus__nesso_binary,trained_oof,0.125,205,909,6,0.824390243902439,169.0,0.765298469387755,0.8781725888324873,3.209756097560976,2.9182482798165137,3.512693609267213,0.1859185918591859,0.9559955995599559,169.0,869.0
source_representative,plus__nesso_binary,trained_oof,0.125,205,909,7,0.8829268292682927,181.0,0.8316147835945973,0.9282051282051282,3.3853658536585365,3.05685868767105,3.726369332582371,0.19911991199119913,0.9713971397139713,181.0,883.0
source_representative,plus__nesso_binary,trained_oof,0.125,205,909,8,0.9219512195121952,189.0,0.8826380167451596,0.9567359449760766,3.502439024390244,3.1499759615384617,3.883503726586251,0.2079207920792079,0.9823982398239824,189.0,893.0
source_representative,plus__nesso_binary,trained_oof,0.125,205,909,9,0.9609756097560975,197.0,0.9313640973630832,0.9853658536585366,3.580487804878049,3.206155927835051,3.9904481311975584,0.21672167216721672,0.9911991199119912,197.0,901.0
source_representative,plus__nesso_binary,trained_oof,0.125,205,909,10,1.0,205.0,1.0,1.0,3.6195121951219513,3.237820253505933,4.041257587436169,0.22552255225522552,1.0,205.0,909.0
source_representative,plus__nesso_binary,trained_oof,0.25,205,909,1,0.33170731707317075,68.0,0.25772805373320834,0.4062653186274509,1.0,1.0,1.0,0.0748074807480748,0.7876787678767877,68.0,716.0
source_representative,plus__nesso_binary,trained_oof,0.25,205,909,2,0.5121951219512195,105.0,0.4375,0.5915541413619331,1.6682926829268292,1.593734681372549,1.7422719462667917,0.11551155115511551,0.8536853685368537,105.0,776.0
source_representative,plus__nesso_binary,trained_oof,0.25,205,909,3,0.6292682926829268,129.0,0.5555555555555556,0.7024421513445903,2.15609756097561,2.0097502903600466,2.2906559376345115,0.1419141914191419,0.8976897689768977,129.0,816.0
source_representative,plus__nesso_binary,trained_oof,0.25,205,909,4,0.7170731707317073,147.0,0.6458165322580646,0.7839225470073371,2.526829268292683,2.3209302325581396,2.725590898926655,0.1617161716171617,0.922992299229923,147.0,839.0
source_representative,plus__nesso_binary,trained_oof,0.25,205,909,5,0.7658536585365854,157.0,0.6940592675426335,0.8293967117799383,2.8097560975609754,2.5472076819693004,3.068309503784693,0.17271727172717272,0.9372937293729373,157.0,852.0
source_representative,plus__nesso_binary,trained_oof,0.25,205,909,6,0.8146341463414634,167.0,0.7512425908733843,0.8682926829268293,3.0439024390243903,2.732979424953838,3.3614310871385644,0.18371837183718373,0.9504950495049505,167.0,864.0
source_representative,plus__nesso_binary,trained_oof,0.25,205,909,7,0.8585365853658536,176.0,0.8018644982634,0.9076923076923077,3.229268292682927,2.8789166920632154,3.592502987707716,0.1936193619361936,0.9647964796479648,176.0,877.0
source_representative,plus__nesso_binary,trained_oof,0.25,205,909,8,0.8926829268292683,183.0,0.84,0.9378476260970708,3.370731707317073,2.9867020718869277,3.7788029510811763,0.20132013201320131,0.9757975797579758,183.0,887.0
source_representative,plus__nesso_binary,trained_oof,0.25,205,909,9,0.9512195121951219,195.0,0.9090909090909091,0.985076474065317,3.478048780487805,3.0666431924882627,3.920801833877969,0.2145214521452145,0.988998899889989,195.0,899.0
source_representative,plus__nesso_binary,trained_oof,0.25,205,909,10,1.0,205.0,1.0,1.0,3.526829268292683,3.0953747162206966,3.9953125,0.22552255225522552,1.0,205.0,909.0
source_representative,plus__nesso_binary,trained_oof,0.5,205,909,1,0.40487804878048783,83.0,0.3316062176165803,0.47685185185185186,1.0,1.0,1.0,0.09130913091309131,0.8041804180418042,83.0,731.0
source_representative,plus__nesso_binary,trained_oof,0.5,205,909,2,0.5804878048780487,119.0,0.5,0.6507233456712105,1.5951219512195123,1.5231481481481481,1.6683937823834196,0.13091309130913092,0.8723872387238724,119.0,793.0
source_representative,plus__nesso_binary,trained_oof,0.5,205,909,3,0.6878048780487804,141.0,0.6146148273363922,0.7536528010033443,2.0146341463414634,1.8784808315849704,2.1561013719512196,0.1551155115511551,0.9075907590759076,141.0,825.0
source_representative,plus__nesso_binary,trained_oof,0.5,205,909,4,0.7804878048780488,160.0,0.7156398104265402,0.84,2.3268292682926828,2.1338978926878807,2.5346621287128714,0.17601760176017603,0.9372937293729373,160.0,852.0
source_representative,plus__nesso_binary,trained_oof,0.5,205,909,5,0.8292682926829268,170.0,0.7666542288557214,0.8846249999999999,2.546341463414634,2.303921568627451,2.800023148148148,0.18701870187018702,0.9537953795379538,170.0,867.0
source_representative,plus__nesso_binary,trained_oof,0.5,205,909,6,0.8878048780487805,182.0,0.8393653463644624,0.9296482412060302,2.7170731707317075,2.432509736285746,3.0241788653411987,0.2002200220022002,0.9713971397139713,182.0,883.0
source_representative,plus__nesso_binary,trained_oof,0.5,205,909,7,0.9219512195121952,189.0,0.8811822253653937,0.9573484924876474,2.8292682926829267,2.5103015463917524,3.173962202315927,0.2079207920792079,0.9801980198019802,189.0,891.0
source_representative,plus__nesso_binary,trained_oof,0.5,205,909,8,0.9560975609756097,196.0,0.92346823864681,0.9849265075376885,2.9073170731707316,2.5692046922083507,3.280428004535147,0.2156215621562156,0.9900990099009901,196.0,900.0
source_representative,plus__nesso_binary,trained_oof,0.5,205,909,9,0.9658536585365853,198.0,0.9353233830845771,0.9902439024390244,2.951219512195122,2.600915473568282,3.3403399365686663,0.21782178217821782,0.9922992299229924,198.0,902.0
source_representative,plus__nesso_binary,trained_oof,0.5,205,909,10,1.0,205.0,1.0,1.0,2.9853658536585366,2.62018045774648,3.3980344489672847,0.22552255225522552,1.0,205.0,909.0
source_representative,plus__nesso_binary,trained_oof,1.0,205,909,1,0.4292682926829268,88.0,0.3512067969020922,0.5050517934446506,1.0,1.0,1.0,0.0968096809680968,0.8184818481848185,88.0,744.0
source_representative,plus__nesso_binary,trained_oof,1.0,205,909,2,0.6146341463414634,126.0,0.5336781337186131,0.6903583514624123,1.5707317073170732,1.4949482065553492,1.6487932030979078,0.13861386138613863,0.8822882288228823,126.0,802.0
source_representative,plus__nesso_binary,trained_oof,1.0,205,909,3,0.7219512195121951,148.0,0.6487738468968849,0.7918831984721315,1.9560975609756097,1.8149451970443349,2.106285225442834,0.1628162816281628,0.9185918591859186,148.0,835.0
source_representative,plus__nesso_binary,trained_oof,1.0,205,909,4,0.7902439024390244,162.0,0.7244809992962703,0.849325715096884,2.234146341463415,2.038807473896318,2.4462711213517663,0.1782178217821782,0.9394939493949395,162.0,854.0
source_representative,plus__nesso_binary,trained_oof,1.0,205,909,5,0.8097560975609757,166.0,0.7475716139575123,0.8693467336683417,2.44390243902439,2.199953917050691,2.709642857142857,0.18261826182618263,0.9504950495049505,166.0,864.0
source_representative,plus__nesso_binary,trained_oof,1.0,205,909,6,0.8682926829268293,178.0,0.8097560975609757,0.9207955330416763,2.6341463414634148,2.331751172926243,2.9555543808149656,0.19581958195819582,0.9658965896589659,178.0,878.0
source_representative,plus__nesso_binary,trained_oof,1.0,205,909,7,0.9219512195121952,189.0,0.8768455396540051,0.96,2.765853658536585,2.415359545107829,3.133123680506685,0.2079207920792079,0.9812981298129813,189.0,892.0
source_representative,plus__nesso_binary,trained_oof,1.0,205,909,8,0.9365853658536586,192.0,0.8985507246376812,0.9696969696969697,2.84390243902439,2.4691466979669574,3.244927342664815,0.21122112211221122,0.9845984598459846,192.0,895.0
source_representative,plus__nesso_binary,trained_oof,1.0,205,909,9,0.9853658536585366,202.0,0.9626124347330086,1.0,2.9073170731707316,2.5142364532019696,3.3400336538461537,0.2222222222222222,0.9966996699669967,202.0,906.0
source_representative,plus__nesso_binary,trained_oof,1.0,205,909,10,1.0,205.0,1.0,1.0,2.921951219512195,2.522131733672334,3.3711840283120473,0.22552255225522552,1.0,205.0,909.0
source_representative,calibrated__raw_ad4,trained_oof,0.125,205,909,1,0.1951219512195122,40.0,0.14507577720207251,0.25125628140703515,1.0,1.0,1.0,0.04400440044004401,0.7414741474147415,40.0,674.0
source_representative,calibrated__raw_ad4,trained_oof,0.125,205,909,2,0.3853658536585366,79.0,0.3076829268292683,0.46228162124388533,1.8048780487804879,1.7487437185929648,1.8549242227979275,0.08690869086908691,0.8305830583058306,79.0,755.0
source_representative,calibrated__raw_ad4,trained_oof,0.125,205,909,3,0.5317073170731708,109.0,0.453115282960199,0.6091411875811593,2.419512195121951,2.312148864592094,2.5279350978970268,0.11991199119911991,0.8723872387238724,109.0,793.0
source_representative,calibrated__raw_ad4,trained_oof,0.125,205,909,4,0.6195121951219512,127.0,0.5380946337926034,0.6952429296591732,2.8878048780487804,2.7175820707070706,3.063741263832265,0.1397139713971397,0.8998899889988999,127.0,818.0
source_representative,calibrated__raw_ad4,trained_oof,0.125,205,909,5,0.6878048780487804,141.0,0.6097560975609756,0.7608776768332252,3.268292682926829,3.035,3.5148834238262534,0.1551155115511551,0.9207920792079208,141.0,837.0
source_representative,calibrated__raw_ad4,trained_oof,0.125,205,909,6,0.7658536585365854,157.0,0.6990717120181406,0.83562154978532,3.580487804878049,3.2907598487156053,3.8900613210930213,0.17271727172717272,0.9416941694169417,157.0,856.0
source_representative,calibrated__raw_ad4,trained_oof,0.125,205,909,7,0.848780487804878,174.0,0.7949967948717949,0.9019607843137255,3.8146341463414632,3.475728155339806,4.174778593417002,0.19141914191419143,0.9625962596259626,174.0,875.0
source_representative,calibrated__raw_ad4,trained_oof,0.125,205,909,8,0.9024390243902439,185.0,0.8599953271028037,0.9441624365482234,3.9658536585365853,3.589962918660287,4.369176481884522,0.20352035203520352,0.976897689768977,185.0,888.0
source_representative,calibrated__raw_ad4,trained_oof,0.125,205,909,9,0.9560975609756097,196.0,0.927461139896373,0.9814017495199487,4.0634146341463415,3.661832143629678,4.478048780487804,0.2156215621562156,0.9900990099009901,196.0,900.0
source_representative,calibrated__raw_ad4,trained_oof,0.125,205,909,10,1.0,205.0,1.0,1.0,4.107317073170732,3.698469175144013,4.519085127201565,0.22552255225522552,1.0,205.0,909.0
source_representative,calibrated__raw_ad4,trained_oof,0.25,205,909,1,0.1902439024390244,39.0,0.1388888888888889,0.25125692565391056,1.0,1.0,1.0,0.0429042904290429,0.7480748074807481,39.0,680.0
source_representative,calibrated__raw_ad4,trained_oof,0.25,205,909,2,0.3902439024390244,80.0,0.3188297642223664,0.4583333333333333,1.8097560975609757,1.7487430743460894,1.8611111111111112,0.08800880088008801,0.8283828382838284,80.0,753.0
source_representative,calibrated__raw_ad4,trained_oof,0.25,205,909,3,0.5024390243902439,103.0,0.42788461538461536,0.5757575757575758,2.419512195121951,2.3036603631059367,2.5268305795961186,0.11331133113311331,0.8679867986798679,103.0,789.0
source_representative,calibrated__raw_ad4,trained_oof,0.25,205,909,4,0.5902439024390244,121.0,0.514012260996313,0.6617730996508192,2.9170731707317072,2.7460953991556325,3.080194012515407,0.1331133113311331,0.8932893289328933,121.0,812.0
source_representative,calibrated__raw_ad4,trained_oof,0.25,205,909,5,0.6829268292682927,140.0,0.608037433865362,0.7572889085025007,3.3268292682926828,3.0966183574879227,3.5524738675958183,0.15401540154015403,0.9207920792079208,140.0,837.0
source_representative,calibrated__raw_ad4,trained_oof,0.25,205,909,6,0.8048780487804879,165.0,0.7349923469387755,0.8697732558139534,3.6439024390243904,3.363185329505059,3.9336806892568346,0.18151815181518152,0.9482948294829483,165.0,862.0
source_representative,calibrated__raw_ad4,trained_oof,0.25,205,909,7,0.8536585365853658,175.0,0.7914551917277035,0.9138755980861244,3.8390243902439023,3.521662941893539,4.1875,0.1925192519251925,0.9625962596259626,175.0,875.0
source_representative,calibrated__raw_ad4,trained_oof,0.25,205,909,8,0.9024390243902439,185.0,0.8461448598130841,0.9497612440311007,3.9853658536585366,3.6261523118331245,4.385393543065866,0.20352035203520352,0.976897689768977,185.0,888.0
source_representative,calibrated__raw_ad4,trained_oof,0.25,205,909,9,0.9658536585365853,198.0,0.9384536082474226,0.9901477832512315,4.082926829268293,3.6953162166801534,4.518714495143852,0.21782178217821782,0.9922992299229924,198.0,902.0
source_representative,calibrated__raw_ad4,trained_oof,0.25,205,909,10,1.0,205.0,1.0,1.0,4.117073170731707,3.7134822794492606,4.556035489848533,0.22552255225522552,1.0,205.0,909.0
source_representative,calibrated__raw_ad4,trained_oof,0.5,205,909,1,0.15609756097560976,32.0,0.1089083260657672,0.21026315789473682,1.0,1.0,1.0,0.0352035203520352,0.7436743674367436,32.0,676.0
source_representative,calibrated__raw_ad4,trained_oof,0.5,205,909,2,0.3463414634146341,71.0,0.2761782376502003,0.42000531914893613,1.8439024390243903,1.7897368421052633,1.8910916739342327,0.0781078107810781,0.8217821782178217,71.0,747.0
source_representative,calibrated__raw_ad4,trained_oof,0.5,205,909,3,0.551219512195122,113.0,0.472636815920398,0.6262135922330098,2.497560975609756,2.3830737892171796,2.6018529489204845,0.12431243124312431,0.8800880088008801,113.0,800.0
source_representative,calibrated__raw_ad4,trained_oof,0.5,205,909,4,0.6731707317073171,138.0,0.6,0.7430177835850643,2.946341463414634,2.7761194029850746,3.1116619138839305,0.15181518151815182,0.911991199119912,138.0,829.0
source_representative,calibrated__raw_ad4,trained_oof,0.5,205,909,5,0.7024390243902439,144.0,0.628140703517588,0.7734150009473285,3.273170731707317,3.047835551826572,3.495423297040759,0.15841584158415842,0.9218921892189219,144.0,838.0
source_representative,calibrated__raw_ad4,trained_oof,0.5,205,909,6,0.7804878048780488,160.0,0.7116124386601237,0.8434460458240945,3.5707317073170732,3.2856957809030347,3.855190253671562,0.17601760176017603,0.9438943894389439,160.0,858.0
source_representative,calibrated__raw_ad4,trained_oof,0.5,205,909,7,0.8341463414634146,171.0,0.772082935117341,0.8921568627450981,3.790243902439024,3.4567227564102563,4.136816519060455,0.18811881188118812,0.9592959295929593,171.0,872.0
source_representative,calibrated__raw_ad4,trained_oof,0.5,205,909,8,0.9024390243902439,185.0,0.8502410138543063,0.95,3.9560975609756097,3.57945945945946,4.35647824084734,0.20352035203520352,0.977997799779978,185.0,889.0
source_representative,calibrated__raw_ad4,trained_oof,0.5,205,909,9,0.9560975609756097,196.0,0.9154929577464789,0.9862416597164303,4.053658536585366,3.654365046902269,4.488417692658459,0.2156215621562156,0.9900990099009901,196.0,900.0
source_representative,calibrated__raw_ad4,trained_oof,0.5,205,909,10,1.0,205.0,1.0,1.0,4.097560975609756,3.68964177237806,4.555729166666666,0.22552255225522552,1.0,205.0,909.0
source_representative,calibrated__raw_ad4,trained_oof,1.0,205,909,1,0.14146341463414633,29.0,0.08737307383985037,0.200893900200267,1.0,1.0,1.0,0.0319031903190319,0.7634763476347635,29.0,694.0
source_representative,calibrated__raw_ad4,trained_oof,1.0,205,909,2,0.28292682926829266,58.0,0.205125,0.36405648115325534,1.8585365853658538,1.799106099799733,1.9126269261601496,0.0638063806380638,0.8063806380638063,58.0,733.0
source_representative,calibrated__raw_ad4,trained_oof,1.0,205,909,3,0.5609756097560976,115.0,0.48598130841121495,0.6354679802955665,2.575609756097561,2.4444444444444446,2.697569867886179,0.1265126512651265,0.8822882288228823,115.0,802.0
source_representative,calibrated__raw_ad4,trained_oof,1.0,205,909,4,0.6634146341463415,136.0,0.5885097101041373,0.74,3.0146341463414634,2.832540646223503,3.1938813585135546,0.1496149614961496,0.9075907590759076,136.0,825.0
source_representative,calibrated__raw_ad4,trained_oof,1.0,205,909,5,0.7365853658536585,151.0,0.6635479826760884,0.8058572766251045,3.351219512195122,3.1201725746268654,3.5916565813359993,0.16611661166116612,0.9284928492849285,151.0,844.0
source_representative,calibrated__raw_ad4,trained_oof,1.0,205,909,6,0.7951219512195122,163.0,0.7264054019126389,0.8578204860143109,3.6146341463414635,3.331644554683895,3.914667726387037,0.1793179317931793,0.9482948294829483,163.0,862.0
source_representative,calibrated__raw_ad4,trained_oof,1.0,205,909,7,0.8439024390243902,173.0,0.780373831775701,0.9038510101010101,3.819512195121951,3.482009803921568,4.165838936834859,0.19031903190319033,0.9614961496149615,173.0,874.0
source_representative,calibrated__raw_ad4,trained_oof,1.0,205,909,8,0.9317073170731708,191.0,0.8926829268292683,0.9655172413793104,3.975609756097561,3.587553528945282,4.373739733786462,0.21012101210121012,0.9834983498349835,191.0,894.0
source_representative,calibrated__raw_ad4,trained_oof,1.0,205,909,9,0.9658536585365853,198.0,0.9371980676328503,0.9897474747474747,4.04390243902439,3.6495139047184866,4.463728871630882,0.21782178217821782,0.9922992299229924,198.0,902.0
source_representative,calibrated__raw_ad4,trained_oof,1.0,205,909,10,1.0,205.0,1.0,1.0,4.078048780487805,3.672827343674728,4.502417261518495,0.22552255225522552,1.0,205.0,909.0
source_representative,availability__raw_ad4,trained_oof,0.125,205,909,1,0.21951219512195122,45.0,0.16585304571638682,0.28,1.0,1.0,1.0,0.04950495049504951,0.735973597359736,45.0,669.0
source_representative,availability__raw_ad4,trained_oof,0.125,205,909,2,0.45365853658536587,93.0,0.373134328358209,0.5320276695341029,1.7804878048780488,1.72,1.8341469542836133,0.10231023102310231,0.8360836083608361,93.0,760.0
source_representative,availability__raw_ad4,trained_oof,0.125,205,909,3,0.5658536585365853,116.0,0.487549300131467,0.6403998614532019,2.3268292682926828,2.204855600048538,2.4477611940298507,0.1276127612761276,0.8734873487348734,116.0,794.0
source_representative,availability__raw_ad4,trained_oof,0.125,205,909,4,0.6585365853658537,135.0,0.5791885070860027,0.7313677823006179,2.7609756097560973,2.572863101917354,2.949507575757576,0.1485148514851485,0.9064906490649065,135.0,824.0
source_representative,availability__raw_ad4,trained_oof,0.125,205,909,5,0.7317073170731707,150.0,0.660377358490566,0.7979810419465592,3.102439024390244,2.8495031141234657,3.361420112599495,0.16501650165016502,0.9284928492849285,150.0,844.0
source_representative,availability__raw_ad4,trained_oof,0.125,205,909,6,0.8048780487804879,165.0,0.7401843271555197,0.8606965174129353,3.370731707317073,3.06912045129509,3.68812689686054,0.18151815181518152,0.9482948294829483,165.0,862.0
source_representative,availability__raw_ad4,trained_oof,0.125,205,909,7,0.8731707317073171,179.0,0.8168895012587604,0.9203980099502488,3.5658536585365854,3.220083955641014,3.9317636907501146,0.19691969196919692,0.9658965896589659,179.0,878.0
source_representative,availability__raw_ad4,trained_oof,0.125,205,909,8,0.926829268292683,190.0,0.88722992751603,0.9622641509433962,3.6926829268292685,3.31059491302589,4.0974875621890545,0.20902090209020902,0.9823982398239824,190.0,893.0
source_representative,availability__raw_ad4,trained_oof,0.125,205,909,9,0.975609756097561,200.0,0.9521415528280517,0.9951456310679612,3.765853658536585,3.3710094975490192,4.195348837209302,0.22002200220022003,0.9944994499449945,200.0,904.0
source_representative,availability__raw_ad4,trained_oof,0.125,205,909,10,1.0,205.0,1.0,1.0,3.790243902439024,3.3921301688992425,4.2242965607498215,0.22552255225522552,1.0,205.0,909.0
source_representative,availability__raw_ad4,trained_oof,0.25,205,909,1,0.23414634146341465,48.0,0.1755214972056084,0.2970458208611558,1.0,1.0,1.0,0.052805280528052806,0.7546754675467546,48.0,686.0
source_representative,availability__raw_ad4,trained_oof,0.25,205,909,2,0.44878048780487806,92.0,0.37372229760289466,0.5238210818307906,1.7658536585365854,1.702954179138844,1.8244785027943915,0.10121012101210121,0.8415841584158416,92.0,765.0
source_representative,availability__raw_ad4,trained_oof,0.25,205,909,3,0.5658536585365853,116.0,0.4852941176470588,0.6391814532117366,2.317073170731707,2.192104990562129,2.436048131653528,0.1276127612761276,0.8833883388338833,116.0,803.0
source_representative,availability__raw_ad4,trained_oof,0.25,205,909,4,0.6634146341463415,136.0,0.5885023202135077,0.7285732232591529,2.7512195121951217,2.567773650863011,2.9366243399547396,0.1496149614961496,0.9086908690869087,136.0,826.0
source_representative,availability__raw_ad4,trained_oof,0.25,205,909,5,0.751219512195122,154.0,0.6849866504854369,0.8101851851851852,3.0878048780487806,2.845434686672551,3.3333333333333335,0.1694169416941694,0.933993399339934,154.0,849.0
source_representative,availability__raw_ad4,trained_oof,0.25,205,909,6,0.8048780487804879,165.0,0.7424203373945643,0.8592233009708737,3.3365853658536584,3.0492610837438425,3.627551020408163,0.18151815181518152,0.9526952695269527,165.0,866.0
source_representative,availability__raw_ad4,trained_oof,0.25,205,909,7,0.8780487804878049,180.0,0.8243823396567299,0.9241706161137441,3.5317073170731708,3.211803475505607,3.867370582379293,0.19801980198019803,0.9713971397139713,180.0,883.0
source_representative,availability__raw_ad4,trained_oof,0.25,205,909,8,0.926829268292683,190.0,0.8820690394511149,0.9637364047985809,3.653658536585366,3.304547772664737,4.029434046345811,0.20902090209020902,0.9823982398239824,190.0,893.0
source_representative,availability__raw_ad4,trained_oof,0.25,205,909,9,0.9609756097560975,197.0,0.9329896907216495,0.9855072463768116,3.726829268292683,3.361485407289095,4.13340909090909,0.21672167216721672,0.9911991199119912,197.0,901.0
source_representative,availability__raw_ad4,trained_oof,0.25,205,909,10,1.0,205.0,1.0,1.0,3.765853658536585,3.3848591549295772,4.181828802039083,0.22552255225522552,1.0,205.0,909.0
source_representative,availability__raw_ad4,trained_oof,0.5,205,909,1,0.35121951219512193,72.0,0.2810737584875516,0.42132601771673134,1.0,1.0,1.0,0.07920792079207921,0.7876787678767877,72.0,716.0
source_representative,availability__raw_ad4,trained_oof,0.5,205,909,2,0.5414634146341464,111.0,0.4660091436790466,0.6153846153846154,1.648780487804878,1.5786739822832685,1.7189262415124484,0.12211221122112212,0.8602860286028603,111.0,782.0
source_representative,availability__raw_ad4,trained_oof,0.5,205,909,3,0.6487804878048781,133.0,0.5744653573376978,0.7171850079744816,2.107317073170732,1.9800970149253732,2.2355779967159277,0.14631463146314633,0.8932893289328933,133.0,812.0
source_representative,availability__raw_ad4,trained_oof,0.5,205,909,4,0.7073170731707317,145.0,0.6345915841584158,0.772093023255814,2.4585365853658536,2.274872223771025,2.6479797162767547,0.15951595159515952,0.9174917491749175,145.0,834.0
source_representative,availability__raw_ad4,trained_oof,0.5,205,909,5,0.7804878048780488,160.0,0.7142857142857143,0.8390350190199148,2.7512195121951217,2.518092145272325,3.0048798599372133,0.17601760176017603,0.9438943894389439,160.0,858.0
source_representative,availability__raw_ad4,trained_oof,0.5,205,909,6,0.8585365853658536,176.0,0.8010204081632653,0.9068627450980392,2.970731707317073,2.6910549992375334,3.278309513751995,0.1936193619361936,0.9647964796479648,176.0,877.0
source_representative,availability__raw_ad4,trained_oof,0.5,205,909,7,0.9073170731707317,186.0,0.8578029790115098,0.9486076673660119,3.1121951219512196,2.7981209371614306,3.4583582535885165,0.20462046204620463,0.976897689768977,186.0,888.0
source_representative,availability__raw_ad4,trained_oof,0.5,205,909,8,0.9414634146341463,193.0,0.8979461015175301,0.9760794030530873,3.204878048780488,2.863849765258216,3.582053618895724,0.21232123212321233,0.9867986798679867,193.0,897.0
source_representative,availability__raw_ad4,trained_oof,0.5,205,909,9,0.9902439024390244,203.0,0.9744865253793825,1.0,3.2634146341463413,2.9065200141068592,3.6698124492191027,0.22332233223322331,0.9977997799779978,203.0,907.0
source_representative,availability__raw_ad4,trained_oof,0.5,205,909,10,1.0,205.0,1.0,1.0,3.273170731707317,2.915482992293383,3.6836806892568346,0.22552255225522552,1.0,205.0,909.0
source_representative,availability__raw_ad4,trained_oof,1.0,205,909,1,0.4097560975609756,84.0,0.3333333333333333,0.48342747083901394,1.0,1.0,1.0,0.0924092409240924,0.8140814081408141,84.0,740.0
source_representative,availability__raw_ad4,trained_oof,1.0,205,909,2,0.6048780487804878,124.0,0.529092911160974,0.6774231233041905,1.5902439024390245,1.5165725291609862,1.6666666666666667,0.13641364136413642,0.8778877887788779,124.0,798.0
source_representative,availability__raw_ad4,trained_oof,1.0,205,909,3,0.7317073170731707,150.0,0.6633165829145728,0.7971014492753623,1.9853658536585366,1.8506746513038206,2.1256453319227715,0.16501650165016502,0.9196919691969196,150.0,836.0
source_representative,availability__raw_ad4,trained_oof,1.0,205,909,4,0.7902439024390244,162.0,0.7295918367346939,0.8461538461538461,2.2536585365853656,2.065410046728972,2.45050210331914,0.1782178217821782,0.9405940594059405,162.0,855.0
source_representative,availability__raw_ad4,trained_oof,1.0,205,909,5,0.8341463414634146,171.0,0.7788802386315816,0.8844487179487179,2.4634146341463414,2.2282958090329585,2.7035624984827518,0.18811881188118812,0.9581958195819582,171.0,871.0
source_representative,availability__raw_ad4,trained_oof,1.0,205,909,6,0.8780487804878049,180.0,0.8284313725490197,0.9211919250458803,2.629268292682927,2.3546720311827443,2.9068060509802893,0.19801980198019803,0.9680968096809681,180.0,880.0
source_representative,availability__raw_ad4,trained_oof,1.0,205,909,7,0.926829268292683,190.0,0.8899988038277512,0.9601990049751243,2.7512195121951217,2.4416904305803464,3.0707070707070705,0.20902090209020902,0.9801980198019802,190.0,891.0
source_representative,availability__raw_ad4,trained_oof,1.0,205,909,8,0.9560975609756097,196.0,0.925,0.9811320754716981,2.824390243902439,2.4975344196033853,3.161567603643215,0.2156215621562156,0.988998899889989,196.0,899.0
source_representative,availability__raw_ad4,trained_oof,1.0,205,909,9,0.9853658536585366,202.0,0.966183574879227,1.0,2.868292682926829,2.5277606732348112,3.220474910394265,0.2222222222222222,0.9966996699669967,202.0,906.0
source_representative,availability__raw_ad4,trained_oof,1.0,205,909,10,1.0,205.0,1.0,1.0,2.8829268292682926,2.5349504716981124,3.2427754854368924,0.22552255225522552,1.0,205.0,909.0
source_representative,plus__raw_ad4,trained_oof,0.125,205,909,1,0.25853658536585367,53.0,0.2,0.32040616371247876,1.0,1.0,1.0,0.058305830583058306,0.7535753575357536,53.0,685.0
source_representative,plus__raw_ad4,trained_oof,0.125,205,909,2,0.47804878048780486,98.0,0.4020100502512563,0.5525114155251142,1.7414634146341463,1.6795938362875211,1.8,0.1078107810781078,0.8437843784378438,98.0,767.0
source_representative,plus__raw_ad4,trained_oof,0.125,205,909,3,0.5463414634146342,112.0,0.4708454233711422,0.623713794796269,2.2634146341463413,2.1442613853807884,2.3811994786435164,0.12321232123212321,0.8679867986798679,112.0,789.0
source_representative,plus__raw_ad4,trained_oof,0.125,205,909,4,0.6292682926829268,129.0,0.5518782824353239,0.7031439623786406,2.7170731707317075,2.5355402364881034,2.9038576555023927,0.1419141914191419,0.8965896589658966,129.0,815.0
source_representative,plus__raw_ad4,trained_oof,0.125,205,909,5,0.7170731707317073,147.0,0.6439007684597394,0.7815643261399714,3.0878048780487806,2.846144859813084,3.33838440011481,0.1617161716171617,0.9251925192519251,147.0,841.0
source_representative,plus__raw_ad4,trained_oof,0.125,205,909,6,0.7853658536585366,161.0,0.7244850276559223,0.8413590116279069,3.370731707317073,3.0699826732673268,3.6790980993979456,0.1771177117711771,0.9438943894389439,161.0,858.0
source_representative,plus__raw_ad4,trained_oof,0.125,205,909,7,0.8682926829268293,178.0,0.8181706224809674,0.914572864321608,3.5853658536585367,3.242905471183801,3.948645553807717,0.19581958195819582,0.966996699669967,178.0,879.0
source_representative,plus__raw_ad4,trained_oof,0.125,205,909,8,0.926829268292683,190.0,0.888875968992248,0.9601990049751243,3.7170731707317075,3.3461492890995257,4.121509587117722,0.20902090209020902,0.9812981298129813,190.0,892.0
source_representative,plus__raw_ad4,trained_oof,0.125,205,909,9,0.975609756097561,200.0,0.9523752563226247,0.995049504950495,3.790243902439024,3.4017983914450034,4.215766754462979,0.22002200220022003,0.9944994499449945,200.0,904.0
source_representative,plus__raw_ad4,trained_oof,0.125,205,909,10,1.0,205.0,1.0,1.0,3.8146341463414632,3.422808715854689,4.23715571626404,0.22552255225522552,1.0,205.0,909.0
source_representative,plus__raw_ad4,trained_oof,0.25,205,909,1,0.23902439024390243,49.0,0.1791044776119403,0.30198277640264026,1.0,1.0,1.0,0.0539053905390539,0.757975797579758,49.0,689.0
source_representative,plus__raw_ad4,trained_oof,0.25,205,909,2,0.45365853658536587,93.0,0.3768709137083266,0.5299900932790131,1.7609756097560976,1.6980172235973596,1.8208955223880596,0.10231023102310231,0.8426842684268426,93.0,766.0
source_representative,plus__raw_ad4,trained_oof,0.25,205,909,3,0.5756097560975609,118.0,0.49748679947963165,0.6470588235294118,2.3073170731707315,2.1822424714434057,2.4278356926706675,0.12981298129812982,0.8855885588558856,118.0,805.0
source_representative,plus__raw_ad4,trained_oof,0.25,205,909,4,0.6878048780487804,141.0,0.6205048076923078,0.7512201189176071,2.731707317073171,2.5494928169287516,2.919603323219873,0.1551155115511551,0.9152915291529153,141.0,832.0
source_representative,plus__raw_ad4,trained_oof,0.25,205,909,5,0.751219512195122,154.0,0.6836734693877551,0.8106862532000193,3.0439024390243903,2.80827994588938,3.284348739495798,0.1694169416941694,0.933993399339934,154.0,849.0
source_representative,plus__raw_ad4,trained_oof,0.25,205,909,6,0.7951219512195122,163.0,0.7323165869218501,0.8527918781725888,3.292682926829268,3.0141476371010403,3.571428571428571,0.1793179317931793,0.9504950495049505,163.0,864.0
source_representative,plus__raw_ad4,trained_oof,0.25,205,909,7,0.8780487804878049,180.0,0.8286931818181819,0.9226804123711341,3.497560975609756,3.1783251052708006,3.8292682926829267,0.19801980198019803,0.9713971397139713,180.0,883.0
source_representative,plus__raw_ad4,trained_oof,0.25,205,909,8,0.9317073170731708,191.0,0.8883130129512785,0.97,3.6195121951219513,3.2669822006472495,3.9900592730129256,0.21012101210121012,0.9834983498349835,191.0,894.0
source_representative,plus__raw_ad4,trained_oof,0.25,205,909,9,0.9658536585365853,198.0,0.9392152441086933,0.9894777747477501,3.6878048780487807,3.3170410783055204,4.0771428571428565,0.21782178217821782,0.9922992299229924,198.0,902.0
source_representative,plus__raw_ad4,trained_oof,0.25,205,909,10,1.0,205.0,1.0,1.0,3.7219512195121953,3.3429483272382496,4.125015096618357,0.22552255225522552,1.0,205.0,909.0
source_representative,plus__raw_ad4,trained_oof,0.5,205,909,1,0.3853658536585366,79.0,0.31603152929493544,0.4523809523809524,1.0,1.0,1.0,0.08690869086908691,0.7997799779977998,79.0,727.0
source_representative,plus__raw_ad4,trained_oof,0.5,205,909,2,0.5804878048780487,119.0,0.5101893642072214,0.6490567396313364,1.6146341463414635,1.5476190476190477,1.6839684707050646,0.13091309130913092,0.8701870187018702,119.0,791.0
source_representative,plus__raw_ad4,trained_oof,0.5,205,909,3,0.6829268292682927,140.0,0.6142751060820368,0.7475271098538425,2.0341463414634147,1.913456632653061,2.160812355616947,0.15401540154015403,0.9064906490649065,140.0,824.0
source_representative,plus__raw_ad4,trained_oof,0.5,205,909,4,0.751219512195122,154.0,0.6878048780487804,0.8113207547169812,2.351219512195122,2.1790954647054583,2.5357142857142856,0.1694169416941694,0.9284928492849285,154.0,844.0
source_representative,plus__raw_ad4,trained_oof,0.5,205,909,5,0.8097560975609757,166.0,0.7538461538461538,0.8629507470548798,2.6,2.378491816840317,2.8316865436543655,0.18261826182618263,0.9526952695269527,166.0,866.0
source_representative,plus__raw_ad4,trained_oof,0.5,205,909,6,0.8780487804878049,180.0,0.8341260162601626,0.9204020783930813,2.790243902439024,2.531044120353331,3.063521677327647,0.19801980198019803,0.9691969196919692,180.0,881.0
source_representative,plus__raw_ad4,trained_oof,0.5,205,909,7,0.926829268292683,190.0,0.8878048780487805,0.9601990049751243,2.9121951219512194,2.6207906907525698,3.223922048271363,0.20902090209020902,0.9823982398239824,190.0,893.0
source_representative,plus__raw_ad4,trained_oof,0.5,205,909,8,0.9609756097560975,197.0,0.9329896907216495,0.9852216748768473,2.9853658536585366,2.672912406476291,3.318661764705882,0.21672167216721672,0.9911991199119912,197.0,901.0
source_representative,plus__raw_ad4,trained_oof,0.5,205,909,9,0.9902439024390244,203.0,0.9744865253793825,1.0,3.024390243902439,2.7042168056885,3.3750309405940593,0.22332233223322331,0.9977997799779978,203.0,907.0
source_representative,plus__raw_ad4,trained_oof,0.5,205,909,10,1.0,205.0,1.0,1.0,3.0341463414634147,2.71290229755349,3.391314365858545,0.22552255225522552,1.0,205.0,909.0
source_representative,plus__raw_ad4,trained_oof,1.0,205,909,1,0.4097560975609756,84.0,0.33160553586037633,0.4829309532225757,1.0,1.0,1.0,0.0924092409240924,0.812981298129813,84.0,739.0
source_representative,plus__raw_ad4,trained_oof,1.0,205,909,2,0.6048780487804878,124.0,0.5285480976310122,0.68,1.5902439024390245,1.5170690467774244,1.6683944641396236,0.13641364136413642,0.8778877887788779,124.0,798.0
source_representative,plus__raw_ad4,trained_oof,1.0,205,909,3,0.7317073170731707,150.0,0.6633165829145728,0.7971014492753623,1.9853658536585366,1.85,2.126780324805979,0.16501650165016502,0.9185918591859186,150.0,835.0
source_representative,plus__raw_ad4,trained_oof,1.0,205,909,4,0.7902439024390244,162.0,0.7295918367346939,0.8468999693591345,2.2536585365853656,2.0673076923076925,2.449766746411483,0.1782178217821782,0.9405940594059405,162.0,855.0
source_representative,plus__raw_ad4,trained_oof,1.0,205,909,5,0.8341463414634146,171.0,0.7788802386315816,0.8844487179487179,2.4634146341463414,2.230340115498254,2.700534190873575,0.18811881188118812,0.9581958195819582,171.0,871.0
source_representative,plus__raw_ad4,trained_oof,1.0,205,909,6,0.8780487804878049,180.0,0.8284313725490197,0.9211919250458803,2.629268292682927,2.353949707648546,2.9064122361469154,0.19801980198019803,0.9680968096809681,180.0,880.0
source_representative,plus__raw_ad4,trained_oof,1.0,205,909,7,0.926829268292683,190.0,0.8910755627801586,0.9602039308408452,2.7512195121951217,2.4390001079214327,3.072465645415634,0.20902090209020902,0.9801980198019802,190.0,891.0
source_representative,plus__raw_ad4,trained_oof,1.0,205,909,8,0.9560975609756097,196.0,0.925,0.9811320754716981,2.824390243902439,2.492608999338284,3.1615035076530615,0.2156215621562156,0.988998899889989,196.0,899.0
source_representative,plus__raw_ad4,trained_oof,1.0,205,909,9,0.9853658536585366,202.0,0.966183574879227,1.0,2.868292682926829,2.5253247266648597,3.2228731405649333,0.2222222222222222,0.9966996699669967,202.0,906.0
source_representative,plus__raw_ad4,trained_oof,1.0,205,909,10,1.0,205.0,1.0,1.0,2.8829268292682926,2.535313766947121,3.246407867494824,0.22552255225522552,1.0,205.0,909.0
source_representative,calibrated__raw_gnina_own,trained_oof,0.125,205,909,1,0.2097560975609756,43.0,0.15383720930232558,0.2660098522167488,1.0,1.0,1.0,0.047304730473047306,0.746974697469747,43.0,679.0
source_representative,calibrated__raw_gnina_own,trained_oof,0.125,205,909,2,0.4146341463414634,85.0,0.3380935613682093,0.4876847290640394,1.7902439024390244,1.7339901477832513,1.8461627906976745,0.09350935093509351,0.8294829482948295,85.0,754.0
source_representative,calibrated__raw_gnina_own,trained_oof,0.125,205,909,3,0.5609756097560976,115.0,0.48542218299499856,0.6341556270892658,2.375609756097561,2.2598039215686274,2.4902912621359223,0.1265126512651265,0.8756875687568757,115.0,796.0
source_representative,calibrated__raw_gnina_own,trained_oof,0.125,205,909,4,0.6731707317073171,138.0,0.5979673854710446,0.7438423645320197,2.8146341463414632,2.6435550597313253,2.9899534802726504,0.15181518151815182,0.9097909790979097,138.0,827.0
source_representative,calibrated__raw_gnina_own,trained_oof,0.125,205,909,5,0.7609756097560976,156.0,0.6893171083705064,0.82489946526389,3.1414634146341465,2.9099663461538463,3.369179906542056,0.1716171617161716,0.9383938393839384,156.0,853.0
source_representative,calibrated__raw_gnina_own,trained_oof,0.125,205,909,6,0.8195121951219512,168.0,0.7566103297968583,0.8737875419653388,3.3804878048780487,3.1044698383084572,3.6597008943109794,0.1848184818481848,0.9548954895489549,168.0,868.0
source_representative,calibrated__raw_gnina_own,trained_oof,0.125,205,909,7,0.8682926829268293,178.0,0.8215920523138833,0.91133325636289,3.5609756097560976,3.2452759433962264,3.8916354448530264,0.19581958195819582,0.966996699669967,178.0,879.0
source_representative,calibrated__raw_gnina_own,trained_oof,0.125,205,909,8,0.926829268292683,190.0,0.8894230769230769,0.960004424778761,3.6926829268292685,3.345535994764399,4.054726368159204,0.20902090209020902,0.9823982398239824,190.0,893.0
source_representative,calibrated__raw_gnina_own,trained_oof,0.125,205,909,9,0.9658536585365853,198.0,0.9393903993203059,0.99,3.765853658536585,3.399974093264248,4.1391784633533355,0.21782178217821782,0.9922992299229924,198.0,902.0
source_representative,calibrated__raw_gnina_own,trained_oof,0.125,205,909,10,1.0,205.0,1.0,1.0,3.8,3.4264758555921997,4.182288567526704,0.22552255225522552,1.0,205.0,909.0
source_representative,calibrated__raw_gnina_own,trained_oof,0.25,205,909,1,0.2097560975609756,43.0,0.15463793017580557,0.2698452380952381,1.0,1.0,1.0,0.047304730473047306,0.7491749174917491,43.0,681.0
source_representative,calibrated__raw_gnina_own,trained_oof,0.25,205,909,2,0.40487804878048783,83.0,0.3333333333333333,0.4745025510204081,1.7902439024390244,1.730154761904762,1.8453620698241946,0.09130913091309131,0.8250825082508251,83.0,750.0
source_representative,calibrated__raw_gnina_own,trained_oof,0.25,205,909,3,0.5756097560975609,118.0,0.4975363331127613,0.6509458529874214,2.3853658536585365,2.2713462633363863,2.497833333333333,0.12981298129812982,0.8811881188118812,118.0,801.0
source_representative,calibrated__raw_gnina_own,trained_oof,0.25,205,909,4,0.6682926829268293,137.0,0.5951189024390243,0.7403846153846154,2.8097560975609754,2.6359223300970873,2.985309652029826,0.15071507150715072,0.911991199119912,137.0,829.0
source_representative,calibrated__raw_gnina_own,trained_oof,0.25,205,909,5,0.7170731707317073,147.0,0.6443192104601458,0.7889514976845009,3.1414634146341465,2.9085690789473686,3.374422393364929,0.1617161716171617,0.9284928492849285,147.0,844.0
source_representative,calibrated__raw_gnina_own,trained_oof,0.25,205,909,6,0.7951219512195122,163.0,0.7272727272727273,0.8564593301435407,3.424390243902439,3.1323529411764706,3.7137065850600983,0.1793179317931793,0.9493949394939494,163.0,863.0
source_representative,calibrated__raw_gnina_own,trained_oof,0.25,205,909,7,0.8536585365853658,175.0,0.7902378048780488,0.9095578603920075,3.629268292682927,3.291666666666667,3.9792825420323568,0.1925192519251925,0.9647964796479648,175.0,877.0
source_representative,calibrated__raw_gnina_own,trained_oof,0.25,205,909,8,0.9024390243902439,185.0,0.8549886363636363,0.947090583028083,3.7756097560975608,3.402934602350566,4.16742189698846,0.20352035203520352,0.976897689768977,185.0,888.0
source_representative,calibrated__raw_gnina_own,trained_oof,0.25,205,909,9,0.9414634146341463,193.0,0.9045226130653267,0.9719658769832645,3.873170731707317,3.4685427118171677,4.2975663956639565,0.21232123212321233,0.9867986798679867,193.0,897.0
source_representative,calibrated__raw_gnina_own,trained_oof,0.25,205,909,10,1.0,205.0,1.0,1.0,3.9317073170731707,3.509799208144796,4.369866438356165,0.22552255225522552,1.0,205.0,909.0
source_representative,calibrated__raw_gnina_own,trained_oof,0.5,205,909,1,0.25853658536585367,53.0,0.1933836557800977,0.3229166666666667,1.0,1.0,1.0,0.058305830583058306,0.7557755775577558,53.0,687.0
source_representative,calibrated__raw_gnina_own,trained_oof,0.5,205,909,2,0.424390243902439,87.0,0.34468033464160297,0.4975369458128079,1.7414634146341463,1.6770833333333333,1.8066163442199021,0.09570957095709572,0.8305830583058306,87.0,755.0
source_representative,calibrated__raw_gnina_own,trained_oof,0.5,205,909,3,0.5317073170731708,109.0,0.45273012764233134,0.6076601932639084,2.317073170731707,2.194026043253122,2.4466019417475726,0.11991199119911991,0.8712871287128713,109.0,792.0
source_representative,calibrated__raw_gnina_own,trained_oof,0.5,205,909,4,0.6439024390243903,132.0,0.5678292625920299,0.7189262415124483,2.7853658536585364,2.5970616720072695,2.990295885344429,0.14521452145214522,0.9097909790979097,132.0,827.0
source_representative,calibrated__raw_gnina_own,trained_oof,0.5,205,909,5,0.6926829268292682,142.0,0.6131914946162205,0.7641105769230768,3.1414634146341465,2.886568406357388,3.4000241545893717,0.1562156215621562,0.9240924092409241,142.0,840.0
source_representative,calibrated__raw_gnina_own,trained_oof,0.5,205,909,6,0.7609756097560976,156.0,0.6926735459662289,0.8291457286432161,3.448780487804878,3.139358552631579,3.7681983782549113,0.1716171617161716,0.9405940594059405,156.0,855.0
source_representative,calibrated__raw_gnina_own,trained_oof,0.5,205,909,7,0.848780487804878,174.0,0.7860299794132785,0.9110002691197338,3.6878048780487807,3.312462619617225,4.061373101702714,0.19141914191419143,0.9647964796479648,174.0,877.0
source_representative,calibrated__raw_gnina_own,trained_oof,0.5,205,909,8,0.9219512195121952,189.0,0.8724357846586911,0.9642857142857143,3.8390243902439023,3.427068014705883,4.260320521345923,0.2079207920792079,0.9823982398239824,189.0,893.0
source_representative,calibrated__raw_gnina_own,trained_oof,0.5,205,909,9,0.9609756097560975,197.0,0.9245262054507337,0.9900497512437811,3.9170731707317072,3.488080220239755,4.3658909905425585,0.21672167216721672,0.9911991199119912,197.0,901.0
source_representative,calibrated__raw_gnina_own,trained_oof,0.5,205,909,10,1.0,205.0,1.0,1.0,3.9560975609756097,3.510401348039216,4.42111305048335,0.22552255225522552,1.0,205.0,909.0
source_representative,calibrated__raw_gnina_own,trained_oof,1.0,205,909,1,0.2146341463414634,44.0,0.15306122448979592,0.27586206896551724,1.0,1.0,1.0,0.0484048404840484,0.7612761276127613,44.0,692.0
source_representative,calibrated__raw_gnina_own,trained_oof,1.0,205,909,2,0.4195121951219512,86.0,0.33830485254884995,0.49306880843922296,1.7853658536585366,1.7241379310344827,1.846938775510204,0.09460946094609461,0.8272827282728272,86.0,752.0
source_representative,calibrated__raw_gnina_own,trained_oof,1.0,205,909,3,0.5902439024390244,121.0,0.5167464114832536,0.6651162790697674,2.3658536585365852,2.2438994054119648,2.5,0.1331133113311331,0.8877887788778878,121.0,807.0
source_representative,calibrated__raw_gnina_own,trained_oof,1.0,205,909,4,0.6878048780487804,141.0,0.6183555399719495,0.7523809523809524,2.7756097560975608,2.592251465004952,2.967028825995807,0.1551155115511551,0.9185918591859186,141.0,835.0
source_representative,calibrated__raw_gnina_own,trained_oof,1.0,205,909,5,0.775609756097561,159.0,0.7121912910228578,0.8357487922705314,3.0878048780487806,2.8501864876385334,3.333333333333333,0.17491749174917492,0.9394939493949395,159.0,854.0
source_representative,calibrated__raw_gnina_own,trained_oof,1.0,205,909,6,0.8390243902439024,172.0,0.7826036634460548,0.8894610552763818,3.3121951219512193,3.029401108269395,3.611375991444613,0.18921892189218922,0.9592959295929593,172.0,872.0
source_representative,calibrated__raw_gnina_own,trained_oof,1.0,205,909,7,0.8780487804878049,180.0,0.8275741218175958,0.9242424242424242,3.473170731707317,3.1563826240205772,3.817793285896734,0.19801980198019803,0.9702970297029703,180.0,882.0
source_representative,calibrated__raw_gnina_own,trained_oof,1.0,205,909,8,0.9121951219512195,187.0,0.867639555822329,0.9512254321572341,3.5951219512195123,3.2487771918259725,3.9722622164048866,0.20572057205720573,0.9801980198019802,187.0,891.0
source_representative,calibrated__raw_gnina_own,trained_oof,1.0,205,909,9,0.9512195121951219,195.0,0.9130329252849303,0.9849265075376885,3.682926829268293,3.3055416666666666,4.088209260388092,0.2145214521452145,0.988998899889989,195.0,899.0
source_representative,calibrated__raw_gnina_own,trained_oof,1.0,205,909,10,1.0,205.0,1.0,1.0,3.731707317073171,3.336216806325977,4.160670257025448,0.22552255225522552,1.0,205.0,909.0
source_representative,availability__raw_gnina_own,trained_oof,0.125,205,909,1,0.21951219512195122,45.0,0.16585304571638682,0.28,1.0,1.0,1.0,0.04950495049504951,0.735973597359736,45.0,669.0
source_representative,availability__raw_gnina_own,trained_oof,0.125,205,909,2,0.45365853658536587,93.0,0.373134328358209,0.5320276695341029,1.7804878048780488,1.72,1.8341469542836133,0.10231023102310231,0.8360836083608361,93.0,760.0
source_representative,availability__raw_gnina_own,trained_oof,0.125,205,909,3,0.5658536585365853,116.0,0.487549300131467,0.6403998614532019,2.3268292682926828,2.204855600048538,2.4477611940298507,0.1276127612761276,0.8734873487348734,116.0,794.0
source_representative,availability__raw_gnina_own,trained_oof,0.125,205,909,4,0.6585365853658537,135.0,0.5791885070860027,0.7313677823006179,2.7609756097560973,2.572863101917354,2.949507575757576,0.1485148514851485,0.9064906490649065,135.0,824.0
source_representative,availability__raw_gnina_own,trained_oof,0.125,205,909,5,0.7317073170731707,150.0,0.660377358490566,0.7979810419465592,3.102439024390244,2.8495031141234657,3.361420112599495,0.16501650165016502,0.9284928492849285,150.0,844.0
source_representative,availability__raw_gnina_own,trained_oof,0.125,205,909,6,0.8048780487804879,165.0,0.7401843271555197,0.8606965174129353,3.370731707317073,3.06912045129509,3.68812689686054,0.18151815181518152,0.9482948294829483,165.0,862.0
source_representative,availability__raw_gnina_own,trained_oof,0.125,205,909,7,0.8731707317073171,179.0,0.8168895012587604,0.9203980099502488,3.5658536585365854,3.220083955641014,3.9317636907501146,0.19691969196919692,0.9658965896589659,179.0,878.0
source_representative,availability__raw_gnina_own,trained_oof,0.125,205,909,8,0.926829268292683,190.0,0.88722992751603,0.9622641509433962,3.6926829268292685,3.31059491302589,4.0974875621890545,0.20902090209020902,0.9823982398239824,190.0,893.0
source_representative,availability__raw_gnina_own,trained_oof,0.125,205,909,9,0.975609756097561,200.0,0.9521415528280517,0.9951456310679612,3.765853658536585,3.3710094975490192,4.195348837209302,0.22002200220022003,0.9944994499449945,200.0,904.0
source_representative,availability__raw_gnina_own,trained_oof,0.125,205,909,10,1.0,205.0,1.0,1.0,3.790243902439024,3.3921301688992425,4.2242965607498215,0.22552255225522552,1.0,205.0,909.0
source_representative,availability__raw_gnina_own,trained_oof,0.25,205,909,1,0.23414634146341465,48.0,0.1755214972056084,0.2970458208611558,1.0,1.0,1.0,0.052805280528052806,0.7546754675467546,48.0,686.0
source_representative,availability__raw_gnina_own,trained_oof,0.25,205,909,2,0.44878048780487806,92.0,0.37372229760289466,0.5238210818307906,1.7658536585365854,1.702954179138844,1.8244785027943915,0.10121012101210121,0.8415841584158416,92.0,765.0
source_representative,availability__raw_gnina_own,trained_oof,0.25,205,909,3,0.5658536585365853,116.0,0.4852941176470588,0.6391814532117366,2.317073170731707,2.192104990562129,2.436048131653528,0.1276127612761276,0.8833883388338833,116.0,803.0
source_representative,availability__raw_gnina_own,trained_oof,0.25,205,909,4,0.6634146341463415,136.0,0.5885023202135077,0.7285732232591529,2.7512195121951217,2.567773650863011,2.9366243399547396,0.1496149614961496,0.9086908690869087,136.0,826.0
source_representative,availability__raw_gnina_own,trained_oof,0.25,205,909,5,0.751219512195122,154.0,0.6849866504854369,0.8101851851851852,3.0878048780487806,2.845434686672551,3.3333333333333335,0.1694169416941694,0.933993399339934,154.0,849.0
source_representative,availability__raw_gnina_own,trained_oof,0.25,205,909,6,0.8048780487804879,165.0,0.7424203373945643,0.8592233009708737,3.3365853658536584,3.0492610837438425,3.627551020408163,0.18151815181518152,0.9526952695269527,165.0,866.0
source_representative,availability__raw_gnina_own,trained_oof,0.25,205,909,7,0.8780487804878049,180.0,0.8243823396567299,0.9241706161137441,3.5317073170731708,3.211803475505607,3.867370582379293,0.19801980198019803,0.9713971397139713,180.0,883.0
source_representative,availability__raw_gnina_own,trained_oof,0.25,205,909,8,0.926829268292683,190.0,0.8820690394511149,0.9637364047985809,3.653658536585366,3.304547772664737,4.029434046345811,0.20902090209020902,0.9823982398239824,190.0,893.0
source_representative,availability__raw_gnina_own,trained_oof,0.25,205,909,9,0.9609756097560975,197.0,0.9329896907216495,0.9855072463768116,3.726829268292683,3.361485407289095,4.13340909090909,0.21672167216721672,0.9911991199119912,197.0,901.0
source_representative,availability__raw_gnina_own,trained_oof,0.25,205,909,10,1.0,205.0,1.0,1.0,3.765853658536585,3.3848591549295772,4.181828802039083,0.22552255225522552,1.0,205.0,909.0
source_representative,availability__raw_gnina_own,trained_oof,0.5,205,909,1,0.35121951219512193,72.0,0.2810737584875516,0.42132601771673134,1.0,1.0,1.0,0.07920792079207921,0.7876787678767877,72.0,716.0
source_representative,availability__raw_gnina_own,trained_oof,0.5,205,909,2,0.5414634146341464,111.0,0.4660091436790466,0.6153846153846154,1.648780487804878,1.5786739822832685,1.7189262415124484,0.12211221122112212,0.8602860286028603,111.0,782.0
source_representative,availability__raw_gnina_own,trained_oof,0.5,205,909,3,0.6487804878048781,133.0,0.5744653573376978,0.7171850079744816,2.107317073170732,1.9800970149253732,2.2355779967159277,0.14631463146314633,0.8932893289328933,133.0,812.0
source_representative,availability__raw_gnina_own,trained_oof,0.5,205,909,4,0.7073170731707317,145.0,0.6345915841584158,0.772093023255814,2.4585365853658536,2.274872223771025,2.6479797162767547,0.15951595159515952,0.9174917491749175,145.0,834.0
source_representative,availability__raw_gnina_own,trained_oof,0.5,205,909,5,0.7804878048780488,160.0,0.7142857142857143,0.8390350190199148,2.7512195121951217,2.518092145272325,3.0048798599372133,0.17601760176017603,0.9438943894389439,160.0,858.0
source_representative,availability__raw_gnina_own,trained_oof,0.5,205,909,6,0.8585365853658536,176.0,0.8010204081632653,0.9068627450980392,2.970731707317073,2.6910549992375334,3.278309513751995,0.1936193619361936,0.9647964796479648,176.0,877.0
source_representative,availability__raw_gnina_own,trained_oof,0.5,205,909,7,0.9073170731707317,186.0,0.8578029790115098,0.9486076673660119,3.1121951219512196,2.7981209371614306,3.4583582535885165,0.20462046204620463,0.976897689768977,186.0,888.0
source_representative,availability__raw_gnina_own,trained_oof,0.5,205,909,8,0.9414634146341463,193.0,0.8979461015175301,0.9760794030530873,3.204878048780488,2.863849765258216,3.582053618895724,0.21232123212321233,0.9867986798679867,193.0,897.0
source_representative,availability__raw_gnina_own,trained_oof,0.5,205,909,9,0.9902439024390244,203.0,0.9744865253793825,1.0,3.2634146341463413,2.9065200141068592,3.6698124492191027,0.22332233223322331,0.9977997799779978,203.0,907.0
source_representative,availability__raw_gnina_own,trained_oof,0.5,205,909,10,1.0,205.0,1.0,1.0,3.273170731707317,2.915482992293383,3.6836806892568346,0.22552255225522552,1.0,205.0,909.0
source_representative,availability__raw_gnina_own,trained_oof,1.0,205,909,1,0.4097560975609756,84.0,0.3333333333333333,0.48342747083901394,1.0,1.0,1.0,0.0924092409240924,0.8140814081408141,84.0,740.0
source_representative,availability__raw_gnina_own,trained_oof,1.0,205,909,2,0.6048780487804878,124.0,0.529092911160974,0.6774231233041905,1.5902439024390245,1.5165725291609862,1.6666666666666667,0.13641364136413642,0.8778877887788779,124.0,798.0
source_representative,availability__raw_gnina_own,trained_oof,1.0,205,909,3,0.7317073170731707,150.0,0.6633165829145728,0.7971014492753623,1.9853658536585366,1.8506746513038206,2.1256453319227715,0.16501650165016502,0.9196919691969196,150.0,836.0
source_representative,availability__raw_gnina_own,trained_oof,1.0,205,909,4,0.7902439024390244,162.0,0.7295918367346939,0.8461538461538461,2.2536585365853656,2.065410046728972,2.45050210331914,0.1782178217821782,0.9405940594059405,162.0,855.0
source_representative,availability__raw_gnina_own,trained_oof,1.0,205,909,5,0.8341463414634146,171.0,0.7788802386315816,0.8844487179487179,2.4634146341463414,2.2282958090329585,2.7035624984827518,0.18811881188118812,0.9581958195819582,171.0,871.0
source_representative,availability__raw_gnina_own,trained_oof,1.0,205,909,6,0.8780487804878049,180.0,0.8284313725490197,0.9211919250458803,2.629268292682927,2.3546720311827443,2.9068060509802893,0.19801980198019803,0.9680968096809681,180.0,880.0
source_representative,availability__raw_gnina_own,trained_oof,1.0,205,909,7,0.926829268292683,190.0,0.8899988038277512,0.9601990049751243,2.7512195121951217,2.4416904305803464,3.0707070707070705,0.20902090209020902,0.9801980198019802,190.0,891.0
source_representative,availability__raw_gnina_own,trained_oof,1.0,205,909,8,0.9560975609756097,196.0,0.925,0.9811320754716981,2.824390243902439,2.4975344196033853,3.161567603643215,0.2156215621562156,0.988998899889989,196.0,899.0
source_representative,availability__raw_gnina_own,trained_oof,1.0,205,909,9,0.9853658536585366,202.0,0.966183574879227,1.0,2.868292682926829,2.5277606732348112,3.220474910394265,0.2222222222222222,0.9966996699669967,202.0,906.0
source_representative,availability__raw_gnina_own,trained_oof,1.0,205,909,10,1.0,205.0,1.0,1.0,2.8829268292682926,2.5349504716981124,3.2427754854368924,0.22552255225522552,1.0,205.0,909.0
source_representative,plus__raw_gnina_own,trained_oof,0.125,205,909,1,0.24878048780487805,51.0,0.18748539719626167,0.3113347655520268,1.0,1.0,1.0,0.056105610561056105,0.7557755775577558,51.0,687.0
source_representative,plus__raw_gnina_own,trained_oof,0.125,205,909,2,0.48292682926829267,99.0,0.40608760114590137,0.5576923076923077,1.751219512195122,1.6886652344479731,1.8125146028037382,0.10891089108910891,0.8404840484048405,99.0,764.0
source_representative,plus__raw_gnina_own,trained_oof,0.125,205,909,3,0.5853658536585366,120.0,0.505100752422181,0.663266588042252,2.268292682926829,2.146593553334391,2.3925317089452607,0.132013201320132,0.8778877887788779,120.0,798.0
source_representative,plus__raw_gnina_own,trained_oof,0.125,205,909,4,0.6536585365853659,134.0,0.5757504288164665,0.7296020408163264,2.682926829268293,2.5,2.876862382884188,0.1474147414741474,0.9042904290429042,134.0,822.0
source_representative,plus__raw_gnina_own,trained_oof,0.125,205,909,5,0.7268292682926829,149.0,0.6577716894977169,0.7961374501010299,3.029268292682927,2.7787238535800487,3.290198205121848,0.1639163916391639,0.9295929592959296,149.0,845.0
source_representative,plus__raw_gnina_own,trained_oof,0.125,205,909,6,0.8292682926829268,170.0,0.7720095473554088,0.881529955037064,3.3024390243902437,2.9998893805309734,3.628716698989486,0.18701870187018702,0.9570957095709571,170.0,870.0
source_representative,plus__raw_gnina_own,trained_oof,0.125,205,909,7,0.8780487804878049,180.0,0.8316326530612245,0.92,3.473170731707317,3.1237931034482758,3.8300192307692305,0.19801980198019803,0.9702970297029703,180.0,882.0
source_representative,plus__raw_gnina_own,trained_oof,0.125,205,909,8,0.9170731707317074,188.0,0.8815106364561016,0.9516966276477146,3.5951219512195123,3.2117651888341543,3.9848614190687366,0.2068206820682068,0.9812981298129813,188.0,892.0
source_representative,plus__raw_gnina_own,trained_oof,0.125,205,909,9,0.975609756097561,200.0,0.9526009930038366,0.9949748743718593,3.678048780487805,3.2722238515320723,4.091857889497262,0.22002200220022003,0.9944994499449945,200.0,904.0
source_representative,plus__raw_gnina_own,trained_oof,0.125,205,909,10,1.0,205.0,1.0,1.0,3.702439024390244,3.2894672342621263,4.123230457282181,0.22552255225522552,1.0,205.0,909.0
source_representative,plus__raw_gnina_own,trained_oof,0.25,205,909,1,0.23414634146341465,48.0,0.17499393203883495,0.29704298478628344,1.0,1.0,1.0,0.052805280528052806,0.7513751375137514,48.0,683.0
source_representative,plus__raw_gnina_own,trained_oof,0.25,205,909,2,0.40487804878048783,83.0,0.33179669667082995,0.480777027027027,1.7658536585365854,1.7029570152137166,1.825006067961165,0.09130913091309131,0.8272827282728272,83.0,752.0
source_representative,plus__raw_gnina_own,trained_oof,0.25,205,909,3,0.5707317073170731,117.0,0.4948911016019311,0.645320197044335,2.3609756097560974,2.2296448380109024,2.481485728848114,0.12871287128712872,0.8866886688668867,117.0,806.0
source_representative,plus__raw_gnina_own,trained_oof,0.25,205,909,4,0.6634146341463415,136.0,0.58822848583878,0.7365853658536585,2.790243902439024,2.605911330049261,2.9698677209577298,0.1496149614961496,0.9141914191419142,136.0,831.0
source_representative,plus__raw_gnina_own,trained_oof,0.25,205,909,5,0.7317073170731707,150.0,0.6649659090909091,0.798052362707535,3.126829268292683,2.8826380167451595,3.3654886961834927,0.16501650165016502,0.9317931793179318,150.0,847.0
source_representative,plus__raw_gnina_own,trained_oof,0.25,205,909,6,0.7951219512195122,163.0,0.7276888604353393,0.8600025906735751,3.395121951219512,3.0924945265462505,3.691570245104751,0.1793179317931793,0.9504950495049505,163.0,864.0
source_representative,plus__raw_gnina_own,trained_oof,0.25,205,909,7,0.8634146341463415,177.0,0.8038255153601932,0.9186633230515143,3.6,3.241349729546991,3.9519886363636356,0.19471947194719472,0.9680968096809681,177.0,880.0
source_representative,plus__raw_gnina_own,trained_oof,0.25,205,909,8,0.9073170731707317,186.0,0.8647342995169082,0.9468225083986561,3.7365853658536587,3.342917826800886,4.130060502283104,0.20462046204620463,0.9790979097909791,186.0,890.0
source_representative,plus__raw_gnina_own,trained_oof,0.25,205,909,9,0.9463414634146341,194.0,0.9132597604259095,0.9751243781094527,3.8292682926829267,3.412929400615967,4.253660356752821,0.21342134213421343,0.9878987898789879,194.0,898.0
source_representative,plus__raw_gnina_own,trained_oof,0.25,205,909,10,1.0,205.0,1.0,1.0,3.8829268292682926,3.452715987370839,4.323393745557925,0.22552255225522552,1.0,205.0,909.0
source_representative,plus__raw_gnina_own,trained_oof,0.5,205,909,1,0.34146341463414637,70.0,0.27317016711833786,0.41204416798314897,1.0,1.0,1.0,0.07700770077007701,0.7766776677667767,70.0,706.0
source_representative,plus__raw_gnina_own,trained_oof,0.5,205,909,2,0.551219512195122,113.0,0.47316942040388144,0.6294684193121692,1.6585365853658536,1.587955832016851,1.726829832881662,0.12431243124312431,0.858085808580858,113.0,780.0
source_representative,plus__raw_gnina_own,trained_oof,0.5,205,909,3,0.6634146341463415,136.0,0.5879319276796353,0.7339978820113752,2.107317073170732,1.9803897421037382,2.236453201970443,0.1496149614961496,0.9042904290429042,136.0,822.0
source_representative,plus__raw_gnina_own,trained_oof,0.5,205,909,4,0.7560975609756098,155.0,0.6849866504854369,0.8207582371163052,2.44390243902439,2.2596064814814816,2.6378399326237667,0.1705170517051705,0.933993399339934,155.0,849.0
source_representative,plus__raw_gnina_own,trained_oof,0.5,205,909,5,0.8048780487804879,165.0,0.7405615021770682,0.8660528672779125,2.6878048780487807,2.4480912818811036,2.938790970933828,0.18151815181518152,0.9471947194719472,165.0,861.0
source_representative,plus__raw_gnina_own,trained_oof,0.5,205,909,6,0.8439024390243902,173.0,0.7867921738701887,0.8974358974358975,2.8829268292682926,2.592407630095966,3.1893309683843665,0.19031903190319033,0.9614961496149615,173.0,874.0
source_representative,plus__raw_gnina_own,trained_oof,0.5,205,909,7,0.8926829268292683,183.0,0.8379598348348348,0.9414634146341463,3.0390243902439025,2.706459998585273,3.382371232074919,0.20132013201320131,0.9735973597359736,183.0,885.0
source_representative,plus__raw_gnina_own,trained_oof,0.5,205,909,8,0.9365853658536586,192.0,0.8952321428571429,0.9711538461538461,3.1463414634146343,2.7839639829023897,3.527400258323766,0.21122112211221122,0.9856985698569857,192.0,896.0
source_representative,plus__raw_gnina_own,trained_oof,0.5,205,909,9,0.9707317073170731,199.0,0.9425837320574163,0.9948986066507822,3.209756097560976,2.82193742090767,3.611151960784314,0.21892189218921893,0.9933993399339934,199.0,903.0
source_representative,plus__raw_gnina_own,trained_oof,0.5,205,909,10,1.0,205.0,1.0,1.0,3.2390243902439027,2.840156913280776,3.6537386417981828,0.22552255225522552,1.0,205.0,909.0
source_representative,plus__raw_gnina_own,trained_oof,1.0,205,909,1,0.45365853658536587,93.0,0.37563389872477404,0.5302420503084954,1.0,1.0,1.0,0.10231023102310231,0.8173817381738174,93.0,743.0
source_representative,plus__raw_gnina_own,trained_oof,1.0,205,909,2,0.6292682926829268,129.0,0.5543240818910933,0.6995515695067265,1.5463414634146342,1.4697579496915045,1.624366101275226,0.1419141914191419,0.8855885588558856,129.0,805.0
source_representative,plus__raw_gnina_own,trained_oof,1.0,205,909,3,0.7560975609756098,155.0,0.6884186557788945,0.8212691921366049,1.9170731707317072,1.7845979899497486,2.058259531139001,0.1705170517051705,0.9284928492849285,155.0,844.0
source_representative,plus__raw_gnina_own,trained_oof,1.0,205,909,4,0.7951219512195122,163.0,0.7336171761280932,0.855,2.1609756097560977,1.976409478885894,2.3512329942394903,0.1793179317931793,0.9438943894389439,163.0,858.0
source_representative,plus__raw_gnina_own,trained_oof,1.0,205,909,5,0.8390243902439024,172.0,0.7857142857142857,0.8910001718930334,2.3658536585365852,2.127548519407763,2.6122738270565957,0.18921892189218922,0.9559955995599559,172.0,869.0
source_representative,plus__raw_gnina_own,trained_oof,1.0,205,909,6,0.9024390243902439,185.0,0.8571263227513227,0.9455512607911036,2.526829268292683,2.247658831303691,2.8098404779502335,0.20352035203520352,0.9735973597359736,185.0,885.0
source_representative,plus__raw_gnina_own,trained_oof,1.0,205,909,7,0.9317073170731708,191.0,0.8909840607389592,0.969164689935615,2.624390243902439,2.313882094487476,2.936908373786408,0.21012101210121012,0.9823982398239824,191.0,893.0
source_representative,plus__raw_gnina_own,trained_oof,1.0,205,909,8,0.9414634146341463,193.0,0.9023141708324277,0.975609756097561,2.6926829268292685,2.356775212697149,3.0350512343810796,0.21232123212321233,0.9867986798679867,193.0,897.0
source_representative,plus__raw_gnina_own,trained_oof,1.0,205,909,9,0.9658536585365853,198.0,0.9353199281370923,0.9903846153846154,2.7512195121951217,2.3891224927522563,3.1243787045633082,0.21782178217821782,0.9922992299229924,198.0,902.0
source_representative,plus__raw_gnina_own,trained_oof,1.0,205,909,10,1.0,205.0,1.0,1.0,2.7853658536585364,2.405937006744153,3.180565476190477,0.22552255225522552,1.0,205.0,909.0
source_representative,calibrated__vina,trained_oof,0.125,205,909,1,0.1951219512195122,40.0,0.14009420289855073,0.2548100490196078,1.0,1.0,1.0,0.04400440044004401,0.7414741474147415,40.0,674.0
source_representative,calibrated__vina,trained_oof,0.125,205,909,2,0.43414634146341463,89.0,0.3557692307692308,0.5073245016714126,1.8048780487804879,1.745189950980392,1.8599057971014492,0.09790979097909791,0.8338833883388339,89.0,758.0
source_representative,calibrated__vina,trained_oof,0.125,205,909,3,0.5463414634146342,112.0,0.46632124352331605,0.6207027168234064,2.370731707317073,2.2587022206042957,2.4876877327886575,0.12321232123212321,0.8723872387238724,112.0,793.0
source_representative,calibrated__vina,trained_oof,0.125,205,909,4,0.6439024390243903,132.0,0.562485119047619,0.7217044408651634,2.824390243902439,2.653039041703638,3.014219702098849,0.14521452145214522,0.9020902090209021,132.0,820.0
source_representative,calibrated__vina,trained_oof,0.125,205,909,5,0.7024390243902439,144.0,0.6226310272536687,0.7772643496577145,3.180487804878049,2.9404493571241144,3.436908373786408,0.15841584158415842,0.9218921892189219,144.0,838.0
source_representative,calibrated__vina,trained_oof,0.125,205,909,6,0.7658536585365854,157.0,0.6952280348759222,0.8333333333333334,3.478048780487805,3.1717171717171717,3.80789198295005,0.17271727172717272,0.9394939493949395,157.0,854.0
source_representative,calibrated__vina,trained_oof,0.125,205,909,7,0.8536585365853658,175.0,0.7962085308056872,0.9059483292079208,3.7121951219512197,3.3560335057896036,4.102819851756364,0.1925192519251925,0.9636963696369637,175.0,876.0
source_representative,calibrated__vina,trained_oof,0.125,205,909,8,0.9414634146341463,193.0,0.9056556838449263,0.9707317073170731,3.8585365853658535,3.459183673469388,4.287104101765316,0.21232123212321233,0.9856985698569857,193.0,896.0
source_representative,calibrated__vina,trained_oof,0.125,205,909,9,0.9512195121951219,195.0,0.9195938221915263,0.9767441860465116,3.9170731707317072,3.5143587085308052,4.355870350548568,0.2145214521452145,0.988998899889989,195.0,899.0
source_representative,calibrated__vina,trained_oof,0.125,205,909,10,1.0,205.0,1.0,1.0,3.9658536585365853,3.555975609756098,4.4252463680947525,0.22552255225522552,1.0,205.0,909.0
source_representative,calibrated__vina,trained_oof,0.25,205,909,1,0.14146341463414633,29.0,0.09451566425299246,0.19488095238095232,1.0,1.0,1.0,0.0319031903190319,0.7425742574257426,29.0,675.0
source_representative,calibrated__vina,trained_oof,0.25,205,909,2,0.34146341463414637,70.0,0.27053140096618356,0.41117478320642975,1.8585365853658538,1.8051190476190477,1.9054843357470075,0.07700770077007701,0.8184818481848185,70.0,744.0
source_representative,calibrated__vina,trained_oof,0.25,205,909,3,0.47317073170731705,97.0,0.39712558005337695,0.5477386934673367,2.5170731707317073,2.409314939125552,2.625,0.10671067106710672,0.856985698569857,97.0,779.0
source_representative,calibrated__vina,trained_oof,0.25,205,909,4,0.5756097560975609,118.0,0.4973842592592593,0.6502247675009388,3.0439024390243903,2.8768333248692297,3.2081650570676032,0.12981298129812982,0.88998899889989,118.0,809.0
source_representative,calibrated__vina,trained_oof,0.25,205,909,5,0.6780487804878049,139.0,0.5979707565605807,0.75,3.4682926829268292,3.2395693597560977,3.6919728708791206,0.15291529152915292,0.9185918591859186,139.0,835.0
source_representative,calibrated__vina,trained_oof,0.25,205,909,6,0.7414634146341463,152.0,0.6713598721961398,0.8078817733990148,3.790243902439024,3.510622340425532,4.081734913793103,0.16721672167216722,0.9361936193619362,152.0,851.0
source_representative,calibrated__vina,trained_oof,0.25,205,909,7,0.8146341463414634,167.0,0.7488567930646548,0.877453481392557,4.048780487804878,3.7199723502304147,4.397277746715124,0.18371837183718373,0.9570957095709571,167.0,870.0
source_representative,calibrated__vina,trained_oof,0.25,205,909,8,0.8780487804878049,180.0,0.8181818181818182,0.9303482587064676,4.234146341463415,3.865,4.637618189477625,0.19801980198019803,0.9713971397139713,180.0,883.0
source_representative,calibrated__vina,trained_oof,0.25,205,909,9,0.926829268292683,190.0,0.883488985264403,0.9641071428571428,4.35609756097561,3.95560759590597,4.801040980908493,0.20902090209020902,0.9834983498349835,190.0,894.0
source_representative,calibrated__vina,trained_oof,0.25,205,909,10,1.0,205.0,1.0,1.0,4.429268292682927,4.005207658678756,4.901442683881065,0.22552255225522552,1.0,205.0,909.0
source_representative,calibrated__vina,trained_oof,0.5,205,909,1,0.2097560975609756,43.0,0.155,0.2682926829268293,1.0,1.0,1.0,0.047304730473047306,0.7392739273927392,43.0,672.0
source_representative,calibrated__vina,trained_oof,0.5,205,909,2,0.36097560975609755,74.0,0.28985168630637953,0.43128194405724374,1.7902439024390244,1.7317073170731707,1.845,0.0814081408140814,0.8250825082508251,74.0,750.0
source_representative,calibrated__vina,trained_oof,0.5,205,909,3,0.5365853658536586,110.0,0.45792748790682386,0.6093041424418604,2.4292682926829268,2.309972513089005,2.5438206954335985,0.12101210121012101,0.8734873487348734,110.0,794.0
source_representative,calibrated__vina,trained_oof,0.5,205,909,4,0.6536585365853659,134.0,0.5794859813084112,0.7272727272727273,2.892682926829268,2.71781882135582,3.0673726042557474,0.1474147414741474,0.9053905390539054,134.0,823.0
source_representative,calibrated__vina,trained_oof,0.5,205,909,5,0.697560975609756,143.0,0.6226415094339622,0.7703448477068502,3.2390243902439027,3.0147783251231526,3.471583712775422,0.1573157315731573,0.9207920792079208,143.0,837.0
source_representative,calibrated__vina,trained_oof,0.5,205,909,6,0.751219512195122,154.0,0.6807374705083292,0.8168435833968011,3.5414634146341464,3.2538785730222872,3.8350138888888887,0.1694169416941694,0.9372937293729373,154.0,852.0
source_representative,calibrated__vina,trained_oof,0.5,205,909,7,0.8292682926829268,170.0,0.7638145271813613,0.8899533492822966,3.790243902439024,3.450410557882712,4.140189030320971,0.18701870187018702,0.9592959295929593,170.0,872.0
source_representative,calibrated__vina,trained_oof,0.5,205,909,8,0.9121951219512195,187.0,0.8627404516308894,0.9523865944482057,3.9609756097560975,3.572799269342408,4.353575474369867,0.20572057205720573,0.9801980198019802,187.0,891.0
source_representative,calibrated__vina,trained_oof,0.5,205,909,9,0.9609756097560975,197.0,0.9322916666666666,0.9855769230769231,4.048780487804878,3.6410194174757278,4.468257377439315,0.21672167216721672,0.9911991199119912,197.0,901.0
source_representative,calibrated__vina,trained_oof,0.5,205,909,10,1.0,205.0,1.0,1.0,4.087804878048781,3.6744875242461648,4.516763074579257,0.22552255225522552,1.0,205.0,909.0
source_representative,calibrated__vina,trained_oof,1.0,205,909,1,0.13170731707317074,27.0,0.08372448211327897,0.18357734398107067,1.0,1.0,1.0,0.0297029702970297,0.7568756875687569,27.0,688.0
source_representative,calibrated__vina,trained_oof,1.0,205,909,2,0.2731707317073171,56.0,0.2048780487804878,0.33831228473019515,1.8682926829268294,1.8164226560189294,1.9162755178867208,0.061606160616061605,0.8041804180418042,56.0,731.0
source_representative,calibrated__vina,trained_oof,1.0,205,909,3,0.4878048780487805,100.0,0.4112048497095226,0.5643623572883604,2.5951219512195123,2.4881459349314285,2.7019359756097563,0.11001100110011001,0.8635863586358636,100.0,785.0
source_representative,calibrated__vina,trained_oof,1.0,205,909,4,0.5951219512195122,122.0,0.5162547460844803,0.67,3.107317073170732,2.9452529021558873,3.271461038961039,0.1342134213421342,0.8943894389438944,122.0,813.0
source_representative,calibrated__vina,trained_oof,1.0,205,909,5,0.7073170731707317,145.0,0.6320569950439092,0.7799066985645933,3.5121951219512195,3.2856964285714283,3.7452173223350256,0.15951595159515952,0.9251925192519251,145.0,841.0
source_representative,calibrated__vina,trained_oof,1.0,205,909,6,0.7951219512195122,163.0,0.7293504541962308,0.8564939253213245,3.8048780487804876,3.5226019258855854,4.103294898927242,0.1793179317931793,0.9471947194719472,163.0,861.0
source_representative,calibrated__vina,trained_oof,1.0,205,909,7,0.8585365853658536,176.0,0.7981220657276995,0.9123711340206185,4.009756097560976,3.6748768472906406,4.358186046511627,0.1936193619361936,0.966996699669967,176.0,879.0
source_representative,calibrated__vina,trained_oof,1.0,205,909,8,0.9073170731707317,186.0,0.8646252499693915,0.9444514237855945,4.151219512195122,3.777162264627828,4.547211496270294,0.20462046204620463,0.977997799779978,186.0,889.0
source_representative,calibrated__vina,trained_oof,1.0,205,909,9,0.9707317073170731,199.0,0.9458061015461151,0.9906976744186047,4.2439024390243905,3.8480224458204333,4.661875220926121,0.21892189218921893,0.9933993399339934,199.0,903.0
source_representative,calibrated__vina,trained_oof,1.0,205,909,10,1.0,205.0,1.0,1.0,4.273170731707317,3.873712082501046,4.702325581395348,0.22552255225522552,1.0,205.0,909.0
source_representative,availability__vina,trained_oof,0.125,205,909,1,0.21951219512195122,45.0,0.16585304571638682,0.28,1.0,1.0,1.0,0.04950495049504951,0.735973597359736,45.0,669.0
source_representative,availability__vina,trained_oof,0.125,205,909,2,0.45365853658536587,93.0,0.373134328358209,0.5320276695341029,1.7804878048780488,1.72,1.8341469542836133,0.10231023102310231,0.8360836083608361,93.0,760.0
source_representative,availability__vina,trained_oof,0.125,205,909,3,0.5658536585365853,116.0,0.487549300131467,0.6403998614532019,2.3268292682926828,2.204855600048538,2.4477611940298507,0.1276127612761276,0.8734873487348734,116.0,794.0
source_representative,availability__vina,trained_oof,0.125,205,909,4,0.6585365853658537,135.0,0.5791885070860027,0.7313677823006179,2.7609756097560973,2.572863101917354,2.949507575757576,0.1485148514851485,0.9064906490649065,135.0,824.0
source_representative,availability__vina,trained_oof,0.125,205,909,5,0.7317073170731707,150.0,0.660377358490566,0.7979810419465592,3.102439024390244,2.8495031141234657,3.361420112599495,0.16501650165016502,0.9284928492849285,150.0,844.0
source_representative,availability__vina,trained_oof,0.125,205,909,6,0.8048780487804879,165.0,0.7401843271555197,0.8606965174129353,3.370731707317073,3.06912045129509,3.68812689686054,0.18151815181518152,0.9482948294829483,165.0,862.0
source_representative,availability__vina,trained_oof,0.125,205,909,7,0.8731707317073171,179.0,0.8168895012587604,0.9203980099502488,3.5658536585365854,3.220083955641014,3.9317636907501146,0.19691969196919692,0.9658965896589659,179.0,878.0
source_representative,availability__vina,trained_oof,0.125,205,909,8,0.926829268292683,190.0,0.88722992751603,0.9622641509433962,3.6926829268292685,3.31059491302589,4.0974875621890545,0.20902090209020902,0.9823982398239824,190.0,893.0
source_representative,availability__vina,trained_oof,0.125,205,909,9,0.975609756097561,200.0,0.9521415528280517,0.9951456310679612,3.765853658536585,3.3710094975490192,4.195348837209302,0.22002200220022003,0.9944994499449945,200.0,904.0
source_representative,availability__vina,trained_oof,0.125,205,909,10,1.0,205.0,1.0,1.0,3.790243902439024,3.3921301688992425,4.2242965607498215,0.22552255225522552,1.0,205.0,909.0
source_representative,availability__vina,trained_oof,0.25,205,909,1,0.23414634146341465,48.0,0.1755214972056084,0.2970458208611558,1.0,1.0,1.0,0.052805280528052806,0.7546754675467546,48.0,686.0
source_representative,availability__vina,trained_oof,0.25,205,909,2,0.44878048780487806,92.0,0.37372229760289466,0.5238210818307906,1.7658536585365854,1.702954179138844,1.8244785027943915,0.10121012101210121,0.8415841584158416,92.0,765.0
source_representative,availability__vina,trained_oof,0.25,205,909,3,0.5658536585365853,116.0,0.4852941176470588,0.6391814532117366,2.317073170731707,2.192104990562129,2.436048131653528,0.1276127612761276,0.8833883388338833,116.0,803.0
source_representative,availability__vina,trained_oof,0.25,205,909,4,0.6634146341463415,136.0,0.5885023202135077,0.7285732232591529,2.7512195121951217,2.567773650863011,2.9366243399547396,0.1496149614961496,0.9086908690869087,136.0,826.0
source_representative,availability__vina,trained_oof,0.25,205,909,5,0.751219512195122,154.0,0.6849866504854369,0.8101851851851852,3.0878048780487806,2.845434686672551,3.3333333333333335,0.1694169416941694,0.933993399339934,154.0,849.0
source_representative,availability__vina,trained_oof,0.25,205,909,6,0.8048780487804879,165.0,0.7424203373945643,0.8592233009708737,3.3365853658536584,3.0492610837438425,3.627551020408163,0.18151815181518152,0.9526952695269527,165.0,866.0
source_representative,availability__vina,trained_oof,0.25,205,909,7,0.8780487804878049,180.0,0.8243823396567299,0.9241706161137441,3.5317073170731708,3.211803475505607,3.867370582379293,0.19801980198019803,0.9713971397139713,180.0,883.0
source_representative,availability__vina,trained_oof,0.25,205,909,8,0.926829268292683,190.0,0.8820690394511149,0.9637364047985809,3.653658536585366,3.304547772664737,4.029434046345811,0.20902090209020902,0.9823982398239824,190.0,893.0
source_representative,availability__vina,trained_oof,0.25,205,909,9,0.9609756097560975,197.0,0.9329896907216495,0.9855072463768116,3.726829268292683,3.361485407289095,4.13340909090909,0.21672167216721672,0.9911991199119912,197.0,901.0
source_representative,availability__vina,trained_oof,0.25,205,909,10,1.0,205.0,1.0,1.0,3.765853658536585,3.3848591549295772,4.181828802039083,0.22552255225522552,1.0,205.0,909.0
source_representative,availability__vina,trained_oof,0.5,205,909,1,0.35121951219512193,72.0,0.2810737584875516,0.42132601771673134,1.0,1.0,1.0,0.07920792079207921,0.7876787678767877,72.0,716.0
source_representative,availability__vina,trained_oof,0.5,205,909,2,0.5414634146341464,111.0,0.4660091436790466,0.6153846153846154,1.648780487804878,1.5786739822832685,1.7189262415124484,0.12211221122112212,0.8602860286028603,111.0,782.0
source_representative,availability__vina,trained_oof,0.5,205,909,3,0.6487804878048781,133.0,0.5744653573376978,0.7171850079744816,2.107317073170732,1.9800970149253732,2.2355779967159277,0.14631463146314633,0.8932893289328933,133.0,812.0
source_representative,availability__vina,trained_oof,0.5,205,909,4,0.7073170731707317,145.0,0.6345915841584158,0.772093023255814,2.4585365853658536,2.274872223771025,2.6479797162767547,0.15951595159515952,0.9174917491749175,145.0,834.0
source_representative,availability__vina,trained_oof,0.5,205,909,5,0.7804878048780488,160.0,0.7142857142857143,0.8390350190199148,2.7512195121951217,2.518092145272325,3.0048798599372133,0.17601760176017603,0.9438943894389439,160.0,858.0
source_representative,availability__vina,trained_oof,0.5,205,909,6,0.8585365853658536,176.0,0.8010204081632653,0.9068627450980392,2.970731707317073,2.6910549992375334,3.278309513751995,0.1936193619361936,0.9647964796479648,176.0,877.0
source_representative,availability__vina,trained_oof,0.5,205,909,7,0.9073170731707317,186.0,0.8578029790115098,0.9486076673660119,3.1121951219512196,2.7981209371614306,3.4583582535885165,0.20462046204620463,0.976897689768977,186.0,888.0
source_representative,availability__vina,trained_oof,0.5,205,909,8,0.9414634146341463,193.0,0.8979461015175301,0.9760794030530873,3.204878048780488,2.863849765258216,3.582053618895724,0.21232123212321233,0.9867986798679867,193.0,897.0
source_representative,availability__vina,trained_oof,0.5,205,909,9,0.9902439024390244,203.0,0.9744865253793825,1.0,3.2634146341463413,2.9065200141068592,3.6698124492191027,0.22332233223322331,0.9977997799779978,203.0,907.0
source_representative,availability__vina,trained_oof,0.5,205,909,10,1.0,205.0,1.0,1.0,3.273170731707317,2.915482992293383,3.6836806892568346,0.22552255225522552,1.0,205.0,909.0
source_representative,availability__vina,trained_oof,1.0,205,909,1,0.4097560975609756,84.0,0.3333333333333333,0.48342747083901394,1.0,1.0,1.0,0.0924092409240924,0.8140814081408141,84.0,740.0
source_representative,availability__vina,trained_oof,1.0,205,909,2,0.6048780487804878,124.0,0.529092911160974,0.6774231233041905,1.5902439024390245,1.5165725291609862,1.6666666666666667,0.13641364136413642,0.8778877887788779,124.0,798.0
source_representative,availability__vina,trained_oof,1.0,205,909,3,0.7317073170731707,150.0,0.6633165829145728,0.7971014492753623,1.9853658536585366,1.8506746513038206,2.1256453319227715,0.16501650165016502,0.9196919691969196,150.0,836.0
source_representative,availability__vina,trained_oof,1.0,205,909,4,0.7902439024390244,162.0,0.7295918367346939,0.8461538461538461,2.2536585365853656,2.065410046728972,2.45050210331914,0.1782178217821782,0.9405940594059405,162.0,855.0
source_representative,availability__vina,trained_oof,1.0,205,909,5,0.8341463414634146,171.0,0.7788802386315816,0.8844487179487179,2.4634146341463414,2.2282958090329585,2.7035624984827518,0.18811881188118812,0.9581958195819582,171.0,871.0
source_representative,availability__vina,trained_oof,1.0,205,909,6,0.8780487804878049,180.0,0.8284313725490197,0.9211919250458803,2.629268292682927,2.3546720311827443,2.9068060509802893,0.19801980198019803,0.9680968096809681,180.0,880.0
source_representative,availability__vina,trained_oof,1.0,205,909,7,0.926829268292683,190.0,0.8899988038277512,0.9601990049751243,2.7512195121951217,2.4416904305803464,3.0707070707070705,0.20902090209020902,0.9801980198019802,190.0,891.0
source_representative,availability__vina,trained_oof,1.0,205,909,8,0.9560975609756097,196.0,0.925,0.9811320754716981,2.824390243902439,2.4975344196033853,3.161567603643215,0.2156215621562156,0.988998899889989,196.0,899.0
source_representative,availability__vina,trained_oof,1.0,205,909,9,0.9853658536585366,202.0,0.966183574879227,1.0,2.868292682926829,2.5277606732348112,3.220474910394265,0.2222222222222222,0.9966996699669967,202.0,906.0
source_representative,availability__vina,trained_oof,1.0,205,909,10,1.0,205.0,1.0,1.0,2.8829268292682926,2.5349504716981124,3.2427754854368924,0.22552255225522552,1.0,205.0,909.0
source_representative,plus__vina,trained_oof,0.125,205,909,1,0.1902439024390244,39.0,0.13828870139398386,0.24752475247524752,1.0,1.0,1.0,0.0429042904290429,0.7425742574257426,39.0,675.0
source_representative,plus__vina,trained_oof,0.125,205,909,2,0.43902439024390244,90.0,0.36189179632248936,0.5136394912427023,1.8097560975609757,1.7524752475247525,1.861711298606016,0.09900990099009901,0.8338833883388339,90.0,758.0
source_representative,plus__vina,trained_oof,0.125,205,909,3,0.5609756097560976,115.0,0.48073979591836735,0.6355242264767261,2.370731707317073,2.2594157748990895,2.4857242063492064,0.1265126512651265,0.8822882288228823,115.0,802.0
source_representative,plus__vina,trained_oof,0.125,205,909,4,0.6341463414634146,130.0,0.554442098621627,0.7109004739336493,2.8097560975609754,2.6407525422169047,2.9950756851116744,0.14301430143014301,0.9020902090209021,130.0,820.0
source_representative,plus__vina,trained_oof,0.125,205,909,5,0.6829268292682927,140.0,0.606467227695676,0.7575861353258613,3.175609756097561,2.9438452055463333,3.4299244287439072,0.15401540154015403,0.9163916391639164,140.0,833.0
source_representative,plus__vina,trained_oof,0.125,205,909,6,0.7658536585365854,157.0,0.6898108237547892,0.8333333333333334,3.4926829268292683,3.19997512437811,3.8078902085160946,0.17271727172717272,0.9394939493949395,157.0,854.0
source_representative,plus__vina,trained_oof,0.125,205,909,7,0.8829268292682927,181.0,0.8308457711442786,0.9274630171960652,3.726829268292683,3.3787842012356575,4.098522167487685,0.19911991199119913,0.9691969196919692,181.0,881.0
source_representative,plus__vina,trained_oof,0.125,205,909,8,0.926829268292683,190.0,0.8872410170964937,0.9611697387552178,3.84390243902439,3.466658653846154,4.256175712929904,0.20902090209020902,0.9823982398239824,190.0,893.0
source_representative,plus__vina,trained_oof,0.125,205,909,9,0.9658536585365853,198.0,0.9386738026124818,0.99,3.9170731707317072,3.524020401554404,4.347156948600063,0.21782178217821782,0.9922992299229924,198.0,902.0
source_representative,plus__vina,trained_oof,0.125,205,909,10,1.0,205.0,1.0,1.0,3.951219512195122,3.5555147058823535,4.39440551941088,0.22552255225522552,1.0,205.0,909.0
source_representative,plus__vina,trained_oof,0.25,205,909,1,0.2048780487804878,42.0,0.15048543689320387,0.2622260726072607,1.0,1.0,1.0,0.0462046204620462,0.7458745874587459,42.0,678.0
source_representative,plus__vina,trained_oof,0.25,205,909,2,0.4292682926829268,88.0,0.35323383084577115,0.5024875621890548,1.7951219512195122,1.737773927392739,1.8495145631067962,0.0968096809680968,0.8360836083608361,88.0,760.0
source_representative,plus__vina,trained_oof,0.25,205,909,3,0.5658536585365853,116.0,0.48931977780106906,0.641157353073937,2.3658536585365852,2.2546634895934643,2.4778484219954273,0.1276127612761276,0.8844884488448845,116.0,804.0
source_representative,plus__vina,trained_oof,0.25,205,909,4,0.6682926829268293,137.0,0.5934456159301179,0.7363250819075354,2.8,2.623639883715249,2.975837439018499,0.15071507150715072,0.9152915291529153,137.0,832.0
source_representative,plus__vina,trained_oof,0.25,205,909,5,0.751219512195122,154.0,0.6820454545454545,0.8104328670685134,3.131707317073171,2.896902376458061,3.37245379283789,0.1694169416941694,0.9372937293729373,154.0,852.0
source_representative,plus__vina,trained_oof,0.25,205,909,6,0.8195121951219512,168.0,0.7567464672794623,0.8768472906403941,3.3804878048780487,3.1078376417831706,3.6699463327370294,0.1848184818481848,0.9570957095709571,168.0,870.0
source_representative,plus__vina,trained_oof,0.25,205,909,7,0.8731707317073171,179.0,0.8142857142857143,0.9274630171960652,3.5609756097560976,3.2383358006415004,3.894856459330143,0.19691969196919692,0.9702970297029703,179.0,882.0
source_representative,plus__vina,trained_oof,0.25,205,909,8,0.9219512195121952,189.0,0.8774206464764124,0.9604009169389844,3.6878048780487807,3.333333333333334,4.068828449495641,0.2079207920792079,0.9812981298129813,189.0,892.0
source_representative,plus__vina,trained_oof,0.25,205,909,9,0.9512195121951219,195.0,0.912621359223301,0.9848484848484849,3.765853658536585,3.3846059113300497,4.167464997626958,0.2145214521452145,0.988998899889989,195.0,899.0
source_representative,plus__vina,trained_oof,0.25,205,909,10,1.0,205.0,1.0,1.0,3.8146341463414632,3.4129060579455666,4.2388614619211635,0.22552255225522552,1.0,205.0,909.0
source_representative,plus__vina,trained_oof,0.5,205,909,1,0.36097560975609755,74.0,0.2925506824568446,0.4300155502392344,1.0,1.0,1.0,0.0814081408140814,0.7865786578657866,74.0,715.0
source_representative,plus__vina,trained_oof,0.5,205,909,2,0.5219512195121951,107.0,0.4405839926097873,0.5942228260869564,1.6390243902439023,1.5699844497607656,1.7074493175431553,0.11771177117711772,0.858085808580858,107.0,780.0
source_representative,plus__vina,trained_oof,0.5,205,909,3,0.6634146341463415,136.0,0.5931098185542873,0.7320640616693248,2.1170731707317074,1.9856407070190922,2.2548076923076925,0.1496149614961496,0.9020902090209021,136.0,820.0
source_representative,plus__vina,trained_oof,0.5,205,909,4,0.7121951219512195,146.0,0.6390173668752395,0.7794136500754147,2.453658536585366,2.2636623221918573,2.6523979591836735,0.16061606160616063,0.9251925192519251,146.0,841.0
source_representative,plus__vina,trained_oof,0.5,205,909,5,0.8,164.0,0.7360358203237237,0.8599057971014493,2.7414634146341466,2.4975330771413096,2.9857869734685742,0.18041804180418042,0.9471947194719472,164.0,861.0
source_representative,plus__vina,trained_oof,0.5,205,909,6,0.8390243902439024,172.0,0.7788932643989177,0.8926914350538854,2.9414634146341463,2.6454349330872176,3.2427509639057925,0.18921892189218922,0.9570957095709571,172.0,870.0
source_representative,plus__vina,trained_oof,0.5,205,909,7,0.8829268292682927,181.0,0.8260758082497213,0.9323671497584541,3.102439024390244,2.760951219512195,3.445527702263815,0.19911991199119913,0.9724972497249725,181.0,884.0
source_representative,plus__vina,trained_oof,0.5,205,909,8,0.9512195121951219,195.0,0.9195979899497487,0.9776154532434905,3.2195121951219514,2.844948816611007,3.6084656084656084,0.2145214521452145,0.988998899889989,195.0,899.0
source_representative,plus__vina,trained_oof,0.5,205,909,9,0.9853658536585366,202.0,0.966183574879227,1.0,3.268292682926829,2.8799483568075126,3.6748195664457795,0.2222222222222222,0.9966996699669967,202.0,906.0
source_representative,plus__vina,trained_oof,0.5,205,909,10,1.0,205.0,1.0,1.0,3.2829268292682925,2.8965188834154345,3.697439024390244,0.22552255225522552,1.0,205.0,909.0
source_representative,plus__vina,trained_oof,1.0,205,909,1,0.4292682926829268,88.0,0.3538308457711443,0.5024881872046801,1.0,1.0,1.0,0.0968096809680968,0.8173817381738174,88.0,743.0
source_representative,plus__vina,trained_oof,1.0,205,909,2,0.6146341463414634,126.0,0.5408163265306123,0.6875,1.5707317073170732,1.4975118127953198,1.6461691542288555,0.13861386138613863,0.8811881188118812,126.0,801.0
source_representative,plus__vina,trained_oof,1.0,205,909,3,0.7268292682926829,149.0,0.6616896577717473,0.7918608037274315,1.9560975609756097,1.8226293103448277,2.0934613968049356,0.1639163916391639,0.9207920792079208,149.0,837.0
source_representative,plus__vina,trained_oof,1.0,205,909,4,0.7804878048780488,160.0,0.7193877551020408,0.8385724608420292,2.229268292682927,2.04,2.422110552763819,0.17601760176017603,0.9405940594059405,160.0,855.0
source_representative,plus__vina,trained_oof,1.0,205,909,5,0.848780487804878,174.0,0.7989936454760576,0.8960442742387447,2.448780487804878,2.2098139880952385,2.683686895810956,0.19141914191419143,0.9603960396039604,174.0,873.0
source_representative,plus__vina,trained_oof,1.0,205,909,6,0.8926829268292683,183.0,0.8497352734040948,0.9329896907216495,2.6,2.3270647685285812,2.8719665870527935,0.20132013201320131,0.9735973597359736,183.0,885.0
source_representative,plus__vina,trained_oof,1.0,205,909,7,0.9317073170731708,191.0,0.8960319787902961,0.9619092755585646,2.707317073170732,2.4079553687871327,3.0050410509031193,0.21012101210121012,0.9834983498349835,191.0,894.0
source_representative,plus__vina,trained_oof,1.0,205,909,8,0.9658536585365853,198.0,0.9380803571428571,0.99,2.7756097560975608,2.4549141129291665,3.0979406711138058,0.21782178217821782,0.9922992299229924,198.0,902.0
source_representative,plus__vina,trained_oof,1.0,205,909,9,0.9707317073170731,199.0,0.945,0.9905660377358491,2.8097560975609754,2.4702837900069077,3.1428926794598437,0.21892189218921893,0.9933993399339934,199.0,903.0
source_representative,plus__vina,trained_oof,1.0,205,909,10,1.0,205.0,1.0,1.0,2.8390243902439023,2.495269506628993,3.1842348927875244,0.22552255225522552,1.0,205.0,909.0
source_representative,native__boltz_affinity,static_native_zero_local_labels,0.0,205,909,1,0.3170731707317073,65.0,0.23834196891191708,0.4,1.0,1.0,1.0,0.07150715071507151,0.7953795379537953,65.0,723.0
source_representative,native__boltz_affinity,static_native_zero_local_labels,0.0,205,909,2,0.4292682926829268,88.0,0.352379718726869,0.5097111174566914,1.6829268292682926,1.6,1.761658031088083,0.0968096809680968,0.8492849284928493,88.0,772.0
source_representative,native__boltz_affinity,static_native_zero_local_labels,0.0,205,909,3,0.4878048780487805,100.0,0.4101347926267281,0.567585426836528,2.2536585365853656,2.0966111554314586,2.4048780487804877,0.11001100110011001,0.8690869086908691,100.0,790.0
source_representative,native__boltz_affinity,static_native_zero_local_labels,0.0,205,909,4,0.526829268292683,108.0,0.45,0.6084905660377359,2.765853658536585,2.5330391280857785,2.9808510638297867,0.1188118811881188,0.8822882288228823,108.0,802.0
source_representative,native__boltz_affinity,static_native_zero_local_labels,0.0,205,909,5,0.6390243902439025,131.0,0.5673076923076923,0.7135922330097088,3.2390243902439027,2.9276001705029837,3.5279633864401663,0.14411441144114412,0.9108910891089109,131.0,828.0
source_representative,native__boltz_affinity,static_native_zero_local_labels,0.0,205,909,6,0.7024390243902439,144.0,0.6278980778357854,0.7725289490399178,3.6,3.235374703791469,3.9460850071736013,0.15841584158415842,0.9284928492849285,144.0,844.0
source_representative,native__boltz_affinity,static_native_zero_local_labels,0.0,205,909,7,0.7658536585365854,157.0,0.6995299382501908,0.8274155434972869,3.897560975609756,3.4718375602124425,4.291472834469377,0.17271727172717272,0.9460946094609461,157.0,860.0
source_representative,native__boltz_affinity,static_native_zero_local_labels,0.0,205,909,8,0.824390243902439,169.0,0.7666666666666667,0.8768579265562024,4.131707317073171,3.658875736368871,4.57489749027925,0.1859185918591859,0.9603960396039604,169.0,873.0
source_representative,native__boltz_affinity,static_native_zero_local_labels,0.0,205,909,9,0.9317073170731708,191.0,0.8952380952380953,0.9644670050761421,4.307317073170732,3.796005258899677,4.790279471544715,0.21012101210121012,0.9845984598459846,191.0,895.0
source_representative,native__boltz_affinity,static_native_zero_local_labels,0.0,205,909,10,1.0,205.0,1.0,1.0,4.375609756097561,3.847288929939792,4.869383400254861,0.22552255225522552,1.0,205.0,909.0
source_representative,native__boltz_binary,static_native_zero_local_labels,0.0,205,909,1,0.3951219512195122,81.0,0.32336302359171887,0.4717047257979192,1.0,1.0,1.0,0.0891089108910891,0.7887788778877888,81.0,717.0
source_representative,native__boltz_binary,static_native_zero_local_labels,0.0,205,909,2,0.5804878048780487,119.0,0.507457278823275,0.6511627906976745,1.604878048780488,1.5282952742020806,1.6766369764082811,0.13091309130913092,0.8800880088008801,119.0,800.0
source_representative,native__boltz_binary,static_native_zero_local_labels,0.0,205,909,3,0.6829268292682927,140.0,0.6133971989885236,0.7488157169624159,2.024390243902439,1.883715285617521,2.159093735866124,0.15401540154015403,0.9130913091309131,140.0,830.0
source_representative,native__boltz_binary,static_native_zero_local_labels,0.0,205,909,4,0.7658536585365854,157.0,0.7031211324257426,0.8260920596040008,2.341463414634146,2.1452898550724635,2.536601582771147,0.17271727172717272,0.9383938393839384,157.0,853.0
source_representative,native__boltz_binary,static_native_zero_local_labels,0.0,205,909,5,0.824390243902439,169.0,0.7688360785408525,0.8786444542512504,2.575609756097561,2.334804310833806,2.828153582317073,0.1859185918591859,0.9537953795379538,169.0,867.0
source_representative,native__boltz_binary,static_native_zero_local_labels,0.0,205,909,6,0.8780487804878049,180.0,0.8316326530612245,0.9207955330416763,2.7512195121951217,2.4739577162322277,3.0459422831632654,0.19801980198019803,0.9702970297029703,180.0,882.0
source_representative,native__boltz_binary,static_native_zero_local_labels,0.0,205,909,7,0.9024390243902439,185.0,0.8586374213337564,0.9411830948595654,2.873170731707317,2.5622043010752686,3.1989814053583516,0.20352035203520352,0.977997799779978,185.0,889.0
source_representative,native__boltz_binary,static_native_zero_local_labels,0.0,205,909,8,0.9707317073170731,199.0,0.9436601661249548,0.9906114255627221,2.970731707317073,2.630128753951528,3.324514277715566,0.21892189218921893,0.9933993399339934,199.0,903.0
source_representative,native__boltz_binary,static_native_zero_local_labels,0.0,205,909,9,0.9902439024390244,203.0,0.975,1.0,3.0,2.6470451436388505,3.363658755038065,0.22332233223322331,0.9977997799779978,203.0,907.0
source_representative,native__boltz_binary,static_native_zero_local_labels,0.0,205,909,10,1.0,205.0,1.0,1.0,3.0097560975609756,2.65533185653114,3.3756754707443446,0.22552255225522552,1.0,205.0,909.0
source_representative,native__boltzina_vina_far_affinity,static_native_zero_local_labels,0.0,205,909,1,0.28780487804878047,59.0,0.21393034825870647,0.36493068720379146,1.0,1.0,1.0,0.06490649064906491,0.7931793179317932,59.0,721.0
source_representative,native__boltzina_vina_far_affinity,static_native_zero_local_labels,0.0,205,909,2,0.4146341463414634,85.0,0.3333333333333333,0.5,1.7121951219512195,1.6350693127962086,1.7860696517412935,0.09350935093509351,0.8404840484048405,85.0,764.0
source_representative,native__boltzina_vina_far_affinity,static_native_zero_local_labels,0.0,205,909,3,0.48292682926829267,99.0,0.4030575094115316,0.5658825748051293,2.297560975609756,2.140344520722095,2.4449766746411483,0.10891089108910891,0.8668866886688669,99.0,788.0
source_representative,native__boltzina_vina_far_affinity,static_native_zero_local_labels,0.0,205,909,4,0.5121951219512195,105.0,0.4333040201005025,0.5952408637873754,2.8146341463414632,2.5820611229566457,3.0328716374073825,0.11551155115511551,0.8800880088008801,105.0,800.0
source_representative,native__boltzina_vina_far_affinity,static_native_zero_local_labels,0.0,205,909,5,0.5902439024390244,121.0,0.5145596060492905,0.6699545477629373,3.3024390243902437,2.995141990291262,3.5891372856797874,0.1331133113311331,0.8987898789878987,121.0,817.0
source_representative,native__boltzina_vina_far_affinity,static_native_zero_local_labels,0.0,205,909,6,0.6878048780487804,141.0,0.6177896944117961,0.755871352517016,3.7121951219512197,3.328667929292929,4.070387836618993,0.1551155115511551,0.922992299229923,141.0,839.0
source_representative,native__boltzina_vina_far_affinity,static_native_zero_local_labels,0.0,205,909,7,0.7853658536585366,161.0,0.7232740021574973,0.8423645320197044,4.024390243902439,3.581680253623188,4.429327932793279,0.1771177117711771,0.9493949394939494,161.0,863.0
source_representative,native__boltzina_vina_far_affinity,static_native_zero_local_labels,0.0,205,909,8,0.8536585365853658,175.0,0.7979578392621871,0.9027811488673139,4.239024390243903,3.7487209302325573,4.692723366611904,0.1925192519251925,0.9658965896589659,175.0,878.0
source_representative,native__boltzina_vina_far_affinity,static_native_zero_local_labels,0.0,205,909,9,0.9414634146341463,193.0,0.9043013043193288,0.9743622448979592,4.385365853658537,3.8654029077410867,4.873967110125645,0.21232123212321233,0.9867986798679867,193.0,897.0
source_representative,native__boltzina_vina_far_affinity,static_native_zero_local_labels,0.0,205,909,10,1.0,205.0,1.0,1.0,4.443902439024391,3.9049084967320264,4.956961722488039,0.22552255225522552,1.0,205.0,909.0
source_representative,native__boltzina_vina_far_binary,static_native_zero_local_labels,0.0,205,909,1,0.4195121951219512,86.0,0.3484632034632035,0.4925391515329755,1.0,1.0,1.0,0.09460946094609461,0.801980198019802,86.0,729.0
source_representative,native__boltzina_vina_far_binary,static_native_zero_local_labels,0.0,205,909,2,0.5853658536585366,120.0,0.5104139819587629,0.6542056074766355,1.5804878048780489,1.5074608484670247,1.6515367965367962,0.132013201320132,0.8800880088008801,120.0,800.0
source_representative,native__boltzina_vina_far_binary,static_native_zero_local_labels,0.0,205,909,3,0.7024390243902439,144.0,0.6354166666666666,0.7652594136246048,1.9951219512195122,1.8625592417061612,2.129353233830846,0.15841584158415842,0.9218921892189219,144.0,838.0
source_representative,native__boltzina_vina_far_binary,static_native_zero_local_labels,0.0,205,909,4,0.7560975609756098,155.0,0.6934573859395989,0.8190575396825396,2.292682926829268,2.110047846889952,2.479177295918367,0.1705170517051705,0.9372937293729373,155.0,852.0
source_representative,native__boltzina_vina_far_binary,static_native_zero_local_labels,0.0,205,909,5,0.8292682926829268,170.0,0.7754918183489612,0.8798125,2.5365853658536586,2.306122732836319,2.771295198985779,0.18701870187018702,0.9581958195819582,170.0,871.0
source_representative,native__boltzina_vina_far_binary,static_native_zero_local_labels,0.0,205,909,6,0.8926829268292683,183.0,0.8473664765361679,0.9326923076923077,2.707317073170732,2.4385818293683346,2.9843810096153844,0.20132013201320131,0.9724972497249725,183.0,884.0
source_representative,native__boltzina_vina_far_binary,static_native_zero_local_labels,0.0,205,909,7,0.9219512195121952,189.0,0.8842458010335917,0.9558839725317441,2.8146341463414632,2.5237983978638185,3.11734693877551,0.2079207920792079,0.9812981298129813,189.0,892.0
source_representative,native__boltzina_vina_far_binary,static_native_zero_local_labels,0.0,205,909,8,0.9512195121951219,195.0,0.919587838180803,0.9761932972241029,2.892682926829268,2.580131198445056,3.213939232409382,0.2145214521452145,0.988998899889989,195.0,899.0
source_representative,native__boltzina_vina_far_binary,static_native_zero_local_labels,0.0,205,909,9,0.9853658536585366,202.0,0.9661794709441396,1.0,2.9414634146341463,2.6125816574868717,3.27809756097561,0.2222222222222222,0.9966996699669967,202.0,906.0
source_representative,native__boltzina_vina_far_binary,static_native_zero_local_labels,0.0,205,909,10,1.0,205.0,1.0,1.0,2.9560975609756097,2.6208339369606164,3.2989948453608244,0.22552255225522552,1.0,205.0,909.0
source_representative,native__boltzina_vina_zero_affinity,static_native_zero_local_labels,0.0,205,909,1,0.28780487804878047,59.0,0.21393034825870647,0.36493068720379146,1.0,1.0,1.0,0.06490649064906491,0.7931793179317932,59.0,721.0
source_representative,native__boltzina_vina_zero_affinity,static_native_zero_local_labels,0.0,205,909,2,0.4146341463414634,85.0,0.3333333333333333,0.5,1.7121951219512195,1.6350693127962086,1.7860696517412935,0.09350935093509351,0.8404840484048405,85.0,764.0
source_representative,native__boltzina_vina_zero_affinity,static_native_zero_local_labels,0.0,205,909,3,0.48292682926829267,99.0,0.4030575094115316,0.5658825748051293,2.297560975609756,2.140344520722095,2.4449766746411483,0.10891089108910891,0.8668866886688669,99.0,788.0
source_representative,native__boltzina_vina_zero_affinity,static_native_zero_local_labels,0.0,205,909,4,0.5121951219512195,105.0,0.4333040201005025,0.5952408637873754,2.8146341463414632,2.5820611229566457,3.0328716374073825,0.11551155115511551,0.8800880088008801,105.0,800.0
source_representative,native__boltzina_vina_zero_affinity,static_native_zero_local_labels,0.0,205,909,5,0.5902439024390244,121.0,0.5145596060492905,0.6699545477629373,3.3024390243902437,2.995141990291262,3.5891372856797874,0.1331133113311331,0.8987898789878987,121.0,817.0
source_representative,native__boltzina_vina_zero_affinity,static_native_zero_local_labels,0.0,205,909,6,0.6878048780487804,141.0,0.6177896944117961,0.755871352517016,3.7121951219512197,3.328667929292929,4.070387836618993,0.1551155115511551,0.922992299229923,141.0,839.0
source_representative,native__boltzina_vina_zero_affinity,static_native_zero_local_labels,0.0,205,909,7,0.7853658536585366,161.0,0.7232740021574973,0.8423645320197044,4.024390243902439,3.581680253623188,4.429327932793279,0.1771177117711771,0.9493949394939494,161.0,863.0
source_representative,native__boltzina_vina_zero_affinity,static_native_zero_local_labels,0.0,205,909,8,0.8536585365853658,175.0,0.7979578392621871,0.9027811488673139,4.239024390243903,3.7487209302325573,4.692723366611904,0.1925192519251925,0.9658965896589659,175.0,878.0
source_representative,native__boltzina_vina_zero_affinity,static_native_zero_local_labels,0.0,205,909,9,0.9414634146341463,193.0,0.9043013043193288,0.9743622448979592,4.385365853658537,3.8654029077410867,4.873967110125645,0.21232123212321233,0.9867986798679867,193.0,897.0
source_representative,native__boltzina_vina_zero_affinity,static_native_zero_local_labels,0.0,205,909,10,1.0,205.0,1.0,1.0,4.443902439024391,3.9049084967320264,4.956961722488039,0.22552255225522552,1.0,205.0,909.0
source_representative,native__boltzina_vina_zero_binary,static_native_zero_local_labels,0.0,205,909,1,0.4195121951219512,86.0,0.3484632034632035,0.4925391515329755,1.0,1.0,1.0,0.09460946094609461,0.801980198019802,86.0,729.0
source_representative,native__boltzina_vina_zero_binary,static_native_zero_local_labels,0.0,205,909,2,0.5853658536585366,120.0,0.5104139819587629,0.6542056074766355,1.5804878048780489,1.5074608484670247,1.6515367965367962,0.132013201320132,0.8800880088008801,120.0,800.0
source_representative,native__boltzina_vina_zero_binary,static_native_zero_local_labels,0.0,205,909,3,0.7024390243902439,144.0,0.6354166666666666,0.7652594136246048,1.9951219512195122,1.8625592417061612,2.129353233830846,0.15841584158415842,0.9218921892189219,144.0,838.0
source_representative,native__boltzina_vina_zero_binary,static_native_zero_local_labels,0.0,205,909,4,0.7560975609756098,155.0,0.6934573859395989,0.8190575396825396,2.292682926829268,2.110047846889952,2.479177295918367,0.1705170517051705,0.9372937293729373,155.0,852.0
source_representative,native__boltzina_vina_zero_binary,static_native_zero_local_labels,0.0,205,909,5,0.8292682926829268,170.0,0.7754918183489612,0.8798125,2.5365853658536586,2.306122732836319,2.771295198985779,0.18701870187018702,0.9581958195819582,170.0,871.0
source_representative,native__boltzina_vina_zero_binary,static_native_zero_local_labels,0.0,205,909,6,0.8926829268292683,183.0,0.8473664765361679,0.9326923076923077,2.707317073170732,2.4385818293683346,2.9843810096153844,0.20132013201320131,0.9724972497249725,183.0,884.0
source_representative,native__boltzina_vina_zero_binary,static_native_zero_local_labels,0.0,205,909,7,0.9219512195121952,189.0,0.8842458010335917,0.9558839725317441,2.8146341463414632,2.5237983978638185,3.11734693877551,0.2079207920792079,0.9812981298129813,189.0,892.0
source_representative,native__boltzina_vina_zero_binary,static_native_zero_local_labels,0.0,205,909,8,0.9512195121951219,195.0,0.919587838180803,0.9761932972241029,2.892682926829268,2.580131198445056,3.213939232409382,0.2145214521452145,0.988998899889989,195.0,899.0
source_representative,native__boltzina_vina_zero_binary,static_native_zero_local_labels,0.0,205,909,9,0.9853658536585366,202.0,0.9661794709441396,1.0,2.9414634146341463,2.6125816574868717,3.27809756097561,0.2222222222222222,0.9966996699669967,202.0,906.0
source_representative,native__boltzina_vina_zero_binary,static_native_zero_local_labels,0.0,205,909,10,1.0,205.0,1.0,1.0,2.9560975609756097,2.6208339369606164,3.2989948453608244,0.22552255225522552,1.0,205.0,909.0
source_representative,native__gnina,static_native_zero_local_labels,0.0,205,909,1,0.23902439024390243,49.0,0.17324598839194263,0.30583511404282987,1.0,1.0,1.0,0.0539053905390539,0.7656765676567657,49.0,696.0
source_representative,native__gnina,static_native_zero_local_labels,0.0,205,909,2,0.36097560975609755,74.0,0.28281499202551835,0.43319928701852,1.7609756097560976,1.69416488595717,1.8267540116080574,0.0814081408140814,0.8250825082508251,74.0,750.0
source_representative,native__gnina,static_native_zero_local_labels,0.0,205,909,3,0.48292682926829267,99.0,0.406659305606674,0.5550138888888888,2.4,2.2663476378290324,2.5350088383838383,0.10891089108910891,0.8624862486248625,99.0,784.0
source_representative,native__gnina,static_native_zero_local_labels,0.0,205,909,4,0.5609756097560976,115.0,0.4855769230769231,0.6328502415458938,2.9170731707317072,2.7216556603773587,3.1226849244344312,0.1265126512651265,0.8921892189218922,115.0,811.0
source_representative,native__gnina,static_native_zero_local_labels,0.0,205,909,5,0.6146341463414634,126.0,0.5422885572139303,0.6824644549763034,3.3560975609756096,3.0943326172239862,3.6232014791573284,0.13861386138613863,0.9075907590759076,126.0,825.0
source_representative,native__gnina,static_native_zero_local_labels,0.0,205,909,6,0.697560975609756,143.0,0.6281376690214358,0.7609932755869614,3.7414634146341466,3.429164604689525,4.067414868661872,0.1573157315731573,0.9284928492849285,143.0,844.0
source_representative,native__gnina,static_native_zero_local_labels,0.0,205,909,7,0.8,164.0,0.7403799019607844,0.8529411764705882,4.04390243902439,3.6758882428940565,4.429286585365854,0.18041804180418042,0.9548954895489549,164.0,868.0
source_representative,native__gnina,static_native_zero_local_labels,0.0,205,909,8,0.8731707317073171,179.0,0.8207455577944679,0.919290398179237,4.2439024390243905,3.846493697022386,4.664965095986037,0.19691969196919692,0.9713971397139713,179.0,883.0
source_representative,native__gnina,static_native_zero_local_labels,0.0,205,909,9,0.9463414634146341,194.0,0.9100515873015873,0.9754901960784313,4.3707317073170735,3.9429807764511526,4.8128535383876,0.21342134213421343,0.9878987898789879,194.0,898.0
source_representative,native__gnina,static_native_zero_local_labels,0.0,205,909,10,1.0,205.0,1.0,1.0,4.424390243902439,3.9858439785140387,4.875611803696063,0.22552255225522552,1.0,205.0,909.0
source_representative,native__nesso_affinity,static_native_zero_local_labels,0.0,205,909,1,0.33170731707317075,68.0,0.25263022246337496,0.4115183216969804,1.0,1.0,1.0,0.0748074807480748,0.8041804180418042,68.0,731.0
source_representative,native__nesso_affinity,static_native_zero_local_labels,0.0,205,909,2,0.4097560975609756,84.0,0.32828088578088577,0.4902935959671397,1.6682926829268292,1.5884816783030196,1.7473697775366253,0.0924092409240924,0.8415841584158416,84.0,765.0
source_representative,native__nesso_affinity,static_native_zero_local_labels,0.0,205,909,3,0.4975609756097561,102.0,0.41915988240615104,0.575227500417432,2.2585365853658534,2.1035836069714575,2.4157907764460655,0.11221122112211221,0.8690869086908691,102.0,790.0
source_representative,native__nesso_affinity,static_native_zero_local_labels,0.0,205,909,4,0.5414634146341464,111.0,0.4603884860317018,0.6201923076923077,2.7609756097560973,2.5333187772925765,2.9846231155778895,0.12211221122112212,0.8866886688668867,111.0,806.0
source_representative,native__nesso_affinity,static_native_zero_local_labels,0.0,205,909,5,0.624390243902439,128.0,0.5495049504950495,0.6961007130124776,3.2195121951219514,2.9174360312131387,3.5104194078947373,0.1408140814081408,0.9075907590759076,128.0,825.0
source_representative,native__nesso_affinity,static_native_zero_local_labels,0.0,205,909,6,0.6536585365853659,134.0,0.5841490500401391,0.7255813953488373,3.5951219512195123,3.2373125365188606,3.9538520408163267,0.1474147414741474,0.9174917491749175,134.0,834.0
source_representative,native__nesso_affinity,static_native_zero_local_labels,0.0,205,909,7,0.7121951219512195,146.0,0.6470515071700322,0.775703030049034,3.9414634146341463,3.5226872599231758,4.362791053921568,0.16061606160616063,0.9328932893289329,146.0,848.0
source_representative,native__nesso_affinity,static_native_zero_local_labels,0.0,205,909,8,0.7853658536585366,161.0,0.7249909420289855,0.84,4.229268292682927,3.7678903162055333,4.702983979302452,0.1771177117711771,0.9504950495049505,161.0,864.0
source_representative,native__nesso_affinity,static_native_zero_local_labels,0.0,205,909,9,0.8926829268292683,183.0,0.85,0.9303534411276948,4.443902439024391,3.9348449612403096,4.96199080622348,0.20132013201320131,0.9757975797579758,183.0,887.0
source_representative,native__nesso_affinity,static_native_zero_local_labels,0.0,205,909,10,1.0,205.0,1.0,1.0,4.5512195121951216,4.0183846329229365,5.093607642783983,0.22552255225522552,1.0,205.0,909.0
source_representative,native__nesso_binary,static_native_zero_local_labels,0.0,205,909,1,0.28780487804878047,59.0,0.2198857106372111,0.3581412703922249,1.0,1.0,1.0,0.06490649064906491,0.768976897689769,59.0,699.0
source_representative,native__nesso_binary,static_native_zero_local_labels,0.0,205,909,2,0.4292682926829268,88.0,0.3549919950738916,0.5000560538116589,1.7121951219512195,1.6418587296077751,1.7801142893627888,0.0968096809680968,0.8338833883388339,88.0,758.0
source_representative,native__nesso_binary,static_native_zero_local_labels,0.0,205,909,3,0.5414634146341464,111.0,0.46859137504418524,0.6111171761280931,2.2829268292682925,2.1448429689198,2.418727422003284,0.12211221122112212,0.8756875687568757,111.0,796.0
source_representative,native__nesso_binary,static_native_zero_local_labels,0.0,205,909,4,0.6390243902439025,131.0,0.5658536585365853,0.7070826186392224,2.7414634146341466,2.5450231042654026,2.9391015993673957,0.14411441144114412,0.9086908690869087,131.0,826.0
source_representative,native__nesso_binary,static_native_zero_local_labels,0.0,205,909,5,0.7219512195121951,148.0,0.6519552970441909,0.7884736180904521,3.102439024390244,2.8487765719400313,3.3537753991291726,0.1628162816281628,0.9295929592959296,148.0,845.0
source_representative,native__nesso_binary,static_native_zero_local_labels,0.0,205,909,6,0.7804878048780488,160.0,0.7156238151658767,0.8425937676254934,3.3804878048780487,3.0825577272525817,3.685728291316526,0.17601760176017603,0.944994499449945,160.0,859.0
source_representative,native__nesso_binary,static_native_zero_local_labels,0.0,205,909,7,0.8536585365853658,175.0,0.8,0.9022248062015504,3.6,3.25866737739872,3.9566136707765516,0.1925192519251925,0.9636963696369637,175.0,876.0
source_representative,native__nesso_binary,static_native_zero_local_labels,0.0,205,909,8,0.9317073170731708,191.0,0.8930191029900332,0.964824120603015,3.7463414634146344,3.371360028860029,4.141363810496744,0.21012101210121012,0.9834983498349835,191.0,894.0
source_representative,native__nesso_binary,static_native_zero_local_labels,0.0,205,909,9,0.975609756097561,200.0,0.9497711158532387,0.9952153110047847,3.8146341463414632,3.416238602509705,4.230805687203791,0.22002200220022003,0.9944994499449945,200.0,904.0
source_representative,native__nesso_binary,static_native_zero_local_labels,0.0,205,909,10,1.0,205.0,1.0,1.0,3.8390243902439023,3.427227687734447,4.265096698113208,0.22552255225522552,1.0,205.0,909.0
source_representative,native__raw_ad4,static_native_zero_local_labels,0.0,205,909,1,0.16585365853658537,34.0,0.10256097560975609,0.23558372641509429,1.0,1.0,1.0,0.0374037403740374,0.746974697469747,34.0,679.0
source_representative,native__raw_ad4,static_native_zero_local_labels,0.0,205,909,2,0.24878048780487805,51.0,0.18,0.32211538461538464,1.8341463414634147,1.7644162735849056,1.8974390243902437,0.056105610561056105,0.7942794279427943,51.0,722.0
source_representative,native__raw_ad4,static_native_zero_local_labels,0.0,205,909,3,0.33902439024390246,69.5,0.2668350604490501,0.41667682926829264,2.5853658536585367,2.447482274385627,2.712080033676234,0.07645764576457646,0.8256325632563256,69.5,750.5
source_representative,native__raw_ad4,static_native_zero_local_labels,0.0,205,909,4,0.4195121951219512,86.0,0.3459628278769083,0.49296099175699354,3.2463414634146344,3.0395990830610153,3.4368510043224,0.09460946094609461,0.8514851485148515,86.0,774.0
source_representative,native__raw_ad4,static_native_zero_local_labels,0.0,205,909,5,0.526829268292683,108.0,0.45291268296810216,0.6026851365546217,3.8268292682926828,3.5485999617737005,4.077295308531301,0.1188118811881188,0.8778877887788779,108.0,798.0
source_representative,native__raw_ad4,static_native_zero_local_labels,0.0,205,909,6,0.6365853658536585,130.5,0.567948182433958,0.7028318977303801,4.3,3.965252976190476,4.608133831801344,0.14356435643564355,0.9114411441144115,130.5,828.5
source_representative,native__raw_ad4,static_native_zero_local_labels,0.0,205,909,7,0.751219512195122,154.0,0.6847290640394089,0.8109614968635084,4.663414634146341,4.2740313914027155,5.021290797355918,0.1694169416941694,0.9394939493949395,154.0,854.0
source_representative,native__raw_ad4,static_native_zero_local_labels,0.0,205,909,8,0.8707317073170732,178.5,0.8137191405059433,0.9174311926605505,4.912195121951219,4.488030948025143,5.306372549019607,0.19636963696369636,0.9697469746974697,178.5,881.5
source_representative,native__raw_ad4,static_native_zero_local_labels,0.0,205,909,9,0.9463414634146341,194.0,0.912610703291499,0.9750031094527363,5.041463414634146,4.591776407469342,5.4577320713505655,0.21342134213421343,0.9878987898789879,194.0,898.0
source_representative,native__raw_ad4,static_native_zero_local_labels,0.0,205,909,10,1.0,205.0,1.0,1.0,5.095121951219512,4.641667612024958,5.52086943069307,0.22552255225522552,1.0,205.0,909.0
source_representative,native__raw_gnina_own,static_native_zero_local_labels,0.0,205,909,1,0.23902439024390243,49.0,0.1717099567099567,0.306958847543522,1.0,1.0,1.0,0.0539053905390539,0.7711771177117712,49.0,701.0
source_representative,native__raw_gnina_own,static_native_zero_local_labels,0.0,205,909,2,0.37073170731707317,76.0,0.2914572864321608,0.4439257575122585,1.7609756097560976,1.693041152456478,1.8282900432900433,0.08360836083608361,0.8283828382838284,76.0,753.0
source_representative,native__raw_gnina_own,static_native_zero_local_labels,0.0,205,909,3,0.5073170731707317,104.0,0.43055413374874824,0.5794392523364486,2.3902439024390243,2.2582159624413145,2.5302343199436224,0.11441144114411442,0.8723872387238724,104.0,793.0
source_representative,native__raw_gnina_own,static_native_zero_local_labels,0.0,205,909,4,0.6048780487804878,124.0,0.527349836184929,0.6730792682926829,2.8829268292682926,2.688679245283019,3.092815402674288,0.13641364136413642,0.900990099009901,124.0,819.0
source_representative,native__raw_gnina_own,static_native_zero_local_labels,0.0,205,909,5,0.6829268292682927,140.0,0.6080402010050251,0.7525786760716223,3.2780487804878047,3.0293709150326795,3.549523307593917,0.15401540154015403,0.9207920792079208,140.0,837.0
source_representative,native__raw_gnina_own,static_native_zero_local_labels,0.0,205,909,6,0.7414634146341463,152.0,0.6696510210301737,0.8059779635852152,3.5951219512195123,3.2980141625615764,3.925282415388803,0.16721672167216722,0.9383938393839384,152.0,853.0
source_representative,native__raw_gnina_own,static_native_zero_local_labels,0.0,205,909,7,0.8097560975609757,166.0,0.7476635514018691,0.867307290214664,3.8536585365853657,3.5071865766146058,4.239450704225352,0.18261826182618263,0.9537953795379538,166.0,867.0
source_representative,native__raw_gnina_own,static_native_zero_local_labels,0.0,205,909,8,0.8634146341463415,177.0,0.8118152769324406,0.9123711340206185,4.04390243902439,3.6580054316537756,4.481344666451821,0.19471947194719472,0.9680968096809681,177.0,880.0
source_representative,native__raw_gnina_own,static_native_zero_local_labels,0.0,205,909,9,0.9219512195121952,189.0,0.8817733990147784,0.9583333333333334,4.180487804878049,3.7665721649484527,4.651355140186916,0.2079207920792079,0.9823982398239824,189.0,893.0
source_representative,native__raw_gnina_own,static_native_zero_local_labels,0.0,205,909,10,1.0,205.0,1.0,1.0,4.258536585365854,3.819490076518413,4.752428386042488,0.22552255225522552,1.0,205.0,909.0
source_representative,native__vina,static_native_zero_local_labels,0.0,205,909,1,0.14634146341463414,30.0,0.09459291380933173,0.20143433284724746,1.0,1.0,1.0,0.033003300330033,0.7062706270627063,30.0,642.0
source_representative,native__vina,static_native_zero_local_labels,0.0,205,909,2,0.2528455284552845,51.833333333333336,0.1938706795849653,0.3186395348837207,1.853658536585366,1.7985656671527526,1.9054070861906685,0.057022368903557025,0.7827282728272827,51.833333333333336,711.5
source_representative,native__vina,static_native_zero_local_labels,0.0,205,909,3,0.37479674796747975,76.83333333333334,0.3067632850241546,0.4457215214067279,2.6008130081300815,2.4852959034974096,2.7058345588235295,0.08452511917858453,0.8302163549688303,76.83333333333334,754.6666666666667
source_representative,native__vina,static_native_zero_local_labels,0.0,205,909,4,0.5016260162601626,102.83333333333334,0.4255301329341744,0.5786857157000396,3.2260162601626012,3.0483185763888887,3.390251358695652,0.11312797946461314,0.8681701503483683,102.83333333333334,789.1666666666667
source_representative,native__vina,static_native_zero_local_labels,0.0,205,909,5,0.6024390243902439,123.5,0.527219072713723,0.6805588006230531,3.7243902439024392,3.4879241071428573,3.9495374689054725,0.13586358635863585,0.8978731206453978,123.5,816.1666666666666
source_representative,native__vina,static_native_zero_local_labels,0.0,205,909,6,0.7,143.5,0.6308759194734803,0.770745743115409,4.121951219512195,3.8332765151515154,4.4078056586712355,0.15786578657865788,0.9251925192519251,143.5,841.0
source_representative,native__vina,static_native_zero_local_labels,0.0,205,909,7,0.7804878048780488,160.0,0.7149988317757009,0.8422452595833902,4.421951219512195,4.062181358061179,4.762835280008343,0.17601760176017603,0.9466446644664467,160.0,860.5
source_representative,native__vina,static_native_zero_local_labels,0.0,205,909,8,0.9024390243902439,185.0,0.8556568551883611,0.9433062384351043,4.6414634146341465,4.234294519472362,5.026123454829726,0.20352035203520352,0.976897689768977,185.0,888.0
source_representative,native__vina,static_native_zero_local_labels,0.0,205,909,9,0.9658536585365853,198.0,0.9411764705882353,0.9873753235876351,4.739024390243903,4.310816062176166,5.147473974280465,0.21782178217821782,0.9922992299229924,198.0,902.0
source_representative,native__vina,static_native_zero_local_labels,0.0,205,909,10,1.0,205.0,1.0,1.0,4.773170731707317,4.331644832166144,5.191059772250809,0.22552255225522552,1.0,205.0,909.0
assay_envelope,target_prior,trained_oof,0.125,198,909,1,0.20202020202020202,40.0,0.14507772020725387,0.26443749999999994,1.0,1.0,1.0,0.04400440044004401,0.7392739273927392,40.0,672.0
assay_envelope,target_prior,trained_oof,0.125,198,909,2,0.3484848484848485,69.0,0.27,0.42487370466321245,1.797979797979798,1.7355625000000001,1.854922279792746,0.07590759075907591,0.8173817381738174,69.0,743.0
assay_envelope,target_prior,trained_oof,0.125,198,909,3,0.5959595959595959,118.0,0.5150999524036173,0.6718032786885245,2.4494949494949494,2.3268268534170495,2.5686425339366514,0.12981298129812982,0.8855885588558856,118.0,805.0
assay_envelope,target_prior,trained_oof,0.125,198,909,4,0.6717171717171717,133.0,0.5916114662578462,0.7487437185929648,2.8535353535353534,2.674754378222697,3.029419044845661,0.14631463146314633,0.9075907590759076,133.0,825.0
assay_envelope,target_prior,trained_oof,0.125,198,909,5,0.7323232323232324,145.0,0.6581632653061225,0.8021390374331551,3.1818181818181817,2.9399848484848485,3.425422569881297,0.15951595159515952,0.9317931793179318,145.0,847.0
assay_envelope,target_prior,trained_oof,0.125,198,909,6,0.8232323232323232,163.0,0.7512677974495481,0.8844221105527639,3.4494949494949494,3.1514961169483784,3.7487823834196887,0.1793179317931793,0.9559955995599559,163.0,869.0
assay_envelope,target_prior,trained_oof,0.125,198,909,7,0.8787878787878788,174.0,0.8181706224809674,0.9329982817869416,3.6262626262626263,3.287142857142857,3.9752437560939016,0.19141914191419143,0.9702970297029703,174.0,882.0
assay_envelope,target_prior,trained_oof,0.125,198,909,8,0.9191919191919192,182.0,0.8682926829268293,0.9633555573734729,3.7474747474747474,3.374967105263158,4.141469213410703,0.2002200220022002,0.9812981298129813,182.0,892.0
assay_envelope,target_prior,trained_oof,0.125,198,909,9,0.9696969696969697,192.0,0.9421052631578948,0.9902912621359223,3.8282828282828283,3.4270112498285084,4.2564070351758785,0.21122112211221122,0.9933993399339934,192.0,903.0
assay_envelope,target_prior,trained_oof,0.125,198,909,10,1.0,198.0,1.0,1.0,3.8585858585858586,3.4489713182570325,4.288570771733749,0.21782178217821782,1.0,198.0,909.0
assay_envelope,target_prior,trained_oof,0.25,198,909,1,0.20202020202020202,40.0,0.14507772020725387,0.26443749999999994,1.0,1.0,1.0,0.04400440044004401,0.7392739273927392,40.0,672.0
assay_envelope,target_prior,trained_oof,0.25,198,909,2,0.3434343434343434,68.0,0.2713462633363864,0.4183761435608726,1.797979797979798,1.7355625000000001,1.854922279792746,0.0748074807480748,0.8151815181518152,68.0,741.0
assay_envelope,target_prior,trained_oof,0.25,198,909,3,0.51010101010101,101.0,0.43434343434343436,0.5909090909090909,2.4545454545454546,2.326824365731095,2.5685304070866923,0.1111111111111111,0.8624862486248625,101.0,784.0
assay_envelope,target_prior,trained_oof,0.25,198,909,4,0.6111111111111112,121.0,0.539556072441415,0.685293804980466,2.9444444444444446,2.7626262626262625,3.115213717831519,0.1331133113311331,0.8910891089108911,121.0,810.0
assay_envelope,target_prior,trained_oof,0.25,198,909,5,0.7474747474747475,148.0,0.6792427605690646,0.8144380186069902,3.3333333333333335,3.093893045774648,3.55254478398314,0.1628162816281628,0.9295929592959296,148.0,845.0
assay_envelope,target_prior,trained_oof,0.25,198,909,6,0.8232323232323232,163.0,0.755311170212766,0.8829268292682927,3.585858585858586,3.303183817512275,3.85515343482031,0.1793179317931793,0.9548954895489549,163.0,868.0
assay_envelope,target_prior,trained_oof,0.25,198,909,7,0.8636363636363636,171.0,0.7990648616017529,0.9179591836734693,3.7626262626262625,3.4366016612495485,4.085021464646465,0.18811881188118812,0.9680968096809681,171.0,880.0
assay_envelope,target_prior,trained_oof,0.25,198,909,8,0.9040404040404041,179.0,0.846525133282559,0.9540816326530612,3.898989898989899,3.530604514533086,4.276071318069306,0.19691969196919692,0.977997799779978,179.0,889.0
assay_envelope,target_prior,trained_oof,0.25,198,909,9,0.9595959595959596,190.0,0.9289249456127628,0.985076474065317,3.994949494949495,3.599029937422964,4.404043020882399,0.20902090209020902,0.9911991199119912,190.0,901.0
assay_envelope,target_prior,trained_oof,0.25,198,909,10,1.0,198.0,1.0,1.0,4.0353535353535355,3.6315723019670383,4.457721858686861,0.21782178217821782,1.0,198.0,909.0
assay_envelope,target_prior,trained_oof,0.5,198,909,1,0.20202020202020202,40.0,0.14507772020725387,0.26443749999999994,1.0,1.0,1.0,0.04400440044004401,0.7392739273927392,40.0,672.0
assay_envelope,target_prior,trained_oof,0.5,198,909,2,0.3181818181818182,63.0,0.2512315270935961,0.394875,1.797979797979798,1.7355625000000001,1.854922279792746,0.06930693069306931,0.8107810781078107,63.0,737.0
assay_envelope,target_prior,trained_oof,0.5,198,909,3,0.5858585858585859,116.0,0.5125628140703518,0.6616161616161617,2.4797979797979797,2.3482427149964464,2.597833705810646,0.1276127612761276,0.8822882288228823,116.0,802.0
assay_envelope,target_prior,trained_oof,0.5,198,909,4,0.6767676767676768,134.0,0.6061937551131715,0.7487179487179487,2.893939393939394,2.7095238095238097,3.050537761029989,0.1474147414741474,0.9108910891089109,134.0,828.0
assay_envelope,target_prior,trained_oof,0.5,198,909,5,0.7474747474747475,148.0,0.6792427605690646,0.8144380186069902,3.217171717171717,2.985564365671642,3.427084641959799,0.1628162816281628,0.9295929592959296,148.0,845.0
assay_envelope,target_prior,trained_oof,0.5,198,909,6,0.7929292929292929,157.0,0.7272727272727273,0.855722588978186,3.4696969696969697,3.198040184453228,3.729177295918367,0.17271727172717272,0.9493949394939494,157.0,863.0
assay_envelope,target_prior,trained_oof,0.5,198,909,7,0.8383838383838383,166.0,0.7743509615384616,0.8963730569948186,3.676767676767677,3.352527910685805,3.9903381642512077,0.18261826182618263,0.9614961496149615,166.0,874.0
assay_envelope,target_prior,trained_oof,0.5,198,909,8,0.8686868686868687,172.0,0.806922520082197,0.9264763627964275,3.8383838383838382,3.4714497197842866,4.204211974761713,0.18921892189218922,0.9713971397139713,172.0,883.0
assay_envelope,target_prior,trained_oof,0.5,198,909,9,0.9343434343434344,185.0,0.8958255597014926,0.9672131147540983,3.9696969696969697,3.5544402132520942,4.383541913331754,0.20352035203520352,0.9856985698569857,185.0,896.0
assay_envelope,target_prior,trained_oof,0.5,198,909,10,1.0,198.0,1.0,1.0,4.0353535353535355,3.6078256302521003,4.469132925591581,0.21782178217821782,1.0,198.0,909.0
assay_envelope,target_prior,trained_oof,1.0,198,909,1,0.15151515151515152,30.0,0.09044213960799258,0.21675332968436414,1.0,1.0,1.0,0.033003300330033,0.7557755775577558,30.0,687.0
assay_envelope,target_prior,trained_oof,1.0,198,909,2,0.2676767676767677,53.0,0.19586764959972355,0.34010413941074885,1.8484848484848484,1.7832466703156358,1.9095578603920074,0.058305830583058306,0.7953795379537953,53.0,723.0
assay_envelope,target_prior,trained_oof,1.0,198,909,3,0.5858585858585859,116.0,0.5125628140703518,0.6616161616161617,2.580808080808081,2.45,2.704096172147615,0.1276127612761276,0.8822882288228823,116.0,802.0
assay_envelope,target_prior,trained_oof,1.0,198,909,4,0.6414141414141414,127.0,0.5692307692307692,0.7164198338205877,2.994949494949495,2.8215920523138833,3.1667091836734693,0.1397139713971397,0.900990099009901,127.0,819.0
assay_envelope,target_prior,trained_oof,1.0,198,909,5,0.7373737373737373,146.0,0.6684491978609626,0.8052808326787115,3.3535353535353534,3.118204609429979,3.580871212121212,0.16061606160616063,0.9284928492849285,146.0,844.0
assay_envelope,target_prior,trained_oof,1.0,198,909,6,0.7929292929292929,157.0,0.7253661309083219,0.855739249298064,3.6161616161616164,3.326913265306122,3.8989627659574464,0.17271727172717272,0.9493949394939494,157.0,863.0
assay_envelope,target_prior,trained_oof,1.0,198,909,7,0.8232323232323232,163.0,0.7595993589743589,0.8823840647370057,3.823232323232323,3.4899868421052633,4.158181146290291,0.1793179317931793,0.9581958195819582,163.0,871.0
assay_envelope,target_prior,trained_oof,1.0,198,909,8,0.9292929292929293,184.0,0.8907103825136612,0.9621735286688557,4.0,3.6261992780682104,4.38626472094214,0.20242024202420242,0.9834983498349835,184.0,894.0
assay_envelope,target_prior,trained_oof,1.0,198,909,9,0.9595959595959596,190.0,0.9289249456127628,0.985076474065317,4.070707070707071,3.6826200738916253,4.4635952818627445,0.20902090209020902,0.9911991199119912,190.0,901.0
assay_envelope,target_prior,trained_oof,1.0,198,909,10,1.0,198.0,1.0,1.0,4.111111111111111,3.710656558909965,4.510150417215635,0.21782178217821782,1.0,198.0,909.0
assay_envelope,chemistry,trained_oof,0.125,198,909,1,0.23232323232323232,46.0,0.17435897435897435,0.2929377913752913,1.0,1.0,1.0,0.050605060506050605,0.7370737073707371,46.0,670.0
assay_envelope,chemistry,trained_oof,0.125,198,909,2,0.5,99.0,0.418848167539267,0.5779029953690018,1.7676767676767677,1.7070622086247087,1.8256410256410256,0.10891089108910891,0.8426842684268426,99.0,766.0
assay_envelope,chemistry,trained_oof,0.125,198,909,3,0.6313131313131313,125.0,0.5510204081632653,0.7091880717804362,2.2676767676767677,2.1487179487179486,2.3886228524679574,0.13751375137513752,0.8877887788778878,125.0,807.0
assay_envelope,chemistry,trained_oof,0.125,198,909,4,0.7070707070707071,140.0,0.6308108341986847,0.7777777777777778,2.6363636363636362,2.4507577720207254,2.8283204384268212,0.15401540154015403,0.9163916391639164,140.0,833.0
assay_envelope,chemistry,trained_oof,0.125,198,909,5,0.7575757575757576,150.0,0.6862719023779724,0.8205223880597015,2.9292929292929295,2.6797981730355347,3.1912600988312807,0.16501650165016502,0.935093509350935,150.0,850.0
assay_envelope,chemistry,trained_oof,0.125,198,909,6,0.8232323232323232,163.0,0.7653061224489796,0.8780487804878049,3.1717171717171717,2.87117982734234,3.492507081358498,0.1793179317931793,0.9537953795379538,163.0,867.0
assay_envelope,chemistry,trained_oof,0.125,198,909,7,0.9040404040404041,179.0,0.8599953271028037,0.9423076923076923,3.3484848484848486,3.0100935828877007,3.7049873896595207,0.19691969196919692,0.9746974697469747,179.0,886.0
assay_envelope,chemistry,trained_oof,0.125,198,909,8,0.9444444444444444,187.0,0.9095623791102514,0.9747506471752703,3.4444444444444446,3.0869290733421173,3.836749340884679,0.20572057205720573,0.9867986798679867,187.0,897.0
assay_envelope,chemistry,trained_oof,0.125,198,909,9,0.9747474747474747,193.0,0.9502487562189055,0.9949748743718593,3.5,3.1332863849765253,3.90431761221235,0.21232123212321233,0.9944994499449945,193.0,904.0
assay_envelope,chemistry,trained_oof,0.125,198,909,10,1.0,198.0,1.0,1.0,3.525252525252525,3.1510277609223305,3.9312042165445766,0.21782178217821782,1.0,198.0,909.0
assay_envelope,chemistry,trained_oof,0.25,198,909,1,0.24242424242424243,48.0,0.1746031746031746,0.31157427408535887,1.0,1.0,1.0,0.052805280528052806,0.7546754675467546,48.0,686.0
assay_envelope,chemistry,trained_oof,0.25,198,909,2,0.46464646464646464,92.0,0.3821869898102798,0.5412427709328639,1.7575757575757576,1.6884257259146411,1.8253968253968254,0.10121012101210121,0.8404840484048405,92.0,764.0
assay_envelope,chemistry,trained_oof,0.25,198,909,3,0.5959595959595959,118.0,0.5148217280744468,0.6730792682926829,2.292929292929293,2.1649343313091376,2.428624469589816,0.12981298129812982,0.8866886688668867,118.0,806.0
assay_envelope,chemistry,trained_oof,0.25,198,909,4,0.702020202020202,139.0,0.6294272332408812,0.7684821892714805,2.696969696969697,2.51010101010101,2.89746192893401,0.15291529152915292,0.9152915291529153,139.0,832.0
assay_envelope,chemistry,trained_oof,0.25,198,909,5,0.7828282828282829,155.0,0.7180851063829787,0.8418367346938775,2.994949494949495,2.755174278846154,3.248769769145213,0.1705170517051705,0.9372937293729373,155.0,852.0
assay_envelope,chemistry,trained_oof,0.25,198,909,6,0.8484848484848485,168.0,0.7927412909271304,0.9000124378109452,3.212121212121212,2.9320388349514563,3.511144278606965,0.1848184818481848,0.9603960396039604,168.0,873.0
assay_envelope,chemistry,trained_oof,0.25,198,909,7,0.8939393939393939,177.0,0.8457446808510638,0.9359605911330049,3.3636363636363638,3.045448835084513,3.7068496934936457,0.19471947194719472,0.9735973597359736,177.0,885.0
assay_envelope,chemistry,trained_oof,0.25,198,909,8,0.9292929292929293,184.0,0.8888888888888888,0.9644714915654001,3.4696969696969697,3.124943181818181,3.847834623264285,0.20242024202420242,0.9834983498349835,184.0,894.0
assay_envelope,chemistry,trained_oof,0.25,198,909,9,0.9595959595959596,190.0,0.9301048387096774,0.9848484848484849,3.54040404040404,3.1788639281129654,3.9468756716097135,0.20902090209020902,0.9911991199119912,190.0,901.0
assay_envelope,chemistry,trained_oof,0.25,198,909,10,1.0,198.0,1.0,1.0,3.580808080808081,3.207729468599034,4.000128865979381,0.21782178217821782,1.0,198.0,909.0
assay_envelope,chemistry,trained_oof,0.5,198,909,1,0.35858585858585856,71.0,0.28498284313725486,0.432062606345711,1.0,1.0,1.0,0.0781078107810781,0.7865786578657866,71.0,715.0
assay_envelope,chemistry,trained_oof,0.5,198,909,2,0.5808080808080808,115.0,0.5052069909793815,0.6521960958296361,1.6414141414141414,1.5679373936542889,1.715017156862745,0.1265126512651265,0.8657865786578658,115.0,787.0
assay_envelope,chemistry,trained_oof,0.5,198,909,3,0.6868686868686869,136.0,0.6165784244680316,0.7548150510204081,2.0606060606060606,1.9323652626811596,2.1968105776650866,0.1496149614961496,0.900990099009901,136.0,819.0
assay_envelope,chemistry,trained_oof,0.5,198,909,4,0.7525252525252525,149.0,0.68447812474024,0.8150096153846152,2.3737373737373737,2.19456025128498,2.5690650233744154,0.1639163916391639,0.9240924092409241,149.0,840.0
assay_envelope,chemistry,trained_oof,0.5,198,909,5,0.8080808080808081,160.0,0.747226250906454,0.8636473962930273,2.621212121212121,2.385364734840009,2.873768939393939,0.17601760176017603,0.9460946094609461,160.0,860.0
assay_envelope,chemistry,trained_oof,0.5,198,909,6,0.8787878787878788,174.0,0.8272201782934767,0.9250093283582089,2.813131313131313,2.5350981029106032,3.1094184027777776,0.19141914191419143,0.9680968096809681,174.0,880.0
assay_envelope,chemistry,trained_oof,0.5,198,909,7,0.9141414141414141,181.0,0.8704663212435233,0.9521531100478469,2.9343434343434343,2.628532818532819,3.2717405239687847,0.19911991199119913,0.9790979097909791,181.0,890.0
assay_envelope,chemistry,trained_oof,0.5,198,909,8,0.9444444444444444,187.0,0.9077651232262883,0.9757281553398058,3.0202020202020203,2.689473684210526,3.3851085163272274,0.20572057205720573,0.9878987898789879,187.0,898.0
assay_envelope,chemistry,trained_oof,0.5,198,909,9,0.98989898989899,196.0,0.973404255319149,1.0,3.0757575757575757,2.722758525852585,3.465353082927341,0.2156215621562156,0.9977997799779978,196.0,907.0
assay_envelope,chemistry,trained_oof,0.5,198,909,10,1.0,198.0,1.0,1.0,3.085858585858586,2.728006792434715,3.478061224489796,0.21782178217821782,1.0,198.0,909.0
assay_envelope,chemistry,trained_oof,1.0,198,909,1,0.4090909090909091,81.0,0.33513441633122487,0.48311126694717144,1.0,1.0,1.0,0.0891089108910891,0.8140814081408141,81.0,740.0
assay_envelope,chemistry,trained_oof,1.0,198,909,2,0.6161616161616161,122.0,0.5434699845508717,0.6911856160374596,1.5909090909090908,1.5168887330528285,1.6648655836687751,0.1342134213421342,0.8811881188118812,122.0,801.0
assay_envelope,chemistry,trained_oof,1.0,198,909,3,0.7474747474747475,148.0,0.6818181818181818,0.8112244897959183,1.9747474747474747,1.839332868677836,2.1044035153328347,0.1628162816281628,0.9218921892189219,148.0,838.0
assay_envelope,chemistry,trained_oof,1.0,198,909,4,0.8080808080808081,160.0,0.75,0.8631643132220795,2.227272727272727,2.0408163265306123,2.4127212665170776,0.17601760176017603,0.9416941694169417,160.0,856.0
assay_envelope,chemistry,trained_oof,1.0,198,909,5,0.8535353535353535,169.0,0.8020588743093923,0.9020618556701031,2.419191919191919,2.18556198139301,2.64708838309193,0.1859185918591859,0.9614961496149615,169.0,874.0
assay_envelope,chemistry,trained_oof,1.0,198,909,6,0.8787878787878788,174.0,0.8299974226804123,0.9230769230769231,2.5656565656565657,2.292612230470131,2.8385416666666665,0.19141914191419143,0.9680968096809681,174.0,880.0
assay_envelope,chemistry,trained_oof,1.0,198,909,7,0.9242424242424242,183.0,0.8848167539267016,0.9593908629441624,2.686868686868687,2.3804583683767877,2.9950255102040804,0.20132013201320131,0.9801980198019802,183.0,891.0
assay_envelope,chemistry,trained_oof,1.0,198,909,8,0.9545454545454546,189.0,0.9227053140096618,0.9805825242718447,2.7626262626262625,2.436200980392157,3.0950608974358977,0.2079207920792079,0.988998899889989,189.0,899.0
assay_envelope,chemistry,trained_oof,1.0,198,909,9,0.9848484848484849,195.0,0.9648196792041013,1.0,2.808080808080808,2.4662703552923757,3.1508509040045585,0.2145214521452145,0.9966996699669967,195.0,906.0
assay_envelope,chemistry,trained_oof,1.0,198,909,10,1.0,198.0,1.0,1.0,2.823232323232323,2.47691037735849,3.174365079365079,0.21782178217821782,1.0,198.0,909.0
assay_envelope,calibrated__boltz_affinity,trained_oof,0.125,198,909,1,0.2878787878787879,57.0,0.21738581466842335,0.3585925039872408,1.0,1.0,1.0,0.0627062706270627,0.7645764576457645,57.0,695.0
assay_envelope,calibrated__boltz_affinity,trained_oof,0.125,198,909,2,0.48484848484848486,96.0,0.4065934065934066,0.5637349170437406,1.7121212121212122,1.6414074960127591,1.7826141853315765,0.10561056105610561,0.8481848184818482,96.0,771.0
assay_envelope,calibrated__boltz_affinity,trained_oof,0.125,198,909,3,0.6060606060606061,120.0,0.5299925742574257,0.6811817168338906,2.227272727272727,2.084556282626277,2.365494662201057,0.132013201320132,0.8921892189218922,120.0,811.0
assay_envelope,calibrated__boltz_affinity,trained_oof,0.125,198,909,4,0.7222222222222222,143.0,0.6499883177570094,0.7946047297297296,2.621212121212121,2.419159882406151,2.8283204384268212,0.1573157315731573,0.9262926292629263,143.0,842.0
assay_envelope,calibrated__boltz_affinity,trained_oof,0.125,198,909,5,0.7727272727272727,153.0,0.7038743474654828,0.8376998726475166,2.898989898989899,2.6489500661375662,3.1606263181190926,0.16831683168316833,0.9416941694169417,153.0,856.0
assay_envelope,calibrated__boltz_affinity,trained_oof,0.125,198,909,6,0.8686868686868687,172.0,0.8148148148148148,0.9178762541806019,3.1262626262626263,2.8204207920792075,3.4384479026720407,0.18921892189218922,0.9636963696369637,172.0,876.0
assay_envelope,calibrated__boltz_affinity,trained_oof,0.125,198,909,7,0.8939393939393939,177.0,0.8473684210526315,0.93717277486911,3.257575757575758,2.916635572139304,3.6095296167247386,0.19471947194719472,0.9757975797579758,177.0,887.0
assay_envelope,calibrated__boltz_affinity,trained_oof,0.125,198,909,8,0.9292929292929293,184.0,0.8899988038277512,0.9637352438438117,3.3636363636363638,2.9949993718592975,3.7429027355623097,0.20242024202420242,0.9845984598459846,184.0,895.0
assay_envelope,calibrated__boltz_affinity,trained_oof,0.125,198,909,9,0.9646464646464646,191.0,0.9378238341968912,0.9894750620005511,3.4343434343434343,3.0425927028507465,3.841290726817042,0.21012101210121012,0.9922992299229924,191.0,902.0
assay_envelope,calibrated__boltz_affinity,trained_oof,0.125,198,909,10,1.0,198.0,1.0,1.0,3.4696969696969697,3.0703171027551557,3.8889179755671894,0.21782178217821782,1.0,198.0,909.0
assay_envelope,calibrated__boltz_affinity,trained_oof,0.25,198,909,1,0.2727272727272727,54.0,0.203204484377969,0.3450155529953916,1.0,1.0,1.0,0.0594059405940594,0.7601760176017601,54.0,691.0
assay_envelope,calibrated__boltz_affinity,trained_oof,0.25,198,909,2,0.4696969696969697,93.0,0.3928475422427035,0.5437000285551112,1.7272727272727273,1.6549844470046082,1.796795515622031,0.10231023102310231,0.8448844884488449,93.0,768.0
assay_envelope,calibrated__boltz_affinity,trained_oof,0.25,198,909,3,0.6464646464646465,128.0,0.5721925133689839,0.7184466019417476,2.257575757575758,2.122534074605452,2.3888957307060754,0.1408140814081408,0.8998899889988999,128.0,818.0
assay_envelope,calibrated__boltz_affinity,trained_oof,0.25,198,909,4,0.7323232323232324,145.0,0.6616896577717473,0.796875,2.611111111111111,2.425675932977913,2.7989137623648492,0.15951595159515952,0.9273927392739274,145.0,843.0
assay_envelope,calibrated__boltz_affinity,trained_oof,0.25,198,909,5,0.7575757575757576,150.0,0.6887436224489797,0.8201128833410386,2.878787878787879,2.639416881443299,3.114613486842105,0.16501650165016502,0.9383938393839384,150.0,853.0
assay_envelope,calibrated__boltz_affinity,trained_oof,0.25,198,909,6,0.8131313131313131,161.0,0.7474747474747475,0.8724651662695534,3.121212121212121,2.834979271356784,3.4162568202004815,0.1771177117711771,0.9526952695269527,161.0,866.0
assay_envelope,calibrated__boltz_affinity,trained_oof,0.25,198,909,7,0.8686868686868687,172.0,0.8092669799878714,0.923469387755102,3.308080808080808,2.984894230769231,3.660009433962264,0.18921892189218922,0.9658965896589659,172.0,878.0
assay_envelope,calibrated__boltz_affinity,trained_oof,0.25,198,909,8,0.9242424242424242,183.0,0.8781725888324873,0.9641025641025641,3.4393939393939394,3.0799417475728155,3.8404520557689565,0.20132013201320131,0.9823982398239824,183.0,893.0
assay_envelope,calibrated__boltz_affinity,trained_oof,0.25,198,909,9,0.9545454545454546,189.0,0.9154146719234019,0.9852216748768473,3.515151515151515,3.1261510359323386,3.9487745098039215,0.2079207920792079,0.9900990099009901,189.0,900.0
assay_envelope,calibrated__boltz_affinity,trained_oof,0.25,198,909,10,1.0,198.0,1.0,1.0,3.5606060606060606,3.1526537615380925,4.016326274728336,0.21782178217821782,1.0,198.0,909.0
assay_envelope,calibrated__boltz_affinity,trained_oof,0.5,198,909,1,0.32323232323232326,64.0,0.2463016294050777,0.4,1.0,1.0,1.0,0.0704070407040704,0.7788778877887789,64.0,708.0
assay_envelope,calibrated__boltz_affinity,trained_oof,0.5,198,909,2,0.5,99.0,0.4202074468085107,0.5779029953690018,1.6767676767676767,1.6,1.7536983705949223,0.10891089108910891,0.8448844884488449,99.0,768.0
assay_envelope,calibrated__boltz_affinity,trained_oof,0.5,198,909,3,0.6313131313131313,125.0,0.5538440860215054,0.7024390243902439,2.176767676767677,2.0323704180985107,2.318187471732248,0.13751375137513752,0.88998899889989,125.0,809.0
assay_envelope,calibrated__boltz_affinity,trained_oof,0.5,198,909,4,0.7323232323232324,145.0,0.6633663366336634,0.7970314966279237,2.5454545454545454,2.3432799239098623,2.7525786760716224,0.15951595159515952,0.9262926292629263,145.0,842.0
assay_envelope,calibrated__boltz_affinity,trained_oof,0.5,198,909,5,0.7878787878787878,156.0,0.7222222222222222,0.8472988505747125,2.813131313131313,2.5544402132520947,3.0693405617735685,0.1716171617161716,0.944994499449945,156.0,859.0
assay_envelope,calibrated__boltz_affinity,trained_oof,0.5,198,909,6,0.8686868686868687,172.0,0.810928052047455,0.92,3.025252525252525,2.7209007119247395,3.3224628189961125,0.18921892189218922,0.966996699669967,172.0,879.0
assay_envelope,calibrated__boltz_affinity,trained_oof,0.5,198,909,7,0.9090909090909091,180.0,0.8518474215842637,0.9552238805970149,3.1565656565656566,2.819530630452023,3.4973835414149548,0.19801980198019803,0.977997799779978,180.0,889.0
assay_envelope,calibrated__boltz_affinity,trained_oof,0.5,198,909,8,0.9444444444444444,187.0,0.8939393939393939,0.9842931937172775,3.2474747474747474,2.8871563981042647,3.6321424995619638,0.20572057205720573,0.9867986798679867,187.0,897.0
assay_envelope,calibrated__boltz_affinity,trained_oof,0.5,198,909,9,0.9696969696969697,192.0,0.9387731035810551,0.9947089947089947,3.303030303030303,2.9189988897113244,3.71505376344086,0.21122112211221122,0.9933993399339934,192.0,903.0
assay_envelope,calibrated__boltz_affinity,trained_oof,0.5,198,909,10,1.0,198.0,1.0,1.0,3.3333333333333335,2.9374375,3.7619885982562025,0.21782178217821782,1.0,198.0,909.0
assay_envelope,calibrated__boltz_affinity,trained_oof,1.0,198,909,1,0.3333333333333333,66.0,0.2553191489361702,0.41294847876004587,1.0,1.0,1.0,0.07260726072607261,0.7843784378437844,66.0,713.0
assay_envelope,calibrated__boltz_affinity,trained_oof,1.0,198,909,2,0.5252525252525253,104.0,0.4472111903604042,0.6028725724739656,1.6666666666666667,1.587051521239954,1.7446808510638299,0.11441144114411442,0.8536853685368537,104.0,776.0
assay_envelope,calibrated__boltz_affinity,trained_oof,1.0,198,909,3,0.6262626262626263,124.0,0.5494901528196299,0.6969733391608391,2.1414141414141414,1.9901960784313726,2.28718085106383,0.13641364136413642,0.8943894389438944,124.0,813.0
assay_envelope,calibrated__boltz_affinity,trained_oof,1.0,198,909,4,0.7373737373737373,146.0,0.6649739651473128,0.8000236966824644,2.515151515151515,2.2984806735553005,2.72827243293247,0.16061606160616063,0.9328932893289329,146.0,848.0
assay_envelope,calibrated__boltz_affinity,trained_oof,1.0,198,909,5,0.7929292929292929,157.0,0.7259597081218274,0.8518565759637188,2.7777777777777777,2.5173563998190867,3.0427807486631018,0.17271727172717272,0.9471947194719472,157.0,861.0
assay_envelope,calibrated__boltz_affinity,trained_oof,1.0,198,909,6,0.8585858585858586,170.0,0.8009948979591837,0.9132653061224489,2.984848484848485,2.682606132075472,3.3077225130890047,0.18701870187018702,0.9636963696369637,170.0,876.0
assay_envelope,calibrated__boltz_affinity,trained_oof,1.0,198,909,7,0.9090909090909091,180.0,0.8525174944529783,0.9545511649154865,3.1262626262626263,2.7989467684377476,3.49009900990099,0.19801980198019803,0.976897689768977,180.0,888.0
assay_envelope,calibrated__boltz_affinity,trained_oof,1.0,198,909,8,0.9393939393939394,186.0,0.8877425970388155,0.9789501240011023,3.217171717171717,2.8605259146341466,3.607753076675728,0.20462046204620463,0.9856985698569857,186.0,896.0
assay_envelope,calibrated__boltz_affinity,trained_oof,1.0,198,909,9,0.9797979797979798,194.0,0.9536082474226805,1.0,3.2777777777777777,2.8990139563106796,3.6984268707482992,0.21342134213421343,0.9955995599559956,194.0,905.0
assay_envelope,calibrated__boltz_affinity,trained_oof,1.0,198,909,10,1.0,198.0,1.0,1.0,3.297979797979798,2.9077532279051135,3.7305798111569928,0.21782178217821782,1.0,198.0,909.0
assay_envelope,availability__boltz_affinity,trained_oof,0.125,198,909,1,0.23232323232323232,46.0,0.17435897435897435,0.2929377913752913,1.0,1.0,1.0,0.050605060506050605,0.7370737073707371,46.0,670.0
assay_envelope,availability__boltz_affinity,trained_oof,0.125,198,909,2,0.5,99.0,0.418848167539267,0.5779029953690018,1.7676767676767677,1.7070622086247087,1.8256410256410256,0.10891089108910891,0.8426842684268426,99.0,766.0
assay_envelope,availability__boltz_affinity,trained_oof,0.125,198,909,3,0.6313131313131313,125.0,0.5510204081632653,0.7091880717804362,2.2676767676767677,2.1487179487179486,2.3886228524679574,0.13751375137513752,0.8877887788778878,125.0,807.0
assay_envelope,availability__boltz_affinity,trained_oof,0.125,198,909,4,0.7070707070707071,140.0,0.6308108341986847,0.7777777777777778,2.6363636363636362,2.4507577720207254,2.8283204384268212,0.15401540154015403,0.9163916391639164,140.0,833.0
assay_envelope,availability__boltz_affinity,trained_oof,0.125,198,909,5,0.7575757575757576,150.0,0.6862719023779724,0.8205223880597015,2.9292929292929295,2.6797981730355347,3.1912600988312807,0.16501650165016502,0.935093509350935,150.0,850.0
assay_envelope,availability__boltz_affinity,trained_oof,0.125,198,909,6,0.8232323232323232,163.0,0.7653061224489796,0.8780487804878049,3.1717171717171717,2.87117982734234,3.492507081358498,0.1793179317931793,0.9537953795379538,163.0,867.0
assay_envelope,availability__boltz_affinity,trained_oof,0.125,198,909,7,0.9040404040404041,179.0,0.8599953271028037,0.9423076923076923,3.3484848484848486,3.0100935828877007,3.7049873896595207,0.19691969196919692,0.9746974697469747,179.0,886.0
assay_envelope,availability__boltz_affinity,trained_oof,0.125,198,909,8,0.9444444444444444,187.0,0.9095623791102514,0.9747506471752703,3.4444444444444446,3.0869290733421173,3.836749340884679,0.20572057205720573,0.9867986798679867,187.0,897.0
assay_envelope,availability__boltz_affinity,trained_oof,0.125,198,909,9,0.9747474747474747,193.0,0.9502487562189055,0.9949748743718593,3.5,3.1332863849765253,3.90431761221235,0.21232123212321233,0.9944994499449945,193.0,904.0
assay_envelope,availability__boltz_affinity,trained_oof,0.125,198,909,10,1.0,198.0,1.0,1.0,3.525252525252525,3.1510277609223305,3.9312042165445766,0.21782178217821782,1.0,198.0,909.0
assay_envelope,availability__boltz_affinity,trained_oof,0.25,198,909,1,0.24242424242424243,48.0,0.1746031746031746,0.31157427408535887,1.0,1.0,1.0,0.052805280528052806,0.7546754675467546,48.0,686.0
assay_envelope,availability__boltz_affinity,trained_oof,0.25,198,909,2,0.46464646464646464,92.0,0.3821869898102798,0.5412427709328639,1.7575757575757576,1.6884257259146411,1.8253968253968254,0.10121012101210121,0.8404840484048405,92.0,764.0
assay_envelope,availability__boltz_affinity,trained_oof,0.25,198,909,3,0.5959595959595959,118.0,0.5148217280744468,0.6730792682926829,2.292929292929293,2.1649343313091376,2.428624469589816,0.12981298129812982,0.8866886688668867,118.0,806.0
assay_envelope,availability__boltz_affinity,trained_oof,0.25,198,909,4,0.702020202020202,139.0,0.6294272332408812,0.7684821892714805,2.696969696969697,2.51010101010101,2.89746192893401,0.15291529152915292,0.9152915291529153,139.0,832.0
assay_envelope,availability__boltz_affinity,trained_oof,0.25,198,909,5,0.7828282828282829,155.0,0.7180851063829787,0.8418367346938775,2.994949494949495,2.755174278846154,3.248769769145213,0.1705170517051705,0.9372937293729373,155.0,852.0
assay_envelope,availability__boltz_affinity,trained_oof,0.25,198,909,6,0.8484848484848485,168.0,0.7927412909271304,0.9000124378109452,3.212121212121212,2.9320388349514563,3.511144278606965,0.1848184818481848,0.9603960396039604,168.0,873.0
assay_envelope,availability__boltz_affinity,trained_oof,0.25,198,909,7,0.8939393939393939,177.0,0.8457446808510638,0.9359605911330049,3.3636363636363638,3.045448835084513,3.7068496934936457,0.19471947194719472,0.9735973597359736,177.0,885.0
assay_envelope,availability__boltz_affinity,trained_oof,0.25,198,909,8,0.9292929292929293,184.0,0.8888888888888888,0.9644714915654001,3.4696969696969697,3.124943181818181,3.847834623264285,0.20242024202420242,0.9834983498349835,184.0,894.0
assay_envelope,availability__boltz_affinity,trained_oof,0.25,198,909,9,0.9595959595959596,190.0,0.9301048387096774,0.9848484848484849,3.54040404040404,3.1788639281129654,3.9468756716097135,0.20902090209020902,0.9911991199119912,190.0,901.0
assay_envelope,availability__boltz_affinity,trained_oof,0.25,198,909,10,1.0,198.0,1.0,1.0,3.580808080808081,3.207729468599034,4.000128865979381,0.21782178217821782,1.0,198.0,909.0
assay_envelope,availability__boltz_affinity,trained_oof,0.5,198,909,1,0.35858585858585856,71.0,0.28498284313725486,0.432062606345711,1.0,1.0,1.0,0.0781078107810781,0.7865786578657866,71.0,715.0
assay_envelope,availability__boltz_affinity,trained_oof,0.5,198,909,2,0.5808080808080808,115.0,0.5052069909793815,0.6521960958296361,1.6414141414141414,1.5679373936542889,1.715017156862745,0.1265126512651265,0.8657865786578658,115.0,787.0
assay_envelope,availability__boltz_affinity,trained_oof,0.5,198,909,3,0.6868686868686869,136.0,0.6165784244680316,0.7548150510204081,2.0606060606060606,1.9323652626811596,2.1968105776650866,0.1496149614961496,0.900990099009901,136.0,819.0
assay_envelope,availability__boltz_affinity,trained_oof,0.5,198,909,4,0.7525252525252525,149.0,0.68447812474024,0.8150096153846152,2.3737373737373737,2.19456025128498,2.5690650233744154,0.1639163916391639,0.9240924092409241,149.0,840.0
assay_envelope,availability__boltz_affinity,trained_oof,0.5,198,909,5,0.8080808080808081,160.0,0.747226250906454,0.8636473962930273,2.621212121212121,2.385364734840009,2.873768939393939,0.17601760176017603,0.9460946094609461,160.0,860.0
assay_envelope,availability__boltz_affinity,trained_oof,0.5,198,909,6,0.8787878787878788,174.0,0.8272201782934767,0.9250093283582089,2.813131313131313,2.5350981029106032,3.1094184027777776,0.19141914191419143,0.9680968096809681,174.0,880.0
assay_envelope,availability__boltz_affinity,trained_oof,0.5,198,909,7,0.9141414141414141,181.0,0.8704663212435233,0.9521531100478469,2.9343434343434343,2.628532818532819,3.2717405239687847,0.19911991199119913,0.9790979097909791,181.0,890.0
assay_envelope,availability__boltz_affinity,trained_oof,0.5,198,909,8,0.9444444444444444,187.0,0.9077651232262883,0.9757281553398058,3.0202020202020203,2.689473684210526,3.3851085163272274,0.20572057205720573,0.9878987898789879,187.0,898.0
assay_envelope,availability__boltz_affinity,trained_oof,0.5,198,909,9,0.98989898989899,196.0,0.973404255319149,1.0,3.0757575757575757,2.722758525852585,3.465353082927341,0.2156215621562156,0.9977997799779978,196.0,907.0
assay_envelope,availability__boltz_affinity,trained_oof,0.5,198,909,10,1.0,198.0,1.0,1.0,3.085858585858586,2.728006792434715,3.478061224489796,0.21782178217821782,1.0,198.0,909.0
assay_envelope,availability__boltz_affinity,trained_oof,1.0,198,909,1,0.4090909090909091,81.0,0.33513441633122487,0.48311126694717144,1.0,1.0,1.0,0.0891089108910891,0.8140814081408141,81.0,740.0
assay_envelope,availability__boltz_affinity,trained_oof,1.0,198,909,2,0.6161616161616161,122.0,0.5434699845508717,0.6911856160374596,1.5909090909090908,1.5168887330528285,1.6648655836687751,0.1342134213421342,0.8811881188118812,122.0,801.0
assay_envelope,availability__boltz_affinity,trained_oof,1.0,198,909,3,0.7474747474747475,148.0,0.6818181818181818,0.8112244897959183,1.9747474747474747,1.839332868677836,2.1044035153328347,0.1628162816281628,0.9218921892189219,148.0,838.0
assay_envelope,availability__boltz_affinity,trained_oof,1.0,198,909,4,0.8080808080808081,160.0,0.75,0.8631643132220795,2.227272727272727,2.0408163265306123,2.4127212665170776,0.17601760176017603,0.9427942794279428,160.0,857.0
assay_envelope,availability__boltz_affinity,trained_oof,1.0,198,909,5,0.8535353535353535,169.0,0.8020588743093923,0.9020618556701031,2.419191919191919,2.18556198139301,2.64708838309193,0.1859185918591859,0.9614961496149615,169.0,874.0
assay_envelope,availability__boltz_affinity,trained_oof,1.0,198,909,6,0.8787878787878788,174.0,0.8299974226804123,0.9230769230769231,2.5656565656565657,2.292612230470131,2.8385416666666665,0.19141914191419143,0.9680968096809681,174.0,880.0
assay_envelope,availability__boltz_affinity,trained_oof,1.0,198,909,7,0.9242424242424242,183.0,0.8848167539267016,0.9593908629441624,2.686868686868687,2.3804583683767877,2.9950255102040804,0.20132013201320131,0.9801980198019802,183.0,891.0
assay_envelope,availability__boltz_affinity,trained_oof,1.0,198,909,8,0.9545454545454546,189.0,0.9227053140096618,0.9805825242718447,2.7626262626262625,2.436200980392157,3.0950608974358977,0.2079207920792079,0.988998899889989,189.0,899.0
assay_envelope,availability__boltz_affinity,trained_oof,1.0,198,909,9,0.9848484848484849,195.0,0.9648196792041013,1.0,2.808080808080808,2.4662703552923757,3.1508509040045585,0.2145214521452145,0.9966996699669967,195.0,906.0
assay_envelope,availability__boltz_affinity,trained_oof,1.0,198,909,10,1.0,198.0,1.0,1.0,2.823232323232323,2.47691037735849,3.174365079365079,0.21782178217821782,1.0,198.0,909.0
assay_envelope,plus__boltz_affinity,trained_oof,0.125,198,909,1,0.3333333333333333,66.0,0.25757575757575757,0.4100034562211981,1.0,1.0,1.0,0.07260726072607261,0.7810781078107811,66.0,710.0
assay_envelope,plus__boltz_affinity,trained_oof,0.125,198,909,2,0.5252525252525253,104.0,0.4444302721088435,0.6030927835051546,1.6666666666666667,1.589996543778802,1.7424242424242424,0.11441144114411442,0.8547854785478548,104.0,777.0
assay_envelope,plus__boltz_affinity,trained_oof,0.125,198,909,3,0.6414141414141414,127.0,0.5608405483405483,0.7178249555724803,2.1414141414141414,2.0,2.287898313027179,0.1397139713971397,0.8943894389438944,127.0,813.0
assay_envelope,plus__boltz_affinity,trained_oof,0.125,198,909,4,0.7525252525252525,149.0,0.677868716931217,0.8211047954615963,2.5,2.2974257425742572,2.714339019189765,0.1639163916391639,0.9295929592959296,149.0,845.0
assay_envelope,plus__boltz_affinity,trained_oof,0.125,198,909,5,0.8080808080808081,160.0,0.7445557381193124,0.8695828437132784,2.7474747474747474,2.494839818201973,3.0206239261168384,0.17601760176017603,0.9482948294829483,160.0,862.0
assay_envelope,plus__boltz_affinity,trained_oof,0.125,198,909,6,0.8535353535353535,169.0,0.7979784895588005,0.905214517335994,2.9393939393939394,2.6372089460784314,3.2680862379315987,0.1859185918591859,0.9614961496149615,169.0,874.0
assay_envelope,plus__boltz_affinity,trained_oof,0.125,198,909,7,0.8939393939393939,177.0,0.8461538461538461,0.9362745098039216,3.085858585858586,2.7431018904642763,3.459613997113997,0.19471947194719472,0.9735973597359736,177.0,885.0
assay_envelope,plus__boltz_affinity,trained_oof,0.125,198,909,8,0.9393939393939394,186.0,0.904755216693419,0.9697045454545454,3.191919191919192,2.8181818181818183,3.5892289038548513,0.20462046204620463,0.9845984598459846,186.0,895.0
assay_envelope,plus__boltz_affinity,trained_oof,0.125,198,909,9,0.9696969696969697,192.0,0.9435824742268041,0.9900509827102113,3.2525252525252526,2.857807949912638,3.6731707317073177,0.21122112211221122,0.9933993399339934,192.0,903.0
assay_envelope,plus__boltz_affinity,trained_oof,0.125,198,909,10,1.0,198.0,1.0,1.0,3.282828282828283,2.879969696969697,3.71707827863619,0.21782178217821782,1.0,198.0,909.0
assay_envelope,plus__boltz_affinity,trained_oof,0.25,198,909,1,0.37373737373737376,74.0,0.29499342105263154,0.45228289886934664,1.0,1.0,1.0,0.0814081408140814,0.7854785478547854,74.0,714.0
assay_envelope,plus__boltz_affinity,trained_oof,0.25,198,909,2,0.5707070707070707,113.0,0.49214659685863876,0.6470588235294118,1.6262626262626263,1.5477171011306534,1.7050065789473685,0.12431243124312431,0.8657865786578658,113.0,787.0
assay_envelope,plus__boltz_affinity,trained_oof,0.25,198,909,3,0.6818181818181818,135.0,0.6073298429319371,0.7536945812807881,2.0555555555555554,1.9162206469338032,2.197971995389784,0.1485148514851485,0.9075907590759076,135.0,825.0
assay_envelope,plus__boltz_affinity,trained_oof,0.25,198,909,4,0.7272727272727273,144.0,0.6532504628405185,0.7963107638888888,2.3737373737373737,2.180352323635775,2.5816326530612246,0.15841584158415842,0.9262926292629263,144.0,842.0
assay_envelope,plus__boltz_affinity,trained_oof,0.25,198,909,5,0.7727272727272727,153.0,0.7046522659271692,0.8373335057545583,2.6464646464646466,2.3899935897435896,2.9188280557569897,0.16831683168316833,0.9394939493949395,153.0,854.0
assay_envelope,plus__boltz_affinity,trained_oof,0.25,198,909,6,0.8232323232323232,163.0,0.7597927807486631,0.881194498315811,2.8737373737373737,2.557625598086124,3.2091979840716776,0.1793179317931793,0.9548954895489549,163.0,868.0
assay_envelope,plus__boltz_affinity,trained_oof,0.25,198,909,7,0.8636363636363636,171.0,0.8070860020729795,0.9144418617149921,3.0505050505050506,2.687139175257731,3.435005829015544,0.18811881188118812,0.9658965896589659,171.0,878.0
assay_envelope,plus__boltz_affinity,trained_oof,0.25,198,909,8,0.9141414141414141,181.0,0.8670206215281417,0.9558823529411765,3.186868686868687,2.783505154639175,3.615825358851674,0.19911991199119913,0.9801980198019802,181.0,891.0
assay_envelope,plus__boltz_affinity,trained_oof,0.25,198,909,9,0.9595959595959596,190.0,0.9215660609793656,0.9898477157360406,3.272727272727273,2.850311690620079,3.7373799879988003,0.20902090209020902,0.9911991199119912,190.0,901.0
assay_envelope,plus__boltz_affinity,trained_oof,0.25,198,909,10,1.0,198.0,1.0,1.0,3.313131313131313,2.8666494845360813,3.8069445915179747,0.21782178217821782,1.0,198.0,909.0
assay_envelope,plus__boltz_affinity,trained_oof,0.5,198,909,1,0.4797979797979798,95.0,0.40094202898550724,0.558252427184466,1.0,1.0,1.0,0.10451045104510451,0.8206820682068207,95.0,746.0
assay_envelope,plus__boltz_affinity,trained_oof,0.5,198,909,2,0.6666666666666666,132.0,0.5951156973108193,0.7339978820113752,1.52020202020202,1.441747572815534,1.5990579710144925,0.14521452145214522,0.88998899889989,132.0,809.0
assay_envelope,plus__boltz_affinity,trained_oof,0.5,198,909,3,0.7222222222222222,143.0,0.6526315789473685,0.7902439024390244,1.8535353535353536,1.7170587125974353,1.9896373056994818,0.1573157315731573,0.911991199119912,143.0,829.0
assay_envelope,plus__boltz_affinity,trained_oof,0.5,198,909,4,0.7676767676767676,152.0,0.7010285191251565,0.8309178743961353,2.1313131313131315,1.929265734265734,2.328438023784819,0.16721672167216722,0.9328932893289329,152.0,848.0
assay_envelope,plus__boltz_affinity,trained_oof,0.5,198,909,5,0.8181818181818182,162.0,0.7567531817531818,0.8776595744680851,2.3636363636363638,2.1093468105670103,2.618822938517446,0.1782178217821782,0.9504950495049505,162.0,864.0
assay_envelope,plus__boltz_affinity,trained_oof,0.5,198,909,6,0.8535353535353535,169.0,0.7947213622291022,0.9062621437823833,2.5454545454545454,2.246195168551089,2.853415094790695,0.1859185918591859,0.9625962596259626,169.0,875.0
assay_envelope,plus__boltz_affinity,trained_oof,0.5,198,909,7,0.8737373737373737,173.0,0.8146254355400696,0.9230867346938776,2.691919191919192,2.344977150537634,3.046262626262626,0.19031903190319033,0.9702970297029703,173.0,882.0
assay_envelope,plus__boltz_affinity,trained_oof,0.5,198,909,8,0.9343434343434344,185.0,0.8899395301868193,0.970156606131902,2.8181818181818183,2.4285530191458022,3.213913292589763,0.20352035203520352,0.9845984598459846,185.0,895.0
assay_envelope,plus__boltz_affinity,trained_oof,0.5,198,909,9,0.9696969696969697,192.0,0.9436601661249548,0.99,2.8838383838383836,2.4696460877431026,3.3073813957253875,0.21122112211221122,0.9933993399339934,192.0,903.0
assay_envelope,plus__boltz_affinity,trained_oof,0.5,198,909,10,1.0,198.0,1.0,1.0,2.914141414141414,2.4861959708691947,3.3613283917596175,0.21782178217821782,1.0,198.0,909.0
assay_envelope,plus__boltz_affinity,trained_oof,1.0,198,909,1,0.47474747474747475,94.0,0.3923296996004538,0.5495173267326733,1.0,1.0,1.0,0.1034103410341034,0.8206820682068207,94.0,746.0
assay_envelope,plus__boltz_affinity,trained_oof,1.0,198,909,2,0.6464646464646465,128.0,0.57,0.7172910942926753,1.5252525252525253,1.4504826732673266,1.607670300399546,0.1408140814081408,0.8866886688668867,128.0,806.0
assay_envelope,plus__boltz_affinity,trained_oof,1.0,198,909,3,0.7323232323232324,145.0,0.6618302591128679,0.798995590698591,1.878787878787879,1.7434405385190725,2.020942408376963,0.15951595159515952,0.9207920792079208,145.0,837.0
assay_envelope,plus__boltz_affinity,trained_oof,1.0,198,909,4,0.7929292929292929,157.0,0.7277480431289203,0.8535353535353535,2.1464646464646466,1.9536022381283054,2.3435897435897437,0.17271727172717272,0.9427942794279428,157.0,857.0
assay_envelope,plus__boltz_affinity,trained_oof,1.0,198,909,5,0.8131313131313131,161.0,0.7487179487179487,0.8730964467005076,2.3535353535353534,2.1128186274509804,2.606092336982389,0.1771177117711771,0.9504950495049505,161.0,864.0
assay_envelope,plus__boltz_affinity,trained_oof,1.0,198,909,6,0.8434343434343434,167.0,0.7828277115041822,0.8978522053982884,2.54040404040404,2.248650793650794,2.8505291730642686,0.18371837183718373,0.9614961496149615,167.0,874.0
assay_envelope,plus__boltz_affinity,trained_oof,1.0,198,909,7,0.8838383838383839,175.0,0.826530612244898,0.9323004371761657,2.696969696969697,2.35746161572679,3.057322140957447,0.1925192519251925,0.9713971397139713,175.0,883.0
assay_envelope,plus__boltz_affinity,trained_oof,1.0,198,909,8,0.9141414141414141,181.0,0.8598704435660958,0.9581151832460733,2.813131313131313,2.4334293292913975,3.221675457756297,0.19911991199119913,0.9812981298129813,181.0,892.0
assay_envelope,plus__boltz_affinity,trained_oof,1.0,198,909,9,0.9747474747474747,193.0,0.9512195121951219,0.9947643979057592,2.898989898989899,2.483087663485332,3.353812494013983,0.21232123212321233,0.9944994499449945,193.0,904.0
assay_envelope,plus__boltz_affinity,trained_oof,1.0,198,909,10,1.0,198.0,1.0,1.0,2.9242424242424243,2.4973490932642495,3.3979604528378515,0.21782178217821782,1.0,198.0,909.0
assay_envelope,calibrated__boltz_binary,trained_oof,0.125,198,909,1,0.26262626262626265,52.0,0.1887662673765158,0.33971524132484787,1.0,1.0,1.0,0.05720572057205721,0.7755775577557755,52.0,705.0
assay_envelope,calibrated__boltz_binary,trained_oof,0.125,198,909,2,0.43434343434343436,86.0,0.34974001094690754,0.5162989222915484,1.7373737373737375,1.6602847586751524,1.8112337326234842,0.09460946094609461,0.8404840484048405,86.0,764.0
assay_envelope,calibrated__boltz_binary,trained_oof,0.125,198,909,3,0.5656565656565656,112.0,0.48872443099971186,0.6414141414141414,2.303030303030303,2.1616080156402737,2.45050210331914,0.12321232123212321,0.8855885588558856,112.0,805.0
assay_envelope,calibrated__boltz_binary,trained_oof,0.125,198,909,4,0.6515151515151515,129.0,0.5759122640012693,0.727284626368396,2.7373737373737375,2.5291031864575553,2.9460966833541926,0.1419141914191419,0.9097909790979097,129.0,827.0
assay_envelope,calibrated__boltz_binary,trained_oof,0.125,198,909,5,0.7424242424242424,147.0,0.6732559200620524,0.8118279569892473,3.085858585858586,2.810156686208822,3.3551947241408002,0.1617161716171617,0.9328932893289329,147.0,848.0
assay_envelope,calibrated__boltz_binary,trained_oof,0.125,198,909,6,0.8181818181818182,162.0,0.7564766839378239,0.8763440860215054,3.3434343434343434,3.0201920192019203,3.6666666666666665,0.1782178217821782,0.9548954895489549,162.0,868.0
assay_envelope,calibrated__boltz_binary,trained_oof,0.125,198,909,7,0.8838383838383839,175.0,0.8368421052631579,0.9274630171960652,3.525252525252525,3.160184165749174,3.88237533592117,0.1925192519251925,0.9735973597359736,175.0,885.0
assay_envelope,calibrated__boltz_binary,trained_oof,0.125,198,909,8,0.9393939393939394,186.0,0.9040404040404041,0.97,3.6414141414141414,3.2488326258338387,4.0290184453227935,0.20462046204620463,0.9856985698569857,186.0,896.0
assay_envelope,calibrated__boltz_binary,trained_oof,0.125,198,909,9,0.9848484848484849,195.0,0.9656820486815416,1.0,3.702020202020202,3.295873349339736,4.103854508196721,0.2145214521452145,0.9966996699669967,195.0,906.0
assay_envelope,calibrated__boltz_binary,trained_oof,0.125,198,909,10,1.0,198.0,1.0,1.0,3.717171717171717,3.3010180461073317,4.125031565656566,0.21782178217821782,1.0,198.0,909.0
assay_envelope,calibrated__boltz_binary,trained_oof,0.25,198,909,1,0.2676767676767677,53.0,0.19270345922459894,0.3445058571192872,1.0,1.0,1.0,0.058305830583058306,0.7678767876787679,53.0,698.0
assay_envelope,calibrated__boltz_binary,trained_oof,0.25,198,909,2,0.40404040404040403,80.0,0.32642487046632124,0.48258706467661694,1.7323232323232323,1.6554941428807128,1.8072965407754011,0.08800880088008801,0.8283828382838284,80.0,753.0
assay_envelope,calibrated__boltz_binary,trained_oof,0.25,198,909,3,0.5656565656565656,112.0,0.49009653465346537,0.6407829225790391,2.3282828282828283,2.1849769900497513,2.4666751269035534,0.12321232123212321,0.8822882288228823,112.0,802.0
assay_envelope,calibrated__boltz_binary,trained_oof,0.25,198,909,4,0.6919191919191919,137.0,0.6203659188034187,0.7614726434377524,2.7626262626262625,2.5535416666666664,2.9689198884017536,0.15071507150715072,0.9174917491749175,137.0,834.0
assay_envelope,calibrated__boltz_binary,trained_oof,0.25,198,909,5,0.7373737373737373,146.0,0.6701030927835051,0.8048810975609756,3.0707070707070705,2.809301726204747,3.3298982155005494,0.16061606160616063,0.933993399339934,146.0,849.0
assay_envelope,calibrated__boltz_binary,trained_oof,0.25,198,909,6,0.8333333333333334,165.0,0.7708227040816327,0.887334722621443,3.3333333333333335,3.0153768844221105,3.645363662706462,0.18151815181518152,0.9570957095709571,165.0,870.0
assay_envelope,calibrated__boltz_binary,trained_oof,0.25,198,909,7,0.9040404040404041,179.0,0.861524064171123,0.9433062384351043,3.5,3.148500959789857,3.856453323903818,0.19691969196919692,0.976897689768977,179.0,888.0
assay_envelope,calibrated__boltz_binary,trained_oof,0.25,198,909,8,0.9444444444444444,187.0,0.9104477611940298,0.9754901960784313,3.595959595959596,3.229508149413611,3.9787477049357385,0.20572057205720573,0.9867986798679867,187.0,897.0
assay_envelope,calibrated__boltz_binary,trained_oof,0.25,198,909,9,0.98989898989899,196.0,0.9739583333333334,1.0,3.6515151515151514,3.2777508090614886,4.04791315567727,0.2156215621562156,0.9977997799779978,196.0,907.0
assay_envelope,calibrated__boltz_binary,trained_oof,0.25,198,909,10,1.0,198.0,1.0,1.0,3.6616161616161618,3.2799444444444448,4.066050627838631,0.21782178217821782,1.0,198.0,909.0
assay_envelope,calibrated__boltz_binary,trained_oof,0.5,198,909,1,0.2777777777777778,55.0,0.20634920634920634,0.3518719806763284,1.0,1.0,1.0,0.06050605060506051,0.77007700770077,55.0,700.0
assay_envelope,calibrated__boltz_binary,trained_oof,0.5,198,909,2,0.4595959595959596,91.0,0.3793056081849185,0.5369530185515144,1.7222222222222223,1.6481280193236716,1.7936507936507937,0.1001100110011001,0.8437843784378438,91.0,767.0
assay_envelope,calibrated__boltz_binary,trained_oof,0.5,198,909,3,0.5808080808080808,115.0,0.5051533242162844,0.6564141414141413,2.2626262626262625,2.1256038647342996,2.3957219251336896,0.1265126512651265,0.8844884488448845,115.0,804.0
assay_envelope,calibrated__boltz_binary,trained_oof,0.5,198,909,4,0.6363636363636364,126.0,0.562188382412263,0.7093857967590218,2.6818181818181817,2.4842105263157896,2.880208333333333,0.13861386138613863,0.9086908690869087,126.0,826.0
assay_envelope,calibrated__boltz_binary,trained_oof,0.5,198,909,5,0.7929292929292929,157.0,0.7326719436649547,0.8486322152140673,3.0454545454545454,2.78421052631579,3.3093588917525767,0.17271727172717272,0.9471947194719472,157.0,861.0
assay_envelope,calibrated__boltz_binary,trained_oof,0.5,198,909,6,0.8737373737373737,173.0,0.8217781643029167,0.9175257731958762,3.2525252525252526,2.952873381096721,3.5538586956521736,0.19031903190319033,0.9680968096809681,173.0,880.0
assay_envelope,calibrated__boltz_binary,trained_oof,0.5,198,909,7,0.9242424242424242,183.0,0.8844168209468395,0.9591836734693877,3.378787878787879,3.058185822321948,3.7106769061698675,0.20132013201320131,0.9823982398239824,183.0,893.0
assay_envelope,calibrated__boltz_binary,trained_oof,0.5,198,909,8,0.9696969696969697,192.0,0.9435897435897436,0.9902912621359223,3.4545454545454546,3.1187211653102485,3.8098012013729976,0.21122112211221122,0.9933993399339934,192.0,903.0
assay_envelope,calibrated__boltz_binary,trained_oof,0.5,198,909,9,0.9949494949494949,197.0,0.9839550629636019,1.0,3.484848484848485,3.138752427874366,3.84805774748924,0.21672167216721672,0.9988998899889989,197.0,908.0
assay_envelope,calibrated__boltz_binary,trained_oof,0.5,198,909,10,1.0,198.0,1.0,1.0,3.48989898989899,3.1392862420570413,3.8600686274509797,0.21782178217821782,1.0,198.0,909.0
assay_envelope,calibrated__boltz_binary,trained_oof,1.0,198,909,1,0.3181818181818182,63.0,0.24479166666666666,0.3899105504587156,1.0,1.0,1.0,0.06930693069306931,0.7854785478547854,63.0,714.0
assay_envelope,calibrated__boltz_binary,trained_oof,1.0,198,909,2,0.46464646464646464,92.0,0.38250579349412067,0.5462974254742547,1.6818181818181819,1.6100894495412843,1.7552083333333333,0.10121012101210121,0.8492849284928493,92.0,772.0
assay_envelope,calibrated__boltz_binary,trained_oof,1.0,198,909,3,0.5555555555555556,110.0,0.4799897959183673,0.6316107297228577,2.217171717171717,2.0721153846153846,2.362267722878625,0.12101210121012101,0.8822882288228823,110.0,802.0
assay_envelope,calibrated__boltz_binary,trained_oof,1.0,198,909,4,0.6464646464646465,128.0,0.5734436110983298,0.7168994320080188,2.6616161616161618,2.447619047619048,2.869565217391304,0.1408140814081408,0.9097909790979097,128.0,827.0
assay_envelope,calibrated__boltz_binary,trained_oof,1.0,198,909,5,0.803030303030303,159.0,0.7384615384615385,0.8557386146192115,3.015151515151515,2.741431731229077,3.27982917746114,0.17491749174917492,0.9471947194719472,159.0,861.0
assay_envelope,calibrated__boltz_binary,trained_oof,1.0,198,909,6,0.8737373737373737,173.0,0.8235140931372549,0.9215686274509803,3.212121212121212,2.9075888324873094,3.517962962962963,0.19031903190319033,0.9658965896589659,173.0,878.0
assay_envelope,calibrated__boltz_binary,trained_oof,1.0,198,909,7,0.9191919191919192,182.0,0.8802031250000001,0.9560975609756097,3.3383838383838382,3.0051477244153886,3.6737996977447107,0.2002200220022002,0.9801980198019802,182.0,891.0
assay_envelope,calibrated__boltz_binary,trained_oof,1.0,198,909,8,0.9545454545454546,189.0,0.9230769230769231,0.98,3.419191919191919,3.0730656013456685,3.786902233925083,0.2079207920792079,0.988998899889989,189.0,899.0
assay_envelope,calibrated__boltz_binary,trained_oof,1.0,198,909,9,0.98989898989899,196.0,0.9740932642487047,1.0,3.4646464646464645,3.105256578947368,3.8481828629804617,0.2156215621562156,0.9977997799779978,196.0,907.0
assay_envelope,calibrated__boltz_binary,trained_oof,1.0,198,909,10,1.0,198.0,1.0,1.0,3.474747474747475,3.1098881909547735,3.858540562036055,0.21782178217821782,1.0,198.0,909.0
assay_envelope,availability__boltz_binary,trained_oof,0.125,198,909,1,0.23232323232323232,46.0,0.17435897435897435,0.2929377913752913,1.0,1.0,1.0,0.050605060506050605,0.7370737073707371,46.0,670.0
assay_envelope,availability__boltz_binary,trained_oof,0.125,198,909,2,0.5,99.0,0.418848167539267,0.5779029953690018,1.7676767676767677,1.7070622086247087,1.8256410256410256,0.10891089108910891,0.8426842684268426,99.0,766.0
assay_envelope,availability__boltz_binary,trained_oof,0.125,198,909,3,0.6313131313131313,125.0,0.5510204081632653,0.7091880717804362,2.2676767676767677,2.1487179487179486,2.3886228524679574,0.13751375137513752,0.8877887788778878,125.0,807.0
assay_envelope,availability__boltz_binary,trained_oof,0.125,198,909,4,0.7070707070707071,140.0,0.6308108341986847,0.7777777777777778,2.6363636363636362,2.4507577720207254,2.8283204384268212,0.15401540154015403,0.9163916391639164,140.0,833.0
assay_envelope,availability__boltz_binary,trained_oof,0.125,198,909,5,0.7575757575757576,150.0,0.6862719023779724,0.8205223880597015,2.9292929292929295,2.6797981730355347,3.1912600988312807,0.16501650165016502,0.935093509350935,150.0,850.0
assay_envelope,availability__boltz_binary,trained_oof,0.125,198,909,6,0.8232323232323232,163.0,0.7653061224489796,0.8780487804878049,3.1717171717171717,2.87117982734234,3.492507081358498,0.1793179317931793,0.9537953795379538,163.0,867.0
assay_envelope,availability__boltz_binary,trained_oof,0.125,198,909,7,0.9040404040404041,179.0,0.8599953271028037,0.9423076923076923,3.3484848484848486,3.0100935828877007,3.7049873896595207,0.19691969196919692,0.9746974697469747,179.0,886.0
assay_envelope,availability__boltz_binary,trained_oof,0.125,198,909,8,0.9444444444444444,187.0,0.9095623791102514,0.9747506471752703,3.4444444444444446,3.0869290733421173,3.836749340884679,0.20572057205720573,0.9867986798679867,187.0,897.0
assay_envelope,availability__boltz_binary,trained_oof,0.125,198,909,9,0.9747474747474747,193.0,0.9502487562189055,0.9949748743718593,3.5,3.1332863849765253,3.90431761221235,0.21232123212321233,0.9944994499449945,193.0,904.0
assay_envelope,availability__boltz_binary,trained_oof,0.125,198,909,10,1.0,198.0,1.0,1.0,3.525252525252525,3.1510277609223305,3.9312042165445766,0.21782178217821782,1.0,198.0,909.0
assay_envelope,availability__boltz_binary,trained_oof,0.25,198,909,1,0.24242424242424243,48.0,0.1746031746031746,0.31157427408535887,1.0,1.0,1.0,0.052805280528052806,0.7546754675467546,48.0,686.0
assay_envelope,availability__boltz_binary,trained_oof,0.25,198,909,2,0.46464646464646464,92.0,0.3821869898102798,0.5412427709328639,1.7575757575757576,1.6884257259146411,1.8253968253968254,0.10121012101210121,0.8404840484048405,92.0,764.0
assay_envelope,availability__boltz_binary,trained_oof,0.25,198,909,3,0.5959595959595959,118.0,0.5148217280744468,0.6730792682926829,2.292929292929293,2.1649343313091376,2.428624469589816,0.12981298129812982,0.8866886688668867,118.0,806.0
assay_envelope,availability__boltz_binary,trained_oof,0.25,198,909,4,0.702020202020202,139.0,0.6294272332408812,0.7684821892714805,2.696969696969697,2.51010101010101,2.89746192893401,0.15291529152915292,0.9152915291529153,139.0,832.0
assay_envelope,availability__boltz_binary,trained_oof,0.25,198,909,5,0.7828282828282829,155.0,0.7180851063829787,0.8418367346938775,2.994949494949495,2.755174278846154,3.248769769145213,0.1705170517051705,0.9372937293729373,155.0,852.0
assay_envelope,availability__boltz_binary,trained_oof,0.25,198,909,6,0.8484848484848485,168.0,0.7927412909271304,0.9000124378109452,3.212121212121212,2.9320388349514563,3.511144278606965,0.1848184818481848,0.9603960396039604,168.0,873.0
assay_envelope,availability__boltz_binary,trained_oof,0.25,198,909,7,0.8939393939393939,177.0,0.8457446808510638,0.9359605911330049,3.3636363636363638,3.045448835084513,3.7068496934936457,0.19471947194719472,0.9735973597359736,177.0,885.0
assay_envelope,availability__boltz_binary,trained_oof,0.25,198,909,8,0.9292929292929293,184.0,0.8888888888888888,0.9644714915654001,3.4696969696969697,3.124943181818181,3.847834623264285,0.20242024202420242,0.9834983498349835,184.0,894.0
assay_envelope,availability__boltz_binary,trained_oof,0.25,198,909,9,0.9595959595959596,190.0,0.9301048387096774,0.9848484848484849,3.54040404040404,3.1788639281129654,3.9468756716097135,0.20902090209020902,0.9911991199119912,190.0,901.0
assay_envelope,availability__boltz_binary,trained_oof,0.25,198,909,10,1.0,198.0,1.0,1.0,3.580808080808081,3.207729468599034,4.000128865979381,0.21782178217821782,1.0,198.0,909.0
assay_envelope,availability__boltz_binary,trained_oof,0.5,198,909,1,0.35858585858585856,71.0,0.28498284313725486,0.432062606345711,1.0,1.0,1.0,0.0781078107810781,0.7865786578657866,71.0,715.0
assay_envelope,availability__boltz_binary,trained_oof,0.5,198,909,2,0.5808080808080808,115.0,0.5052069909793815,0.6521960958296361,1.6414141414141414,1.5679373936542889,1.715017156862745,0.1265126512651265,0.8657865786578658,115.0,787.0
assay_envelope,availability__boltz_binary,trained_oof,0.5,198,909,3,0.6868686868686869,136.0,0.6165784244680316,0.7548150510204081,2.0606060606060606,1.9323652626811596,2.1968105776650866,0.1496149614961496,0.900990099009901,136.0,819.0
assay_envelope,availability__boltz_binary,trained_oof,0.5,198,909,4,0.7525252525252525,149.0,0.68447812474024,0.8150096153846152,2.3737373737373737,2.19456025128498,2.5690650233744154,0.1639163916391639,0.9240924092409241,149.0,840.0
assay_envelope,availability__boltz_binary,trained_oof,0.5,198,909,5,0.8080808080808081,160.0,0.747226250906454,0.8636473962930273,2.621212121212121,2.385364734840009,2.873768939393939,0.17601760176017603,0.9460946094609461,160.0,860.0
assay_envelope,availability__boltz_binary,trained_oof,0.5,198,909,6,0.8787878787878788,174.0,0.8272201782934767,0.9250093283582089,2.813131313131313,2.5350981029106032,3.1094184027777776,0.19141914191419143,0.9680968096809681,174.0,880.0
assay_envelope,availability__boltz_binary,trained_oof,0.5,198,909,7,0.9141414141414141,181.0,0.8704663212435233,0.9521531100478469,2.9343434343434343,2.628532818532819,3.2717405239687847,0.19911991199119913,0.9790979097909791,181.0,890.0
assay_envelope,availability__boltz_binary,trained_oof,0.5,198,909,8,0.9444444444444444,187.0,0.9077651232262883,0.9757281553398058,3.0202020202020203,2.689473684210526,3.3851085163272274,0.20572057205720573,0.9878987898789879,187.0,898.0
assay_envelope,availability__boltz_binary,trained_oof,0.5,198,909,9,0.98989898989899,196.0,0.973404255319149,1.0,3.0757575757575757,2.722758525852585,3.465353082927341,0.2156215621562156,0.9977997799779978,196.0,907.0
assay_envelope,availability__boltz_binary,trained_oof,0.5,198,909,10,1.0,198.0,1.0,1.0,3.085858585858586,2.728006792434715,3.478061224489796,0.21782178217821782,1.0,198.0,909.0
assay_envelope,availability__boltz_binary,trained_oof,1.0,198,909,1,0.4090909090909091,81.0,0.33513441633122487,0.48311126694717144,1.0,1.0,1.0,0.0891089108910891,0.8140814081408141,81.0,740.0
assay_envelope,availability__boltz_binary,trained_oof,1.0,198,909,2,0.6161616161616161,122.0,0.5434699845508717,0.6911856160374596,1.5909090909090908,1.5168887330528285,1.6648655836687751,0.1342134213421342,0.8811881188118812,122.0,801.0
assay_envelope,availability__boltz_binary,trained_oof,1.0,198,909,3,0.7474747474747475,148.0,0.6818181818181818,0.8112244897959183,1.9747474747474747,1.839332868677836,2.1044035153328347,0.1628162816281628,0.9218921892189219,148.0,838.0
assay_envelope,availability__boltz_binary,trained_oof,1.0,198,909,4,0.8080808080808081,160.0,0.75,0.8631643132220795,2.227272727272727,2.0408163265306123,2.4127212665170776,0.17601760176017603,0.9427942794279428,160.0,857.0
assay_envelope,availability__boltz_binary,trained_oof,1.0,198,909,5,0.8535353535353535,169.0,0.8020588743093923,0.9020618556701031,2.419191919191919,2.18556198139301,2.64708838309193,0.1859185918591859,0.9614961496149615,169.0,874.0
assay_envelope,availability__boltz_binary,trained_oof,1.0,198,909,6,0.8787878787878788,174.0,0.8299974226804123,0.9230769230769231,2.5656565656565657,2.292612230470131,2.8385416666666665,0.19141914191419143,0.9680968096809681,174.0,880.0
assay_envelope,availability__boltz_binary,trained_oof,1.0,198,909,7,0.9242424242424242,183.0,0.8848167539267016,0.9593908629441624,2.686868686868687,2.3804583683767877,2.9950255102040804,0.20132013201320131,0.9801980198019802,183.0,891.0
assay_envelope,availability__boltz_binary,trained_oof,1.0,198,909,8,0.9545454545454546,189.0,0.9227053140096618,0.9805825242718447,2.7626262626262625,2.436200980392157,3.0950608974358977,0.2079207920792079,0.988998899889989,189.0,899.0
assay_envelope,availability__boltz_binary,trained_oof,1.0,198,909,9,0.9848484848484849,195.0,0.9648196792041013,1.0,2.808080808080808,2.4662703552923757,3.1508509040045585,0.2145214521452145,0.9966996699669967,195.0,906.0
assay_envelope,availability__boltz_binary,trained_oof,1.0,198,909,10,1.0,198.0,1.0,1.0,2.823232323232323,2.47691037735849,3.174365079365079,0.21782178217821782,1.0,198.0,909.0
assay_envelope,plus__boltz_binary,trained_oof,0.125,198,909,1,0.31313131313131315,62.0,0.239013247492881,0.39176268445522533,1.0,1.0,1.0,0.06820682068206821,0.7755775577557755,62.0,705.0
assay_envelope,plus__boltz_binary,trained_oof,0.125,198,909,2,0.48484848484848486,96.0,0.40401792797080754,0.5603864734299517,1.6868686868686869,1.6082373155447747,1.760986752507119,0.10561056105610561,0.845984598459846,96.0,769.0
assay_envelope,plus__boltz_binary,trained_oof,0.125,198,909,3,0.6212121212121212,123.0,0.5412371134020618,0.6943041162924583,2.202020202020202,2.0588235294117645,2.345182243968811,0.1353135313531353,0.8866886688668867,123.0,806.0
assay_envelope,plus__boltz_binary,trained_oof,0.125,198,909,4,0.6868686868686869,136.0,0.6105195681511472,0.755,2.580808080808081,2.3856964285714284,2.7917025862068967,0.1496149614961496,0.911991199119912,136.0,829.0
assay_envelope,plus__boltz_binary,trained_oof,0.125,198,909,5,0.7626262626262627,151.0,0.6969656673114121,0.8229166666666666,2.893939393939394,2.6435466760961805,3.1711417947860965,0.16611661166116612,0.935093509350935,151.0,850.0
assay_envelope,plus__boltz_binary,trained_oof,0.125,198,909,6,0.8181818181818182,162.0,0.7591623036649214,0.8719241005766583,3.1313131313131315,2.84,3.4573296811928493,0.1782178217821782,0.9526952695269527,162.0,866.0
assay_envelope,plus__boltz_binary,trained_oof,0.125,198,909,7,0.9141414141414141,181.0,0.87,0.9507389162561576,3.313131313131313,2.9757130609090474,3.685046717171717,0.19911991199119913,0.9790979097909791,181.0,890.0
assay_envelope,plus__boltz_binary,trained_oof,0.125,198,909,8,0.9494949494949495,188.0,0.9166666666666666,0.9764233216322947,3.398989898989899,3.043218427835052,3.7930335968379443,0.2068206820682068,0.9878987898789879,188.0,898.0
assay_envelope,plus__boltz_binary,trained_oof,0.125,198,909,9,0.9848484848484849,195.0,0.9656820486815416,1.0,3.4494949494949494,3.0816874999999992,3.86316985645933,0.2145214521452145,0.9966996699669967,195.0,906.0
assay_envelope,plus__boltz_binary,trained_oof,0.125,198,909,10,1.0,198.0,1.0,1.0,3.4646464646464645,3.09179081632653,3.8821204188481677,0.21782178217821782,1.0,198.0,909.0
assay_envelope,plus__boltz_binary,trained_oof,0.25,198,909,1,0.3181818181818182,63.0,0.24043715846994534,0.4,1.0,1.0,1.0,0.06930693069306931,0.7755775577557755,63.0,705.0
assay_envelope,plus__boltz_binary,trained_oof,0.25,198,909,2,0.5202020202020202,103.0,0.441025641025641,0.5973039215686273,1.6818181818181819,1.6,1.7595628415300546,0.11331133113311331,0.8514851485148515,103.0,774.0
assay_envelope,plus__boltz_binary,trained_oof,0.25,198,909,3,0.6313131313131313,125.0,0.5538440860215054,0.7025837320574161,2.1616161616161618,2.0191387559808613,2.304579314720812,0.13751375137513752,0.8954895489548955,125.0,814.0
assay_envelope,plus__boltz_binary,trained_oof,0.25,198,909,4,0.7424242424242424,147.0,0.6732649118570394,0.8048810975609756,2.5303030303030303,2.3232083871894296,2.73824844045895,0.1617161716171617,0.9284928492849285,147.0,844.0
assay_envelope,plus__boltz_binary,trained_oof,0.25,198,909,5,0.7878787878787878,156.0,0.725,0.8454292084726867,2.787878787878788,2.535885167464115,3.0501602564102552,0.1716171617161716,0.9416941694169417,156.0,856.0
assay_envelope,plus__boltz_binary,trained_oof,0.25,198,909,6,0.8484848484848485,168.0,0.7916666666666666,0.898989898989899,3.0,2.7093440623654885,3.3206621853546907,0.1848184818481848,0.9592959295929593,168.0,872.0
assay_envelope,plus__boltz_binary,trained_oof,0.25,198,909,7,0.8888888888888888,176.0,0.842391304347826,0.9320539262538357,3.1515151515151514,2.821083103233277,3.518726805178107,0.1936193619361936,0.9724972497249725,176.0,884.0
assay_envelope,plus__boltz_binary,trained_oof,0.25,198,909,8,0.9545454545454546,189.0,0.9234595761381476,0.9811386573058358,3.2626262626262625,2.8990192976906046,3.6632012877939535,0.2079207920792079,0.9878987898789879,189.0,898.0
assay_envelope,plus__boltz_binary,trained_oof,0.25,198,909,9,0.9797979797979798,194.0,0.9572192513368984,0.9952153110047847,3.308080808080808,2.9316673223183844,3.718113274289907,0.21342134213421343,0.9955995599559956,194.0,905.0
assay_envelope,plus__boltz_binary,trained_oof,0.25,198,909,10,1.0,198.0,1.0,1.0,3.3282828282828283,2.9416413834951456,3.7474342105263148,0.21782178217821782,1.0,198.0,909.0
assay_envelope,plus__boltz_binary,trained_oof,0.5,198,909,1,0.3838383838383838,76.0,0.3127970297029703,0.4607342675290011,1.0,1.0,1.0,0.08360836083608361,0.8030803080308031,76.0,730.0
assay_envelope,plus__boltz_binary,trained_oof,0.5,198,909,2,0.6212121212121212,123.0,0.5463458201490251,0.6923076923076923,1.6161616161616161,1.5392657324709988,1.6872029702970295,0.1353135313531353,0.8822882288228823,123.0,802.0
assay_envelope,plus__boltz_binary,trained_oof,0.5,198,909,3,0.7070707070707071,140.0,0.6358967391304348,0.7740384615384616,1.994949494949495,1.864712800667729,2.132678980683182,0.15401540154015403,0.9130913091309131,140.0,830.0
assay_envelope,plus__boltz_binary,trained_oof,0.5,198,909,4,0.7525252525252525,149.0,0.6861702127659575,0.8153883495145631,2.287878787878788,2.0989856338575037,2.485185577381267,0.1639163916391639,0.9306930693069307,149.0,846.0
assay_envelope,plus__boltz_binary,trained_oof,0.5,198,909,5,0.8383838383838383,166.0,0.787122626197046,0.8883254891331132,2.5353535353535355,2.2946003939777686,2.7832575796048955,0.18261826182618263,0.9570957095709571,166.0,870.0
assay_envelope,plus__boltz_binary,trained_oof,0.5,198,909,6,0.8888888888888888,176.0,0.8457704826929184,0.93049114073782,2.696969696969697,2.4170649900218795,2.9894895380275064,0.1936193619361936,0.9713971397139713,176.0,883.0
assay_envelope,plus__boltz_binary,trained_oof,0.5,198,909,7,0.9444444444444444,187.0,0.9105263157894737,0.9751274567755283,2.808080808080808,2.5024014778325125,3.127689734590919,0.20572057205720573,0.9856985698569857,187.0,896.0
assay_envelope,plus__boltz_binary,trained_oof,0.5,198,909,8,0.9696969696969697,192.0,0.9435897435897436,0.9908333333333328,2.8636363636363638,2.5467980295566504,3.199110636538991,0.21122112211221122,0.9911991199119912,192.0,901.0
assay_envelope,plus__boltz_binary,trained_oof,0.5,198,909,9,0.9797979797979798,194.0,0.9578891673628516,0.995588235294117,2.893939393939394,2.5596165608092214,3.23537031392868,0.21342134213421343,0.9955995599559956,194.0,905.0
assay_envelope,plus__boltz_binary,trained_oof,0.5,198,909,10,1.0,198.0,1.0,1.0,2.914141414141414,2.5734768907563024,3.2705229591836726,0.21782178217821782,1.0,198.0,909.0
assay_envelope,plus__boltz_binary,trained_oof,1.0,198,909,1,0.41414141414141414,82.0,0.3432442061051526,0.48718274111675125,1.0,1.0,1.0,0.09020902090209021,0.812981298129813,82.0,739.0
assay_envelope,plus__boltz_binary,trained_oof,1.0,198,909,2,0.6515151515151515,129.0,0.5773195876288659,0.720216778421213,1.5858585858585859,1.5128172588832487,1.6567557938948472,0.1419141914191419,0.88998899889989,129.0,809.0
assay_envelope,plus__boltz_binary,trained_oof,1.0,198,909,3,0.7424242424242424,147.0,0.6789135749209089,0.8027815254542182,1.9343434343434343,1.8051282051282052,2.0681112565445026,0.1617161716171617,0.922992299229923,147.0,839.0
assay_envelope,plus__boltz_binary,trained_oof,1.0,198,909,4,0.7929292929292929,157.0,0.7333333333333333,0.8480503565062388,2.191919191919192,2.019316654219567,2.3822068205876463,0.17271727172717272,0.9427942794279428,157.0,857.0
assay_envelope,plus__boltz_binary,trained_oof,1.0,198,909,5,0.8383838383838383,166.0,0.7857049364248317,0.8861415466191169,2.398989898989899,2.178209491622239,2.6383057720665684,0.18261826182618263,0.9570957095709571,166.0,870.0
assay_envelope,plus__boltz_binary,trained_oof,1.0,198,909,6,0.8838383838383839,175.0,0.8351620029455081,0.9271932601660334,2.5606060606060606,2.3027231687782144,2.8434422348484847,0.1925192519251925,0.9691969196919692,175.0,881.0
assay_envelope,plus__boltz_binary,trained_oof,1.0,198,909,7,0.9494949494949495,188.0,0.9153326578858494,0.9798994974874372,2.676767676767677,2.383831465338314,2.99492385786802,0.2068206820682068,0.9856985698569857,188.0,896.0
assay_envelope,plus__boltz_binary,trained_oof,1.0,198,909,8,0.9747474747474747,193.0,0.9502425373134329,0.9950738916256158,2.727272727272727,2.4200768459739384,3.0653432135295766,0.21232123212321233,0.9922992299229924,193.0,902.0
assay_envelope,plus__boltz_binary,trained_oof,1.0,198,909,9,0.9848484848484849,195.0,0.965169776119403,1.0,2.7525252525252526,2.436845873786408,3.0964811851688365,0.2145214521452145,0.9966996699669967,195.0,906.0
assay_envelope,plus__boltz_binary,trained_oof,1.0,198,909,10,1.0,198.0,1.0,1.0,2.7676767676767677,2.4466019417475735,3.1145937499999996,0.21782178217821782,1.0,198.0,909.0
assay_envelope,calibrated__boltzina_vina_far_affinity,trained_oof,0.125,198,909,1,0.2727272727272727,54.0,0.20304200691532406,0.3402290683110125,1.0,1.0,1.0,0.0594059405940594,0.759075907590759,54.0,690.0
assay_envelope,calibrated__boltzina_vina_far_affinity,trained_oof,0.125,198,909,2,0.4696969696969697,93.0,0.39037433155080214,0.5450113636363636,1.7272727272727273,1.6597709316889873,1.796957993084676,0.10231023102310231,0.8437843784378438,93.0,767.0
assay_envelope,calibrated__boltzina_vina_far_affinity,trained_oof,0.125,198,909,3,0.5606060606060606,111.0,0.4838665848527349,0.634020618556701,2.257575757575758,2.124336306821217,2.3930348258706466,0.12211221122112212,0.878987898789879,111.0,799.0
assay_envelope,calibrated__boltzina_vina_far_affinity,trained_oof,0.125,198,909,4,0.6767676767676768,134.0,0.6028528065030612,0.7525800908990133,2.696969696969697,2.4999401913875596,2.9040762098597916,0.1474147414741474,0.9163916391639164,134.0,833.0
assay_envelope,calibrated__boltzina_vina_far_affinity,trained_oof,0.125,198,909,5,0.7929292929292929,157.0,0.7255737285969844,0.8556886069257201,3.0202020202020203,2.769191919191919,3.2806281887755104,0.17271727172717272,0.9427942794279428,157.0,857.0
assay_envelope,calibrated__boltzina_vina_far_affinity,trained_oof,0.125,198,909,6,0.8585858585858586,170.0,0.807477130215261,0.907328321098745,3.227272727272727,2.9322255810301505,3.5359655888044417,0.18701870187018702,0.9636963696369637,170.0,876.0
assay_envelope,calibrated__boltzina_vina_far_affinity,trained_oof,0.125,198,909,7,0.8939393939393939,177.0,0.8461340206185567,0.9365098722415796,3.3686868686868685,3.0438149790588818,3.7165172568354996,0.19471947194719472,0.9746974697469747,177.0,886.0
assay_envelope,calibrated__boltzina_vina_far_affinity,trained_oof,0.125,198,909,8,0.9393939393939394,186.0,0.9035451121663665,0.9704433497536946,3.474747474747475,3.1161041104110416,3.854838709677419,0.20462046204620463,0.9867986798679867,186.0,897.0
assay_envelope,calibrated__boltzina_vina_far_affinity,trained_oof,0.125,198,909,9,0.9696969696969697,192.0,0.9449413863404689,0.990148990630735,3.5353535353535355,3.156557765151516,3.9385221674876845,0.21122112211221122,0.9933993399339934,192.0,903.0
assay_envelope,calibrated__boltzina_vina_far_affinity,trained_oof,0.125,198,909,10,1.0,198.0,1.0,1.0,3.5656565656565657,3.177287847239856,3.9789634801288942,0.21782178217821782,1.0,198.0,909.0
assay_envelope,calibrated__boltzina_vina_far_affinity,trained_oof,0.25,198,909,1,0.25757575757575757,51.0,0.19071551300932743,0.323236092265943,1.0,1.0,1.0,0.056105610561056105,0.7634763476347635,51.0,694.0
assay_envelope,calibrated__boltzina_vina_far_affinity,trained_oof,0.25,198,909,2,0.4797979797979798,95.0,0.4,0.5544041450777202,1.7424242424242424,1.6767639077340568,1.8092844869906726,0.10451045104510451,0.8448844884488449,95.0,768.0
assay_envelope,calibrated__boltzina_vina_far_affinity,trained_oof,0.25,198,909,3,0.5555555555555556,110.0,0.473914576349555,0.6274682234702925,2.2626262626262625,2.139009773188272,2.394871794871795,0.12101210121012101,0.8767876787678768,110.0,797.0
assay_envelope,calibrated__boltzina_vina_far_affinity,trained_oof,0.25,198,909,4,0.7171717171717171,142.0,0.6479519139261922,0.7826348244147157,2.707070707070707,2.518310654583145,2.9114698024611396,0.1562156215621562,0.9207920792079208,142.0,837.0
assay_envelope,calibrated__boltzina_vina_far_affinity,trained_oof,0.25,198,909,5,0.8131313131313131,161.0,0.7474706744868036,0.8750168918918918,2.98989898989899,2.7451822916666666,3.25,0.1771177117711771,0.9482948294829483,161.0,862.0
assay_envelope,calibrated__boltzina_vina_far_affinity,trained_oof,0.25,198,909,6,0.8535353535353535,169.0,0.7956901725431358,0.9081094870380585,3.176767676767677,2.891047458111196,3.481883329466656,0.1859185918591859,0.9625962596259626,169.0,875.0
assay_envelope,calibrated__boltzina_vina_far_affinity,trained_oof,0.25,198,909,7,0.9090909090909091,180.0,0.8536585365853658,0.9556684266390878,3.323232323232323,2.9952553845431935,3.671796875,0.19801980198019803,0.976897689768977,180.0,888.0
assay_envelope,calibrated__boltzina_vina_far_affinity,trained_oof,0.25,198,909,8,0.9343434343434344,185.0,0.8904006849315068,0.9732655876664011,3.414141414141414,3.0593842067133545,3.788153712059064,0.20352035203520352,0.9834983498349835,185.0,894.0
assay_envelope,calibrated__boltzina_vina_far_affinity,trained_oof,0.25,198,909,9,0.9545454545454546,189.0,0.9141347687400319,0.9848503883051621,3.4797979797979797,3.0973749999999995,3.8883981178396065,0.2079207920792079,0.9900990099009901,189.0,900.0
assay_envelope,calibrated__boltzina_vina_far_affinity,trained_oof,0.25,198,909,10,1.0,198.0,1.0,1.0,3.525252525252525,3.1230612244897955,3.9619767576318226,0.21782178217821782,1.0,198.0,909.0
assay_envelope,calibrated__boltzina_vina_far_affinity,trained_oof,0.5,198,909,1,0.32323232323232326,64.0,0.2463016294050777,0.39821125565610843,1.0,1.0,1.0,0.0704070407040704,0.7788778877887789,64.0,708.0
assay_envelope,calibrated__boltzina_vina_far_affinity,trained_oof,0.5,198,909,2,0.4797979797979798,95.0,0.40510362694300517,0.5567138534133456,1.6767676767676767,1.6017887443438914,1.7536983705949223,0.10451045104510451,0.8415841584158416,95.0,765.0
assay_envelope,calibrated__boltzina_vina_far_affinity,trained_oof,0.5,198,909,3,0.6060606060606061,120.0,0.5297029702970297,0.6787612489773657,2.196969696969697,2.0585365853658537,2.3351751241036953,0.132013201320132,0.8877887788778878,120.0,807.0
assay_envelope,calibrated__boltzina_vina_far_affinity,trained_oof,0.5,198,909,4,0.7171717171717171,142.0,0.6436157046555719,0.7823890515881955,2.590909090909091,2.389735576923077,2.796819844282508,0.1562156215621562,0.9240924092409241,142.0,840.0
assay_envelope,calibrated__boltzina_vina_far_affinity,trained_oof,0.5,198,909,5,0.8232323232323232,163.0,0.7611833178604585,0.8786444542512504,2.8737373737373737,2.6153658536585365,3.131987081352564,0.1793179317931793,0.9526952695269527,163.0,866.0
assay_envelope,calibrated__boltzina_vina_far_affinity,trained_oof,0.5,198,909,6,0.8686868686868687,172.0,0.8097441538848379,0.919816037735849,3.0505050505050506,2.757251953587497,3.3545634920634915,0.18921892189218922,0.966996699669967,172.0,879.0
assay_envelope,calibrated__boltzina_vina_far_affinity,trained_oof,0.5,198,909,7,0.9141414141414141,181.0,0.8604560790456681,0.9585492227979274,3.1818181818181817,2.8523534798534804,3.5269076469625014,0.19911991199119913,0.9790979097909791,181.0,890.0
assay_envelope,calibrated__boltzina_vina_far_affinity,trained_oof,0.5,198,909,8,0.9494949494949495,188.0,0.9085911784068466,0.9842931937172775,3.2676767676767677,2.9113300492610836,3.6510591573383087,0.2068206820682068,0.9867986798679867,188.0,897.0
assay_envelope,calibrated__boltzina_vina_far_affinity,trained_oof,0.5,198,909,9,0.9747474747474747,193.0,0.9461855930713092,0.9950254913551057,3.3181818181818183,2.945799328480748,3.7263681592039806,0.21232123212321233,0.9944994499449945,193.0,904.0
assay_envelope,calibrated__boltzina_vina_far_affinity,trained_oof,0.5,198,909,10,1.0,198.0,1.0,1.0,3.3434343434343434,2.9590619496529587,3.770008373205742,0.21782178217821782,1.0,198.0,909.0
assay_envelope,calibrated__boltzina_vina_far_affinity,trained_oof,1.0,198,909,1,0.3434343434343434,68.0,0.2631446039340776,0.4203218243819265,1.0,1.0,1.0,0.0748074807480748,0.7854785478547854,68.0,714.0
assay_envelope,calibrated__boltzina_vina_far_affinity,trained_oof,1.0,198,909,2,0.5050505050505051,100.0,0.4218544407894737,0.5803319046198083,1.6565656565656566,1.5796781756180733,1.7368553960659223,0.11001100110011001,0.847084708470847,100.0,770.0
assay_envelope,calibrated__boltzina_vina_far_affinity,trained_oof,1.0,198,909,3,0.6111111111111112,121.0,0.5336701208981002,0.6875076219512195,2.1515151515151514,2.0049255046846324,2.3076923076923075,0.1331133113311331,0.8877887788778878,121.0,807.0
assay_envelope,calibrated__boltzina_vina_far_affinity,trained_oof,1.0,198,909,4,0.7222222222222222,143.0,0.6523897890228005,0.7897619047619047,2.54040404040404,2.328201058201058,2.7720257628094416,0.1573157315731573,0.9262926292629263,143.0,842.0
assay_envelope,calibrated__boltzina_vina_far_affinity,trained_oof,1.0,198,909,5,0.8080808080808081,160.0,0.7460835888759649,0.8677550470026196,2.8181818181818183,2.5587553802008607,3.1000906735751292,0.17601760176017603,0.9526952695269527,160.0,866.0
assay_envelope,calibrated__boltzina_vina_far_affinity,trained_oof,1.0,198,909,6,0.8484848484848485,168.0,0.7878518689432394,0.9040584415584415,3.01010101010101,2.702098977889028,3.3368219819278617,0.1848184818481848,0.9614961496149615,168.0,874.0
assay_envelope,calibrated__boltzina_vina_far_affinity,trained_oof,1.0,198,909,7,0.9191919191919192,182.0,0.8659716879519926,0.9642857142857143,3.1616161616161618,2.813662965186074,3.533678756476684,0.2002200220022002,0.9790979097909791,182.0,890.0
assay_envelope,calibrated__boltzina_vina_far_affinity,trained_oof,1.0,198,909,8,0.9494949494949495,188.0,0.9085794044665012,0.9840425531914894,3.242424242424242,2.8653821243523314,3.647375920370875,0.2068206820682068,0.9878987898789879,188.0,898.0
assay_envelope,calibrated__boltzina_vina_far_affinity,trained_oof,1.0,198,909,9,0.9797979797979798,194.0,0.9585486258685323,0.9951456310679612,3.292929292929293,2.9009546493902443,3.7143042190969644,0.21342134213421343,0.9955995599559956,194.0,905.0
assay_envelope,calibrated__boltzina_vina_far_affinity,trained_oof,1.0,198,909,10,1.0,198.0,1.0,1.0,3.313131313131313,2.913019589106545,3.7488869863013696,0.21782178217821782,1.0,198.0,909.0
assay_envelope,availability__boltzina_vina_far_affinity,trained_oof,0.125,198,909,1,0.23232323232323232,46.0,0.17435897435897435,0.2929377913752913,1.0,1.0,1.0,0.050605060506050605,0.7370737073707371,46.0,670.0
assay_envelope,availability__boltzina_vina_far_affinity,trained_oof,0.125,198,909,2,0.5,99.0,0.418848167539267,0.5779029953690018,1.7676767676767677,1.7070622086247087,1.8256410256410256,0.10891089108910891,0.8415841584158416,99.0,765.0
assay_envelope,availability__boltzina_vina_far_affinity,trained_oof,0.125,198,909,3,0.6313131313131313,125.0,0.5510204081632653,0.7091880717804362,2.2676767676767677,2.1487179487179486,2.3886228524679574,0.13751375137513752,0.8877887788778878,125.0,807.0
assay_envelope,availability__boltzina_vina_far_affinity,trained_oof,0.125,198,909,4,0.7070707070707071,140.0,0.6308108341986847,0.7777777777777778,2.6363636363636362,2.4507577720207254,2.8283204384268212,0.15401540154015403,0.9163916391639164,140.0,833.0
assay_envelope,availability__boltzina_vina_far_affinity,trained_oof,0.125,198,909,5,0.7575757575757576,150.0,0.6862719023779724,0.8205223880597015,2.9292929292929295,2.6797981730355347,3.1912600988312807,0.16501650165016502,0.935093509350935,150.0,850.0
assay_envelope,availability__boltzina_vina_far_affinity,trained_oof,0.125,198,909,6,0.8232323232323232,163.0,0.7653061224489796,0.8780487804878049,3.1717171717171717,2.87117982734234,3.492507081358498,0.1793179317931793,0.9526952695269527,163.0,866.0
assay_envelope,availability__boltzina_vina_far_affinity,trained_oof,0.125,198,909,7,0.9090909090909091,180.0,0.8659620212595481,0.9458194484690428,3.3484848484848486,3.0100935828877007,3.7049873896595207,0.19801980198019803,0.9757975797579758,180.0,887.0
assay_envelope,availability__boltzina_vina_far_affinity,trained_oof,0.125,198,909,8,0.9444444444444444,187.0,0.9095623791102514,0.9747506471752703,3.4393939393939394,3.083315217391304,3.828186902322404,0.20572057205720573,0.9867986798679867,187.0,897.0
assay_envelope,availability__boltzina_vina_far_affinity,trained_oof,0.125,198,909,9,0.9747474747474747,193.0,0.9502487562189055,0.9949748743718593,3.494949494949495,3.1310055478502083,3.8925706167474505,0.21232123212321233,0.9944994499449945,193.0,904.0
assay_envelope,availability__boltzina_vina_far_affinity,trained_oof,0.125,198,909,10,1.0,198.0,1.0,1.0,3.5202020202020203,3.1470553387231672,3.925580145518685,0.21782178217821782,1.0,198.0,909.0
assay_envelope,availability__boltzina_vina_far_affinity,trained_oof,0.25,198,909,1,0.2474747474747475,49.0,0.17989417989417988,0.31684739902561676,1.0,1.0,1.0,0.0539053905390539,0.7557755775577558,49.0,687.0
assay_envelope,availability__boltzina_vina_far_affinity,trained_oof,0.25,198,909,2,0.4797979797979798,95.0,0.3988834058213449,0.5571446339729922,1.7525252525252526,1.6831526009743831,1.82010582010582,0.10451045104510451,0.8437843784378438,95.0,767.0
assay_envelope,availability__boltzina_vina_far_affinity,trained_oof,0.25,198,909,3,0.5959595959595959,118.0,0.5148217280744468,0.6730792682926829,2.272727272727273,2.1449289215686274,2.406258585164835,0.12981298129812982,0.8855885588558856,118.0,805.0
assay_envelope,availability__boltzina_vina_far_affinity,trained_oof,0.25,198,909,4,0.6919191919191919,137.0,0.6187985734057276,0.7600051020408163,2.676767676767677,2.487545909197468,2.881553141070888,0.15071507150715072,0.9130913091309131,137.0,830.0
assay_envelope,availability__boltzina_vina_far_affinity,trained_oof,0.25,198,909,5,0.7777777777777778,154.0,0.7142671130952382,0.8390286799852923,2.984848484848485,2.7438392702428396,3.245907944514502,0.1694169416941694,0.9361936193619362,154.0,851.0
assay_envelope,availability__boltzina_vina_far_affinity,trained_oof,0.25,198,909,6,0.8484848484848485,168.0,0.7927412909271304,0.9000124378109452,3.207070707070707,2.92,3.520469025173521,0.1848184818481848,0.9603960396039604,168.0,873.0
assay_envelope,availability__boltzina_vina_far_affinity,trained_oof,0.25,198,909,7,0.8939393939393939,177.0,0.8457446808510638,0.9359605911330049,3.3585858585858586,3.0342698358413127,3.7065613983548764,0.19471947194719472,0.9735973597359736,177.0,885.0
assay_envelope,availability__boltzina_vina_far_affinity,trained_oof,0.25,198,909,8,0.9292929292929293,184.0,0.8888888888888888,0.9644714915654001,3.4646464646464645,3.112777777777777,3.849488693049551,0.20242024202420242,0.9834983498349835,184.0,894.0
assay_envelope,availability__boltzina_vina_far_affinity,trained_oof,0.25,198,909,9,0.9595959595959596,190.0,0.9301048387096774,0.9848484848484849,3.5353535353535355,3.166666666666666,3.950012376237624,0.20902090209020902,0.9911991199119912,190.0,901.0
assay_envelope,availability__boltzina_vina_far_affinity,trained_oof,0.25,198,909,10,1.0,198.0,1.0,1.0,3.5757575757575757,3.1990729503775617,4.000123762376237,0.21782178217821782,1.0,198.0,909.0
assay_envelope,availability__boltzina_vina_far_affinity,trained_oof,0.5,198,909,1,0.35353535353535354,70.0,0.2798159195702809,0.42718446601941745,1.0,1.0,1.0,0.07700770077007701,0.7854785478547854,70.0,714.0
assay_envelope,availability__boltzina_vina_far_affinity,trained_oof,0.5,198,909,2,0.5808080808080808,115.0,0.5052069909793815,0.6521960958296361,1.6464646464646464,1.5728155339805825,1.720184080429719,0.1265126512651265,0.8657865786578658,115.0,787.0
assay_envelope,availability__boltzina_vina_far_affinity,trained_oof,0.5,198,909,3,0.6868686868686869,136.0,0.6165784244680316,0.7548150510204081,2.0656565656565657,1.9368337510442775,2.1980437967266115,0.1496149614961496,0.900990099009901,136.0,819.0
assay_envelope,availability__boltzina_vina_far_affinity,trained_oof,0.5,198,909,4,0.7525252525252525,149.0,0.68447812474024,0.8150096153846152,2.378787878787879,2.1990944989106755,2.5707422785547784,0.1639163916391639,0.922992299229923,149.0,839.0
assay_envelope,availability__boltzina_vina_far_affinity,trained_oof,0.5,198,909,5,0.8131313131313131,161.0,0.7525773195876289,0.8687033653114055,2.6262626262626263,2.390470383275262,2.877058235881765,0.1771177117711771,0.9471947194719472,161.0,861.0
assay_envelope,availability__boltzina_vina_far_affinity,trained_oof,0.5,198,909,6,0.8787878787878788,174.0,0.8272201782934767,0.9250093283582089,2.813131313131313,2.5383971291866025,3.1082775555213615,0.19141914191419143,0.9680968096809681,174.0,880.0
assay_envelope,availability__boltzina_vina_far_affinity,trained_oof,0.5,198,909,7,0.9141414141414141,181.0,0.8704663212435233,0.9521531100478469,2.9343434343434343,2.6285459183673474,3.2673796791443848,0.19911991199119913,0.9790979097909791,181.0,890.0
assay_envelope,availability__boltzina_vina_far_affinity,trained_oof,0.5,198,909,8,0.9444444444444444,187.0,0.9077651232262883,0.9757281553398058,3.0202020202020203,2.6941673271250246,3.3802328279702976,0.20572057205720573,0.9878987898789879,187.0,898.0
assay_envelope,availability__boltzina_vina_far_affinity,trained_oof,0.5,198,909,9,0.98989898989899,196.0,0.973404255319149,1.0,3.0757575757575757,2.7280896522832014,3.4607932032916793,0.2156215621562156,0.9977997799779978,196.0,907.0
assay_envelope,availability__boltzina_vina_far_affinity,trained_oof,0.5,198,909,10,1.0,198.0,1.0,1.0,3.085858585858586,2.7333179723502297,3.4745127969220477,0.21782178217821782,1.0,198.0,909.0
assay_envelope,availability__boltzina_vina_far_affinity,trained_oof,1.0,198,909,1,0.41414141414141414,82.0,0.34042004825619654,0.4898989898989899,1.0,1.0,1.0,0.09020902090209021,0.8140814081408141,82.0,740.0
assay_envelope,availability__boltzina_vina_far_affinity,trained_oof,1.0,198,909,2,0.6212121212121212,123.0,0.5489081661092531,0.695892316766682,1.5858585858585859,1.5101010101010102,1.6595799517438035,0.1353135313531353,0.8833883388338833,123.0,803.0
assay_envelope,availability__boltzina_vina_far_affinity,trained_oof,1.0,198,909,3,0.7474747474747475,148.0,0.6818181818181818,0.8112244897959183,1.9646464646464648,1.8305929463077155,2.097448453608247,0.1628162816281628,0.922992299229923,148.0,839.0
assay_envelope,availability__boltzina_vina_far_affinity,trained_oof,1.0,198,909,4,0.8080808080808081,160.0,0.75,0.8631643132220795,2.217171717171717,2.0362647561561884,2.4031613493926183,0.17601760176017603,0.9438943894389439,160.0,858.0
assay_envelope,availability__boltzina_vina_far_affinity,trained_oof,1.0,198,909,5,0.8535353535353535,169.0,0.8020588743093923,0.9020618556701031,2.409090909090909,2.180904522613065,2.640628792475728,0.1859185918591859,0.9603960396039604,169.0,873.0
assay_envelope,availability__boltzina_vina_far_affinity,trained_oof,1.0,198,909,6,0.8787878787878788,174.0,0.8299974226804123,0.9230769230769231,2.5555555555555554,2.2886215167908546,2.8267674814356427,0.19141914191419143,0.9680968096809681,174.0,880.0
assay_envelope,availability__boltzina_vina_far_affinity,trained_oof,1.0,198,909,7,0.9242424242424242,183.0,0.8848167539267016,0.9593908629441624,2.676767676767677,2.3718485283560655,2.9843810096153844,0.20132013201320131,0.9801980198019802,183.0,891.0
assay_envelope,availability__boltzina_vina_far_affinity,trained_oof,1.0,198,909,8,0.9545454545454546,189.0,0.9227053140096618,0.9805825242718447,2.7525252525252526,2.4245103324348607,3.0824957044673535,0.2079207920792079,0.988998899889989,189.0,899.0
assay_envelope,availability__boltzina_vina_far_affinity,trained_oof,1.0,198,909,9,0.98989898989899,196.0,0.9738219895287958,1.0,2.797979797979798,2.457526759796807,3.141362578666244,0.2156215621562156,0.9977997799779978,196.0,907.0
assay_envelope,availability__boltzina_vina_far_affinity,trained_oof,1.0,198,909,10,1.0,198.0,1.0,1.0,2.808080808080808,2.4622460087082723,3.1604535706327983,0.21782178217821782,1.0,198.0,909.0
assay_envelope,plus__boltzina_vina_far_affinity,trained_oof,0.125,198,909,1,0.3484848484848485,69.0,0.27142477203647414,0.427923588039867,1.0,1.0,1.0,0.07590759075907591,0.7810781078107811,69.0,710.0
assay_envelope,plus__boltzina_vina_far_affinity,trained_oof,0.125,198,909,2,0.51010101010101,101.0,0.42857142857142855,0.5870646766169154,1.6515151515151516,1.572076411960133,1.7285752279635258,0.1111111111111111,0.847084708470847,101.0,770.0
assay_envelope,plus__boltzina_vina_far_affinity,trained_oof,0.125,198,909,3,0.6313131313131313,125.0,0.5538297872340426,0.7064676616915423,2.1414141414141414,1.9998858447488586,2.2934866651725683,0.13751375137513752,0.8932893289328933,125.0,812.0
assay_envelope,plus__boltzina_vina_far_affinity,trained_oof,0.125,198,909,4,0.6868686868686869,136.0,0.6076473609058343,0.7609867525071189,2.51010101010101,2.303459624952162,2.731365712421499,0.1496149614961496,0.9185918591859186,136.0,835.0
assay_envelope,plus__boltzina_vina_far_affinity,trained_oof,0.125,198,909,5,0.7525252525252525,149.0,0.6798022637958708,0.8238341968911918,2.823232323232323,2.552056760204082,3.1058531746031743,0.1639163916391639,0.933993399339934,149.0,849.0
assay_envelope,plus__boltzina_vina_far_affinity,trained_oof,0.125,198,909,6,0.8181818181818182,162.0,0.7575757575757576,0.8731111407961527,3.0707070707070705,2.7360219468498057,3.4112606652986277,0.1782178217821782,0.9537953795379538,162.0,867.0
assay_envelope,plus__boltzina_vina_far_affinity,trained_oof,0.125,198,909,7,0.8686868686868687,172.0,0.8152173913043478,0.914699644549763,3.2525252525252526,2.8811636241749174,3.637786834245893,0.18921892189218922,0.9680968096809681,172.0,880.0
assay_envelope,plus__boltzina_vina_far_affinity,trained_oof,0.125,198,909,8,0.9343434343434344,185.0,0.8989346760698064,0.9663461538461539,3.3838383838383836,2.9844251679745604,3.8010483738950134,0.20352035203520352,0.9845984598459846,185.0,895.0
assay_envelope,plus__boltzina_vina_far_affinity,trained_oof,0.125,198,909,9,0.9848484848484849,195.0,0.9653465346534653,1.0,3.4494949494949494,3.0342972285067864,3.888949275362319,0.2145214521452145,0.9966996699669967,195.0,906.0
assay_envelope,plus__boltzina_vina_far_affinity,trained_oof,0.125,198,909,10,1.0,198.0,1.0,1.0,3.4646464646464645,3.0397960691591543,3.9126629680998617,0.21782178217821782,1.0,198.0,909.0
assay_envelope,plus__boltzina_vina_far_affinity,trained_oof,0.25,198,909,1,0.3181818181818182,63.0,0.2383293656350651,0.396827442317133,1.0,1.0,1.0,0.06930693069306931,0.7821782178217822,63.0,711.0
assay_envelope,plus__boltzina_vina_far_affinity,trained_oof,0.25,198,909,2,0.5202020202020202,103.0,0.441025641025641,0.5979649382464018,1.6818181818181819,1.603172557682867,1.7616706343649349,0.11331133113311331,0.8558855885588559,103.0,778.0
assay_envelope,plus__boltzina_vina_far_affinity,trained_oof,0.25,198,909,3,0.6363636363636364,126.0,0.5595768975763082,0.7114597467209406,2.1616161616161618,2.019704433497537,2.3030343326885876,0.13861386138613863,0.8965896589658966,126.0,815.0
assay_envelope,plus__boltzina_vina_far_affinity,trained_oof,0.25,198,909,4,0.6919191919191919,137.0,0.6149732620320856,0.7630460159223028,2.525252525252525,2.323521984551396,2.726839148823685,0.15071507150715072,0.9218921892189219,137.0,838.0
assay_envelope,plus__boltzina_vina_far_affinity,trained_oof,0.25,198,909,5,0.7676767676767676,152.0,0.6990717120181406,0.8310647889292702,2.8333333333333335,2.574129000789706,3.0976088622142766,0.16721672167216722,0.9416941694169417,152.0,856.0
assay_envelope,plus__boltzina_vina_far_affinity,trained_oof,0.25,198,909,6,0.7929292929292929,157.0,0.7263051028586696,0.8556713853413345,3.0656565656565657,2.7574054429252453,3.392303123121404,0.17271727172717272,0.9482948294829483,157.0,862.0
assay_envelope,plus__boltzina_vina_far_affinity,trained_oof,0.25,198,909,7,0.8434343434343434,167.0,0.7840346096680586,0.8974358974358975,3.272727272727273,2.912366733718884,3.653663227016886,0.18371837183718373,0.9625962596259626,167.0,875.0
assay_envelope,plus__boltzina_vina_far_affinity,trained_oof,0.25,198,909,8,0.9191919191919192,182.0,0.8715563564875491,0.9600049751243781,3.4292929292929295,3.0234830878969166,3.858603624181514,0.2002200220022002,0.9801980198019802,182.0,891.0
assay_envelope,plus__boltzina_vina_far_affinity,trained_oof,0.25,198,909,9,0.9444444444444444,187.0,0.9014778325123153,0.979381443298969,3.51010101010101,3.0820724637681156,3.965905178035738,0.20572057205720573,0.9878987898789879,187.0,898.0
assay_envelope,plus__boltzina_vina_far_affinity,trained_oof,0.25,198,909,10,1.0,198.0,1.0,1.0,3.5656565656565657,3.1121546669793623,4.051374999999999,0.21782178217821782,1.0,198.0,909.0
assay_envelope,plus__boltzina_vina_far_affinity,trained_oof,0.5,198,909,1,0.46464646464646464,92.0,0.38461538461538464,0.5412427709328639,1.0,1.0,1.0,0.10121012101210121,0.8162816281628162,92.0,742.0
assay_envelope,plus__boltzina_vina_far_affinity,trained_oof,0.5,198,909,2,0.6515151515151515,129.0,0.5773096748612212,0.7230769230769231,1.5353535353535352,1.4587572290671362,1.6153846153846154,0.1419141914191419,0.8866886688668867,129.0,806.0
assay_envelope,plus__boltzina_vina_far_affinity,trained_oof,0.5,198,909,3,0.7121212121212122,141.0,0.6417816221920699,0.7794136500754147,1.8838383838383839,1.7460084033613446,2.0303030303030303,0.1551155115511551,0.9130913091309131,141.0,830.0
assay_envelope,plus__boltzina_vina_far_affinity,trained_oof,0.5,198,909,4,0.7525252525252525,149.0,0.6831403909621732,0.82,2.1717171717171717,1.9709965561773568,2.3830196399345334,0.1639163916391639,0.9328932893289329,149.0,848.0
assay_envelope,plus__boltzina_vina_far_affinity,trained_oof,0.5,198,909,5,0.797979797979798,158.0,0.7336865942028986,0.8571428571428571,2.419191919191919,2.166645077720207,2.6900274869109944,0.17381738173817382,0.9482948294829483,158.0,862.0
assay_envelope,plus__boltzina_vina_far_affinity,trained_oof,0.5,198,909,6,0.8535353535353535,169.0,0.7942511601067539,0.9081081081081082,2.621212121212121,2.315495872613855,2.9452904396934247,0.1859185918591859,0.9636963696369637,169.0,876.0
assay_envelope,plus__boltzina_vina_far_affinity,trained_oof,0.5,198,909,7,0.8838383838383839,175.0,0.826727621741766,0.9326424870466321,2.7676767676767677,2.4226397178513297,3.136640598862495,0.1925192519251925,0.9724972497249725,175.0,884.0
assay_envelope,plus__boltzina_vina_far_affinity,trained_oof,0.5,198,909,8,0.9444444444444444,187.0,0.9109921725156809,0.9742301083795929,2.8838383838383836,2.504826732673267,3.2966703471966623,0.20572057205720573,0.9856985698569857,187.0,896.0
assay_envelope,plus__boltzina_vina_far_affinity,trained_oof,0.5,198,909,9,0.9797979797979798,194.0,0.959178440607012,0.9951456310679612,2.9393939393939394,2.545806993529119,3.376989027781257,0.21342134213421343,0.9955995599559956,194.0,905.0
assay_envelope,plus__boltzina_vina_far_affinity,trained_oof,0.5,198,909,10,1.0,198.0,1.0,1.0,2.95959595959596,2.55990243902439,3.402141888225718,0.21782178217821782,1.0,198.0,909.0
assay_envelope,plus__boltzina_vina_far_affinity,trained_oof,1.0,198,909,1,0.4595959595959596,91.0,0.375,0.5373228080702017,1.0,1.0,1.0,0.1001100110011001,0.8140814081408141,91.0,740.0
assay_envelope,plus__boltzina_vina_far_affinity,trained_oof,1.0,198,909,2,0.6616161616161617,131.0,0.5849924863387977,0.7327237825823396,1.5404040404040404,1.4626771919297983,1.625,0.14411441144114412,0.8921892189218922,131.0,811.0
assay_envelope,plus__boltzina_vina_far_affinity,trained_oof,1.0,198,909,3,0.7373737373737373,146.0,0.6701570680628273,0.8010717038296966,1.878787878787879,1.746335776570201,2.021857923497268,0.16061606160616063,0.9218921892189219,146.0,838.0
assay_envelope,plus__boltzina_vina_far_affinity,trained_oof,1.0,198,909,4,0.7777777777777778,154.0,0.7119436783473935,0.8402155236814582,2.1414141414141414,1.9494949494949494,2.342138490164806,0.1694169416941694,0.9416941694169417,154.0,856.0
assay_envelope,plus__boltzina_vina_far_affinity,trained_oof,1.0,198,909,5,0.8282828282828283,164.0,0.7646981829380967,0.8840617848970251,2.3636363636363638,2.112182122075028,2.621628344762673,0.18041804180418042,0.9548954895489549,164.0,868.0
assay_envelope,plus__boltzina_vina_far_affinity,trained_oof,1.0,198,909,6,0.8585858585858586,170.0,0.7971644239057561,0.9110031465194851,2.5353535353535355,2.2399701492537316,2.8434569754145222,0.18701870187018702,0.9625962596259626,170.0,875.0
assay_envelope,plus__boltzina_vina_far_affinity,trained_oof,1.0,198,909,7,0.8737373737373737,173.0,0.814061730219726,0.9250093283582089,2.676767676767677,2.333292682926829,3.0400101010101004,0.19031903190319033,0.9702970297029703,173.0,882.0
assay_envelope,plus__boltzina_vina_far_affinity,trained_oof,1.0,198,909,8,0.9343434343434344,185.0,0.888876488095238,0.9705918220946915,2.803030303030303,2.4183648940345366,3.207979182533637,0.20352035203520352,0.9856985698569857,185.0,896.0
assay_envelope,plus__boltzina_vina_far_affinity,trained_oof,1.0,198,909,9,0.9797979797979798,194.0,0.9581151832460733,0.9951456310679612,2.8686868686868685,2.457868688218006,3.308468781745722,0.21342134213421343,0.9955995599559956,194.0,905.0
assay_envelope,plus__boltzina_vina_far_affinity,trained_oof,1.0,198,909,10,1.0,198.0,1.0,1.0,2.888888888888889,2.466658653846153,3.3396812982696247,0.21782178217821782,1.0,198.0,909.0
assay_envelope,calibrated__boltzina_vina_far_binary,trained_oof,0.125,198,909,1,0.2777777777777778,55.0,0.21025,0.34951456310679613,1.0,1.0,1.0,0.06050605060506051,0.7667766776677668,55.0,697.0
assay_envelope,calibrated__boltzina_vina_far_binary,trained_oof,0.125,198,909,2,0.4393939393939394,87.0,0.3653769841269841,0.5198069306930693,1.7222222222222223,1.6504854368932038,1.78975,0.09570957095709572,0.8316831683168316,87.0,756.0
assay_envelope,calibrated__boltzina_vina_far_binary,trained_oof,0.125,198,909,3,0.5858585858585859,116.0,0.505098252172156,0.66315925824925,2.282828282828283,2.145940513377699,2.4077768971666336,0.1276127612761276,0.8811881188118812,116.0,801.0
assay_envelope,calibrated__boltzina_vina_far_binary,trained_oof,0.125,198,909,4,0.6464646464646465,128.0,0.5685870224378411,0.7171717171717171,2.696969696969697,2.49457149735195,2.8877593302908977,0.1408140814081408,0.9086908690869087,128.0,826.0
assay_envelope,calibrated__boltzina_vina_far_binary,trained_oof,0.125,198,909,5,0.7575757575757576,150.0,0.6907155130093274,0.8203914612895195,3.0505050505050506,2.789178690344062,3.3141644959121037,0.16501650165016502,0.9361936193619362,150.0,851.0
assay_envelope,calibrated__boltzina_vina_far_binary,trained_oof,0.125,198,909,6,0.8484848484848485,168.0,0.7930990943921978,0.8974390243902439,3.292929292929293,2.9895143328223073,3.6109408340138556,0.1848184818481848,0.9614961496149615,168.0,874.0
assay_envelope,calibrated__boltzina_vina_far_binary,trained_oof,0.125,198,909,7,0.8888888888888888,176.0,0.8415235493104346,0.9289429831308004,3.4444444444444446,3.109360832253886,3.804072659214439,0.1936193619361936,0.9724972497249725,176.0,884.0
assay_envelope,calibrated__boltzina_vina_far_binary,trained_oof,0.125,198,909,8,0.9242424242424242,183.0,0.8835978835978836,0.9596010354804324,3.5555555555555554,3.1953431650595574,3.9487244897959184,0.20132013201320131,0.9834983498349835,183.0,894.0
assay_envelope,calibrated__boltzina_vina_far_binary,trained_oof,0.125,198,909,9,0.9747474747474747,193.0,0.950548090523338,0.9949244987950572,3.6313131313131315,3.252741702741702,4.043505165733965,0.21232123212321233,0.9944994499449945,193.0,904.0
assay_envelope,calibrated__boltzina_vina_far_binary,trained_oof,0.125,198,909,10,1.0,198.0,1.0,1.0,3.6565656565656566,3.2745075239398083,4.074039015826433,0.21782178217821782,1.0,198.0,909.0
assay_envelope,calibrated__boltzina_vina_far_binary,trained_oof,0.25,198,909,1,0.29797979797979796,59.0,0.2275132275132275,0.37564841672709687,1.0,1.0,1.0,0.06490649064906491,0.7733773377337734,59.0,703.0
assay_envelope,calibrated__boltzina_vina_far_binary,trained_oof,0.25,198,909,2,0.43434343434343436,86.0,0.3546669745484401,0.5147095224228304,1.702020202020202,1.624351583272903,1.7724867724867726,0.09460946094609461,0.8338833883388339,86.0,758.0
assay_envelope,calibrated__boltzina_vina_far_binary,trained_oof,0.25,198,909,3,0.5757575757575758,114.0,0.5,0.6473583998816917,2.2676767676767677,2.1211580086580084,2.4052765064836006,0.1254125412541254,0.8833883388338833,114.0,803.0
assay_envelope,calibrated__boltzina_vina_far_binary,trained_oof,0.25,198,909,4,0.6818181818181818,135.0,0.6073298429319371,0.7476190476190476,2.691919191919192,2.4816284573483527,2.892876139817629,0.1485148514851485,0.9185918591859186,135.0,835.0
assay_envelope,calibrated__boltzina_vina_far_binary,trained_oof,0.25,198,909,5,0.7676767676767676,152.0,0.7049026088489335,0.8251392646824766,3.01010101010101,2.7463377491642933,3.2709807433945364,0.16721672167216722,0.9405940594059405,152.0,855.0
assay_envelope,calibrated__boltzina_vina_far_binary,trained_oof,0.25,198,909,6,0.8484848484848485,168.0,0.795788025238287,0.8991055045871559,3.242424242424242,2.9408866995073892,3.5517608217168006,0.1848184818481848,0.9592959295929593,168.0,872.0
assay_envelope,calibrated__boltzina_vina_far_binary,trained_oof,0.25,198,909,7,0.8737373737373737,173.0,0.826727621741766,0.92,3.393939393939394,3.0642078161539845,3.7450214088397784,0.19031903190319033,0.9702970297029703,173.0,882.0
assay_envelope,calibrated__boltzina_vina_far_binary,trained_oof,0.25,198,909,8,0.9343434343434344,185.0,0.8958333333333334,0.969234693877551,3.5202020202020203,3.161258064516129,3.913319245608691,0.20352035203520352,0.9856985698569857,185.0,896.0
assay_envelope,calibrated__boltzina_vina_far_binary,trained_oof,0.25,198,909,9,0.98989898989899,196.0,0.9738219895287958,1.0,3.585858585858586,3.2027203623384835,4.000122549019607,0.2156215621562156,0.9977997799779978,196.0,907.0
assay_envelope,calibrated__boltzina_vina_far_binary,trained_oof,0.25,198,909,10,1.0,198.0,1.0,1.0,3.595959595959596,3.210223880597015,4.014713235294118,0.21782178217821782,1.0,198.0,909.0
assay_envelope,calibrated__boltzina_vina_far_binary,trained_oof,0.5,198,909,1,0.2777777777777778,55.0,0.21133447880870562,0.35000634517766493,1.0,1.0,1.0,0.06050605060506051,0.7788778877887789,55.0,708.0
assay_envelope,calibrated__boltzina_vina_far_binary,trained_oof,0.5,198,909,2,0.4696969696969697,93.0,0.3894736842105263,0.5450113636363636,1.7222222222222223,1.6499936548223348,1.7886655211912945,0.10231023102310231,0.8492849284928493,93.0,772.0
assay_envelope,calibrated__boltzina_vina_far_binary,trained_oof,0.5,198,909,3,0.6111111111111112,121.0,0.5356877652050919,0.6839684707050645,2.2525252525252526,2.121815706470849,2.3796923741087346,0.1331133113311331,0.8943894389438944,121.0,813.0
assay_envelope,calibrated__boltzina_vina_far_binary,trained_oof,0.5,198,909,4,0.6818181818181818,135.0,0.6093690513959391,0.7525265542018119,2.6414141414141414,2.4517567433064595,2.8260980479148183,0.1485148514851485,0.9185918591859186,135.0,835.0
assay_envelope,calibrated__boltzina_vina_far_binary,trained_oof,0.5,198,909,5,0.803030303030303,159.0,0.7445471460698222,0.858553753255979,2.95959595959596,2.7136184210526317,3.2085778480835456,0.17491749174917492,0.9504950495049505,159.0,864.0
assay_envelope,calibrated__boltzina_vina_far_binary,trained_oof,0.5,198,909,6,0.8787878787878788,174.0,0.8298941653871463,0.9223388549694725,3.1565656565656566,2.868909245478291,3.4500137362637364,0.19141914191419143,0.9680968096809681,174.0,880.0
assay_envelope,calibrated__boltzina_vina_far_binary,trained_oof,0.5,198,909,7,0.9444444444444444,187.0,0.9120798319327731,0.9744930332539107,3.2777777777777777,2.9649956030150753,3.6020691609977322,0.20572057205720573,0.9845984598459846,187.0,895.0
assay_envelope,calibrated__boltzina_vina_far_binary,trained_oof,0.5,198,909,8,0.9747474747474747,193.0,0.9510869565217391,0.9949748743718593,3.3333333333333335,3.01,3.6702156885667527,0.21232123212321233,0.9944994499449945,193.0,904.0
assay_envelope,calibrated__boltzina_vina_far_binary,trained_oof,0.5,198,909,9,0.9949494949494949,197.0,0.9841227400050929,1.0,3.3585858585858586,3.0257538659793815,3.7011379076086954,0.21672167216721672,0.9988998899889989,197.0,908.0
assay_envelope,calibrated__boltzina_vina_far_binary,trained_oof,0.5,198,909,10,1.0,198.0,1.0,1.0,3.3636363636363638,3.0263089364035087,3.7087962962962964,0.21782178217821782,1.0,198.0,909.0
assay_envelope,calibrated__boltzina_vina_far_binary,trained_oof,1.0,198,909,1,0.3181818181818182,63.0,0.2448953018707483,0.39379004058296535,1.0,1.0,1.0,0.06930693069306931,0.7920792079207921,63.0,720.0
assay_envelope,calibrated__boltzina_vina_far_binary,trained_oof,1.0,198,909,2,0.4696969696969697,93.0,0.38973684210526316,0.5487209302325582,1.6818181818181819,1.6062099594170345,1.7551046981292517,0.10231023102310231,0.8492849284928493,93.0,772.0
assay_envelope,calibrated__boltzina_vina_far_binary,trained_oof,1.0,198,909,3,0.6262626262626263,124.0,0.5531914893617021,0.6956521739130435,2.212121212121212,2.0672996411483258,2.3563842953444283,0.13641364136413642,0.8976897689768977,124.0,816.0
assay_envelope,calibrated__boltzina_vina_far_binary,trained_oof,1.0,198,909,4,0.6919191919191919,137.0,0.6212081339712918,0.757016150984484,2.585858585858586,2.386747641509434,2.7889166666666663,0.15071507150715072,0.9196919691969196,137.0,836.0
assay_envelope,calibrated__boltzina_vina_far_binary,trained_oof,1.0,198,909,5,0.8131313131313131,161.0,0.752630222463375,0.8681390977443609,2.893939393939394,2.6413982053545157,3.1506007241606317,0.1771177117711771,0.9482948294829483,161.0,862.0
assay_envelope,calibrated__boltzina_vina_far_binary,trained_oof,1.0,198,909,6,0.8787878787878788,174.0,0.8333333333333334,0.9230769230769231,3.080808080808081,2.790242733950814,3.375016534391534,0.19141914191419143,0.966996699669967,174.0,879.0
assay_envelope,calibrated__boltzina_vina_far_binary,trained_oof,1.0,198,909,7,0.9242424242424242,183.0,0.8855682524875621,0.9605959625229402,3.202020202020202,2.8871674876847284,3.525888534487668,0.20132013201320131,0.9790979097909791,183.0,890.0
assay_envelope,calibrated__boltzina_vina_far_binary,trained_oof,1.0,198,909,8,0.9595959595959596,190.0,0.9308510638297872,0.9846958199523465,3.2777777777777777,2.9386738026124823,3.6349206349206344,0.20902090209020902,0.9900990099009901,190.0,900.0
assay_envelope,calibrated__boltzina_vina_far_binary,trained_oof,1.0,198,909,9,0.9848484848484849,195.0,0.9660152735022496,1.0,3.3181818181818183,2.969925824175825,3.6844992443617763,0.2145214521452145,0.9966996699669967,195.0,906.0
assay_envelope,calibrated__boltzina_vina_far_binary,trained_oof,1.0,198,909,10,1.0,198.0,1.0,1.0,3.3333333333333335,2.9746160520045586,3.708125185625186,0.21782178217821782,1.0,198.0,909.0
assay_envelope,availability__boltzina_vina_far_binary,trained_oof,0.125,198,909,1,0.23232323232323232,46.0,0.17435897435897435,0.2929377913752913,1.0,1.0,1.0,0.050605060506050605,0.7370737073707371,46.0,670.0
assay_envelope,availability__boltzina_vina_far_binary,trained_oof,0.125,198,909,2,0.5,99.0,0.418848167539267,0.5779029953690018,1.7676767676767677,1.7070622086247087,1.8256410256410256,0.10891089108910891,0.8415841584158416,99.0,765.0
assay_envelope,availability__boltzina_vina_far_binary,trained_oof,0.125,198,909,3,0.6313131313131313,125.0,0.5510204081632653,0.7091880717804362,2.2676767676767677,2.1487179487179486,2.3886228524679574,0.13751375137513752,0.8877887788778878,125.0,807.0
assay_envelope,availability__boltzina_vina_far_binary,trained_oof,0.125,198,909,4,0.7070707070707071,140.0,0.6308108341986847,0.7777777777777778,2.6363636363636362,2.4507577720207254,2.8283204384268212,0.15401540154015403,0.9163916391639164,140.0,833.0
assay_envelope,availability__boltzina_vina_far_binary,trained_oof,0.125,198,909,5,0.7575757575757576,150.0,0.6862719023779724,0.8205223880597015,2.9292929292929295,2.6797981730355347,3.1912600988312807,0.16501650165016502,0.935093509350935,150.0,850.0
assay_envelope,availability__boltzina_vina_far_binary,trained_oof,0.125,198,909,6,0.8232323232323232,163.0,0.7653061224489796,0.8780487804878049,3.1717171717171717,2.87117982734234,3.492507081358498,0.1793179317931793,0.9526952695269527,163.0,866.0
assay_envelope,availability__boltzina_vina_far_binary,trained_oof,0.125,198,909,7,0.9090909090909091,180.0,0.8659620212595481,0.9458194484690428,3.3484848484848486,3.0100935828877007,3.7049873896595207,0.19801980198019803,0.9757975797579758,180.0,887.0
assay_envelope,availability__boltzina_vina_far_binary,trained_oof,0.125,198,909,8,0.9444444444444444,187.0,0.9095623791102514,0.9747506471752703,3.4393939393939394,3.083315217391304,3.828186902322404,0.20572057205720573,0.9867986798679867,187.0,897.0
assay_envelope,availability__boltzina_vina_far_binary,trained_oof,0.125,198,909,9,0.9747474747474747,193.0,0.9502487562189055,0.9949748743718593,3.494949494949495,3.1310055478502083,3.8925706167474505,0.21232123212321233,0.9944994499449945,193.0,904.0
assay_envelope,availability__boltzina_vina_far_binary,trained_oof,0.125,198,909,10,1.0,198.0,1.0,1.0,3.5202020202020203,3.1470553387231672,3.925580145518685,0.21782178217821782,1.0,198.0,909.0
assay_envelope,availability__boltzina_vina_far_binary,trained_oof,0.25,198,909,1,0.2474747474747475,49.0,0.17989417989417988,0.31684739902561676,1.0,1.0,1.0,0.0539053905390539,0.7557755775577558,49.0,687.0
assay_envelope,availability__boltzina_vina_far_binary,trained_oof,0.25,198,909,2,0.4797979797979798,95.0,0.3988834058213449,0.5571446339729922,1.7525252525252526,1.6831526009743831,1.82010582010582,0.10451045104510451,0.8437843784378438,95.0,767.0
assay_envelope,availability__boltzina_vina_far_binary,trained_oof,0.25,198,909,3,0.5959595959595959,118.0,0.5148217280744468,0.6730792682926829,2.272727272727273,2.1449289215686274,2.406258585164835,0.12981298129812982,0.8855885588558856,118.0,805.0
assay_envelope,availability__boltzina_vina_far_binary,trained_oof,0.25,198,909,4,0.6919191919191919,137.0,0.6187985734057276,0.7600051020408163,2.676767676767677,2.487545909197468,2.881553141070888,0.15071507150715072,0.9130913091309131,137.0,830.0
assay_envelope,availability__boltzina_vina_far_binary,trained_oof,0.25,198,909,5,0.7777777777777778,154.0,0.7142671130952382,0.8390286799852923,2.984848484848485,2.7438392702428396,3.245907944514502,0.1694169416941694,0.9361936193619362,154.0,851.0
assay_envelope,availability__boltzina_vina_far_binary,trained_oof,0.25,198,909,6,0.8484848484848485,168.0,0.7927412909271304,0.9000124378109452,3.207070707070707,2.92,3.520469025173521,0.1848184818481848,0.9603960396039604,168.0,873.0
assay_envelope,availability__boltzina_vina_far_binary,trained_oof,0.25,198,909,7,0.8939393939393939,177.0,0.8457446808510638,0.9359605911330049,3.3585858585858586,3.0342698358413127,3.7065613983548764,0.19471947194719472,0.9735973597359736,177.0,885.0
assay_envelope,availability__boltzina_vina_far_binary,trained_oof,0.25,198,909,8,0.9292929292929293,184.0,0.8888888888888888,0.9644714915654001,3.4646464646464645,3.112777777777777,3.849488693049551,0.20242024202420242,0.9834983498349835,184.0,894.0
assay_envelope,availability__boltzina_vina_far_binary,trained_oof,0.25,198,909,9,0.9595959595959596,190.0,0.9301048387096774,0.9848484848484849,3.5353535353535355,3.166666666666666,3.950012376237624,0.20902090209020902,0.9911991199119912,190.0,901.0
assay_envelope,availability__boltzina_vina_far_binary,trained_oof,0.25,198,909,10,1.0,198.0,1.0,1.0,3.5757575757575757,3.1990729503775617,4.000123762376237,0.21782178217821782,1.0,198.0,909.0
assay_envelope,availability__boltzina_vina_far_binary,trained_oof,0.5,198,909,1,0.35353535353535354,70.0,0.2798159195702809,0.42718446601941745,1.0,1.0,1.0,0.07700770077007701,0.7854785478547854,70.0,714.0
assay_envelope,availability__boltzina_vina_far_binary,trained_oof,0.5,198,909,2,0.5808080808080808,115.0,0.5052069909793815,0.6521960958296361,1.6464646464646464,1.5728155339805825,1.720184080429719,0.1265126512651265,0.8657865786578658,115.0,787.0
assay_envelope,availability__boltzina_vina_far_binary,trained_oof,0.5,198,909,3,0.6868686868686869,136.0,0.6165784244680316,0.7548150510204081,2.0656565656565657,1.9368337510442775,2.1980437967266115,0.1496149614961496,0.900990099009901,136.0,819.0
assay_envelope,availability__boltzina_vina_far_binary,trained_oof,0.5,198,909,4,0.7525252525252525,149.0,0.68447812474024,0.8150096153846152,2.378787878787879,2.1990944989106755,2.5707422785547784,0.1639163916391639,0.922992299229923,149.0,839.0
assay_envelope,availability__boltzina_vina_far_binary,trained_oof,0.5,198,909,5,0.8131313131313131,161.0,0.7525773195876289,0.8687033653114055,2.6262626262626263,2.390470383275262,2.877058235881765,0.1771177117711771,0.9471947194719472,161.0,861.0
assay_envelope,availability__boltzina_vina_far_binary,trained_oof,0.5,198,909,6,0.8787878787878788,174.0,0.8272201782934767,0.9250093283582089,2.813131313131313,2.5383971291866025,3.1082775555213615,0.19141914191419143,0.9680968096809681,174.0,880.0
assay_envelope,availability__boltzina_vina_far_binary,trained_oof,0.5,198,909,7,0.9141414141414141,181.0,0.8704663212435233,0.9521531100478469,2.9343434343434343,2.6285459183673474,3.2673796791443848,0.19911991199119913,0.9790979097909791,181.0,890.0
assay_envelope,availability__boltzina_vina_far_binary,trained_oof,0.5,198,909,8,0.9444444444444444,187.0,0.9077651232262883,0.9757281553398058,3.0202020202020203,2.6941673271250246,3.3802328279702976,0.20572057205720573,0.9878987898789879,187.0,898.0
assay_envelope,availability__boltzina_vina_far_binary,trained_oof,0.5,198,909,9,0.98989898989899,196.0,0.973404255319149,1.0,3.0757575757575757,2.7280896522832014,3.4607932032916793,0.2156215621562156,0.9977997799779978,196.0,907.0
assay_envelope,availability__boltzina_vina_far_binary,trained_oof,0.5,198,909,10,1.0,198.0,1.0,1.0,3.085858585858586,2.7333179723502297,3.4745127969220477,0.21782178217821782,1.0,198.0,909.0
assay_envelope,availability__boltzina_vina_far_binary,trained_oof,1.0,198,909,1,0.41414141414141414,82.0,0.34042004825619654,0.4898989898989899,1.0,1.0,1.0,0.09020902090209021,0.8140814081408141,82.0,740.0
assay_envelope,availability__boltzina_vina_far_binary,trained_oof,1.0,198,909,2,0.6212121212121212,123.0,0.5489081661092531,0.695892316766682,1.5858585858585859,1.5101010101010102,1.6595799517438035,0.1353135313531353,0.8833883388338833,123.0,803.0
assay_envelope,availability__boltzina_vina_far_binary,trained_oof,1.0,198,909,3,0.7474747474747475,148.0,0.6818181818181818,0.8112244897959183,1.9646464646464648,1.8305929463077155,2.097448453608247,0.1628162816281628,0.922992299229923,148.0,839.0
assay_envelope,availability__boltzina_vina_far_binary,trained_oof,1.0,198,909,4,0.8080808080808081,160.0,0.75,0.8631643132220795,2.217171717171717,2.0362647561561884,2.4031613493926183,0.17601760176017603,0.9438943894389439,160.0,858.0
assay_envelope,availability__boltzina_vina_far_binary,trained_oof,1.0,198,909,5,0.8535353535353535,169.0,0.8020588743093923,0.9020618556701031,2.409090909090909,2.180904522613065,2.640628792475728,0.1859185918591859,0.9603960396039604,169.0,873.0
assay_envelope,availability__boltzina_vina_far_binary,trained_oof,1.0,198,909,6,0.8787878787878788,174.0,0.8299974226804123,0.9230769230769231,2.5555555555555554,2.2886215167908546,2.8267674814356427,0.19141914191419143,0.9680968096809681,174.0,880.0
assay_envelope,availability__boltzina_vina_far_binary,trained_oof,1.0,198,909,7,0.9242424242424242,183.0,0.8848167539267016,0.9593908629441624,2.676767676767677,2.3718485283560655,2.9843810096153844,0.20132013201320131,0.9801980198019802,183.0,891.0
assay_envelope,availability__boltzina_vina_far_binary,trained_oof,1.0,198,909,8,0.9545454545454546,189.0,0.9227053140096618,0.9805825242718447,2.7525252525252526,2.4245103324348607,3.0824957044673535,0.2079207920792079,0.988998899889989,189.0,899.0
assay_envelope,availability__boltzina_vina_far_binary,trained_oof,1.0,198,909,9,0.98989898989899,196.0,0.9738219895287958,1.0,2.797979797979798,2.457526759796807,3.141362578666244,0.2156215621562156,0.9977997799779978,196.0,907.0
assay_envelope,availability__boltzina_vina_far_binary,trained_oof,1.0,198,909,10,1.0,198.0,1.0,1.0,2.808080808080808,2.4622460087082723,3.1604535706327983,0.21782178217821782,1.0,198.0,909.0
assay_envelope,plus__boltzina_vina_far_binary,trained_oof,0.125,198,909,1,0.30303030303030304,60.0,0.23203256760686244,0.37501586294416234,1.0,1.0,1.0,0.066006600660066,0.7744774477447744,60.0,704.0
assay_envelope,plus__boltzina_vina_far_binary,trained_oof,0.125,198,909,2,0.47474747474747475,94.0,0.38973684210526316,0.5539232946699807,1.696969696969697,1.6249841370558376,1.7679674323931374,0.1034103410341034,0.8415841584158416,94.0,765.0
assay_envelope,plus__boltzina_vina_far_binary,trained_oof,0.125,198,909,3,0.6414141414141414,127.0,0.5585072632033696,0.7150449959094627,2.2222222222222223,2.086121829500437,2.3655288511343624,0.1397139713971397,0.8965896589658966,127.0,815.0
assay_envelope,plus__boltzina_vina_far_binary,trained_oof,0.125,198,909,4,0.6868686868686869,136.0,0.6105104106419896,0.7538657407407406,2.580808080808081,2.3883141435332,2.7918845890606288,0.1496149614961496,0.9152915291529153,136.0,832.0
assay_envelope,plus__boltzina_vina_far_binary,trained_oof,0.125,198,909,5,0.7474747474747475,148.0,0.6799889502762432,0.8090510542402735,2.893939393939394,2.6487738468968844,3.1710154001151407,0.1628162816281628,0.9328932893289329,148.0,848.0
assay_envelope,plus__boltzina_vina_far_binary,trained_oof,0.125,198,909,6,0.8232323232323232,163.0,0.7643905222177474,0.875,3.1464646464646466,2.851157759391771,3.4897580982782976,0.1793179317931793,0.9548954895489549,163.0,868.0
assay_envelope,plus__boltzina_vina_far_binary,trained_oof,0.125,198,909,7,0.9040404040404041,179.0,0.86010103626943,0.9424158758726003,3.323232323232323,3.0,3.707252762430939,0.19691969196919692,0.9757975797579758,179.0,887.0
assay_envelope,plus__boltzina_vina_far_binary,trained_oof,0.125,198,909,8,0.9494949494949495,188.0,0.9157894736842105,0.9766462316728114,3.419191919191919,3.067910487570681,3.8314662365112913,0.2068206820682068,0.988998899889989,188.0,899.0
assay_envelope,plus__boltzina_vina_far_binary,trained_oof,0.125,198,909,9,0.9848484848484849,195.0,0.9663461538461539,1.0,3.4696969696969697,3.102339188676861,3.89699762508771,0.2145214521452145,0.9966996699669967,195.0,906.0
assay_envelope,plus__boltzina_vina_far_binary,trained_oof,0.125,198,909,10,1.0,198.0,1.0,1.0,3.484848484848485,3.1105624999999995,3.9194076169565952,0.21782178217821782,1.0,198.0,909.0
assay_envelope,plus__boltzina_vina_far_binary,trained_oof,0.25,198,909,1,0.3282828282828283,65.0,0.25,0.4077669902912621,1.0,1.0,1.0,0.07150715071507151,0.7810781078107811,65.0,710.0
assay_envelope,plus__boltzina_vina_far_binary,trained_oof,0.25,198,909,2,0.5454545454545454,108.0,0.46499116161616166,0.6231900910010111,1.6717171717171717,1.5922330097087378,1.75,0.1188118811881188,0.8602860286028603,108.0,782.0
assay_envelope,plus__boltzina_vina_far_binary,trained_oof,0.25,198,909,3,0.6414141414141414,127.0,0.5647668393782384,0.7101449275362319,2.1262626262626263,1.9849911401894638,2.267766604698327,0.1397139713971397,0.8987898789878987,127.0,817.0
assay_envelope,plus__boltzina_vina_far_binary,trained_oof,0.25,198,909,4,0.7171717171717171,142.0,0.644808743169399,0.7815533980582524,2.484848484848485,2.2856981254040076,2.6966336959120247,0.1562156215621562,0.9218921892189219,142.0,838.0
assay_envelope,plus__boltzina_vina_far_binary,trained_oof,0.25,198,909,5,0.7676767676767676,152.0,0.6984002976190475,0.8272805642633229,2.7676767676767677,2.5120330942776037,3.046875,0.16721672167216722,0.9372937293729373,152.0,852.0
assay_envelope,plus__boltzina_vina_far_binary,trained_oof,0.25,198,909,6,0.8282828282828283,164.0,0.7700521390374331,0.8820588235294117,3.0,2.698524720893142,3.338387784090909,0.18041804180418042,0.9526952695269527,164.0,866.0
assay_envelope,plus__boltzina_vina_far_binary,trained_oof,0.25,198,909,7,0.8686868686868687,172.0,0.8177076139502762,0.9157907764460657,3.1717171717171717,2.8285642135642144,3.561280171967264,0.18921892189218922,0.966996699669967,172.0,879.0
assay_envelope,plus__boltzina_vina_far_binary,trained_oof,0.25,198,909,8,0.9393939393939394,186.0,0.9047559224694903,0.9704433497536946,3.303030303030303,2.9292748917748916,3.737729631765384,0.20462046204620463,0.9856985698569857,186.0,896.0
assay_envelope,plus__boltzina_vina_far_binary,trained_oof,0.25,198,909,9,0.9848484848484849,195.0,0.9642857142857143,1.0,3.3636363636363638,2.975369458128079,3.819162016044646,0.2145214521452145,0.9966996699669967,195.0,906.0
assay_envelope,plus__boltzina_vina_far_binary,trained_oof,0.25,198,909,10,1.0,198.0,1.0,1.0,3.378787878787879,2.9849884020618553,3.8385674298128354,0.21782178217821782,1.0,198.0,909.0
assay_envelope,plus__boltzina_vina_far_binary,trained_oof,0.5,198,909,1,0.3888888888888889,77.0,0.3147208121827411,0.4630541871921182,1.0,1.0,1.0,0.0847084708470847,0.8063806380638063,77.0,733.0
assay_envelope,plus__boltzina_vina_far_binary,trained_oof,0.5,198,909,2,0.5959595959595959,118.0,0.5151440144014401,0.671796875,1.6111111111111112,1.5369458128078817,1.6852791878172588,0.12981298129812982,0.8734873487348734,118.0,794.0
assay_envelope,plus__boltzina_vina_far_binary,trained_oof,0.5,198,909,3,0.696969696969697,138.0,0.6263157894736842,0.7634574028122414,2.015151515151515,1.87692118226601,2.1604747039225014,0.15181518151815182,0.9064906490649065,138.0,824.0
assay_envelope,plus__boltzina_vina_far_binary,trained_oof,0.5,198,909,4,0.7474747474747475,148.0,0.678937969924812,0.81,2.3181818181818183,2.125,2.5200102040816326,0.1628162816281628,0.9273927392739274,148.0,843.0
assay_envelope,plus__boltzina_vina_far_binary,trained_oof,0.5,198,909,5,0.8232323232323232,163.0,0.7676740376740376,0.8767790021712231,2.5707070707070705,2.325775137641263,2.833333333333333,0.1793179317931793,0.9504950495049505,163.0,864.0
assay_envelope,plus__boltzina_vina_far_binary,trained_oof,0.5,198,909,6,0.8838383838383839,175.0,0.8383801247771836,0.9285714285714286,2.7474747474747474,2.4589271827500885,3.0576443697741658,0.1925192519251925,0.966996699669967,175.0,879.0
assay_envelope,plus__boltzina_vina_far_binary,trained_oof,0.5,198,909,7,0.9393939393939394,186.0,0.9042553191489362,0.970873786407767,2.8636363636363638,2.539162118026039,3.21393114973262,0.20462046204620463,0.9845984598459846,186.0,895.0
assay_envelope,plus__boltzina_vina_far_binary,trained_oof,0.5,198,909,8,0.9797979797979798,194.0,0.9572192513368984,0.9951696627647715,2.9242424242424243,2.5863871951219513,3.2944483106817315,0.21342134213421343,0.9933993399339934,194.0,903.0
assay_envelope,plus__boltzina_vina_far_binary,trained_oof,0.5,198,909,9,0.9949494949494949,197.0,0.9841227400050929,1.0,2.9444444444444446,2.6030114688273907,3.32258064516129,0.21672167216721672,0.9988998899889989,197.0,908.0
assay_envelope,plus__boltzina_vina_far_binary,trained_oof,0.5,198,909,10,1.0,198.0,1.0,1.0,2.9494949494949494,2.6030908408019484,3.32313179347826,0.21782178217821782,1.0,198.0,909.0
assay_envelope,plus__boltzina_vina_far_binary,trained_oof,1.0,198,909,1,0.43434343434343436,86.0,0.36109972677595625,0.5069852524106636,1.0,1.0,1.0,0.09460946094609461,0.8162816281628162,86.0,742.0
assay_envelope,plus__boltzina_vina_far_binary,trained_oof,1.0,198,909,2,0.6414141414141414,127.0,0.5634517766497462,0.711340206185567,1.5656565656565657,1.4930147475893365,1.6389002732240436,0.1397139713971397,0.8844884488448845,127.0,804.0
assay_envelope,plus__boltzina_vina_far_binary,trained_oof,1.0,198,909,3,0.7171717171717171,142.0,0.6499936548223351,0.784408962597036,1.9242424242424243,1.7939659638398178,2.0647094476854306,0.1562156215621562,0.9130913091309131,142.0,830.0
assay_envelope,plus__boltzina_vina_far_binary,trained_oof,1.0,198,909,4,0.7828282828282829,155.0,0.7202020725388601,0.8373266461030286,2.207070707070707,2.019797126771501,2.4070495138737162,0.1705170517051705,0.9361936193619362,155.0,851.0
assay_envelope,plus__boltzina_vina_far_binary,trained_oof,1.0,198,909,5,0.8383838383838383,166.0,0.7828282828282829,0.8872549019607843,2.4242424242424243,2.18974358974359,2.673826871657754,0.18261826182618263,0.9570957095709571,166.0,870.0
assay_envelope,plus__boltzina_vina_far_binary,trained_oof,1.0,198,909,6,0.8888888888888888,176.0,0.84375,0.9326511671385075,2.585858585858586,2.314797847585806,2.878179600078526,0.1936193619361936,0.9702970297029703,176.0,882.0
assay_envelope,plus__boltzina_vina_far_binary,trained_oof,1.0,198,909,7,0.9292929292929293,184.0,0.8899988038277512,0.9639175257731959,2.696969696969697,2.3981470510795155,3.02042987407729,0.20242024202420242,0.9812981298129813,184.0,892.0
assay_envelope,plus__boltzina_vina_far_binary,trained_oof,1.0,198,909,8,0.9646464646464646,191.0,0.9372102902997405,0.98989898989899,2.7676767676767677,2.451772556083183,3.1156775726458372,0.21012101210121012,0.9911991199119912,191.0,901.0
assay_envelope,plus__boltzina_vina_far_binary,trained_oof,1.0,198,909,9,0.98989898989899,196.0,0.9740932642487047,1.0,2.803030303030303,2.475955703883495,3.162344433954167,0.2156215621562156,0.9977997799779978,196.0,907.0
assay_envelope,plus__boltzina_vina_far_binary,trained_oof,1.0,198,909,10,1.0,198.0,1.0,1.0,2.813131313131313,2.484519454605919,3.1756030764807357,0.21782178217821782,1.0,198.0,909.0
assay_envelope,calibrated__boltzina_vina_zero_affinity,trained_oof,0.125,198,909,1,0.2727272727272727,54.0,0.20304200691532406,0.3402290683110125,1.0,1.0,1.0,0.0594059405940594,0.759075907590759,54.0,690.0
assay_envelope,calibrated__boltzina_vina_zero_affinity,trained_oof,0.125,198,909,2,0.4696969696969697,93.0,0.39037433155080214,0.5450113636363636,1.7272727272727273,1.6597709316889873,1.796957993084676,0.10231023102310231,0.8437843784378438,93.0,767.0
assay_envelope,calibrated__boltzina_vina_zero_affinity,trained_oof,0.125,198,909,3,0.5606060606060606,111.0,0.4838665848527349,0.634020618556701,2.257575757575758,2.124336306821217,2.3930348258706466,0.12211221122112212,0.878987898789879,111.0,799.0
assay_envelope,calibrated__boltzina_vina_zero_affinity,trained_oof,0.125,198,909,4,0.6767676767676768,134.0,0.6028528065030612,0.7525800908990133,2.696969696969697,2.4999401913875596,2.9040762098597916,0.1474147414741474,0.9163916391639164,134.0,833.0
assay_envelope,calibrated__boltzina_vina_zero_affinity,trained_oof,0.125,198,909,5,0.7929292929292929,157.0,0.7255737285969844,0.8556886069257201,3.0202020202020203,2.769191919191919,3.2806281887755104,0.17271727172717272,0.9427942794279428,157.0,857.0
assay_envelope,calibrated__boltzina_vina_zero_affinity,trained_oof,0.125,198,909,6,0.8585858585858586,170.0,0.807477130215261,0.907328321098745,3.227272727272727,2.9322255810301505,3.5359655888044417,0.18701870187018702,0.9636963696369637,170.0,876.0
assay_envelope,calibrated__boltzina_vina_zero_affinity,trained_oof,0.125,198,909,7,0.8939393939393939,177.0,0.8461340206185567,0.9365098722415796,3.3686868686868685,3.0438149790588818,3.7165172568354996,0.19471947194719472,0.9746974697469747,177.0,886.0
assay_envelope,calibrated__boltzina_vina_zero_affinity,trained_oof,0.125,198,909,8,0.9393939393939394,186.0,0.9035451121663665,0.9704433497536946,3.474747474747475,3.1161041104110416,3.854838709677419,0.20462046204620463,0.9867986798679867,186.0,897.0
assay_envelope,calibrated__boltzina_vina_zero_affinity,trained_oof,0.125,198,909,9,0.9696969696969697,192.0,0.9449413863404689,0.990148990630735,3.5353535353535355,3.156557765151516,3.9385221674876845,0.21122112211221122,0.9933993399339934,192.0,903.0
assay_envelope,calibrated__boltzina_vina_zero_affinity,trained_oof,0.125,198,909,10,1.0,198.0,1.0,1.0,3.5656565656565657,3.177287847239856,3.9789634801288942,0.21782178217821782,1.0,198.0,909.0
assay_envelope,calibrated__boltzina_vina_zero_affinity,trained_oof,0.25,198,909,1,0.25757575757575757,51.0,0.19071551300932743,0.323236092265943,1.0,1.0,1.0,0.056105610561056105,0.7634763476347635,51.0,694.0
assay_envelope,calibrated__boltzina_vina_zero_affinity,trained_oof,0.25,198,909,2,0.4797979797979798,95.0,0.4,0.5544041450777202,1.7424242424242424,1.6767639077340568,1.8092844869906726,0.10451045104510451,0.8448844884488449,95.0,768.0
assay_envelope,calibrated__boltzina_vina_zero_affinity,trained_oof,0.25,198,909,3,0.5555555555555556,110.0,0.473914576349555,0.6274682234702925,2.2626262626262625,2.139009773188272,2.394871794871795,0.12101210121012101,0.8767876787678768,110.0,797.0
assay_envelope,calibrated__boltzina_vina_zero_affinity,trained_oof,0.25,198,909,4,0.7171717171717171,142.0,0.6479519139261922,0.7826348244147157,2.707070707070707,2.518310654583145,2.9114698024611396,0.1562156215621562,0.9207920792079208,142.0,837.0
assay_envelope,calibrated__boltzina_vina_zero_affinity,trained_oof,0.25,198,909,5,0.8131313131313131,161.0,0.7474706744868036,0.8750168918918918,2.98989898989899,2.7451822916666666,3.25,0.1771177117711771,0.9482948294829483,161.0,862.0
assay_envelope,calibrated__boltzina_vina_zero_affinity,trained_oof,0.25,198,909,6,0.8535353535353535,169.0,0.7956901725431358,0.9081094870380585,3.176767676767677,2.891047458111196,3.481883329466656,0.1859185918591859,0.9625962596259626,169.0,875.0
assay_envelope,calibrated__boltzina_vina_zero_affinity,trained_oof,0.25,198,909,7,0.9090909090909091,180.0,0.8536585365853658,0.9556684266390878,3.323232323232323,2.9952553845431935,3.671796875,0.19801980198019803,0.976897689768977,180.0,888.0
assay_envelope,calibrated__boltzina_vina_zero_affinity,trained_oof,0.25,198,909,8,0.9343434343434344,185.0,0.8904006849315068,0.9732655876664011,3.414141414141414,3.0593842067133545,3.788153712059064,0.20352035203520352,0.9834983498349835,185.0,894.0
assay_envelope,calibrated__boltzina_vina_zero_affinity,trained_oof,0.25,198,909,9,0.9545454545454546,189.0,0.9141347687400319,0.9848503883051621,3.4797979797979797,3.0973749999999995,3.8883981178396065,0.2079207920792079,0.9900990099009901,189.0,900.0
assay_envelope,calibrated__boltzina_vina_zero_affinity,trained_oof,0.25,198,909,10,1.0,198.0,1.0,1.0,3.525252525252525,3.1230612244897955,3.9619767576318226,0.21782178217821782,1.0,198.0,909.0
assay_envelope,calibrated__boltzina_vina_zero_affinity,trained_oof,0.5,198,909,1,0.32323232323232326,64.0,0.2463016294050777,0.39821125565610843,1.0,1.0,1.0,0.0704070407040704,0.7788778877887789,64.0,708.0
assay_envelope,calibrated__boltzina_vina_zero_affinity,trained_oof,0.5,198,909,2,0.4797979797979798,95.0,0.40510362694300517,0.5567138534133456,1.6767676767676767,1.6017887443438914,1.7536983705949223,0.10451045104510451,0.8415841584158416,95.0,765.0
assay_envelope,calibrated__boltzina_vina_zero_affinity,trained_oof,0.5,198,909,3,0.6060606060606061,120.0,0.5297029702970297,0.6787612489773657,2.196969696969697,2.0585365853658537,2.3351751241036953,0.132013201320132,0.8877887788778878,120.0,807.0
assay_envelope,calibrated__boltzina_vina_zero_affinity,trained_oof,0.5,198,909,4,0.7171717171717171,142.0,0.6436157046555719,0.7823890515881955,2.590909090909091,2.389735576923077,2.796819844282508,0.1562156215621562,0.9240924092409241,142.0,840.0
assay_envelope,calibrated__boltzina_vina_zero_affinity,trained_oof,0.5,198,909,5,0.8232323232323232,163.0,0.7611833178604585,0.8786444542512504,2.8737373737373737,2.6153658536585365,3.131987081352564,0.1793179317931793,0.9526952695269527,163.0,866.0
assay_envelope,calibrated__boltzina_vina_zero_affinity,trained_oof,0.5,198,909,6,0.8686868686868687,172.0,0.8097441538848379,0.919816037735849,3.0505050505050506,2.757251953587497,3.3545634920634915,0.18921892189218922,0.966996699669967,172.0,879.0
assay_envelope,calibrated__boltzina_vina_zero_affinity,trained_oof,0.5,198,909,7,0.9141414141414141,181.0,0.8604560790456681,0.9585492227979274,3.1818181818181817,2.8523534798534804,3.5269076469625014,0.19911991199119913,0.9790979097909791,181.0,890.0
assay_envelope,calibrated__boltzina_vina_zero_affinity,trained_oof,0.5,198,909,8,0.9494949494949495,188.0,0.9085911784068466,0.9842931937172775,3.2676767676767677,2.9113300492610836,3.6510591573383087,0.2068206820682068,0.9867986798679867,188.0,897.0
assay_envelope,calibrated__boltzina_vina_zero_affinity,trained_oof,0.5,198,909,9,0.9747474747474747,193.0,0.9461855930713092,0.9950254913551057,3.3181818181818183,2.945799328480748,3.7263681592039806,0.21232123212321233,0.9944994499449945,193.0,904.0
assay_envelope,calibrated__boltzina_vina_zero_affinity,trained_oof,0.5,198,909,10,1.0,198.0,1.0,1.0,3.3434343434343434,2.9590619496529587,3.770008373205742,0.21782178217821782,1.0,198.0,909.0
assay_envelope,calibrated__boltzina_vina_zero_affinity,trained_oof,1.0,198,909,1,0.3434343434343434,68.0,0.2631446039340776,0.4203218243819265,1.0,1.0,1.0,0.0748074807480748,0.7854785478547854,68.0,714.0
assay_envelope,calibrated__boltzina_vina_zero_affinity,trained_oof,1.0,198,909,2,0.5050505050505051,100.0,0.4218544407894737,0.5803319046198083,1.6565656565656566,1.5796781756180733,1.7368553960659223,0.11001100110011001,0.847084708470847,100.0,770.0
assay_envelope,calibrated__boltzina_vina_zero_affinity,trained_oof,1.0,198,909,3,0.6111111111111112,121.0,0.5336701208981002,0.6875076219512195,2.1515151515151514,2.0049255046846324,2.3076923076923075,0.1331133113311331,0.8877887788778878,121.0,807.0
assay_envelope,calibrated__boltzina_vina_zero_affinity,trained_oof,1.0,198,909,4,0.7222222222222222,143.0,0.6523897890228005,0.7897619047619047,2.54040404040404,2.328201058201058,2.7720257628094416,0.1573157315731573,0.9262926292629263,143.0,842.0
assay_envelope,calibrated__boltzina_vina_zero_affinity,trained_oof,1.0,198,909,5,0.8080808080808081,160.0,0.7460835888759649,0.8677550470026196,2.8181818181818183,2.5587553802008607,3.1000906735751292,0.17601760176017603,0.9526952695269527,160.0,866.0
assay_envelope,calibrated__boltzina_vina_zero_affinity,trained_oof,1.0,198,909,6,0.8484848484848485,168.0,0.7878518689432394,0.9040584415584415,3.01010101010101,2.702098977889028,3.3368219819278617,0.1848184818481848,0.9614961496149615,168.0,874.0
assay_envelope,calibrated__boltzina_vina_zero_affinity,trained_oof,1.0,198,909,7,0.9191919191919192,182.0,0.8659716879519926,0.9642857142857143,3.1616161616161618,2.813662965186074,3.533678756476684,0.2002200220022002,0.9790979097909791,182.0,890.0
assay_envelope,calibrated__boltzina_vina_zero_affinity,trained_oof,1.0,198,909,8,0.9494949494949495,188.0,0.9085794044665012,0.9840425531914894,3.242424242424242,2.8653821243523314,3.647375920370875,0.2068206820682068,0.9878987898789879,188.0,898.0
assay_envelope,calibrated__boltzina_vina_zero_affinity,trained_oof,1.0,198,909,9,0.9797979797979798,194.0,0.9585486258685323,0.9951456310679612,3.292929292929293,2.9009546493902443,3.7143042190969644,0.21342134213421343,0.9955995599559956,194.0,905.0
assay_envelope,calibrated__boltzina_vina_zero_affinity,trained_oof,1.0,198,909,10,1.0,198.0,1.0,1.0,3.313131313131313,2.913019589106545,3.7488869863013696,0.21782178217821782,1.0,198.0,909.0
assay_envelope,availability__boltzina_vina_zero_affinity,trained_oof,0.125,198,909,1,0.23232323232323232,46.0,0.17435897435897435,0.2929377913752913,1.0,1.0,1.0,0.050605060506050605,0.7370737073707371,46.0,670.0
assay_envelope,availability__boltzina_vina_zero_affinity,trained_oof,0.125,198,909,2,0.5,99.0,0.418848167539267,0.5779029953690018,1.7676767676767677,1.7070622086247087,1.8256410256410256,0.10891089108910891,0.8415841584158416,99.0,765.0
assay_envelope,availability__boltzina_vina_zero_affinity,trained_oof,0.125,198,909,3,0.6313131313131313,125.0,0.5510204081632653,0.7091880717804362,2.2676767676767677,2.1487179487179486,2.3886228524679574,0.13751375137513752,0.8877887788778878,125.0,807.0
assay_envelope,availability__boltzina_vina_zero_affinity,trained_oof,0.125,198,909,4,0.7070707070707071,140.0,0.6308108341986847,0.7777777777777778,2.6363636363636362,2.4507577720207254,2.8283204384268212,0.15401540154015403,0.9163916391639164,140.0,833.0
assay_envelope,availability__boltzina_vina_zero_affinity,trained_oof,0.125,198,909,5,0.7575757575757576,150.0,0.6862719023779724,0.8205223880597015,2.9292929292929295,2.6797981730355347,3.1912600988312807,0.16501650165016502,0.935093509350935,150.0,850.0
assay_envelope,availability__boltzina_vina_zero_affinity,trained_oof,0.125,198,909,6,0.8232323232323232,163.0,0.7653061224489796,0.8780487804878049,3.1717171717171717,2.87117982734234,3.492507081358498,0.1793179317931793,0.9526952695269527,163.0,866.0
assay_envelope,availability__boltzina_vina_zero_affinity,trained_oof,0.125,198,909,7,0.9090909090909091,180.0,0.8659620212595481,0.9458194484690428,3.3484848484848486,3.0100935828877007,3.7049873896595207,0.19801980198019803,0.9757975797579758,180.0,887.0
assay_envelope,availability__boltzina_vina_zero_affinity,trained_oof,0.125,198,909,8,0.9444444444444444,187.0,0.9095623791102514,0.9747506471752703,3.4393939393939394,3.083315217391304,3.828186902322404,0.20572057205720573,0.9867986798679867,187.0,897.0
assay_envelope,availability__boltzina_vina_zero_affinity,trained_oof,0.125,198,909,9,0.9747474747474747,193.0,0.9502487562189055,0.9949748743718593,3.494949494949495,3.1310055478502083,3.8925706167474505,0.21232123212321233,0.9944994499449945,193.0,904.0
assay_envelope,availability__boltzina_vina_zero_affinity,trained_oof,0.125,198,909,10,1.0,198.0,1.0,1.0,3.5202020202020203,3.1470553387231672,3.925580145518685,0.21782178217821782,1.0,198.0,909.0
assay_envelope,availability__boltzina_vina_zero_affinity,trained_oof,0.25,198,909,1,0.2474747474747475,49.0,0.17989417989417988,0.31684739902561676,1.0,1.0,1.0,0.0539053905390539,0.7557755775577558,49.0,687.0
assay_envelope,availability__boltzina_vina_zero_affinity,trained_oof,0.25,198,909,2,0.4797979797979798,95.0,0.3988834058213449,0.5571446339729922,1.7525252525252526,1.6831526009743831,1.82010582010582,0.10451045104510451,0.8437843784378438,95.0,767.0
assay_envelope,availability__boltzina_vina_zero_affinity,trained_oof,0.25,198,909,3,0.5959595959595959,118.0,0.5148217280744468,0.6730792682926829,2.272727272727273,2.1449289215686274,2.406258585164835,0.12981298129812982,0.8855885588558856,118.0,805.0
assay_envelope,availability__boltzina_vina_zero_affinity,trained_oof,0.25,198,909,4,0.6919191919191919,137.0,0.6187985734057276,0.7600051020408163,2.676767676767677,2.487545909197468,2.881553141070888,0.15071507150715072,0.9130913091309131,137.0,830.0
assay_envelope,availability__boltzina_vina_zero_affinity,trained_oof,0.25,198,909,5,0.7777777777777778,154.0,0.7142671130952382,0.8390286799852923,2.984848484848485,2.7438392702428396,3.245907944514502,0.1694169416941694,0.9361936193619362,154.0,851.0
assay_envelope,availability__boltzina_vina_zero_affinity,trained_oof,0.25,198,909,6,0.8484848484848485,168.0,0.7927412909271304,0.9000124378109452,3.207070707070707,2.92,3.520469025173521,0.1848184818481848,0.9603960396039604,168.0,873.0
assay_envelope,availability__boltzina_vina_zero_affinity,trained_oof,0.25,198,909,7,0.8939393939393939,177.0,0.8457446808510638,0.9359605911330049,3.3585858585858586,3.0342698358413127,3.7065613983548764,0.19471947194719472,0.9735973597359736,177.0,885.0
assay_envelope,availability__boltzina_vina_zero_affinity,trained_oof,0.25,198,909,8,0.9292929292929293,184.0,0.8888888888888888,0.9644714915654001,3.4646464646464645,3.112777777777777,3.849488693049551,0.20242024202420242,0.9834983498349835,184.0,894.0
assay_envelope,availability__boltzina_vina_zero_affinity,trained_oof,0.25,198,909,9,0.9595959595959596,190.0,0.9301048387096774,0.9848484848484849,3.5353535353535355,3.166666666666666,3.950012376237624,0.20902090209020902,0.9911991199119912,190.0,901.0
assay_envelope,availability__boltzina_vina_zero_affinity,trained_oof,0.25,198,909,10,1.0,198.0,1.0,1.0,3.5757575757575757,3.1990729503775617,4.000123762376237,0.21782178217821782,1.0,198.0,909.0
assay_envelope,availability__boltzina_vina_zero_affinity,trained_oof,0.5,198,909,1,0.35353535353535354,70.0,0.2798159195702809,0.42718446601941745,1.0,1.0,1.0,0.07700770077007701,0.7854785478547854,70.0,714.0
assay_envelope,availability__boltzina_vina_zero_affinity,trained_oof,0.5,198,909,2,0.5808080808080808,115.0,0.5052069909793815,0.6521960958296361,1.6464646464646464,1.5728155339805825,1.720184080429719,0.1265126512651265,0.8657865786578658,115.0,787.0
assay_envelope,availability__boltzina_vina_zero_affinity,trained_oof,0.5,198,909,3,0.6868686868686869,136.0,0.6165784244680316,0.7548150510204081,2.0656565656565657,1.9368337510442775,2.1980437967266115,0.1496149614961496,0.900990099009901,136.0,819.0
assay_envelope,availability__boltzina_vina_zero_affinity,trained_oof,0.5,198,909,4,0.7525252525252525,149.0,0.68447812474024,0.8150096153846152,2.378787878787879,2.1990944989106755,2.5707422785547784,0.1639163916391639,0.922992299229923,149.0,839.0
assay_envelope,availability__boltzina_vina_zero_affinity,trained_oof,0.5,198,909,5,0.8131313131313131,161.0,0.7525773195876289,0.8687033653114055,2.6262626262626263,2.390470383275262,2.877058235881765,0.1771177117711771,0.9471947194719472,161.0,861.0
assay_envelope,availability__boltzina_vina_zero_affinity,trained_oof,0.5,198,909,6,0.8787878787878788,174.0,0.8272201782934767,0.9250093283582089,2.813131313131313,2.5383971291866025,3.1082775555213615,0.19141914191419143,0.9680968096809681,174.0,880.0
assay_envelope,availability__boltzina_vina_zero_affinity,trained_oof,0.5,198,909,7,0.9141414141414141,181.0,0.8704663212435233,0.9521531100478469,2.9343434343434343,2.6285459183673474,3.2673796791443848,0.19911991199119913,0.9790979097909791,181.0,890.0
assay_envelope,availability__boltzina_vina_zero_affinity,trained_oof,0.5,198,909,8,0.9444444444444444,187.0,0.9077651232262883,0.9757281553398058,3.0202020202020203,2.6941673271250246,3.3802328279702976,0.20572057205720573,0.9878987898789879,187.0,898.0
assay_envelope,availability__boltzina_vina_zero_affinity,trained_oof,0.5,198,909,9,0.98989898989899,196.0,0.973404255319149,1.0,3.0757575757575757,2.7280896522832014,3.4607932032916793,0.2156215621562156,0.9977997799779978,196.0,907.0
assay_envelope,availability__boltzina_vina_zero_affinity,trained_oof,0.5,198,909,10,1.0,198.0,1.0,1.0,3.085858585858586,2.7333179723502297,3.4745127969220477,0.21782178217821782,1.0,198.0,909.0
assay_envelope,availability__boltzina_vina_zero_affinity,trained_oof,1.0,198,909,1,0.41414141414141414,82.0,0.34042004825619654,0.4898989898989899,1.0,1.0,1.0,0.09020902090209021,0.8140814081408141,82.0,740.0
assay_envelope,availability__boltzina_vina_zero_affinity,trained_oof,1.0,198,909,2,0.6212121212121212,123.0,0.5489081661092531,0.695892316766682,1.5858585858585859,1.5101010101010102,1.6595799517438035,0.1353135313531353,0.8833883388338833,123.0,803.0
assay_envelope,availability__boltzina_vina_zero_affinity,trained_oof,1.0,198,909,3,0.7474747474747475,148.0,0.6818181818181818,0.8112244897959183,1.9646464646464648,1.8305929463077155,2.097448453608247,0.1628162816281628,0.922992299229923,148.0,839.0
assay_envelope,availability__boltzina_vina_zero_affinity,trained_oof,1.0,198,909,4,0.8080808080808081,160.0,0.75,0.8631643132220795,2.217171717171717,2.0362647561561884,2.4031613493926183,0.17601760176017603,0.9438943894389439,160.0,858.0
assay_envelope,availability__boltzina_vina_zero_affinity,trained_oof,1.0,198,909,5,0.8535353535353535,169.0,0.8020588743093923,0.9020618556701031,2.409090909090909,2.180904522613065,2.640628792475728,0.1859185918591859,0.9603960396039604,169.0,873.0
assay_envelope,availability__boltzina_vina_zero_affinity,trained_oof,1.0,198,909,6,0.8787878787878788,174.0,0.8299974226804123,0.9230769230769231,2.5555555555555554,2.2886215167908546,2.8267674814356427,0.19141914191419143,0.9680968096809681,174.0,880.0
assay_envelope,availability__boltzina_vina_zero_affinity,trained_oof,1.0,198,909,7,0.9242424242424242,183.0,0.8848167539267016,0.9593908629441624,2.676767676767677,2.3718485283560655,2.9843810096153844,0.20132013201320131,0.9801980198019802,183.0,891.0
assay_envelope,availability__boltzina_vina_zero_affinity,trained_oof,1.0,198,909,8,0.9545454545454546,189.0,0.9227053140096618,0.9805825242718447,2.7525252525252526,2.4245103324348607,3.0824957044673535,0.2079207920792079,0.988998899889989,189.0,899.0
assay_envelope,availability__boltzina_vina_zero_affinity,trained_oof,1.0,198,909,9,0.98989898989899,196.0,0.9738219895287958,1.0,2.797979797979798,2.457526759796807,3.141362578666244,0.2156215621562156,0.9977997799779978,196.0,907.0
assay_envelope,availability__boltzina_vina_zero_affinity,trained_oof,1.0,198,909,10,1.0,198.0,1.0,1.0,2.808080808080808,2.4622460087082723,3.1604535706327983,0.21782178217821782,1.0,198.0,909.0
assay_envelope,plus__boltzina_vina_zero_affinity,trained_oof,0.125,198,909,1,0.3484848484848485,69.0,0.27142477203647414,0.427923588039867,1.0,1.0,1.0,0.07590759075907591,0.7810781078107811,69.0,710.0
assay_envelope,plus__boltzina_vina_zero_affinity,trained_oof,0.125,198,909,2,0.51010101010101,101.0,0.42857142857142855,0.5870646766169154,1.6515151515151516,1.572076411960133,1.7285752279635258,0.1111111111111111,0.847084708470847,101.0,770.0
assay_envelope,plus__boltzina_vina_zero_affinity,trained_oof,0.125,198,909,3,0.6313131313131313,125.0,0.5538297872340426,0.7064676616915423,2.1414141414141414,1.9998858447488586,2.2934866651725683,0.13751375137513752,0.8932893289328933,125.0,812.0
assay_envelope,plus__boltzina_vina_zero_affinity,trained_oof,0.125,198,909,4,0.6868686868686869,136.0,0.6076473609058343,0.7609867525071189,2.51010101010101,2.303459624952162,2.731365712421499,0.1496149614961496,0.9185918591859186,136.0,835.0
assay_envelope,plus__boltzina_vina_zero_affinity,trained_oof,0.125,198,909,5,0.7525252525252525,149.0,0.6798022637958708,0.8238341968911918,2.823232323232323,2.552056760204082,3.1058531746031743,0.1639163916391639,0.933993399339934,149.0,849.0
assay_envelope,plus__boltzina_vina_zero_affinity,trained_oof,0.125,198,909,6,0.8181818181818182,162.0,0.7575757575757576,0.8731111407961527,3.0707070707070705,2.7360219468498057,3.4112606652986277,0.1782178217821782,0.9537953795379538,162.0,867.0
assay_envelope,plus__boltzina_vina_zero_affinity,trained_oof,0.125,198,909,7,0.8686868686868687,172.0,0.8152173913043478,0.914699644549763,3.2525252525252526,2.8811636241749174,3.637786834245893,0.18921892189218922,0.9680968096809681,172.0,880.0
assay_envelope,plus__boltzina_vina_zero_affinity,trained_oof,0.125,198,909,8,0.9343434343434344,185.0,0.8989346760698064,0.9663461538461539,3.3838383838383836,2.9844251679745604,3.8010483738950134,0.20352035203520352,0.9845984598459846,185.0,895.0
assay_envelope,plus__boltzina_vina_zero_affinity,trained_oof,0.125,198,909,9,0.9848484848484849,195.0,0.9653465346534653,1.0,3.4494949494949494,3.0342972285067864,3.888949275362319,0.2145214521452145,0.9966996699669967,195.0,906.0
assay_envelope,plus__boltzina_vina_zero_affinity,trained_oof,0.125,198,909,10,1.0,198.0,1.0,1.0,3.4646464646464645,3.0397960691591543,3.9126629680998617,0.21782178217821782,1.0,198.0,909.0
assay_envelope,plus__boltzina_vina_zero_affinity,trained_oof,0.25,198,909,1,0.3181818181818182,63.0,0.2383293656350651,0.396827442317133,1.0,1.0,1.0,0.06930693069306931,0.7821782178217822,63.0,711.0
assay_envelope,plus__boltzina_vina_zero_affinity,trained_oof,0.25,198,909,2,0.5202020202020202,103.0,0.441025641025641,0.5979649382464018,1.6818181818181819,1.603172557682867,1.7616706343649349,0.11331133113311331,0.8558855885588559,103.0,778.0
assay_envelope,plus__boltzina_vina_zero_affinity,trained_oof,0.25,198,909,3,0.6363636363636364,126.0,0.5595768975763082,0.7114597467209406,2.1616161616161618,2.019704433497537,2.3030343326885876,0.13861386138613863,0.8965896589658966,126.0,815.0
assay_envelope,plus__boltzina_vina_zero_affinity,trained_oof,0.25,198,909,4,0.6919191919191919,137.0,0.6149732620320856,0.7630460159223028,2.525252525252525,2.323521984551396,2.726839148823685,0.15071507150715072,0.9218921892189219,137.0,838.0
assay_envelope,plus__boltzina_vina_zero_affinity,trained_oof,0.25,198,909,5,0.7676767676767676,152.0,0.6990717120181406,0.8310647889292702,2.8333333333333335,2.574129000789706,3.0976088622142766,0.16721672167216722,0.9416941694169417,152.0,856.0
assay_envelope,plus__boltzina_vina_zero_affinity,trained_oof,0.25,198,909,6,0.7929292929292929,157.0,0.7263051028586696,0.8556713853413345,3.0656565656565657,2.7574054429252453,3.392303123121404,0.17271727172717272,0.9482948294829483,157.0,862.0
assay_envelope,plus__boltzina_vina_zero_affinity,trained_oof,0.25,198,909,7,0.8434343434343434,167.0,0.7840346096680586,0.8974358974358975,3.272727272727273,2.912366733718884,3.653663227016886,0.18371837183718373,0.9625962596259626,167.0,875.0
assay_envelope,plus__boltzina_vina_zero_affinity,trained_oof,0.25,198,909,8,0.9191919191919192,182.0,0.8715563564875491,0.9600049751243781,3.4292929292929295,3.0234830878969166,3.858603624181514,0.2002200220022002,0.9801980198019802,182.0,891.0
assay_envelope,plus__boltzina_vina_zero_affinity,trained_oof,0.25,198,909,9,0.9444444444444444,187.0,0.9014778325123153,0.979381443298969,3.51010101010101,3.0820724637681156,3.965905178035738,0.20572057205720573,0.9878987898789879,187.0,898.0
assay_envelope,plus__boltzina_vina_zero_affinity,trained_oof,0.25,198,909,10,1.0,198.0,1.0,1.0,3.5656565656565657,3.1121546669793623,4.051374999999999,0.21782178217821782,1.0,198.0,909.0
assay_envelope,plus__boltzina_vina_zero_affinity,trained_oof,0.5,198,909,1,0.46464646464646464,92.0,0.38461538461538464,0.5412427709328639,1.0,1.0,1.0,0.10121012101210121,0.8162816281628162,92.0,742.0
assay_envelope,plus__boltzina_vina_zero_affinity,trained_oof,0.5,198,909,2,0.6515151515151515,129.0,0.5773096748612212,0.7230769230769231,1.5353535353535352,1.4587572290671362,1.6153846153846154,0.1419141914191419,0.8866886688668867,129.0,806.0
assay_envelope,plus__boltzina_vina_zero_affinity,trained_oof,0.5,198,909,3,0.7121212121212122,141.0,0.6417816221920699,0.7794136500754147,1.8838383838383839,1.7460084033613446,2.0303030303030303,0.1551155115511551,0.9130913091309131,141.0,830.0
assay_envelope,plus__boltzina_vina_zero_affinity,trained_oof,0.5,198,909,4,0.7525252525252525,149.0,0.6831403909621732,0.82,2.1717171717171717,1.9709965561773568,2.3830196399345334,0.1639163916391639,0.9328932893289329,149.0,848.0
assay_envelope,plus__boltzina_vina_zero_affinity,trained_oof,0.5,198,909,5,0.797979797979798,158.0,0.7336865942028986,0.8571428571428571,2.419191919191919,2.166645077720207,2.6900274869109944,0.17381738173817382,0.9482948294829483,158.0,862.0
assay_envelope,plus__boltzina_vina_zero_affinity,trained_oof,0.5,198,909,6,0.8535353535353535,169.0,0.7942511601067539,0.9081081081081082,2.621212121212121,2.315495872613855,2.9452904396934247,0.1859185918591859,0.9636963696369637,169.0,876.0
assay_envelope,plus__boltzina_vina_zero_affinity,trained_oof,0.5,198,909,7,0.8838383838383839,175.0,0.826727621741766,0.9326424870466321,2.7676767676767677,2.4226397178513297,3.136640598862495,0.1925192519251925,0.9724972497249725,175.0,884.0
assay_envelope,plus__boltzina_vina_zero_affinity,trained_oof,0.5,198,909,8,0.9444444444444444,187.0,0.9109921725156809,0.9742301083795929,2.8838383838383836,2.504826732673267,3.2966703471966623,0.20572057205720573,0.9856985698569857,187.0,896.0
assay_envelope,plus__boltzina_vina_zero_affinity,trained_oof,0.5,198,909,9,0.9797979797979798,194.0,0.959178440607012,0.9951456310679612,2.9393939393939394,2.545806993529119,3.376989027781257,0.21342134213421343,0.9955995599559956,194.0,905.0
assay_envelope,plus__boltzina_vina_zero_affinity,trained_oof,0.5,198,909,10,1.0,198.0,1.0,1.0,2.95959595959596,2.55990243902439,3.402141888225718,0.21782178217821782,1.0,198.0,909.0
assay_envelope,plus__boltzina_vina_zero_affinity,trained_oof,1.0,198,909,1,0.4595959595959596,91.0,0.375,0.5373228080702017,1.0,1.0,1.0,0.1001100110011001,0.8140814081408141,91.0,740.0
assay_envelope,plus__boltzina_vina_zero_affinity,trained_oof,1.0,198,909,2,0.6616161616161617,131.0,0.5849924863387977,0.7327237825823396,1.5404040404040404,1.4626771919297983,1.625,0.14411441144114412,0.8921892189218922,131.0,811.0
assay_envelope,plus__boltzina_vina_zero_affinity,trained_oof,1.0,198,909,3,0.7373737373737373,146.0,0.6701570680628273,0.8010717038296966,1.878787878787879,1.746335776570201,2.021857923497268,0.16061606160616063,0.9218921892189219,146.0,838.0
assay_envelope,plus__boltzina_vina_zero_affinity,trained_oof,1.0,198,909,4,0.7777777777777778,154.0,0.7119436783473935,0.8402155236814582,2.1414141414141414,1.9494949494949494,2.342138490164806,0.1694169416941694,0.9416941694169417,154.0,856.0
assay_envelope,plus__boltzina_vina_zero_affinity,trained_oof,1.0,198,909,5,0.8282828282828283,164.0,0.7646981829380967,0.8840617848970251,2.3636363636363638,2.112182122075028,2.621628344762673,0.18041804180418042,0.9548954895489549,164.0,868.0
assay_envelope,plus__boltzina_vina_zero_affinity,trained_oof,1.0,198,909,6,0.8585858585858586,170.0,0.7971644239057561,0.9110031465194851,2.5353535353535355,2.2399701492537316,2.8434569754145222,0.18701870187018702,0.9625962596259626,170.0,875.0
assay_envelope,plus__boltzina_vina_zero_affinity,trained_oof,1.0,198,909,7,0.8737373737373737,173.0,0.814061730219726,0.9250093283582089,2.676767676767677,2.333292682926829,3.0400101010101004,0.19031903190319033,0.9702970297029703,173.0,882.0
assay_envelope,plus__boltzina_vina_zero_affinity,trained_oof,1.0,198,909,8,0.9343434343434344,185.0,0.888876488095238,0.9705918220946915,2.803030303030303,2.4183648940345366,3.207979182533637,0.20352035203520352,0.9856985698569857,185.0,896.0
assay_envelope,plus__boltzina_vina_zero_affinity,trained_oof,1.0,198,909,9,0.9797979797979798,194.0,0.9581151832460733,0.9951456310679612,2.8686868686868685,2.457868688218006,3.308468781745722,0.21342134213421343,0.9955995599559956,194.0,905.0
assay_envelope,plus__boltzina_vina_zero_affinity,trained_oof,1.0,198,909,10,1.0,198.0,1.0,1.0,2.888888888888889,2.466658653846153,3.3396812982696247,0.21782178217821782,1.0,198.0,909.0
assay_envelope,calibrated__boltzina_vina_zero_binary,trained_oof,0.125,198,909,1,0.2777777777777778,55.0,0.21025,0.34951456310679613,1.0,1.0,1.0,0.06050605060506051,0.7667766776677668,55.0,697.0
assay_envelope,calibrated__boltzina_vina_zero_binary,trained_oof,0.125,198,909,2,0.4393939393939394,87.0,0.3653769841269841,0.5198069306930693,1.7222222222222223,1.6504854368932038,1.78975,0.09570957095709572,0.8316831683168316,87.0,756.0
assay_envelope,calibrated__boltzina_vina_zero_binary,trained_oof,0.125,198,909,3,0.5858585858585859,116.0,0.505098252172156,0.66315925824925,2.282828282828283,2.145940513377699,2.4077768971666336,0.1276127612761276,0.8811881188118812,116.0,801.0
assay_envelope,calibrated__boltzina_vina_zero_binary,trained_oof,0.125,198,909,4,0.6464646464646465,128.0,0.5685870224378411,0.7171717171717171,2.696969696969697,2.49457149735195,2.8877593302908977,0.1408140814081408,0.9086908690869087,128.0,826.0
assay_envelope,calibrated__boltzina_vina_zero_binary,trained_oof,0.125,198,909,5,0.7575757575757576,150.0,0.6907155130093274,0.8203914612895195,3.0505050505050506,2.789178690344062,3.3141644959121037,0.16501650165016502,0.9361936193619362,150.0,851.0
assay_envelope,calibrated__boltzina_vina_zero_binary,trained_oof,0.125,198,909,6,0.8484848484848485,168.0,0.7930990943921978,0.8974390243902439,3.292929292929293,2.9895143328223073,3.6109408340138556,0.1848184818481848,0.9614961496149615,168.0,874.0
assay_envelope,calibrated__boltzina_vina_zero_binary,trained_oof,0.125,198,909,7,0.8888888888888888,176.0,0.8415235493104346,0.9289429831308004,3.4444444444444446,3.109360832253886,3.804072659214439,0.1936193619361936,0.9724972497249725,176.0,884.0
assay_envelope,calibrated__boltzina_vina_zero_binary,trained_oof,0.125,198,909,8,0.9242424242424242,183.0,0.8835978835978836,0.9596010354804324,3.5555555555555554,3.1953431650595574,3.9487244897959184,0.20132013201320131,0.9834983498349835,183.0,894.0
assay_envelope,calibrated__boltzina_vina_zero_binary,trained_oof,0.125,198,909,9,0.9747474747474747,193.0,0.950548090523338,0.9949244987950572,3.6313131313131315,3.252741702741702,4.043505165733965,0.21232123212321233,0.9944994499449945,193.0,904.0
assay_envelope,calibrated__boltzina_vina_zero_binary,trained_oof,0.125,198,909,10,1.0,198.0,1.0,1.0,3.6565656565656566,3.2745075239398083,4.074039015826433,0.21782178217821782,1.0,198.0,909.0
assay_envelope,calibrated__boltzina_vina_zero_binary,trained_oof,0.25,198,909,1,0.29797979797979796,59.0,0.2275132275132275,0.37564841672709687,1.0,1.0,1.0,0.06490649064906491,0.7733773377337734,59.0,703.0
assay_envelope,calibrated__boltzina_vina_zero_binary,trained_oof,0.25,198,909,2,0.43434343434343436,86.0,0.3546669745484401,0.5147095224228304,1.702020202020202,1.624351583272903,1.7724867724867726,0.09460946094609461,0.8338833883388339,86.0,758.0
assay_envelope,calibrated__boltzina_vina_zero_binary,trained_oof,0.25,198,909,3,0.5757575757575758,114.0,0.5,0.6473583998816917,2.2676767676767677,2.1211580086580084,2.4052765064836006,0.1254125412541254,0.8833883388338833,114.0,803.0
assay_envelope,calibrated__boltzina_vina_zero_binary,trained_oof,0.25,198,909,4,0.6818181818181818,135.0,0.6073298429319371,0.7476190476190476,2.691919191919192,2.4816284573483527,2.892876139817629,0.1485148514851485,0.9185918591859186,135.0,835.0
assay_envelope,calibrated__boltzina_vina_zero_binary,trained_oof,0.25,198,909,5,0.7676767676767676,152.0,0.7049026088489335,0.8251392646824766,3.01010101010101,2.7463377491642933,3.2709807433945364,0.16721672167216722,0.9405940594059405,152.0,855.0
assay_envelope,calibrated__boltzina_vina_zero_binary,trained_oof,0.25,198,909,6,0.8484848484848485,168.0,0.795788025238287,0.8991055045871559,3.242424242424242,2.9408866995073892,3.5517608217168006,0.1848184818481848,0.9592959295929593,168.0,872.0
assay_envelope,calibrated__boltzina_vina_zero_binary,trained_oof,0.25,198,909,7,0.8737373737373737,173.0,0.826727621741766,0.92,3.393939393939394,3.0642078161539845,3.7450214088397784,0.19031903190319033,0.9702970297029703,173.0,882.0
assay_envelope,calibrated__boltzina_vina_zero_binary,trained_oof,0.25,198,909,8,0.9343434343434344,185.0,0.8958333333333334,0.969234693877551,3.5202020202020203,3.161258064516129,3.913319245608691,0.20352035203520352,0.9856985698569857,185.0,896.0
assay_envelope,calibrated__boltzina_vina_zero_binary,trained_oof,0.25,198,909,9,0.98989898989899,196.0,0.9738219895287958,1.0,3.585858585858586,3.2027203623384835,4.000122549019607,0.2156215621562156,0.9977997799779978,196.0,907.0
assay_envelope,calibrated__boltzina_vina_zero_binary,trained_oof,0.25,198,909,10,1.0,198.0,1.0,1.0,3.595959595959596,3.210223880597015,4.014713235294118,0.21782178217821782,1.0,198.0,909.0
assay_envelope,calibrated__boltzina_vina_zero_binary,trained_oof,0.5,198,909,1,0.2777777777777778,55.0,0.21133447880870562,0.35000634517766493,1.0,1.0,1.0,0.06050605060506051,0.7788778877887789,55.0,708.0
assay_envelope,calibrated__boltzina_vina_zero_binary,trained_oof,0.5,198,909,2,0.4696969696969697,93.0,0.3894736842105263,0.5450113636363636,1.7222222222222223,1.6499936548223348,1.7886655211912945,0.10231023102310231,0.8492849284928493,93.0,772.0
assay_envelope,calibrated__boltzina_vina_zero_binary,trained_oof,0.5,198,909,3,0.6111111111111112,121.0,0.5356877652050919,0.6839684707050645,2.2525252525252526,2.121815706470849,2.3796923741087346,0.1331133113311331,0.8943894389438944,121.0,813.0
assay_envelope,calibrated__boltzina_vina_zero_binary,trained_oof,0.5,198,909,4,0.6818181818181818,135.0,0.6093690513959391,0.7525265542018119,2.6414141414141414,2.4517567433064595,2.8260980479148183,0.1485148514851485,0.9185918591859186,135.0,835.0
assay_envelope,calibrated__boltzina_vina_zero_binary,trained_oof,0.5,198,909,5,0.803030303030303,159.0,0.7445471460698222,0.858553753255979,2.95959595959596,2.7136184210526317,3.2085778480835456,0.17491749174917492,0.9504950495049505,159.0,864.0
assay_envelope,calibrated__boltzina_vina_zero_binary,trained_oof,0.5,198,909,6,0.8787878787878788,174.0,0.8298941653871463,0.9223388549694725,3.1565656565656566,2.868909245478291,3.4500137362637364,0.19141914191419143,0.9680968096809681,174.0,880.0
assay_envelope,calibrated__boltzina_vina_zero_binary,trained_oof,0.5,198,909,7,0.9444444444444444,187.0,0.9120798319327731,0.9744930332539107,3.2777777777777777,2.9649956030150753,3.6020691609977322,0.20572057205720573,0.9845984598459846,187.0,895.0
assay_envelope,calibrated__boltzina_vina_zero_binary,trained_oof,0.5,198,909,8,0.9747474747474747,193.0,0.9510869565217391,0.9949748743718593,3.3333333333333335,3.01,3.6702156885667527,0.21232123212321233,0.9944994499449945,193.0,904.0
assay_envelope,calibrated__boltzina_vina_zero_binary,trained_oof,0.5,198,909,9,0.9949494949494949,197.0,0.9841227400050929,1.0,3.3585858585858586,3.0257538659793815,3.7011379076086954,0.21672167216721672,0.9988998899889989,197.0,908.0
assay_envelope,calibrated__boltzina_vina_zero_binary,trained_oof,0.5,198,909,10,1.0,198.0,1.0,1.0,3.3636363636363638,3.0263089364035087,3.7087962962962964,0.21782178217821782,1.0,198.0,909.0
assay_envelope,calibrated__boltzina_vina_zero_binary,trained_oof,1.0,198,909,1,0.3181818181818182,63.0,0.2448953018707483,0.39379004058296535,1.0,1.0,1.0,0.06930693069306931,0.7920792079207921,63.0,720.0
assay_envelope,calibrated__boltzina_vina_zero_binary,trained_oof,1.0,198,909,2,0.4696969696969697,93.0,0.38973684210526316,0.5487209302325582,1.6818181818181819,1.6062099594170345,1.7551046981292517,0.10231023102310231,0.8492849284928493,93.0,772.0
assay_envelope,calibrated__boltzina_vina_zero_binary,trained_oof,1.0,198,909,3,0.6262626262626263,124.0,0.5531914893617021,0.6956521739130435,2.212121212121212,2.0672996411483258,2.3563842953444283,0.13641364136413642,0.8976897689768977,124.0,816.0
assay_envelope,calibrated__boltzina_vina_zero_binary,trained_oof,1.0,198,909,4,0.6919191919191919,137.0,0.6212081339712918,0.757016150984484,2.585858585858586,2.386747641509434,2.7889166666666663,0.15071507150715072,0.9196919691969196,137.0,836.0
assay_envelope,calibrated__boltzina_vina_zero_binary,trained_oof,1.0,198,909,5,0.8131313131313131,161.0,0.752630222463375,0.8681390977443609,2.893939393939394,2.6413982053545157,3.1506007241606317,0.1771177117711771,0.9482948294829483,161.0,862.0
assay_envelope,calibrated__boltzina_vina_zero_binary,trained_oof,1.0,198,909,6,0.8787878787878788,174.0,0.8333333333333334,0.9230769230769231,3.080808080808081,2.790242733950814,3.375016534391534,0.19141914191419143,0.966996699669967,174.0,879.0
assay_envelope,calibrated__boltzina_vina_zero_binary,trained_oof,1.0,198,909,7,0.9242424242424242,183.0,0.8855682524875621,0.9605959625229402,3.202020202020202,2.8871674876847284,3.525888534487668,0.20132013201320131,0.9790979097909791,183.0,890.0
assay_envelope,calibrated__boltzina_vina_zero_binary,trained_oof,1.0,198,909,8,0.9595959595959596,190.0,0.9308510638297872,0.9846958199523465,3.2777777777777777,2.9386738026124823,3.6349206349206344,0.20902090209020902,0.9900990099009901,190.0,900.0
assay_envelope,calibrated__boltzina_vina_zero_binary,trained_oof,1.0,198,909,9,0.9848484848484849,195.0,0.9660152735022496,1.0,3.3181818181818183,2.969925824175825,3.6844992443617763,0.2145214521452145,0.9966996699669967,195.0,906.0
assay_envelope,calibrated__boltzina_vina_zero_binary,trained_oof,1.0,198,909,10,1.0,198.0,1.0,1.0,3.3333333333333335,2.9746160520045586,3.708125185625186,0.21782178217821782,1.0,198.0,909.0
assay_envelope,availability__boltzina_vina_zero_binary,trained_oof,0.125,198,909,1,0.23232323232323232,46.0,0.17435897435897435,0.2929377913752913,1.0,1.0,1.0,0.050605060506050605,0.7370737073707371,46.0,670.0
assay_envelope,availability__boltzina_vina_zero_binary,trained_oof,0.125,198,909,2,0.5,99.0,0.418848167539267,0.5779029953690018,1.7676767676767677,1.7070622086247087,1.8256410256410256,0.10891089108910891,0.8415841584158416,99.0,765.0
assay_envelope,availability__boltzina_vina_zero_binary,trained_oof,0.125,198,909,3,0.6313131313131313,125.0,0.5510204081632653,0.7091880717804362,2.2676767676767677,2.1487179487179486,2.3886228524679574,0.13751375137513752,0.8877887788778878,125.0,807.0
assay_envelope,availability__boltzina_vina_zero_binary,trained_oof,0.125,198,909,4,0.7070707070707071,140.0,0.6308108341986847,0.7777777777777778,2.6363636363636362,2.4507577720207254,2.8283204384268212,0.15401540154015403,0.9163916391639164,140.0,833.0
assay_envelope,availability__boltzina_vina_zero_binary,trained_oof,0.125,198,909,5,0.7575757575757576,150.0,0.6862719023779724,0.8205223880597015,2.9292929292929295,2.6797981730355347,3.1912600988312807,0.16501650165016502,0.935093509350935,150.0,850.0
assay_envelope,availability__boltzina_vina_zero_binary,trained_oof,0.125,198,909,6,0.8232323232323232,163.0,0.7653061224489796,0.8780487804878049,3.1717171717171717,2.87117982734234,3.492507081358498,0.1793179317931793,0.9526952695269527,163.0,866.0
assay_envelope,availability__boltzina_vina_zero_binary,trained_oof,0.125,198,909,7,0.9090909090909091,180.0,0.8659620212595481,0.9458194484690428,3.3484848484848486,3.0100935828877007,3.7049873896595207,0.19801980198019803,0.9757975797579758,180.0,887.0
assay_envelope,availability__boltzina_vina_zero_binary,trained_oof,0.125,198,909,8,0.9444444444444444,187.0,0.9095623791102514,0.9747506471752703,3.4393939393939394,3.083315217391304,3.828186902322404,0.20572057205720573,0.9867986798679867,187.0,897.0
assay_envelope,availability__boltzina_vina_zero_binary,trained_oof,0.125,198,909,9,0.9747474747474747,193.0,0.9502487562189055,0.9949748743718593,3.494949494949495,3.1310055478502083,3.8925706167474505,0.21232123212321233,0.9944994499449945,193.0,904.0
assay_envelope,availability__boltzina_vina_zero_binary,trained_oof,0.125,198,909,10,1.0,198.0,1.0,1.0,3.5202020202020203,3.1470553387231672,3.925580145518685,0.21782178217821782,1.0,198.0,909.0
assay_envelope,availability__boltzina_vina_zero_binary,trained_oof,0.25,198,909,1,0.2474747474747475,49.0,0.17989417989417988,0.31684739902561676,1.0,1.0,1.0,0.0539053905390539,0.7557755775577558,49.0,687.0
assay_envelope,availability__boltzina_vina_zero_binary,trained_oof,0.25,198,909,2,0.4797979797979798,95.0,0.3988834058213449,0.5571446339729922,1.7525252525252526,1.6831526009743831,1.82010582010582,0.10451045104510451,0.8437843784378438,95.0,767.0
assay_envelope,availability__boltzina_vina_zero_binary,trained_oof,0.25,198,909,3,0.5959595959595959,118.0,0.5148217280744468,0.6730792682926829,2.272727272727273,2.1449289215686274,2.406258585164835,0.12981298129812982,0.8855885588558856,118.0,805.0
assay_envelope,availability__boltzina_vina_zero_binary,trained_oof,0.25,198,909,4,0.6919191919191919,137.0,0.6187985734057276,0.7600051020408163,2.676767676767677,2.487545909197468,2.881553141070888,0.15071507150715072,0.9130913091309131,137.0,830.0
assay_envelope,availability__boltzina_vina_zero_binary,trained_oof,0.25,198,909,5,0.7777777777777778,154.0,0.7142671130952382,0.8390286799852923,2.984848484848485,2.7438392702428396,3.245907944514502,0.1694169416941694,0.9361936193619362,154.0,851.0
assay_envelope,availability__boltzina_vina_zero_binary,trained_oof,0.25,198,909,6,0.8484848484848485,168.0,0.7927412909271304,0.9000124378109452,3.207070707070707,2.92,3.520469025173521,0.1848184818481848,0.9603960396039604,168.0,873.0
assay_envelope,availability__boltzina_vina_zero_binary,trained_oof,0.25,198,909,7,0.8939393939393939,177.0,0.8457446808510638,0.9359605911330049,3.3585858585858586,3.0342698358413127,3.7065613983548764,0.19471947194719472,0.9735973597359736,177.0,885.0
assay_envelope,availability__boltzina_vina_zero_binary,trained_oof,0.25,198,909,8,0.9292929292929293,184.0,0.8888888888888888,0.9644714915654001,3.4646464646464645,3.112777777777777,3.849488693049551,0.20242024202420242,0.9834983498349835,184.0,894.0
assay_envelope,availability__boltzina_vina_zero_binary,trained_oof,0.25,198,909,9,0.9595959595959596,190.0,0.9301048387096774,0.9848484848484849,3.5353535353535355,3.166666666666666,3.950012376237624,0.20902090209020902,0.9911991199119912,190.0,901.0
assay_envelope,availability__boltzina_vina_zero_binary,trained_oof,0.25,198,909,10,1.0,198.0,1.0,1.0,3.5757575757575757,3.1990729503775617,4.000123762376237,0.21782178217821782,1.0,198.0,909.0
assay_envelope,availability__boltzina_vina_zero_binary,trained_oof,0.5,198,909,1,0.35353535353535354,70.0,0.2798159195702809,0.42718446601941745,1.0,1.0,1.0,0.07700770077007701,0.7854785478547854,70.0,714.0
assay_envelope,availability__boltzina_vina_zero_binary,trained_oof,0.5,198,909,2,0.5808080808080808,115.0,0.5052069909793815,0.6521960958296361,1.6464646464646464,1.5728155339805825,1.720184080429719,0.1265126512651265,0.8657865786578658,115.0,787.0
assay_envelope,availability__boltzina_vina_zero_binary,trained_oof,0.5,198,909,3,0.6868686868686869,136.0,0.6165784244680316,0.7548150510204081,2.0656565656565657,1.9368337510442775,2.1980437967266115,0.1496149614961496,0.900990099009901,136.0,819.0
assay_envelope,availability__boltzina_vina_zero_binary,trained_oof,0.5,198,909,4,0.7525252525252525,149.0,0.68447812474024,0.8150096153846152,2.378787878787879,2.1990944989106755,2.5707422785547784,0.1639163916391639,0.922992299229923,149.0,839.0
assay_envelope,availability__boltzina_vina_zero_binary,trained_oof,0.5,198,909,5,0.8131313131313131,161.0,0.7525773195876289,0.8687033653114055,2.6262626262626263,2.390470383275262,2.877058235881765,0.1771177117711771,0.9471947194719472,161.0,861.0
assay_envelope,availability__boltzina_vina_zero_binary,trained_oof,0.5,198,909,6,0.8787878787878788,174.0,0.8272201782934767,0.9250093283582089,2.813131313131313,2.5383971291866025,3.1082775555213615,0.19141914191419143,0.9680968096809681,174.0,880.0
assay_envelope,availability__boltzina_vina_zero_binary,trained_oof,0.5,198,909,7,0.9141414141414141,181.0,0.8704663212435233,0.9521531100478469,2.9343434343434343,2.6285459183673474,3.2673796791443848,0.19911991199119913,0.9790979097909791,181.0,890.0
assay_envelope,availability__boltzina_vina_zero_binary,trained_oof,0.5,198,909,8,0.9444444444444444,187.0,0.9077651232262883,0.9757281553398058,3.0202020202020203,2.6941673271250246,3.3802328279702976,0.20572057205720573,0.9878987898789879,187.0,898.0
assay_envelope,availability__boltzina_vina_zero_binary,trained_oof,0.5,198,909,9,0.98989898989899,196.0,0.973404255319149,1.0,3.0757575757575757,2.7280896522832014,3.4607932032916793,0.2156215621562156,0.9977997799779978,196.0,907.0
assay_envelope,availability__boltzina_vina_zero_binary,trained_oof,0.5,198,909,10,1.0,198.0,1.0,1.0,3.085858585858586,2.7333179723502297,3.4745127969220477,0.21782178217821782,1.0,198.0,909.0
assay_envelope,availability__boltzina_vina_zero_binary,trained_oof,1.0,198,909,1,0.41414141414141414,82.0,0.34042004825619654,0.4898989898989899,1.0,1.0,1.0,0.09020902090209021,0.8140814081408141,82.0,740.0
assay_envelope,availability__boltzina_vina_zero_binary,trained_oof,1.0,198,909,2,0.6212121212121212,123.0,0.5489081661092531,0.695892316766682,1.5858585858585859,1.5101010101010102,1.6595799517438035,0.1353135313531353,0.8833883388338833,123.0,803.0
assay_envelope,availability__boltzina_vina_zero_binary,trained_oof,1.0,198,909,3,0.7474747474747475,148.0,0.6818181818181818,0.8112244897959183,1.9646464646464648,1.8305929463077155,2.097448453608247,0.1628162816281628,0.922992299229923,148.0,839.0
assay_envelope,availability__boltzina_vina_zero_binary,trained_oof,1.0,198,909,4,0.8080808080808081,160.0,0.75,0.8631643132220795,2.217171717171717,2.0362647561561884,2.4031613493926183,0.17601760176017603,0.9438943894389439,160.0,858.0
assay_envelope,availability__boltzina_vina_zero_binary,trained_oof,1.0,198,909,5,0.8535353535353535,169.0,0.8020588743093923,0.9020618556701031,2.409090909090909,2.180904522613065,2.640628792475728,0.1859185918591859,0.9603960396039604,169.0,873.0
assay_envelope,availability__boltzina_vina_zero_binary,trained_oof,1.0,198,909,6,0.8787878787878788,174.0,0.8299974226804123,0.9230769230769231,2.5555555555555554,2.2886215167908546,2.8267674814356427,0.19141914191419143,0.9680968096809681,174.0,880.0
assay_envelope,availability__boltzina_vina_zero_binary,trained_oof,1.0,198,909,7,0.9242424242424242,183.0,0.8848167539267016,0.9593908629441624,2.676767676767677,2.3718485283560655,2.9843810096153844,0.20132013201320131,0.9801980198019802,183.0,891.0
assay_envelope,availability__boltzina_vina_zero_binary,trained_oof,1.0,198,909,8,0.9545454545454546,189.0,0.9227053140096618,0.9805825242718447,2.7525252525252526,2.4245103324348607,3.0824957044673535,0.2079207920792079,0.988998899889989,189.0,899.0
assay_envelope,availability__boltzina_vina_zero_binary,trained_oof,1.0,198,909,9,0.98989898989899,196.0,0.9738219895287958,1.0,2.797979797979798,2.457526759796807,3.141362578666244,0.2156215621562156,0.9977997799779978,196.0,907.0
assay_envelope,availability__boltzina_vina_zero_binary,trained_oof,1.0,198,909,10,1.0,198.0,1.0,1.0,2.808080808080808,2.4622460087082723,3.1604535706327983,0.21782178217821782,1.0,198.0,909.0
assay_envelope,plus__boltzina_vina_zero_binary,trained_oof,0.125,198,909,1,0.30303030303030304,60.0,0.23203256760686244,0.37501586294416234,1.0,1.0,1.0,0.066006600660066,0.7744774477447744,60.0,704.0
assay_envelope,plus__boltzina_vina_zero_binary,trained_oof,0.125,198,909,2,0.47474747474747475,94.0,0.38973684210526316,0.5539232946699807,1.696969696969697,1.6249841370558376,1.7679674323931374,0.1034103410341034,0.8415841584158416,94.0,765.0
assay_envelope,plus__boltzina_vina_zero_binary,trained_oof,0.125,198,909,3,0.6414141414141414,127.0,0.5585072632033696,0.7150449959094627,2.2222222222222223,2.086121829500437,2.3655288511343624,0.1397139713971397,0.8965896589658966,127.0,815.0
assay_envelope,plus__boltzina_vina_zero_binary,trained_oof,0.125,198,909,4,0.6868686868686869,136.0,0.6105104106419896,0.7538657407407406,2.580808080808081,2.3883141435332,2.7918845890606288,0.1496149614961496,0.9152915291529153,136.0,832.0
assay_envelope,plus__boltzina_vina_zero_binary,trained_oof,0.125,198,909,5,0.7474747474747475,148.0,0.6799889502762432,0.8090510542402735,2.893939393939394,2.6487738468968844,3.1710154001151407,0.1628162816281628,0.9328932893289329,148.0,848.0
assay_envelope,plus__boltzina_vina_zero_binary,trained_oof,0.125,198,909,6,0.8232323232323232,163.0,0.7643905222177474,0.875,3.1464646464646466,2.851157759391771,3.4897580982782976,0.1793179317931793,0.9548954895489549,163.0,868.0
assay_envelope,plus__boltzina_vina_zero_binary,trained_oof,0.125,198,909,7,0.9040404040404041,179.0,0.86010103626943,0.9424158758726003,3.323232323232323,3.0,3.707252762430939,0.19691969196919692,0.9757975797579758,179.0,887.0
assay_envelope,plus__boltzina_vina_zero_binary,trained_oof,0.125,198,909,8,0.9494949494949495,188.0,0.9157894736842105,0.9766462316728114,3.419191919191919,3.067910487570681,3.8314662365112913,0.2068206820682068,0.988998899889989,188.0,899.0
assay_envelope,plus__boltzina_vina_zero_binary,trained_oof,0.125,198,909,9,0.9848484848484849,195.0,0.9663461538461539,1.0,3.4696969696969697,3.102339188676861,3.89699762508771,0.2145214521452145,0.9966996699669967,195.0,906.0
assay_envelope,plus__boltzina_vina_zero_binary,trained_oof,0.125,198,909,10,1.0,198.0,1.0,1.0,3.484848484848485,3.1105624999999995,3.9194076169565952,0.21782178217821782,1.0,198.0,909.0
assay_envelope,plus__boltzina_vina_zero_binary,trained_oof,0.25,198,909,1,0.3282828282828283,65.0,0.25,0.4077669902912621,1.0,1.0,1.0,0.07150715071507151,0.7810781078107811,65.0,710.0
assay_envelope,plus__boltzina_vina_zero_binary,trained_oof,0.25,198,909,2,0.5454545454545454,108.0,0.46499116161616166,0.6231900910010111,1.6717171717171717,1.5922330097087378,1.75,0.1188118811881188,0.8602860286028603,108.0,782.0
assay_envelope,plus__boltzina_vina_zero_binary,trained_oof,0.25,198,909,3,0.6414141414141414,127.0,0.5647668393782384,0.7101449275362319,2.1262626262626263,1.9849911401894638,2.267766604698327,0.1397139713971397,0.8987898789878987,127.0,817.0
assay_envelope,plus__boltzina_vina_zero_binary,trained_oof,0.25,198,909,4,0.7171717171717171,142.0,0.644808743169399,0.7815533980582524,2.484848484848485,2.2856981254040076,2.6966336959120247,0.1562156215621562,0.9218921892189219,142.0,838.0
assay_envelope,plus__boltzina_vina_zero_binary,trained_oof,0.25,198,909,5,0.7676767676767676,152.0,0.6984002976190475,0.8272805642633229,2.7676767676767677,2.5120330942776037,3.046875,0.16721672167216722,0.9372937293729373,152.0,852.0
assay_envelope,plus__boltzina_vina_zero_binary,trained_oof,0.25,198,909,6,0.8282828282828283,164.0,0.7700521390374331,0.8820588235294117,3.0,2.698524720893142,3.338387784090909,0.18041804180418042,0.9526952695269527,164.0,866.0
assay_envelope,plus__boltzina_vina_zero_binary,trained_oof,0.25,198,909,7,0.8686868686868687,172.0,0.8177076139502762,0.9157907764460657,3.1717171717171717,2.8285642135642144,3.561280171967264,0.18921892189218922,0.966996699669967,172.0,879.0
assay_envelope,plus__boltzina_vina_zero_binary,trained_oof,0.25,198,909,8,0.9393939393939394,186.0,0.9047559224694903,0.9704433497536946,3.303030303030303,2.9292748917748916,3.737729631765384,0.20462046204620463,0.9856985698569857,186.0,896.0
assay_envelope,plus__boltzina_vina_zero_binary,trained_oof,0.25,198,909,9,0.9848484848484849,195.0,0.9642857142857143,1.0,3.3636363636363638,2.975369458128079,3.819162016044646,0.2145214521452145,0.9966996699669967,195.0,906.0
assay_envelope,plus__boltzina_vina_zero_binary,trained_oof,0.25,198,909,10,1.0,198.0,1.0,1.0,3.378787878787879,2.9849884020618553,3.8385674298128354,0.21782178217821782,1.0,198.0,909.0
assay_envelope,plus__boltzina_vina_zero_binary,trained_oof,0.5,198,909,1,0.3888888888888889,77.0,0.3147208121827411,0.4630541871921182,1.0,1.0,1.0,0.0847084708470847,0.8063806380638063,77.0,733.0
assay_envelope,plus__boltzina_vina_zero_binary,trained_oof,0.5,198,909,2,0.5959595959595959,118.0,0.5151440144014401,0.671796875,1.6111111111111112,1.5369458128078817,1.6852791878172588,0.12981298129812982,0.8734873487348734,118.0,794.0
assay_envelope,plus__boltzina_vina_zero_binary,trained_oof,0.5,198,909,3,0.696969696969697,138.0,0.6263157894736842,0.7634574028122414,2.015151515151515,1.87692118226601,2.1604747039225014,0.15181518151815182,0.9064906490649065,138.0,824.0
assay_envelope,plus__boltzina_vina_zero_binary,trained_oof,0.5,198,909,4,0.7474747474747475,148.0,0.678937969924812,0.81,2.3181818181818183,2.125,2.5200102040816326,0.1628162816281628,0.9273927392739274,148.0,843.0
assay_envelope,plus__boltzina_vina_zero_binary,trained_oof,0.5,198,909,5,0.8232323232323232,163.0,0.7676740376740376,0.8767790021712231,2.5707070707070705,2.325775137641263,2.833333333333333,0.1793179317931793,0.9504950495049505,163.0,864.0
assay_envelope,plus__boltzina_vina_zero_binary,trained_oof,0.5,198,909,6,0.8838383838383839,175.0,0.8383801247771836,0.9285714285714286,2.7474747474747474,2.4589271827500885,3.0576443697741658,0.1925192519251925,0.966996699669967,175.0,879.0
assay_envelope,plus__boltzina_vina_zero_binary,trained_oof,0.5,198,909,7,0.9393939393939394,186.0,0.9042553191489362,0.970873786407767,2.8636363636363638,2.539162118026039,3.21393114973262,0.20462046204620463,0.9845984598459846,186.0,895.0
assay_envelope,plus__boltzina_vina_zero_binary,trained_oof,0.5,198,909,8,0.9797979797979798,194.0,0.9572192513368984,0.9951696627647715,2.9242424242424243,2.5863871951219513,3.2944483106817315,0.21342134213421343,0.9933993399339934,194.0,903.0
assay_envelope,plus__boltzina_vina_zero_binary,trained_oof,0.5,198,909,9,0.9949494949494949,197.0,0.9841227400050929,1.0,2.9444444444444446,2.6030114688273907,3.32258064516129,0.21672167216721672,0.9988998899889989,197.0,908.0
assay_envelope,plus__boltzina_vina_zero_binary,trained_oof,0.5,198,909,10,1.0,198.0,1.0,1.0,2.9494949494949494,2.6030908408019484,3.32313179347826,0.21782178217821782,1.0,198.0,909.0
assay_envelope,plus__boltzina_vina_zero_binary,trained_oof,1.0,198,909,1,0.43434343434343436,86.0,0.36109972677595625,0.5069852524106636,1.0,1.0,1.0,0.09460946094609461,0.8162816281628162,86.0,742.0
assay_envelope,plus__boltzina_vina_zero_binary,trained_oof,1.0,198,909,2,0.6414141414141414,127.0,0.5634517766497462,0.711340206185567,1.5656565656565657,1.4930147475893365,1.6389002732240436,0.1397139713971397,0.8844884488448845,127.0,804.0
assay_envelope,plus__boltzina_vina_zero_binary,trained_oof,1.0,198,909,3,0.7171717171717171,142.0,0.6499936548223351,0.784408962597036,1.9242424242424243,1.7939659638398178,2.0647094476854306,0.1562156215621562,0.9130913091309131,142.0,830.0
assay_envelope,plus__boltzina_vina_zero_binary,trained_oof,1.0,198,909,4,0.7828282828282829,155.0,0.7202020725388601,0.8373266461030286,2.207070707070707,2.019797126771501,2.4070495138737162,0.1705170517051705,0.9361936193619362,155.0,851.0
assay_envelope,plus__boltzina_vina_zero_binary,trained_oof,1.0,198,909,5,0.8383838383838383,166.0,0.7828282828282829,0.8872549019607843,2.4242424242424243,2.18974358974359,2.673826871657754,0.18261826182618263,0.9570957095709571,166.0,870.0
assay_envelope,plus__boltzina_vina_zero_binary,trained_oof,1.0,198,909,6,0.8888888888888888,176.0,0.84375,0.9326511671385075,2.585858585858586,2.314797847585806,2.878179600078526,0.1936193619361936,0.9702970297029703,176.0,882.0
assay_envelope,plus__boltzina_vina_zero_binary,trained_oof,1.0,198,909,7,0.9292929292929293,184.0,0.8899988038277512,0.9639175257731959,2.696969696969697,2.3981470510795155,3.02042987407729,0.20242024202420242,0.9812981298129813,184.0,892.0
assay_envelope,plus__boltzina_vina_zero_binary,trained_oof,1.0,198,909,8,0.9646464646464646,191.0,0.9372102902997405,0.98989898989899,2.7676767676767677,2.451772556083183,3.1156775726458372,0.21012101210121012,0.9911991199119912,191.0,901.0
assay_envelope,plus__boltzina_vina_zero_binary,trained_oof,1.0,198,909,9,0.98989898989899,196.0,0.9740932642487047,1.0,2.803030303030303,2.475955703883495,3.162344433954167,0.2156215621562156,0.9977997799779978,196.0,907.0
assay_envelope,plus__boltzina_vina_zero_binary,trained_oof,1.0,198,909,10,1.0,198.0,1.0,1.0,2.813131313131313,2.484519454605919,3.1756030764807357,0.21782178217821782,1.0,198.0,909.0
assay_envelope,calibrated__gnina,trained_oof,0.125,198,909,1,0.2474747474747475,49.0,0.19,0.30369361928493416,1.0,1.0,1.0,0.0539053905390539,0.7612761276127613,49.0,692.0
assay_envelope,calibrated__gnina,trained_oof,0.125,198,909,2,0.4595959595959596,91.0,0.3783716552373269,0.5369630277027384,1.7525252525252526,1.6963063807150656,1.81,0.1001100110011001,0.8360836083608361,91.0,760.0
assay_envelope,calibrated__gnina,trained_oof,0.125,198,909,3,0.5656565656565656,112.0,0.4869109947643979,0.6400098522167488,2.292929292929293,2.1720875726744184,2.415873352041086,0.12321232123212321,0.8734873487348734,112.0,794.0
assay_envelope,calibrated__gnina,trained_oof,0.125,198,909,4,0.6818181818181818,135.0,0.6088750346997316,0.748792270531401,2.727272727272727,2.5403939393939394,2.919231923192319,0.1485148514851485,0.9097909790979097,135.0,827.0
assay_envelope,calibrated__gnina,trained_oof,0.125,198,909,5,0.7575757575757576,150.0,0.6896506352087115,0.8195876288659794,3.0454545454545454,2.8009716813246333,3.298429319371728,0.16501650165016502,0.9317931793179318,150.0,847.0
assay_envelope,calibrated__gnina,trained_oof,0.125,198,909,6,0.803030303030303,159.0,0.7357512953367875,0.8645903716216217,3.287878787878788,2.995047639186029,3.5938052398989897,0.17491749174917492,0.9493949394939494,159.0,863.0
assay_envelope,calibrated__gnina,trained_oof,0.125,198,909,7,0.8282828282828283,164.0,0.7704897122783539,0.8809555984555985,3.484848484848485,3.14426206732296,3.8395780333316027,0.18041804180418042,0.9592959295929593,164.0,872.0
assay_envelope,calibrated__gnina,trained_oof,0.125,198,909,8,0.8888888888888888,176.0,0.8393693921395172,0.932643732562774,3.6565656565656566,3.2759827302631583,4.058518460575719,0.1936193619361936,0.9746974697469747,176.0,886.0
assay_envelope,calibrated__gnina,trained_oof,0.125,198,909,9,0.9797979797979798,194.0,0.9587628865979382,0.9952153110047847,3.7676767676767677,3.358163305811369,4.200050505050504,0.21342134213421343,0.9955995599559956,194.0,905.0
assay_envelope,calibrated__gnina,trained_oof,0.125,198,909,10,1.0,198.0,1.0,1.0,3.787878787878788,3.373670463472113,4.226334223239257,0.21782178217821782,1.0,198.0,909.0
assay_envelope,calibrated__gnina,trained_oof,0.25,198,909,1,0.21212121212121213,42.0,0.15656146775815022,0.27174176867876737,1.0,1.0,1.0,0.0462046204620462,0.7513751375137514,42.0,683.0
assay_envelope,calibrated__gnina,trained_oof,0.25,198,909,2,0.3888888888888889,77.0,0.3190444015444015,0.4587734062697243,1.7878787878787878,1.7282582313212325,1.8434385322418498,0.0847084708470847,0.8217821782178217,77.0,747.0
assay_envelope,calibrated__gnina,trained_oof,0.25,198,909,3,0.5555555555555556,110.0,0.4791666666666667,0.6294507760640374,2.398989898989899,2.2821750444275195,2.515011597938144,0.12101210121012101,0.8734873487348734,110.0,794.0
assay_envelope,calibrated__gnina,trained_oof,0.25,198,909,4,0.6616161616161617,131.0,0.5887644946348217,0.734375,2.8434343434343434,2.6666666666666665,3.0154659206238983,0.14411441144114412,0.9031903190319032,131.0,821.0
assay_envelope,calibrated__gnina,trained_oof,0.25,198,909,5,0.7525252525252525,149.0,0.6839312149730359,0.8158001422475106,3.1818181818181817,2.9492321040091163,3.4129746345990255,0.1639163916391639,0.9306930693069307,149.0,846.0
assay_envelope,calibrated__gnina,trained_oof,0.25,198,909,6,0.8131313131313131,161.0,0.7446684809500247,0.8717980295566502,3.4292929292929295,3.1557788944723617,3.7092001956222904,0.1771177117711771,0.9537953795379538,161.0,867.0
assay_envelope,calibrated__gnina,trained_oof,0.25,198,909,7,0.8535353535353535,169.0,0.7920533471257574,0.9072164948453608,3.6161616161616164,3.295603102330607,3.949585700757575,0.1859185918591859,0.9647964796479648,169.0,877.0
assay_envelope,calibrated__gnina,trained_oof,0.25,198,909,8,0.898989898989899,178.0,0.8405797101449275,0.945013613861386,3.7626262626262625,3.4010156250000003,4.139952263222955,0.19581958195819582,0.9757975797579758,178.0,887.0
assay_envelope,calibrated__gnina,trained_oof,0.25,198,909,9,0.9393939393939394,186.0,0.8970550333535476,0.9747474747474747,3.8636363636363638,3.469067848863019,4.291692073170732,0.20462046204620463,0.9867986798679867,186.0,897.0
assay_envelope,calibrated__gnina,trained_oof,0.25,198,909,10,1.0,198.0,1.0,1.0,3.9242424242424243,3.5105552672548,4.383430156487151,0.21782178217821782,1.0,198.0,909.0
assay_envelope,calibrated__gnina,trained_oof,0.5,198,909,1,0.2222222222222222,44.0,0.1641005291005291,0.282830746489283,1.0,1.0,1.0,0.0484048404840484,0.7546754675467546,44.0,686.0
assay_envelope,calibrated__gnina,trained_oof,0.5,198,909,2,0.41414141414141414,82.0,0.3418335298943698,0.4901038162068634,1.7777777777777777,1.7171692535107168,1.8358994708994707,0.09020902090209021,0.8261826182618262,82.0,751.0
assay_envelope,calibrated__gnina,trained_oof,0.5,198,909,3,0.5454545454545454,108.0,0.47058823529411764,0.6173504237760677,2.3636363636363638,2.2420871143375685,2.4808762685402033,0.1188118811881188,0.8734873487348734,108.0,794.0
assay_envelope,calibrated__gnina,trained_oof,0.5,198,909,4,0.6868686868686869,136.0,0.6113917674150834,0.7539267015706806,2.8181818181818183,2.638874113475177,3.0,0.1496149614961496,0.9185918591859186,136.0,835.0
assay_envelope,calibrated__gnina,trained_oof,0.5,198,909,5,0.7727272727272727,153.0,0.7046632124352331,0.8350012886597937,3.1313131313131315,2.906242264851485,3.3711551870113055,0.16831683168316833,0.9405940594059405,153.0,855.0
assay_envelope,calibrated__gnina,trained_oof,0.5,198,909,6,0.8181818181818182,162.0,0.7525252525252525,0.8781842935291507,3.3585858585858586,3.085395417682472,3.6488109756097558,0.1782178217821782,0.9537953795379538,162.0,867.0
assay_envelope,calibrated__gnina,trained_oof,0.5,198,909,7,0.8333333333333334,165.0,0.7684134248665141,0.8917626844552254,3.54040404040404,3.2243794461382116,3.8814584985461273,0.18151815181518152,0.9625962596259626,165.0,875.0
assay_envelope,calibrated__gnina,trained_oof,0.5,198,909,8,0.898989898989899,178.0,0.8402061855670103,0.9468097954568815,3.707070707070707,3.353440812061501,4.099022215654402,0.19581958195819582,0.977997799779978,178.0,889.0
assay_envelope,calibrated__gnina,trained_oof,0.5,198,909,9,0.9393939393939394,186.0,0.8949934210526316,0.9747474747474747,3.808080808080808,3.424966133004927,4.248819364714888,0.20462046204620463,0.9867986798679867,186.0,897.0
assay_envelope,calibrated__gnina,trained_oof,0.5,198,909,10,1.0,198.0,1.0,1.0,3.8686868686868685,3.462647900394402,4.338495145631067,0.21782178217821782,1.0,198.0,909.0
assay_envelope,calibrated__gnina,trained_oof,1.0,198,909,1,0.21212121212121213,42.0,0.14283901377810007,0.2849747409326425,1.0,1.0,1.0,0.0462046204620462,0.7524752475247525,42.0,684.0
assay_envelope,calibrated__gnina,trained_oof,1.0,198,909,2,0.4090909090909091,81.0,0.33009466019417477,0.4854471972888807,1.7878787878787878,1.7150252590673574,1.8571609862218998,0.0891089108910891,0.8305830583058306,81.0,755.0
assay_envelope,calibrated__gnina,trained_oof,1.0,198,909,3,0.5808080808080808,115.0,0.5053137212331742,0.6533006527482773,2.378787878787879,2.2426891327798884,2.5135172057303206,0.1265126512651265,0.8877887788778878,115.0,807.0
assay_envelope,calibrated__gnina,trained_oof,1.0,198,909,4,0.6565656565656566,130.0,0.5842092235539343,0.7246467391304348,2.797979797979798,2.6063549832026878,2.9891920797803153,0.14301430143014301,0.911991199119912,130.0,829.0
assay_envelope,calibrated__gnina,trained_oof,1.0,198,909,5,0.7575757575757576,150.0,0.6881707122325136,0.81910589533031,3.1414141414141414,2.8949734848484847,3.394625563063063,0.16501650165016502,0.9383938393839384,150.0,853.0
assay_envelope,calibrated__gnina,trained_oof,1.0,198,909,6,0.8434343434343434,167.0,0.7846052631578947,0.8963864109823192,3.3838383838383836,3.092783505154639,3.6842302631578945,0.18371837183718373,0.9603960396039604,167.0,873.0
assay_envelope,calibrated__gnina,trained_oof,1.0,198,909,7,0.8737373737373737,173.0,0.8151475546000879,0.9238656867226405,3.54040404040404,3.2156512605042016,3.888915470494418,0.19031903190319033,0.9713971397139713,173.0,883.0
assay_envelope,calibrated__gnina,trained_oof,1.0,198,909,8,0.898989898989899,178.0,0.8465116279069768,0.9423102094240837,3.6666666666666665,3.302941855099215,4.055042525773195,0.19581958195819582,0.977997799779978,178.0,889.0
assay_envelope,calibrated__gnina,trained_oof,1.0,198,909,9,0.9292929292929293,184.0,0.883248730964467,0.9680893279297534,3.7676767676767677,3.3736204557786214,4.189544534412955,0.20242024202420242,0.9845984598459846,184.0,895.0
assay_envelope,calibrated__gnina,trained_oof,1.0,198,909,10,1.0,198.0,1.0,1.0,3.8383838383838382,3.4174534825245155,4.292827080500998,0.21782178217821782,1.0,198.0,909.0
assay_envelope,availability__gnina,trained_oof,0.125,198,909,1,0.23232323232323232,46.0,0.17435897435897435,0.2929377913752913,1.0,1.0,1.0,0.050605060506050605,0.7370737073707371,46.0,670.0
assay_envelope,availability__gnina,trained_oof,0.125,198,909,2,0.5,99.0,0.418848167539267,0.5779029953690018,1.7676767676767677,1.7070622086247087,1.8256410256410256,0.10891089108910891,0.8426842684268426,99.0,766.0
assay_envelope,availability__gnina,trained_oof,0.125,198,909,3,0.6313131313131313,125.0,0.5510204081632653,0.7091880717804362,2.2676767676767677,2.1487179487179486,2.3886228524679574,0.13751375137513752,0.8877887788778878,125.0,807.0
assay_envelope,availability__gnina,trained_oof,0.125,198,909,4,0.7070707070707071,140.0,0.6308108341986847,0.7777777777777778,2.6363636363636362,2.4507577720207254,2.8283204384268212,0.15401540154015403,0.9163916391639164,140.0,833.0
assay_envelope,availability__gnina,trained_oof,0.125,198,909,5,0.7575757575757576,150.0,0.6862719023779724,0.8205223880597015,2.9292929292929295,2.6797981730355347,3.1912600988312807,0.16501650165016502,0.935093509350935,150.0,850.0
assay_envelope,availability__gnina,trained_oof,0.125,198,909,6,0.8232323232323232,163.0,0.7653061224489796,0.8780487804878049,3.1717171717171717,2.87117982734234,3.492507081358498,0.1793179317931793,0.9526952695269527,163.0,866.0
assay_envelope,availability__gnina,trained_oof,0.125,198,909,7,0.9090909090909091,180.0,0.8659620212595481,0.9458194484690428,3.3484848484848486,3.0100935828877007,3.7049873896595207,0.19801980198019803,0.9757975797579758,180.0,887.0
assay_envelope,availability__gnina,trained_oof,0.125,198,909,8,0.9444444444444444,187.0,0.9095623791102514,0.9747506471752703,3.4393939393939394,3.083315217391304,3.828186902322404,0.20572057205720573,0.9867986798679867,187.0,897.0
assay_envelope,availability__gnina,trained_oof,0.125,198,909,9,0.9747474747474747,193.0,0.9502487562189055,0.9949748743718593,3.494949494949495,3.1310055478502083,3.8925706167474505,0.21232123212321233,0.9944994499449945,193.0,904.0
assay_envelope,availability__gnina,trained_oof,0.125,198,909,10,1.0,198.0,1.0,1.0,3.5202020202020203,3.1470553387231672,3.925580145518685,0.21782178217821782,1.0,198.0,909.0
assay_envelope,availability__gnina,trained_oof,0.25,198,909,1,0.24242424242424243,48.0,0.1746031746031746,0.31157427408535887,1.0,1.0,1.0,0.052805280528052806,0.7546754675467546,48.0,686.0
assay_envelope,availability__gnina,trained_oof,0.25,198,909,2,0.47474747474747475,94.0,0.3928475422427035,0.5520940353881278,1.7575757575757576,1.6884257259146411,1.8253968253968254,0.1034103410341034,0.8437843784378438,94.0,767.0
assay_envelope,availability__gnina,trained_oof,0.25,198,909,3,0.5959595959595959,118.0,0.5148217280744468,0.6730792682926829,2.282828282828283,2.1554294041450777,2.4133086734693876,0.12981298129812982,0.8877887788778878,118.0,807.0
assay_envelope,availability__gnina,trained_oof,0.25,198,909,4,0.696969696969697,138.0,0.625,0.7641176470588233,2.686868686868687,2.4999434389140274,2.890667067307692,0.15181518151815182,0.9141914191419142,138.0,831.0
assay_envelope,availability__gnina,trained_oof,0.25,198,909,5,0.7727272727272727,153.0,0.7091738618524333,0.8357525083612041,2.98989898989899,2.751123271889401,3.2473790322580642,0.16831683168316833,0.935093509350935,153.0,850.0
assay_envelope,availability__gnina,trained_oof,0.25,198,909,6,0.8434343434343434,167.0,0.7872314093111439,0.8963775236733964,3.217171717171717,2.927461139896373,3.52482810781078,0.18371837183718373,0.9592959295929593,167.0,872.0
assay_envelope,availability__gnina,trained_oof,0.25,198,909,7,0.8888888888888888,176.0,0.8410051546391752,0.9310390439700784,3.3737373737373737,3.046389366170294,3.7258878913078015,0.1936193619361936,0.9735973597359736,176.0,885.0
assay_envelope,availability__gnina,trained_oof,0.25,198,909,8,0.9292929292929293,184.0,0.8888888888888888,0.9644714915654001,3.484848484848485,3.126829268292683,3.871287128712871,0.20242024202420242,0.9834983498349835,184.0,894.0
assay_envelope,availability__gnina,trained_oof,0.25,198,909,9,0.9646464646464646,191.0,0.9368356867779204,0.9891920797803151,3.5555555555555554,3.180487804878049,3.970304309842749,0.21012101210121012,0.9922992299229924,191.0,902.0
assay_envelope,availability__gnina,trained_oof,0.25,198,909,10,1.0,198.0,1.0,1.0,3.590909090909091,3.207727488714659,4.014858985898591,0.21782178217821782,1.0,198.0,909.0
assay_envelope,availability__gnina,trained_oof,0.5,198,909,1,0.35353535353535354,70.0,0.2798159195702809,0.42718446601941745,1.0,1.0,1.0,0.07700770077007701,0.7854785478547854,70.0,714.0
assay_envelope,availability__gnina,trained_oof,0.5,198,909,2,0.5808080808080808,115.0,0.5052069909793815,0.6521960958296361,1.6464646464646464,1.5728155339805825,1.720184080429719,0.1265126512651265,0.8657865786578658,115.0,787.0
assay_envelope,availability__gnina,trained_oof,0.5,198,909,3,0.6868686868686869,136.0,0.6165784244680316,0.7548150510204081,2.0656565656565657,1.9368337510442775,2.1980437967266115,0.1496149614961496,0.900990099009901,136.0,819.0
assay_envelope,availability__gnina,trained_oof,0.5,198,909,4,0.7525252525252525,149.0,0.68447812474024,0.8150096153846152,2.378787878787879,2.1990944989106755,2.5707422785547784,0.1639163916391639,0.922992299229923,149.0,839.0
assay_envelope,availability__gnina,trained_oof,0.5,198,909,5,0.8080808080808081,160.0,0.747226250906454,0.8636473962930273,2.6262626262626263,2.390470383275262,2.877058235881765,0.17601760176017603,0.9460946094609461,160.0,860.0
assay_envelope,availability__gnina,trained_oof,0.5,198,909,6,0.8787878787878788,174.0,0.8272201782934767,0.9250093283582089,2.8181818181818183,2.538850139497808,3.1150350529100526,0.19141914191419143,0.9680968096809681,174.0,880.0
assay_envelope,availability__gnina,trained_oof,0.5,198,909,7,0.9141414141414141,181.0,0.8704663212435233,0.9521531100478469,2.9393939393939394,2.633289473684211,3.2746281364615473,0.19911991199119913,0.9790979097909791,181.0,890.0
assay_envelope,availability__gnina,trained_oof,0.5,198,909,8,0.9444444444444444,187.0,0.9077651232262883,0.9757281553398058,3.025252525252525,2.6947329530723354,3.3903922009848046,0.20572057205720573,0.9878987898789879,187.0,898.0
assay_envelope,availability__gnina,trained_oof,0.5,198,909,9,0.98989898989899,196.0,0.973404255319149,1.0,3.080808080808081,2.731992695837089,3.470304309842749,0.2156215621562156,0.9977997799779978,196.0,907.0
assay_envelope,availability__gnina,trained_oof,0.5,198,909,10,1.0,198.0,1.0,1.0,3.090909090909091,2.736799431009957,3.4845773765449675,0.21782178217821782,1.0,198.0,909.0
assay_envelope,availability__gnina,trained_oof,1.0,198,909,1,0.4090909090909091,81.0,0.33513441633122487,0.48311126694717144,1.0,1.0,1.0,0.0891089108910891,0.812981298129813,81.0,739.0
assay_envelope,availability__gnina,trained_oof,1.0,198,909,2,0.6161616161616161,122.0,0.5434699845508717,0.6911856160374596,1.5909090909090908,1.5168887330528285,1.6648655836687751,0.1342134213421342,0.8822882288228823,122.0,802.0
assay_envelope,availability__gnina,trained_oof,1.0,198,909,3,0.7474747474747475,148.0,0.6818181818181818,0.8112244897959183,1.9747474747474747,1.839332868677836,2.1044035153328347,0.1628162816281628,0.922992299229923,148.0,839.0
assay_envelope,availability__gnina,trained_oof,1.0,198,909,4,0.8080808080808081,160.0,0.75,0.8631643132220795,2.227272727272727,2.0408163265306123,2.4127212665170776,0.17601760176017603,0.9427942794279428,160.0,857.0
assay_envelope,availability__gnina,trained_oof,1.0,198,909,5,0.8535353535353535,169.0,0.8020588743093923,0.9020618556701031,2.419191919191919,2.18556198139301,2.64708838309193,0.1859185918591859,0.9614961496149615,169.0,874.0
assay_envelope,availability__gnina,trained_oof,1.0,198,909,6,0.8787878787878788,174.0,0.8299974226804123,0.9230769230769231,2.5656565656565657,2.292612230470131,2.8385416666666665,0.19141914191419143,0.9680968096809681,174.0,880.0
assay_envelope,availability__gnina,trained_oof,1.0,198,909,7,0.9242424242424242,183.0,0.8848167539267016,0.9593908629441624,2.686868686868687,2.3804583683767877,2.9950255102040804,0.20132013201320131,0.9801980198019802,183.0,891.0
assay_envelope,availability__gnina,trained_oof,1.0,198,909,8,0.9545454545454546,189.0,0.9227053140096618,0.9805825242718447,2.7626262626262625,2.436200980392157,3.0950608974358977,0.2079207920792079,0.988998899889989,189.0,899.0
assay_envelope,availability__gnina,trained_oof,1.0,198,909,9,0.9848484848484849,195.0,0.9648196792041013,1.0,2.808080808080808,2.4662703552923757,3.1508509040045585,0.2145214521452145,0.9966996699669967,195.0,906.0
assay_envelope,availability__gnina,trained_oof,1.0,198,909,10,1.0,198.0,1.0,1.0,2.823232323232323,2.47691037735849,3.174365079365079,0.21782178217821782,1.0,198.0,909.0
assay_envelope,plus__gnina,trained_oof,0.125,198,909,1,0.3333333333333333,66.0,0.2626140041188585,0.4093313594867999,1.0,1.0,1.0,0.07260726072607261,0.77007700770077,66.0,700.0
assay_envelope,plus__gnina,trained_oof,0.125,198,909,2,0.4898989898989899,97.0,0.413265306122449,0.5665151592097912,1.6666666666666667,1.5906686405132,1.7373859958811415,0.10671067106710672,0.8448844884488449,97.0,768.0
assay_envelope,plus__gnina,trained_oof,0.125,198,909,3,0.6262626262626263,124.0,0.5440301580975156,0.7000115207373271,2.176767676767677,2.037022569444445,2.314143547255357,0.13641364136413642,0.8833883388338833,124.0,803.0
assay_envelope,plus__gnina,trained_oof,0.125,198,909,4,0.7070707070707071,140.0,0.6336633663366337,0.7745151906916613,2.5505050505050506,2.348700980392157,2.753930993047807,0.15401540154015403,0.9163916391639164,140.0,833.0
assay_envelope,plus__gnina,trained_oof,0.125,198,909,5,0.7727272727272727,153.0,0.7009803921568627,0.8374384236453202,2.8434343434343434,2.5848984034833093,3.1122592883307165,0.16831683168316833,0.9361936193619362,153.0,851.0
assay_envelope,plus__gnina,trained_oof,0.125,198,909,6,0.8434343434343434,167.0,0.7794852941176471,0.899074937810945,3.0707070707070705,2.7664676784419355,3.4000247524752476,0.18371837183718373,0.9559955995599559,167.0,869.0
assay_envelope,plus__gnina,trained_oof,0.125,198,909,7,0.8737373737373737,173.0,0.8124920685279188,0.9263196594427244,3.227272727272727,2.8832487309644677,3.605421785421785,0.19031903190319033,0.966996699669967,173.0,879.0
assay_envelope,plus__gnina,trained_oof,0.125,198,909,8,0.9141414141414141,181.0,0.8704546632124353,0.9538461538461539,3.3535353535353534,2.9751181279531984,3.7684234892787525,0.19911991199119913,0.9801980198019802,181.0,891.0
assay_envelope,plus__gnina,trained_oof,0.125,198,909,9,0.9747474747474747,193.0,0.950974355259345,0.9948453608247423,3.4393939393939394,3.035175879396985,3.8900629518823235,0.21232123212321233,0.9944994499449945,193.0,904.0
assay_envelope,plus__gnina,trained_oof,0.125,198,909,10,1.0,198.0,1.0,1.0,3.4646464646464645,3.0494988538262686,3.9274797396040917,0.21782178217821782,1.0,198.0,909.0
assay_envelope,plus__gnina,trained_oof,0.25,198,909,1,0.29797979797979796,59.0,0.22842639593908629,0.3762537937210806,1.0,1.0,1.0,0.06490649064906491,0.7722772277227723,59.0,702.0
assay_envelope,plus__gnina,trained_oof,0.25,198,909,2,0.48484848484848486,96.0,0.4090909090909091,0.5652283706631531,1.702020202020202,1.6237462062789194,1.7715736040609138,0.10561056105610561,0.8426842684268426,96.0,766.0
assay_envelope,plus__gnina,trained_oof,0.25,198,909,3,0.6212121212121212,123.0,0.5396022334791619,0.6983416499430491,2.217171717171717,2.0789473684210527,2.3476158645276293,0.1353135313531353,0.8877887788778878,123.0,807.0
assay_envelope,plus__gnina,trained_oof,0.25,198,909,4,0.7070707070707071,140.0,0.6299907407407408,0.7743627450980393,2.595959595959596,2.3989410936163793,2.790306457727789,0.15401540154015403,0.9185918591859186,140.0,835.0
assay_envelope,plus__gnina,trained_oof,0.25,198,909,5,0.7878787878787878,156.0,0.7239532976519337,0.8450090206185566,2.888888888888889,2.635896739130435,3.1487499999999997,0.1716171617161716,0.9427942794279428,156.0,857.0
assay_envelope,plus__gnina,trained_oof,0.25,198,909,6,0.8282828282828283,164.0,0.7680412371134021,0.8838383838383839,3.101010101010101,2.7970489130434784,3.4140040322580645,0.18041804180418042,0.9559955995599559,164.0,869.0
assay_envelope,plus__gnina,trained_oof,0.25,198,909,7,0.8838383838383839,175.0,0.8325116901302793,0.9278350515463918,3.272727272727273,2.926433823529411,3.63285813123589,0.1925192519251925,0.9713971397139713,175.0,883.0
assay_envelope,plus__gnina,trained_oof,0.25,198,909,8,0.9191919191919192,182.0,0.875,0.956731418918919,3.388888888888889,3.004874580973298,3.7812006720325066,0.2002200220022002,0.9823982398239824,182.0,893.0
assay_envelope,plus__gnina,trained_oof,0.25,198,909,9,0.9646464646464646,191.0,0.9359572982798134,0.9894193817878029,3.4696969696969697,3.058816355810616,3.893408985016797,0.21012101210121012,0.9922992299229924,191.0,902.0
assay_envelope,plus__gnina,trained_oof,0.25,198,909,10,1.0,198.0,1.0,1.0,3.505050505050505,3.0806290322580656,3.9471684644670053,0.21782178217821782,1.0,198.0,909.0
assay_envelope,plus__gnina,trained_oof,0.5,198,909,1,0.3787878787878788,75.0,0.3020784198113207,0.45321212736783295,1.0,1.0,1.0,0.08250825082508251,0.7964796479647965,75.0,724.0
assay_envelope,plus__gnina,trained_oof,0.5,198,909,2,0.5858585858585859,116.0,0.5083667261399865,0.66,1.621212121212121,1.546787872632167,1.6979215801886793,0.1276127612761276,0.8701870187018702,116.0,791.0
assay_envelope,plus__gnina,trained_oof,0.5,198,909,3,0.7272727272727273,144.0,0.6549955583756345,0.793822013341419,2.0353535353535355,1.9054608208955224,2.173103233830846,0.15841584158415842,0.9152915291529153,144.0,832.0
assay_envelope,plus__gnina,trained_oof,0.5,198,909,4,0.803030303030303,159.0,0.7368356867779203,0.86408787768805,2.308080808080808,2.1237611003368375,2.5,0.17491749174917492,0.9438943894389439,159.0,858.0
assay_envelope,plus__gnina,trained_oof,0.5,198,909,5,0.8383838383838383,166.0,0.7755102040816326,0.8965606114468538,2.505050505050505,2.2757717999638927,2.746119676481739,0.18261826182618263,0.9548954895489549,166.0,868.0
assay_envelope,plus__gnina,trained_oof,0.5,198,909,6,0.8686868686868687,172.0,0.806930693069307,0.9200053191489361,2.6666666666666665,2.388265776699029,2.9521586649762983,0.18921892189218922,0.9680968096809681,172.0,880.0
assay_envelope,plus__gnina,trained_oof,0.5,198,909,7,0.898989898989899,178.0,0.8481643311774972,0.9424083769633508,2.797979797979798,2.4829226240538262,3.1341224840451645,0.19581958195819582,0.9757975797579758,178.0,887.0
assay_envelope,plus__gnina,trained_oof,0.5,198,909,8,0.9141414141414141,181.0,0.8636308203991131,0.9545511649154865,2.898989898989899,2.5485356808437243,3.2792393718274107,0.19911991199119913,0.9812981298129813,181.0,892.0
assay_envelope,plus__gnina,trained_oof,0.5,198,909,9,0.9595959595959596,190.0,0.9191919191919192,0.9897435897435898,2.984848484848485,2.6009848484848486,3.40109627016129,0.20902090209020902,0.9911991199119912,190.0,901.0
assay_envelope,plus__gnina,trained_oof,0.5,198,909,10,1.0,198.0,1.0,1.0,3.025252525252525,2.6189840499306523,3.4641456250888245,0.21782178217821782,1.0,198.0,909.0
assay_envelope,plus__gnina,trained_oof,1.0,198,909,1,0.3787878787878788,75.0,0.3041122415933502,0.45714285714285713,1.0,1.0,1.0,0.08250825082508251,0.8008800880088008,75.0,728.0
assay_envelope,plus__gnina,trained_oof,1.0,198,909,2,0.6414141414141414,127.0,0.5728284278535535,0.7092001956222902,1.621212121212121,1.542857142857143,1.6958877584066496,0.1397139713971397,0.8921892189218922,127.0,811.0
assay_envelope,plus__gnina,trained_oof,1.0,198,909,3,0.7323232323232324,145.0,0.6632096644592835,0.7963127467569091,1.97979797979798,1.8505092618115664,2.110027777777778,0.15951595159515952,0.9196919691969196,145.0,836.0
assay_envelope,plus__gnina,trained_oof,1.0,198,909,4,0.797979797979798,158.0,0.7371066196418883,0.8535483210483209,2.2474747474747474,2.068385784047748,2.4292892735378966,0.17381738173817382,0.9416941694169417,158.0,856.0
assay_envelope,plus__gnina,trained_oof,1.0,198,909,5,0.8484848484848485,168.0,0.7925413419001475,0.9010544851036268,2.4494949494949494,2.2244897959183674,2.680423338451415,0.1848184818481848,0.9581958195819582,168.0,871.0
assay_envelope,plus__gnina,trained_oof,1.0,198,909,6,0.8939393939393939,177.0,0.8432405935347113,0.938469387755102,2.601010101010101,2.3332908163265307,2.875689724377843,0.19471947194719472,0.9702970297029703,177.0,882.0
assay_envelope,plus__gnina,trained_oof,1.0,198,909,7,0.9090909090909091,180.0,0.8649871495327103,0.9484536082474226,2.707070707070707,2.407207651101678,3.015157342657343,0.19801980198019803,0.977997799779978,180.0,889.0
assay_envelope,plus__gnina,trained_oof,1.0,198,909,8,0.9292929292929293,184.0,0.8899875690607735,0.9615384615384616,2.797979797979798,2.4708519417475734,3.136847977832304,0.20242024202420242,0.9845984598459846,184.0,895.0
assay_envelope,plus__gnina,trained_oof,1.0,198,909,9,0.9646464646464646,191.0,0.9359605911330049,0.9892487493531137,2.8686868686868685,2.518325231639965,3.230808080808081,0.21012101210121012,0.9922992299229924,191.0,902.0
assay_envelope,plus__gnina,trained_oof,1.0,198,909,10,1.0,198.0,1.0,1.0,2.904040404040404,2.543557213930347,3.287931818181819,0.21782178217821782,1.0,198.0,909.0
assay_envelope,calibrated__nesso_affinity,trained_oof,0.125,198,909,1,0.3383838383838384,67.0,0.2578830119854091,0.41089108910891087,1.0,1.0,1.0,0.0737073707370737,0.7810781078107811,67.0,710.0
assay_envelope,calibrated__nesso_affinity,trained_oof,0.125,198,909,2,0.47474747474747475,94.0,0.38858546391460685,0.5535782967032967,1.6616161616161615,1.5891089108910892,1.7421169880145908,0.1034103410341034,0.8404840484048405,94.0,764.0
assay_envelope,calibrated__nesso_affinity,trained_oof,0.125,198,909,3,0.6414141414141414,127.0,0.5671603323588245,0.7165876299061648,2.186868686868687,2.0452093387730734,2.3439424603174603,0.1397139713971397,0.8954895489548955,127.0,814.0
assay_envelope,calibrated__nesso_affinity,trained_oof,0.125,198,909,4,0.7222222222222222,143.0,0.6497396514731278,0.7927728219646385,2.5454545454545454,2.341581139821299,2.765021341463415,0.1573157315731573,0.9295929592959296,143.0,845.0
assay_envelope,calibrated__nesso_affinity,trained_oof,0.125,198,909,5,0.8080808080808081,160.0,0.7397844327304381,0.8683025375708302,2.823232323232323,2.5624618902439025,3.1047192408376962,0.17601760176017603,0.9537953795379538,160.0,867.0
assay_envelope,calibrated__nesso_affinity,trained_oof,0.125,198,909,6,0.8787878787878788,174.0,0.8315217391304348,0.9230769230769231,3.015151515151515,2.7076793305891087,3.3436436170212764,0.19141914191419143,0.9713971397139713,174.0,883.0
assay_envelope,calibrated__nesso_affinity,trained_oof,0.125,198,909,7,0.9141414141414141,181.0,0.875,0.9494949494949495,3.1363636363636362,2.798947897004017,3.4928721840111643,0.19911991199119913,0.9812981298129813,181.0,892.0
assay_envelope,calibrated__nesso_affinity,trained_oof,0.125,198,909,8,0.9494949494949495,188.0,0.9175257731958762,0.9759615384615384,3.2222222222222223,2.8681667704441676,3.5990109707446805,0.2068206820682068,0.988998899889989,188.0,899.0
assay_envelope,calibrated__nesso_affinity,trained_oof,0.125,198,909,9,0.9595959595959596,190.0,0.9308510638297872,0.9846153846153847,3.272727272727273,2.9113190752572784,3.6586135747721116,0.20902090209020902,0.9911991199119912,190.0,901.0
assay_envelope,calibrated__nesso_affinity,trained_oof,0.125,198,909,10,1.0,198.0,1.0,1.0,3.313131313131313,2.934631274931358,3.7106630088583654,0.21782178217821782,1.0,198.0,909.0
assay_envelope,calibrated__nesso_affinity,trained_oof,0.25,198,909,1,0.32323232323232326,64.0,0.24508760951188985,0.3990159346885913,1.0,1.0,1.0,0.0704070407040704,0.7799779977997799,64.0,709.0
assay_envelope,calibrated__nesso_affinity,trained_oof,0.25,198,909,2,0.5,99.0,0.4191833254006029,0.5769278606965174,1.6767676767676767,1.6009840653114087,1.75491239048811,0.10891089108910891,0.8536853685368537,99.0,776.0
assay_envelope,calibrated__nesso_affinity,trained_oof,0.25,198,909,3,0.6212121212121212,123.0,0.5435897435897435,0.6927422231735159,2.176767676767677,2.0273702235039655,2.324909163772375,0.1353135313531353,0.8932893289328933,123.0,812.0
assay_envelope,calibrated__nesso_affinity,trained_oof,0.25,198,909,4,0.7474747474747475,148.0,0.6795999688489694,0.8104395086180471,2.5555555555555554,2.3534348337746396,2.7692682926829266,0.1628162816281628,0.9328932893289329,148.0,848.0
assay_envelope,calibrated__nesso_affinity,trained_oof,0.25,198,909,5,0.797979797979798,158.0,0.7346775944420322,0.855722588978186,2.808080808080808,2.5533980582524274,3.0761421319796955,0.17381738173817382,0.9515951595159516,158.0,865.0
assay_envelope,calibrated__nesso_affinity,trained_oof,0.25,198,909,6,0.8737373737373737,173.0,0.820509708737864,0.9230867346938776,3.01010101010101,2.712958037825059,3.328127003205128,0.19031903190319033,0.9691969196919692,173.0,881.0
assay_envelope,calibrated__nesso_affinity,trained_oof,0.25,198,909,7,0.8838383838383839,175.0,0.8316326530612245,0.9329982817869416,3.1363636363636362,2.804091041091912,3.484046752519597,0.1925192519251925,0.9724972497249725,175.0,884.0
assay_envelope,calibrated__nesso_affinity,trained_oof,0.25,198,909,8,0.9242424242424242,183.0,0.8787842012356576,0.9631578947368421,3.2525252525252526,2.8813979572355857,3.635124999999999,0.20132013201320131,0.9823982398239824,183.0,893.0
assay_envelope,calibrated__nesso_affinity,trained_oof,0.25,198,909,9,0.9696969696969697,192.0,0.9333333333333333,0.995049504950495,3.3282828282828283,2.9281865284974087,3.743904842004085,0.21122112211221122,0.9933993399339934,192.0,903.0
assay_envelope,calibrated__nesso_affinity,trained_oof,0.25,198,909,10,1.0,198.0,1.0,1.0,3.3585858585858586,2.9468033464160297,3.7970800369510633,0.21782178217821782,1.0,198.0,909.0
assay_envelope,calibrated__nesso_affinity,trained_oof,0.5,198,909,1,0.3939393939393939,78.0,0.31216210906804964,0.4690721649484536,1.0,1.0,1.0,0.0858085808580858,0.7920792079207921,78.0,720.0
assay_envelope,calibrated__nesso_affinity,trained_oof,0.5,198,909,2,0.5707070707070707,113.0,0.48979328844940034,0.6439043544885711,1.606060606060606,1.5309278350515463,1.6878378909319505,0.12431243124312431,0.8613861386138614,113.0,783.0
assay_envelope,calibrated__nesso_affinity,trained_oof,0.5,198,909,3,0.6464646464646465,128.0,0.5693050266565117,0.7171743614151991,2.0353535353535355,1.893719806763285,2.1871998152709358,0.1408140814081408,0.8976897689768977,128.0,816.0
assay_envelope,calibrated__nesso_affinity,trained_oof,0.5,198,909,4,0.7373737373737373,146.0,0.6681853582554518,0.8040415492094619,2.388888888888889,2.187816663091919,2.612333512352309,0.16061606160616063,0.9306930693069307,146.0,846.0
assay_envelope,calibrated__nesso_affinity,trained_oof,0.5,198,909,5,0.8080808080808081,160.0,0.7486631423778782,0.862750074649149,2.6515151515151514,2.395818452380952,2.930369975519229,0.17601760176017603,0.9526952695269527,160.0,866.0
assay_envelope,calibrated__nesso_affinity,trained_oof,0.5,198,909,6,0.8838383838383839,175.0,0.8333333333333334,0.9289429831308004,2.8434343434343434,2.5476101634683723,3.1595851063829787,0.1925192519251925,0.9713971397139713,175.0,883.0
assay_envelope,calibrated__nesso_affinity,trained_oof,0.5,198,909,7,0.9141414141414141,181.0,0.8673469387755102,0.9545511649154865,2.95959595959596,2.6363399621212125,3.3076923076923075,0.19911991199119913,0.9790979097909791,181.0,890.0
assay_envelope,calibrated__nesso_affinity,trained_oof,0.5,198,909,8,0.9292929292929293,184.0,0.8872530165912519,0.96875,3.0454545454545454,2.701531413612565,3.4205527638190953,0.20242024202420242,0.9834983498349835,184.0,894.0
assay_envelope,calibrated__nesso_affinity,trained_oof,0.5,198,909,9,0.9646464646464646,191.0,0.9278350515463918,0.9947089947089947,3.1161616161616164,2.7498774509803923,3.517375671460752,0.21012101210121012,0.9922992299229924,191.0,902.0
assay_envelope,calibrated__nesso_affinity,trained_oof,0.5,198,909,10,1.0,198.0,1.0,1.0,3.1515151515151514,2.7628800895553463,3.585133895818048,0.21782178217821782,1.0,198.0,909.0
assay_envelope,calibrated__nesso_affinity,trained_oof,1.0,198,909,1,0.3838383838383838,76.0,0.30050518134715026,0.46234797174277165,1.0,1.0,1.0,0.08360836083608361,0.7887788778877888,76.0,717.0
assay_envelope,calibrated__nesso_affinity,trained_oof,1.0,198,909,2,0.5505050505050505,109.0,0.4673899388245576,0.6255936322760968,1.6161616161616161,1.5376520282572281,1.6994948186528498,0.11991199119911991,0.8624862486248625,109.0,784.0
assay_envelope,calibrated__nesso_affinity,trained_oof,1.0,198,909,3,0.6515151515151515,129.0,0.572814394457359,0.7211615296803653,2.0656565656565657,1.917524522069863,2.217864042501811,0.1419141914191419,0.9042904290429042,129.0,822.0
assay_envelope,calibrated__nesso_affinity,trained_oof,1.0,198,909,4,0.7323232323232324,145.0,0.6598903769305541,0.7970297029702971,2.414141414141414,2.2053922214897823,2.636387187941592,0.15951595159515952,0.9306930693069307,145.0,846.0
assay_envelope,calibrated__nesso_affinity,trained_oof,1.0,198,909,5,0.8080808080808081,160.0,0.7450955882352941,0.8648682432432433,2.6818181818181817,2.422110552763819,2.9631906224953246,0.17601760176017603,0.9504950495049505,160.0,864.0
assay_envelope,calibrated__nesso_affinity,trained_oof,1.0,198,909,6,0.8686868686868687,172.0,0.815375,0.9170738026033111,2.8737373737373737,2.576343718567044,3.2020206847535717,0.18921892189218922,0.966996699669967,172.0,879.0
assay_envelope,calibrated__nesso_affinity,trained_oof,1.0,198,909,7,0.898989898989899,178.0,0.8499811557788944,0.9408939437844103,3.005050505050505,2.6756989813839125,3.3756754707443446,0.19581958195819582,0.9746974697469747,178.0,886.0
assay_envelope,calibrated__nesso_affinity,trained_oof,1.0,198,909,8,0.9343434343434344,185.0,0.8916227112185148,0.9717226002680688,3.106060606060606,2.747542031730996,3.5104194078947373,0.20352035203520352,0.9845984598459846,185.0,895.0
assay_envelope,calibrated__nesso_affinity,trained_oof,1.0,198,909,9,0.9747474747474747,193.0,0.9479092261904761,0.9951219512195122,3.1717171717171717,2.789886330515884,3.5939321567357503,0.21232123212321233,0.9944994499449945,193.0,904.0
assay_envelope,calibrated__nesso_affinity,trained_oof,1.0,198,909,10,1.0,198.0,1.0,1.0,3.196969696969697,2.808114201142699,3.6413165152498377,0.21782178217821782,1.0,198.0,909.0
assay_envelope,availability__nesso_affinity,trained_oof,0.125,198,909,1,0.23232323232323232,46.0,0.17435897435897435,0.2929377913752913,1.0,1.0,1.0,0.050605060506050605,0.7370737073707371,46.0,670.0
assay_envelope,availability__nesso_affinity,trained_oof,0.125,198,909,2,0.5,99.0,0.418848167539267,0.5779029953690018,1.7676767676767677,1.7070622086247087,1.8256410256410256,0.10891089108910891,0.8426842684268426,99.0,766.0
assay_envelope,availability__nesso_affinity,trained_oof,0.125,198,909,3,0.6313131313131313,125.0,0.5510204081632653,0.7091880717804362,2.2676767676767677,2.1487179487179486,2.3886228524679574,0.13751375137513752,0.8877887788778878,125.0,807.0
assay_envelope,availability__nesso_affinity,trained_oof,0.125,198,909,4,0.7070707070707071,140.0,0.6308108341986847,0.7777777777777778,2.6363636363636362,2.4507577720207254,2.8283204384268212,0.15401540154015403,0.9163916391639164,140.0,833.0
assay_envelope,availability__nesso_affinity,trained_oof,0.125,198,909,5,0.7575757575757576,150.0,0.6862719023779724,0.8205223880597015,2.9292929292929295,2.6797981730355347,3.1912600988312807,0.16501650165016502,0.935093509350935,150.0,850.0
assay_envelope,availability__nesso_affinity,trained_oof,0.125,198,909,6,0.8232323232323232,163.0,0.7653061224489796,0.8780487804878049,3.1717171717171717,2.87117982734234,3.492507081358498,0.1793179317931793,0.9526952695269527,163.0,866.0
assay_envelope,availability__nesso_affinity,trained_oof,0.125,198,909,7,0.9090909090909091,180.0,0.8659620212595481,0.9458194484690428,3.3484848484848486,3.0100935828877007,3.7049873896595207,0.19801980198019803,0.9757975797579758,180.0,887.0
assay_envelope,availability__nesso_affinity,trained_oof,0.125,198,909,8,0.9444444444444444,187.0,0.9095623791102514,0.9747506471752703,3.4393939393939394,3.083315217391304,3.828186902322404,0.20572057205720573,0.9867986798679867,187.0,897.0
assay_envelope,availability__nesso_affinity,trained_oof,0.125,198,909,9,0.9747474747474747,193.0,0.9502487562189055,0.9949748743718593,3.494949494949495,3.1310055478502083,3.8925706167474505,0.21232123212321233,0.9944994499449945,193.0,904.0
assay_envelope,availability__nesso_affinity,trained_oof,0.125,198,909,10,1.0,198.0,1.0,1.0,3.5202020202020203,3.1470553387231672,3.925580145518685,0.21782178217821782,1.0,198.0,909.0
assay_envelope,availability__nesso_affinity,trained_oof,0.25,198,909,1,0.24242424242424243,48.0,0.1746031746031746,0.31157427408535887,1.0,1.0,1.0,0.052805280528052806,0.7546754675467546,48.0,686.0
assay_envelope,availability__nesso_affinity,trained_oof,0.25,198,909,2,0.47474747474747475,94.0,0.3928475422427035,0.5520940353881278,1.7575757575757576,1.6884257259146411,1.8253968253968254,0.1034103410341034,0.8437843784378438,94.0,767.0
assay_envelope,availability__nesso_affinity,trained_oof,0.25,198,909,3,0.5959595959595959,118.0,0.5148217280744468,0.6730792682926829,2.282828282828283,2.1554294041450777,2.4133086734693876,0.12981298129812982,0.8877887788778878,118.0,807.0
assay_envelope,availability__nesso_affinity,trained_oof,0.25,198,909,4,0.696969696969697,138.0,0.625,0.7641176470588233,2.686868686868687,2.4999434389140274,2.890667067307692,0.15181518151815182,0.9141914191419142,138.0,831.0
assay_envelope,availability__nesso_affinity,trained_oof,0.25,198,909,5,0.7727272727272727,153.0,0.7091738618524333,0.8357525083612041,2.98989898989899,2.751123271889401,3.2473790322580642,0.16831683168316833,0.935093509350935,153.0,850.0
assay_envelope,availability__nesso_affinity,trained_oof,0.25,198,909,6,0.8434343434343434,167.0,0.7872314093111439,0.8963775236733964,3.217171717171717,2.927461139896373,3.52482810781078,0.18371837183718373,0.9592959295929593,167.0,872.0
assay_envelope,availability__nesso_affinity,trained_oof,0.25,198,909,7,0.8888888888888888,176.0,0.8410051546391752,0.9310390439700784,3.3737373737373737,3.046389366170294,3.7258878913078015,0.1936193619361936,0.9735973597359736,176.0,885.0
assay_envelope,availability__nesso_affinity,trained_oof,0.25,198,909,8,0.9292929292929293,184.0,0.8888888888888888,0.9644714915654001,3.484848484848485,3.126829268292683,3.871287128712871,0.20242024202420242,0.9834983498349835,184.0,894.0
assay_envelope,availability__nesso_affinity,trained_oof,0.25,198,909,9,0.9646464646464646,191.0,0.9368356867779204,0.9891920797803151,3.5555555555555554,3.180487804878049,3.970304309842749,0.21012101210121012,0.9922992299229924,191.0,902.0
assay_envelope,availability__nesso_affinity,trained_oof,0.25,198,909,10,1.0,198.0,1.0,1.0,3.590909090909091,3.207727488714659,4.014858985898591,0.21782178217821782,1.0,198.0,909.0
assay_envelope,availability__nesso_affinity,trained_oof,0.5,198,909,1,0.35353535353535354,70.0,0.2798159195702809,0.42718446601941745,1.0,1.0,1.0,0.07700770077007701,0.7854785478547854,70.0,714.0
assay_envelope,availability__nesso_affinity,trained_oof,0.5,198,909,2,0.5808080808080808,115.0,0.5052069909793815,0.6521960958296361,1.6464646464646464,1.5728155339805825,1.720184080429719,0.1265126512651265,0.8657865786578658,115.0,787.0
assay_envelope,availability__nesso_affinity,trained_oof,0.5,198,909,3,0.6868686868686869,136.0,0.6165784244680316,0.7548150510204081,2.0656565656565657,1.9368337510442775,2.1980437967266115,0.1496149614961496,0.900990099009901,136.0,819.0
assay_envelope,availability__nesso_affinity,trained_oof,0.5,198,909,4,0.7525252525252525,149.0,0.68447812474024,0.8150096153846152,2.378787878787879,2.1990944989106755,2.5707422785547784,0.1639163916391639,0.922992299229923,149.0,839.0
assay_envelope,availability__nesso_affinity,trained_oof,0.5,198,909,5,0.8080808080808081,160.0,0.747226250906454,0.8636473962930273,2.6262626262626263,2.390470383275262,2.877058235881765,0.17601760176017603,0.9460946094609461,160.0,860.0
assay_envelope,availability__nesso_affinity,trained_oof,0.5,198,909,6,0.8787878787878788,174.0,0.8272201782934767,0.9250093283582089,2.8181818181818183,2.538850139497808,3.1150350529100526,0.19141914191419143,0.9680968096809681,174.0,880.0
assay_envelope,availability__nesso_affinity,trained_oof,0.5,198,909,7,0.9141414141414141,181.0,0.8704663212435233,0.9521531100478469,2.9393939393939394,2.633289473684211,3.2746281364615473,0.19911991199119913,0.9790979097909791,181.0,890.0
assay_envelope,availability__nesso_affinity,trained_oof,0.5,198,909,8,0.9444444444444444,187.0,0.9077651232262883,0.9757281553398058,3.025252525252525,2.6947329530723354,3.3903922009848046,0.20572057205720573,0.9878987898789879,187.0,898.0
assay_envelope,availability__nesso_affinity,trained_oof,0.5,198,909,9,0.98989898989899,196.0,0.973404255319149,1.0,3.080808080808081,2.731992695837089,3.470304309842749,0.2156215621562156,0.9977997799779978,196.0,907.0
assay_envelope,availability__nesso_affinity,trained_oof,0.5,198,909,10,1.0,198.0,1.0,1.0,3.090909090909091,2.736799431009957,3.4845773765449675,0.21782178217821782,1.0,198.0,909.0
assay_envelope,availability__nesso_affinity,trained_oof,1.0,198,909,1,0.4090909090909091,81.0,0.33513441633122487,0.48311126694717144,1.0,1.0,1.0,0.0891089108910891,0.812981298129813,81.0,739.0
assay_envelope,availability__nesso_affinity,trained_oof,1.0,198,909,2,0.6161616161616161,122.0,0.5434699845508717,0.6911856160374596,1.5909090909090908,1.5168887330528285,1.6648655836687751,0.1342134213421342,0.8822882288228823,122.0,802.0
assay_envelope,availability__nesso_affinity,trained_oof,1.0,198,909,3,0.7474747474747475,148.0,0.6818181818181818,0.8112244897959183,1.9747474747474747,1.839332868677836,2.1044035153328347,0.1628162816281628,0.922992299229923,148.0,839.0
assay_envelope,availability__nesso_affinity,trained_oof,1.0,198,909,4,0.8080808080808081,160.0,0.75,0.8631643132220795,2.227272727272727,2.0408163265306123,2.4127212665170776,0.17601760176017603,0.9427942794279428,160.0,857.0
assay_envelope,availability__nesso_affinity,trained_oof,1.0,198,909,5,0.8535353535353535,169.0,0.8020588743093923,0.9020618556701031,2.419191919191919,2.18556198139301,2.64708838309193,0.1859185918591859,0.9614961496149615,169.0,874.0
assay_envelope,availability__nesso_affinity,trained_oof,1.0,198,909,6,0.8787878787878788,174.0,0.8299974226804123,0.9230769230769231,2.5656565656565657,2.292612230470131,2.8385416666666665,0.19141914191419143,0.9680968096809681,174.0,880.0
assay_envelope,availability__nesso_affinity,trained_oof,1.0,198,909,7,0.9242424242424242,183.0,0.8848167539267016,0.9593908629441624,2.686868686868687,2.3804583683767877,2.9950255102040804,0.20132013201320131,0.9801980198019802,183.0,891.0
assay_envelope,availability__nesso_affinity,trained_oof,1.0,198,909,8,0.9545454545454546,189.0,0.9227053140096618,0.9805825242718447,2.7626262626262625,2.436200980392157,3.0950608974358977,0.2079207920792079,0.988998899889989,189.0,899.0
assay_envelope,availability__nesso_affinity,trained_oof,1.0,198,909,9,0.9848484848484849,195.0,0.9648196792041013,1.0,2.808080808080808,2.4662703552923757,3.1508509040045585,0.2145214521452145,0.9966996699669967,195.0,906.0
assay_envelope,availability__nesso_affinity,trained_oof,1.0,198,909,10,1.0,198.0,1.0,1.0,2.823232323232323,2.47691037735849,3.174365079365079,0.21782178217821782,1.0,198.0,909.0
assay_envelope,plus__nesso_affinity,trained_oof,0.125,198,909,1,0.3484848484848485,69.0,0.27126551418439715,0.42082711257091665,1.0,1.0,1.0,0.07590759075907591,0.7832783278327833,69.0,712.0
assay_envelope,plus__nesso_affinity,trained_oof,0.125,198,909,2,0.5606060606060606,111.0,0.47937607388316156,0.6363636363636364,1.6515151515151516,1.5791728874290833,1.7287344858156029,0.12211221122112212,0.8591859185918592,111.0,781.0
assay_envelope,plus__nesso_affinity,trained_oof,0.125,198,909,3,0.6666666666666666,132.0,0.591127407075683,0.7384615384615385,2.090909090909091,1.9531176297169812,2.2359701582699043,0.14521452145214522,0.8943894389438944,132.0,813.0
assay_envelope,plus__nesso_affinity,trained_oof,0.125,198,909,4,0.7373737373737373,146.0,0.6666666666666666,0.8038300966319541,2.4242424242424243,2.2256338028169016,2.632657990732525,0.16061606160616063,0.9273927392739274,146.0,843.0
assay_envelope,plus__nesso_affinity,trained_oof,0.125,198,909,5,0.8181818181818182,162.0,0.7552056760204082,0.8756795536070145,2.686868686868687,2.4337699477474937,2.955240342405619,0.1782178217821782,0.9559955995599559,162.0,869.0
assay_envelope,plus__nesso_affinity,trained_oof,0.125,198,909,6,0.8737373737373737,173.0,0.826530612244898,0.9183701197870453,2.8686868686868685,2.567694729477612,3.18462962962963,0.19031903190319033,0.9702970297029703,173.0,882.0
assay_envelope,plus__nesso_affinity,trained_oof,0.125,198,909,7,0.9292929292929293,184.0,0.8910796407509604,0.9611743838685586,2.994949494949495,2.663309755298231,3.3385106382978726,0.20242024202420242,0.9834983498349835,184.0,894.0
assay_envelope,plus__nesso_affinity,trained_oof,0.125,198,909,8,0.9444444444444444,187.0,0.9108910891089109,0.9739583333333334,3.0656565656565657,2.721887132901941,3.437258919961426,0.20572057205720573,0.9878987898789879,187.0,898.0
assay_envelope,plus__nesso_affinity,trained_oof,0.125,198,909,9,0.9747474747474747,193.0,0.9507328195873774,0.9948979591836735,3.121212121212121,2.7684553965400505,3.5027734314882255,0.21232123212321233,0.9944994499449945,193.0,904.0
assay_envelope,plus__nesso_affinity,trained_oof,0.125,198,909,10,1.0,198.0,1.0,1.0,3.1464646464646466,2.785705574912893,3.5415297704447632,0.21782178217821782,1.0,198.0,909.0
assay_envelope,plus__nesso_affinity,trained_oof,0.25,198,909,1,0.40404040404040403,80.0,0.328125,0.48097045624532525,1.0,1.0,1.0,0.08800880088008801,0.8030803080308031,80.0,730.0
assay_envelope,plus__nesso_affinity,trained_oof,0.25,198,909,2,0.601010101010101,119.0,0.5230541871921183,0.671796875,1.595959595959596,1.5190295437546746,1.671875,0.13091309130913092,0.8701870187018702,119.0,791.0
assay_envelope,plus__nesso_affinity,trained_oof,0.25,198,909,3,0.6919191919191919,137.0,0.6213515585079202,0.7589743589743589,1.994949494949495,1.8556514075102826,2.1406447285353534,0.15071507150715072,0.900990099009901,137.0,819.0
assay_envelope,plus__nesso_affinity,trained_oof,0.25,198,909,4,0.7575757575757576,150.0,0.6974358974358974,0.817260103475205,2.303030303030303,2.1044776119402986,2.502372615595011,0.16501650165016502,0.9295929592959296,150.0,845.0
assay_envelope,plus__nesso_affinity,trained_oof,0.25,198,909,5,0.8131313131313131,161.0,0.7538461538461538,0.8695708786231884,2.5454545454545454,2.3004682182718166,2.798941798941799,0.1771177117711771,0.9504950495049505,161.0,864.0
assay_envelope,plus__nesso_affinity,trained_oof,0.25,198,909,6,0.8838383838383839,175.0,0.8348872902247084,0.9296570351758794,2.7323232323232323,2.440978835978836,3.026610198889917,0.1925192519251925,0.9680968096809681,175.0,880.0
assay_envelope,plus__nesso_affinity,trained_oof,0.25,198,909,7,0.9141414141414141,181.0,0.872546518607443,0.9533738849420436,2.8484848484848486,2.5226130653266337,3.1761815475338504,0.19911991199119913,0.9801980198019802,181.0,891.0
assay_envelope,plus__nesso_affinity,trained_oof,0.25,198,909,8,0.9292929292929293,184.0,0.8877551020408163,0.9644714915654001,2.9343434343434343,2.5877934448361213,3.2910165908909628,0.20242024202420242,0.9834983498349835,184.0,894.0
assay_envelope,plus__nesso_affinity,trained_oof,0.25,198,909,9,0.9747474747474747,193.0,0.9471153846153846,0.995049504950495,3.005050505050505,2.6327982162764783,3.394246794871795,0.21232123212321233,0.9944994499449945,193.0,904.0
assay_envelope,plus__nesso_affinity,trained_oof,0.25,198,909,10,1.0,198.0,1.0,1.0,3.0303030303030303,2.648996074879227,3.4326997422680408,0.21782178217821782,1.0,198.0,909.0
assay_envelope,plus__nesso_affinity,trained_oof,0.5,198,909,1,0.5050505050505051,100.0,0.4292508710801394,0.5792277227722771,1.0,1.0,1.0,0.11001100110011001,0.8294829482948295,100.0,754.0
assay_envelope,plus__nesso_affinity,trained_oof,0.5,198,909,2,0.6616161616161617,131.0,0.5860174323884002,0.7311868078960039,1.494949494949495,1.4207722772277227,1.5707491289198605,0.14411441144114412,0.8855885588558856,131.0,805.0
assay_envelope,plus__nesso_affinity,trained_oof,0.5,198,909,3,0.7424242424242424,147.0,0.6732673267326733,0.8041264386625212,1.8333333333333333,1.6989924224484965,1.9793840867036745,0.1617161716171617,0.9207920792079208,147.0,837.0
assay_envelope,plus__nesso_affinity,trained_oof,0.5,198,909,4,0.797979797979798,158.0,0.7343653786945813,0.8601036269430051,2.090909090909091,1.9024390243902438,2.292338308457711,0.17381738173817382,0.9427942794279428,158.0,857.0
assay_envelope,plus__nesso_affinity,trained_oof,0.5,198,909,5,0.8686868686868687,172.0,0.8159203980099502,0.917107877659842,2.292929292929293,2.0612090290661724,2.5515875191928057,0.18921892189218922,0.9625962596259626,172.0,875.0
assay_envelope,plus__nesso_affinity,trained_oof,0.5,198,909,6,0.898989898989899,178.0,0.8512820512820513,0.9424127608407024,2.4242424242424243,2.1507470605454455,2.717310373858823,0.19581958195819582,0.9746974697469747,178.0,886.0
assay_envelope,plus__nesso_affinity,trained_oof,0.5,198,909,7,0.9191919191919192,182.0,0.8749854651162791,0.9589795918367346,2.525252525252525,2.2188515550327184,2.85487799834574,0.2002200220022002,0.9812981298129813,182.0,892.0
assay_envelope,plus__nesso_affinity,trained_oof,0.5,198,909,8,0.9393939393939394,186.0,0.8963693909473066,0.9744897959183674,2.606060606060606,2.271346263336386,2.9719986577848476,0.20462046204620463,0.9856985698569857,186.0,896.0
assay_envelope,plus__nesso_affinity,trained_oof,0.5,198,909,9,0.9848484848484849,195.0,0.9601940298507462,1.0,2.6666666666666665,2.30990306122449,3.0606998199819975,0.2145214521452145,0.9966996699669967,195.0,906.0
assay_envelope,plus__nesso_affinity,trained_oof,0.5,198,909,10,1.0,198.0,1.0,1.0,2.6818181818181817,2.3118647706607396,3.0896548027444246,0.21782178217821782,1.0,198.0,909.0
assay_envelope,plus__nesso_affinity,trained_oof,1.0,198,909,1,0.494949494949495,98.0,0.4135897116263608,0.5707322825586746,1.0,1.0,1.0,0.1078107810781078,0.8261826182618262,98.0,751.0
assay_envelope,plus__nesso_affinity,trained_oof,1.0,198,909,2,0.6818181818181818,135.0,0.6102500000000001,0.7475728155339806,1.505050505050505,1.4292677174413253,1.586410288373639,0.1485148514851485,0.8954895489548955,135.0,814.0
assay_envelope,plus__nesso_affinity,trained_oof,1.0,198,909,3,0.7626262626262627,151.0,0.6985627900266884,0.8216256355365267,1.8232323232323233,1.6926829268292685,1.967922926746456,0.16611661166116612,0.9251925192519251,151.0,841.0
assay_envelope,plus__nesso_affinity,trained_oof,1.0,198,909,4,0.7929292929292929,157.0,0.7340338806660499,0.8512820512820513,2.0606060606060606,1.8756430802661959,2.2577607410120883,0.17271727172717272,0.9438943894389439,157.0,858.0
assay_envelope,plus__nesso_affinity,trained_oof,1.0,198,909,5,0.8282828282828283,164.0,0.7729413702239789,0.8808290155440415,2.2676767676767677,2.034632539340891,2.513257402319902,0.18041804180418042,0.9548954895489549,164.0,868.0
assay_envelope,plus__nesso_affinity,trained_oof,1.0,198,909,6,0.8888888888888888,176.0,0.8383838383838383,0.9354957889718734,2.4393939393939394,2.1606010629774057,2.728239795918367,0.1936193619361936,0.9724972497249725,176.0,884.0
assay_envelope,plus__nesso_affinity,trained_oof,1.0,198,909,7,0.9242424242424242,183.0,0.8814369194651424,0.9641025641025641,2.5505050505050506,2.2425047989492826,2.8769543147208125,0.20132013201320131,0.9823982398239824,183.0,893.0
assay_envelope,plus__nesso_affinity,trained_oof,1.0,198,909,8,0.9444444444444444,187.0,0.910881969775925,0.975609756097561,2.6262626262626263,2.28705833818676,2.983436553199073,0.20572057205720573,0.9867986798679867,187.0,897.0
assay_envelope,plus__nesso_affinity,trained_oof,1.0,198,909,9,0.9696969696969697,192.0,0.9428503075871497,0.9945084485407066,2.6818181818181817,2.3195636244188393,3.061987577639751,0.21122112211221122,0.9933993399339934,192.0,903.0
assay_envelope,plus__nesso_affinity,trained_oof,1.0,198,909,10,1.0,198.0,1.0,1.0,2.712121212121212,2.3397630605640307,3.108698468123452,0.21782178217821782,1.0,198.0,909.0
assay_envelope,calibrated__nesso_binary,trained_oof,0.125,198,909,1,0.2878787878787879,57.0,0.21826280343770416,0.364649861878453,1.0,1.0,1.0,0.0627062706270627,0.7634763476347635,57.0,694.0
assay_envelope,calibrated__nesso_binary,trained_oof,0.125,198,909,2,0.45454545454545453,90.0,0.37988304006213963,0.5353668261562998,1.7121212121212122,1.635350138121547,1.7817371965622957,0.09900990099009901,0.8393839383938394,90.0,763.0
assay_envelope,calibrated__nesso_binary,trained_oof,0.125,198,909,3,0.5707070707070707,113.0,0.5,0.6485390936000816,2.257575757575758,2.1151744783185955,2.392857142857143,0.12431243124312431,0.8844884488448845,113.0,804.0
assay_envelope,calibrated__nesso_binary,trained_oof,0.125,198,909,4,0.702020202020202,139.0,0.6318407960199005,0.7729530853130135,2.686868686868687,2.4805679611650486,2.881217239370996,0.15291529152915292,0.9218921892189219,139.0,838.0
assay_envelope,calibrated__nesso_binary,trained_oof,0.125,198,909,5,0.7676767676767676,152.0,0.7010296644430968,0.8324873096446701,2.984848484848485,2.7216285519912082,3.2233154615273145,0.16721672167216722,0.9383938393839384,152.0,853.0
assay_envelope,calibrated__nesso_binary,trained_oof,0.125,198,909,6,0.803030303030303,159.0,0.738904888215233,0.8640776699029126,3.217171717171717,2.9004742393201304,3.50802577364776,0.17491749174917492,0.9504950495049505,159.0,864.0
assay_envelope,calibrated__nesso_binary,trained_oof,0.125,198,909,7,0.8535353535353535,169.0,0.8,0.9056673827760134,3.414141414141414,3.0478045638571953,3.7576408885232415,0.1859185918591859,0.9658965896589659,169.0,878.0
assay_envelope,calibrated__nesso_binary,trained_oof,0.125,198,909,8,0.9040404040404041,179.0,0.8571428571428571,0.9473753100027555,3.5606060606060606,3.1494511263841156,3.9400839188134262,0.19691969196919692,0.9790979097909791,179.0,890.0
assay_envelope,calibrated__nesso_binary,trained_oof,0.125,198,909,9,0.9393939393939394,186.0,0.9043062200956937,0.9700037313432835,3.6565656565656566,3.2102499999999994,4.07219009303495,0.20462046204620463,0.9867986798679867,186.0,897.0
assay_envelope,calibrated__nesso_binary,trained_oof,0.125,198,909,10,1.0,198.0,1.0,1.0,3.717171717171717,3.2604062500000004,4.1479730753687605,0.21782178217821782,1.0,198.0,909.0
assay_envelope,calibrated__nesso_binary,trained_oof,0.25,198,909,1,0.31313131313131315,62.0,0.24489795918367346,0.384642857142857,1.0,1.0,1.0,0.06820682068206821,0.77007700770077,62.0,700.0
assay_envelope,calibrated__nesso_binary,trained_oof,0.25,198,909,2,0.4898989898989899,97.0,0.4137885899981946,0.5693908524978134,1.6868686868686869,1.615357142857143,1.7551020408163265,0.10671067106710672,0.8503850385038504,97.0,773.0
assay_envelope,calibrated__nesso_binary,trained_oof,0.25,198,909,3,0.5959595959595959,118.0,0.5179441624365483,0.670246662494785,2.196969696969697,2.0561147365923116,2.331580290010741,0.12981298129812982,0.8932893289328933,118.0,812.0
assay_envelope,calibrated__nesso_binary,trained_oof,0.25,198,909,4,0.6818181818181818,135.0,0.6091314017188522,0.7525279106858054,2.601010101010101,2.3971274275260344,2.7968769828680204,0.1485148514851485,0.9174917491749175,135.0,834.0
assay_envelope,calibrated__nesso_binary,trained_oof,0.25,198,909,5,0.7424242424242424,147.0,0.674993932038835,0.8109595999062279,2.919191919191919,2.660090904474125,3.1800454545454544,0.1617161716171617,0.933993399339934,147.0,849.0
assay_envelope,calibrated__nesso_binary,trained_oof,0.25,198,909,6,0.803030303030303,159.0,0.7475247524752475,0.8600116279069767,3.176767676767677,2.8676142981945256,3.48989898989899,0.17491749174917492,0.9526952695269527,159.0,866.0
assay_envelope,calibrated__nesso_binary,trained_oof,0.25,198,909,7,0.8888888888888888,176.0,0.8415763004871916,0.9322935537439613,3.3737373737373737,3.020289565152159,3.726865058324496,0.1936193619361936,0.9746974697469747,176.0,886.0
assay_envelope,calibrated__nesso_binary,trained_oof,0.25,198,909,8,0.9242424242424242,183.0,0.8862529914128854,0.9613619027806671,3.484848484848485,3.1029317496229267,3.864669257614213,0.20132013201320131,0.9834983498349835,183.0,894.0
assay_envelope,calibrated__nesso_binary,trained_oof,0.25,198,909,9,0.9747474747474747,193.0,0.9473684210526315,0.995,3.5606060606060606,3.1567873303167415,3.9583493589743597,0.21232123212321233,0.9944994499449945,193.0,904.0
assay_envelope,calibrated__nesso_binary,trained_oof,0.25,198,909,10,1.0,198.0,1.0,1.0,3.585858585858586,3.1715101809954755,3.989850266561233,0.21782178217821782,1.0,198.0,909.0
assay_envelope,calibrated__nesso_binary,trained_oof,0.5,198,909,1,0.3787878787878788,75.0,0.3020833333333333,0.45320197044334976,1.0,1.0,1.0,0.08250825082508251,0.7865786578657866,75.0,715.0
assay_envelope,calibrated__nesso_binary,trained_oof,0.5,198,909,2,0.5303030303030303,105.0,0.452236825151398,0.605137614678899,1.621212121212121,1.5467980295566504,1.6979166666666667,0.11551155115511551,0.8558855885588559,105.0,778.0
assay_envelope,calibrated__nesso_binary,trained_oof,0.5,198,909,3,0.6414141414141414,127.0,0.5668363583677986,0.7150424159301025,2.090909090909091,1.9514322791502452,2.2381014063656552,0.1397139713971397,0.9031903190319032,127.0,821.0
assay_envelope,calibrated__nesso_binary,trained_oof,0.5,198,909,4,0.7373737373737373,146.0,0.6682755775577558,0.8040226907734549,2.4494949494949494,2.2462996157119646,2.6585395168855537,0.16061606160616063,0.9306930693069307,146.0,846.0
assay_envelope,calibrated__nesso_binary,trained_oof,0.5,198,909,5,0.8232323232323232,163.0,0.7663009679861561,0.8774659253945479,2.712121212121212,2.461131006806868,2.969853015075377,0.1793179317931793,0.9537953795379538,163.0,867.0
assay_envelope,calibrated__nesso_binary,trained_oof,0.5,198,909,6,0.8484848484848485,168.0,0.7949967948717949,0.8990011850347045,2.888888888888889,2.5988593749999995,3.191318341773238,0.1848184818481848,0.9636963696369637,168.0,876.0
assay_envelope,calibrated__nesso_binary,trained_oof,0.5,198,909,7,0.9040404040404041,179.0,0.8601036269430051,0.9447243121685777,3.04040404040404,2.7119388574983154,3.380447722567288,0.19691969196919692,0.976897689768977,179.0,888.0
assay_envelope,calibrated__nesso_binary,trained_oof,0.5,198,909,8,0.9494949494949495,188.0,0.9142821067821068,0.9798005177402161,3.1363636363636362,2.7829888507718694,3.4947368421052634,0.2068206820682068,0.988998899889989,188.0,899.0
assay_envelope,calibrated__nesso_binary,trained_oof,0.5,198,909,9,0.9696969696969697,192.0,0.9411764705882353,0.9946808510638298,3.186868686868687,2.812168027661296,3.562220622774453,0.21122112211221122,0.9933993399339934,192.0,903.0
assay_envelope,calibrated__nesso_binary,trained_oof,0.5,198,909,10,1.0,198.0,1.0,1.0,3.217171717171717,2.8340656297867324,3.6065675719761843,0.21782178217821782,1.0,198.0,909.0
assay_envelope,calibrated__nesso_binary,trained_oof,1.0,198,909,1,0.3888888888888889,77.0,0.31154086494649413,0.4659698571646419,1.0,1.0,1.0,0.0847084708470847,0.8052805280528053,77.0,732.0
assay_envelope,calibrated__nesso_binary,trained_oof,1.0,198,909,2,0.5505050505050505,109.0,0.4699986338797814,0.628574964639321,1.6111111111111112,1.5340301428353582,1.6884591350535059,0.11991199119911991,0.8668866886688669,109.0,788.0
assay_envelope,calibrated__nesso_binary,trained_oof,1.0,198,909,3,0.6616161616161617,131.0,0.5927737001344688,0.7343014039855073,2.0606060606060606,1.9108800059110387,2.207308140954344,0.14411441144114412,0.9042904290429042,131.0,822.0
assay_envelope,calibrated__nesso_binary,trained_oof,1.0,198,909,4,0.7272727272727273,144.0,0.6598958605892511,0.7920792079207921,2.398989898989899,2.1932134894091417,2.605006578947368,0.15841584158415842,0.9251925192519251,144.0,841.0
assay_envelope,calibrated__nesso_binary,trained_oof,1.0,198,909,5,0.7828282828282829,155.0,0.7202072538860104,0.8434422348484848,2.6717171717171717,2.4077580007191655,2.9275246113989635,0.1705170517051705,0.9427942794279428,155.0,857.0
assay_envelope,calibrated__nesso_binary,trained_oof,1.0,198,909,6,0.8535353535353535,169.0,0.8,0.9050507494883566,2.888888888888889,2.5832427536231886,3.1989261026991445,0.1859185918591859,0.9625962596259626,169.0,875.0
assay_envelope,calibrated__nesso_binary,trained_oof,1.0,198,909,7,0.898989898989899,178.0,0.8495095757414549,0.9433062384351043,3.0353535353535355,2.687391707920792,3.379491978609626,0.19581958195819582,0.9757975797579758,178.0,887.0
assay_envelope,calibrated__nesso_binary,trained_oof,1.0,198,909,8,0.9242424242424242,183.0,0.8795765476597648,0.9646509060453784,3.1363636363636362,2.764041450777201,3.5130083215575443,0.20132013201320131,0.9823982398239824,183.0,893.0
assay_envelope,calibrated__nesso_binary,trained_oof,1.0,198,909,9,0.9747474747474747,193.0,0.9378232144185239,1.0,3.212121212121212,2.8172254211177603,3.6269762363345364,0.21232123212321233,0.9944994499449945,193.0,904.0
assay_envelope,calibrated__nesso_binary,trained_oof,1.0,198,909,10,1.0,198.0,1.0,1.0,3.2373737373737375,2.8249780150753763,3.6667112299465243,0.21782178217821782,1.0,198.0,909.0
assay_envelope,availability__nesso_binary,trained_oof,0.125,198,909,1,0.23232323232323232,46.0,0.17435897435897435,0.2929377913752913,1.0,1.0,1.0,0.050605060506050605,0.7370737073707371,46.0,670.0
assay_envelope,availability__nesso_binary,trained_oof,0.125,198,909,2,0.5,99.0,0.418848167539267,0.5779029953690018,1.7676767676767677,1.7070622086247087,1.8256410256410256,0.10891089108910891,0.8426842684268426,99.0,766.0
assay_envelope,availability__nesso_binary,trained_oof,0.125,198,909,3,0.6313131313131313,125.0,0.5510204081632653,0.7091880717804362,2.2676767676767677,2.1487179487179486,2.3886228524679574,0.13751375137513752,0.8877887788778878,125.0,807.0
assay_envelope,availability__nesso_binary,trained_oof,0.125,198,909,4,0.7070707070707071,140.0,0.6308108341986847,0.7777777777777778,2.6363636363636362,2.4507577720207254,2.8283204384268212,0.15401540154015403,0.9163916391639164,140.0,833.0
assay_envelope,availability__nesso_binary,trained_oof,0.125,198,909,5,0.7575757575757576,150.0,0.6862719023779724,0.8205223880597015,2.9292929292929295,2.6797981730355347,3.1912600988312807,0.16501650165016502,0.935093509350935,150.0,850.0
assay_envelope,availability__nesso_binary,trained_oof,0.125,198,909,6,0.8232323232323232,163.0,0.7653061224489796,0.8780487804878049,3.1717171717171717,2.87117982734234,3.492507081358498,0.1793179317931793,0.9526952695269527,163.0,866.0
assay_envelope,availability__nesso_binary,trained_oof,0.125,198,909,7,0.9090909090909091,180.0,0.8659620212595481,0.9458194484690428,3.3484848484848486,3.0100935828877007,3.7049873896595207,0.19801980198019803,0.9757975797579758,180.0,887.0
assay_envelope,availability__nesso_binary,trained_oof,0.125,198,909,8,0.9444444444444444,187.0,0.9095623791102514,0.9747506471752703,3.4393939393939394,3.083315217391304,3.828186902322404,0.20572057205720573,0.9867986798679867,187.0,897.0
assay_envelope,availability__nesso_binary,trained_oof,0.125,198,909,9,0.9747474747474747,193.0,0.9502487562189055,0.9949748743718593,3.494949494949495,3.1310055478502083,3.8925706167474505,0.21232123212321233,0.9944994499449945,193.0,904.0
assay_envelope,availability__nesso_binary,trained_oof,0.125,198,909,10,1.0,198.0,1.0,1.0,3.5202020202020203,3.1470553387231672,3.925580145518685,0.21782178217821782,1.0,198.0,909.0
assay_envelope,availability__nesso_binary,trained_oof,0.25,198,909,1,0.24242424242424243,48.0,0.1746031746031746,0.31157427408535887,1.0,1.0,1.0,0.052805280528052806,0.7546754675467546,48.0,686.0
assay_envelope,availability__nesso_binary,trained_oof,0.25,198,909,2,0.47474747474747475,94.0,0.3928475422427035,0.5520940353881278,1.7575757575757576,1.6884257259146411,1.8253968253968254,0.1034103410341034,0.8437843784378438,94.0,767.0
assay_envelope,availability__nesso_binary,trained_oof,0.25,198,909,3,0.5959595959595959,118.0,0.5148217280744468,0.6730792682926829,2.282828282828283,2.1554294041450777,2.4133086734693876,0.12981298129812982,0.8877887788778878,118.0,807.0
assay_envelope,availability__nesso_binary,trained_oof,0.25,198,909,4,0.696969696969697,138.0,0.625,0.7641176470588233,2.686868686868687,2.4999434389140274,2.890667067307692,0.15181518151815182,0.9141914191419142,138.0,831.0
assay_envelope,availability__nesso_binary,trained_oof,0.25,198,909,5,0.7727272727272727,153.0,0.7091738618524333,0.8357525083612041,2.98989898989899,2.751123271889401,3.2473790322580642,0.16831683168316833,0.935093509350935,153.0,850.0
assay_envelope,availability__nesso_binary,trained_oof,0.25,198,909,6,0.8434343434343434,167.0,0.7872314093111439,0.8963775236733964,3.217171717171717,2.927461139896373,3.52482810781078,0.18371837183718373,0.9592959295929593,167.0,872.0
assay_envelope,availability__nesso_binary,trained_oof,0.25,198,909,7,0.8888888888888888,176.0,0.8410051546391752,0.9310390439700784,3.3737373737373737,3.046389366170294,3.7258878913078015,0.1936193619361936,0.9735973597359736,176.0,885.0
assay_envelope,availability__nesso_binary,trained_oof,0.25,198,909,8,0.9292929292929293,184.0,0.8888888888888888,0.9644714915654001,3.484848484848485,3.126829268292683,3.871287128712871,0.20242024202420242,0.9834983498349835,184.0,894.0
assay_envelope,availability__nesso_binary,trained_oof,0.25,198,909,9,0.9646464646464646,191.0,0.9368356867779204,0.9891920797803151,3.5555555555555554,3.180487804878049,3.970304309842749,0.21012101210121012,0.9922992299229924,191.0,902.0
assay_envelope,availability__nesso_binary,trained_oof,0.25,198,909,10,1.0,198.0,1.0,1.0,3.590909090909091,3.207727488714659,4.014858985898591,0.21782178217821782,1.0,198.0,909.0
assay_envelope,availability__nesso_binary,trained_oof,0.5,198,909,1,0.35353535353535354,70.0,0.2798159195702809,0.42718446601941745,1.0,1.0,1.0,0.07700770077007701,0.7854785478547854,70.0,714.0
assay_envelope,availability__nesso_binary,trained_oof,0.5,198,909,2,0.5808080808080808,115.0,0.5052069909793815,0.6521960958296361,1.6464646464646464,1.5728155339805825,1.720184080429719,0.1265126512651265,0.8657865786578658,115.0,787.0
assay_envelope,availability__nesso_binary,trained_oof,0.5,198,909,3,0.6868686868686869,136.0,0.6165784244680316,0.7548150510204081,2.0656565656565657,1.9368337510442775,2.1980437967266115,0.1496149614961496,0.900990099009901,136.0,819.0
assay_envelope,availability__nesso_binary,trained_oof,0.5,198,909,4,0.7525252525252525,149.0,0.68447812474024,0.8150096153846152,2.378787878787879,2.1990944989106755,2.5707422785547784,0.1639163916391639,0.922992299229923,149.0,839.0
assay_envelope,availability__nesso_binary,trained_oof,0.5,198,909,5,0.8080808080808081,160.0,0.747226250906454,0.8636473962930273,2.6262626262626263,2.390470383275262,2.877058235881765,0.17601760176017603,0.9460946094609461,160.0,860.0
assay_envelope,availability__nesso_binary,trained_oof,0.5,198,909,6,0.8787878787878788,174.0,0.8272201782934767,0.9250093283582089,2.8181818181818183,2.538850139497808,3.1150350529100526,0.19141914191419143,0.9680968096809681,174.0,880.0
assay_envelope,availability__nesso_binary,trained_oof,0.5,198,909,7,0.9141414141414141,181.0,0.8704663212435233,0.9521531100478469,2.9393939393939394,2.633289473684211,3.2746281364615473,0.19911991199119913,0.9790979097909791,181.0,890.0
assay_envelope,availability__nesso_binary,trained_oof,0.5,198,909,8,0.9444444444444444,187.0,0.9077651232262883,0.9757281553398058,3.025252525252525,2.6947329530723354,3.3903922009848046,0.20572057205720573,0.9878987898789879,187.0,898.0
assay_envelope,availability__nesso_binary,trained_oof,0.5,198,909,9,0.98989898989899,196.0,0.973404255319149,1.0,3.080808080808081,2.731992695837089,3.470304309842749,0.2156215621562156,0.9977997799779978,196.0,907.0
assay_envelope,availability__nesso_binary,trained_oof,0.5,198,909,10,1.0,198.0,1.0,1.0,3.090909090909091,2.736799431009957,3.4845773765449675,0.21782178217821782,1.0,198.0,909.0
assay_envelope,availability__nesso_binary,trained_oof,1.0,198,909,1,0.4090909090909091,81.0,0.33513441633122487,0.48311126694717144,1.0,1.0,1.0,0.0891089108910891,0.812981298129813,81.0,739.0
assay_envelope,availability__nesso_binary,trained_oof,1.0,198,909,2,0.6161616161616161,122.0,0.5434699845508717,0.6911856160374596,1.5909090909090908,1.5168887330528285,1.6648655836687751,0.1342134213421342,0.8822882288228823,122.0,802.0
assay_envelope,availability__nesso_binary,trained_oof,1.0,198,909,3,0.7474747474747475,148.0,0.6818181818181818,0.8112244897959183,1.9747474747474747,1.839332868677836,2.1044035153328347,0.1628162816281628,0.922992299229923,148.0,839.0
assay_envelope,availability__nesso_binary,trained_oof,1.0,198,909,4,0.8080808080808081,160.0,0.75,0.8631643132220795,2.227272727272727,2.0408163265306123,2.4127212665170776,0.17601760176017603,0.9427942794279428,160.0,857.0
assay_envelope,availability__nesso_binary,trained_oof,1.0,198,909,5,0.8535353535353535,169.0,0.8020588743093923,0.9020618556701031,2.419191919191919,2.18556198139301,2.64708838309193,0.1859185918591859,0.9614961496149615,169.0,874.0
assay_envelope,availability__nesso_binary,trained_oof,1.0,198,909,6,0.8787878787878788,174.0,0.8299974226804123,0.9230769230769231,2.5656565656565657,2.292612230470131,2.8385416666666665,0.19141914191419143,0.9680968096809681,174.0,880.0
assay_envelope,availability__nesso_binary,trained_oof,1.0,198,909,7,0.9242424242424242,183.0,0.8848167539267016,0.9593908629441624,2.686868686868687,2.3804583683767877,2.9950255102040804,0.20132013201320131,0.9801980198019802,183.0,891.0
assay_envelope,availability__nesso_binary,trained_oof,1.0,198,909,8,0.9545454545454546,189.0,0.9227053140096618,0.9805825242718447,2.7626262626262625,2.436200980392157,3.0950608974358977,0.2079207920792079,0.988998899889989,189.0,899.0
assay_envelope,availability__nesso_binary,trained_oof,1.0,198,909,9,0.9848484848484849,195.0,0.9648196792041013,1.0,2.808080808080808,2.4662703552923757,3.1508509040045585,0.2145214521452145,0.9966996699669967,195.0,906.0
assay_envelope,availability__nesso_binary,trained_oof,1.0,198,909,10,1.0,198.0,1.0,1.0,2.823232323232323,2.47691037735849,3.174365079365079,0.21782178217821782,1.0,198.0,909.0
assay_envelope,plus__nesso_binary,trained_oof,0.125,198,909,1,0.31313131313131315,62.0,0.24102094240837696,0.39175775786147227,1.0,1.0,1.0,0.06820682068206821,0.7645764576457645,62.0,695.0
assay_envelope,plus__nesso_binary,trained_oof,0.125,198,909,2,0.47474747474747475,94.0,0.4010410057106599,0.5560981831757094,1.6868686868686869,1.6082422421385278,1.7589790575916229,0.1034103410341034,0.8382838283828383,94.0,762.0
assay_envelope,plus__nesso_binary,trained_oof,0.125,198,909,3,0.6212121212121212,123.0,0.5477386934673367,0.695,2.212121212121212,2.0585359366891542,2.349245823984044,0.1353135313531353,0.8943894389438944,123.0,813.0
assay_envelope,plus__nesso_binary,trained_oof,0.125,198,909,4,0.7070707070707071,140.0,0.6382978723404256,0.7783393568829369,2.590909090909091,2.379478021978022,2.7892366753331164,0.15401540154015403,0.9196919691969196,140.0,836.0
assay_envelope,plus__nesso_binary,trained_oof,0.125,198,909,5,0.7727272727272727,153.0,0.7070556309362279,0.8351242457923149,2.8838383838383836,2.614965902958348,3.1381043956043957,0.16831683168316833,0.9383938393839384,153.0,853.0
assay_envelope,plus__nesso_binary,trained_oof,0.125,198,909,6,0.8131313131313131,161.0,0.75252400240024,0.8687033653114055,3.111111111111111,2.7937451915679334,3.4171262717528523,0.1771177117711771,0.9493949394939494,161.0,863.0
assay_envelope,plus__nesso_binary,trained_oof,0.125,198,909,7,0.8737373737373737,173.0,0.8241206030150754,0.9191959921798631,3.297979797979798,2.9332843137254905,3.654826776649746,0.19031903190319033,0.9691969196919692,173.0,881.0
assay_envelope,plus__nesso_binary,trained_oof,0.125,198,909,8,0.9191919191919192,182.0,0.8780226946654494,0.9558823529411765,3.4242424242424243,3.0350390566694854,3.81317803030303,0.2002200220022002,0.9812981298129813,182.0,892.0
assay_envelope,plus__nesso_binary,trained_oof,0.125,198,909,9,0.9747474747474747,193.0,0.9516063644289451,0.9949494949494949,3.505050505050505,3.097328431372549,3.9158924044578374,0.21232123212321233,0.9944994499449945,193.0,904.0
assay_envelope,plus__nesso_binary,trained_oof,0.125,198,909,10,1.0,198.0,1.0,1.0,3.5303030303030303,3.118019627060068,3.94875,0.21782178217821782,1.0,198.0,909.0
assay_envelope,plus__nesso_binary,trained_oof,0.25,198,909,1,0.35858585858585856,71.0,0.2849291796299329,0.4356499111449606,1.0,1.0,1.0,0.0781078107810781,0.7887788778877888,71.0,717.0
assay_envelope,plus__nesso_binary,trained_oof,0.25,198,909,2,0.5202020202020202,103.0,0.4433186414311641,0.6,1.6414141414141414,1.5643500888550395,1.715070820370067,0.11331133113311331,0.8503850385038504,103.0,773.0
assay_envelope,plus__nesso_binary,trained_oof,0.25,198,909,3,0.6464646464646465,128.0,0.5745774301187024,0.7211872009569376,2.121212121212121,1.9793814432989691,2.258720287451631,0.1408140814081408,0.8998899889988999,128.0,818.0
assay_envelope,plus__nesso_binary,trained_oof,0.25,198,909,4,0.7121212121212122,141.0,0.6435556495348027,0.7790196340521593,2.474747474747475,2.269607843137255,2.6684094323008387,0.1551155115511551,0.9218921892189219,141.0,838.0
assay_envelope,plus__nesso_binary,trained_oof,0.25,198,909,5,0.7878787878787878,156.0,0.72042453618586,0.851063829787234,2.7626262626262625,2.502537433359692,3.0102067115505995,0.1716171617161716,0.9438943894389439,156.0,858.0
assay_envelope,plus__nesso_binary,trained_oof,0.25,198,909,6,0.8383838383838383,166.0,0.7849938340807175,0.8905492070895523,2.974747474747475,2.6650473300970874,3.267387106357695,0.18261826182618263,0.9570957095709571,166.0,870.0
assay_envelope,plus__nesso_binary,trained_oof,0.25,198,909,7,0.8737373737373737,173.0,0.8226581121881456,0.9200053191489361,3.1363636363636362,2.7905483604298706,3.4718811881188114,0.19031903190319033,0.9691969196919692,173.0,881.0
assay_envelope,plus__nesso_binary,trained_oof,0.25,198,909,8,0.9090909090909091,180.0,0.8645833333333334,0.9494949494949495,3.2626262626262625,2.8834889852644032,3.6435919987937875,0.19801980198019803,0.9801980198019802,180.0,891.0
assay_envelope,plus__nesso_binary,trained_oof,0.25,198,909,9,0.9646464646464646,191.0,0.9289340101522843,0.994445211786372,3.3535353535353534,2.9425793481800637,3.759173630688683,0.21012101210121012,0.9922992299229924,191.0,902.0
assay_envelope,plus__nesso_binary,trained_oof,0.25,198,909,10,1.0,198.0,1.0,1.0,3.388888888888889,2.9644624728063813,3.8179005456349193,0.21782178217821782,1.0,198.0,909.0
assay_envelope,plus__nesso_binary,trained_oof,0.5,198,909,1,0.42424242424242425,84.0,0.3532265144863916,0.5024390243902439,1.0,1.0,1.0,0.0924092409240924,0.8074807480748075,84.0,734.0
assay_envelope,plus__nesso_binary,trained_oof,0.5,198,909,2,0.6313131313131313,125.0,0.5549608625784045,0.7052644291889143,1.5757575757575757,1.497560975609756,1.6467734855136082,0.13751375137513752,0.8811881188118812,125.0,801.0
assay_envelope,plus__nesso_binary,trained_oof,0.5,198,909,3,0.7373737373737373,146.0,0.6713981762917932,0.8050032051282051,1.9444444444444444,1.8080758322137631,2.0769230769230766,0.16061606160616063,0.9174917491749175,146.0,834.0
assay_envelope,plus__nesso_binary,trained_oof,0.5,198,909,4,0.797979797979798,158.0,0.7357437563396112,0.8571597833446173,2.207070707070707,2.014456761084977,2.393939393939394,0.17381738173817382,0.9416941694169417,158.0,856.0
assay_envelope,plus__nesso_binary,trained_oof,0.5,198,909,5,0.8484848484848485,168.0,0.7864397321428572,0.9052683948677664,2.409090909090909,2.1682491028708135,2.648962765957447,0.1848184818481848,0.9570957095709571,168.0,870.0
assay_envelope,plus__nesso_binary,trained_oof,0.5,198,909,6,0.8939393939393939,177.0,0.8465346534653465,0.9371734071882035,2.5606060606060606,2.278572484114083,2.839289378831329,0.19471947194719472,0.9713971397139713,177.0,883.0
assay_envelope,plus__nesso_binary,trained_oof,0.5,198,909,7,0.9191919191919192,182.0,0.8773496619917264,0.9579002480022044,2.6666666666666665,2.352324336470339,2.9755048550520686,0.2002200220022002,0.9790979097909791,182.0,890.0
assay_envelope,plus__nesso_binary,trained_oof,0.5,198,909,8,0.9595959595959596,190.0,0.9275982932032917,0.9853658536585366,2.7474747474747474,2.4059202843361254,3.087834886987613,0.20902090209020902,0.9911991199119912,190.0,901.0
assay_envelope,plus__nesso_binary,trained_oof,0.5,198,909,9,0.9797979797979798,194.0,0.9530461068296572,1.0,2.787878787878788,2.428349370836418,3.145887051569506,0.21342134213421343,0.9955995599559956,194.0,905.0
assay_envelope,plus__nesso_binary,trained_oof,0.5,198,909,10,1.0,198.0,1.0,1.0,2.808080808080808,2.435194168340912,3.1871951511954144,0.21782178217821782,1.0,198.0,909.0
assay_envelope,plus__nesso_binary,trained_oof,1.0,198,909,1,0.4393939393939394,87.0,0.365,0.5159771709253791,1.0,1.0,1.0,0.09570957095709572,0.8184818481848185,87.0,744.0
assay_envelope,plus__nesso_binary,trained_oof,1.0,198,909,2,0.6414141414141414,127.0,0.5645810330020856,0.7171743614151991,1.5606060606060606,1.4840228290746207,1.635,0.1397139713971397,0.8855885588558856,127.0,805.0
assay_envelope,plus__nesso_binary,trained_oof,1.0,198,909,3,0.7424242424242424,147.0,0.6717929292929292,0.8135193304105218,1.9191919191919191,1.7794871794871794,2.0588235294117645,0.1617161716171617,0.9218921892189219,147.0,838.0
assay_envelope,plus__nesso_binary,trained_oof,1.0,198,909,4,0.7828282828282829,155.0,0.7193877551020408,0.8449410700508154,2.176767676767677,1.9752444460863996,2.3763717583807717,0.1705170517051705,0.9372937293729373,155.0,852.0
assay_envelope,plus__nesso_binary,trained_oof,1.0,198,909,5,0.8232323232323232,163.0,0.7602040816326531,0.8802180503731343,2.393939393939394,2.134220149253731,2.6441055426902937,0.1793179317931793,0.9537953795379538,163.0,867.0
assay_envelope,plus__nesso_binary,trained_oof,1.0,198,909,6,0.8636363636363636,171.0,0.8049780927835052,0.9166666666666666,2.5707070707070705,2.2717632850241545,2.8731993869119017,0.18811881188118812,0.9636963696369637,171.0,876.0
assay_envelope,plus__nesso_binary,trained_oof,1.0,198,909,7,0.9242424242424242,183.0,0.8787878787878788,0.9635463892487046,2.707070707070707,2.3677577038451054,3.058573693936669,0.20132013201320131,0.9823982398239824,183.0,893.0
assay_envelope,plus__nesso_binary,trained_oof,1.0,198,909,8,0.9444444444444444,187.0,0.9082014211340932,0.9761932972241029,2.782828282828283,2.4137638098426515,3.164897490187978,0.20572057205720573,0.9867986798679867,187.0,897.0
assay_envelope,plus__nesso_binary,trained_oof,1.0,198,909,9,0.9848484848484849,195.0,0.9601940298507462,1.0,2.8383838383838382,2.4449492356167575,3.2392484864759297,0.2145214521452145,0.9966996699669967,195.0,906.0
assay_envelope,plus__nesso_binary,trained_oof,1.0,198,909,10,1.0,198.0,1.0,1.0,2.8535353535353534,2.4537013172966775,3.271866725507502,0.21782178217821782,1.0,198.0,909.0
assay_envelope,calibrated__raw_ad4,trained_oof,0.125,198,909,1,0.21212121212121213,42.0,0.15462891726932348,0.2717948717948718,1.0,1.0,1.0,0.0462046204620462,0.7458745874587459,42.0,678.0
assay_envelope,calibrated__raw_ad4,trained_oof,0.125,198,909,2,0.42424242424242425,84.0,0.3439112103174603,0.5047666195190947,1.7878787878787878,1.7282051282051283,1.8453710827306766,0.0924092409240924,0.8371837183718371,84.0,761.0
assay_envelope,calibrated__raw_ad4,trained_oof,0.125,198,909,3,0.5656565656565656,112.0,0.48514101410141014,0.6473436308161709,2.3636363636363638,2.2419127377998347,2.482627651217596,0.12321232123212321,0.8800880088008801,112.0,800.0
assay_envelope,calibrated__raw_ad4,trained_oof,0.125,198,909,4,0.6616161616161617,131.0,0.5861981887843957,0.7425853199845124,2.797979797979798,2.6084601538209786,2.989071038251366,0.14411441144114412,0.9053905390539054,131.0,823.0
assay_envelope,calibrated__raw_ad4,trained_oof,0.125,198,909,5,0.7373737373737373,146.0,0.6629529574260643,0.8090510542402735,3.1363636363636362,2.8814072164948454,3.392689468715132,0.16061606160616063,0.9295929592959296,146.0,845.0
assay_envelope,calibrated__raw_ad4,trained_oof,0.125,198,909,6,0.7878787878787878,156.0,0.7194354123558971,0.853668424522083,3.398989898989899,3.0900000000000003,3.712209392838609,0.1716171617161716,0.9460946094609461,156.0,860.0
assay_envelope,calibrated__raw_ad4,trained_oof,0.125,198,909,7,0.8686868686868687,172.0,0.8155339805825242,0.9183777064125143,3.611111111111111,3.2548011363636364,3.979391856711444,0.18921892189218922,0.9680968096809681,172.0,880.0
assay_envelope,calibrated__raw_ad4,trained_oof,0.125,198,909,8,0.9141414141414141,181.0,0.874302450736877,0.9507389162561576,3.742424242424242,3.35092536407767,4.141555258467023,0.19911991199119913,0.9801980198019802,181.0,891.0
assay_envelope,calibrated__raw_ad4,trained_oof,0.125,198,909,9,0.9646464646464646,191.0,0.9375,0.9893076422488186,3.8282828282828283,3.421014120667522,4.262323070771691,0.21012101210121012,0.9922992299229924,191.0,902.0
assay_envelope,calibrated__raw_ad4,trained_oof,0.125,198,909,10,1.0,198.0,1.0,1.0,3.8636363636363638,3.4461538461538455,4.312537741545894,0.21782178217821782,1.0,198.0,909.0
assay_envelope,calibrated__raw_ad4,trained_oof,0.25,198,909,1,0.1919191919191919,38.0,0.13775037792894934,0.2500320512820511,1.0,1.0,1.0,0.041804180418041806,0.7447744774477447,38.0,677.0
assay_envelope,calibrated__raw_ad4,trained_oof,0.25,198,909,2,0.42424242424242425,84.0,0.3489583333333333,0.5049056743909685,1.8080808080808082,1.7499679487179487,1.8622496220710507,0.0924092409240924,0.8338833883388339,84.0,758.0
assay_envelope,calibrated__raw_ad4,trained_oof,0.25,198,909,3,0.5151515151515151,102.0,0.44102150537634405,0.591551139296512,2.3838383838383836,2.263959390862944,2.4896959283557223,0.11221122112211221,0.8668866886688669,102.0,788.0
assay_envelope,calibrated__raw_ad4,trained_oof,0.25,198,909,4,0.601010101010101,119.0,0.5252462121212121,0.6774481566820274,2.8686868686868685,2.6911470588235296,3.035362554112554,0.13091309130913092,0.8921892189218922,119.0,811.0
assay_envelope,calibrated__raw_ad4,trained_oof,0.25,198,909,5,0.7373737373737373,146.0,0.6649732904563213,0.8090510542402735,3.2676767676767677,3.0310723021488126,3.4872448979591835,0.16061606160616063,0.9295929592959296,146.0,845.0
assay_envelope,calibrated__raw_ad4,trained_oof,0.25,198,909,6,0.8232323232323232,163.0,0.7538372093023256,0.8871938775510203,3.5303030303030303,3.247310350939383,3.8039765906362546,0.1793179317931793,0.9526952695269527,163.0,866.0
assay_envelope,calibrated__raw_ad4,trained_oof,0.25,198,909,7,0.8585858585858586,170.0,0.7948317307692307,0.9147784090909091,3.707070707070707,3.368131868131868,4.032305271439811,0.18701870187018702,0.9636963696369637,170.0,876.0
assay_envelope,calibrated__raw_ad4,trained_oof,0.25,198,909,8,0.9040404040404041,179.0,0.848953887195122,0.9523809523809523,3.8484848484848486,3.468108288770053,4.2296212715855575,0.19691969196919692,0.977997799779978,179.0,889.0
assay_envelope,calibrated__raw_ad4,trained_oof,0.25,198,909,9,0.9696969696969697,192.0,0.9421052631578948,0.9901477832512315,3.9444444444444446,3.534706957246123,4.364146341463415,0.21122112211221122,0.9933993399339934,192.0,903.0
assay_envelope,calibrated__raw_ad4,trained_oof,0.25,198,909,10,1.0,198.0,1.0,1.0,3.974747474747475,3.55822646476356,4.399109259517501,0.21782178217821782,1.0,198.0,909.0
assay_envelope,calibrated__raw_ad4,trained_oof,0.5,198,909,1,0.1919191919191919,38.0,0.13930348258706468,0.2500301932367148,1.0,1.0,1.0,0.041804180418041806,0.7447744774477447,38.0,677.0
assay_envelope,calibrated__raw_ad4,trained_oof,0.5,198,909,2,0.3787878787878788,75.0,0.31088082901554404,0.45855276256844196,1.8080808080808082,1.749969806763285,1.8606965174129353,0.08250825082508251,0.823982398239824,75.0,749.0
assay_envelope,calibrated__raw_ad4,trained_oof,0.5,198,909,3,0.5858585858585859,116.0,0.5077720207253886,0.6618701659532926,2.4292929292929295,2.304550999803685,2.536596657633243,0.1276127612761276,0.8833883388338833,116.0,803.0
assay_envelope,calibrated__raw_ad4,trained_oof,0.5,198,909,4,0.696969696969697,138.0,0.6269273247886555,0.7658562532433835,2.8434343434343434,2.6751269035532994,3.0,0.15181518151815182,0.9163916391639164,138.0,833.0
assay_envelope,calibrated__raw_ad4,trained_oof,0.5,198,909,5,0.7424242424242424,147.0,0.673046875,0.8115273961951168,3.1464646464646466,2.9371391774225155,3.354179495073892,0.1617161716171617,0.9306930693069307,147.0,846.0
assay_envelope,calibrated__raw_ad4,trained_oof,0.5,198,909,6,0.803030303030303,159.0,0.7380760368663595,0.8638794286585675,3.404040404040404,3.132961133626027,3.6666666666666665,0.17491749174917492,0.9493949394939494,159.0,863.0
assay_envelope,calibrated__raw_ad4,trained_oof,0.5,198,909,7,0.8484848484848485,168.0,0.7871205458109263,0.9052683948677664,3.601010101010101,3.27656860616587,3.913727265770477,0.1848184818481848,0.9647964796479648,168.0,877.0
assay_envelope,calibrated__raw_ad4,trained_oof,0.5,198,909,8,0.898989898989899,178.0,0.8374384236453202,0.9521339918946302,3.7525252525252526,3.3854043153574276,4.116517764924602,0.19581958195819582,0.977997799779978,178.0,889.0
assay_envelope,calibrated__raw_ad4,trained_oof,0.5,198,909,9,0.9595959595959596,190.0,0.9267015706806283,0.9854368932038835,3.8535353535353534,3.4525,4.259288194444444,0.20902090209020902,0.9911991199119912,190.0,901.0
assay_envelope,calibrated__raw_ad4,trained_oof,0.5,198,909,10,1.0,198.0,1.0,1.0,3.893939393939394,3.4869798413212436,4.317089049796748,0.21782178217821782,1.0,198.0,909.0
assay_envelope,calibrated__raw_ad4,trained_oof,1.0,198,909,1,0.14646464646464646,29.0,0.09178743961352658,0.2050032051282051,1.0,1.0,1.0,0.0319031903190319,0.757975797579758,29.0,689.0
assay_envelope,calibrated__raw_ad4,trained_oof,1.0,198,909,2,0.29292929292929293,58.0,0.21716570466570467,0.36893203883495146,1.8535353535353536,1.7949967948717949,1.9082125603864735,0.0638063806380638,0.801980198019802,58.0,729.0
assay_envelope,calibrated__raw_ad4,trained_oof,1.0,198,909,3,0.5909090909090909,117.0,0.5159491356382979,0.6666666666666666,2.5606060606060606,2.4416093973708186,2.6815976933514247,0.12871287128712872,0.8844884488448845,117.0,804.0
assay_envelope,calibrated__raw_ad4,trained_oof,1.0,198,909,4,0.696969696969697,138.0,0.6261550443326144,0.7704081632653061,2.9696969696969697,2.7968510841836736,3.1502786323402416,0.15181518151815182,0.9130913091309131,138.0,830.0
assay_envelope,calibrated__raw_ad4,trained_oof,1.0,198,909,5,0.7525252525252525,149.0,0.6842037087537497,0.8182150776053214,3.272727272727273,3.046081730769231,3.5104222074468083,0.1639163916391639,0.9317931793179318,149.0,847.0
assay_envelope,calibrated__raw_ad4,trained_oof,1.0,198,909,6,0.8181818181818182,162.0,0.7524271844660194,0.8787878787878788,3.5202020202020203,3.2409948979591836,3.810725121359223,0.1782178217821782,0.9537953795379538,162.0,867.0
assay_envelope,calibrated__raw_ad4,trained_oof,1.0,198,909,7,0.8585858585858586,170.0,0.7951189024390244,0.9135183152695843,3.702020202020202,3.383443849464518,4.040837585034013,0.18701870187018702,0.966996699669967,170.0,879.0
assay_envelope,calibrated__raw_ad4,trained_oof,1.0,198,909,8,0.9444444444444444,187.0,0.9090909090909091,0.9748775125628141,3.8434343434343434,3.4825826895672387,4.227301568989386,0.20572057205720573,0.9867986798679867,187.0,897.0
assay_envelope,calibrated__raw_ad4,trained_oof,1.0,198,909,9,0.9646464646464646,191.0,0.9362745098039216,0.9888978494623656,3.898989898989899,3.525479245096096,4.293596942472104,0.21012101210121012,0.9922992299229924,191.0,902.0
assay_envelope,calibrated__raw_ad4,trained_oof,1.0,198,909,10,1.0,198.0,1.0,1.0,3.9343434343434343,3.550480048004801,4.339808216557463,0.21782178217821782,1.0,198.0,909.0
assay_envelope,availability__raw_ad4,trained_oof,0.125,198,909,1,0.23232323232323232,46.0,0.17435897435897435,0.2929377913752913,1.0,1.0,1.0,0.050605060506050605,0.7370737073707371,46.0,670.0
assay_envelope,availability__raw_ad4,trained_oof,0.125,198,909,2,0.5,99.0,0.418848167539267,0.5779029953690018,1.7676767676767677,1.7070622086247087,1.8256410256410256,0.10891089108910891,0.8426842684268426,99.0,766.0
assay_envelope,availability__raw_ad4,trained_oof,0.125,198,909,3,0.6313131313131313,125.0,0.5510204081632653,0.7091880717804362,2.2676767676767677,2.1487179487179486,2.3886228524679574,0.13751375137513752,0.8877887788778878,125.0,807.0
assay_envelope,availability__raw_ad4,trained_oof,0.125,198,909,4,0.7070707070707071,140.0,0.6308108341986847,0.7777777777777778,2.6363636363636362,2.4507577720207254,2.8283204384268212,0.15401540154015403,0.9163916391639164,140.0,833.0
assay_envelope,availability__raw_ad4,trained_oof,0.125,198,909,5,0.7575757575757576,150.0,0.6862719023779724,0.8205223880597015,2.9292929292929295,2.6797981730355347,3.1912600988312807,0.16501650165016502,0.935093509350935,150.0,850.0
assay_envelope,availability__raw_ad4,trained_oof,0.125,198,909,6,0.8232323232323232,163.0,0.7653061224489796,0.8780487804878049,3.1717171717171717,2.87117982734234,3.492507081358498,0.1793179317931793,0.9526952695269527,163.0,866.0
assay_envelope,availability__raw_ad4,trained_oof,0.125,198,909,7,0.9090909090909091,180.0,0.8659620212595481,0.9458194484690428,3.3484848484848486,3.0100935828877007,3.7049873896595207,0.19801980198019803,0.9757975797579758,180.0,887.0
assay_envelope,availability__raw_ad4,trained_oof,0.125,198,909,8,0.9444444444444444,187.0,0.9095623791102514,0.9747506471752703,3.4393939393939394,3.083315217391304,3.828186902322404,0.20572057205720573,0.9867986798679867,187.0,897.0
assay_envelope,availability__raw_ad4,trained_oof,0.125,198,909,9,0.9747474747474747,193.0,0.9502487562189055,0.9949748743718593,3.494949494949495,3.1310055478502083,3.8925706167474505,0.21232123212321233,0.9944994499449945,193.0,904.0
assay_envelope,availability__raw_ad4,trained_oof,0.125,198,909,10,1.0,198.0,1.0,1.0,3.5202020202020203,3.1470553387231672,3.925580145518685,0.21782178217821782,1.0,198.0,909.0
assay_envelope,availability__raw_ad4,trained_oof,0.25,198,909,1,0.24242424242424243,48.0,0.1746031746031746,0.31157427408535887,1.0,1.0,1.0,0.052805280528052806,0.7546754675467546,48.0,686.0
assay_envelope,availability__raw_ad4,trained_oof,0.25,198,909,2,0.47474747474747475,94.0,0.3928475422427035,0.5520940353881278,1.7575757575757576,1.6884257259146411,1.8253968253968254,0.1034103410341034,0.8437843784378438,94.0,767.0
assay_envelope,availability__raw_ad4,trained_oof,0.25,198,909,3,0.5959595959595959,118.0,0.5148217280744468,0.6730792682926829,2.282828282828283,2.1554294041450777,2.4133086734693876,0.12981298129812982,0.8877887788778878,118.0,807.0
assay_envelope,availability__raw_ad4,trained_oof,0.25,198,909,4,0.696969696969697,138.0,0.625,0.7641176470588233,2.686868686868687,2.4999434389140274,2.890667067307692,0.15181518151815182,0.9141914191419142,138.0,831.0
assay_envelope,availability__raw_ad4,trained_oof,0.25,198,909,5,0.7727272727272727,153.0,0.7091738618524333,0.8357525083612041,2.98989898989899,2.751123271889401,3.2473790322580642,0.16831683168316833,0.935093509350935,153.0,850.0
assay_envelope,availability__raw_ad4,trained_oof,0.25,198,909,6,0.8434343434343434,167.0,0.7872314093111439,0.8963775236733964,3.217171717171717,2.927461139896373,3.52482810781078,0.18371837183718373,0.9592959295929593,167.0,872.0
assay_envelope,availability__raw_ad4,trained_oof,0.25,198,909,7,0.8888888888888888,176.0,0.8410051546391752,0.9310390439700784,3.3737373737373737,3.046389366170294,3.7258878913078015,0.1936193619361936,0.9735973597359736,176.0,885.0
assay_envelope,availability__raw_ad4,trained_oof,0.25,198,909,8,0.9292929292929293,184.0,0.8888888888888888,0.9644714915654001,3.484848484848485,3.126829268292683,3.871287128712871,0.20242024202420242,0.9834983498349835,184.0,894.0
assay_envelope,availability__raw_ad4,trained_oof,0.25,198,909,9,0.9646464646464646,191.0,0.9368356867779204,0.9891920797803151,3.5555555555555554,3.180487804878049,3.970304309842749,0.21012101210121012,0.9922992299229924,191.0,902.0
assay_envelope,availability__raw_ad4,trained_oof,0.25,198,909,10,1.0,198.0,1.0,1.0,3.590909090909091,3.207727488714659,4.014858985898591,0.21782178217821782,1.0,198.0,909.0
assay_envelope,availability__raw_ad4,trained_oof,0.5,198,909,1,0.35353535353535354,70.0,0.2798159195702809,0.42718446601941745,1.0,1.0,1.0,0.07700770077007701,0.7854785478547854,70.0,714.0
assay_envelope,availability__raw_ad4,trained_oof,0.5,198,909,2,0.5808080808080808,115.0,0.5052069909793815,0.6521960958296361,1.6464646464646464,1.5728155339805825,1.720184080429719,0.1265126512651265,0.8657865786578658,115.0,787.0
assay_envelope,availability__raw_ad4,trained_oof,0.5,198,909,3,0.6868686868686869,136.0,0.6165784244680316,0.7548150510204081,2.0656565656565657,1.9368337510442775,2.1980437967266115,0.1496149614961496,0.900990099009901,136.0,819.0
assay_envelope,availability__raw_ad4,trained_oof,0.5,198,909,4,0.7525252525252525,149.0,0.68447812474024,0.8150096153846152,2.378787878787879,2.1990944989106755,2.5707422785547784,0.1639163916391639,0.922992299229923,149.0,839.0
assay_envelope,availability__raw_ad4,trained_oof,0.5,198,909,5,0.8080808080808081,160.0,0.747226250906454,0.8636473962930273,2.6262626262626263,2.390470383275262,2.877058235881765,0.17601760176017603,0.9460946094609461,160.0,860.0
assay_envelope,availability__raw_ad4,trained_oof,0.5,198,909,6,0.8787878787878788,174.0,0.8272201782934767,0.9250093283582089,2.8181818181818183,2.538850139497808,3.1150350529100526,0.19141914191419143,0.9680968096809681,174.0,880.0
assay_envelope,availability__raw_ad4,trained_oof,0.5,198,909,7,0.9141414141414141,181.0,0.8704663212435233,0.9521531100478469,2.9393939393939394,2.633289473684211,3.2746281364615473,0.19911991199119913,0.9790979097909791,181.0,890.0
assay_envelope,availability__raw_ad4,trained_oof,0.5,198,909,8,0.9444444444444444,187.0,0.9077651232262883,0.9757281553398058,3.025252525252525,2.6947329530723354,3.3903922009848046,0.20572057205720573,0.9878987898789879,187.0,898.0
assay_envelope,availability__raw_ad4,trained_oof,0.5,198,909,9,0.98989898989899,196.0,0.973404255319149,1.0,3.080808080808081,2.731992695837089,3.470304309842749,0.2156215621562156,0.9977997799779978,196.0,907.0
assay_envelope,availability__raw_ad4,trained_oof,0.5,198,909,10,1.0,198.0,1.0,1.0,3.090909090909091,2.736799431009957,3.4845773765449675,0.21782178217821782,1.0,198.0,909.0
assay_envelope,availability__raw_ad4,trained_oof,1.0,198,909,1,0.4090909090909091,81.0,0.33513441633122487,0.48311126694717144,1.0,1.0,1.0,0.0891089108910891,0.812981298129813,81.0,739.0
assay_envelope,availability__raw_ad4,trained_oof,1.0,198,909,2,0.6161616161616161,122.0,0.5434699845508717,0.6911856160374596,1.5909090909090908,1.5168887330528285,1.6648655836687751,0.1342134213421342,0.8822882288228823,122.0,802.0
assay_envelope,availability__raw_ad4,trained_oof,1.0,198,909,3,0.7474747474747475,148.0,0.6818181818181818,0.8112244897959183,1.9747474747474747,1.839332868677836,2.1044035153328347,0.1628162816281628,0.922992299229923,148.0,839.0
assay_envelope,availability__raw_ad4,trained_oof,1.0,198,909,4,0.8080808080808081,160.0,0.75,0.8631643132220795,2.227272727272727,2.0408163265306123,2.4127212665170776,0.17601760176017603,0.9427942794279428,160.0,857.0
assay_envelope,availability__raw_ad4,trained_oof,1.0,198,909,5,0.8535353535353535,169.0,0.8020588743093923,0.9020618556701031,2.419191919191919,2.18556198139301,2.64708838309193,0.1859185918591859,0.9614961496149615,169.0,874.0
assay_envelope,availability__raw_ad4,trained_oof,1.0,198,909,6,0.8787878787878788,174.0,0.8299974226804123,0.9230769230769231,2.5656565656565657,2.292612230470131,2.8385416666666665,0.19141914191419143,0.9680968096809681,174.0,880.0
assay_envelope,availability__raw_ad4,trained_oof,1.0,198,909,7,0.9242424242424242,183.0,0.8848167539267016,0.9593908629441624,2.686868686868687,2.3804583683767877,2.9950255102040804,0.20132013201320131,0.9801980198019802,183.0,891.0
assay_envelope,availability__raw_ad4,trained_oof,1.0,198,909,8,0.9545454545454546,189.0,0.9227053140096618,0.9805825242718447,2.7626262626262625,2.436200980392157,3.0950608974358977,0.2079207920792079,0.988998899889989,189.0,899.0
assay_envelope,availability__raw_ad4,trained_oof,1.0,198,909,9,0.9848484848484849,195.0,0.9648196792041013,1.0,2.808080808080808,2.4662703552923757,3.1508509040045585,0.2145214521452145,0.9966996699669967,195.0,906.0
assay_envelope,availability__raw_ad4,trained_oof,1.0,198,909,10,1.0,198.0,1.0,1.0,2.823232323232323,2.47691037735849,3.174365079365079,0.21782178217821782,1.0,198.0,909.0
assay_envelope,plus__raw_ad4,trained_oof,0.125,198,909,1,0.30303030303030304,60.0,0.23589005235602092,0.37173103738588226,1.0,1.0,1.0,0.066006600660066,0.7612761276127613,60.0,692.0
assay_envelope,plus__raw_ad4,trained_oof,0.125,198,909,2,0.5151515151515151,102.0,0.4396080368906456,0.5893745232646834,1.696969696969697,1.6282689626141178,1.764109947643979,0.11221122112211221,0.847084708470847,102.0,770.0
assay_envelope,plus__raw_ad4,trained_oof,0.125,198,909,3,0.5959595959595959,118.0,0.5151477272727273,0.6716417910447762,2.1818181818181817,2.053921568627451,2.3118811881188117,0.12981298129812982,0.8767876787678768,118.0,797.0
assay_envelope,plus__raw_ad4,trained_oof,0.125,198,909,4,0.6818181818181818,135.0,0.6065449577744659,0.7524322943280531,2.585858585858586,2.399012748756219,2.7846249999999997,0.1485148514851485,0.9042904290429042,135.0,822.0
assay_envelope,plus__raw_ad4,trained_oof,0.125,198,909,5,0.7474747474747475,148.0,0.6756686005377105,0.8133971291866029,2.904040404040404,2.653261203979079,3.1658497827602847,0.1628162816281628,0.9284928492849285,148.0,844.0
assay_envelope,plus__raw_ad4,trained_oof,0.125,198,909,6,0.8131313131313131,161.0,0.7525773195876289,0.8700048076923077,3.1565656565656566,2.861104671237607,3.470007425742574,0.1771177117711771,0.9471947194719472,161.0,861.0
assay_envelope,plus__raw_ad4,trained_oof,0.125,198,909,7,0.8787878787878788,174.0,0.8260869565217391,0.9289340101522843,3.3434343434343434,3.0,3.698516483516483,0.19141914191419143,0.9680968096809681,174.0,880.0
assay_envelope,plus__raw_ad4,trained_oof,0.125,198,909,8,0.9393939393939394,186.0,0.9054726368159204,0.9707317073170731,3.4646464646464645,3.081434915164369,3.8556903875525004,0.20462046204620463,0.9845984598459846,186.0,895.0
assay_envelope,plus__raw_ad4,trained_oof,0.125,198,909,9,0.9797979797979798,194.0,0.9581151832460733,0.9952380952380953,3.525252525252525,3.121320034385113,3.9268636647904946,0.21342134213421343,0.9955995599559956,194.0,905.0
assay_envelope,plus__raw_ad4,trained_oof,0.125,198,909,10,1.0,198.0,1.0,1.0,3.5454545454545454,3.1419506898313743,3.952038596880107,0.21782178217821782,1.0,198.0,909.0
assay_envelope,plus__raw_ad4,trained_oof,0.25,198,909,1,0.31313131313131315,62.0,0.24351988924527784,0.3857363770250367,1.0,1.0,1.0,0.06820682068206821,0.7722772277227723,62.0,702.0
assay_envelope,plus__raw_ad4,trained_oof,0.25,198,909,2,0.51010101010101,101.0,0.43005181347150256,0.5879470883830918,1.6868686868686869,1.6142636229749632,1.756480110754722,0.1111111111111111,0.8492849284928493,101.0,772.0
assay_envelope,plus__raw_ad4,trained_oof,0.25,198,909,3,0.6111111111111112,121.0,0.5340219744260974,0.6869620958751393,2.176767676767677,2.044759657594381,2.310004010695187,0.1331133113311331,0.8855885588558856,121.0,805.0
assay_envelope,plus__raw_ad4,trained_oof,0.25,198,909,4,0.702020202020202,139.0,0.6321243523316062,0.7708411069651742,2.5656565656565657,2.3717992672723223,2.7653122253686164,0.15291529152915292,0.9152915291529153,139.0,832.0
assay_envelope,plus__raw_ad4,trained_oof,0.25,198,909,5,0.7777777777777778,154.0,0.7149821428571428,0.837847774244833,2.8636363636363638,2.6134945282460813,3.1188266587852813,0.1694169416941694,0.935093509350935,154.0,850.0
assay_envelope,plus__raw_ad4,trained_oof,0.25,198,909,6,0.8333333333333334,165.0,0.7760283801020408,0.889459859104133,3.085858585858586,2.782794879609875,3.395729867104358,0.18151815181518152,0.9570957095709571,165.0,870.0
assay_envelope,plus__raw_ad4,trained_oof,0.25,198,909,7,0.898989898989899,178.0,0.8520310047095762,0.9408866995073891,3.2525252525252526,2.916666666666667,3.6187852141567745,0.19581958195819582,0.9757975797579758,178.0,887.0
assay_envelope,plus__raw_ad4,trained_oof,0.25,198,909,8,0.9292929292929293,184.0,0.8883241980775461,0.96392215173143,3.3535353535353534,2.989374523264683,3.7514085662709915,0.20242024202420242,0.9834983498349835,184.0,894.0
assay_envelope,plus__raw_ad4,trained_oof,0.25,198,909,9,0.9747474747474747,193.0,0.9509763741562198,0.9948186528497409,3.4242424242424243,3.0420526315789465,3.849512935164484,0.21232123212321233,0.9944994499449945,193.0,904.0
assay_envelope,plus__raw_ad4,trained_oof,0.25,198,909,10,1.0,198.0,1.0,1.0,3.4494949494949494,3.0672996411483258,3.8830002149151084,0.21782178217821782,1.0,198.0,909.0
assay_envelope,plus__raw_ad4,trained_oof,0.5,198,909,1,0.398989898989899,79.0,0.32856792717086836,0.4666666666666667,1.0,1.0,1.0,0.08690869086908691,0.7997799779977998,79.0,727.0
assay_envelope,plus__raw_ad4,trained_oof,0.5,198,909,2,0.6212121212121212,123.0,0.5464466790603347,0.6933980041718024,1.601010101010101,1.5333333333333332,1.6714320728291316,0.1353135313531353,0.8778877887788779,123.0,798.0
assay_envelope,plus__raw_ad4,trained_oof,0.5,198,909,3,0.7222222222222222,143.0,0.6546193497224425,0.7875690438948089,1.97979797979798,1.8571257689678744,2.108701033146793,0.1573157315731573,0.911991199119912,143.0,829.0
assay_envelope,plus__raw_ad4,trained_oof,0.5,198,909,4,0.7878787878787878,156.0,0.7282051282051282,0.8465435359325405,2.257575757575758,2.0828908712141443,2.4456098047030688,0.1716171617161716,0.935093509350935,156.0,850.0
assay_envelope,plus__raw_ad4,trained_oof,0.5,198,909,5,0.8232323232323232,163.0,0.7668308303306067,0.8761929307805596,2.4696969696969697,2.2526289207868153,2.697807637906648,0.1793179317931793,0.9515951595159516,163.0,865.0
assay_envelope,plus__raw_ad4,trained_oof,0.5,198,909,6,0.8888888888888888,176.0,0.8412637362637363,0.9313725490196079,2.6464646464646466,2.3838298028832012,2.9230978260869565,0.1936193619361936,0.9702970297029703,176.0,882.0
assay_envelope,plus__raw_ad4,trained_oof,0.5,198,909,7,0.9343434343434344,185.0,0.8963730569948186,0.9665111642743222,2.757575757575758,2.466576354679803,3.0645248474280726,0.20352035203520352,0.9834983498349835,185.0,894.0
assay_envelope,plus__raw_ad4,trained_oof,0.5,198,909,8,0.9595959595959596,190.0,0.9297297297297298,0.9850746268656716,2.823232323232323,2.514419642857143,3.15349469225273,0.20902090209020902,0.9911991199119912,190.0,901.0
assay_envelope,plus__raw_ad4,trained_oof,0.5,198,909,9,0.98989898989899,196.0,0.973404255319149,1.0,2.8636363636363638,2.5414435756797755,3.2131168344844805,0.2156215621562156,0.9977997799779978,196.0,907.0
assay_envelope,plus__raw_ad4,trained_oof,0.5,198,909,10,1.0,198.0,1.0,1.0,2.8737373737373737,2.5485356808437243,3.2268554136533822,0.21782178217821782,1.0,198.0,909.0
assay_envelope,plus__raw_ad4,trained_oof,1.0,198,909,1,0.4090909090909091,81.0,0.33513441633122487,0.48311126694717144,1.0,1.0,1.0,0.0891089108910891,0.8118811881188119,81.0,738.0
assay_envelope,plus__raw_ad4,trained_oof,1.0,198,909,2,0.6262626262626263,124.0,0.5531885177701177,0.7000245098039214,1.5909090909090908,1.5168887330528285,1.6648655836687751,0.13641364136413642,0.8833883388338833,124.0,803.0
assay_envelope,plus__raw_ad4,trained_oof,1.0,198,909,3,0.7474747474747475,148.0,0.6818181818181818,0.8112244897959183,1.9646464646464648,1.8308438576349022,2.094736842105263,0.1628162816281628,0.922992299229923,148.0,839.0
assay_envelope,plus__raw_ad4,trained_oof,1.0,198,909,4,0.803030303030303,159.0,0.7424242424242424,0.8585871807075995,2.217171717171717,2.0343095408895264,2.401169950738916,0.17491749174917492,0.9427942794279428,159.0,857.0
assay_envelope,plus__raw_ad4,trained_oof,1.0,198,909,5,0.8535353535353535,169.0,0.8020588743093923,0.9020618556701031,2.414141414141414,2.1859205822929075,2.6428851907255044,0.1859185918591859,0.9614961496149615,169.0,874.0
assay_envelope,plus__raw_ad4,trained_oof,1.0,198,909,6,0.8888888888888888,176.0,0.841025641025641,0.9315821566110398,2.5606060606060606,2.289966494845361,2.8307908163265303,0.1936193619361936,0.9702970297029703,176.0,882.0
assay_envelope,plus__raw_ad4,trained_oof,1.0,198,909,7,0.9242424242424242,183.0,0.886477789670859,0.9573484924876474,2.6717171717171717,2.3712833010105134,2.9790683313196404,0.20132013201320131,0.9801980198019802,183.0,891.0
assay_envelope,plus__raw_ad4,trained_oof,1.0,198,909,8,0.9545454545454546,189.0,0.9227053140096618,0.9805825242718447,2.7474747474747474,2.4207675602465906,3.079999999999999,0.2079207920792079,0.988998899889989,189.0,899.0
assay_envelope,plus__raw_ad4,trained_oof,1.0,198,909,9,0.98989898989899,196.0,0.9738219895287958,1.0,2.792929292929293,2.458285256410256,3.1406447285353534,0.2156215621562156,0.9977997799779978,196.0,907.0
assay_envelope,plus__raw_ad4,trained_oof,1.0,198,909,10,1.0,198.0,1.0,1.0,2.803030303030303,2.46601108890158,3.1538563829787236,0.21782178217821782,1.0,198.0,909.0
assay_envelope,calibrated__raw_gnina_own,trained_oof,0.125,198,909,1,0.2222222222222222,44.0,0.16666666666666666,0.28063211465490706,1.0,1.0,1.0,0.0484048404840484,0.7480748074807481,44.0,680.0
assay_envelope,calibrated__raw_gnina_own,trained_oof,0.125,198,909,2,0.42424242424242425,84.0,0.3487064676616915,0.4950507183071248,1.7777777777777777,1.7193678853450929,1.8333333333333333,0.0924092409240924,0.8261826182618262,84.0,751.0
assay_envelope,calibrated__raw_gnina_own,trained_oof,0.125,198,909,3,0.601010101010101,119.0,0.5217339296858747,0.6751301742634361,2.3535353535353534,2.236711079943899,2.472641547696301,0.13091309130913092,0.8822882288228823,119.0,802.0
assay_envelope,calibrated__raw_gnina_own,trained_oof,0.125,198,909,4,0.7272727272727273,144.0,0.6519232379039009,0.7925550299048926,2.7525252525252526,2.5871199213630405,2.9305589933993397,0.15841584158415842,0.922992299229923,144.0,839.0
assay_envelope,calibrated__raw_gnina_own,trained_oof,0.125,198,909,5,0.7878787878787878,156.0,0.7164948453608248,0.8492585986929465,3.025252525252525,2.8065808593400696,3.2619227994227993,0.1716171617161716,0.9416941694169417,156.0,856.0
assay_envelope,calibrated__raw_gnina_own,trained_oof,0.125,198,909,6,0.8434343434343434,167.0,0.7903145161290323,0.892160633484163,3.2373737373737375,2.976172969187675,3.529183201058201,0.18371837183718373,0.9592959295929593,167.0,872.0
assay_envelope,calibrated__raw_gnina_own,trained_oof,0.125,198,909,7,0.8737373737373737,173.0,0.8254633209609238,0.9182692307692307,3.393939393939394,3.0998170731707315,3.7277348311754253,0.19031903190319033,0.9691969196919692,173.0,881.0
assay_envelope,calibrated__raw_gnina_own,trained_oof,0.125,198,909,8,0.9242424242424242,183.0,0.8840579710144928,0.958974358974359,3.5202020202020203,3.1928690457878277,3.899069499341238,0.20132013201320131,0.9823982398239824,183.0,893.0
assay_envelope,calibrated__raw_gnina_own,trained_oof,0.125,198,909,9,0.9696969696969697,192.0,0.945,0.9900990099009901,3.595959595959596,3.252444154513974,4.0,0.21122112211221122,0.9933993399339934,192.0,903.0
assay_envelope,calibrated__raw_gnina_own,trained_oof,0.125,198,909,10,1.0,198.0,1.0,1.0,3.6262626262626263,3.2699857512953363,4.035718864468865,0.21782178217821782,1.0,198.0,909.0
assay_envelope,calibrated__raw_gnina_own,trained_oof,0.25,198,909,1,0.2222222222222222,44.0,0.1649987113402062,0.284328787380874,1.0,1.0,1.0,0.0484048404840484,0.7491749174917491,44.0,681.0
assay_envelope,calibrated__raw_gnina_own,trained_oof,0.25,198,909,2,0.41414141414141414,82.0,0.34122676742306773,0.48947368421052634,1.7777777777777777,1.715671212619126,1.8350012886597937,0.09020902090209021,0.8250825082508251,82.0,750.0
assay_envelope,calibrated__raw_gnina_own,trained_oof,0.25,198,909,3,0.5858585858585859,116.0,0.5091412892069743,0.6584158415841584,2.3636363636363638,2.238793764820756,2.4850073529411763,0.1276127612761276,0.8844884488448845,116.0,804.0
assay_envelope,calibrated__raw_gnina_own,trained_oof,0.25,198,909,4,0.6818181818181818,135.0,0.6048780487804878,0.753848167539267,2.7777777777777777,2.6030678199384685,2.954093228200371,0.1485148514851485,0.9163916391639164,135.0,833.0
assay_envelope,calibrated__raw_gnina_own,trained_oof,0.25,198,909,5,0.7323232323232324,145.0,0.6586415816326531,0.8010210759696548,3.095959595959596,2.8709326788218794,3.3282828282828283,0.15951595159515952,0.9306930693069307,145.0,846.0
assay_envelope,calibrated__raw_gnina_own,trained_oof,0.25,198,909,6,0.8080808080808081,160.0,0.7486881188118812,0.865287465125548,3.3636363636363638,3.0837587260034907,3.661837474120083,0.17601760176017603,0.9515951595159516,160.0,865.0
assay_envelope,calibrated__raw_gnina_own,trained_oof,0.25,198,909,7,0.8737373737373737,173.0,0.8222195512820513,0.9202233198243837,3.5555555555555554,3.2299877049180328,3.897585719335454,0.19031903190319033,0.9691969196919692,173.0,881.0
assay_envelope,calibrated__raw_gnina_own,trained_oof,0.25,198,909,8,0.9141414141414141,181.0,0.8670206215281417,0.955310719619448,3.6818181818181817,3.33153947368421,4.056424870466321,0.19911991199119913,0.9790979097909791,181.0,890.0
assay_envelope,calibrated__raw_gnina_own,trained_oof,0.25,198,909,9,0.9646464646464646,191.0,0.9368421052631579,0.9893062350665605,3.7676767676767677,3.3978265362358773,4.1628446415727645,0.21012101210121012,0.9922992299229924,191.0,902.0
assay_envelope,calibrated__raw_gnina_own,trained_oof,0.25,198,909,10,1.0,198.0,1.0,1.0,3.803030303030303,3.4210391363022947,4.206429737120677,0.21782178217821782,1.0,198.0,909.0
assay_envelope,calibrated__raw_gnina_own,trained_oof,0.5,198,909,1,0.2828282828282828,56.0,0.21607312880190424,0.35323383084577115,1.0,1.0,1.0,0.061606160616061605,0.7634763476347635,56.0,694.0
assay_envelope,calibrated__raw_gnina_own,trained_oof,0.5,198,909,2,0.4444444444444444,88.0,0.36984720758693357,0.5177804502086267,1.7171717171717171,1.6467661691542288,1.7839268711980958,0.0968096809680968,0.8316831683168316,88.0,756.0
assay_envelope,calibrated__raw_gnina_own,trained_oof,0.5,198,909,3,0.5606060606060606,111.0,0.48204663212435234,0.6386171012389197,2.272727272727273,2.137548036758563,2.4050165094339624,0.12211221122112212,0.8767876787678768,111.0,797.0
assay_envelope,calibrated__raw_gnina_own,trained_oof,0.5,198,909,4,0.6515151515151515,129.0,0.5741507177033492,0.7246564541563414,2.712121212121212,2.5097551586079456,2.9117685156964344,0.1419141914191419,0.911991199119912,129.0,829.0
assay_envelope,calibrated__raw_gnina_own,trained_oof,0.5,198,909,5,0.702020202020202,139.0,0.6244332855093256,0.7750127551020408,3.0606060606060606,2.798970839418769,3.3164183673469383,0.15291529152915292,0.9251925192519251,139.0,841.0
assay_envelope,calibrated__raw_gnina_own,trained_oof,0.5,198,909,6,0.7575757575757576,150.0,0.6891160720926197,0.8217959993968939,3.3585858585858586,3.0515140133657983,3.685031862745098,0.16501650165016502,0.9405940594059405,150.0,855.0
assay_envelope,calibrated__raw_gnina_own,trained_oof,0.5,198,909,7,0.8686868686868687,172.0,0.8109452736318408,0.9183746704423396,3.601010101010101,3.2361947063089196,3.990246258984329,0.18921892189218922,0.9702970297029703,172.0,882.0
assay_envelope,calibrated__raw_gnina_own,trained_oof,0.5,198,909,8,0.9141414141414141,181.0,0.8599932126696832,0.9589772727272727,3.7323232323232323,3.345168913005426,4.160685164985001,0.19911991199119913,0.9812981298129813,181.0,892.0
assay_envelope,calibrated__raw_gnina_own,trained_oof,0.5,198,909,9,0.9494949494949495,188.0,0.9086177872164094,0.9842105263157894,3.8181818181818183,3.398008681084374,4.271437728937729,0.2068206820682068,0.988998899889989,188.0,899.0
assay_envelope,calibrated__raw_gnina_own,trained_oof,0.5,198,909,10,1.0,198.0,1.0,1.0,3.8686868686868685,3.4345401560802142,4.341505260640842,0.21782178217821782,1.0,198.0,909.0
assay_envelope,calibrated__raw_gnina_own,trained_oof,1.0,198,909,1,0.20707070707070707,41.0,0.14134835189145345,0.2722995653223858,1.0,1.0,1.0,0.045104510451045104,0.7557755775577558,41.0,687.0
assay_envelope,calibrated__raw_gnina_own,trained_oof,1.0,198,909,2,0.4393939393939394,87.0,0.3608205171539631,0.5131258577746147,1.792929292929293,1.7277004346776141,1.8586516481085464,0.09570957095709572,0.8272827282728272,87.0,752.0
assay_envelope,calibrated__raw_gnina_own,trained_oof,1.0,198,909,3,0.6060606060606061,120.0,0.5326446060087672,0.673469387755102,2.3535353535353534,2.2267990452490984,2.4847015306122446,0.132013201320132,0.8888888888888888,120.0,808.0
assay_envelope,calibrated__raw_gnina_own,trained_oof,1.0,198,909,4,0.696969696969697,138.0,0.629624929498026,0.7635467980295566,2.7474747474747474,2.5660229181072802,2.937543162983425,0.15181518151815182,0.9174917491749175,138.0,834.0
assay_envelope,calibrated__raw_gnina_own,trained_oof,1.0,198,909,5,0.7828282828282829,155.0,0.7178217821782178,0.8442211055276382,3.0505050505050506,2.8181818181818183,3.2965445785629175,0.1705170517051705,0.9405940594059405,155.0,855.0
assay_envelope,calibrated__raw_gnina_own,trained_oof,1.0,198,909,6,0.8333333333333334,165.0,0.7766497461928934,0.8866104090455602,3.2676767676767677,2.994729128764908,3.5615062848007057,0.18151815181518152,0.9548954895489549,165.0,868.0
assay_envelope,calibrated__raw_gnina_own,trained_oof,1.0,198,909,7,0.8686868686868687,172.0,0.814985824742268,0.9178762541806019,3.4343434343434343,3.12041763622261,3.7650403953251232,0.18921892189218922,0.9658965896589659,172.0,878.0
assay_envelope,calibrated__raw_gnina_own,trained_oof,1.0,198,909,8,0.9090909090909091,180.0,0.8606965174129353,0.9508236901317904,3.5656565656565657,3.2162210051546394,3.933709369829206,0.19801980198019803,0.9801980198019802,180.0,891.0
assay_envelope,calibrated__raw_gnina_own,trained_oof,1.0,198,909,9,0.9494949494949495,188.0,0.9090909090909091,0.9841290726817042,3.6565656565656566,3.2783429720895145,4.052704678362573,0.2068206820682068,0.988998899889989,188.0,899.0
assay_envelope,calibrated__raw_gnina_own,trained_oof,1.0,198,909,10,1.0,198.0,1.0,1.0,3.707070707070707,3.3112189971682455,4.132694943649101,0.21782178217821782,1.0,198.0,909.0
assay_envelope,availability__raw_gnina_own,trained_oof,0.125,198,909,1,0.23232323232323232,46.0,0.17435897435897435,0.2929377913752913,1.0,1.0,1.0,0.050605060506050605,0.7370737073707371,46.0,670.0
assay_envelope,availability__raw_gnina_own,trained_oof,0.125,198,909,2,0.5,99.0,0.418848167539267,0.5779029953690018,1.7676767676767677,1.7070622086247087,1.8256410256410256,0.10891089108910891,0.8426842684268426,99.0,766.0
assay_envelope,availability__raw_gnina_own,trained_oof,0.125,198,909,3,0.6313131313131313,125.0,0.5510204081632653,0.7091880717804362,2.2676767676767677,2.1487179487179486,2.3886228524679574,0.13751375137513752,0.8877887788778878,125.0,807.0
assay_envelope,availability__raw_gnina_own,trained_oof,0.125,198,909,4,0.7070707070707071,140.0,0.6308108341986847,0.7777777777777778,2.6363636363636362,2.4507577720207254,2.8283204384268212,0.15401540154015403,0.9163916391639164,140.0,833.0
assay_envelope,availability__raw_gnina_own,trained_oof,0.125,198,909,5,0.7575757575757576,150.0,0.6862719023779724,0.8205223880597015,2.9292929292929295,2.6797981730355347,3.1912600988312807,0.16501650165016502,0.935093509350935,150.0,850.0
assay_envelope,availability__raw_gnina_own,trained_oof,0.125,198,909,6,0.8232323232323232,163.0,0.7653061224489796,0.8780487804878049,3.1717171717171717,2.87117982734234,3.492507081358498,0.1793179317931793,0.9526952695269527,163.0,866.0
assay_envelope,availability__raw_gnina_own,trained_oof,0.125,198,909,7,0.9090909090909091,180.0,0.8659620212595481,0.9458194484690428,3.3484848484848486,3.0100935828877007,3.7049873896595207,0.19801980198019803,0.9757975797579758,180.0,887.0
assay_envelope,availability__raw_gnina_own,trained_oof,0.125,198,909,8,0.9444444444444444,187.0,0.9095623791102514,0.9747506471752703,3.4393939393939394,3.083315217391304,3.828186902322404,0.20572057205720573,0.9867986798679867,187.0,897.0
assay_envelope,availability__raw_gnina_own,trained_oof,0.125,198,909,9,0.9747474747474747,193.0,0.9502487562189055,0.9949748743718593,3.494949494949495,3.1310055478502083,3.8925706167474505,0.21232123212321233,0.9944994499449945,193.0,904.0
assay_envelope,availability__raw_gnina_own,trained_oof,0.125,198,909,10,1.0,198.0,1.0,1.0,3.5202020202020203,3.1470553387231672,3.925580145518685,0.21782178217821782,1.0,198.0,909.0
assay_envelope,availability__raw_gnina_own,trained_oof,0.25,198,909,1,0.24242424242424243,48.0,0.1746031746031746,0.31157427408535887,1.0,1.0,1.0,0.052805280528052806,0.7546754675467546,48.0,686.0
assay_envelope,availability__raw_gnina_own,trained_oof,0.25,198,909,2,0.47474747474747475,94.0,0.3928475422427035,0.5520940353881278,1.7575757575757576,1.6884257259146411,1.8253968253968254,0.1034103410341034,0.8437843784378438,94.0,767.0
assay_envelope,availability__raw_gnina_own,trained_oof,0.25,198,909,3,0.5959595959595959,118.0,0.5148217280744468,0.6730792682926829,2.282828282828283,2.1554294041450777,2.4133086734693876,0.12981298129812982,0.8877887788778878,118.0,807.0
assay_envelope,availability__raw_gnina_own,trained_oof,0.25,198,909,4,0.696969696969697,138.0,0.625,0.7641176470588233,2.686868686868687,2.4999434389140274,2.890667067307692,0.15181518151815182,0.9141914191419142,138.0,831.0
assay_envelope,availability__raw_gnina_own,trained_oof,0.25,198,909,5,0.7727272727272727,153.0,0.7091738618524333,0.8357525083612041,2.98989898989899,2.751123271889401,3.2473790322580642,0.16831683168316833,0.935093509350935,153.0,850.0
assay_envelope,availability__raw_gnina_own,trained_oof,0.25,198,909,6,0.8434343434343434,167.0,0.7872314093111439,0.8963775236733964,3.217171717171717,2.927461139896373,3.52482810781078,0.18371837183718373,0.9592959295929593,167.0,872.0
assay_envelope,availability__raw_gnina_own,trained_oof,0.25,198,909,7,0.8888888888888888,176.0,0.8410051546391752,0.9310390439700784,3.3737373737373737,3.046389366170294,3.7258878913078015,0.1936193619361936,0.9735973597359736,176.0,885.0
assay_envelope,availability__raw_gnina_own,trained_oof,0.25,198,909,8,0.9292929292929293,184.0,0.8888888888888888,0.9644714915654001,3.484848484848485,3.126829268292683,3.871287128712871,0.20242024202420242,0.9834983498349835,184.0,894.0
assay_envelope,availability__raw_gnina_own,trained_oof,0.25,198,909,9,0.9646464646464646,191.0,0.9368356867779204,0.9891920797803151,3.5555555555555554,3.180487804878049,3.970304309842749,0.21012101210121012,0.9922992299229924,191.0,902.0
assay_envelope,availability__raw_gnina_own,trained_oof,0.25,198,909,10,1.0,198.0,1.0,1.0,3.590909090909091,3.207727488714659,4.014858985898591,0.21782178217821782,1.0,198.0,909.0
assay_envelope,availability__raw_gnina_own,trained_oof,0.5,198,909,1,0.35353535353535354,70.0,0.2798159195702809,0.42718446601941745,1.0,1.0,1.0,0.07700770077007701,0.7854785478547854,70.0,714.0
assay_envelope,availability__raw_gnina_own,trained_oof,0.5,198,909,2,0.5808080808080808,115.0,0.5052069909793815,0.6521960958296361,1.6464646464646464,1.5728155339805825,1.720184080429719,0.1265126512651265,0.8657865786578658,115.0,787.0
assay_envelope,availability__raw_gnina_own,trained_oof,0.5,198,909,3,0.6868686868686869,136.0,0.6165784244680316,0.7548150510204081,2.0656565656565657,1.9368337510442775,2.1980437967266115,0.1496149614961496,0.900990099009901,136.0,819.0
assay_envelope,availability__raw_gnina_own,trained_oof,0.5,198,909,4,0.7525252525252525,149.0,0.68447812474024,0.8150096153846152,2.378787878787879,2.1990944989106755,2.5707422785547784,0.1639163916391639,0.922992299229923,149.0,839.0
assay_envelope,availability__raw_gnina_own,trained_oof,0.5,198,909,5,0.8080808080808081,160.0,0.747226250906454,0.8636473962930273,2.6262626262626263,2.390470383275262,2.877058235881765,0.17601760176017603,0.9460946094609461,160.0,860.0
assay_envelope,availability__raw_gnina_own,trained_oof,0.5,198,909,6,0.8787878787878788,174.0,0.8272201782934767,0.9250093283582089,2.8181818181818183,2.538850139497808,3.1150350529100526,0.19141914191419143,0.9680968096809681,174.0,880.0
assay_envelope,availability__raw_gnina_own,trained_oof,0.5,198,909,7,0.9141414141414141,181.0,0.8704663212435233,0.9521531100478469,2.9393939393939394,2.633289473684211,3.2746281364615473,0.19911991199119913,0.9790979097909791,181.0,890.0
assay_envelope,availability__raw_gnina_own,trained_oof,0.5,198,909,8,0.9444444444444444,187.0,0.9077651232262883,0.9757281553398058,3.025252525252525,2.6947329530723354,3.3903922009848046,0.20572057205720573,0.9878987898789879,187.0,898.0
assay_envelope,availability__raw_gnina_own,trained_oof,0.5,198,909,9,0.98989898989899,196.0,0.973404255319149,1.0,3.080808080808081,2.731992695837089,3.470304309842749,0.2156215621562156,0.9977997799779978,196.0,907.0
assay_envelope,availability__raw_gnina_own,trained_oof,0.5,198,909,10,1.0,198.0,1.0,1.0,3.090909090909091,2.736799431009957,3.4845773765449675,0.21782178217821782,1.0,198.0,909.0
assay_envelope,availability__raw_gnina_own,trained_oof,1.0,198,909,1,0.4090909090909091,81.0,0.33513441633122487,0.48311126694717144,1.0,1.0,1.0,0.0891089108910891,0.812981298129813,81.0,739.0
assay_envelope,availability__raw_gnina_own,trained_oof,1.0,198,909,2,0.6161616161616161,122.0,0.5434699845508717,0.6911856160374596,1.5909090909090908,1.5168887330528285,1.6648655836687751,0.1342134213421342,0.8822882288228823,122.0,802.0
assay_envelope,availability__raw_gnina_own,trained_oof,1.0,198,909,3,0.7474747474747475,148.0,0.6818181818181818,0.8112244897959183,1.9747474747474747,1.839332868677836,2.1044035153328347,0.1628162816281628,0.922992299229923,148.0,839.0
assay_envelope,availability__raw_gnina_own,trained_oof,1.0,198,909,4,0.8080808080808081,160.0,0.75,0.8631643132220795,2.227272727272727,2.0408163265306123,2.4127212665170776,0.17601760176017603,0.9427942794279428,160.0,857.0
assay_envelope,availability__raw_gnina_own,trained_oof,1.0,198,909,5,0.8535353535353535,169.0,0.8020588743093923,0.9020618556701031,2.419191919191919,2.18556198139301,2.64708838309193,0.1859185918591859,0.9614961496149615,169.0,874.0
assay_envelope,availability__raw_gnina_own,trained_oof,1.0,198,909,6,0.8787878787878788,174.0,0.8299974226804123,0.9230769230769231,2.5656565656565657,2.292612230470131,2.8385416666666665,0.19141914191419143,0.9680968096809681,174.0,880.0
assay_envelope,availability__raw_gnina_own,trained_oof,1.0,198,909,7,0.9242424242424242,183.0,0.8848167539267016,0.9593908629441624,2.686868686868687,2.3804583683767877,2.9950255102040804,0.20132013201320131,0.9801980198019802,183.0,891.0
assay_envelope,availability__raw_gnina_own,trained_oof,1.0,198,909,8,0.9545454545454546,189.0,0.9227053140096618,0.9805825242718447,2.7626262626262625,2.436200980392157,3.0950608974358977,0.2079207920792079,0.988998899889989,189.0,899.0
assay_envelope,availability__raw_gnina_own,trained_oof,1.0,198,909,9,0.9848484848484849,195.0,0.9648196792041013,1.0,2.808080808080808,2.4662703552923757,3.1508509040045585,0.2145214521452145,0.9966996699669967,195.0,906.0
assay_envelope,availability__raw_gnina_own,trained_oof,1.0,198,909,10,1.0,198.0,1.0,1.0,2.823232323232323,2.47691037735849,3.174365079365079,0.21782178217821782,1.0,198.0,909.0
assay_envelope,plus__raw_gnina_own,trained_oof,0.125,198,909,1,0.25252525252525254,50.0,0.19387354418207073,0.31417107202765193,1.0,1.0,1.0,0.05500550055005501,0.7557755775577558,50.0,687.0
assay_envelope,plus__raw_gnina_own,trained_oof,0.125,198,909,2,0.5303030303030303,105.0,0.4504950495049505,0.6048843026891807,1.7474747474747474,1.6858289279723477,1.8061264558179293,0.11551155115511551,0.8481848184818482,105.0,771.0
assay_envelope,plus__raw_gnina_own,trained_oof,0.125,198,909,3,0.6363636363636364,126.0,0.5561224489795918,0.7093637110016421,2.217171717171717,2.0952156334231806,2.3393798898869895,0.13861386138613863,0.8888888888888888,126.0,808.0
assay_envelope,plus__raw_gnina_own,trained_oof,0.125,198,909,4,0.7070707070707071,140.0,0.6287093352192362,0.7766641956073779,2.580808080808081,2.403938518378174,2.7673540906722254,0.15401540154015403,0.9163916391639164,140.0,833.0
assay_envelope,plus__raw_gnina_own,trained_oof,0.125,198,909,5,0.7727272727272727,153.0,0.7064606093245115,0.8333333333333334,2.8737373737373737,2.6328056845363728,3.127580066680137,0.16831683168316833,0.9405940594059405,153.0,855.0
assay_envelope,plus__raw_gnina_own,trained_oof,0.125,198,909,6,0.8434343434343434,167.0,0.7883518806073154,0.8934144746962005,3.101010101010101,2.8090114031696944,3.4200053191489364,0.18371837183718373,0.9592959295929593,167.0,872.0
assay_envelope,plus__raw_gnina_own,trained_oof,0.125,198,909,7,0.8888888888888888,176.0,0.8426395939086294,0.9312169312169312,3.257575757575758,2.930808814841073,3.618125995832822,0.1936193619361936,0.9735973597359736,176.0,885.0
assay_envelope,plus__raw_gnina_own,trained_oof,0.125,198,909,8,0.9292929292929293,184.0,0.8915014908593215,0.9631627170019289,3.3686868686868685,3.0191365979381444,3.7606467306694342,0.20242024202420242,0.9845984598459846,184.0,895.0
assay_envelope,plus__raw_gnina_own,trained_oof,0.125,198,909,9,0.9696969696969697,192.0,0.9446940604198669,0.9901960784313726,3.4393939393939394,3.0706963753723935,3.850969551282051,0.21122112211221122,0.9933993399339934,192.0,903.0
assay_envelope,plus__raw_gnina_own,trained_oof,0.125,198,909,10,1.0,198.0,1.0,1.0,3.4696969696969697,3.085851158645277,3.886532446151735,0.21782178217821782,1.0,198.0,909.0
assay_envelope,plus__raw_gnina_own,trained_oof,0.25,198,909,1,0.25252525252525254,50.0,0.18686018213220287,0.31869857890800285,1.0,1.0,1.0,0.05500550055005501,0.7502750275027503,50.0,682.0
assay_envelope,plus__raw_gnina_own,trained_oof,0.25,198,909,2,0.48484848484848486,96.0,0.4055448717948718,0.5602193399968268,1.7474747474747474,1.681301421091997,1.813139817867797,0.10561056105610561,0.8393839383938394,96.0,763.0
assay_envelope,plus__raw_gnina_own,trained_oof,0.25,198,909,3,0.6161616161616161,122.0,0.5340314136125655,0.6904761904761905,2.2626262626262625,2.133316326530612,2.390376878023937,0.1342134213421342,0.8965896589658966,122.0,815.0
assay_envelope,plus__raw_gnina_own,trained_oof,0.25,198,909,4,0.7424242424242424,147.0,0.675,0.8052667140825035,2.6464646464646466,2.455860294117647,2.8434422348484847,0.1617161716171617,0.9328932893289329,147.0,848.0
assay_envelope,plus__raw_gnina_own,trained_oof,0.25,198,909,5,0.797979797979798,158.0,0.7363114629896204,0.8563854412923562,2.904040404040404,2.6683660840573853,3.1531207042402447,0.17381738173817382,0.9482948294829483,158.0,862.0
assay_envelope,plus__raw_gnina_own,trained_oof,0.25,198,909,6,0.8383838383838383,166.0,0.7814039624791794,0.8928707396664249,3.106060606060606,2.8190365448504986,3.3989896373056996,0.18261826182618263,0.9603960396039604,166.0,873.0
assay_envelope,plus__raw_gnina_own,trained_oof,0.25,198,909,7,0.8838383838383839,175.0,0.8307692307692308,0.9313725490196079,3.2676767676767677,2.9361849547511314,3.6142519566902553,0.1925192519251925,0.9735973597359736,175.0,885.0
assay_envelope,plus__raw_gnina_own,trained_oof,0.25,198,909,8,0.9141414141414141,181.0,0.8686868686868687,0.9536141950832673,3.3838383838383836,3.024739168236488,3.7635987530788175,0.19911991199119913,0.9812981298129813,181.0,892.0
assay_envelope,plus__raw_gnina_own,trained_oof,0.25,198,909,9,0.9595959595959596,190.0,0.9293464536671059,0.9848503883051621,3.4696969696969697,3.082863708787842,3.8808526251308093,0.20902090209020902,0.9911991199119912,190.0,901.0
assay_envelope,plus__raw_gnina_own,trained_oof,0.25,198,909,10,1.0,198.0,1.0,1.0,3.51010101010101,3.104935975609756,3.9348120582565858,0.21782178217821782,1.0,198.0,909.0
assay_envelope,plus__raw_gnina_own,trained_oof,0.5,198,909,1,0.4090909090909091,81.0,0.3350253807106599,0.4827628259041211,1.0,1.0,1.0,0.0891089108910891,0.8041804180418042,81.0,731.0
assay_envelope,plus__raw_gnina_own,trained_oof,0.5,198,909,2,0.5858585858585859,116.0,0.5121649691771644,0.6564179104477611,1.5909090909090908,1.5172371740958788,1.6649746192893402,0.1276127612761276,0.8679867986798679,116.0,789.0
assay_envelope,plus__raw_gnina_own,trained_oof,0.5,198,909,3,0.7272727272727273,144.0,0.6581565520945221,0.7892221362229102,2.005050505050505,1.871778350515464,2.1436170212765955,0.15841584158415842,0.9174917491749175,144.0,834.0
assay_envelope,plus__raw_gnina_own,trained_oof,0.5,198,909,4,0.8131313131313131,161.0,0.7512946792562005,0.8725513318534961,2.2777777777777777,2.099502487562189,2.4718131868131867,0.1771177117711771,0.9482948294829483,161.0,862.0
assay_envelope,plus__raw_gnina_own,trained_oof,0.5,198,909,5,0.8484848484848485,168.0,0.7897236180904522,0.9062538485221675,2.4646464646464645,2.2318186638388124,2.7035316890575323,0.1848184818481848,0.9614961496149615,168.0,874.0
assay_envelope,plus__raw_gnina_own,trained_oof,0.5,198,909,6,0.898989898989899,178.0,0.8495031141234658,0.9418046928916494,2.6161616161616164,2.3350502577319587,2.901501862309263,0.19581958195819582,0.9746974697469747,178.0,886.0
assay_envelope,plus__raw_gnina_own,trained_oof,0.5,198,909,7,0.9090909090909091,180.0,0.8613861386138614,0.9508236901317904,2.717171717171717,2.4039208985634333,3.0360918707044675,0.19801980198019803,0.9790979097909791,180.0,890.0
assay_envelope,plus__raw_gnina_own,trained_oof,0.5,198,909,8,0.9494949494949495,188.0,0.9068595702529717,0.9842105263157894,2.808080808080808,2.4684100337049517,3.1598233593160674,0.2068206820682068,0.988998899889989,188.0,899.0
assay_envelope,plus__raw_gnina_own,trained_oof,0.5,198,909,9,0.9696969696969697,192.0,0.939076118187913,0.9947916666666666,2.8585858585858586,2.4950890092879257,3.2410386473429953,0.21122112211221122,0.9933993399339934,192.0,903.0
assay_envelope,plus__raw_gnina_own,trained_oof,0.5,198,909,10,1.0,198.0,1.0,1.0,2.888888888888889,2.509992718446601,3.2914728344693764,0.21782178217821782,1.0,198.0,909.0
assay_envelope,plus__raw_gnina_own,trained_oof,1.0,198,909,1,0.46464646464646464,92.0,0.3891557197591681,0.5418777547316567,1.0,1.0,1.0,0.10121012101210121,0.8173817381738174,92.0,743.0
assay_envelope,plus__raw_gnina_own,trained_oof,1.0,198,909,2,0.6414141414141414,127.0,0.5669976131227464,0.7135678391959799,1.5353535353535352,1.4581222452683433,1.6108442802408318,0.1397139713971397,0.8866886688668867,127.0,806.0
assay_envelope,plus__raw_gnina_own,trained_oof,1.0,198,909,3,0.7777777777777778,154.0,0.7085374790619765,0.8415904728227924,1.893939393939394,1.7591487633146778,2.0313907214800553,0.1694169416941694,0.9317931793179318,154.0,847.0
assay_envelope,plus__raw_gnina_own,trained_oof,1.0,198,909,4,0.8181818181818182,162.0,0.7552031250000001,0.8750161917098445,2.1161616161616164,1.9292929292929295,2.3054257382781596,0.1782178217821782,0.9460946094609461,162.0,860.0
assay_envelope,plus__raw_gnina_own,trained_oof,1.0,198,909,5,0.8484848484848485,168.0,0.7874344742522357,0.9014797468031344,2.297979797979798,2.059694103738732,2.541903803355755,0.1848184818481848,0.9581958195819582,168.0,871.0
assay_envelope,plus__raw_gnina_own,trained_oof,1.0,198,909,6,0.898989898989899,178.0,0.8480363919761453,0.9428608438193931,2.4494949494949494,2.171288500287852,2.7417709867452134,0.19581958195819582,0.9724972497249725,178.0,884.0
assay_envelope,plus__raw_gnina_own,trained_oof,1.0,198,909,7,0.9292929292929293,184.0,0.8826455582232894,0.9656904591104735,2.5505050505050506,2.2390073297106032,2.8792371175523344,0.20242024202420242,0.9834983498349835,184.0,894.0
assay_envelope,plus__raw_gnina_own,trained_oof,1.0,198,909,8,0.9393939393939394,186.0,0.8932525476874836,0.9748743718592965,2.621212121212121,2.276669308500099,2.9780395136778117,0.20462046204620463,0.9867986798679867,186.0,897.0
assay_envelope,plus__raw_gnina_own,trained_oof,1.0,198,909,9,0.9595959595959596,190.0,0.9264705882352942,0.9850018656716417,2.6818181818181817,2.316326530612246,3.072135416666666,0.20902090209020902,0.9911991199119912,190.0,901.0
assay_envelope,plus__raw_gnina_own,trained_oof,1.0,198,909,10,1.0,198.0,1.0,1.0,2.7222222222222223,2.3397742212783172,3.1313867845117853,0.21782178217821782,1.0,198.0,909.0
assay_envelope,calibrated__vina,trained_oof,0.125,198,909,1,0.19696969696969696,39.0,0.1449846256684492,0.25352281151020956,1.0,1.0,1.0,0.0429042904290429,0.7370737073707371,39.0,670.0
assay_envelope,calibrated__vina,trained_oof,0.125,198,909,2,0.42424242424242425,84.0,0.3487121212121212,0.5,1.803030303030303,1.7464771884897903,1.8550153743315507,0.0924092409240924,0.8283828382838284,84.0,753.0
assay_envelope,calibrated__vina,trained_oof,0.125,198,909,3,0.5606060606060606,111.0,0.47825016063396875,0.6386241246075827,2.378787878787879,2.2634146341463417,2.49239141306794,0.12211221122112212,0.8745874587458746,111.0,795.0
assay_envelope,calibrated__vina,trained_oof,0.125,198,909,4,0.6313131313131313,125.0,0.5463414634146342,0.708994708994709,2.8181818181818183,2.6412473488865325,3.0048125000000003,0.13751375137513752,0.9020902090209021,125.0,820.0
assay_envelope,calibrated__vina,trained_oof,0.125,198,909,5,0.7272727272727273,144.0,0.6549862565445026,0.7961333783292662,3.186868686868687,2.944993090452261,3.4410837438423645,0.15841584158415842,0.9262926292629263,144.0,842.0
assay_envelope,calibrated__vina,trained_oof,0.125,198,909,6,0.803030303030303,159.0,0.7378580697875613,0.862750074649149,3.45959595959596,3.1612781650186417,3.7653276982434765,0.17491749174917492,0.9471947194719472,159.0,861.0
assay_envelope,calibrated__vina,trained_oof,0.125,198,909,7,0.8585858585858586,170.0,0.7970977709114986,0.9124468703861125,3.6565656565656566,3.309209708335492,4.010205627705627,0.18701870187018702,0.9647964796479648,170.0,877.0
assay_envelope,calibrated__vina,trained_oof,0.125,198,909,8,0.9090909090909091,180.0,0.8618996960486323,0.9534883720930233,3.797979797979798,3.407382650029709,4.1940298507462686,0.19801980198019803,0.9790979097909791,180.0,890.0
assay_envelope,calibrated__vina,trained_oof,0.125,198,909,9,0.9343434343434344,185.0,0.8894332774986041,0.9736876550013778,3.888888888888889,3.477344153198425,4.315297325826882,0.20352035203520352,0.9856985698569857,185.0,896.0
assay_envelope,calibrated__vina,trained_oof,0.125,198,909,10,1.0,198.0,1.0,1.0,3.9545454545454546,3.523276638882632,4.410265700483092,0.21782178217821782,1.0,198.0,909.0
assay_envelope,calibrated__vina,trained_oof,0.25,198,909,1,0.13636363636363635,27.0,0.09135902168897092,0.18848167539267016,1.0,1.0,1.0,0.0297029702970297,0.7326732673267327,27.0,666.0
assay_envelope,calibrated__vina,trained_oof,0.25,198,909,2,0.3939393939393939,78.0,0.32075471698113206,0.4687580541237113,1.8636363636363635,1.8115183246073299,1.908640978311029,0.0858085808580858,0.823982398239824,78.0,749.0
assay_envelope,calibrated__vina,trained_oof,0.25,198,909,3,0.5303030303030303,105.0,0.4494949494949495,0.6100610047846886,2.4696969696969697,2.3567474123059227,2.5740839243498814,0.11551155115511551,0.8701870187018702,105.0,791.0
assay_envelope,calibrated__vina,trained_oof,0.25,198,909,4,0.6161616161616161,122.0,0.5388308120915458,0.6931405895691609,2.9393939393939394,2.770042976733768,3.1078851540616244,0.1342134213421342,0.8954895489548955,122.0,814.0
assay_envelope,calibrated__vina,trained_oof,0.25,198,909,5,0.7121212121212122,141.0,0.6394230769230769,0.7864597963483146,3.323232323232323,3.092758603516111,3.556075958420751,0.1551155115511551,0.9262926292629263,141.0,842.0
assay_envelope,calibrated__vina,trained_oof,0.25,198,909,6,0.7929292929292929,157.0,0.7216430732933272,0.8643281511725293,3.611111111111111,3.310526315789474,3.905516233266656,0.17271727172717272,0.9504950495049505,157.0,864.0
assay_envelope,calibrated__vina,trained_oof,0.25,198,909,7,0.8232323232323232,163.0,0.7474734457981881,0.8921647691334599,3.8181818181818183,3.464628241174633,4.164106280193236,0.1793179317931793,0.9603960396039604,163.0,873.0
assay_envelope,calibrated__vina,trained_oof,0.25,198,909,8,0.8838383838383839,175.0,0.8232256778309409,0.9381601094045865,3.994949494949495,3.5852856979274024,4.396984924623116,0.1925192519251925,0.9735973597359736,175.0,885.0
assay_envelope,calibrated__vina,trained_oof,0.25,198,909,9,0.9343434343434344,185.0,0.8905454868514571,0.9695507996836976,4.111111111111111,3.666666666666666,4.564794009857197,0.20352035203520352,0.9856985698569857,185.0,896.0
assay_envelope,calibrated__vina,trained_oof,0.25,198,909,10,1.0,198.0,1.0,1.0,4.1767676767676765,3.707310914018232,4.656973434535103,0.21782178217821782,1.0,198.0,909.0
assay_envelope,calibrated__vina,trained_oof,0.5,198,909,1,0.20202020202020202,40.0,0.1489307146753955,0.2613123308851952,1.0,1.0,1.0,0.04400440044004401,0.7381738173817382,40.0,671.0
assay_envelope,calibrated__vina,trained_oof,0.5,198,909,2,0.37373737373737376,74.0,0.3020833333333333,0.4472394869082253,1.797979797979798,1.7386876691148048,1.8510692853246042,0.0814081408140814,0.8250825082508251,74.0,750.0
assay_envelope,calibrated__vina,trained_oof,0.5,198,909,3,0.5606060606060606,111.0,0.48201923076923076,0.6335303721218261,2.4242424242424243,2.3020185596446696,2.535362554112554,0.12211221122112212,0.8756875687568757,111.0,796.0
assay_envelope,calibrated__vina,trained_oof,0.5,198,909,4,0.6666666666666666,132.0,0.5894628695025234,0.7381043956043956,2.8636363636363638,2.6938672956619834,3.033705357142857,0.14521452145214522,0.9075907590759076,132.0,825.0
assay_envelope,calibrated__vina,trained_oof,0.5,198,909,5,0.7070707070707071,140.0,0.6318407960199005,0.7789221105527637,3.196969696969697,2.974355670103093,3.42641312394247,0.15401540154015403,0.922992299229923,140.0,839.0
assay_envelope,calibrated__vina,trained_oof,0.5,198,909,6,0.7777777777777778,154.0,0.7081193012548525,0.8489709341397849,3.48989898989899,3.20993422783478,3.7865013084975367,0.1694169416941694,0.9438943894389439,154.0,858.0
assay_envelope,calibrated__vina,trained_oof,0.5,198,909,7,0.8131313131313131,161.0,0.7438423645320197,0.8783189033189032,3.712121212121212,3.373080163697641,4.058899332929047,0.1771177117711771,0.9559955995599559,161.0,869.0
assay_envelope,calibrated__vina,trained_oof,0.5,198,909,8,0.8888888888888888,176.0,0.8317307692307693,0.9362886996904024,3.898989898989899,3.5052617872807015,4.293615904850745,0.1936193619361936,0.9757975797579758,176.0,887.0
assay_envelope,calibrated__vina,trained_oof,0.5,198,909,9,0.9595959595959596,190.0,0.9303395522388059,0.9848484848484849,4.01010101010101,3.5872787334829215,4.443929878048781,0.20902090209020902,0.9911991199119912,190.0,901.0
assay_envelope,calibrated__vina,trained_oof,0.5,198,909,10,1.0,198.0,1.0,1.0,4.05050505050505,3.629776315789473,4.492805916629314,0.21782178217821782,1.0,198.0,909.0
assay_envelope,calibrated__vina,trained_oof,1.0,198,909,1,0.13636363636363635,27.0,0.08673469387755102,0.18628797672915312,1.0,1.0,1.0,0.0297029702970297,0.7513751375137514,27.0,683.0
assay_envelope,calibrated__vina,trained_oof,1.0,198,909,2,0.29797979797979796,59.0,0.22639574262215773,0.3686868686868687,1.8636363636363635,1.8137120232708468,1.913265306122449,0.06490649064906491,0.8063806380638063,59.0,733.0
assay_envelope,calibrated__vina,trained_oof,1.0,198,909,3,0.5252525252525253,104.0,0.4491924042344211,0.5989589942893402,2.5656565656565657,2.457275591153738,2.6774436699627167,0.11441144114411442,0.8679867986798679,104.0,789.0
assay_envelope,calibrated__vina,trained_oof,1.0,198,909,4,0.6363636363636364,126.0,0.5612090290661719,0.708994708994709,3.04040404040404,2.878141351034752,3.2108177361853834,0.13861386138613863,0.9020902090209021,126.0,820.0
assay_envelope,calibrated__vina,trained_oof,1.0,198,909,5,0.7222222222222222,143.0,0.6509319472430848,0.7927506934631288,3.404040404040404,3.1840694486749923,3.6406447285353534,0.1573157315731573,0.9284928492849285,143.0,844.0
assay_envelope,calibrated__vina,trained_oof,1.0,198,909,6,0.8080808080808081,160.0,0.7435897435897436,0.8702751715446015,3.6818181818181817,3.407393790849673,3.9679271038558963,0.17601760176017603,0.9493949394939494,160.0,863.0
assay_envelope,calibrated__vina,trained_oof,1.0,198,909,7,0.8535353535353535,169.0,0.7951189024390244,0.9081204591688462,3.8737373737373737,3.5576662561576358,4.2086307075277665,0.1859185918591859,0.966996699669967,169.0,879.0
assay_envelope,calibrated__vina,trained_oof,1.0,198,909,8,0.9141414141414141,181.0,0.8714212076583211,0.9509863701578192,4.02020202020202,3.6631001511276446,4.410979049153908,0.19911991199119913,0.9801980198019802,181.0,891.0
assay_envelope,calibrated__vina,trained_oof,1.0,198,909,9,0.9595959595959596,190.0,0.9296393584082027,0.9846938775510204,4.106060606060606,3.7281445256176102,4.515376837263402,0.20902090209020902,0.9911991199119912,190.0,901.0
assay_envelope,calibrated__vina,trained_oof,1.0,198,909,10,1.0,198.0,1.0,1.0,4.146464646464646,3.7611692811452944,4.571428571428571,0.21782178217821782,1.0,198.0,909.0
assay_envelope,availability__vina,trained_oof,0.125,198,909,1,0.23232323232323232,46.0,0.17435897435897435,0.2929377913752913,1.0,1.0,1.0,0.050605060506050605,0.7370737073707371,46.0,670.0
assay_envelope,availability__vina,trained_oof,0.125,198,909,2,0.5,99.0,0.418848167539267,0.5779029953690018,1.7676767676767677,1.7070622086247087,1.8256410256410256,0.10891089108910891,0.8426842684268426,99.0,766.0
assay_envelope,availability__vina,trained_oof,0.125,198,909,3,0.6313131313131313,125.0,0.5510204081632653,0.7091880717804362,2.2676767676767677,2.1487179487179486,2.3886228524679574,0.13751375137513752,0.8877887788778878,125.0,807.0
assay_envelope,availability__vina,trained_oof,0.125,198,909,4,0.7070707070707071,140.0,0.6308108341986847,0.7777777777777778,2.6363636363636362,2.4507577720207254,2.8283204384268212,0.15401540154015403,0.9163916391639164,140.0,833.0
assay_envelope,availability__vina,trained_oof,0.125,198,909,5,0.7575757575757576,150.0,0.6862719023779724,0.8205223880597015,2.9292929292929295,2.6797981730355347,3.1912600988312807,0.16501650165016502,0.935093509350935,150.0,850.0
assay_envelope,availability__vina,trained_oof,0.125,198,909,6,0.8232323232323232,163.0,0.7653061224489796,0.8780487804878049,3.1717171717171717,2.87117982734234,3.492507081358498,0.1793179317931793,0.9526952695269527,163.0,866.0
assay_envelope,availability__vina,trained_oof,0.125,198,909,7,0.9090909090909091,180.0,0.8659620212595481,0.9458194484690428,3.3484848484848486,3.0100935828877007,3.7049873896595207,0.19801980198019803,0.9757975797579758,180.0,887.0
assay_envelope,availability__vina,trained_oof,0.125,198,909,8,0.9444444444444444,187.0,0.9095623791102514,0.9747506471752703,3.4393939393939394,3.083315217391304,3.828186902322404,0.20572057205720573,0.9867986798679867,187.0,897.0
assay_envelope,availability__vina,trained_oof,0.125,198,909,9,0.9747474747474747,193.0,0.9502487562189055,0.9949748743718593,3.494949494949495,3.1310055478502083,3.8925706167474505,0.21232123212321233,0.9944994499449945,193.0,904.0
assay_envelope,availability__vina,trained_oof,0.125,198,909,10,1.0,198.0,1.0,1.0,3.5202020202020203,3.1470553387231672,3.925580145518685,0.21782178217821782,1.0,198.0,909.0
assay_envelope,availability__vina,trained_oof,0.25,198,909,1,0.24242424242424243,48.0,0.1746031746031746,0.31157427408535887,1.0,1.0,1.0,0.052805280528052806,0.7546754675467546,48.0,686.0
assay_envelope,availability__vina,trained_oof,0.25,198,909,2,0.47474747474747475,94.0,0.3928475422427035,0.5520940353881278,1.7575757575757576,1.6884257259146411,1.8253968253968254,0.1034103410341034,0.8437843784378438,94.0,767.0
assay_envelope,availability__vina,trained_oof,0.25,198,909,3,0.5959595959595959,118.0,0.5148217280744468,0.6730792682926829,2.282828282828283,2.1554294041450777,2.4133086734693876,0.12981298129812982,0.8877887788778878,118.0,807.0
assay_envelope,availability__vina,trained_oof,0.25,198,909,4,0.696969696969697,138.0,0.625,0.7641176470588233,2.686868686868687,2.4999434389140274,2.890667067307692,0.15181518151815182,0.9141914191419142,138.0,831.0
assay_envelope,availability__vina,trained_oof,0.25,198,909,5,0.7727272727272727,153.0,0.7091738618524333,0.8357525083612041,2.98989898989899,2.751123271889401,3.2473790322580642,0.16831683168316833,0.935093509350935,153.0,850.0
assay_envelope,availability__vina,trained_oof,0.25,198,909,6,0.8434343434343434,167.0,0.7872314093111439,0.8963775236733964,3.217171717171717,2.927461139896373,3.52482810781078,0.18371837183718373,0.9592959295929593,167.0,872.0
assay_envelope,availability__vina,trained_oof,0.25,198,909,7,0.8888888888888888,176.0,0.8410051546391752,0.9310390439700784,3.3737373737373737,3.046389366170294,3.7258878913078015,0.1936193619361936,0.9735973597359736,176.0,885.0
assay_envelope,availability__vina,trained_oof,0.25,198,909,8,0.9292929292929293,184.0,0.8888888888888888,0.9644714915654001,3.484848484848485,3.126829268292683,3.871287128712871,0.20242024202420242,0.9834983498349835,184.0,894.0
assay_envelope,availability__vina,trained_oof,0.25,198,909,9,0.9646464646464646,191.0,0.9368356867779204,0.9891920797803151,3.5555555555555554,3.180487804878049,3.970304309842749,0.21012101210121012,0.9922992299229924,191.0,902.0
assay_envelope,availability__vina,trained_oof,0.25,198,909,10,1.0,198.0,1.0,1.0,3.590909090909091,3.207727488714659,4.014858985898591,0.21782178217821782,1.0,198.0,909.0
assay_envelope,availability__vina,trained_oof,0.5,198,909,1,0.35353535353535354,70.0,0.2798159195702809,0.42718446601941745,1.0,1.0,1.0,0.07700770077007701,0.7854785478547854,70.0,714.0
assay_envelope,availability__vina,trained_oof,0.5,198,909,2,0.5808080808080808,115.0,0.5052069909793815,0.6521960958296361,1.6464646464646464,1.5728155339805825,1.720184080429719,0.1265126512651265,0.8657865786578658,115.0,787.0
assay_envelope,availability__vina,trained_oof,0.5,198,909,3,0.6868686868686869,136.0,0.6165784244680316,0.7548150510204081,2.0656565656565657,1.9368337510442775,2.1980437967266115,0.1496149614961496,0.900990099009901,136.0,819.0
assay_envelope,availability__vina,trained_oof,0.5,198,909,4,0.7525252525252525,149.0,0.68447812474024,0.8150096153846152,2.378787878787879,2.1990944989106755,2.5707422785547784,0.1639163916391639,0.922992299229923,149.0,839.0
assay_envelope,availability__vina,trained_oof,0.5,198,909,5,0.8080808080808081,160.0,0.747226250906454,0.8636473962930273,2.6262626262626263,2.390470383275262,2.877058235881765,0.17601760176017603,0.9460946094609461,160.0,860.0
assay_envelope,availability__vina,trained_oof,0.5,198,909,6,0.8787878787878788,174.0,0.8272201782934767,0.9250093283582089,2.8181818181818183,2.538850139497808,3.1150350529100526,0.19141914191419143,0.9680968096809681,174.0,880.0
assay_envelope,availability__vina,trained_oof,0.5,198,909,7,0.9141414141414141,181.0,0.8704663212435233,0.9521531100478469,2.9393939393939394,2.633289473684211,3.2746281364615473,0.19911991199119913,0.9790979097909791,181.0,890.0
assay_envelope,availability__vina,trained_oof,0.5,198,909,8,0.9444444444444444,187.0,0.9077651232262883,0.9757281553398058,3.025252525252525,2.6947329530723354,3.3903922009848046,0.20572057205720573,0.9878987898789879,187.0,898.0
assay_envelope,availability__vina,trained_oof,0.5,198,909,9,0.98989898989899,196.0,0.973404255319149,1.0,3.080808080808081,2.731992695837089,3.470304309842749,0.2156215621562156,0.9977997799779978,196.0,907.0
assay_envelope,availability__vina,trained_oof,0.5,198,909,10,1.0,198.0,1.0,1.0,3.090909090909091,2.736799431009957,3.4845773765449675,0.21782178217821782,1.0,198.0,909.0
assay_envelope,availability__vina,trained_oof,1.0,198,909,1,0.4090909090909091,81.0,0.33513441633122487,0.48311126694717144,1.0,1.0,1.0,0.0891089108910891,0.812981298129813,81.0,739.0
assay_envelope,availability__vina,trained_oof,1.0,198,909,2,0.6161616161616161,122.0,0.5434699845508717,0.6911856160374596,1.5909090909090908,1.5168887330528285,1.6648655836687751,0.1342134213421342,0.8822882288228823,122.0,802.0
assay_envelope,availability__vina,trained_oof,1.0,198,909,3,0.7474747474747475,148.0,0.6818181818181818,0.8112244897959183,1.9747474747474747,1.839332868677836,2.1044035153328347,0.1628162816281628,0.922992299229923,148.0,839.0
assay_envelope,availability__vina,trained_oof,1.0,198,909,4,0.8080808080808081,160.0,0.75,0.8631643132220795,2.227272727272727,2.0408163265306123,2.4127212665170776,0.17601760176017603,0.9427942794279428,160.0,857.0
assay_envelope,availability__vina,trained_oof,1.0,198,909,5,0.8535353535353535,169.0,0.8020588743093923,0.9020618556701031,2.419191919191919,2.18556198139301,2.64708838309193,0.1859185918591859,0.9614961496149615,169.0,874.0
assay_envelope,availability__vina,trained_oof,1.0,198,909,6,0.8787878787878788,174.0,0.8299974226804123,0.9230769230769231,2.5656565656565657,2.292612230470131,2.8385416666666665,0.19141914191419143,0.9680968096809681,174.0,880.0
assay_envelope,availability__vina,trained_oof,1.0,198,909,7,0.9242424242424242,183.0,0.8848167539267016,0.9593908629441624,2.686868686868687,2.3804583683767877,2.9950255102040804,0.20132013201320131,0.9801980198019802,183.0,891.0
assay_envelope,availability__vina,trained_oof,1.0,198,909,8,0.9545454545454546,189.0,0.9227053140096618,0.9805825242718447,2.7626262626262625,2.436200980392157,3.0950608974358977,0.2079207920792079,0.988998899889989,189.0,899.0
assay_envelope,availability__vina,trained_oof,1.0,198,909,9,0.9848484848484849,195.0,0.9648196792041013,1.0,2.808080808080808,2.4662703552923757,3.1508509040045585,0.2145214521452145,0.9966996699669967,195.0,906.0
assay_envelope,availability__vina,trained_oof,1.0,198,909,10,1.0,198.0,1.0,1.0,2.823232323232323,2.47691037735849,3.174365079365079,0.21782178217821782,1.0,198.0,909.0
assay_envelope,plus__vina,trained_oof,0.125,198,909,1,0.2777777777777778,55.0,0.21465968586387435,0.34286059351276743,1.0,1.0,1.0,0.06050605060506051,0.7513751375137514,55.0,683.0
assay_envelope,plus__vina,trained_oof,0.125,198,909,2,0.494949494949495,98.0,0.4175257731958763,0.5728809488619568,1.7222222222222223,1.6571394064872325,1.7853403141361257,0.1078107810781078,0.8382838283828383,98.0,762.0
assay_envelope,plus__vina,trained_oof,0.125,198,909,3,0.6313131313131313,125.0,0.5520784198113208,0.7058823529411765,2.227272727272727,2.1038201817718507,2.3507923025509636,0.13751375137513752,0.8910891089108911,125.0,810.0
assay_envelope,plus__vina,trained_oof,0.125,198,909,4,0.6919191919191919,137.0,0.6165698435128487,0.7641105769230768,2.595959595959596,2.4143590602154137,2.7835227889310903,0.15071507150715072,0.9108910891089109,137.0,828.0
assay_envelope,plus__vina,trained_oof,0.125,198,909,5,0.7575757575757576,150.0,0.6855670103092784,0.8210577167556572,2.904040404040404,2.6633153009947694,3.147556162720097,0.16501650165016502,0.9284928492849285,150.0,844.0
assay_envelope,plus__vina,trained_oof,0.125,198,909,6,0.8282828282828283,164.0,0.7684716100596318,0.8832574597803023,3.1464646464646466,2.8591712898751735,3.4514856923863055,0.18041804180418042,0.9537953795379538,164.0,867.0
assay_envelope,plus__vina,trained_oof,0.125,198,909,7,0.9242424242424242,183.0,0.8854166666666666,0.9604009169389844,3.3181818181818183,2.994514162077105,3.6700520697053745,0.20132013201320131,0.9801980198019802,183.0,891.0
assay_envelope,plus__vina,trained_oof,0.125,198,909,8,0.9494949494949495,188.0,0.9186557364260454,0.9788359788359788,3.393939393939394,3.0507614213197973,3.7601815726290515,0.2068206820682068,0.9878987898789879,188.0,898.0
assay_envelope,plus__vina,trained_oof,0.125,198,909,9,0.9646464646464646,191.0,0.93717277486911,0.9897435897435898,3.4444444444444446,3.0848869792639637,3.814550888352708,0.21012101210121012,0.9922992299229924,191.0,902.0
assay_envelope,plus__vina,trained_oof,0.125,198,909,10,1.0,198.0,1.0,1.0,3.4797979797979797,3.107304049254085,3.861601941747572,0.21782178217821782,1.0,198.0,909.0
assay_envelope,plus__vina,trained_oof,0.25,198,909,1,0.30808080808080807,61.0,0.23963013632872504,0.3756351892138694,1.0,1.0,1.0,0.0671067106710671,0.7645764576457645,61.0,695.0
assay_envelope,plus__vina,trained_oof,0.25,198,909,2,0.4696969696969697,93.0,0.3970281862745098,0.5454661410018552,1.6919191919191918,1.6243648107861306,1.7603698636712748,0.10231023102310231,0.8448844884488449,93.0,768.0
assay_envelope,plus__vina,trained_oof,0.25,198,909,3,0.6111111111111112,121.0,0.5336701208981002,0.6850178571428571,2.2222222222222223,2.0922849462365587,2.350526615781126,0.1331133113311331,0.8910891089108911,121.0,810.0
assay_envelope,plus__vina,trained_oof,0.25,198,909,4,0.702020202020202,139.0,0.6294416243654822,0.772114369172003,2.611111111111111,2.4182670454545456,2.8033186725309873,0.15291529152915292,0.9163916391639164,139.0,833.0
assay_envelope,plus__vina,trained_oof,0.25,198,909,5,0.7878787878787878,156.0,0.7253886010362695,0.8484848484848485,2.909090909090909,2.66312306501548,3.1566132637853945,0.1716171617161716,0.9405940594059405,156.0,855.0
assay_envelope,plus__vina,trained_oof,0.25,198,909,6,0.8636363636363636,171.0,0.8062787156747515,0.9141714766714765,3.121212121212121,2.82666737151102,3.4145523175392114,0.18811881188118812,0.9625962596259626,171.0,875.0
assay_envelope,plus__vina,trained_oof,0.25,198,909,7,0.8838383838383839,175.0,0.8317104468599035,0.931220821661998,3.257575757575758,2.9264569716775592,3.590504465809534,0.1925192519251925,0.9735973597359736,175.0,885.0
assay_envelope,plus__vina,trained_oof,0.25,198,909,8,0.9292929292929293,184.0,0.8923076923076924,0.9611650485436893,3.3737373737373737,3.0154054404145088,3.7434681437640687,0.20242024202420242,0.9834983498349835,184.0,894.0
assay_envelope,plus__vina,trained_oof,0.25,198,909,9,0.9696969696969697,192.0,0.9435897435897436,0.9903846153846154,3.4444444444444446,3.070342964824121,3.8342664198546554,0.21122112211221122,0.9933993399339934,192.0,903.0
assay_envelope,plus__vina,trained_oof,0.25,198,909,10,1.0,198.0,1.0,1.0,3.474747474747475,3.087543407487791,3.8743928515888237,0.21782178217821782,1.0,198.0,909.0
assay_envelope,plus__vina,trained_oof,0.5,198,909,1,0.42424242424242425,84.0,0.35077859340422085,0.49495075757575757,1.0,1.0,1.0,0.0924092409240924,0.8074807480748075,84.0,734.0
assay_envelope,plus__vina,trained_oof,0.5,198,909,2,0.6262626262626263,124.0,0.5537491420727522,0.6926829268292682,1.5757575757575757,1.5050492424242423,1.649221406595779,0.13641364136413642,0.8811881188118812,124.0,801.0
assay_envelope,plus__vina,trained_oof,0.5,198,909,3,0.7575757575757576,150.0,0.6939838418699505,0.8186528497409327,1.9494949494949494,1.8223123640319072,2.0851063829787235,0.16501650165016502,0.9218921892189219,150.0,838.0
assay_envelope,plus__vina,trained_oof,0.5,198,909,4,0.8181818181818182,162.0,0.7614135645798081,0.8726528828656258,2.191919191919192,2.0244980203619907,2.3706029268819524,0.1782178217821782,0.944994499449945,162.0,859.0
assay_envelope,plus__vina,trained_oof,0.5,198,909,5,0.8383838383838383,166.0,0.784515117021572,0.8888888888888888,2.3737373737373737,2.165193236714976,2.6000273224043715,0.18261826182618263,0.9548954895489549,166.0,868.0
assay_envelope,plus__vina,trained_oof,0.5,198,909,6,0.898989898989899,178.0,0.8520269246312386,0.939701400521124,2.5353535353535355,2.281545813106796,2.8080915538362343,0.19581958195819582,0.9724972497249725,178.0,884.0
assay_envelope,plus__vina,trained_oof,0.5,198,909,7,0.9292929292929293,184.0,0.8894730230097858,0.9633181216305683,2.6363636363636362,2.3532265144863915,2.9411842928660827,0.20242024202420242,0.9823982398239824,184.0,893.0
assay_envelope,plus__vina,trained_oof,0.5,198,909,8,0.9545454545454546,189.0,0.9226804123711341,0.9814857288481141,2.707070707070707,2.402934602350566,3.0309318412477966,0.2079207920792079,0.9900990099009901,189.0,900.0
assay_envelope,plus__vina,trained_oof,0.5,198,909,9,0.98989898989899,196.0,0.973404255319149,1.0,2.7525252525252526,2.4314672697091435,3.0957995174380346,0.2156215621562156,0.9977997799779978,196.0,907.0
assay_envelope,plus__vina,trained_oof,0.5,198,909,10,1.0,198.0,1.0,1.0,2.7626262626262625,2.4374779929577466,3.111744626014477,0.21782178217821782,1.0,198.0,909.0
assay_envelope,plus__vina,trained_oof,1.0,198,909,1,0.4292929292929293,85.0,0.35637392781552857,0.505312738367658,1.0,1.0,1.0,0.09350935093509351,0.8195819581958196,85.0,745.0
assay_envelope,plus__vina,trained_oof,1.0,198,909,2,0.6363636363636364,126.0,0.5670017182130584,0.7050078502415458,1.5707070707070707,1.4946872616323417,1.6436260721844713,0.13861386138613863,0.8877887788778878,126.0,807.0
assay_envelope,plus__vina,trained_oof,1.0,198,909,3,0.7474747474747475,148.0,0.6830601092896175,0.8105301481859989,1.9343434343434343,1.8010191698038438,2.068080833264079,0.1628162816281628,0.9262926292629263,148.0,842.0
assay_envelope,plus__vina,trained_oof,1.0,198,909,4,0.8080808080808081,160.0,0.75,0.8640837683563447,2.186868686868687,2.0096922637613672,2.3676029773088594,0.17601760176017603,0.9460946094609461,160.0,860.0
assay_envelope,plus__vina,trained_oof,1.0,198,909,5,0.8686868686868687,172.0,0.8223350253807107,0.9145835427135678,2.378787878787879,2.1549711538461542,2.6010653239301935,0.18921892189218922,0.9636963696369637,172.0,876.0
assay_envelope,plus__vina,trained_oof,1.0,198,909,6,0.8939393939393939,177.0,0.8490541470125786,0.935,2.51010101010101,2.2487742082478923,2.767577273406003,0.19471947194719472,0.9735973597359736,177.0,885.0
assay_envelope,plus__vina,trained_oof,1.0,198,909,7,0.9343434343434344,185.0,0.8989346760698064,0.9668285567379057,2.6161616161616164,2.323802521008404,2.906115631755945,0.20352035203520352,0.9845984598459846,185.0,895.0
assay_envelope,plus__vina,trained_oof,1.0,198,909,8,0.9747474747474747,193.0,0.949748743718593,0.9948979591836735,2.6818181818181817,2.369139784946236,2.994950129435055,0.21232123212321233,0.9944994499449945,193.0,904.0
assay_envelope,plus__vina,trained_oof,1.0,198,909,9,0.9747474747474747,193.0,0.949748743718593,0.9948979591836735,2.707070707070707,2.3877203153988873,3.0273856129190104,0.21232123212321233,0.9944994499449945,193.0,904.0
assay_envelope,plus__vina,trained_oof,1.0,198,909,10,1.0,198.0,1.0,1.0,2.7323232323232323,2.404311945968763,3.065050257731958,0.21782178217821782,1.0,198.0,909.0
assay_envelope,native__boltz_affinity,static_native_zero_local_labels,0.0,198,909,1,0.3282828282828283,65.0,0.24736700622524052,0.41348769430051796,1.0,1.0,1.0,0.07150715071507151,0.7920792079207921,65.0,720.0
assay_envelope,native__boltz_affinity,static_native_zero_local_labels,0.0,198,909,2,0.4393939393939394,87.0,0.3564165050525671,0.5227301568989385,1.6717171717171717,1.586512305699482,1.7526329937747593,0.09570957095709572,0.8437843784378438,87.0,767.0
assay_envelope,native__boltz_affinity,static_native_zero_local_labels,0.0,198,909,3,0.5,99.0,0.4196766891715078,0.5791860803727432,2.2323232323232323,2.0682821984328443,2.3883340152755044,0.10891089108910891,0.8668866886688669,99.0,788.0
assay_envelope,native__boltz_affinity,static_native_zero_local_labels,0.0,198,909,4,0.5404040404040404,107.0,0.4599973262032086,0.617365526612655,2.7323232323232323,2.4897490880410134,2.9675889046941677,0.11771177117711772,0.8822882288228823,107.0,802.0
assay_envelope,native__boltz_affinity,static_native_zero_local_labels,0.0,198,909,5,0.6414141414141414,127.0,0.5669813930098063,0.7122766961059814,3.191919191919192,2.874371859296483,3.5,0.1397139713971397,0.9097909790979097,127.0,827.0
assay_envelope,native__boltz_affinity,static_native_zero_local_labels,0.0,198,909,6,0.702020202020202,139.0,0.6294313902079581,0.7696176470588235,3.5505050505050506,3.1721979028809937,3.921083310608126,0.15291529152915292,0.9284928492849285,139.0,844.0
assay_envelope,native__boltz_affinity,static_native_zero_local_labels,0.0,198,909,7,0.7727272727272727,153.0,0.7083277027027027,0.8324879347853268,3.8484848484848486,3.4144107782032993,4.275,0.16831683168316833,0.9471947194719472,153.0,861.0
assay_envelope,native__boltz_affinity,static_native_zero_local_labels,0.0,198,909,8,0.8282828282828283,164.0,0.7717391304347826,0.8820588235294117,4.075757575757576,3.5918244701726847,4.545477975632614,0.18041804180418042,0.9625962596259626,164.0,875.0
assay_envelope,native__boltz_affinity,static_native_zero_local_labels,0.0,198,909,9,0.9343434343434344,185.0,0.9,0.9658578025100639,4.247474747474747,3.724502034696937,4.766536056308545,0.20352035203520352,0.9856985698569857,185.0,896.0
assay_envelope,native__boltz_affinity,static_native_zero_local_labels,0.0,198,909,10,1.0,198.0,1.0,1.0,4.313131313131313,3.7692118226600986,4.850534628601639,0.21782178217821782,1.0,198.0,909.0
assay_envelope,native__boltz_binary,static_native_zero_local_labels,0.0,198,909,1,0.41414141414141414,82.0,0.341959293079567,0.4900024752475247,1.0,1.0,1.0,0.09020902090209021,0.7931793179317932,82.0,721.0
assay_envelope,native__boltz_binary,static_native_zero_local_labels,0.0,198,909,2,0.601010101010101,119.0,0.5235330019412907,0.6718292682926826,1.5858585858585859,1.5099975247524753,1.658040706920433,0.13091309130913092,0.8833883388338833,119.0,803.0
assay_envelope,native__boltz_binary,static_native_zero_local_labels,0.0,198,909,3,0.7070707070707071,140.0,0.6391714860447573,0.7716907385348422,1.9848484848484849,1.8557518115942029,2.1237126161069715,0.15401540154015403,0.9174917491749175,140.0,834.0
assay_envelope,native__boltz_binary,static_native_zero_local_labels,0.0,198,909,4,0.7878787878787878,156.0,0.7287104473540643,0.8477270311212692,2.2777777777777777,2.095676435406699,2.470907088839026,0.1716171617161716,0.9427942794279428,156.0,857.0
assay_envelope,native__boltz_binary,static_native_zero_local_labels,0.0,198,909,5,0.8434343434343434,167.0,0.7894604601957155,0.8928612956810631,2.48989898989899,2.2639325710398244,2.7300489690721648,0.18371837183718373,0.9581958195819582,167.0,871.0
assay_envelope,native__boltz_binary,static_native_zero_local_labels,0.0,198,909,6,0.8888888888888888,176.0,0.8420985499462943,0.9296570351758794,2.6464646464646466,2.383400523421804,2.9330074898900724,0.1936193619361936,0.9735973597359736,176.0,885.0
assay_envelope,native__boltz_binary,static_native_zero_local_labels,0.0,198,909,7,0.9141414141414141,181.0,0.8768308702791462,0.95,2.757575757575758,2.461909836873491,3.075765810276679,0.19911991199119913,0.9812981298129813,181.0,892.0
assay_envelope,native__boltz_binary,static_native_zero_local_labels,0.0,198,909,8,0.9696969696969697,192.0,0.9435897435897436,0.9901960784313726,2.8434343434343434,2.524740459482841,3.192708333333334,0.21122112211221122,0.9933993399339934,192.0,903.0
assay_envelope,native__boltz_binary,static_native_zero_local_labels,0.0,198,909,9,0.98989898989899,196.0,0.9742268041237113,1.0,2.8737373737373737,2.5431051132846356,3.230867346938775,0.2156215621562156,0.9977997799779978,196.0,907.0
assay_envelope,native__boltz_binary,static_native_zero_local_labels,0.0,198,909,10,1.0,198.0,1.0,1.0,2.8838383838383836,2.5485436893203897,3.245028846153846,0.21782178217821782,1.0,198.0,909.0
assay_envelope,native__boltzina_vina_far_affinity,static_native_zero_local_labels,0.0,198,909,1,0.29797979797979796,59.0,0.21977351916376306,0.37745098039215685,1.0,1.0,1.0,0.06490649064906491,0.7920792079207921,59.0,720.0
assay_envelope,native__boltzina_vina_far_affinity,static_native_zero_local_labels,0.0,198,909,2,0.4292929292929293,85.0,0.3415841584158416,0.5128440366972475,1.702020202020202,1.6225490196078431,1.7802264808362367,0.09350935093509351,0.8393839383938394,85.0,763.0
assay_envelope,native__boltzina_vina_far_affinity,static_native_zero_local_labels,0.0,198,909,3,0.5,99.0,0.415,0.5820991691029389,2.272727272727273,2.1149895833333336,2.427897163397671,0.10891089108910891,0.8668866886688669,99.0,788.0
assay_envelope,native__boltzina_vina_far_affinity,static_native_zero_local_labels,0.0,198,909,4,0.5252525252525253,104.0,0.44021739130434784,0.6050192307692307,2.772727272727273,2.539898549714126,3.005105379848274,0.11441144114411442,0.8822882288228823,104.0,802.0
assay_envelope,native__boltzina_vina_far_affinity,static_native_zero_local_labels,0.0,198,909,5,0.5959595959595959,118.0,0.5128205128205128,0.67,3.2474747474747474,2.9371171725458027,3.5615994458128077,0.12981298129812982,0.8987898789878987,118.0,817.0
assay_envelope,native__boltzina_vina_far_affinity,static_native_zero_local_labels,0.0,198,909,6,0.6919191919191919,137.0,0.6190417256011316,0.7587939698492462,3.6515151515151514,3.269425069748904,4.035542105948197,0.15071507150715072,0.922992299229923,137.0,839.0
assay_envelope,native__boltzina_vina_far_affinity,static_native_zero_local_labels,0.0,198,909,7,0.7929292929292929,157.0,0.7333246073298428,0.8500060386473429,3.95959595959596,3.5247524752475243,4.401065876256281,0.17271727172717272,0.9504950495049505,157.0,864.0
assay_envelope,native__boltzina_vina_far_affinity,static_native_zero_local_labels,0.0,198,909,8,0.8585858585858586,170.0,0.8055555555555556,0.9077669902912622,4.166666666666667,3.695382368696273,4.651097283291456,0.18701870187018702,0.9680968096809681,170.0,880.0
assay_envelope,native__boltzina_vina_far_affinity,static_native_zero_local_labels,0.0,198,909,9,0.9393939393939394,186.0,0.9005223195454206,0.9711572966507177,4.308080808080808,3.8146200514768966,4.832461397400803,0.20462046204620463,0.9867986798679867,186.0,897.0
assay_envelope,native__boltzina_vina_far_affinity,static_native_zero_local_labels,0.0,198,909,10,1.0,198.0,1.0,1.0,4.3686868686868685,3.860679104477612,4.892870739666425,0.21782178217821782,1.0,198.0,909.0
assay_envelope,native__boltzina_vina_far_binary,static_native_zero_local_labels,0.0,198,909,1,0.4393939393939394,87.0,0.36458205049261083,0.509806348281887,1.0,1.0,1.0,0.09570957095709572,0.8074807480748075,87.0,734.0
assay_envelope,native__boltzina_vina_far_binary,static_native_zero_local_labels,0.0,198,909,2,0.6111111111111112,121.0,0.5337071374512429,0.6805604460093897,1.5606060606060606,1.4901936517181131,1.6354179495073893,0.1331133113311331,0.8833883388338833,121.0,803.0
assay_envelope,native__boltzina_vina_far_binary,static_native_zero_local_labels,0.0,198,909,3,0.7272727272727273,144.0,0.6649973404255319,0.7889514976845009,1.9494949494949494,1.8273942051565564,2.0890052356020945,0.15841584158415842,0.9273927392739274,144.0,843.0
assay_envelope,native__boltzina_vina_far_binary,static_native_zero_local_labels,0.0,198,909,4,0.7828282828282829,155.0,0.7213729148375768,0.8402104205991966,2.2222222222222223,2.0494988538262695,2.4150416666666663,0.1705170517051705,0.9427942794279428,155.0,857.0
assay_envelope,native__boltzina_vina_far_binary,static_native_zero_local_labels,0.0,198,909,5,0.8484848484848485,168.0,0.7967032967032966,0.895,2.4393939393939394,2.2185582540955435,2.6820572916666667,0.1848184818481848,0.9625962596259626,168.0,875.0
assay_envelope,native__boltzina_vina_far_binary,static_native_zero_local_labels,0.0,198,909,6,0.9040404040404041,179.0,0.8631578947368421,0.9420289855072463,2.590909090909091,2.3349830795262267,2.8700753968253965,0.19691969196919692,0.9757975797579758,179.0,887.0
assay_envelope,native__boltzina_vina_far_binary,static_native_zero_local_labels,0.0,198,909,7,0.9191919191919192,182.0,0.8808232155285748,0.9538461538461539,2.686868686868687,2.4081487571331857,2.990002475247525,0.2002200220022002,0.9812981298129813,182.0,892.0
assay_envelope,native__boltzina_vina_far_binary,static_native_zero_local_labels,0.0,198,909,8,0.9494949494949495,188.0,0.916256157635468,0.9765339723526343,2.7676767676767677,2.4693877551020407,3.092942191544435,0.2068206820682068,0.988998899889989,188.0,899.0
assay_envelope,native__boltzina_vina_far_binary,static_native_zero_local_labels,0.0,198,909,9,0.9848484848484849,195.0,0.9658494739359158,1.0,2.8181818181818183,2.509410714285714,3.1626225369458125,0.2145214521452145,0.9966996699669967,195.0,906.0
assay_envelope,native__boltzina_vina_far_binary,static_native_zero_local_labels,0.0,198,909,10,1.0,198.0,1.0,1.0,2.8333333333333335,2.519015591007977,3.184308233454924,0.21782178217821782,1.0,198.0,909.0
assay_envelope,native__boltzina_vina_zero_affinity,static_native_zero_local_labels,0.0,198,909,1,0.29797979797979796,59.0,0.21977351916376306,0.37745098039215685,1.0,1.0,1.0,0.06490649064906491,0.7920792079207921,59.0,720.0
assay_envelope,native__boltzina_vina_zero_affinity,static_native_zero_local_labels,0.0,198,909,2,0.4292929292929293,85.0,0.3415841584158416,0.5128440366972475,1.702020202020202,1.6225490196078431,1.7802264808362367,0.09350935093509351,0.8393839383938394,85.0,763.0
assay_envelope,native__boltzina_vina_zero_affinity,static_native_zero_local_labels,0.0,198,909,3,0.5,99.0,0.415,0.5820991691029389,2.272727272727273,2.1149895833333336,2.427897163397671,0.10891089108910891,0.8668866886688669,99.0,788.0
assay_envelope,native__boltzina_vina_zero_affinity,static_native_zero_local_labels,0.0,198,909,4,0.5252525252525253,104.0,0.44021739130434784,0.6050192307692307,2.772727272727273,2.539898549714126,3.005105379848274,0.11441144114411442,0.8822882288228823,104.0,802.0
assay_envelope,native__boltzina_vina_zero_affinity,static_native_zero_local_labels,0.0,198,909,5,0.5959595959595959,118.0,0.5128205128205128,0.67,3.2474747474747474,2.9371171725458027,3.5615994458128077,0.12981298129812982,0.8987898789878987,118.0,817.0
assay_envelope,native__boltzina_vina_zero_affinity,static_native_zero_local_labels,0.0,198,909,6,0.6919191919191919,137.0,0.6190417256011316,0.7587939698492462,3.6515151515151514,3.269425069748904,4.035542105948197,0.15071507150715072,0.922992299229923,137.0,839.0
assay_envelope,native__boltzina_vina_zero_affinity,static_native_zero_local_labels,0.0,198,909,7,0.7929292929292929,157.0,0.7333246073298428,0.8500060386473429,3.95959595959596,3.5247524752475243,4.401065876256281,0.17271727172717272,0.9504950495049505,157.0,864.0
assay_envelope,native__boltzina_vina_zero_affinity,static_native_zero_local_labels,0.0,198,909,8,0.8585858585858586,170.0,0.8055555555555556,0.9077669902912622,4.166666666666667,3.695382368696273,4.651097283291456,0.18701870187018702,0.9680968096809681,170.0,880.0
assay_envelope,native__boltzina_vina_zero_affinity,static_native_zero_local_labels,0.0,198,909,9,0.9393939393939394,186.0,0.9005223195454206,0.9711572966507177,4.308080808080808,3.8146200514768966,4.832461397400803,0.20462046204620463,0.9867986798679867,186.0,897.0
assay_envelope,native__boltzina_vina_zero_affinity,static_native_zero_local_labels,0.0,198,909,10,1.0,198.0,1.0,1.0,4.3686868686868685,3.860679104477612,4.892870739666425,0.21782178217821782,1.0,198.0,909.0
assay_envelope,native__boltzina_vina_zero_binary,static_native_zero_local_labels,0.0,198,909,1,0.4393939393939394,87.0,0.36458205049261083,0.509806348281887,1.0,1.0,1.0,0.09570957095709572,0.8074807480748075,87.0,734.0
assay_envelope,native__boltzina_vina_zero_binary,static_native_zero_local_labels,0.0,198,909,2,0.6111111111111112,121.0,0.5337071374512429,0.6805604460093897,1.5606060606060606,1.4901936517181131,1.6354179495073893,0.1331133113311331,0.8833883388338833,121.0,803.0
assay_envelope,native__boltzina_vina_zero_binary,static_native_zero_local_labels,0.0,198,909,3,0.7272727272727273,144.0,0.6649973404255319,0.7889514976845009,1.9494949494949494,1.8273942051565564,2.0890052356020945,0.15841584158415842,0.9273927392739274,144.0,843.0
assay_envelope,native__boltzina_vina_zero_binary,static_native_zero_local_labels,0.0,198,909,4,0.7828282828282829,155.0,0.7213729148375768,0.8402104205991966,2.2222222222222223,2.0494988538262695,2.4150416666666663,0.1705170517051705,0.9427942794279428,155.0,857.0
assay_envelope,native__boltzina_vina_zero_binary,static_native_zero_local_labels,0.0,198,909,5,0.8484848484848485,168.0,0.7967032967032966,0.895,2.4393939393939394,2.2185582540955435,2.6820572916666667,0.1848184818481848,0.9625962596259626,168.0,875.0
assay_envelope,native__boltzina_vina_zero_binary,static_native_zero_local_labels,0.0,198,909,6,0.9040404040404041,179.0,0.8631578947368421,0.9420289855072463,2.590909090909091,2.3349830795262267,2.8700753968253965,0.19691969196919692,0.9757975797579758,179.0,887.0
assay_envelope,native__boltzina_vina_zero_binary,static_native_zero_local_labels,0.0,198,909,7,0.9191919191919192,182.0,0.8808232155285748,0.9538461538461539,2.686868686868687,2.4081487571331857,2.990002475247525,0.2002200220022002,0.9812981298129813,182.0,892.0
assay_envelope,native__boltzina_vina_zero_binary,static_native_zero_local_labels,0.0,198,909,8,0.9494949494949495,188.0,0.916256157635468,0.9765339723526343,2.7676767676767677,2.4693877551020407,3.092942191544435,0.2068206820682068,0.988998899889989,188.0,899.0
assay_envelope,native__boltzina_vina_zero_binary,static_native_zero_local_labels,0.0,198,909,9,0.9848484848484849,195.0,0.9658494739359158,1.0,2.8181818181818183,2.509410714285714,3.1626225369458125,0.2145214521452145,0.9966996699669967,195.0,906.0
assay_envelope,native__boltzina_vina_zero_binary,static_native_zero_local_labels,0.0,198,909,10,1.0,198.0,1.0,1.0,2.8333333333333335,2.519015591007977,3.184308233454924,0.21782178217821782,1.0,198.0,909.0
assay_envelope,native__gnina,static_native_zero_local_labels,0.0,198,909,1,0.2474747474747475,49.0,0.18227982954545455,0.3166010340162349,1.0,1.0,1.0,0.0539053905390539,0.7667766776677668,49.0,697.0
assay_envelope,native__gnina,static_native_zero_local_labels,0.0,198,909,2,0.36363636363636365,72.0,0.28420908829450675,0.43962318840579706,1.7525252525252526,1.6833989659837651,1.8177201704545454,0.07920792079207921,0.8250825082508251,72.0,750.0
assay_envelope,native__gnina,static_native_zero_local_labels,0.0,198,909,3,0.4797979797979798,95.0,0.4010152284263959,0.5560975609756098,2.388888888888889,2.2538821436857166,2.5282352941176467,0.10451045104510451,0.8635863586358636,95.0,785.0
assay_envelope,native__gnina,static_native_zero_local_labels,0.0,198,909,4,0.5606060606060606,111.0,0.4854259708737864,0.6336754407148031,2.909090909090909,2.707250726652344,3.1176470588235294,0.12211221122112212,0.8921892189218922,111.0,811.0
assay_envelope,native__gnina,static_native_zero_local_labels,0.0,198,909,5,0.6262626262626263,124.0,0.5544554455445545,0.6966856156095593,3.3484848484848486,3.0877942221169787,3.6153947368421053,0.13641364136413642,0.9097909790979097,124.0,827.0
assay_envelope,native__gnina,static_native_zero_local_labels,0.0,198,909,6,0.702020202020202,139.0,0.6358854166666666,0.7673267326732673,3.7222222222222223,3.407766990291262,4.040731523378582,0.15291529152915292,0.9306930693069307,139.0,846.0
assay_envelope,native__gnina,static_native_zero_local_labels,0.0,198,909,7,0.803030303030303,159.0,0.7486602870813397,0.8571428571428571,4.02020202020202,3.66165171678553,4.389177087280535,0.17491749174917492,0.9570957095709571,159.0,870.0
assay_envelope,native__gnina,static_native_zero_local_labels,0.0,198,909,8,0.8787878787878788,174.0,0.8307692307692308,0.9238592474067535,4.217171717171717,3.816691503334006,4.621968283582089,0.19141914191419143,0.9735973597359736,174.0,885.0
assay_envelope,native__gnina,static_native_zero_local_labels,0.0,198,909,9,0.9494949494949495,188.0,0.912359783131243,0.9790575916230366,4.338383838383838,3.9216188226744184,4.765126336898396,0.2068206820682068,0.988998899889989,188.0,899.0
assay_envelope,native__gnina,static_native_zero_local_labels,0.0,198,909,10,1.0,198.0,1.0,1.0,4.388888888888889,3.9571803956692393,4.839446413962367,0.21782178217821782,1.0,198.0,909.0
assay_envelope,native__nesso_affinity,static_native_zero_local_labels,0.0,198,909,1,0.3383838383838384,67.0,0.2538840377686016,0.4141537324464153,1.0,1.0,1.0,0.0737073707370737,0.8008800880088008,67.0,728.0
assay_envelope,native__nesso_affinity,static_native_zero_local_labels,0.0,198,909,2,0.42424242424242425,84.0,0.3420985499462943,0.5,1.6616161616161615,1.5858462675535847,1.7461159622313984,0.0924092409240924,0.8404840484048405,84.0,764.0
assay_envelope,native__nesso_affinity,static_native_zero_local_labels,0.0,198,909,3,0.5050505050505051,100.0,0.4236409218859958,0.579504716981132,2.2373737373737375,2.0918355023168687,2.3940093873517783,0.11001100110011001,0.8690869086908691,100.0,790.0
assay_envelope,native__nesso_affinity,static_native_zero_local_labels,0.0,198,909,4,0.5454545454545454,108.0,0.46153846153846156,0.6219045080718854,2.7323232323232323,2.5233514398216235,2.9635556891025643,0.1188118811881188,0.8877887788778878,108.0,807.0
assay_envelope,native__nesso_affinity,static_native_zero_local_labels,0.0,198,909,5,0.6363636363636364,126.0,0.5587704669496665,0.7064676616915423,3.186868686868687,2.906862745098039,3.502704365079365,0.13861386138613863,0.9097909790979097,126.0,827.0
assay_envelope,native__nesso_affinity,static_native_zero_local_labels,0.0,198,909,6,0.6666666666666666,132.0,0.5902439024390244,0.7336763868604104,3.5505050505050506,3.203971094752482,3.9282233502538073,0.14521452145214522,0.9207920792079208,132.0,837.0
assay_envelope,native__nesso_affinity,static_native_zero_local_labels,0.0,198,909,7,0.7171717171717171,142.0,0.6461458333333334,0.7822004819529571,3.8838383838383836,3.4806603773584905,4.328409090909091,0.1562156215621562,0.935093509350935,142.0,850.0
assay_envelope,native__nesso_affinity,static_native_zero_local_labels,0.0,198,909,8,0.7878787878787878,156.0,0.7257985452245415,0.8426673540609135,4.166666666666667,3.7073024155722334,4.666666666666666,0.1716171617161716,0.9515951595159516,156.0,865.0
assay_envelope,native__nesso_affinity,static_native_zero_local_labels,0.0,198,909,9,0.898989898989899,178.0,0.8571428571428571,0.9365098722415796,4.378787878787879,3.8795428425488447,4.926711114746945,0.19581958195819582,0.977997799779978,178.0,889.0
assay_envelope,native__nesso_affinity,static_native_zero_local_labels,0.0,198,909,10,1.0,198.0,1.0,1.0,4.47979797979798,3.965187230261488,5.042594717990111,0.21782178217821782,1.0,198.0,909.0
assay_envelope,native__nesso_binary,static_native_zero_local_labels,0.0,198,909,1,0.30303030303030304,60.0,0.234375,0.3718623309785643,1.0,1.0,1.0,0.066006600660066,0.77007700770077,60.0,700.0
assay_envelope,native__nesso_binary,static_native_zero_local_labels,0.0,198,909,2,0.4494949494949495,89.0,0.375,0.524755835312038,1.696969696969697,1.6281376690214355,1.765625,0.09790979097909791,0.834983498349835,89.0,759.0
assay_envelope,native__nesso_binary,static_native_zero_local_labels,0.0,198,909,3,0.5606060606060606,111.0,0.49206137000254646,0.6320824084350721,2.2474747474747474,2.112243653558985,2.3819167828672154,0.12211221122112212,0.8778877887788779,111.0,798.0
assay_envelope,native__nesso_binary,static_native_zero_local_labels,0.0,198,909,4,0.6464646464646465,128.0,0.5789406892866684,0.7172910942926753,2.686868686868687,2.4897906037414965,2.8814803872265524,0.1408140814081408,0.9097909790979097,128.0,827.0
assay_envelope,native__nesso_binary,static_native_zero_local_labels,0.0,198,909,5,0.7272727272727273,144.0,0.6616896577717473,0.790822037770332,3.04040404040404,2.7799852941176475,3.295088337721906,0.15841584158415842,0.9306930693069307,144.0,846.0
assay_envelope,native__nesso_binary,static_native_zero_local_labels,0.0,198,909,6,0.7878787878787878,156.0,0.7255668604651163,0.8477270311212692,3.313131313131313,3.0,3.6243813451776647,0.1716171617161716,0.9460946094609461,156.0,860.0
assay_envelope,native__nesso_binary,static_native_zero_local_labels,0.0,198,909,7,0.8585858585858586,170.0,0.8080808080808081,0.9068715888417223,3.525252525252525,3.1614462652439026,3.8756544202066587,0.18701870187018702,0.9658965896589659,170.0,878.0
assay_envelope,native__nesso_binary,static_native_zero_local_labels,0.0,198,909,8,0.9343434343434344,185.0,0.8974137931034483,0.9690761300555115,3.6666666666666665,3.2771269266101863,4.040469208211143,0.20352035203520352,0.9845984598459846,185.0,895.0
assay_envelope,native__nesso_binary,static_native_zero_local_labels,0.0,198,909,9,0.9797979797979798,194.0,0.955,1.0,3.7323232323232323,3.3197166033211745,4.1257388954568475,0.21342134213421343,0.9955995599559956,194.0,905.0
assay_envelope,native__nesso_binary,static_native_zero_local_labels,0.0,198,909,10,1.0,198.0,1.0,1.0,3.7525252525252526,3.324869825736564,4.160441502543367,0.21782178217821782,1.0,198.0,909.0
assay_envelope,native__raw_ad4,static_native_zero_local_labels,0.0,198,909,1,0.1717171717171717,34.0,0.10628019323671498,0.24019607843137256,1.0,1.0,1.0,0.0374037403740374,0.7458745874587459,34.0,678.0
assay_envelope,native__raw_ad4,static_native_zero_local_labels,0.0,198,909,2,0.25757575757575757,51.0,0.18267045454545452,0.3300970873786408,1.8282828282828283,1.7598039215686274,1.893719806763285,0.056105610561056105,0.7953795379537953,51.0,723.0
assay_envelope,native__raw_ad4,static_native_zero_local_labels,0.0,198,909,3,0.351010101010101,69.5,0.2735333041671224,0.42252863300492594,2.5707070707070705,2.4333208955223884,2.7035274136043346,0.07645764576457646,0.828932893289329,69.5,753.5
assay_envelope,native__raw_ad4,static_native_zero_local_labels,0.0,198,909,4,0.4292929292929293,85.0,0.3505025773195876,0.507391000661716,3.2196969696969697,3.0178313873626372,3.4252645865321343,0.09350935093509351,0.856985698569857,85.0,779.0
assay_envelope,native__raw_ad4,static_native_zero_local_labels,0.0,198,909,5,0.5303030303030303,105.0,0.45544438246641566,0.6039833373581259,3.79040404040404,3.5206030927835053,4.066889483065953,0.11551155115511551,0.8811881188118812,105.0,801.0
assay_envelope,native__raw_ad4,static_native_zero_local_labels,0.0,198,909,6,0.6388888888888888,126.5,0.5657663584637269,0.7079258179625069,4.26010101010101,3.9271248256991766,4.589935897435896,0.13916391639163916,0.9125412541254125,126.5,829.5
assay_envelope,native__raw_ad4,static_native_zero_local_labels,0.0,198,909,7,0.7626262626262627,151.0,0.6965128545752911,0.8241273440372594,4.621212121212121,4.243671823792877,5.005454987417067,0.16611661166116612,0.9416941694169417,151.0,856.0
assay_envelope,native__raw_ad4,static_native_zero_local_labels,0.0,198,909,8,0.8762626262626263,173.5,0.8177281403940887,0.9260204081632653,4.858585858585859,4.439788273829882,5.288739949686775,0.19086908690869087,0.971947194719472,173.5,883.5
assay_envelope,native__raw_ad4,static_native_zero_local_labels,0.0,198,909,9,0.9494949494949495,188.0,0.9148936170212766,0.9790603184991273,4.982323232323233,4.537854583457749,5.443369733256471,0.2068206820682068,0.988998899889989,188.0,899.0
assay_envelope,native__raw_ad4,static_native_zero_local_labels,0.0,198,909,10,1.0,198.0,1.0,1.0,5.032828282828283,4.572136405197972,5.502628205128205,0.21782178217821782,1.0,198.0,909.0
assay_envelope,native__raw_gnina_own,static_native_zero_local_labels,0.0,198,909,1,0.25252525252525254,50.0,0.18536585365853658,0.3227594627594627,1.0,1.0,1.0,0.05500550055005501,0.7711771177117712,50.0,701.0
assay_envelope,native__raw_gnina_own,static_native_zero_local_labels,0.0,198,909,2,0.3787878787878788,75.0,0.29729060743912233,0.4579057017543859,1.7474747474747474,1.6772405372405372,1.8146341463414635,0.08250825082508251,0.8294829482948295,75.0,754.0
assay_envelope,native__raw_gnina_own,static_native_zero_local_labels,0.0,198,909,3,0.5202020202020202,103.0,0.4381196833981184,0.5970167367048254,2.3686868686868685,2.2282520222446913,2.50990599059906,0.11331133113311331,0.8745874587458746,103.0,795.0
assay_envelope,native__raw_gnina_own,static_native_zero_local_labels,0.0,198,909,4,0.6161616161616161,122.0,0.5408163265306123,0.6859903381642513,2.8484848484848486,2.6444047619047617,3.0628419103562767,0.1342134213421342,0.9031903190319032,122.0,821.0
assay_envelope,native__raw_gnina_own,static_native_zero_local_labels,0.0,198,909,5,0.6868686868686869,136.0,0.6124401913875598,0.7563518921386941,3.2323232323232323,2.9678752313862606,3.5026725483286345,0.1496149614961496,0.922992299229923,136.0,839.0
assay_envelope,native__raw_gnina_own,static_native_zero_local_labels,0.0,198,909,6,0.7424242424242424,147.0,0.6721311475409836,0.8102631578947368,3.5454545454545454,3.2328009586672954,3.8689604158336657,0.1617161716171617,0.9394939493949395,147.0,854.0
assay_envelope,native__raw_gnina_own,static_native_zero_local_labels,0.0,198,909,7,0.803030303030303,159.0,0.7411167512690355,0.8608387771766867,3.803030303030303,3.438469755193078,4.181370121748896,0.17491749174917492,0.9537953795379538,159.0,867.0
assay_envelope,native__raw_gnina_own,static_native_zero_local_labels,0.0,198,909,8,0.8585858585858586,170.0,0.8038078149920255,0.9095357142857142,4.0,3.5948104265402847,4.419883048045127,0.18701870187018702,0.9680968096809681,170.0,880.0
assay_envelope,native__raw_gnina_own,static_native_zero_local_labels,0.0,198,909,9,0.9191919191919192,182.0,0.8762873838930285,0.9583387305699482,4.141414141414141,3.7014120291200476,4.610264423076924,0.2002200220022002,0.9823982398239824,182.0,893.0
assay_envelope,native__raw_gnina_own,static_native_zero_local_labels,0.0,198,909,10,1.0,198.0,1.0,1.0,4.222222222222222,3.759344180797034,4.716509303495097,0.21782178217821782,1.0,198.0,909.0
assay_envelope,native__vina,static_native_zero_local_labels,0.0,198,909,1,0.1414141414141414,28.0,0.0929621320890165,0.19307349213182187,1.0,1.0,1.0,0.030803080308030802,0.7057205720572057,28.0,641.5
assay_envelope,native__vina,static_native_zero_local_labels,0.0,198,909,2,0.2643097643097643,52.333333333333336,0.20560535922365453,0.3274126554940523,1.8585858585858586,1.8069265078681782,1.9070378679109836,0.05757242390905758,0.7865786578657866,52.333333333333336,715.0
assay_envelope,native__vina,static_native_zero_local_labels,0.0,198,909,3,0.38299663299663306,75.83333333333334,0.3129251700680272,0.45812918760469007,2.5942760942760947,2.48904721296737,2.693867109784771,0.08342500916758344,0.8348001466813347,75.83333333333334,758.8333333333333
assay_envelope,native__vina,static_native_zero_local_labels,0.0,198,909,4,0.49915824915824913,98.83333333333334,0.42480008159934723,0.5723334535834534,3.211279461279461,3.0399599282718266,3.3674618437118435,0.10872753942060874,0.8718371837183718,98.83333333333334,792.5
assay_envelope,native__vina,static_native_zero_local_labels,0.0,198,909,5,0.5984848484848485,118.5,0.5274843958201838,0.6716930677074034,3.712121212121212,3.4777115211521155,3.931139842300557,0.13036303630363036,0.9000733406674001,118.5,818.1666666666666
assay_envelope,native__vina,static_native_zero_local_labels,0.0,198,909,6,0.6893939393939394,136.5,0.6174447717231224,0.7627640586691529,4.113636363636363,3.821550109822032,4.387202093397746,0.15016501650165018,0.9251925192519251,136.5,841.0
assay_envelope,native__vina,static_native_zero_local_labels,0.0,198,909,7,0.7727272727272727,153.0,0.7062890512352207,0.8377677544565842,4.424242424242424,4.067690882731959,4.744911726804124,0.16831683168316833,0.9466446644664467,153.0,860.5
assay_envelope,native__vina,static_native_zero_local_labels,0.0,198,909,8,0.9040404040404041,179.0,0.8532077481629636,0.9487244897959183,4.651515151515151,4.25367089806745,5.025603590961428,0.19691969196919692,0.977997799779978,179.0,889.0
assay_envelope,native__vina,static_native_zero_local_labels,0.0,198,909,9,0.9646464646464646,191.0,0.9381443298969072,0.9873144035532995,4.747474747474747,4.326392664005209,5.150240447313511,0.21012101210121012,0.9922992299229924,191.0,902.0
assay_envelope,native__vina,static_native_zero_local_labels,0.0,198,909,10,1.0,198.0,1.0,1.0,4.782828282828283,4.352452959702817,5.197049419261536,0.21782178217821782,1.0,198.0,909.0
