policy,method,kind,local_label_fraction,comparator,comparator_label_fraction,assay_budget_k,certified_molecules,paired_recovery_difference,paired_expected_recovered_count_difference,bootstrap_recovery_difference_p025,bootstrap_recovery_difference_p975,paired_expected_assays_difference,bootstrap_assays_difference_p025,bootstrap_assays_difference_p975
source_representative,target_prior,trained_oof,0.125,chemistry,0.125,1,205,-0.01951219512195121,-3.999999999999998,-0.06945251937984499,0.033492822966507185,0.16097560975609757,-0.05972764681266496,0.37626795767812177
source_representative,target_prior,trained_oof,0.125,chemistry,0.125,2,205,-0.1121951219512195,-22.999999999999996,-0.17925133043057573,-0.04662611505795634,0.16097560975609757,-0.05972764681266496,0.37626795767812177
source_representative,target_prior,trained_oof,0.125,chemistry,0.125,3,205,0.004878048780487809,1.0000000000000009,-0.028301886792452824,0.040609137055837574,0.16097560975609757,-0.05972764681266496,0.37626795767812177
source_representative,target_prior,trained_oof,0.125,chemistry,0.125,4,205,-0.009756097560975618,-2.0000000000000018,-0.05092592592592593,0.03227708460133888,0.16097560975609757,-0.05972764681266496,0.37626795767812177
source_representative,target_prior,trained_oof,0.125,chemistry,0.125,5,205,-0.014634146341463428,-3.0000000000000027,-0.058252427184465994,0.030000000000000027,0.16097560975609757,-0.05972764681266496,0.37626795767812177
source_representative,target_prior,trained_oof,0.125,chemistry,0.125,6,205,0.0,0.0,-0.06311449206725074,0.06155440414507764,0.16097560975609757,-0.05972764681266496,0.37626795767812177
source_representative,target_prior,trained_oof,0.125,chemistry,0.125,7,205,-0.004878048780487809,-1.0000000000000009,-0.046520712209302297,0.03590206185567006,0.16097560975609757,-0.05972764681266496,0.37626795767812177
source_representative,target_prior,trained_oof,0.125,chemistry,0.125,8,205,-0.004878048780487809,-1.0000000000000009,-0.04391325243301687,0.035362554112554075,0.16097560975609757,-0.05972764681266496,0.37626795767812177
source_representative,target_prior,trained_oof,0.125,chemistry,0.125,9,205,0.0,0.0,-0.03078125,0.030303030303030276,0.16097560975609757,-0.05972764681266496,0.37626795767812177
source_representative,target_prior,trained_oof,0.125,chemistry,0.125,10,205,0.0,0.0,0.0,0.0,0.16097560975609757,-0.05972764681266496,0.37626795767812177
source_representative,target_prior,trained_oof,0.25,chemistry,0.25,1,205,-0.03414634146341464,-7.000000000000001,-0.0900473933649289,0.02010050251256279,0.43414634146341463,0.03863809721933307,0.8719241005766573
source_representative,target_prior,trained_oof,0.25,chemistry,0.25,2,205,-0.10731707317073169,-21.999999999999996,-0.1839622641509434,-0.027762681159420384,0.43414634146341463,0.03863809721933307,0.8719241005766573
source_representative,target_prior,trained_oof,0.25,chemistry,0.25,3,205,-0.06829268292682933,-14.000000000000012,-0.14554462453110628,0.010060775079586396,0.43414634146341463,0.03863809721933307,0.8719241005766573
source_representative,target_prior,trained_oof,0.25,chemistry,0.25,4,205,-0.07317073170731714,-15.000000000000014,-0.14501136363636366,-0.004669711129991575,0.43414634146341463,0.03863809721933307,0.8719241005766573
source_representative,target_prior,trained_oof,0.25,chemistry,0.25,5,205,-0.07317073170731703,-14.999999999999991,-0.14814814814814814,-0.004924314888325605,0.43414634146341463,0.03863809721933307,0.8719241005766573
source_representative,target_prior,trained_oof,0.25,chemistry,0.25,6,205,-0.009756097560975618,-2.0000000000000018,-0.08220009309748637,0.05797804981004632,0.43414634146341463,0.03863809721933307,0.8719241005766573
source_representative,target_prior,trained_oof,0.25,chemistry,0.25,7,205,-0.029268292682926855,-6.000000000000005,-0.09661835748792269,0.03211815026035208,0.43414634146341463,0.03863809721933307,0.8719241005766573
source_representative,target_prior,trained_oof,0.25,chemistry,0.25,8,205,-0.024390243902439046,-5.000000000000004,-0.08930357142857144,0.03499999999999992,0.43414634146341463,0.03863809721933307,0.8719241005766573
source_representative,target_prior,trained_oof,0.25,chemistry,0.25,9,205,-0.014634146341463428,-3.0000000000000027,-0.0622159813235328,0.02577319587628868,0.43414634146341463,0.03863809721933307,0.8719241005766573
source_representative,target_prior,trained_oof,0.25,chemistry,0.25,10,205,0.0,0.0,0.0,0.0,0.43414634146341463,0.03863809721933307,0.8719241005766573
source_representative,target_prior,trained_oof,0.5,chemistry,0.5,1,205,-0.15121951219512192,-30.999999999999993,-0.22051470588235297,-0.07575252525252527,0.824390243902439,0.38048081808943124,1.296936753133196
source_representative,target_prior,trained_oof,0.5,chemistry,0.5,2,205,-0.1609756097560976,-33.00000000000001,-0.23983768035516093,-0.07999468085106382,0.824390243902439,0.38048081808943124,1.296936753133196
source_representative,target_prior,trained_oof,0.5,chemistry,0.5,3,205,-0.08292682926829265,-16.999999999999993,-0.14563106796116498,-0.02403273809523815,0.824390243902439,0.38048081808943124,1.296936753133196
source_representative,target_prior,trained_oof,0.5,chemistry,0.5,4,205,-0.04878048780487798,-9.999999999999986,-0.1190581542351454,0.015793673012318054,0.824390243902439,0.38048081808943124,1.296936753133196
source_representative,target_prior,trained_oof,0.5,chemistry,0.5,5,205,-0.06341463414634152,-13.00000000000001,-0.13875598086124397,0.005155981529209595,0.824390243902439,0.38048081808943124,1.296936753133196
source_representative,target_prior,trained_oof,0.5,chemistry,0.5,6,205,-0.08780487804878045,-17.999999999999993,-0.1581395348837209,-0.02462453442268413,0.824390243902439,0.38048081808943124,1.296936753133196
source_representative,target_prior,trained_oof,0.5,chemistry,0.5,7,205,-0.07804878048780495,-16.000000000000014,-0.1442420212765957,-0.015296603716113327,0.824390243902439,0.38048081808943124,1.296936753133196
source_representative,target_prior,trained_oof,0.5,chemistry,0.5,8,205,-0.08292682926829265,-16.999999999999993,-0.1470588235294118,-0.025252525252525304,0.824390243902439,0.38048081808943124,1.296936753133196
source_representative,target_prior,trained_oof,0.5,chemistry,0.5,9,205,-0.06829268292682922,-13.99999999999999,-0.12690355329949232,-0.019043126684636185,0.824390243902439,0.38048081808943124,1.296936753133196
source_representative,target_prior,trained_oof,0.5,chemistry,0.5,10,205,0.0,0.0,0.0,0.0,0.824390243902439,0.38048081808943124,1.296936753133196
source_representative,target_prior,trained_oof,1.0,chemistry,1.0,1,205,-0.2634146341463415,-54.0,-0.35026523444078234,-0.17948369565217395,1.3609756097560977,0.8878216932922053,1.8635273815002302
source_representative,target_prior,trained_oof,1.0,chemistry,1.0,2,205,-0.35121951219512193,-72.0,-0.44222720746590094,-0.2590627547934036,1.3609756097560977,0.8878216932922053,1.8635273815002302
source_representative,target_prior,trained_oof,1.0,chemistry,1.0,3,205,-0.1707317073170731,-34.999999999999986,-0.2475750839306778,-0.09404782226991176,1.3609756097560977,0.8878216932922053,1.8635273815002302
source_representative,target_prior,trained_oof,1.0,chemistry,1.0,4,205,-0.1707317073170732,-35.00000000000001,-0.2487816328867514,-0.09135902168897105,1.3609756097560977,0.8878216932922053,1.8635273815002302
source_representative,target_prior,trained_oof,1.0,chemistry,1.0,5,205,-0.12195121951219512,-25.0,-0.202020202020202,-0.03700396825396838,1.3609756097560977,0.8878216932922053,1.8635273815002302
source_representative,target_prior,trained_oof,1.0,chemistry,1.0,6,205,-0.10731707317073169,-21.999999999999996,-0.18779342723004688,-0.02577319587628868,1.3609756097560977,0.8878216932922053,1.8635273815002302
source_representative,target_prior,trained_oof,1.0,chemistry,1.0,7,205,-0.102439024390244,-21.000000000000018,-0.17822247013433742,-0.02985074626865669,1.3609756097560977,0.8878216932922053,1.8635273815002302
source_representative,target_prior,trained_oof,1.0,chemistry,1.0,8,205,-0.05365853658536579,-10.999999999999988,-0.09950248756218905,-0.009522681110358809,1.3609756097560977,0.8878216932922053,1.8635273815002302
source_representative,target_prior,trained_oof,1.0,chemistry,1.0,9,205,-0.019512195121951237,-4.0000000000000036,-0.051401869158878455,0.009852216748768461,1.3609756097560977,0.8878216932922053,1.8635273815002302
source_representative,target_prior,trained_oof,1.0,chemistry,1.0,10,205,0.0,0.0,0.0,0.0,1.3609756097560977,0.8878216932922053,1.8635273815002302
source_representative,chemistry,trained_oof,0.125,chemistry,0.125,1,205,0.0,0.0,0.0,0.0,0.0,0.0,0.0
source_representative,chemistry,trained_oof,0.125,chemistry,0.125,2,205,0.0,0.0,0.0,0.0,0.0,0.0,0.0
source_representative,chemistry,trained_oof,0.125,chemistry,0.125,3,205,0.0,0.0,0.0,0.0,0.0,0.0,0.0
source_representative,chemistry,trained_oof,0.125,chemistry,0.125,4,205,0.0,0.0,0.0,0.0,0.0,0.0,0.0
source_representative,chemistry,trained_oof,0.125,chemistry,0.125,5,205,0.0,0.0,0.0,0.0,0.0,0.0,0.0
source_representative,chemistry,trained_oof,0.125,chemistry,0.125,6,205,0.0,0.0,0.0,0.0,0.0,0.0,0.0
source_representative,chemistry,trained_oof,0.125,chemistry,0.125,7,205,0.0,0.0,0.0,0.0,0.0,0.0,0.0
source_representative,chemistry,trained_oof,0.125,chemistry,0.125,8,205,0.0,0.0,0.0,0.0,0.0,0.0,0.0
source_representative,chemistry,trained_oof,0.125,chemistry,0.125,9,205,0.0,0.0,0.0,0.0,0.0,0.0,0.0
source_representative,chemistry,trained_oof,0.125,chemistry,0.125,10,205,0.0,0.0,0.0,0.0,0.0,0.0,0.0
source_representative,chemistry,trained_oof,0.25,chemistry,0.25,1,205,0.0,0.0,0.0,0.0,0.0,0.0,0.0
source_representative,chemistry,trained_oof,0.25,chemistry,0.25,2,205,0.0,0.0,0.0,0.0,0.0,0.0,0.0
source_representative,chemistry,trained_oof,0.25,chemistry,0.25,3,205,0.0,0.0,0.0,0.0,0.0,0.0,0.0
source_representative,chemistry,trained_oof,0.25,chemistry,0.25,4,205,0.0,0.0,0.0,0.0,0.0,0.0,0.0
source_representative,chemistry,trained_oof,0.25,chemistry,0.25,5,205,0.0,0.0,0.0,0.0,0.0,0.0,0.0
source_representative,chemistry,trained_oof,0.25,chemistry,0.25,6,205,0.0,0.0,0.0,0.0,0.0,0.0,0.0
source_representative,chemistry,trained_oof,0.25,chemistry,0.25,7,205,0.0,0.0,0.0,0.0,0.0,0.0,0.0
source_representative,chemistry,trained_oof,0.25,chemistry,0.25,8,205,0.0,0.0,0.0,0.0,0.0,0.0,0.0
source_representative,chemistry,trained_oof,0.25,chemistry,0.25,9,205,0.0,0.0,0.0,0.0,0.0,0.0,0.0
source_representative,chemistry,trained_oof,0.25,chemistry,0.25,10,205,0.0,0.0,0.0,0.0,0.0,0.0,0.0
source_representative,chemistry,trained_oof,0.5,chemistry,0.5,1,205,0.0,0.0,0.0,0.0,0.0,0.0,0.0
source_representative,chemistry,trained_oof,0.5,chemistry,0.5,2,205,0.0,0.0,0.0,0.0,0.0,0.0,0.0
source_representative,chemistry,trained_oof,0.5,chemistry,0.5,3,205,0.0,0.0,0.0,0.0,0.0,0.0,0.0
source_representative,chemistry,trained_oof,0.5,chemistry,0.5,4,205,0.0,0.0,0.0,0.0,0.0,0.0,0.0
source_representative,chemistry,trained_oof,0.5,chemistry,0.5,5,205,0.0,0.0,0.0,0.0,0.0,0.0,0.0
source_representative,chemistry,trained_oof,0.5,chemistry,0.5,6,205,0.0,0.0,0.0,0.0,0.0,0.0,0.0
source_representative,chemistry,trained_oof,0.5,chemistry,0.5,7,205,0.0,0.0,0.0,0.0,0.0,0.0,0.0
source_representative,chemistry,trained_oof,0.5,chemistry,0.5,8,205,0.0,0.0,0.0,0.0,0.0,0.0,0.0
source_representative,chemistry,trained_oof,0.5,chemistry,0.5,9,205,0.0,0.0,0.0,0.0,0.0,0.0,0.0
source_representative,chemistry,trained_oof,0.5,chemistry,0.5,10,205,0.0,0.0,0.0,0.0,0.0,0.0,0.0
source_representative,chemistry,trained_oof,1.0,chemistry,1.0,1,205,0.0,0.0,0.0,0.0,0.0,0.0,0.0
source_representative,chemistry,trained_oof,1.0,chemistry,1.0,2,205,0.0,0.0,0.0,0.0,0.0,0.0,0.0
source_representative,chemistry,trained_oof,1.0,chemistry,1.0,3,205,0.0,0.0,0.0,0.0,0.0,0.0,0.0
source_representative,chemistry,trained_oof,1.0,chemistry,1.0,4,205,0.0,0.0,0.0,0.0,0.0,0.0,0.0
source_representative,chemistry,trained_oof,1.0,chemistry,1.0,5,205,0.0,0.0,0.0,0.0,0.0,0.0,0.0
source_representative,chemistry,trained_oof,1.0,chemistry,1.0,6,205,0.0,0.0,0.0,0.0,0.0,0.0,0.0
source_representative,chemistry,trained_oof,1.0,chemistry,1.0,7,205,0.0,0.0,0.0,0.0,0.0,0.0,0.0
source_representative,chemistry,trained_oof,1.0,chemistry,1.0,8,205,0.0,0.0,0.0,0.0,0.0,0.0,0.0
source_representative,chemistry,trained_oof,1.0,chemistry,1.0,9,205,0.0,0.0,0.0,0.0,0.0,0.0,0.0
source_representative,chemistry,trained_oof,1.0,chemistry,1.0,10,205,0.0,0.0,0.0,0.0,0.0,0.0,0.0
source_representative,calibrated__boltz_affinity,trained_oof,0.125,chemistry,0.125,1,205,0.05853658536585368,12.000000000000005,-0.019323671497584544,0.13942849099099097,-0.05853658536585366,-0.40406134515890607,0.28001970443349766
source_representative,calibrated__boltz_affinity,trained_oof,0.125,chemistry,0.125,2,205,0.0,0.0,-0.07143711551606285,0.07036183274864882,-0.05853658536585366,-0.40406134515890607,0.28001970443349766
source_representative,calibrated__boltz_affinity,trained_oof,0.125,chemistry,0.125,3,205,0.004878048780487809,1.0000000000000009,-0.062184261658031086,0.07389618682722131,-0.05853658536585366,-0.40406134515890607,0.28001970443349766
source_representative,calibrated__boltz_affinity,trained_oof,0.125,chemistry,0.125,4,205,0.019512195121951237,4.0000000000000036,-0.041865355357530956,0.08808290155440412,-0.05853658536585366,-0.40406134515890607,0.28001970443349766
source_representative,calibrated__boltz_affinity,trained_oof,0.125,chemistry,0.125,5,205,0.0,0.0,-0.06598984771573602,0.06796945299550075,-0.05853658536585366,-0.40406134515890607,0.28001970443349766
source_representative,calibrated__boltz_affinity,trained_oof,0.125,chemistry,0.125,6,205,0.029268292682926744,5.999999999999982,-0.025387218534426728,0.08673469387755106,-0.05853658536585366,-0.40406134515890607,0.28001970443349766
source_representative,calibrated__boltz_affinity,trained_oof,0.125,chemistry,0.125,7,205,-0.014634146341463428,-3.0000000000000027,-0.06393767801437678,0.038277511961722466,-0.05853658536585366,-0.40406134515890607,0.28001970443349766
source_representative,calibrated__boltz_affinity,trained_oof,0.125,chemistry,0.125,8,205,-0.019512195121951237,-4.0000000000000036,-0.0628172499116295,0.02336722829186964,-0.05853658536585366,-0.40406134515890607,0.28001970443349766
source_representative,calibrated__boltz_affinity,trained_oof,0.125,chemistry,0.125,9,205,-0.019512195121951237,-4.0000000000000036,-0.05102040816326536,0.010001256281407038,-0.05853658536585366,-0.40406134515890607,0.28001970443349766
source_representative,calibrated__boltz_affinity,trained_oof,0.125,chemistry,0.125,10,205,0.0,0.0,0.0,0.0,-0.05853658536585366,-0.40406134515890607,0.28001970443349766
source_representative,calibrated__boltz_affinity,trained_oof,0.25,chemistry,0.25,1,205,0.01951219512195121,3.999999999999998,-0.06000462962962965,0.09852390203288695,0.04878048780487805,-0.37380135348414517,0.4878493394308936
source_representative,calibrated__boltz_affinity,trained_oof,0.25,chemistry,0.25,2,205,0.009756097560975618,2.0000000000000018,-0.0761904761904762,0.09852216748768472,0.04878048780487805,-0.37380135348414517,0.4878493394308936
source_representative,calibrated__boltz_affinity,trained_oof,0.25,chemistry,0.25,3,205,0.03902439024390236,7.999999999999984,-0.047170823548465454,0.13235294117647056,0.04878048780487805,-0.37380135348414517,0.4878493394308936
source_representative,calibrated__boltz_affinity,trained_oof,0.25,chemistry,0.25,4,205,0.014634146341463428,3.0000000000000027,-0.06862745098039214,0.09693877551020402,0.04878048780487805,-0.37380135348414517,0.4878493394308936
source_representative,calibrated__boltz_affinity,trained_oof,0.25,chemistry,0.25,5,205,-0.029268292682926855,-6.000000000000005,-0.09758673995190653,0.04301721464019855,0.04878048780487805,-0.37380135348414517,0.4878493394308936
source_representative,calibrated__boltz_affinity,trained_oof,0.25,chemistry,0.25,6,205,-0.024390243902439046,-5.000000000000004,-0.08955399887355678,0.04040404040404044,0.04878048780487805,-0.37380135348414517,0.4878493394308936
source_representative,calibrated__boltz_affinity,trained_oof,0.25,chemistry,0.25,7,205,-0.04390243902439028,-9.000000000000007,-0.10699463327370305,0.019419843713000217,0.04878048780487805,-0.37380135348414517,0.4878493394308936
source_representative,calibrated__boltz_affinity,trained_oof,0.25,chemistry,0.25,8,205,-0.024390243902439046,-5.000000000000004,-0.07653122253686166,0.032558139534883734,0.04878048780487805,-0.37380135348414517,0.4878493394308936
source_representative,calibrated__boltz_affinity,trained_oof,0.25,chemistry,0.25,9,205,-0.009756097560975618,-2.0000000000000018,-0.04878646580583446,0.028711584468163326,0.04878048780487805,-0.37380135348414517,0.4878493394308936
source_representative,calibrated__boltz_affinity,trained_oof,0.25,chemistry,0.25,10,205,0.0,0.0,0.0,0.0,0.04878048780487805,-0.37380135348414517,0.4878493394308936
source_representative,calibrated__boltz_affinity,trained_oof,0.5,chemistry,0.5,1,205,-0.03902439024390242,-7.999999999999996,-0.1401998309303527,0.06544320999427797,0.15609756097560976,-0.29130616391962055,0.5831029201763274
source_representative,calibrated__boltz_affinity,trained_oof,0.5,chemistry,0.5,2,205,-0.0829268292682927,-17.000000000000004,-0.1683686895810956,0.004951732673267323,0.15609756097560976,-0.29130616391962055,0.5831029201763274
source_representative,calibrated__boltz_affinity,trained_oof,0.5,chemistry,0.5,3,205,-0.029268292682926855,-6.000000000000005,-0.09901213094282399,0.04102564102564099,0.15609756097560976,-0.29130616391962055,0.5831029201763274
source_representative,calibrated__boltz_affinity,trained_oof,0.5,chemistry,0.5,4,205,0.019512195121951237,4.0000000000000036,-0.050005707762557014,0.09259259259259256,0.15609756097560976,-0.29130616391962055,0.5831029201763274
source_representative,calibrated__boltz_affinity,trained_oof,0.5,chemistry,0.5,5,205,-0.019512195121951237,-4.0000000000000036,-0.09645099193212188,0.06123233908948197,0.15609756097560976,-0.29130616391962055,0.5831029201763274
source_representative,calibrated__boltz_affinity,trained_oof,0.5,chemistry,0.5,6,205,0.004878048780487809,1.0000000000000009,-0.06341463414634152,0.07656422524843579,0.15609756097560976,-0.29130616391962055,0.5831029201763274
source_representative,calibrated__boltz_affinity,trained_oof,0.5,chemistry,0.5,7,205,0.004878048780487809,1.0000000000000009,-0.05825351560799347,0.06731582125603859,0.15609756097560976,-0.29130616391962055,0.5831029201763274
source_representative,calibrated__boltz_affinity,trained_oof,0.5,chemistry,0.5,8,205,0.004878048780487809,1.0000000000000009,-0.04975746268656716,0.05797804981004643,0.15609756097560976,-0.29130616391962055,0.5831029201763274
source_representative,calibrated__boltz_affinity,trained_oof,0.5,chemistry,0.5,9,205,-0.019512195121951237,-4.0000000000000036,-0.04975124378109452,0.00952494873547501,0.15609756097560976,-0.29130616391962055,0.5831029201763274
source_representative,calibrated__boltz_affinity,trained_oof,0.5,chemistry,0.5,10,205,0.0,0.0,0.0,0.0,0.15609756097560976,-0.29130616391962055,0.5831029201763274
source_representative,calibrated__boltz_affinity,trained_oof,1.0,chemistry,1.0,1,205,-0.08292682926829265,-16.999999999999993,-0.16347552910052912,0.0,0.4926829268292683,0.07841233580810938,0.9116279069767455
source_representative,calibrated__boltz_affinity,trained_oof,1.0,chemistry,1.0,2,205,-0.10243902439024388,-20.999999999999996,-0.190960316287319,-0.02093968150087253,0.4926829268292683,0.07841233580810938,0.9116279069767455
source_representative,calibrated__boltz_affinity,trained_oof,1.0,chemistry,1.0,3,205,-0.09756097560975607,-19.999999999999996,-0.17526653256223276,-0.022783834182027132,0.4926829268292683,0.07841233580810938,0.9116279069767455
source_representative,calibrated__boltz_affinity,trained_oof,1.0,chemistry,1.0,4,205,-0.07317073170731714,-15.000000000000014,-0.14647275507367255,0.0,0.4926829268292683,0.07841233580810938,0.9116279069767455
source_representative,calibrated__boltz_affinity,trained_oof,1.0,chemistry,1.0,5,205,-0.06341463414634141,-12.99999999999999,-0.13065796271075003,0.0,0.4926829268292683,0.07841233580810938,0.9116279069767455
source_representative,calibrated__boltz_affinity,trained_oof,1.0,chemistry,1.0,6,205,-0.039024390243902474,-8.000000000000007,-0.10476785714285711,0.025906735751295318,0.4926829268292683,0.07841233580810938,0.9116279069767455
source_representative,calibrated__boltz_affinity,trained_oof,1.0,chemistry,1.0,7,205,-0.014634146341463428,-3.0000000000000027,-0.07075471698113212,0.03865203320669755,0.4926829268292683,0.07841233580810938,0.9116279069767455
source_representative,calibrated__boltz_affinity,trained_oof,1.0,chemistry,1.0,8,205,-0.014634146341463428,-3.0000000000000027,-0.06668269230769229,0.03448275862068961,0.4926829268292683,0.07841233580810938,0.9116279069767455
source_representative,calibrated__boltz_affinity,trained_oof,1.0,chemistry,1.0,9,205,-0.004878048780487809,-1.0000000000000009,-0.03555555555555556,0.025913517619293003,0.4926829268292683,0.07841233580810938,0.9116279069767455
source_representative,calibrated__boltz_affinity,trained_oof,1.0,chemistry,1.0,10,205,0.0,0.0,0.0,0.0,0.4926829268292683,0.07841233580810938,0.9116279069767455
source_representative,availability__boltz_affinity,trained_oof,0.125,chemistry,0.125,1,205,0.0,0.0,0.0,0.0,0.0,0.0,0.0
source_representative,availability__boltz_affinity,trained_oof,0.125,chemistry,0.125,2,205,0.0,0.0,0.0,0.0,0.0,0.0,0.0
source_representative,availability__boltz_affinity,trained_oof,0.125,chemistry,0.125,3,205,0.0,0.0,0.0,0.0,0.0,0.0,0.0
source_representative,availability__boltz_affinity,trained_oof,0.125,chemistry,0.125,4,205,0.0,0.0,0.0,0.0,0.0,0.0,0.0
source_representative,availability__boltz_affinity,trained_oof,0.125,chemistry,0.125,5,205,0.0,0.0,0.0,0.0,0.0,0.0,0.0
source_representative,availability__boltz_affinity,trained_oof,0.125,chemistry,0.125,6,205,0.0,0.0,0.0,0.0,0.0,0.0,0.0
source_representative,availability__boltz_affinity,trained_oof,0.125,chemistry,0.125,7,205,0.0,0.0,0.0,0.0,0.0,0.0,0.0
source_representative,availability__boltz_affinity,trained_oof,0.125,chemistry,0.125,8,205,0.0,0.0,0.0,0.0,0.0,0.0,0.0
source_representative,availability__boltz_affinity,trained_oof,0.125,chemistry,0.125,9,205,0.0,0.0,0.0,0.0,0.0,0.0,0.0
source_representative,availability__boltz_affinity,trained_oof,0.125,chemistry,0.125,10,205,0.0,0.0,0.0,0.0,0.0,0.0,0.0
source_representative,availability__boltz_affinity,trained_oof,0.25,chemistry,0.25,1,205,0.0,0.0,0.0,0.0,0.0,0.0,0.0
source_representative,availability__boltz_affinity,trained_oof,0.25,chemistry,0.25,2,205,0.0,0.0,0.0,0.0,0.0,0.0,0.0
source_representative,availability__boltz_affinity,trained_oof,0.25,chemistry,0.25,3,205,0.0,0.0,0.0,0.0,0.0,0.0,0.0
source_representative,availability__boltz_affinity,trained_oof,0.25,chemistry,0.25,4,205,0.0,0.0,0.0,0.0,0.0,0.0,0.0
source_representative,availability__boltz_affinity,trained_oof,0.25,chemistry,0.25,5,205,0.0,0.0,0.0,0.0,0.0,0.0,0.0
source_representative,availability__boltz_affinity,trained_oof,0.25,chemistry,0.25,6,205,0.0,0.0,0.0,0.0,0.0,0.0,0.0
source_representative,availability__boltz_affinity,trained_oof,0.25,chemistry,0.25,7,205,0.0,0.0,0.0,0.0,0.0,0.0,0.0
source_representative,availability__boltz_affinity,trained_oof,0.25,chemistry,0.25,8,205,0.0,0.0,0.0,0.0,0.0,0.0,0.0
source_representative,availability__boltz_affinity,trained_oof,0.25,chemistry,0.25,9,205,0.0,0.0,0.0,0.0,0.0,0.0,0.0
source_representative,availability__boltz_affinity,trained_oof,0.25,chemistry,0.25,10,205,0.0,0.0,0.0,0.0,0.0,0.0,0.0
source_representative,availability__boltz_affinity,trained_oof,0.5,chemistry,0.5,1,205,0.0,0.0,0.0,0.0,0.0,0.0,0.0
source_representative,availability__boltz_affinity,trained_oof,0.5,chemistry,0.5,2,205,0.0,0.0,0.0,0.0,0.0,0.0,0.0
source_representative,availability__boltz_affinity,trained_oof,0.5,chemistry,0.5,3,205,0.0,0.0,0.0,0.0,0.0,0.0,0.0
source_representative,availability__boltz_affinity,trained_oof,0.5,chemistry,0.5,4,205,0.0,0.0,0.0,0.0,0.0,0.0,0.0
source_representative,availability__boltz_affinity,trained_oof,0.5,chemistry,0.5,5,205,0.0,0.0,0.0,0.0,0.0,0.0,0.0
source_representative,availability__boltz_affinity,trained_oof,0.5,chemistry,0.5,6,205,0.0,0.0,0.0,0.0,0.0,0.0,0.0
source_representative,availability__boltz_affinity,trained_oof,0.5,chemistry,0.5,7,205,0.0,0.0,0.0,0.0,0.0,0.0,0.0
source_representative,availability__boltz_affinity,trained_oof,0.5,chemistry,0.5,8,205,0.0,0.0,0.0,0.0,0.0,0.0,0.0
source_representative,availability__boltz_affinity,trained_oof,0.5,chemistry,0.5,9,205,0.0,0.0,0.0,0.0,0.0,0.0,0.0
source_representative,availability__boltz_affinity,trained_oof,0.5,chemistry,0.5,10,205,0.0,0.0,0.0,0.0,0.0,0.0,0.0
source_representative,availability__boltz_affinity,trained_oof,1.0,chemistry,1.0,1,205,0.0,0.0,0.0,0.0,0.0,0.0,0.0
source_representative,availability__boltz_affinity,trained_oof,1.0,chemistry,1.0,2,205,0.0,0.0,0.0,0.0,0.0,0.0,0.0
source_representative,availability__boltz_affinity,trained_oof,1.0,chemistry,1.0,3,205,0.0,0.0,0.0,0.0,0.0,0.0,0.0
source_representative,availability__boltz_affinity,trained_oof,1.0,chemistry,1.0,4,205,0.0,0.0,0.0,0.0,0.0,0.0,0.0
source_representative,availability__boltz_affinity,trained_oof,1.0,chemistry,1.0,5,205,0.0,0.0,0.0,0.0,0.0,0.0,0.0
source_representative,availability__boltz_affinity,trained_oof,1.0,chemistry,1.0,6,205,0.0,0.0,0.0,0.0,0.0,0.0,0.0
source_representative,availability__boltz_affinity,trained_oof,1.0,chemistry,1.0,7,205,0.0,0.0,0.0,0.0,0.0,0.0,0.0
source_representative,availability__boltz_affinity,trained_oof,1.0,chemistry,1.0,8,205,0.0,0.0,0.0,0.0,0.0,0.0,0.0
source_representative,availability__boltz_affinity,trained_oof,1.0,chemistry,1.0,9,205,0.0,0.0,0.0,0.0,0.0,0.0,0.0
source_representative,availability__boltz_affinity,trained_oof,1.0,chemistry,1.0,10,205,0.0,0.0,0.0,0.0,0.0,0.0,0.0
source_representative,plus__boltz_affinity,trained_oof,0.125,chemistry,0.125,1,205,0.0975609756097561,20.0,0.020720074398830866,0.17536345587293448,-0.15609756097560976,-0.4514730944019835,0.13334158415841618
source_representative,plus__boltz_affinity,trained_oof,0.125,chemistry,0.125,2,205,0.02439024390243899,4.999999999999993,-0.0394088669950739,0.0917886719905354,-0.15609756097560976,-0.4514730944019835,0.13334158415841618
source_representative,plus__boltz_affinity,trained_oof,0.125,chemistry,0.125,3,205,0.024390243902439046,5.000000000000004,-0.03333732057416267,0.08421793921423276,-0.15609756097560976,-0.4514730944019835,0.13334158415841618
source_representative,plus__boltz_affinity,trained_oof,0.125,chemistry,0.125,4,205,0.03414634146341455,6.999999999999983,-0.019138755980861233,0.08854487376847285,-0.15609756097560976,-0.4514730944019835,0.13334158415841618
source_representative,plus__boltz_affinity,trained_oof,0.125,chemistry,0.125,5,205,0.029268292682926855,6.000000000000005,-0.02777777777777779,0.08854487376847285,-0.15609756097560976,-0.4514730944019835,0.13334158415841618
source_representative,plus__boltz_affinity,trained_oof,0.125,chemistry,0.125,6,205,0.004878048780487809,1.0000000000000009,-0.04348353735753491,0.05339805825242716,-0.15609756097560976,-0.4514730944019835,0.13334158415841618
source_representative,plus__boltz_affinity,trained_oof,0.125,chemistry,0.125,7,205,-0.009756097560975618,-2.0000000000000018,-0.05406016876605112,0.031254090314136104,-0.15609756097560976,-0.4514730944019835,0.13334158415841618
source_representative,plus__boltz_affinity,trained_oof,0.125,chemistry,0.125,8,205,-0.029268292682926855,-6.000000000000005,-0.07547169811320753,0.015151515151515138,-0.15609756097560976,-0.4514730944019835,0.13334158415841618
source_representative,plus__boltz_affinity,trained_oof,0.125,chemistry,0.125,9,205,-0.019512195121951237,-4.0000000000000036,-0.04878319783197836,0.010052802081473387,-0.15609756097560976,-0.4514730944019835,0.13334158415841618
source_representative,plus__boltz_affinity,trained_oof,0.125,chemistry,0.125,10,205,0.0,0.0,0.0,0.0,-0.15609756097560976,-0.4514730944019835,0.13334158415841618
source_representative,plus__boltz_affinity,trained_oof,0.25,chemistry,0.25,1,205,0.06341463414634144,12.999999999999995,-0.009803921568627416,0.1339802185246018,-0.13658536585365855,-0.4522973664619393,0.19729836417608618
source_representative,plus__boltz_affinity,trained_oof,0.25,chemistry,0.25,2,205,0.03902439024390242,7.999999999999996,-0.03589743589743588,0.11320754716981135,-0.13658536585365855,-0.4522973664619393,0.19729836417608618
source_representative,plus__boltz_affinity,trained_oof,0.25,chemistry,0.25,3,205,0.0585365853658536,11.999999999999988,-0.013953488372092985,0.13706081417338503,-0.13658536585365855,-0.4522973664619393,0.19729836417608618
source_representative,plus__boltz_affinity,trained_oof,0.25,chemistry,0.25,4,205,0.04878048780487798,9.999999999999986,-0.01031196305841921,0.1121951219512195,-0.13658536585365855,-0.4522973664619393,0.19729836417608618
source_representative,plus__boltz_affinity,trained_oof,0.25,chemistry,0.25,5,205,0.0,0.0,-0.05392156862745101,0.055276381909547756,-0.13658536585365855,-0.4522973664619393,0.19729836417608618
source_representative,plus__boltz_affinity,trained_oof,0.25,chemistry,0.25,6,205,-0.004878048780487809,-1.0000000000000009,-0.05797101449275366,0.045685279187817285,-0.13658536585365855,-0.4522973664619393,0.19729836417608618
source_representative,plus__boltz_affinity,trained_oof,0.25,chemistry,0.25,7,205,-0.039024390243902474,-8.000000000000007,-0.09302610579115372,0.00995149253731349,-0.13658536585365855,-0.4522973664619393,0.19729836417608618
source_representative,plus__boltz_affinity,trained_oof,0.25,chemistry,0.25,8,205,-0.029268292682926855,-6.000000000000005,-0.07944332077928122,0.023696682464455,-0.13658536585365855,-0.4522973664619393,0.19729836417608618
source_representative,plus__boltz_affinity,trained_oof,0.25,chemistry,0.25,9,205,0.0,0.0,-0.037740320128766866,0.03272190725074179,-0.13658536585365855,-0.4522973664619393,0.19729836417608618
source_representative,plus__boltz_affinity,trained_oof,0.25,chemistry,0.25,10,205,0.0,0.0,0.0,0.0,-0.13658536585365855,-0.4522973664619393,0.19729836417608618
source_representative,plus__boltz_affinity,trained_oof,0.5,chemistry,0.5,1,205,0.09756097560975613,20.000000000000007,0.01538265306122449,0.18058712121212106,-0.22926829268292684,-0.6477106227106222,0.17453402637845847
source_representative,plus__boltz_affinity,trained_oof,0.5,chemistry,0.5,2,205,0.07804878048780484,15.999999999999991,0.015777389903329695,0.14019786799065417,-0.22926829268292684,-0.6477106227106222,0.17453402637845847
source_representative,plus__boltz_affinity,trained_oof,0.5,chemistry,0.5,3,205,0.0585365853658536,11.999999999999988,-0.009756097560975618,0.12562879844247413,-0.22926829268292684,-0.6477106227106222,0.17453402637845847
source_representative,plus__boltz_affinity,trained_oof,0.5,chemistry,0.5,4,205,0.04878048780487809,10.000000000000009,-0.01869158878504673,0.1153894472361808,-0.22926829268292684,-0.6477106227106222,0.17453402637845847
source_representative,plus__boltz_affinity,trained_oof,0.5,chemistry,0.5,5,205,0.024390243902438935,4.999999999999981,-0.043274456521739085,0.09709609161065463,-0.22926829268292684,-0.6477106227106222,0.17453402637845847
source_representative,plus__boltz_affinity,trained_oof,0.5,chemistry,0.5,6,205,-0.024390243902439046,-5.000000000000004,-0.0909200174825174,0.04615979381443291,-0.22926829268292684,-0.6477106227106222,0.17453402637845847
source_representative,plus__boltz_affinity,trained_oof,0.5,chemistry,0.5,7,205,-0.024390243902439046,-5.000000000000004,-0.08911123506716877,0.03902917264466763,-0.22926829268292684,-0.6477106227106222,0.17453402637845847
source_representative,plus__boltz_affinity,trained_oof,0.5,chemistry,0.5,8,205,-0.009756097560975507,-1.9999999999999791,-0.061226896418944896,0.04148429964634004,-0.22926829268292684,-0.6477106227106222,0.17453402637845847
source_representative,plus__boltz_affinity,trained_oof,0.5,chemistry,0.5,9,205,-0.019512195121951237,-4.0000000000000036,-0.038839687426000455,-0.004716981132075526,-0.22926829268292684,-0.6477106227106222,0.17453402637845847
source_representative,plus__boltz_affinity,trained_oof,0.5,chemistry,0.5,10,205,0.0,0.0,0.0,0.0,-0.22926829268292684,-0.6477106227106222,0.17453402637845847
source_representative,plus__boltz_affinity,trained_oof,1.0,chemistry,1.0,1,205,0.04390243902439028,9.000000000000007,-0.024393232902917283,0.10999999999999999,0.0975609756097561,-0.20410459183673532,0.4341676829268295
source_representative,plus__boltz_affinity,trained_oof,1.0,chemistry,1.0,2,205,0.014634146341463428,3.0000000000000027,-0.04879859937213238,0.07921777252352102,0.0975609756097561,-0.20410459183673532,0.4341676829268295
source_representative,plus__boltz_affinity,trained_oof,1.0,chemistry,1.0,3,205,-0.004878048780487809,-1.0000000000000009,-0.061678550342885614,0.05128205128205132,0.0975609756097561,-0.20410459183673532,0.4341676829268295
source_representative,plus__boltz_affinity,trained_oof,1.0,chemistry,1.0,4,205,-0.009756097560975618,-2.0000000000000018,-0.06500290697674424,0.047852640780272356,0.0975609756097561,-0.20410459183673532,0.4341676829268295
source_representative,plus__boltz_affinity,trained_oof,1.0,chemistry,1.0,5,205,-0.019512195121951237,-4.0000000000000036,-0.07247256226255813,0.034317951318458384,0.0975609756097561,-0.20410459183673532,0.4341676829268295
source_representative,plus__boltz_affinity,trained_oof,1.0,chemistry,1.0,6,205,-0.039024390243902474,-8.000000000000007,-0.09047619047619038,0.01025641025641022,0.0975609756097561,-0.20410459183673532,0.4341676829268295
source_representative,plus__boltz_affinity,trained_oof,1.0,chemistry,1.0,7,205,-0.04390243902439028,-9.000000000000007,-0.09662636793847984,0.0050000000000000044,0.0975609756097561,-0.20410459183673532,0.4341676829268295
source_representative,plus__boltz_affinity,trained_oof,1.0,chemistry,1.0,8,205,-0.03902439024390236,-7.999999999999984,-0.08780487804878045,0.005076789599088376,0.0975609756097561,-0.20410459183673532,0.4341676829268295
source_representative,plus__boltz_affinity,trained_oof,1.0,chemistry,1.0,9,205,0.0,0.0,-0.025931713097423245,0.027906976744186074,0.0975609756097561,-0.20410459183673532,0.4341676829268295
source_representative,plus__boltz_affinity,trained_oof,1.0,chemistry,1.0,10,205,0.0,0.0,0.0,0.0,0.0975609756097561,-0.20410459183673532,0.4341676829268295
source_representative,calibrated__boltz_binary,trained_oof,0.125,chemistry,0.125,1,205,0.009756097560975618,2.0000000000000018,-0.06217678558147606,0.0837542067014583,0.03902439024390244,-0.40554021992061046,0.49280487804877937
source_representative,calibrated__boltz_binary,trained_oof,0.125,chemistry,0.125,2,205,-0.04878048780487804,-9.999999999999998,-0.1388960481099657,0.03517587939698491,0.03902439024390244,-0.40554021992061046,0.49280487804877937
source_representative,calibrated__boltz_binary,trained_oof,0.125,chemistry,0.125,3,205,-0.014634146341463317,-2.99999999999998,-0.09694586167800454,0.0643678951228455,0.03902439024390244,-0.40554021992061046,0.49280487804877937
source_representative,calibrated__boltz_binary,trained_oof,0.125,chemistry,0.125,4,205,-0.004878048780487809,-1.0000000000000009,-0.08290218627574873,0.07657351547511716,0.03902439024390244,-0.40554021992061046,0.49280487804877937
source_representative,calibrated__boltz_binary,trained_oof,0.125,chemistry,0.125,5,205,0.009756097560975618,2.0000000000000018,-0.06565656565656564,0.09136832524271833,0.03902439024390244,-0.40554021992061046,0.49280487804877937
source_representative,calibrated__boltz_binary,trained_oof,0.125,chemistry,0.125,6,205,0.0,0.0,-0.0780777589954118,0.08212560386473433,0.03902439024390244,-0.40554021992061046,0.49280487804877937
source_representative,calibrated__boltz_binary,trained_oof,0.125,chemistry,0.125,7,205,0.004878048780487809,1.0000000000000009,-0.055562605752961104,0.07042253521126762,0.03902439024390244,-0.40554021992061046,0.49280487804877937
source_representative,calibrated__boltz_binary,trained_oof,0.125,chemistry,0.125,8,205,-0.004878048780487809,-1.0000000000000009,-0.055305939580133114,0.04569110639179518,0.03902439024390244,-0.40554021992061046,0.49280487804877937
source_representative,calibrated__boltz_binary,trained_oof,0.125,chemistry,0.125,9,205,0.009756097560975618,2.0000000000000018,-0.021326076199900956,0.041860465116279055,0.03902439024390244,-0.40554021992061046,0.49280487804877937
source_representative,calibrated__boltz_binary,trained_oof,0.125,chemistry,0.125,10,205,0.0,0.0,0.0,0.0,0.03902439024390244,-0.40554021992061046,0.49280487804877937
source_representative,calibrated__boltz_binary,trained_oof,0.25,chemistry,0.25,1,205,0.0,0.0,-0.07035352820440229,0.07547884505431669,0.06829268292682927,-0.33341708542713544,0.49069749513734057
source_representative,calibrated__boltz_binary,trained_oof,0.25,chemistry,0.25,2,205,-0.04878048780487804,-9.999999999999998,-0.139306472445465,0.03865203320669755,0.06829268292682927,-0.33341708542713544,0.49069749513734057
source_representative,calibrated__boltz_binary,trained_oof,0.25,chemistry,0.25,3,205,-0.004878048780487809,-1.0000000000000009,-0.08149509803921573,0.08000471698113201,0.06829268292682927,-0.33341708542713544,0.49069749513734057
source_representative,calibrated__boltz_binary,trained_oof,0.25,chemistry,0.25,4,205,0.019512195121951237,4.0000000000000036,-0.05853713469567133,0.098041506322155,0.06829268292682927,-0.33341708542713544,0.49069749513734057
source_representative,calibrated__boltz_binary,trained_oof,0.25,chemistry,0.25,5,205,-0.024390243902439046,-5.000000000000004,-0.09223487677371169,0.045924254317111425,0.06829268292682927,-0.33341708542713544,0.49069749513734057
source_representative,calibrated__boltz_binary,trained_oof,0.25,chemistry,0.25,6,205,0.004878048780487698,0.9999999999999781,-0.06511627906976747,0.08018867924528306,0.06829268292682927,-0.33341708542713544,0.49069749513734057
source_representative,calibrated__boltz_binary,trained_oof,0.25,chemistry,0.25,7,205,-0.009756097560975618,-2.0000000000000018,-0.07009345794392519,0.05366511238641799,0.06829268292682927,-0.33341708542713544,0.49069749513734057
source_representative,calibrated__boltz_binary,trained_oof,0.25,chemistry,0.25,8,205,-0.009756097560975618,-2.0000000000000018,-0.06330199801439564,0.043694648354250486,0.06829268292682927,-0.33341708542713544,0.49069749513734057
source_representative,calibrated__boltz_binary,trained_oof,0.25,chemistry,0.25,9,205,0.004878048780487809,1.0000000000000009,-0.03637197664720602,0.04083218779739871,0.06829268292682927,-0.33341708542713544,0.49069749513734057
source_representative,calibrated__boltz_binary,trained_oof,0.25,chemistry,0.25,10,205,0.0,0.0,0.0,0.0,0.06829268292682927,-0.33341708542713544,0.49069749513734057
source_representative,calibrated__boltz_binary,trained_oof,0.5,chemistry,0.5,1,205,-0.07804878048780484,-15.999999999999991,-0.17085752597182804,0.014927238805970128,0.14146341463414633,-0.3467717942948574,0.6113989637305695
source_representative,calibrated__boltz_binary,trained_oof,0.5,chemistry,0.5,2,205,-0.07317073170731714,-15.000000000000014,-0.16843587842846555,0.024271844660194164,0.14146341463414633,-0.3467717942948574,0.6113989637305695
source_representative,calibrated__boltz_binary,trained_oof,0.5,chemistry,0.5,3,205,-0.04390243902439028,-9.000000000000007,-0.13658536585365855,0.04616580310880828,0.14146341463414633,-0.3467717942948574,0.6113989637305695
source_representative,calibrated__boltz_binary,trained_oof,0.5,chemistry,0.5,4,205,-0.009756097560975618,-2.0000000000000018,-0.09313725490196079,0.07463035290835539,0.14146341463414633,-0.3467717942948574,0.6113989637305695
source_representative,calibrated__boltz_binary,trained_oof,0.5,chemistry,0.5,5,205,0.024390243902438935,4.999999999999981,-0.05419389845388473,0.10098604368932022,0.14146341463414633,-0.3467717942948574,0.6113989637305695
source_representative,calibrated__boltz_binary,trained_oof,0.5,chemistry,0.5,6,205,0.024390243902439046,5.000000000000004,-0.03553752719361856,0.08782938226578511,0.14146341463414633,-0.3467717942948574,0.6113989637305695
source_representative,calibrated__boltz_binary,trained_oof,0.5,chemistry,0.5,7,205,0.009756097560975618,2.0000000000000018,-0.043689320388349495,0.06698626251664777,0.14146341463414633,-0.3467717942948574,0.6113989637305695
source_representative,calibrated__boltz_binary,trained_oof,0.5,chemistry,0.5,8,205,0.014634146341463428,3.0000000000000027,-0.030460737594530177,0.06282722513089001,0.14146341463414633,-0.3467717942948574,0.6113989637305695
source_representative,calibrated__boltz_binary,trained_oof,0.5,chemistry,0.5,9,205,-0.009756097560975618,-2.0000000000000018,-0.0341505260640842,0.010204081632653073,0.14146341463414633,-0.3467717942948574,0.6113989637305695
source_representative,calibrated__boltz_binary,trained_oof,0.5,chemistry,0.5,10,205,0.0,0.0,0.0,0.0,0.14146341463414633,-0.3467717942948574,0.6113989637305695
source_representative,calibrated__boltz_binary,trained_oof,1.0,chemistry,1.0,1,205,-0.1121951219512195,-22.999999999999996,-0.18230168269230768,-0.04108890131395027,0.6146341463414634,0.22813327449249793,1.0051320556269714
source_representative,calibrated__boltz_binary,trained_oof,1.0,chemistry,1.0,2,205,-0.1414634146341463,-28.999999999999993,-0.2270586297760211,-0.058529481411319056,0.6146341463414634,0.22813327449249793,1.0051320556269714
source_representative,calibrated__boltz_binary,trained_oof,1.0,chemistry,1.0,3,205,-0.1707317073170731,-34.999999999999986,-0.25774798993735515,-0.08836486323653463,0.6146341463414634,0.22813327449249793,1.0051320556269714
source_representative,calibrated__boltz_binary,trained_oof,1.0,chemistry,1.0,4,205,-0.12195121951219512,-25.0,-0.20398263783125198,-0.03960396039603964,0.6146341463414634,0.22813327449249793,1.0051320556269714
source_representative,calibrated__boltz_binary,trained_oof,1.0,chemistry,1.0,5,205,-0.04390243902439017,-8.999999999999986,-0.1060660957400088,0.020304568527918735,0.6146341463414634,0.22813327449249793,1.0051320556269714
source_representative,calibrated__boltz_binary,trained_oof,1.0,chemistry,1.0,6,205,-0.009756097560975618,-2.0000000000000018,-0.06512153792216901,0.048555587283457095,0.6146341463414634,0.22813327449249793,1.0051320556269714
source_representative,calibrated__boltz_binary,trained_oof,1.0,chemistry,1.0,7,205,-0.009756097560975618,-2.0000000000000018,-0.05641509433962266,0.03847087378640769,0.6146341463414634,0.22813327449249793,1.0051320556269714
source_representative,calibrated__boltz_binary,trained_oof,1.0,chemistry,1.0,8,205,0.0,0.0,-0.03960396039603953,0.041242454997062056,0.6146341463414634,0.22813327449249793,1.0051320556269714
source_representative,calibrated__boltz_binary,trained_oof,1.0,chemistry,1.0,9,205,-0.004878048780487809,-1.0000000000000009,-0.034653465346534684,0.025000000000000022,0.6146341463414634,0.22813327449249793,1.0051320556269714
source_representative,calibrated__boltz_binary,trained_oof,1.0,chemistry,1.0,10,205,0.0,0.0,0.0,0.0,0.6146341463414634,0.22813327449249793,1.0051320556269714
source_representative,availability__boltz_binary,trained_oof,0.125,chemistry,0.125,1,205,0.0,0.0,0.0,0.0,0.0,0.0,0.0
source_representative,availability__boltz_binary,trained_oof,0.125,chemistry,0.125,2,205,0.0,0.0,0.0,0.0,0.0,0.0,0.0
source_representative,availability__boltz_binary,trained_oof,0.125,chemistry,0.125,3,205,0.0,0.0,0.0,0.0,0.0,0.0,0.0
source_representative,availability__boltz_binary,trained_oof,0.125,chemistry,0.125,4,205,0.0,0.0,0.0,0.0,0.0,0.0,0.0
source_representative,availability__boltz_binary,trained_oof,0.125,chemistry,0.125,5,205,0.0,0.0,0.0,0.0,0.0,0.0,0.0
source_representative,availability__boltz_binary,trained_oof,0.125,chemistry,0.125,6,205,0.0,0.0,0.0,0.0,0.0,0.0,0.0
source_representative,availability__boltz_binary,trained_oof,0.125,chemistry,0.125,7,205,0.0,0.0,0.0,0.0,0.0,0.0,0.0
source_representative,availability__boltz_binary,trained_oof,0.125,chemistry,0.125,8,205,0.0,0.0,0.0,0.0,0.0,0.0,0.0
source_representative,availability__boltz_binary,trained_oof,0.125,chemistry,0.125,9,205,0.0,0.0,0.0,0.0,0.0,0.0,0.0
source_representative,availability__boltz_binary,trained_oof,0.125,chemistry,0.125,10,205,0.0,0.0,0.0,0.0,0.0,0.0,0.0
source_representative,availability__boltz_binary,trained_oof,0.25,chemistry,0.25,1,205,0.0,0.0,0.0,0.0,0.0,0.0,0.0
source_representative,availability__boltz_binary,trained_oof,0.25,chemistry,0.25,2,205,0.0,0.0,0.0,0.0,0.0,0.0,0.0
source_representative,availability__boltz_binary,trained_oof,0.25,chemistry,0.25,3,205,0.0,0.0,0.0,0.0,0.0,0.0,0.0
source_representative,availability__boltz_binary,trained_oof,0.25,chemistry,0.25,4,205,0.0,0.0,0.0,0.0,0.0,0.0,0.0
source_representative,availability__boltz_binary,trained_oof,0.25,chemistry,0.25,5,205,0.0,0.0,0.0,0.0,0.0,0.0,0.0
source_representative,availability__boltz_binary,trained_oof,0.25,chemistry,0.25,6,205,0.0,0.0,0.0,0.0,0.0,0.0,0.0
source_representative,availability__boltz_binary,trained_oof,0.25,chemistry,0.25,7,205,0.0,0.0,0.0,0.0,0.0,0.0,0.0
source_representative,availability__boltz_binary,trained_oof,0.25,chemistry,0.25,8,205,0.0,0.0,0.0,0.0,0.0,0.0,0.0
source_representative,availability__boltz_binary,trained_oof,0.25,chemistry,0.25,9,205,0.0,0.0,0.0,0.0,0.0,0.0,0.0
source_representative,availability__boltz_binary,trained_oof,0.25,chemistry,0.25,10,205,0.0,0.0,0.0,0.0,0.0,0.0,0.0
source_representative,availability__boltz_binary,trained_oof,0.5,chemistry,0.5,1,205,0.0,0.0,0.0,0.0,0.0,0.0,0.0
source_representative,availability__boltz_binary,trained_oof,0.5,chemistry,0.5,2,205,0.0,0.0,0.0,0.0,0.0,0.0,0.0
source_representative,availability__boltz_binary,trained_oof,0.5,chemistry,0.5,3,205,0.0,0.0,0.0,0.0,0.0,0.0,0.0
source_representative,availability__boltz_binary,trained_oof,0.5,chemistry,0.5,4,205,0.0,0.0,0.0,0.0,0.0,0.0,0.0
source_representative,availability__boltz_binary,trained_oof,0.5,chemistry,0.5,5,205,0.0,0.0,0.0,0.0,0.0,0.0,0.0
source_representative,availability__boltz_binary,trained_oof,0.5,chemistry,0.5,6,205,0.0,0.0,0.0,0.0,0.0,0.0,0.0
source_representative,availability__boltz_binary,trained_oof,0.5,chemistry,0.5,7,205,0.0,0.0,0.0,0.0,0.0,0.0,0.0
source_representative,availability__boltz_binary,trained_oof,0.5,chemistry,0.5,8,205,0.0,0.0,0.0,0.0,0.0,0.0,0.0
source_representative,availability__boltz_binary,trained_oof,0.5,chemistry,0.5,9,205,0.0,0.0,0.0,0.0,0.0,0.0,0.0
source_representative,availability__boltz_binary,trained_oof,0.5,chemistry,0.5,10,205,0.0,0.0,0.0,0.0,0.0,0.0,0.0
source_representative,availability__boltz_binary,trained_oof,1.0,chemistry,1.0,1,205,0.0,0.0,0.0,0.0,0.0,0.0,0.0
source_representative,availability__boltz_binary,trained_oof,1.0,chemistry,1.0,2,205,0.0,0.0,0.0,0.0,0.0,0.0,0.0
source_representative,availability__boltz_binary,trained_oof,1.0,chemistry,1.0,3,205,0.0,0.0,0.0,0.0,0.0,0.0,0.0
source_representative,availability__boltz_binary,trained_oof,1.0,chemistry,1.0,4,205,0.0,0.0,0.0,0.0,0.0,0.0,0.0
source_representative,availability__boltz_binary,trained_oof,1.0,chemistry,1.0,5,205,0.0,0.0,0.0,0.0,0.0,0.0,0.0
source_representative,availability__boltz_binary,trained_oof,1.0,chemistry,1.0,6,205,0.0,0.0,0.0,0.0,0.0,0.0,0.0
source_representative,availability__boltz_binary,trained_oof,1.0,chemistry,1.0,7,205,0.0,0.0,0.0,0.0,0.0,0.0,0.0
source_representative,availability__boltz_binary,trained_oof,1.0,chemistry,1.0,8,205,0.0,0.0,0.0,0.0,0.0,0.0,0.0
source_representative,availability__boltz_binary,trained_oof,1.0,chemistry,1.0,9,205,0.0,0.0,0.0,0.0,0.0,0.0,0.0
source_representative,availability__boltz_binary,trained_oof,1.0,chemistry,1.0,10,205,0.0,0.0,0.0,0.0,0.0,0.0,0.0
source_representative,plus__boltz_binary,trained_oof,0.125,chemistry,0.125,1,205,0.048780487804878064,10.000000000000004,-0.02526223776223776,0.1262135922330097,-0.23414634146341465,-0.5970891041273647,0.14493129083126888
source_representative,plus__boltz_binary,trained_oof,0.125,chemistry,0.125,2,205,0.0292682926829268,5.999999999999994,-0.05500690954773869,0.10849323401348925,-0.23414634146341465,-0.5970891041273647,0.14493129083126888
source_representative,plus__boltz_binary,trained_oof,0.125,chemistry,0.125,3,205,0.05853658536585371,12.00000000000001,-0.004739336492890936,0.11856308053485753,-0.23414634146341465,-0.5970891041273647,0.14493129083126888
source_representative,plus__boltz_binary,trained_oof,0.125,chemistry,0.125,4,205,0.03902439024390236,7.999999999999984,-0.020836060209424117,0.10092753506042114,-0.23414634146341465,-0.5970891041273647,0.14493129083126888
source_representative,plus__boltz_binary,trained_oof,0.125,chemistry,0.125,5,205,0.039024390243902474,8.000000000000007,-0.024390243902439046,0.10102108036890638,-0.23414634146341465,-0.5970891041273647,0.14493129083126888
source_representative,plus__boltz_binary,trained_oof,0.125,chemistry,0.125,6,205,0.009756097560975507,1.9999999999999791,-0.05641509433962266,0.07845078625509605,-0.23414634146341465,-0.5970891041273647,0.14493129083126888
source_representative,plus__boltz_binary,trained_oof,0.125,chemistry,0.125,7,205,0.0,0.0,-0.06060606060606055,0.06726565194894787,-0.23414634146341465,-0.5970891041273647,0.14493129083126888
source_representative,plus__boltz_binary,trained_oof,0.125,chemistry,0.125,8,205,0.004878048780487809,1.0000000000000009,-0.044559997044480604,0.05365853658536579,-0.23414634146341465,-0.5970891041273647,0.14493129083126888
source_representative,plus__boltz_binary,trained_oof,0.125,chemistry,0.125,9,205,0.004878048780487809,1.0000000000000009,-0.02985074626865669,0.03864734299516903,-0.23414634146341465,-0.5970891041273647,0.14493129083126888
source_representative,plus__boltz_binary,trained_oof,0.125,chemistry,0.125,10,205,0.0,0.0,0.0,0.0,-0.23414634146341465,-0.5970891041273647,0.14493129083126888
source_representative,plus__boltz_binary,trained_oof,0.25,chemistry,0.25,1,205,0.07317073170731705,14.999999999999996,0.004901362984218061,0.14883720930232558,-0.3902439024390244,-0.6863920454545456,-0.07919816612203108
source_representative,plus__boltz_binary,trained_oof,0.25,chemistry,0.25,2,205,0.06829268292682927,14.000000000000002,-0.009803921568627418,0.14356435643564358,-0.3902439024390244,-0.6863920454545456,-0.07919816612203108
source_representative,plus__boltz_binary,trained_oof,0.25,chemistry,0.25,3,205,0.06341463414634141,12.99999999999999,-0.004788224479694558,0.132170952081273,-0.3902439024390244,-0.6863920454545456,-0.07919816612203108
source_representative,plus__boltz_binary,trained_oof,0.25,chemistry,0.25,4,205,0.06829268292682922,13.99999999999999,0.0049007709880068365,0.13,-0.3902439024390244,-0.6863920454545456,-0.07919816612203108
source_representative,plus__boltz_binary,trained_oof,0.25,chemistry,0.25,5,205,0.034146341463414664,7.000000000000006,-0.02020202020202022,0.09452736318407962,-0.3902439024390244,-0.6863920454545456,-0.07919816612203108
source_representative,plus__boltz_binary,trained_oof,0.25,chemistry,0.25,6,205,0.03902439024390236,7.999999999999984,-0.020518134715025834,0.10194174757281549,-0.3902439024390244,-0.6863920454545456,-0.07919816612203108
source_representative,plus__boltz_binary,trained_oof,0.25,chemistry,0.25,7,205,0.009756097560975618,2.0000000000000018,-0.04148918988759199,0.06829268292682933,-0.3902439024390244,-0.6863920454545456,-0.07919816612203108
source_representative,plus__boltz_binary,trained_oof,0.25,chemistry,0.25,8,205,0.009756097560975507,1.9999999999999791,-0.031104531622666336,0.05474709784411263,-0.3902439024390244,-0.6863920454545456,-0.07919816612203108
source_representative,plus__boltz_binary,trained_oof,0.25,chemistry,0.25,9,205,0.024390243902439046,5.000000000000004,0.0,0.050765533934950195,-0.3902439024390244,-0.6863920454545456,-0.07919816612203108
source_representative,plus__boltz_binary,trained_oof,0.25,chemistry,0.25,10,205,0.0,0.0,0.0,0.0,-0.3902439024390244,-0.6863920454545456,-0.07919816612203108
source_representative,plus__boltz_binary,trained_oof,0.5,chemistry,0.5,1,205,0.0536585365853659,11.00000000000001,-0.025125628140703515,0.13270900940863353,-0.33170731707317075,-0.74490758567578,0.049037898741585914
source_representative,plus__boltz_binary,trained_oof,0.5,chemistry,0.5,2,205,0.07317073170731703,14.999999999999991,0.0,0.14079263508875156,-0.33170731707317075,-0.74490758567578,0.049037898741585914
source_representative,plus__boltz_binary,trained_oof,0.5,chemistry,0.5,3,205,0.08292682926829265,16.999999999999993,0.014632370352829754,0.15306244507372332,-0.33170731707317075,-0.74490758567578,0.049037898741585914
source_representative,plus__boltz_binary,trained_oof,0.5,chemistry,0.5,4,205,0.06829268292682933,14.000000000000012,0.0049261083743842304,0.13472215025906725,-0.33170731707317075,-0.74490758567578,0.049037898741585914
source_representative,plus__boltz_binary,trained_oof,0.5,chemistry,0.5,5,205,0.03902439024390236,7.999999999999984,-0.028574846206425055,0.1083877969077696,-0.33170731707317075,-0.74490758567578,0.049037898741585914
source_representative,plus__boltz_binary,trained_oof,0.5,chemistry,0.5,6,205,0.004878048780487809,1.0000000000000009,-0.05419614867890734,0.06542056074766356,-0.33170731707317075,-0.74490758567578,0.049037898741585914
source_representative,plus__boltz_binary,trained_oof,0.5,chemistry,0.5,7,205,0.014634146341463428,3.0000000000000027,-0.038839687426000455,0.07110705458173652,-0.33170731707317075,-0.74490758567578,0.049037898741585914
source_representative,plus__boltz_binary,trained_oof,0.5,chemistry,0.5,8,205,0.009756097560975618,2.0000000000000018,-0.03302672955974836,0.05797101449275355,-0.33170731707317075,-0.74490758567578,0.049037898741585914
source_representative,plus__boltz_binary,trained_oof,0.5,chemistry,0.5,9,205,-0.014634146341463428,-3.0000000000000027,-0.03791920559693077,0.0049757462686568,-0.33170731707317075,-0.74490758567578,0.049037898741585914
source_representative,plus__boltz_binary,trained_oof,0.5,chemistry,0.5,10,205,0.0,0.0,0.0,0.0,-0.33170731707317075,-0.74490758567578,0.049037898741585914
source_representative,plus__boltz_binary,trained_oof,1.0,chemistry,1.0,1,205,-0.004878048780487754,-0.9999999999999896,-0.06161137440758291,0.05288461538461536,-0.07317073170731707,-0.32828471279963944,0.19005295566502386
source_representative,plus__boltz_binary,trained_oof,1.0,chemistry,1.0,2,205,0.039024390243902474,8.000000000000007,-0.025125628140703515,0.10043772591462778,-0.07317073170731707,-0.32828471279963944,0.19005295566502386
source_representative,plus__boltz_binary,trained_oof,1.0,chemistry,1.0,3,205,0.0,0.0,-0.05367175297368742,0.05392156862745101,-0.07317073170731707,-0.32828471279963944,0.19005295566502386
source_representative,plus__boltz_binary,trained_oof,1.0,chemistry,1.0,4,205,0.0,0.0,-0.05501388888888883,0.05472807196892247,-0.07317073170731707,-0.32828471279963944,0.19005295566502386
source_representative,plus__boltz_binary,trained_oof,1.0,chemistry,1.0,5,205,0.0,0.0,-0.047369044649538575,0.047138580625767076,-0.07317073170731707,-0.32828471279963944,0.19005295566502386
source_representative,plus__boltz_binary,trained_oof,1.0,chemistry,1.0,6,205,0.0,0.0,-0.0467344565837392,0.04951110782720064,-0.07317073170731707,-0.32828471279963944,0.19005295566502386
source_representative,plus__boltz_binary,trained_oof,1.0,chemistry,1.0,7,205,0.019512195121951126,3.999999999999981,-0.014423076923076875,0.05641025641025632,-0.07317073170731707,-0.32828471279963944,0.19005295566502386
source_representative,plus__boltz_binary,trained_oof,1.0,chemistry,1.0,8,205,0.014634146341463428,3.0000000000000027,-0.014707693422196522,0.04854960928250054,-0.07317073170731707,-0.32828471279963944,0.19005295566502386
source_representative,plus__boltz_binary,trained_oof,1.0,chemistry,1.0,9,205,0.004878048780487809,1.0000000000000009,-0.020413423101199264,0.03076923076923077,-0.07317073170731707,-0.32828471279963944,0.19005295566502386
source_representative,plus__boltz_binary,trained_oof,1.0,chemistry,1.0,10,205,0.0,0.0,0.0,0.0,-0.07317073170731707,-0.32828471279963944,0.19005295566502386
source_representative,calibrated__boltzina_vina_far_affinity,trained_oof,0.125,chemistry,0.125,1,205,0.02439024390243902,4.999999999999999,-0.054302562609202125,0.10098174778761052,0.0975609756097561,-0.23303812455600187,0.4265743737686459
source_representative,calibrated__boltzina_vina_far_affinity,trained_oof,0.125,chemistry,0.125,2,205,-0.019512195121951237,-4.0000000000000036,-0.09389671361502344,0.05289745145631065,0.0975609756097561,-0.23303812455600187,0.4265743737686459
source_representative,calibrated__boltzina_vina_far_affinity,trained_oof,0.125,chemistry,0.125,3,205,-0.029268292682926744,-5.999999999999982,-0.09524407753050969,0.037387565266991336,0.0975609756097561,-0.23303812455600187,0.4265743737686459
source_representative,calibrated__boltzina_vina_far_affinity,trained_oof,0.125,chemistry,0.125,4,205,-0.004878048780487809,-1.0000000000000009,-0.0660449557181363,0.05555555555555558,0.0975609756097561,-0.23303812455600187,0.4265743737686459
source_representative,calibrated__boltzina_vina_far_affinity,trained_oof,0.125,chemistry,0.125,5,205,0.0,0.0,-0.06311449206725074,0.06217678558147606,0.0975609756097561,-0.23303812455600187,0.4265743737686459
source_representative,calibrated__boltzina_vina_far_affinity,trained_oof,0.125,chemistry,0.125,6,205,0.0,0.0,-0.05419389845388473,0.055276381909547756,0.0975609756097561,-0.23303812455600187,0.4265743737686459
source_representative,calibrated__boltzina_vina_far_affinity,trained_oof,0.125,chemistry,0.125,7,205,-0.019512195121951237,-4.0000000000000036,-0.07180288461538459,0.034653465346534684,0.0975609756097561,-0.23303812455600187,0.4265743737686459
source_representative,calibrated__boltzina_vina_far_affinity,trained_oof,0.125,chemistry,0.125,8,205,-0.024390243902439046,-5.000000000000004,-0.07207315488565481,0.02020202020202022,0.0975609756097561,-0.23303812455600187,0.4265743737686459
source_representative,calibrated__boltzina_vina_far_affinity,trained_oof,0.125,chemistry,0.125,9,205,-0.024390243902439046,-5.000000000000004,-0.06757740750459205,0.014492753623188363,0.0975609756097561,-0.23303812455600187,0.4265743737686459
source_representative,calibrated__boltzina_vina_far_affinity,trained_oof,0.125,chemistry,0.125,10,205,0.0,0.0,0.0,0.0,0.0975609756097561,-0.23303812455600187,0.4265743737686459
source_representative,calibrated__boltzina_vina_far_affinity,trained_oof,0.25,chemistry,0.25,1,205,0.0146341463414634,2.999999999999997,-0.06435643564356436,0.09259485094850947,-0.014634146341463415,-0.44930002276348674,0.4369155742472365
source_representative,calibrated__boltzina_vina_far_affinity,trained_oof,0.25,chemistry,0.25,2,205,-0.004878048780487809,-1.0000000000000009,-0.09570042530568847,0.08900523560209422,-0.014634146341463415,-0.44930002276348674,0.4369155742472365
source_representative,calibrated__boltzina_vina_far_affinity,trained_oof,0.25,chemistry,0.25,3,205,-0.024390243902439046,-5.000000000000004,-0.11736781076066786,0.06807694281901236,-0.014634146341463415,-0.44930002276348674,0.4369155742472365
source_representative,calibrated__boltzina_vina_far_affinity,trained_oof,0.25,chemistry,0.25,4,205,0.014634146341463428,3.0000000000000027,-0.07212409420289852,0.09794067111380643,-0.014634146341463415,-0.44930002276348674,0.4369155742472365
source_representative,calibrated__boltzina_vina_far_affinity,trained_oof,0.25,chemistry,0.25,5,205,0.019512195121951237,4.0000000000000036,-0.04570055461552926,0.08955223880597019,-0.014634146341463415,-0.44930002276348674,0.4369155742472365
source_representative,calibrated__boltzina_vina_far_affinity,trained_oof,0.25,chemistry,0.25,6,205,0.014634146341463317,2.99999999999998,-0.0585365853658536,0.08656572164948441,-0.014634146341463415,-0.44930002276348674,0.4369155742472365
source_representative,calibrated__boltzina_vina_far_affinity,trained_oof,0.25,chemistry,0.25,7,205,0.0,0.0,-0.06829268292682933,0.06565656565656564,-0.014634146341463415,-0.44930002276348674,0.4369155742472365
source_representative,calibrated__boltzina_vina_far_affinity,trained_oof,0.25,chemistry,0.25,8,205,-0.009756097560975618,-2.0000000000000018,-0.060312661438031316,0.04072629051620644,-0.014634146341463415,-0.44930002276348674,0.4369155742472365
source_representative,calibrated__boltzina_vina_far_affinity,trained_oof,0.25,chemistry,0.25,9,205,-0.009756097560975618,-2.0000000000000018,-0.05025644276428011,0.02577319587628868,-0.014634146341463415,-0.44930002276348674,0.4369155742472365
source_representative,calibrated__boltzina_vina_far_affinity,trained_oof,0.25,chemistry,0.25,10,205,0.0,0.0,0.0,0.0,-0.014634146341463415,-0.44930002276348674,0.4369155742472365
source_representative,calibrated__boltzina_vina_far_affinity,trained_oof,0.5,chemistry,0.5,1,205,-0.03902439024390242,-7.999999999999996,-0.1370733191753859,0.065,0.16585365853658537,-0.2746035940803382,0.6245171026156917
source_representative,calibrated__boltzina_vina_far_affinity,trained_oof,0.5,chemistry,0.5,2,205,-0.0829268292682927,-17.000000000000004,-0.16666666666666669,0.0,0.16585365853658537,-0.2746035940803382,0.6245171026156917
source_representative,calibrated__boltzina_vina_far_affinity,trained_oof,0.5,chemistry,0.5,3,205,-0.0536585365853659,-11.00000000000001,-0.1310776471124481,0.026458544410672104,0.16585365853658537,-0.2746035940803382,0.6245171026156917
source_representative,calibrated__boltzina_vina_far_affinity,trained_oof,0.5,chemistry,0.5,4,205,0.004878048780487809,1.0000000000000009,-0.07255187261930114,0.08457711442786064,0.16585365853658537,-0.2746035940803382,0.6245171026156917
source_representative,calibrated__boltzina_vina_far_affinity,trained_oof,0.5,chemistry,0.5,5,205,0.009756097560975618,2.0000000000000018,-0.06977559226255163,0.08911999408896104,0.16585365853658537,-0.2746035940803382,0.6245171026156917
source_representative,calibrated__boltzina_vina_far_affinity,trained_oof,0.5,chemistry,0.5,6,205,-0.004878048780487809,-1.0000000000000009,-0.07732834551095992,0.06979093258163004,0.16585365853658537,-0.2746035940803382,0.6245171026156917
source_representative,calibrated__boltzina_vina_far_affinity,trained_oof,0.5,chemistry,0.5,7,205,0.004878048780487809,1.0000000000000009,-0.058572427106909825,0.06604495571813626,0.16585365853658537,-0.2746035940803382,0.6245171026156917
source_representative,calibrated__boltzina_vina_far_affinity,trained_oof,0.5,chemistry,0.5,8,205,0.004878048780487809,1.0000000000000009,-0.04739900699616344,0.061226896418944986,0.16585365853658537,-0.2746035940803382,0.6245171026156917
source_representative,calibrated__boltzina_vina_far_affinity,trained_oof,0.5,chemistry,0.5,9,205,-0.009756097560975618,-2.0000000000000018,-0.033500913020363884,0.01058341776426882,0.16585365853658537,-0.2746035940803382,0.6245171026156917
source_representative,calibrated__boltzina_vina_far_affinity,trained_oof,0.5,chemistry,0.5,10,205,0.0,0.0,0.0,0.0,0.16585365853658537,-0.2746035940803382,0.6245171026156917
source_representative,calibrated__boltzina_vina_far_affinity,trained_oof,1.0,chemistry,1.0,1,205,-0.07804878048780484,-15.999999999999991,-0.15921449092565343,0.004808859223301002,0.5170731707317073,0.10900473933649388,0.9577847173538975
source_representative,calibrated__boltzina_vina_far_affinity,trained_oof,1.0,chemistry,1.0,2,205,-0.1121951219512195,-22.999999999999996,-0.20400880214313052,-0.02710190136660752,0.5170731707317073,0.10900473933649388,0.9577847173538975
source_representative,calibrated__boltzina_vina_far_affinity,trained_oof,1.0,chemistry,1.0,3,205,-0.13658536585365855,-28.000000000000004,-0.22010800731775967,-0.059398624591523175,0.5170731707317073,0.10900473933649388,0.9577847173538975
source_representative,calibrated__boltzina_vina_far_affinity,trained_oof,1.0,chemistry,1.0,4,205,-0.09756097560975618,-20.000000000000018,-0.16999999999999993,-0.026448101055430884,0.5170731707317073,0.10900473933649388,0.9577847173538975
source_representative,calibrated__boltzina_vina_far_affinity,trained_oof,1.0,chemistry,1.0,5,205,-0.03902439024390236,-7.999999999999984,-0.10502283105022825,0.02604166666666663,0.5170731707317073,0.10900473933649388,0.9577847173538975
source_representative,calibrated__boltzina_vina_far_affinity,trained_oof,1.0,chemistry,1.0,6,205,-0.039024390243902474,-8.000000000000007,-0.10222480620155038,0.02119798369798351,0.5170731707317073,0.10900473933649388,0.9577847173538975
source_representative,calibrated__boltzina_vina_far_affinity,trained_oof,1.0,chemistry,1.0,7,205,-0.009756097560975618,-2.0000000000000018,-0.06896948990942309,0.04390781922525109,0.5170731707317073,0.10900473933649388,0.9577847173538975
source_representative,calibrated__boltzina_vina_far_affinity,trained_oof,1.0,chemistry,1.0,8,205,-0.004878048780487809,-1.0000000000000009,-0.04999999999999993,0.03902917264466752,0.5170731707317073,0.10900473933649388,0.9577847173538975
source_representative,calibrated__boltzina_vina_far_affinity,trained_oof,1.0,chemistry,1.0,9,205,0.0,0.0,-0.025931713097423245,0.027906976744186074,0.5170731707317073,0.10900473933649388,0.9577847173538975
source_representative,calibrated__boltzina_vina_far_affinity,trained_oof,1.0,chemistry,1.0,10,205,0.0,0.0,0.0,0.0,0.5170731707317073,0.10900473933649388,0.9577847173538975
source_representative,availability__boltzina_vina_far_affinity,trained_oof,0.125,chemistry,0.125,1,205,0.0,0.0,0.0,0.0,-0.014634146341463415,-0.033496848546191574,0.0
source_representative,availability__boltzina_vina_far_affinity,trained_oof,0.125,chemistry,0.125,2,205,0.0,0.0,0.0,0.0,-0.014634146341463415,-0.033496848546191574,0.0
source_representative,availability__boltzina_vina_far_affinity,trained_oof,0.125,chemistry,0.125,3,205,0.0,0.0,0.0,0.0,-0.014634146341463415,-0.033496848546191574,0.0
source_representative,availability__boltzina_vina_far_affinity,trained_oof,0.125,chemistry,0.125,4,205,0.0,0.0,0.0,0.0,-0.014634146341463415,-0.033496848546191574,0.0
source_representative,availability__boltzina_vina_far_affinity,trained_oof,0.125,chemistry,0.125,5,205,0.009756097560975618,2.0000000000000018,0.0,0.025000000000000022,-0.014634146341463415,-0.033496848546191574,0.0
source_representative,availability__boltzina_vina_far_affinity,trained_oof,0.125,chemistry,0.125,6,205,0.0,0.0,0.0,0.0,-0.014634146341463415,-0.033496848546191574,0.0
source_representative,availability__boltzina_vina_far_affinity,trained_oof,0.125,chemistry,0.125,7,205,0.0,0.0,0.0,0.0,-0.014634146341463415,-0.033496848546191574,0.0
source_representative,availability__boltzina_vina_far_affinity,trained_oof,0.125,chemistry,0.125,8,205,0.0,0.0,0.0,0.0,-0.014634146341463415,-0.033496848546191574,0.0
source_representative,availability__boltzina_vina_far_affinity,trained_oof,0.125,chemistry,0.125,9,205,0.004878048780487809,1.0000000000000009,0.0,0.015075376884422065,-0.014634146341463415,-0.033496848546191574,0.0
source_representative,availability__boltzina_vina_far_affinity,trained_oof,0.125,chemistry,0.125,10,205,0.0,0.0,0.0,0.0,-0.014634146341463415,-0.033496848546191574,0.0
source_representative,availability__boltzina_vina_far_affinity,trained_oof,0.25,chemistry,0.25,1,205,0.0,0.0,0.0,0.0,0.004878048780487805,-0.01523036879726547,0.026055518617020615
source_representative,availability__boltzina_vina_far_affinity,trained_oof,0.25,chemistry,0.25,2,205,0.004878048780487809,1.0000000000000009,0.0,0.015546065414507761,0.004878048780487805,-0.01523036879726547,0.026055518617020615
source_representative,availability__boltzina_vina_far_affinity,trained_oof,0.25,chemistry,0.25,3,205,0.004878048780487698,0.9999999999999781,0.0,0.015463917525773141,0.004878048780487805,-0.01523036879726547,0.026055518617020615
source_representative,availability__boltzina_vina_far_affinity,trained_oof,0.25,chemistry,0.25,4,205,0.0,0.0,0.0,0.0,0.004878048780487805,-0.01523036879726547,0.026055518617020615
source_representative,availability__boltzina_vina_far_affinity,trained_oof,0.25,chemistry,0.25,5,205,-0.004878048780487809,-1.0000000000000009,-0.015544041450777257,0.0,0.004878048780487805,-0.01523036879726547,0.026055518617020615
source_representative,availability__boltzina_vina_far_affinity,trained_oof,0.25,chemistry,0.25,6,205,0.0,0.0,0.0,0.0,0.004878048780487805,-0.01523036879726547,0.026055518617020615
source_representative,availability__boltzina_vina_far_affinity,trained_oof,0.25,chemistry,0.25,7,205,-0.004878048780487809,-1.0000000000000009,-0.015463917525773252,0.0,0.004878048780487805,-0.01523036879726547,0.026055518617020615
source_representative,availability__boltzina_vina_far_affinity,trained_oof,0.25,chemistry,0.25,8,205,-0.004878048780487809,-1.0000000000000009,-0.015075376884422065,0.0,0.004878048780487805,-0.01523036879726547,0.026055518617020615
source_representative,availability__boltzina_vina_far_affinity,trained_oof,0.25,chemistry,0.25,9,205,0.0,0.0,0.0,0.0,0.004878048780487805,-0.01523036879726547,0.026055518617020615
source_representative,availability__boltzina_vina_far_affinity,trained_oof,0.25,chemistry,0.25,10,205,0.0,0.0,0.0,0.0,0.004878048780487805,-0.01523036879726547,0.026055518617020615
source_representative,availability__boltzina_vina_far_affinity,trained_oof,0.5,chemistry,0.5,1,205,0.0,0.0,0.0,0.0,0.004878048780487805,-0.01507728034110003,0.025000000000000355
source_representative,availability__boltzina_vina_far_affinity,trained_oof,0.5,chemistry,0.5,2,205,-0.004878048780487809,-1.0000000000000009,-0.014634146341463428,0.0,0.004878048780487805,-0.01507728034110003,0.025000000000000355
source_representative,availability__boltzina_vina_far_affinity,trained_oof,0.5,chemistry,0.5,3,205,0.004878048780487809,1.0000000000000009,0.0,0.015386597938144373,0.004878048780487805,-0.01507728034110003,0.025000000000000355
source_representative,availability__boltzina_vina_far_affinity,trained_oof,0.5,chemistry,0.5,4,205,0.004878048780487809,1.0000000000000009,0.0,0.015306122448979553,0.004878048780487805,-0.01507728034110003,0.025000000000000355
source_representative,availability__boltzina_vina_far_affinity,trained_oof,0.5,chemistry,0.5,5,205,-0.004878048780487809,-1.0000000000000009,-0.015544041450777146,0.0,0.004878048780487805,-0.01507728034110003,0.025000000000000355
source_representative,availability__boltzina_vina_far_affinity,trained_oof,0.5,chemistry,0.5,6,205,-0.004878048780487809,-1.0000000000000009,-0.015544041450777257,0.0,0.004878048780487805,-0.01507728034110003,0.025000000000000355
source_representative,availability__boltzina_vina_far_affinity,trained_oof,0.5,chemistry,0.5,7,205,0.0,0.0,0.0,0.0,0.004878048780487805,-0.01507728034110003,0.025000000000000355
source_representative,availability__boltzina_vina_far_affinity,trained_oof,0.5,chemistry,0.5,8,205,0.0,0.0,0.0,0.0,0.004878048780487805,-0.01507728034110003,0.025000000000000355
source_representative,availability__boltzina_vina_far_affinity,trained_oof,0.5,chemistry,0.5,9,205,0.0,0.0,0.0,0.0,0.004878048780487805,-0.01507728034110003,0.025000000000000355
source_representative,availability__boltzina_vina_far_affinity,trained_oof,0.5,chemistry,0.5,10,205,0.0,0.0,0.0,0.0,0.004878048780487805,-0.01507728034110003,0.025000000000000355
source_representative,availability__boltzina_vina_far_affinity,trained_oof,1.0,chemistry,1.0,1,205,0.0,0.0,0.0,0.0,0.004878048780487805,-0.010583417764268521,0.02253023571516717
source_representative,availability__boltzina_vina_far_affinity,trained_oof,1.0,chemistry,1.0,2,205,0.0,0.0,0.0,0.0,0.004878048780487805,-0.010583417764268521,0.02253023571516717
source_representative,availability__boltzina_vina_far_affinity,trained_oof,1.0,chemistry,1.0,3,205,0.0,0.0,0.0,0.0,0.004878048780487805,-0.010583417764268521,0.02253023571516717
source_representative,availability__boltzina_vina_far_affinity,trained_oof,1.0,chemistry,1.0,4,205,0.0,0.0,0.0,0.0,0.004878048780487805,-0.010583417764268521,0.02253023571516717
source_representative,availability__boltzina_vina_far_affinity,trained_oof,1.0,chemistry,1.0,5,205,-0.004878048780487809,-1.0000000000000009,-0.015463917525773141,0.0,0.004878048780487805,-0.010583417764268521,0.02253023571516717
source_representative,availability__boltzina_vina_far_affinity,trained_oof,1.0,chemistry,1.0,6,205,-0.004878048780487809,-1.0000000000000009,-0.014634146341463428,0.0,0.004878048780487805,-0.010583417764268521,0.02253023571516717
source_representative,availability__boltzina_vina_far_affinity,trained_oof,1.0,chemistry,1.0,7,205,0.0,0.0,0.0,0.0,0.004878048780487805,-0.010583417764268521,0.02253023571516717
source_representative,availability__boltzina_vina_far_affinity,trained_oof,1.0,chemistry,1.0,8,205,0.0,0.0,0.0,0.0,0.004878048780487805,-0.010583417764268521,0.02253023571516717
source_representative,availability__boltzina_vina_far_affinity,trained_oof,1.0,chemistry,1.0,9,205,0.004878048780487809,1.0000000000000009,0.0,0.015706806282722474,0.004878048780487805,-0.010583417764268521,0.02253023571516717
source_representative,availability__boltzina_vina_far_affinity,trained_oof,1.0,chemistry,1.0,10,205,0.0,0.0,0.0,0.0,0.004878048780487805,-0.010583417764268521,0.02253023571516717
source_representative,plus__boltzina_vina_far_affinity,trained_oof,0.125,chemistry,0.125,1,205,0.08780487804878048,18.0,0.00499937810945274,0.16908212560386474,0.06341463414634146,-0.25249150485436883,0.3816904903712524
source_representative,plus__boltzina_vina_far_affinity,trained_oof,0.125,chemistry,0.125,2,205,0.009756097560975618,2.0000000000000018,-0.0578982612781955,0.07960199004975121,0.06341463414634146,-0.25249150485436883,0.3816904903712524
source_representative,plus__boltzina_vina_far_affinity,trained_oof,0.125,chemistry,0.125,3,205,0.004878048780487809,1.0000000000000009,-0.046875,0.06060606060606055,0.06341463414634146,-0.25249150485436883,0.3816904903712524
source_representative,plus__boltzina_vina_far_affinity,trained_oof,0.125,chemistry,0.125,4,205,-0.034146341463414664,-7.000000000000006,-0.09313725490196079,0.025000000000000022,0.06341463414634146,-0.25249150485436883,0.3816904903712524
source_representative,plus__boltzina_vina_far_affinity,trained_oof,0.125,chemistry,0.125,5,205,-0.024390243902439046,-5.000000000000004,-0.08333333333333337,0.04124245499706206,0.06341463414634146,-0.25249150485436883,0.3816904903712524
source_representative,plus__boltzina_vina_far_affinity,trained_oof,0.125,chemistry,0.125,6,205,-0.029268292682926855,-6.000000000000005,-0.08963207547169814,0.02999999999999992,0.06341463414634146,-0.25249150485436883,0.3816904903712524
source_representative,plus__boltzina_vina_far_affinity,trained_oof,0.125,chemistry,0.125,7,205,-0.039024390243902474,-8.000000000000007,-0.09757293161166904,0.015941306755259926,0.06341463414634146,-0.25249150485436883,0.3816904903712524
source_representative,plus__boltzina_vina_far_affinity,trained_oof,0.125,chemistry,0.125,8,205,-0.034146341463414664,-7.000000000000006,-0.08133971291866027,0.01052631578947361,0.06341463414634146,-0.25249150485436883,0.3816904903712524
source_representative,plus__boltzina_vina_far_affinity,trained_oof,0.125,chemistry,0.125,9,205,-0.004878048780487809,-1.0000000000000009,-0.037740320128766866,0.029271879483500723,0.06341463414634146,-0.25249150485436883,0.3816904903712524
source_representative,plus__boltzina_vina_far_affinity,trained_oof,0.125,chemistry,0.125,10,205,0.0,0.0,0.0,0.0,0.06341463414634146,-0.25249150485436883,0.3816904903712524
source_representative,plus__boltzina_vina_far_affinity,trained_oof,0.25,chemistry,0.25,1,205,0.08292682926829267,16.999999999999996,0.013758340283569615,0.1523891625615763,-0.08292682926829269,-0.4320587596000576,0.2931005870399638
source_representative,plus__boltzina_vina_far_affinity,trained_oof,0.25,chemistry,0.25,2,205,0.058536585365853655,12.0,-0.02348541006806389,0.1368086604667798,-0.08292682926829269,-0.4320587596000576,0.2931005870399638
source_representative,plus__boltzina_vina_far_affinity,trained_oof,0.25,chemistry,0.25,3,205,0.05365853658536579,10.999999999999988,-0.014780154123786745,0.1274666763257026,-0.08292682926829269,-0.4320587596000576,0.2931005870399638
source_representative,plus__boltzina_vina_far_affinity,trained_oof,0.25,chemistry,0.25,4,205,0.029268292682926744,5.999999999999982,-0.030983868407476533,0.09452736318407962,-0.08292682926829269,-0.4320587596000576,0.2931005870399638
source_representative,plus__boltzina_vina_far_affinity,trained_oof,0.25,chemistry,0.25,5,205,0.0,0.0,-0.061045503791982654,0.05699481865284972,-0.08292682926829269,-0.4320587596000576,0.2931005870399638
source_representative,plus__boltzina_vina_far_affinity,trained_oof,0.25,chemistry,0.25,6,205,-0.024390243902439046,-5.000000000000004,-0.08598088981785611,0.033653846153846145,-0.08292682926829269,-0.4320587596000576,0.2931005870399638
source_representative,plus__boltzina_vina_far_affinity,trained_oof,0.25,chemistry,0.25,7,205,-0.04878048780487809,-10.000000000000009,-0.10257352941176479,0.0,-0.08292682926829269,-0.4320587596000576,0.2931005870399638
source_representative,plus__boltzina_vina_far_affinity,trained_oof,0.25,chemistry,0.25,8,205,-0.04390243902439028,-9.000000000000007,-0.0909200174825174,0.0,-0.08292682926829269,-0.4320587596000576,0.2931005870399638
source_representative,plus__boltzina_vina_far_affinity,trained_oof,0.25,chemistry,0.25,9,205,-0.024390243902438935,-4.999999999999981,-0.06423504926945289,0.014424818840579758,-0.08292682926829269,-0.4320587596000576,0.2931005870399638
source_representative,plus__boltzina_vina_far_affinity,trained_oof,0.25,chemistry,0.25,10,205,0.0,0.0,0.0,0.0,-0.08292682926829269,-0.4320587596000576,0.2931005870399638
source_representative,plus__boltzina_vina_far_affinity,trained_oof,0.5,chemistry,0.5,1,205,0.09756097560975613,20.000000000000007,0.01538071065989848,0.18483412322274878,-0.18048780487804877,-0.5937435383820111,0.2474264337904122
source_representative,plus__boltzina_vina_far_affinity,trained_oof,0.5,chemistry,0.5,2,205,0.06829268292682922,13.99999999999999,0.0,0.1378055555555554,-0.18048780487804877,-0.5937435383820111,0.2474264337904122
source_representative,plus__boltzina_vina_far_affinity,trained_oof,0.5,chemistry,0.5,3,205,0.0585365853658536,11.999999999999988,-0.010051520227399557,0.12699579831932767,-0.18048780487804877,-0.5937435383820111,0.2474264337904122
source_representative,plus__boltzina_vina_far_affinity,trained_oof,0.5,chemistry,0.5,4,205,0.04390243902439028,9.000000000000007,-0.024274804641250286,0.11059027777777776,-0.18048780487804877,-0.5937435383820111,0.2474264337904122
source_representative,plus__boltzina_vina_far_affinity,trained_oof,0.5,chemistry,0.5,5,205,0.0,0.0,-0.07317392414761839,0.06952204219543984,-0.18048780487804877,-0.5937435383820111,0.2474264337904122
source_representative,plus__boltzina_vina_far_affinity,trained_oof,0.5,chemistry,0.5,6,205,-0.029268292682926855,-6.000000000000005,-0.09999999999999998,0.04020608090959842,-0.18048780487804877,-0.5937435383820111,0.2474264337904122
source_representative,plus__boltzina_vina_far_affinity,trained_oof,0.5,chemistry,0.5,7,205,-0.034146341463414664,-7.000000000000006,-0.09872105028747266,0.025513474620617434,-0.18048780487804877,-0.5937435383820111,0.2474264337904122
source_representative,plus__boltzina_vina_far_affinity,trained_oof,0.5,chemistry,0.5,8,205,-0.004878048780487698,-0.9999999999999781,-0.049261083743842304,0.04392428103385492,-0.18048780487804877,-0.5937435383820111,0.2474264337904122
source_representative,plus__boltzina_vina_far_affinity,trained_oof,0.5,chemistry,0.5,9,205,-0.019512195121951237,-4.0000000000000036,-0.04370002855511135,0.0,-0.18048780487804877,-0.5937435383820111,0.2474264337904122
source_representative,plus__boltzina_vina_far_affinity,trained_oof,0.5,chemistry,0.5,10,205,0.0,0.0,0.0,0.0,-0.18048780487804877,-0.5937435383820111,0.2474264337904122
source_representative,plus__boltzina_vina_far_affinity,trained_oof,1.0,chemistry,1.0,1,205,0.039024390243902474,8.000000000000007,-0.0256476683937824,0.10849850914067845,0.1073170731707317,-0.18661069623932386,0.4444444444444438
source_representative,plus__boltzina_vina_far_affinity,trained_oof,1.0,chemistry,1.0,2,205,0.034146341463414664,7.000000000000006,-0.031102736032635452,0.09999999999999998,0.1073170731707317,-0.18661069623932386,0.4444444444444438
source_representative,plus__boltzina_vina_far_affinity,trained_oof,1.0,chemistry,1.0,3,205,-0.024390243902439046,-5.000000000000004,-0.08450879405787962,0.034146341463414664,0.1073170731707317,-0.18661069623932386,0.4444444444444438
source_representative,plus__boltzina_vina_far_affinity,trained_oof,1.0,chemistry,1.0,4,205,-0.019512195121951237,-4.0000000000000036,-0.07512622907254858,0.03432221898660449,0.1073170731707317,-0.18661069623932386,0.4444444444444438
source_representative,plus__boltzina_vina_far_affinity,trained_oof,1.0,chemistry,1.0,5,205,-0.019512195121951237,-4.0000000000000036,-0.07076310024143793,0.029126213592233,0.1073170731707317,-0.18661069623932386,0.4444444444444438
source_representative,plus__boltzina_vina_far_affinity,trained_oof,1.0,chemistry,1.0,6,205,-0.04390243902439028,-9.000000000000007,-0.09433962264150941,0.0,0.1073170731707317,-0.18661069623932386,0.4444444444444438
source_representative,plus__boltzina_vina_far_affinity,trained_oof,1.0,chemistry,1.0,7,205,-0.0536585365853659,-11.00000000000001,-0.10862044817927176,-0.00497512437810943,0.1073170731707317,-0.18661069623932386,0.4444444444444438
source_representative,plus__boltzina_vina_far_affinity,trained_oof,1.0,chemistry,1.0,8,205,-0.019512195121951126,-3.999999999999981,-0.06132075471698106,0.020100502512562794,0.1073170731707317,-0.18661069623932386,0.4444444444444438
source_representative,plus__boltzina_vina_far_affinity,trained_oof,1.0,chemistry,1.0,9,205,0.0,0.0,-0.028305240096575153,0.026615782570679057,0.1073170731707317,-0.18661069623932386,0.4444444444444438
source_representative,plus__boltzina_vina_far_affinity,trained_oof,1.0,chemistry,1.0,10,205,0.0,0.0,0.0,0.0,0.1073170731707317,-0.18661069623932386,0.4444444444444438
source_representative,calibrated__boltzina_vina_far_binary,trained_oof,0.125,chemistry,0.125,1,205,0.014634146341463428,3.0000000000000027,-0.03884446982676567,0.0670103092783505,-0.04390243902439024,-0.43983429592959217,0.33337209302325527
source_representative,calibrated__boltzina_vina_far_binary,trained_oof,0.125,chemistry,0.125,2,205,-0.039024390243902474,-8.000000000000007,-0.12371261610697158,0.043694648354250486,-0.04390243902439024,-0.43983429592959217,0.33337209302325527
source_representative,calibrated__boltzina_vina_far_binary,trained_oof,0.125,chemistry,0.125,3,205,0.009756097560975618,2.0000000000000018,-0.05670837562096044,0.07441860465116279,-0.04390243902439024,-0.43983429592959217,0.33337209302325527
source_representative,calibrated__boltzina_vina_far_binary,trained_oof,0.125,chemistry,0.125,4,205,-0.034146341463414664,-7.000000000000006,-0.09678202317569687,0.03046073759453016,-0.04390243902439024,-0.43983429592959217,0.33337209302325527
source_representative,calibrated__boltzina_vina_far_binary,trained_oof,0.125,chemistry,0.125,5,205,0.034146341463414664,7.000000000000006,-0.03902439024390236,0.11386459241779098,-0.04390243902439024,-0.43983429592959217,0.33337209302325527
source_representative,calibrated__boltzina_vina_far_binary,trained_oof,0.125,chemistry,0.125,6,205,0.04390243902439017,8.999999999999986,-0.025516778876499134,0.12371379479626901,-0.04390243902439024,-0.43983429592959217,0.33337209302325527
source_representative,calibrated__boltzina_vina_far_binary,trained_oof,0.125,chemistry,0.125,7,205,0.004878048780487809,1.0000000000000009,-0.05853713469567133,0.0725578493340205,-0.04390243902439024,-0.43983429592959217,0.33337209302325527
source_representative,calibrated__boltzina_vina_far_binary,trained_oof,0.125,chemistry,0.125,8,205,0.004878048780487809,1.0000000000000009,-0.04081632653061229,0.052138284409816195,-0.04390243902439024,-0.43983429592959217,0.33337209302325527
source_representative,calibrated__boltzina_vina_far_binary,trained_oof,0.125,chemistry,0.125,9,205,0.004878048780487809,1.0000000000000009,-0.028574846206425163,0.03738317757009346,-0.04390243902439024,-0.43983429592959217,0.33337209302325527
source_representative,calibrated__boltzina_vina_far_binary,trained_oof,0.125,chemistry,0.125,10,205,0.0,0.0,0.0,0.0,-0.04390243902439024,-0.43983429592959217,0.33337209302325527
source_representative,calibrated__boltzina_vina_far_binary,trained_oof,0.25,chemistry,0.25,1,205,0.03414634146341464,7.000000000000001,-0.033175355450236976,0.10378341194968546,-0.00975609756097561,-0.4068597389761215,0.3960875934532229
source_representative,calibrated__boltzina_vina_far_binary,trained_oof,0.25,chemistry,0.25,2,205,-0.019512195121951237,-4.0000000000000036,-0.1089108910891089,0.06251516990291253,-0.00975609756097561,-0.4068597389761215,0.3960875934532229
source_representative,calibrated__boltzina_vina_far_binary,trained_oof,0.25,chemistry,0.25,3,205,-0.014634146341463428,-3.0000000000000027,-0.09723069105691066,0.06732183257918542,-0.00975609756097561,-0.4068597389761215,0.3960875934532229
source_representative,calibrated__boltzina_vina_far_binary,trained_oof,0.25,chemistry,0.25,4,205,0.014634146341463428,3.0000000000000027,-0.058252427184465994,0.09135718599033811,-0.00975609756097561,-0.4068597389761215,0.3960875934532229
source_representative,calibrated__boltzina_vina_far_binary,trained_oof,0.25,chemistry,0.25,5,205,0.004878048780487809,1.0000000000000009,-0.05999999999999994,0.07694063926940635,-0.00975609756097561,-0.4068597389761215,0.3960875934532229
source_representative,calibrated__boltzina_vina_far_binary,trained_oof,0.25,chemistry,0.25,6,205,0.024390243902438935,4.999999999999981,-0.04035987679485438,0.09375,-0.00975609756097561,-0.4068597389761215,0.3960875934532229
source_representative,calibrated__boltzina_vina_far_binary,trained_oof,0.25,chemistry,0.25,7,205,-0.019512195121951237,-4.0000000000000036,-0.08122131008184978,0.044334975369458185,-0.00975609756097561,-0.4068597389761215,0.3960875934532229
source_representative,calibrated__boltzina_vina_far_binary,trained_oof,0.25,chemistry,0.25,8,205,-0.019512195121951237,-4.0000000000000036,-0.0714285714285714,0.0351893395549173,-0.00975609756097561,-0.4068597389761215,0.3960875934532229
source_representative,calibrated__boltzina_vina_far_binary,trained_oof,0.25,chemistry,0.25,9,205,0.004878048780487809,1.0000000000000009,-0.03703703703703698,0.04040404040404044,-0.00975609756097561,-0.4068597389761215,0.3960875934532229
source_representative,calibrated__boltzina_vina_far_binary,trained_oof,0.25,chemistry,0.25,10,205,0.0,0.0,0.0,0.0,-0.00975609756097561,-0.4068597389761215,0.3960875934532229
source_representative,calibrated__boltzina_vina_far_binary,trained_oof,0.5,chemistry,0.5,1,205,-0.07804878048780484,-15.999999999999991,-0.16506740781729462,0.004975124378109486,0.14146341463414633,-0.32699186991869944,0.590697674418605
source_representative,calibrated__boltzina_vina_far_binary,trained_oof,0.5,chemistry,0.5,2,205,-0.06829268292682933,-14.000000000000012,-0.15841584158415845,0.019326016603348775,0.14146341463414633,-0.32699186991869944,0.590697674418605
source_representative,calibrated__boltzina_vina_far_binary,trained_oof,0.5,chemistry,0.5,3,205,-0.024390243902439046,-5.000000000000004,-0.10501319095477385,0.05912061649514694,0.14146341463414633,-0.32699186991869944,0.590697674418605
source_representative,calibrated__boltzina_vina_far_binary,trained_oof,0.5,chemistry,0.5,4,205,-0.004878048780487809,-1.0000000000000009,-0.08416556655665564,0.07883327194880524,0.14146341463414633,-0.32699186991869944,0.590697674418605
source_representative,calibrated__boltzina_vina_far_binary,trained_oof,0.5,chemistry,0.5,5,205,0.014634146341463428,3.0000000000000027,-0.05474709784411274,0.09223487677371167,0.14146341463414633,-0.32699186991869944,0.590697674418605
source_representative,calibrated__boltzina_vina_far_binary,trained_oof,0.5,chemistry,0.5,6,205,0.0,0.0,-0.06250754830917875,0.06501641414141411,0.14146341463414633,-0.32699186991869944,0.590697674418605
source_representative,calibrated__boltzina_vina_far_binary,trained_oof,0.5,chemistry,0.5,7,205,0.019512195121951237,4.0000000000000036,-0.028305240096575153,0.07110766800340257,0.14146341463414633,-0.32699186991869944,0.590697674418605
source_representative,calibrated__boltzina_vina_far_binary,trained_oof,0.5,chemistry,0.5,8,205,0.009756097560975618,2.0000000000000018,-0.03738317757009346,0.05912061649514705,0.14146341463414633,-0.32699186991869944,0.590697674418605
source_representative,calibrated__boltzina_vina_far_binary,trained_oof,0.5,chemistry,0.5,9,205,-0.009756097560975618,-2.0000000000000018,-0.037735849056603765,0.014778325123152691,0.14146341463414633,-0.32699186991869944,0.590697674418605
source_representative,calibrated__boltzina_vina_far_binary,trained_oof,0.5,chemistry,0.5,10,205,0.0,0.0,0.0,0.0,0.14146341463414633,-0.32699186991869944,0.590697674418605
source_representative,calibrated__boltzina_vina_far_binary,trained_oof,1.0,chemistry,1.0,1,205,-0.10243902439024388,-20.999999999999996,-0.17476334951456307,-0.030143253581339537,0.45365853658536587,0.0989269979629543,0.8116245448704218
source_representative,calibrated__boltzina_vina_far_binary,trained_oof,1.0,chemistry,1.0,2,205,-0.1365853658536585,-27.99999999999999,-0.2200023923444976,-0.0536585365853659,0.45365853658536587,0.0989269979629543,0.8116245448704218
source_representative,calibrated__boltzina_vina_far_binary,trained_oof,1.0,chemistry,1.0,3,205,-0.09268292682926826,-18.999999999999993,-0.16176820728291325,-0.024271844660194164,0.45365853658536587,0.0989269979629543,0.8116245448704218
source_representative,calibrated__boltzina_vina_far_binary,trained_oof,1.0,chemistry,1.0,4,205,-0.07804878048780495,-16.000000000000014,-0.147374686716792,-0.009204902576996214,0.45365853658536587,0.0989269979629543,0.8116245448704218
source_representative,calibrated__boltzina_vina_far_binary,trained_oof,1.0,chemistry,1.0,5,205,-0.024390243902439046,-5.000000000000004,-0.08955223880597019,0.040452140452140226,0.45365853658536587,0.0989269979629543,0.8116245448704218
source_representative,calibrated__boltzina_vina_far_binary,trained_oof,1.0,chemistry,1.0,6,205,-0.004878048780487809,-1.0000000000000009,-0.06030150753768848,0.05181530452634672,0.45365853658536587,0.0989269979629543,0.8116245448704218
source_representative,calibrated__boltzina_vina_far_binary,trained_oof,1.0,chemistry,1.0,7,205,-0.004878048780487809,-1.0000000000000009,-0.050005707762557014,0.0423361919807417,0.45365853658536587,0.0989269979629543,0.8116245448704218
source_representative,calibrated__boltzina_vina_far_binary,trained_oof,1.0,chemistry,1.0,8,205,-0.004878048780487809,-1.0000000000000009,-0.046511627906976716,0.03571886446886443,0.45365853658536587,0.0989269979629543,0.8116245448704218
source_representative,calibrated__boltzina_vina_far_binary,trained_oof,1.0,chemistry,1.0,9,205,-0.004878048780487809,-1.0000000000000009,-0.03669724770642202,0.025383947995441778,0.45365853658536587,0.0989269979629543,0.8116245448704218
source_representative,calibrated__boltzina_vina_far_binary,trained_oof,1.0,chemistry,1.0,10,205,0.0,0.0,0.0,0.0,0.45365853658536587,0.0989269979629543,0.8116245448704218
source_representative,availability__boltzina_vina_far_binary,trained_oof,0.125,chemistry,0.125,1,205,0.0,0.0,0.0,0.0,-0.014634146341463415,-0.033496848546191574,0.0
source_representative,availability__boltzina_vina_far_binary,trained_oof,0.125,chemistry,0.125,2,205,0.0,0.0,0.0,0.0,-0.014634146341463415,-0.033496848546191574,0.0
source_representative,availability__boltzina_vina_far_binary,trained_oof,0.125,chemistry,0.125,3,205,0.0,0.0,0.0,0.0,-0.014634146341463415,-0.033496848546191574,0.0
source_representative,availability__boltzina_vina_far_binary,trained_oof,0.125,chemistry,0.125,4,205,0.0,0.0,0.0,0.0,-0.014634146341463415,-0.033496848546191574,0.0
source_representative,availability__boltzina_vina_far_binary,trained_oof,0.125,chemistry,0.125,5,205,0.009756097560975618,2.0000000000000018,0.0,0.025000000000000022,-0.014634146341463415,-0.033496848546191574,0.0
source_representative,availability__boltzina_vina_far_binary,trained_oof,0.125,chemistry,0.125,6,205,0.0,0.0,0.0,0.0,-0.014634146341463415,-0.033496848546191574,0.0
source_representative,availability__boltzina_vina_far_binary,trained_oof,0.125,chemistry,0.125,7,205,0.0,0.0,0.0,0.0,-0.014634146341463415,-0.033496848546191574,0.0
source_representative,availability__boltzina_vina_far_binary,trained_oof,0.125,chemistry,0.125,8,205,0.0,0.0,0.0,0.0,-0.014634146341463415,-0.033496848546191574,0.0
source_representative,availability__boltzina_vina_far_binary,trained_oof,0.125,chemistry,0.125,9,205,0.004878048780487809,1.0000000000000009,0.0,0.015075376884422065,-0.014634146341463415,-0.033496848546191574,0.0
source_representative,availability__boltzina_vina_far_binary,trained_oof,0.125,chemistry,0.125,10,205,0.0,0.0,0.0,0.0,-0.014634146341463415,-0.033496848546191574,0.0
source_representative,availability__boltzina_vina_far_binary,trained_oof,0.25,chemistry,0.25,1,205,0.0,0.0,0.0,0.0,0.004878048780487805,-0.01523036879726547,0.026055518617020615
source_representative,availability__boltzina_vina_far_binary,trained_oof,0.25,chemistry,0.25,2,205,0.004878048780487809,1.0000000000000009,0.0,0.015546065414507761,0.004878048780487805,-0.01523036879726547,0.026055518617020615
source_representative,availability__boltzina_vina_far_binary,trained_oof,0.25,chemistry,0.25,3,205,0.004878048780487698,0.9999999999999781,0.0,0.015463917525773141,0.004878048780487805,-0.01523036879726547,0.026055518617020615
source_representative,availability__boltzina_vina_far_binary,trained_oof,0.25,chemistry,0.25,4,205,0.0,0.0,0.0,0.0,0.004878048780487805,-0.01523036879726547,0.026055518617020615
source_representative,availability__boltzina_vina_far_binary,trained_oof,0.25,chemistry,0.25,5,205,-0.004878048780487809,-1.0000000000000009,-0.015544041450777257,0.0,0.004878048780487805,-0.01523036879726547,0.026055518617020615
source_representative,availability__boltzina_vina_far_binary,trained_oof,0.25,chemistry,0.25,6,205,0.0,0.0,0.0,0.0,0.004878048780487805,-0.01523036879726547,0.026055518617020615
source_representative,availability__boltzina_vina_far_binary,trained_oof,0.25,chemistry,0.25,7,205,-0.004878048780487809,-1.0000000000000009,-0.015463917525773252,0.0,0.004878048780487805,-0.01523036879726547,0.026055518617020615
source_representative,availability__boltzina_vina_far_binary,trained_oof,0.25,chemistry,0.25,8,205,-0.004878048780487809,-1.0000000000000009,-0.015075376884422065,0.0,0.004878048780487805,-0.01523036879726547,0.026055518617020615
source_representative,availability__boltzina_vina_far_binary,trained_oof,0.25,chemistry,0.25,9,205,0.0,0.0,0.0,0.0,0.004878048780487805,-0.01523036879726547,0.026055518617020615
source_representative,availability__boltzina_vina_far_binary,trained_oof,0.25,chemistry,0.25,10,205,0.0,0.0,0.0,0.0,0.004878048780487805,-0.01523036879726547,0.026055518617020615
source_representative,availability__boltzina_vina_far_binary,trained_oof,0.5,chemistry,0.5,1,205,0.0,0.0,0.0,0.0,0.004878048780487805,-0.01507728034110003,0.025000000000000355
source_representative,availability__boltzina_vina_far_binary,trained_oof,0.5,chemistry,0.5,2,205,-0.004878048780487809,-1.0000000000000009,-0.014634146341463428,0.0,0.004878048780487805,-0.01507728034110003,0.025000000000000355
source_representative,availability__boltzina_vina_far_binary,trained_oof,0.5,chemistry,0.5,3,205,0.004878048780487809,1.0000000000000009,0.0,0.015386597938144373,0.004878048780487805,-0.01507728034110003,0.025000000000000355
source_representative,availability__boltzina_vina_far_binary,trained_oof,0.5,chemistry,0.5,4,205,0.004878048780487809,1.0000000000000009,0.0,0.015306122448979553,0.004878048780487805,-0.01507728034110003,0.025000000000000355
source_representative,availability__boltzina_vina_far_binary,trained_oof,0.5,chemistry,0.5,5,205,-0.004878048780487809,-1.0000000000000009,-0.015544041450777146,0.0,0.004878048780487805,-0.01507728034110003,0.025000000000000355
source_representative,availability__boltzina_vina_far_binary,trained_oof,0.5,chemistry,0.5,6,205,-0.004878048780487809,-1.0000000000000009,-0.015544041450777257,0.0,0.004878048780487805,-0.01507728034110003,0.025000000000000355
source_representative,availability__boltzina_vina_far_binary,trained_oof,0.5,chemistry,0.5,7,205,0.0,0.0,0.0,0.0,0.004878048780487805,-0.01507728034110003,0.025000000000000355
source_representative,availability__boltzina_vina_far_binary,trained_oof,0.5,chemistry,0.5,8,205,0.0,0.0,0.0,0.0,0.004878048780487805,-0.01507728034110003,0.025000000000000355
source_representative,availability__boltzina_vina_far_binary,trained_oof,0.5,chemistry,0.5,9,205,0.0,0.0,0.0,0.0,0.004878048780487805,-0.01507728034110003,0.025000000000000355
source_representative,availability__boltzina_vina_far_binary,trained_oof,0.5,chemistry,0.5,10,205,0.0,0.0,0.0,0.0,0.004878048780487805,-0.01507728034110003,0.025000000000000355
source_representative,availability__boltzina_vina_far_binary,trained_oof,1.0,chemistry,1.0,1,205,0.0,0.0,0.0,0.0,0.004878048780487805,-0.010583417764268521,0.02253023571516717
source_representative,availability__boltzina_vina_far_binary,trained_oof,1.0,chemistry,1.0,2,205,0.0,0.0,0.0,0.0,0.004878048780487805,-0.010583417764268521,0.02253023571516717
source_representative,availability__boltzina_vina_far_binary,trained_oof,1.0,chemistry,1.0,3,205,0.0,0.0,0.0,0.0,0.004878048780487805,-0.010583417764268521,0.02253023571516717
source_representative,availability__boltzina_vina_far_binary,trained_oof,1.0,chemistry,1.0,4,205,0.0,0.0,0.0,0.0,0.004878048780487805,-0.010583417764268521,0.02253023571516717
source_representative,availability__boltzina_vina_far_binary,trained_oof,1.0,chemistry,1.0,5,205,-0.004878048780487809,-1.0000000000000009,-0.015463917525773141,0.0,0.004878048780487805,-0.010583417764268521,0.02253023571516717
source_representative,availability__boltzina_vina_far_binary,trained_oof,1.0,chemistry,1.0,6,205,-0.004878048780487809,-1.0000000000000009,-0.014634146341463428,0.0,0.004878048780487805,-0.010583417764268521,0.02253023571516717
source_representative,availability__boltzina_vina_far_binary,trained_oof,1.0,chemistry,1.0,7,205,0.0,0.0,0.0,0.0,0.004878048780487805,-0.010583417764268521,0.02253023571516717
source_representative,availability__boltzina_vina_far_binary,trained_oof,1.0,chemistry,1.0,8,205,0.0,0.0,0.0,0.0,0.004878048780487805,-0.010583417764268521,0.02253023571516717
source_representative,availability__boltzina_vina_far_binary,trained_oof,1.0,chemistry,1.0,9,205,0.004878048780487809,1.0000000000000009,0.0,0.015706806282722474,0.004878048780487805,-0.010583417764268521,0.02253023571516717
source_representative,availability__boltzina_vina_far_binary,trained_oof,1.0,chemistry,1.0,10,205,0.0,0.0,0.0,0.0,0.004878048780487805,-0.010583417764268521,0.02253023571516717
source_representative,plus__boltzina_vina_far_binary,trained_oof,0.125,chemistry,0.125,1,205,0.05853658536585368,12.000000000000005,0.0,0.12121579876434244,-0.16097560975609757,-0.5678776658411682,0.2010541569232306
source_representative,plus__boltzina_vina_far_binary,trained_oof,0.125,chemistry,0.125,2,205,0.02439024390243899,4.999999999999993,-0.04245786014486278,0.09303412301673537,-0.16097560975609757,-0.5678776658411682,0.2010541569232306
source_representative,plus__boltzina_vina_far_binary,trained_oof,0.125,chemistry,0.125,3,205,0.04878048780487809,10.000000000000009,-0.014023674536032302,0.1121951219512195,-0.16097560975609757,-0.5678776658411682,0.2010541569232306
source_representative,plus__boltzina_vina_far_binary,trained_oof,0.125,chemistry,0.125,4,205,0.009756097560975618,2.0000000000000018,-0.05700223985319514,0.08248660694188086,-0.16097560975609757,-0.5678776658411682,0.2010541569232306
source_representative,plus__boltzina_vina_far_binary,trained_oof,0.125,chemistry,0.125,5,205,0.004878048780487809,1.0000000000000009,-0.06437543172921938,0.07556240126382308,-0.16097560975609757,-0.5678776658411682,0.2010541569232306
source_representative,plus__boltzina_vina_far_binary,trained_oof,0.125,chemistry,0.125,6,205,-0.009756097560975618,-2.0000000000000018,-0.07499999999999996,0.061047326613710616,-0.16097560975609757,-0.5678776658411682,0.2010541569232306
source_representative,plus__boltzina_vina_far_binary,trained_oof,0.125,chemistry,0.125,7,205,0.004878048780487809,1.0000000000000009,-0.05445544554455439,0.07177896117040854,-0.16097560975609757,-0.5678776658411682,0.2010541569232306
source_representative,plus__boltzina_vina_far_binary,trained_oof,0.125,chemistry,0.125,8,205,0.009756097560975618,2.0000000000000018,-0.034146341463414664,0.05238721804511267,-0.16097560975609757,-0.5678776658411682,0.2010541569232306
source_representative,plus__boltzina_vina_far_binary,trained_oof,0.125,chemistry,0.125,9,205,0.009756097560975618,2.0000000000000018,-0.020413423101199264,0.04124245499706217,-0.16097560975609757,-0.5678776658411682,0.2010541569232306
source_representative,plus__boltzina_vina_far_binary,trained_oof,0.125,chemistry,0.125,10,205,0.0,0.0,0.0,0.0,-0.16097560975609757,-0.5678776658411682,0.2010541569232306
source_representative,plus__boltzina_vina_far_binary,trained_oof,0.25,chemistry,0.25,1,205,0.07317073170731705,14.999999999999996,0.01004899497487436,0.1368457101658255,-0.25365853658536586,-0.5645976398839784,0.05825953113900065
source_representative,plus__boltzina_vina_far_binary,trained_oof,0.25,chemistry,0.25,2,205,0.07804878048780489,16.000000000000004,0.004901960784313762,0.15271107006020795,-0.25365853658536586,-0.5645976398839784,0.05825953113900065
source_representative,plus__boltzina_vina_far_binary,trained_oof,0.25,chemistry,0.25,3,205,0.06341463414634141,12.99999999999999,-0.004854368932038833,0.13433802490139962,-0.25365853658536586,-0.5645976398839784,0.05825953113900065
source_representative,plus__boltzina_vina_far_binary,trained_oof,0.25,chemistry,0.25,4,205,0.04390243902439017,8.999999999999986,-0.0195219026817134,0.10785641842944073,-0.25365853658536586,-0.5645976398839784,0.05825953113900065
source_representative,plus__boltzina_vina_far_binary,trained_oof,0.25,chemistry,0.25,5,205,-0.014634146341463428,-3.0000000000000027,-0.06829589216944797,0.040000000000000036,-0.25365853658536586,-0.5645976398839784,0.05825953113900065
source_representative,plus__boltzina_vina_far_binary,trained_oof,0.25,chemistry,0.25,6,205,0.014634146341463317,2.99999999999998,-0.03980597014925377,0.06966278420979201,-0.25365853658536586,-0.5645976398839784,0.05825953113900065
source_representative,plus__boltzina_vina_far_binary,trained_oof,0.25,chemistry,0.25,7,205,-0.034146341463414664,-7.000000000000006,-0.08457711442786064,0.01538461538461533,-0.25365853658536586,-0.5645976398839784,0.05825953113900065
source_representative,plus__boltzina_vina_far_binary,trained_oof,0.25,chemistry,0.25,8,205,0.0,0.0,-0.039999999999999925,0.04055442428730095,-0.25365853658536586,-0.5645976398839784,0.05825953113900065
source_representative,plus__boltzina_vina_far_binary,trained_oof,0.25,chemistry,0.25,9,205,0.029268292682926855,6.000000000000005,0.004784688995215336,0.05729478169856454,-0.25365853658536586,-0.5645976398839784,0.05825953113900065
source_representative,plus__boltzina_vina_far_binary,trained_oof,0.25,chemistry,0.25,10,205,0.0,0.0,0.0,0.0,-0.25365853658536586,-0.5645976398839784,0.05825953113900065
source_representative,plus__boltzina_vina_far_binary,trained_oof,0.5,chemistry,0.5,1,205,0.04390243902439028,9.000000000000007,-0.034317951318458405,0.1233583765865573,-0.3073170731707317,-0.6873426310624883,0.05169357609068942
source_representative,plus__boltzina_vina_far_binary,trained_oof,0.5,chemistry,0.5,2,205,0.024390243902438935,4.999999999999981,-0.04347826086956519,0.09133578188074905,-0.3073170731707317,-0.6873426310624883,0.05169357609068942
source_representative,plus__boltzina_vina_far_binary,trained_oof,0.5,chemistry,0.5,3,205,0.039024390243902474,8.000000000000007,-0.032710280373831835,0.11274509803921562,-0.3073170731707317,-0.6873426310624883,0.05169357609068942
source_representative,plus__boltzina_vina_far_binary,trained_oof,0.5,chemistry,0.5,4,205,0.05853658536585371,12.00000000000001,-0.009951492537313497,0.13432835820895517,-0.3073170731707317,-0.6873426310624883,0.05169357609068942
source_representative,plus__boltzina_vina_far_binary,trained_oof,0.5,chemistry,0.5,5,205,0.0585365853658536,11.999999999999988,0.0,0.125,-0.3073170731707317,-0.6873426310624883,0.05169357609068942
source_representative,plus__boltzina_vina_far_binary,trained_oof,0.5,chemistry,0.5,6,205,0.024390243902439046,5.000000000000004,-0.029268292682926855,0.08040201005025127,-0.3073170731707317,-0.6873426310624883,0.05169357609068942
source_representative,plus__boltzina_vina_far_binary,trained_oof,0.5,chemistry,0.5,7,205,0.029268292682926855,6.000000000000005,-0.015000000000000013,0.08000471698113212,-0.3073170731707317,-0.6873426310624883,0.05169357609068942
source_representative,plus__boltzina_vina_far_binary,trained_oof,0.5,chemistry,0.5,8,205,0.029268292682926855,6.000000000000005,-0.009806348281886978,0.07582938388625593,-0.3073170731707317,-0.6873426310624883,0.05169357609068942
source_representative,plus__boltzina_vina_far_binary,trained_oof,0.5,chemistry,0.5,9,205,0.0,0.0,-0.01941747572815533,0.019512195121951237,-0.3073170731707317,-0.6873426310624883,0.05169357609068942
source_representative,plus__boltzina_vina_far_binary,trained_oof,0.5,chemistry,0.5,10,205,0.0,0.0,0.0,0.0,-0.3073170731707317,-0.6873426310624883,0.05169357609068942
source_representative,plus__boltzina_vina_far_binary,trained_oof,1.0,chemistry,1.0,1,205,0.014634146341463428,3.0000000000000027,-0.042108969607116346,0.07110705458173641,-0.004878048780487805,-0.2590673575129534,0.2634643393827303
source_representative,plus__boltzina_vina_far_binary,trained_oof,1.0,chemistry,1.0,2,205,0.024390243902439046,5.000000000000004,-0.04002040816326534,0.08558880308880308,-0.004878048780487805,-0.2590673575129534,0.2634643393827303
source_representative,plus__boltzina_vina_far_binary,trained_oof,1.0,chemistry,1.0,3,205,-0.024390243902439046,-5.000000000000004,-0.07730406641339525,0.029268292682926855,-0.004878048780487805,-0.2590673575129534,0.2634643393827303
source_representative,plus__boltzina_vina_far_binary,trained_oof,1.0,chemistry,1.0,4,205,-0.009756097560975618,-2.0000000000000018,-0.06635860979462876,0.04688733552631572,-0.004878048780487805,-0.2590673575129534,0.2634643393827303
source_representative,plus__boltzina_vina_far_binary,trained_oof,1.0,chemistry,1.0,5,205,0.0,0.0,-0.05025644276428022,0.04975124378109452,-0.004878048780487805,-0.2590673575129534,0.2634643393827303
source_representative,plus__boltzina_vina_far_binary,trained_oof,1.0,chemistry,1.0,6,205,-0.004878048780487809,-1.0000000000000009,-0.04975124378109452,0.04166666666666663,-0.004878048780487805,-0.2590673575129534,0.2634643393827303
source_representative,plus__boltzina_vina_far_binary,trained_oof,1.0,chemistry,1.0,7,205,-0.004878048780487809,-1.0000000000000009,-0.04109942098573642,0.030007575757575632,-0.004878048780487805,-0.2590673575129534,0.2634643393827303
source_representative,plus__boltzina_vina_far_binary,trained_oof,1.0,chemistry,1.0,8,205,0.004878048780487809,1.0000000000000009,-0.029268292682926744,0.039215686274509776,-0.004878048780487805,-0.2590673575129534,0.2634643393827303
source_representative,plus__boltzina_vina_far_binary,trained_oof,1.0,chemistry,1.0,9,205,0.004878048780487809,1.0000000000000009,-0.020413423101199264,0.03076923076923077,-0.004878048780487805,-0.2590673575129534,0.2634643393827303
source_representative,plus__boltzina_vina_far_binary,trained_oof,1.0,chemistry,1.0,10,205,0.0,0.0,0.0,0.0,-0.004878048780487805,-0.2590673575129534,0.2634643393827303
source_representative,calibrated__boltzina_vina_zero_affinity,trained_oof,0.125,chemistry,0.125,1,205,0.02439024390243902,4.999999999999999,-0.054302562609202125,0.10098174778761052,0.0975609756097561,-0.23303812455600187,0.4265743737686459
source_representative,calibrated__boltzina_vina_zero_affinity,trained_oof,0.125,chemistry,0.125,2,205,-0.019512195121951237,-4.0000000000000036,-0.09389671361502344,0.05289745145631065,0.0975609756097561,-0.23303812455600187,0.4265743737686459
source_representative,calibrated__boltzina_vina_zero_affinity,trained_oof,0.125,chemistry,0.125,3,205,-0.029268292682926744,-5.999999999999982,-0.09524407753050969,0.037387565266991336,0.0975609756097561,-0.23303812455600187,0.4265743737686459
source_representative,calibrated__boltzina_vina_zero_affinity,trained_oof,0.125,chemistry,0.125,4,205,-0.004878048780487809,-1.0000000000000009,-0.0660449557181363,0.05555555555555558,0.0975609756097561,-0.23303812455600187,0.4265743737686459
source_representative,calibrated__boltzina_vina_zero_affinity,trained_oof,0.125,chemistry,0.125,5,205,0.0,0.0,-0.06311449206725074,0.06217678558147606,0.0975609756097561,-0.23303812455600187,0.4265743737686459
source_representative,calibrated__boltzina_vina_zero_affinity,trained_oof,0.125,chemistry,0.125,6,205,0.0,0.0,-0.05419389845388473,0.055276381909547756,0.0975609756097561,-0.23303812455600187,0.4265743737686459
source_representative,calibrated__boltzina_vina_zero_affinity,trained_oof,0.125,chemistry,0.125,7,205,-0.019512195121951237,-4.0000000000000036,-0.07180288461538459,0.034653465346534684,0.0975609756097561,-0.23303812455600187,0.4265743737686459
source_representative,calibrated__boltzina_vina_zero_affinity,trained_oof,0.125,chemistry,0.125,8,205,-0.024390243902439046,-5.000000000000004,-0.07207315488565481,0.02020202020202022,0.0975609756097561,-0.23303812455600187,0.4265743737686459
source_representative,calibrated__boltzina_vina_zero_affinity,trained_oof,0.125,chemistry,0.125,9,205,-0.024390243902439046,-5.000000000000004,-0.06757740750459205,0.014492753623188363,0.0975609756097561,-0.23303812455600187,0.4265743737686459
source_representative,calibrated__boltzina_vina_zero_affinity,trained_oof,0.125,chemistry,0.125,10,205,0.0,0.0,0.0,0.0,0.0975609756097561,-0.23303812455600187,0.4265743737686459
source_representative,calibrated__boltzina_vina_zero_affinity,trained_oof,0.25,chemistry,0.25,1,205,0.0146341463414634,2.999999999999997,-0.06435643564356436,0.09259485094850947,-0.014634146341463415,-0.44930002276348674,0.4369155742472365
source_representative,calibrated__boltzina_vina_zero_affinity,trained_oof,0.25,chemistry,0.25,2,205,-0.004878048780487809,-1.0000000000000009,-0.09570042530568847,0.08900523560209422,-0.014634146341463415,-0.44930002276348674,0.4369155742472365
source_representative,calibrated__boltzina_vina_zero_affinity,trained_oof,0.25,chemistry,0.25,3,205,-0.024390243902439046,-5.000000000000004,-0.11736781076066786,0.06807694281901236,-0.014634146341463415,-0.44930002276348674,0.4369155742472365
source_representative,calibrated__boltzina_vina_zero_affinity,trained_oof,0.25,chemistry,0.25,4,205,0.014634146341463428,3.0000000000000027,-0.07212409420289852,0.09794067111380643,-0.014634146341463415,-0.44930002276348674,0.4369155742472365
source_representative,calibrated__boltzina_vina_zero_affinity,trained_oof,0.25,chemistry,0.25,5,205,0.019512195121951237,4.0000000000000036,-0.04570055461552926,0.08955223880597019,-0.014634146341463415,-0.44930002276348674,0.4369155742472365
source_representative,calibrated__boltzina_vina_zero_affinity,trained_oof,0.25,chemistry,0.25,6,205,0.014634146341463317,2.99999999999998,-0.0585365853658536,0.08656572164948441,-0.014634146341463415,-0.44930002276348674,0.4369155742472365
source_representative,calibrated__boltzina_vina_zero_affinity,trained_oof,0.25,chemistry,0.25,7,205,0.0,0.0,-0.06829268292682933,0.06565656565656564,-0.014634146341463415,-0.44930002276348674,0.4369155742472365
source_representative,calibrated__boltzina_vina_zero_affinity,trained_oof,0.25,chemistry,0.25,8,205,-0.009756097560975618,-2.0000000000000018,-0.060312661438031316,0.04072629051620644,-0.014634146341463415,-0.44930002276348674,0.4369155742472365
source_representative,calibrated__boltzina_vina_zero_affinity,trained_oof,0.25,chemistry,0.25,9,205,-0.009756097560975618,-2.0000000000000018,-0.05025644276428011,0.02577319587628868,-0.014634146341463415,-0.44930002276348674,0.4369155742472365
source_representative,calibrated__boltzina_vina_zero_affinity,trained_oof,0.25,chemistry,0.25,10,205,0.0,0.0,0.0,0.0,-0.014634146341463415,-0.44930002276348674,0.4369155742472365
source_representative,calibrated__boltzina_vina_zero_affinity,trained_oof,0.5,chemistry,0.5,1,205,-0.03902439024390242,-7.999999999999996,-0.1370733191753859,0.065,0.16585365853658537,-0.2746035940803382,0.6245171026156917
source_representative,calibrated__boltzina_vina_zero_affinity,trained_oof,0.5,chemistry,0.5,2,205,-0.0829268292682927,-17.000000000000004,-0.16666666666666669,0.0,0.16585365853658537,-0.2746035940803382,0.6245171026156917
source_representative,calibrated__boltzina_vina_zero_affinity,trained_oof,0.5,chemistry,0.5,3,205,-0.0536585365853659,-11.00000000000001,-0.1310776471124481,0.026458544410672104,0.16585365853658537,-0.2746035940803382,0.6245171026156917
source_representative,calibrated__boltzina_vina_zero_affinity,trained_oof,0.5,chemistry,0.5,4,205,0.004878048780487809,1.0000000000000009,-0.07255187261930114,0.08457711442786064,0.16585365853658537,-0.2746035940803382,0.6245171026156917
source_representative,calibrated__boltzina_vina_zero_affinity,trained_oof,0.5,chemistry,0.5,5,205,0.009756097560975618,2.0000000000000018,-0.06977559226255163,0.08911999408896104,0.16585365853658537,-0.2746035940803382,0.6245171026156917
source_representative,calibrated__boltzina_vina_zero_affinity,trained_oof,0.5,chemistry,0.5,6,205,-0.004878048780487809,-1.0000000000000009,-0.07732834551095992,0.06979093258163004,0.16585365853658537,-0.2746035940803382,0.6245171026156917
source_representative,calibrated__boltzina_vina_zero_affinity,trained_oof,0.5,chemistry,0.5,7,205,0.004878048780487809,1.0000000000000009,-0.058572427106909825,0.06604495571813626,0.16585365853658537,-0.2746035940803382,0.6245171026156917
source_representative,calibrated__boltzina_vina_zero_affinity,trained_oof,0.5,chemistry,0.5,8,205,0.004878048780487809,1.0000000000000009,-0.04739900699616344,0.061226896418944986,0.16585365853658537,-0.2746035940803382,0.6245171026156917
source_representative,calibrated__boltzina_vina_zero_affinity,trained_oof,0.5,chemistry,0.5,9,205,-0.009756097560975618,-2.0000000000000018,-0.033500913020363884,0.01058341776426882,0.16585365853658537,-0.2746035940803382,0.6245171026156917
source_representative,calibrated__boltzina_vina_zero_affinity,trained_oof,0.5,chemistry,0.5,10,205,0.0,0.0,0.0,0.0,0.16585365853658537,-0.2746035940803382,0.6245171026156917
source_representative,calibrated__boltzina_vina_zero_affinity,trained_oof,1.0,chemistry,1.0,1,205,-0.07804878048780484,-15.999999999999991,-0.15921449092565343,0.004808859223301002,0.5170731707317073,0.10900473933649388,0.9577847173538975
source_representative,calibrated__boltzina_vina_zero_affinity,trained_oof,1.0,chemistry,1.0,2,205,-0.1121951219512195,-22.999999999999996,-0.20400880214313052,-0.02710190136660752,0.5170731707317073,0.10900473933649388,0.9577847173538975
source_representative,calibrated__boltzina_vina_zero_affinity,trained_oof,1.0,chemistry,1.0,3,205,-0.13658536585365855,-28.000000000000004,-0.22010800731775967,-0.059398624591523175,0.5170731707317073,0.10900473933649388,0.9577847173538975
source_representative,calibrated__boltzina_vina_zero_affinity,trained_oof,1.0,chemistry,1.0,4,205,-0.09756097560975618,-20.000000000000018,-0.16999999999999993,-0.026448101055430884,0.5170731707317073,0.10900473933649388,0.9577847173538975
source_representative,calibrated__boltzina_vina_zero_affinity,trained_oof,1.0,chemistry,1.0,5,205,-0.03902439024390236,-7.999999999999984,-0.10502283105022825,0.02604166666666663,0.5170731707317073,0.10900473933649388,0.9577847173538975
source_representative,calibrated__boltzina_vina_zero_affinity,trained_oof,1.0,chemistry,1.0,6,205,-0.039024390243902474,-8.000000000000007,-0.10222480620155038,0.02119798369798351,0.5170731707317073,0.10900473933649388,0.9577847173538975
source_representative,calibrated__boltzina_vina_zero_affinity,trained_oof,1.0,chemistry,1.0,7,205,-0.009756097560975618,-2.0000000000000018,-0.06896948990942309,0.04390781922525109,0.5170731707317073,0.10900473933649388,0.9577847173538975
source_representative,calibrated__boltzina_vina_zero_affinity,trained_oof,1.0,chemistry,1.0,8,205,-0.004878048780487809,-1.0000000000000009,-0.04999999999999993,0.03902917264466752,0.5170731707317073,0.10900473933649388,0.9577847173538975
source_representative,calibrated__boltzina_vina_zero_affinity,trained_oof,1.0,chemistry,1.0,9,205,0.0,0.0,-0.025931713097423245,0.027906976744186074,0.5170731707317073,0.10900473933649388,0.9577847173538975
source_representative,calibrated__boltzina_vina_zero_affinity,trained_oof,1.0,chemistry,1.0,10,205,0.0,0.0,0.0,0.0,0.5170731707317073,0.10900473933649388,0.9577847173538975
source_representative,availability__boltzina_vina_zero_affinity,trained_oof,0.125,chemistry,0.125,1,205,0.0,0.0,0.0,0.0,-0.014634146341463415,-0.033496848546191574,0.0
source_representative,availability__boltzina_vina_zero_affinity,trained_oof,0.125,chemistry,0.125,2,205,0.0,0.0,0.0,0.0,-0.014634146341463415,-0.033496848546191574,0.0
source_representative,availability__boltzina_vina_zero_affinity,trained_oof,0.125,chemistry,0.125,3,205,0.0,0.0,0.0,0.0,-0.014634146341463415,-0.033496848546191574,0.0
source_representative,availability__boltzina_vina_zero_affinity,trained_oof,0.125,chemistry,0.125,4,205,0.0,0.0,0.0,0.0,-0.014634146341463415,-0.033496848546191574,0.0
source_representative,availability__boltzina_vina_zero_affinity,trained_oof,0.125,chemistry,0.125,5,205,0.009756097560975618,2.0000000000000018,0.0,0.025000000000000022,-0.014634146341463415,-0.033496848546191574,0.0
source_representative,availability__boltzina_vina_zero_affinity,trained_oof,0.125,chemistry,0.125,6,205,0.0,0.0,0.0,0.0,-0.014634146341463415,-0.033496848546191574,0.0
source_representative,availability__boltzina_vina_zero_affinity,trained_oof,0.125,chemistry,0.125,7,205,0.0,0.0,0.0,0.0,-0.014634146341463415,-0.033496848546191574,0.0
source_representative,availability__boltzina_vina_zero_affinity,trained_oof,0.125,chemistry,0.125,8,205,0.0,0.0,0.0,0.0,-0.014634146341463415,-0.033496848546191574,0.0
source_representative,availability__boltzina_vina_zero_affinity,trained_oof,0.125,chemistry,0.125,9,205,0.004878048780487809,1.0000000000000009,0.0,0.015075376884422065,-0.014634146341463415,-0.033496848546191574,0.0
source_representative,availability__boltzina_vina_zero_affinity,trained_oof,0.125,chemistry,0.125,10,205,0.0,0.0,0.0,0.0,-0.014634146341463415,-0.033496848546191574,0.0
source_representative,availability__boltzina_vina_zero_affinity,trained_oof,0.25,chemistry,0.25,1,205,0.0,0.0,0.0,0.0,0.004878048780487805,-0.01523036879726547,0.026055518617020615
source_representative,availability__boltzina_vina_zero_affinity,trained_oof,0.25,chemistry,0.25,2,205,0.004878048780487809,1.0000000000000009,0.0,0.015546065414507761,0.004878048780487805,-0.01523036879726547,0.026055518617020615
source_representative,availability__boltzina_vina_zero_affinity,trained_oof,0.25,chemistry,0.25,3,205,0.004878048780487698,0.9999999999999781,0.0,0.015463917525773141,0.004878048780487805,-0.01523036879726547,0.026055518617020615
source_representative,availability__boltzina_vina_zero_affinity,trained_oof,0.25,chemistry,0.25,4,205,0.0,0.0,0.0,0.0,0.004878048780487805,-0.01523036879726547,0.026055518617020615
source_representative,availability__boltzina_vina_zero_affinity,trained_oof,0.25,chemistry,0.25,5,205,-0.004878048780487809,-1.0000000000000009,-0.015544041450777257,0.0,0.004878048780487805,-0.01523036879726547,0.026055518617020615
source_representative,availability__boltzina_vina_zero_affinity,trained_oof,0.25,chemistry,0.25,6,205,0.0,0.0,0.0,0.0,0.004878048780487805,-0.01523036879726547,0.026055518617020615
source_representative,availability__boltzina_vina_zero_affinity,trained_oof,0.25,chemistry,0.25,7,205,-0.004878048780487809,-1.0000000000000009,-0.015463917525773252,0.0,0.004878048780487805,-0.01523036879726547,0.026055518617020615
source_representative,availability__boltzina_vina_zero_affinity,trained_oof,0.25,chemistry,0.25,8,205,-0.004878048780487809,-1.0000000000000009,-0.015075376884422065,0.0,0.004878048780487805,-0.01523036879726547,0.026055518617020615
source_representative,availability__boltzina_vina_zero_affinity,trained_oof,0.25,chemistry,0.25,9,205,0.0,0.0,0.0,0.0,0.004878048780487805,-0.01523036879726547,0.026055518617020615
source_representative,availability__boltzina_vina_zero_affinity,trained_oof,0.25,chemistry,0.25,10,205,0.0,0.0,0.0,0.0,0.004878048780487805,-0.01523036879726547,0.026055518617020615
source_representative,availability__boltzina_vina_zero_affinity,trained_oof,0.5,chemistry,0.5,1,205,0.0,0.0,0.0,0.0,0.004878048780487805,-0.01507728034110003,0.025000000000000355
source_representative,availability__boltzina_vina_zero_affinity,trained_oof,0.5,chemistry,0.5,2,205,-0.004878048780487809,-1.0000000000000009,-0.014634146341463428,0.0,0.004878048780487805,-0.01507728034110003,0.025000000000000355
source_representative,availability__boltzina_vina_zero_affinity,trained_oof,0.5,chemistry,0.5,3,205,0.004878048780487809,1.0000000000000009,0.0,0.015386597938144373,0.004878048780487805,-0.01507728034110003,0.025000000000000355
source_representative,availability__boltzina_vina_zero_affinity,trained_oof,0.5,chemistry,0.5,4,205,0.004878048780487809,1.0000000000000009,0.0,0.015306122448979553,0.004878048780487805,-0.01507728034110003,0.025000000000000355
source_representative,availability__boltzina_vina_zero_affinity,trained_oof,0.5,chemistry,0.5,5,205,-0.004878048780487809,-1.0000000000000009,-0.015544041450777146,0.0,0.004878048780487805,-0.01507728034110003,0.025000000000000355
source_representative,availability__boltzina_vina_zero_affinity,trained_oof,0.5,chemistry,0.5,6,205,-0.004878048780487809,-1.0000000000000009,-0.015544041450777257,0.0,0.004878048780487805,-0.01507728034110003,0.025000000000000355
source_representative,availability__boltzina_vina_zero_affinity,trained_oof,0.5,chemistry,0.5,7,205,0.0,0.0,0.0,0.0,0.004878048780487805,-0.01507728034110003,0.025000000000000355
source_representative,availability__boltzina_vina_zero_affinity,trained_oof,0.5,chemistry,0.5,8,205,0.0,0.0,0.0,0.0,0.004878048780487805,-0.01507728034110003,0.025000000000000355
source_representative,availability__boltzina_vina_zero_affinity,trained_oof,0.5,chemistry,0.5,9,205,0.0,0.0,0.0,0.0,0.004878048780487805,-0.01507728034110003,0.025000000000000355
source_representative,availability__boltzina_vina_zero_affinity,trained_oof,0.5,chemistry,0.5,10,205,0.0,0.0,0.0,0.0,0.004878048780487805,-0.01507728034110003,0.025000000000000355
source_representative,availability__boltzina_vina_zero_affinity,trained_oof,1.0,chemistry,1.0,1,205,0.0,0.0,0.0,0.0,0.004878048780487805,-0.010583417764268521,0.02253023571516717
source_representative,availability__boltzina_vina_zero_affinity,trained_oof,1.0,chemistry,1.0,2,205,0.0,0.0,0.0,0.0,0.004878048780487805,-0.010583417764268521,0.02253023571516717
source_representative,availability__boltzina_vina_zero_affinity,trained_oof,1.0,chemistry,1.0,3,205,0.0,0.0,0.0,0.0,0.004878048780487805,-0.010583417764268521,0.02253023571516717
source_representative,availability__boltzina_vina_zero_affinity,trained_oof,1.0,chemistry,1.0,4,205,0.0,0.0,0.0,0.0,0.004878048780487805,-0.010583417764268521,0.02253023571516717
source_representative,availability__boltzina_vina_zero_affinity,trained_oof,1.0,chemistry,1.0,5,205,-0.004878048780487809,-1.0000000000000009,-0.015463917525773141,0.0,0.004878048780487805,-0.010583417764268521,0.02253023571516717
source_representative,availability__boltzina_vina_zero_affinity,trained_oof,1.0,chemistry,1.0,6,205,-0.004878048780487809,-1.0000000000000009,-0.014634146341463428,0.0,0.004878048780487805,-0.010583417764268521,0.02253023571516717
source_representative,availability__boltzina_vina_zero_affinity,trained_oof,1.0,chemistry,1.0,7,205,0.0,0.0,0.0,0.0,0.004878048780487805,-0.010583417764268521,0.02253023571516717
source_representative,availability__boltzina_vina_zero_affinity,trained_oof,1.0,chemistry,1.0,8,205,0.0,0.0,0.0,0.0,0.004878048780487805,-0.010583417764268521,0.02253023571516717
source_representative,availability__boltzina_vina_zero_affinity,trained_oof,1.0,chemistry,1.0,9,205,0.004878048780487809,1.0000000000000009,0.0,0.015706806282722474,0.004878048780487805,-0.010583417764268521,0.02253023571516717
source_representative,availability__boltzina_vina_zero_affinity,trained_oof,1.0,chemistry,1.0,10,205,0.0,0.0,0.0,0.0,0.004878048780487805,-0.010583417764268521,0.02253023571516717
source_representative,plus__boltzina_vina_zero_affinity,trained_oof,0.125,chemistry,0.125,1,205,0.08780487804878048,18.0,0.00499937810945274,0.16908212560386474,0.06341463414634146,-0.25249150485436883,0.3816904903712524
source_representative,plus__boltzina_vina_zero_affinity,trained_oof,0.125,chemistry,0.125,2,205,0.009756097560975618,2.0000000000000018,-0.0578982612781955,0.07960199004975121,0.06341463414634146,-0.25249150485436883,0.3816904903712524
source_representative,plus__boltzina_vina_zero_affinity,trained_oof,0.125,chemistry,0.125,3,205,0.004878048780487809,1.0000000000000009,-0.046875,0.06060606060606055,0.06341463414634146,-0.25249150485436883,0.3816904903712524
source_representative,plus__boltzina_vina_zero_affinity,trained_oof,0.125,chemistry,0.125,4,205,-0.034146341463414664,-7.000000000000006,-0.09313725490196079,0.025000000000000022,0.06341463414634146,-0.25249150485436883,0.3816904903712524
source_representative,plus__boltzina_vina_zero_affinity,trained_oof,0.125,chemistry,0.125,5,205,-0.024390243902439046,-5.000000000000004,-0.08333333333333337,0.04124245499706206,0.06341463414634146,-0.25249150485436883,0.3816904903712524
source_representative,plus__boltzina_vina_zero_affinity,trained_oof,0.125,chemistry,0.125,6,205,-0.029268292682926855,-6.000000000000005,-0.08963207547169814,0.02999999999999992,0.06341463414634146,-0.25249150485436883,0.3816904903712524
source_representative,plus__boltzina_vina_zero_affinity,trained_oof,0.125,chemistry,0.125,7,205,-0.039024390243902474,-8.000000000000007,-0.09757293161166904,0.015941306755259926,0.06341463414634146,-0.25249150485436883,0.3816904903712524
source_representative,plus__boltzina_vina_zero_affinity,trained_oof,0.125,chemistry,0.125,8,205,-0.034146341463414664,-7.000000000000006,-0.08133971291866027,0.01052631578947361,0.06341463414634146,-0.25249150485436883,0.3816904903712524
source_representative,plus__boltzina_vina_zero_affinity,trained_oof,0.125,chemistry,0.125,9,205,-0.004878048780487809,-1.0000000000000009,-0.037740320128766866,0.029271879483500723,0.06341463414634146,-0.25249150485436883,0.3816904903712524
source_representative,plus__boltzina_vina_zero_affinity,trained_oof,0.125,chemistry,0.125,10,205,0.0,0.0,0.0,0.0,0.06341463414634146,-0.25249150485436883,0.3816904903712524
source_representative,plus__boltzina_vina_zero_affinity,trained_oof,0.25,chemistry,0.25,1,205,0.08292682926829267,16.999999999999996,0.013758340283569615,0.1523891625615763,-0.08292682926829269,-0.4320587596000576,0.2931005870399638
source_representative,plus__boltzina_vina_zero_affinity,trained_oof,0.25,chemistry,0.25,2,205,0.058536585365853655,12.0,-0.02348541006806389,0.1368086604667798,-0.08292682926829269,-0.4320587596000576,0.2931005870399638
source_representative,plus__boltzina_vina_zero_affinity,trained_oof,0.25,chemistry,0.25,3,205,0.05365853658536579,10.999999999999988,-0.014780154123786745,0.1274666763257026,-0.08292682926829269,-0.4320587596000576,0.2931005870399638
source_representative,plus__boltzina_vina_zero_affinity,trained_oof,0.25,chemistry,0.25,4,205,0.029268292682926744,5.999999999999982,-0.030983868407476533,0.09452736318407962,-0.08292682926829269,-0.4320587596000576,0.2931005870399638
source_representative,plus__boltzina_vina_zero_affinity,trained_oof,0.25,chemistry,0.25,5,205,0.0,0.0,-0.061045503791982654,0.05699481865284972,-0.08292682926829269,-0.4320587596000576,0.2931005870399638
source_representative,plus__boltzina_vina_zero_affinity,trained_oof,0.25,chemistry,0.25,6,205,-0.024390243902439046,-5.000000000000004,-0.08598088981785611,0.033653846153846145,-0.08292682926829269,-0.4320587596000576,0.2931005870399638
source_representative,plus__boltzina_vina_zero_affinity,trained_oof,0.25,chemistry,0.25,7,205,-0.04878048780487809,-10.000000000000009,-0.10257352941176479,0.0,-0.08292682926829269,-0.4320587596000576,0.2931005870399638
source_representative,plus__boltzina_vina_zero_affinity,trained_oof,0.25,chemistry,0.25,8,205,-0.04390243902439028,-9.000000000000007,-0.0909200174825174,0.0,-0.08292682926829269,-0.4320587596000576,0.2931005870399638
source_representative,plus__boltzina_vina_zero_affinity,trained_oof,0.25,chemistry,0.25,9,205,-0.024390243902438935,-4.999999999999981,-0.06423504926945289,0.014424818840579758,-0.08292682926829269,-0.4320587596000576,0.2931005870399638
source_representative,plus__boltzina_vina_zero_affinity,trained_oof,0.25,chemistry,0.25,10,205,0.0,0.0,0.0,0.0,-0.08292682926829269,-0.4320587596000576,0.2931005870399638
source_representative,plus__boltzina_vina_zero_affinity,trained_oof,0.5,chemistry,0.5,1,205,0.09756097560975613,20.000000000000007,0.01538071065989848,0.18483412322274878,-0.18048780487804877,-0.5937435383820111,0.2474264337904122
source_representative,plus__boltzina_vina_zero_affinity,trained_oof,0.5,chemistry,0.5,2,205,0.06829268292682922,13.99999999999999,0.0,0.1378055555555554,-0.18048780487804877,-0.5937435383820111,0.2474264337904122
source_representative,plus__boltzina_vina_zero_affinity,trained_oof,0.5,chemistry,0.5,3,205,0.0585365853658536,11.999999999999988,-0.010051520227399557,0.12699579831932767,-0.18048780487804877,-0.5937435383820111,0.2474264337904122
source_representative,plus__boltzina_vina_zero_affinity,trained_oof,0.5,chemistry,0.5,4,205,0.04390243902439028,9.000000000000007,-0.024274804641250286,0.11059027777777776,-0.18048780487804877,-0.5937435383820111,0.2474264337904122
source_representative,plus__boltzina_vina_zero_affinity,trained_oof,0.5,chemistry,0.5,5,205,0.0,0.0,-0.07317392414761839,0.06952204219543984,-0.18048780487804877,-0.5937435383820111,0.2474264337904122
source_representative,plus__boltzina_vina_zero_affinity,trained_oof,0.5,chemistry,0.5,6,205,-0.029268292682926855,-6.000000000000005,-0.09999999999999998,0.04020608090959842,-0.18048780487804877,-0.5937435383820111,0.2474264337904122
source_representative,plus__boltzina_vina_zero_affinity,trained_oof,0.5,chemistry,0.5,7,205,-0.034146341463414664,-7.000000000000006,-0.09872105028747266,0.025513474620617434,-0.18048780487804877,-0.5937435383820111,0.2474264337904122
source_representative,plus__boltzina_vina_zero_affinity,trained_oof,0.5,chemistry,0.5,8,205,-0.004878048780487698,-0.9999999999999781,-0.049261083743842304,0.04392428103385492,-0.18048780487804877,-0.5937435383820111,0.2474264337904122
source_representative,plus__boltzina_vina_zero_affinity,trained_oof,0.5,chemistry,0.5,9,205,-0.019512195121951237,-4.0000000000000036,-0.04370002855511135,0.0,-0.18048780487804877,-0.5937435383820111,0.2474264337904122
source_representative,plus__boltzina_vina_zero_affinity,trained_oof,0.5,chemistry,0.5,10,205,0.0,0.0,0.0,0.0,-0.18048780487804877,-0.5937435383820111,0.2474264337904122
source_representative,plus__boltzina_vina_zero_affinity,trained_oof,1.0,chemistry,1.0,1,205,0.039024390243902474,8.000000000000007,-0.0256476683937824,0.10849850914067845,0.1073170731707317,-0.18661069623932386,0.4444444444444438
source_representative,plus__boltzina_vina_zero_affinity,trained_oof,1.0,chemistry,1.0,2,205,0.034146341463414664,7.000000000000006,-0.031102736032635452,0.09999999999999998,0.1073170731707317,-0.18661069623932386,0.4444444444444438
source_representative,plus__boltzina_vina_zero_affinity,trained_oof,1.0,chemistry,1.0,3,205,-0.024390243902439046,-5.000000000000004,-0.08450879405787962,0.034146341463414664,0.1073170731707317,-0.18661069623932386,0.4444444444444438
source_representative,plus__boltzina_vina_zero_affinity,trained_oof,1.0,chemistry,1.0,4,205,-0.019512195121951237,-4.0000000000000036,-0.07512622907254858,0.03432221898660449,0.1073170731707317,-0.18661069623932386,0.4444444444444438
source_representative,plus__boltzina_vina_zero_affinity,trained_oof,1.0,chemistry,1.0,5,205,-0.019512195121951237,-4.0000000000000036,-0.07076310024143793,0.029126213592233,0.1073170731707317,-0.18661069623932386,0.4444444444444438
source_representative,plus__boltzina_vina_zero_affinity,trained_oof,1.0,chemistry,1.0,6,205,-0.04390243902439028,-9.000000000000007,-0.09433962264150941,0.0,0.1073170731707317,-0.18661069623932386,0.4444444444444438
source_representative,plus__boltzina_vina_zero_affinity,trained_oof,1.0,chemistry,1.0,7,205,-0.0536585365853659,-11.00000000000001,-0.10862044817927176,-0.00497512437810943,0.1073170731707317,-0.18661069623932386,0.4444444444444438
source_representative,plus__boltzina_vina_zero_affinity,trained_oof,1.0,chemistry,1.0,8,205,-0.019512195121951126,-3.999999999999981,-0.06132075471698106,0.020100502512562794,0.1073170731707317,-0.18661069623932386,0.4444444444444438
source_representative,plus__boltzina_vina_zero_affinity,trained_oof,1.0,chemistry,1.0,9,205,0.0,0.0,-0.028305240096575153,0.026615782570679057,0.1073170731707317,-0.18661069623932386,0.4444444444444438
source_representative,plus__boltzina_vina_zero_affinity,trained_oof,1.0,chemistry,1.0,10,205,0.0,0.0,0.0,0.0,0.1073170731707317,-0.18661069623932386,0.4444444444444438
source_representative,calibrated__boltzina_vina_zero_binary,trained_oof,0.125,chemistry,0.125,1,205,0.014634146341463428,3.0000000000000027,-0.03884446982676567,0.0670103092783505,-0.04390243902439024,-0.43983429592959217,0.33337209302325527
source_representative,calibrated__boltzina_vina_zero_binary,trained_oof,0.125,chemistry,0.125,2,205,-0.039024390243902474,-8.000000000000007,-0.12371261610697158,0.043694648354250486,-0.04390243902439024,-0.43983429592959217,0.33337209302325527
source_representative,calibrated__boltzina_vina_zero_binary,trained_oof,0.125,chemistry,0.125,3,205,0.009756097560975618,2.0000000000000018,-0.05670837562096044,0.07441860465116279,-0.04390243902439024,-0.43983429592959217,0.33337209302325527
source_representative,calibrated__boltzina_vina_zero_binary,trained_oof,0.125,chemistry,0.125,4,205,-0.034146341463414664,-7.000000000000006,-0.09678202317569687,0.03046073759453016,-0.04390243902439024,-0.43983429592959217,0.33337209302325527
source_representative,calibrated__boltzina_vina_zero_binary,trained_oof,0.125,chemistry,0.125,5,205,0.034146341463414664,7.000000000000006,-0.03902439024390236,0.11386459241779098,-0.04390243902439024,-0.43983429592959217,0.33337209302325527
source_representative,calibrated__boltzina_vina_zero_binary,trained_oof,0.125,chemistry,0.125,6,205,0.04390243902439017,8.999999999999986,-0.025516778876499134,0.12371379479626901,-0.04390243902439024,-0.43983429592959217,0.33337209302325527
source_representative,calibrated__boltzina_vina_zero_binary,trained_oof,0.125,chemistry,0.125,7,205,0.004878048780487809,1.0000000000000009,-0.05853713469567133,0.0725578493340205,-0.04390243902439024,-0.43983429592959217,0.33337209302325527
source_representative,calibrated__boltzina_vina_zero_binary,trained_oof,0.125,chemistry,0.125,8,205,0.004878048780487809,1.0000000000000009,-0.04081632653061229,0.052138284409816195,-0.04390243902439024,-0.43983429592959217,0.33337209302325527
source_representative,calibrated__boltzina_vina_zero_binary,trained_oof,0.125,chemistry,0.125,9,205,0.004878048780487809,1.0000000000000009,-0.028574846206425163,0.03738317757009346,-0.04390243902439024,-0.43983429592959217,0.33337209302325527
source_representative,calibrated__boltzina_vina_zero_binary,trained_oof,0.125,chemistry,0.125,10,205,0.0,0.0,0.0,0.0,-0.04390243902439024,-0.43983429592959217,0.33337209302325527
source_representative,calibrated__boltzina_vina_zero_binary,trained_oof,0.25,chemistry,0.25,1,205,0.03414634146341464,7.000000000000001,-0.033175355450236976,0.10378341194968546,-0.00975609756097561,-0.4068597389761215,0.3960875934532229
source_representative,calibrated__boltzina_vina_zero_binary,trained_oof,0.25,chemistry,0.25,2,205,-0.019512195121951237,-4.0000000000000036,-0.1089108910891089,0.06251516990291253,-0.00975609756097561,-0.4068597389761215,0.3960875934532229
source_representative,calibrated__boltzina_vina_zero_binary,trained_oof,0.25,chemistry,0.25,3,205,-0.014634146341463428,-3.0000000000000027,-0.09723069105691066,0.06732183257918542,-0.00975609756097561,-0.4068597389761215,0.3960875934532229
source_representative,calibrated__boltzina_vina_zero_binary,trained_oof,0.25,chemistry,0.25,4,205,0.014634146341463428,3.0000000000000027,-0.058252427184465994,0.09135718599033811,-0.00975609756097561,-0.4068597389761215,0.3960875934532229
source_representative,calibrated__boltzina_vina_zero_binary,trained_oof,0.25,chemistry,0.25,5,205,0.004878048780487809,1.0000000000000009,-0.05999999999999994,0.07694063926940635,-0.00975609756097561,-0.4068597389761215,0.3960875934532229
source_representative,calibrated__boltzina_vina_zero_binary,trained_oof,0.25,chemistry,0.25,6,205,0.024390243902438935,4.999999999999981,-0.04035987679485438,0.09375,-0.00975609756097561,-0.4068597389761215,0.3960875934532229
source_representative,calibrated__boltzina_vina_zero_binary,trained_oof,0.25,chemistry,0.25,7,205,-0.019512195121951237,-4.0000000000000036,-0.08122131008184978,0.044334975369458185,-0.00975609756097561,-0.4068597389761215,0.3960875934532229
source_representative,calibrated__boltzina_vina_zero_binary,trained_oof,0.25,chemistry,0.25,8,205,-0.019512195121951237,-4.0000000000000036,-0.0714285714285714,0.0351893395549173,-0.00975609756097561,-0.4068597389761215,0.3960875934532229
source_representative,calibrated__boltzina_vina_zero_binary,trained_oof,0.25,chemistry,0.25,9,205,0.004878048780487809,1.0000000000000009,-0.03703703703703698,0.04040404040404044,-0.00975609756097561,-0.4068597389761215,0.3960875934532229
source_representative,calibrated__boltzina_vina_zero_binary,trained_oof,0.25,chemistry,0.25,10,205,0.0,0.0,0.0,0.0,-0.00975609756097561,-0.4068597389761215,0.3960875934532229
source_representative,calibrated__boltzina_vina_zero_binary,trained_oof,0.5,chemistry,0.5,1,205,-0.07804878048780484,-15.999999999999991,-0.16506740781729462,0.004975124378109486,0.14146341463414633,-0.32699186991869944,0.590697674418605
source_representative,calibrated__boltzina_vina_zero_binary,trained_oof,0.5,chemistry,0.5,2,205,-0.06829268292682933,-14.000000000000012,-0.15841584158415845,0.019326016603348775,0.14146341463414633,-0.32699186991869944,0.590697674418605
source_representative,calibrated__boltzina_vina_zero_binary,trained_oof,0.5,chemistry,0.5,3,205,-0.024390243902439046,-5.000000000000004,-0.10501319095477385,0.05912061649514694,0.14146341463414633,-0.32699186991869944,0.590697674418605
source_representative,calibrated__boltzina_vina_zero_binary,trained_oof,0.5,chemistry,0.5,4,205,-0.004878048780487809,-1.0000000000000009,-0.08416556655665564,0.07883327194880524,0.14146341463414633,-0.32699186991869944,0.590697674418605
source_representative,calibrated__boltzina_vina_zero_binary,trained_oof,0.5,chemistry,0.5,5,205,0.014634146341463428,3.0000000000000027,-0.05474709784411274,0.09223487677371167,0.14146341463414633,-0.32699186991869944,0.590697674418605
source_representative,calibrated__boltzina_vina_zero_binary,trained_oof,0.5,chemistry,0.5,6,205,0.0,0.0,-0.06250754830917875,0.06501641414141411,0.14146341463414633,-0.32699186991869944,0.590697674418605
source_representative,calibrated__boltzina_vina_zero_binary,trained_oof,0.5,chemistry,0.5,7,205,0.019512195121951237,4.0000000000000036,-0.028305240096575153,0.07110766800340257,0.14146341463414633,-0.32699186991869944,0.590697674418605
source_representative,calibrated__boltzina_vina_zero_binary,trained_oof,0.5,chemistry,0.5,8,205,0.009756097560975618,2.0000000000000018,-0.03738317757009346,0.05912061649514705,0.14146341463414633,-0.32699186991869944,0.590697674418605
source_representative,calibrated__boltzina_vina_zero_binary,trained_oof,0.5,chemistry,0.5,9,205,-0.009756097560975618,-2.0000000000000018,-0.037735849056603765,0.014778325123152691,0.14146341463414633,-0.32699186991869944,0.590697674418605
source_representative,calibrated__boltzina_vina_zero_binary,trained_oof,0.5,chemistry,0.5,10,205,0.0,0.0,0.0,0.0,0.14146341463414633,-0.32699186991869944,0.590697674418605
source_representative,calibrated__boltzina_vina_zero_binary,trained_oof,1.0,chemistry,1.0,1,205,-0.10243902439024388,-20.999999999999996,-0.17476334951456307,-0.030143253581339537,0.45365853658536587,0.0989269979629543,0.8116245448704218
source_representative,calibrated__boltzina_vina_zero_binary,trained_oof,1.0,chemistry,1.0,2,205,-0.1365853658536585,-27.99999999999999,-0.2200023923444976,-0.0536585365853659,0.45365853658536587,0.0989269979629543,0.8116245448704218
source_representative,calibrated__boltzina_vina_zero_binary,trained_oof,1.0,chemistry,1.0,3,205,-0.09268292682926826,-18.999999999999993,-0.16176820728291325,-0.024271844660194164,0.45365853658536587,0.0989269979629543,0.8116245448704218
source_representative,calibrated__boltzina_vina_zero_binary,trained_oof,1.0,chemistry,1.0,4,205,-0.07804878048780495,-16.000000000000014,-0.147374686716792,-0.009204902576996214,0.45365853658536587,0.0989269979629543,0.8116245448704218
source_representative,calibrated__boltzina_vina_zero_binary,trained_oof,1.0,chemistry,1.0,5,205,-0.024390243902439046,-5.000000000000004,-0.08955223880597019,0.040452140452140226,0.45365853658536587,0.0989269979629543,0.8116245448704218
source_representative,calibrated__boltzina_vina_zero_binary,trained_oof,1.0,chemistry,1.0,6,205,-0.004878048780487809,-1.0000000000000009,-0.06030150753768848,0.05181530452634672,0.45365853658536587,0.0989269979629543,0.8116245448704218
source_representative,calibrated__boltzina_vina_zero_binary,trained_oof,1.0,chemistry,1.0,7,205,-0.004878048780487809,-1.0000000000000009,-0.050005707762557014,0.0423361919807417,0.45365853658536587,0.0989269979629543,0.8116245448704218
source_representative,calibrated__boltzina_vina_zero_binary,trained_oof,1.0,chemistry,1.0,8,205,-0.004878048780487809,-1.0000000000000009,-0.046511627906976716,0.03571886446886443,0.45365853658536587,0.0989269979629543,0.8116245448704218
source_representative,calibrated__boltzina_vina_zero_binary,trained_oof,1.0,chemistry,1.0,9,205,-0.004878048780487809,-1.0000000000000009,-0.03669724770642202,0.025383947995441778,0.45365853658536587,0.0989269979629543,0.8116245448704218
source_representative,calibrated__boltzina_vina_zero_binary,trained_oof,1.0,chemistry,1.0,10,205,0.0,0.0,0.0,0.0,0.45365853658536587,0.0989269979629543,0.8116245448704218
source_representative,availability__boltzina_vina_zero_binary,trained_oof,0.125,chemistry,0.125,1,205,0.0,0.0,0.0,0.0,-0.014634146341463415,-0.033496848546191574,0.0
source_representative,availability__boltzina_vina_zero_binary,trained_oof,0.125,chemistry,0.125,2,205,0.0,0.0,0.0,0.0,-0.014634146341463415,-0.033496848546191574,0.0
source_representative,availability__boltzina_vina_zero_binary,trained_oof,0.125,chemistry,0.125,3,205,0.0,0.0,0.0,0.0,-0.014634146341463415,-0.033496848546191574,0.0
source_representative,availability__boltzina_vina_zero_binary,trained_oof,0.125,chemistry,0.125,4,205,0.0,0.0,0.0,0.0,-0.014634146341463415,-0.033496848546191574,0.0
source_representative,availability__boltzina_vina_zero_binary,trained_oof,0.125,chemistry,0.125,5,205,0.009756097560975618,2.0000000000000018,0.0,0.025000000000000022,-0.014634146341463415,-0.033496848546191574,0.0
source_representative,availability__boltzina_vina_zero_binary,trained_oof,0.125,chemistry,0.125,6,205,0.0,0.0,0.0,0.0,-0.014634146341463415,-0.033496848546191574,0.0
source_representative,availability__boltzina_vina_zero_binary,trained_oof,0.125,chemistry,0.125,7,205,0.0,0.0,0.0,0.0,-0.014634146341463415,-0.033496848546191574,0.0
source_representative,availability__boltzina_vina_zero_binary,trained_oof,0.125,chemistry,0.125,8,205,0.0,0.0,0.0,0.0,-0.014634146341463415,-0.033496848546191574,0.0
source_representative,availability__boltzina_vina_zero_binary,trained_oof,0.125,chemistry,0.125,9,205,0.004878048780487809,1.0000000000000009,0.0,0.015075376884422065,-0.014634146341463415,-0.033496848546191574,0.0
source_representative,availability__boltzina_vina_zero_binary,trained_oof,0.125,chemistry,0.125,10,205,0.0,0.0,0.0,0.0,-0.014634146341463415,-0.033496848546191574,0.0
source_representative,availability__boltzina_vina_zero_binary,trained_oof,0.25,chemistry,0.25,1,205,0.0,0.0,0.0,0.0,0.004878048780487805,-0.01523036879726547,0.026055518617020615
source_representative,availability__boltzina_vina_zero_binary,trained_oof,0.25,chemistry,0.25,2,205,0.004878048780487809,1.0000000000000009,0.0,0.015546065414507761,0.004878048780487805,-0.01523036879726547,0.026055518617020615
source_representative,availability__boltzina_vina_zero_binary,trained_oof,0.25,chemistry,0.25,3,205,0.004878048780487698,0.9999999999999781,0.0,0.015463917525773141,0.004878048780487805,-0.01523036879726547,0.026055518617020615
source_representative,availability__boltzina_vina_zero_binary,trained_oof,0.25,chemistry,0.25,4,205,0.0,0.0,0.0,0.0,0.004878048780487805,-0.01523036879726547,0.026055518617020615
source_representative,availability__boltzina_vina_zero_binary,trained_oof,0.25,chemistry,0.25,5,205,-0.004878048780487809,-1.0000000000000009,-0.015544041450777257,0.0,0.004878048780487805,-0.01523036879726547,0.026055518617020615
source_representative,availability__boltzina_vina_zero_binary,trained_oof,0.25,chemistry,0.25,6,205,0.0,0.0,0.0,0.0,0.004878048780487805,-0.01523036879726547,0.026055518617020615
source_representative,availability__boltzina_vina_zero_binary,trained_oof,0.25,chemistry,0.25,7,205,-0.004878048780487809,-1.0000000000000009,-0.015463917525773252,0.0,0.004878048780487805,-0.01523036879726547,0.026055518617020615
source_representative,availability__boltzina_vina_zero_binary,trained_oof,0.25,chemistry,0.25,8,205,-0.004878048780487809,-1.0000000000000009,-0.015075376884422065,0.0,0.004878048780487805,-0.01523036879726547,0.026055518617020615
source_representative,availability__boltzina_vina_zero_binary,trained_oof,0.25,chemistry,0.25,9,205,0.0,0.0,0.0,0.0,0.004878048780487805,-0.01523036879726547,0.026055518617020615
source_representative,availability__boltzina_vina_zero_binary,trained_oof,0.25,chemistry,0.25,10,205,0.0,0.0,0.0,0.0,0.004878048780487805,-0.01523036879726547,0.026055518617020615
source_representative,availability__boltzina_vina_zero_binary,trained_oof,0.5,chemistry,0.5,1,205,0.0,0.0,0.0,0.0,0.004878048780487805,-0.01507728034110003,0.025000000000000355
source_representative,availability__boltzina_vina_zero_binary,trained_oof,0.5,chemistry,0.5,2,205,-0.004878048780487809,-1.0000000000000009,-0.014634146341463428,0.0,0.004878048780487805,-0.01507728034110003,0.025000000000000355
source_representative,availability__boltzina_vina_zero_binary,trained_oof,0.5,chemistry,0.5,3,205,0.004878048780487809,1.0000000000000009,0.0,0.015386597938144373,0.004878048780487805,-0.01507728034110003,0.025000000000000355
source_representative,availability__boltzina_vina_zero_binary,trained_oof,0.5,chemistry,0.5,4,205,0.004878048780487809,1.0000000000000009,0.0,0.015306122448979553,0.004878048780487805,-0.01507728034110003,0.025000000000000355
source_representative,availability__boltzina_vina_zero_binary,trained_oof,0.5,chemistry,0.5,5,205,-0.004878048780487809,-1.0000000000000009,-0.015544041450777146,0.0,0.004878048780487805,-0.01507728034110003,0.025000000000000355
source_representative,availability__boltzina_vina_zero_binary,trained_oof,0.5,chemistry,0.5,6,205,-0.004878048780487809,-1.0000000000000009,-0.015544041450777257,0.0,0.004878048780487805,-0.01507728034110003,0.025000000000000355
source_representative,availability__boltzina_vina_zero_binary,trained_oof,0.5,chemistry,0.5,7,205,0.0,0.0,0.0,0.0,0.004878048780487805,-0.01507728034110003,0.025000000000000355
source_representative,availability__boltzina_vina_zero_binary,trained_oof,0.5,chemistry,0.5,8,205,0.0,0.0,0.0,0.0,0.004878048780487805,-0.01507728034110003,0.025000000000000355
source_representative,availability__boltzina_vina_zero_binary,trained_oof,0.5,chemistry,0.5,9,205,0.0,0.0,0.0,0.0,0.004878048780487805,-0.01507728034110003,0.025000000000000355
source_representative,availability__boltzina_vina_zero_binary,trained_oof,0.5,chemistry,0.5,10,205,0.0,0.0,0.0,0.0,0.004878048780487805,-0.01507728034110003,0.025000000000000355
source_representative,availability__boltzina_vina_zero_binary,trained_oof,1.0,chemistry,1.0,1,205,0.0,0.0,0.0,0.0,0.004878048780487805,-0.010583417764268521,0.02253023571516717
source_representative,availability__boltzina_vina_zero_binary,trained_oof,1.0,chemistry,1.0,2,205,0.0,0.0,0.0,0.0,0.004878048780487805,-0.010583417764268521,0.02253023571516717
source_representative,availability__boltzina_vina_zero_binary,trained_oof,1.0,chemistry,1.0,3,205,0.0,0.0,0.0,0.0,0.004878048780487805,-0.010583417764268521,0.02253023571516717
source_representative,availability__boltzina_vina_zero_binary,trained_oof,1.0,chemistry,1.0,4,205,0.0,0.0,0.0,0.0,0.004878048780487805,-0.010583417764268521,0.02253023571516717
source_representative,availability__boltzina_vina_zero_binary,trained_oof,1.0,chemistry,1.0,5,205,-0.004878048780487809,-1.0000000000000009,-0.015463917525773141,0.0,0.004878048780487805,-0.010583417764268521,0.02253023571516717
source_representative,availability__boltzina_vina_zero_binary,trained_oof,1.0,chemistry,1.0,6,205,-0.004878048780487809,-1.0000000000000009,-0.014634146341463428,0.0,0.004878048780487805,-0.010583417764268521,0.02253023571516717
source_representative,availability__boltzina_vina_zero_binary,trained_oof,1.0,chemistry,1.0,7,205,0.0,0.0,0.0,0.0,0.004878048780487805,-0.010583417764268521,0.02253023571516717
source_representative,availability__boltzina_vina_zero_binary,trained_oof,1.0,chemistry,1.0,8,205,0.0,0.0,0.0,0.0,0.004878048780487805,-0.010583417764268521,0.02253023571516717
source_representative,availability__boltzina_vina_zero_binary,trained_oof,1.0,chemistry,1.0,9,205,0.004878048780487809,1.0000000000000009,0.0,0.015706806282722474,0.004878048780487805,-0.010583417764268521,0.02253023571516717
source_representative,availability__boltzina_vina_zero_binary,trained_oof,1.0,chemistry,1.0,10,205,0.0,0.0,0.0,0.0,0.004878048780487805,-0.010583417764268521,0.02253023571516717
source_representative,plus__boltzina_vina_zero_binary,trained_oof,0.125,chemistry,0.125,1,205,0.05853658536585368,12.000000000000005,0.0,0.12121579876434244,-0.16097560975609757,-0.5678776658411682,0.2010541569232306
source_representative,plus__boltzina_vina_zero_binary,trained_oof,0.125,chemistry,0.125,2,205,0.02439024390243899,4.999999999999993,-0.04245786014486278,0.09303412301673537,-0.16097560975609757,-0.5678776658411682,0.2010541569232306
source_representative,plus__boltzina_vina_zero_binary,trained_oof,0.125,chemistry,0.125,3,205,0.04878048780487809,10.000000000000009,-0.014023674536032302,0.1121951219512195,-0.16097560975609757,-0.5678776658411682,0.2010541569232306
source_representative,plus__boltzina_vina_zero_binary,trained_oof,0.125,chemistry,0.125,4,205,0.009756097560975618,2.0000000000000018,-0.05700223985319514,0.08248660694188086,-0.16097560975609757,-0.5678776658411682,0.2010541569232306
source_representative,plus__boltzina_vina_zero_binary,trained_oof,0.125,chemistry,0.125,5,205,0.004878048780487809,1.0000000000000009,-0.06437543172921938,0.07556240126382308,-0.16097560975609757,-0.5678776658411682,0.2010541569232306
source_representative,plus__boltzina_vina_zero_binary,trained_oof,0.125,chemistry,0.125,6,205,-0.009756097560975618,-2.0000000000000018,-0.07499999999999996,0.061047326613710616,-0.16097560975609757,-0.5678776658411682,0.2010541569232306
source_representative,plus__boltzina_vina_zero_binary,trained_oof,0.125,chemistry,0.125,7,205,0.004878048780487809,1.0000000000000009,-0.05445544554455439,0.07177896117040854,-0.16097560975609757,-0.5678776658411682,0.2010541569232306
source_representative,plus__boltzina_vina_zero_binary,trained_oof,0.125,chemistry,0.125,8,205,0.009756097560975618,2.0000000000000018,-0.034146341463414664,0.05238721804511267,-0.16097560975609757,-0.5678776658411682,0.2010541569232306
source_representative,plus__boltzina_vina_zero_binary,trained_oof,0.125,chemistry,0.125,9,205,0.009756097560975618,2.0000000000000018,-0.020413423101199264,0.04124245499706217,-0.16097560975609757,-0.5678776658411682,0.2010541569232306
source_representative,plus__boltzina_vina_zero_binary,trained_oof,0.125,chemistry,0.125,10,205,0.0,0.0,0.0,0.0,-0.16097560975609757,-0.5678776658411682,0.2010541569232306
source_representative,plus__boltzina_vina_zero_binary,trained_oof,0.25,chemistry,0.25,1,205,0.07317073170731705,14.999999999999996,0.01004899497487436,0.1368457101658255,-0.25365853658536586,-0.5645976398839784,0.05825953113900065
source_representative,plus__boltzina_vina_zero_binary,trained_oof,0.25,chemistry,0.25,2,205,0.07804878048780489,16.000000000000004,0.004901960784313762,0.15271107006020795,-0.25365853658536586,-0.5645976398839784,0.05825953113900065
source_representative,plus__boltzina_vina_zero_binary,trained_oof,0.25,chemistry,0.25,3,205,0.06341463414634141,12.99999999999999,-0.004854368932038833,0.13433802490139962,-0.25365853658536586,-0.5645976398839784,0.05825953113900065
source_representative,plus__boltzina_vina_zero_binary,trained_oof,0.25,chemistry,0.25,4,205,0.04390243902439017,8.999999999999986,-0.0195219026817134,0.10785641842944073,-0.25365853658536586,-0.5645976398839784,0.05825953113900065
source_representative,plus__boltzina_vina_zero_binary,trained_oof,0.25,chemistry,0.25,5,205,-0.014634146341463428,-3.0000000000000027,-0.06829589216944797,0.040000000000000036,-0.25365853658536586,-0.5645976398839784,0.05825953113900065
source_representative,plus__boltzina_vina_zero_binary,trained_oof,0.25,chemistry,0.25,6,205,0.014634146341463317,2.99999999999998,-0.03980597014925377,0.06966278420979201,-0.25365853658536586,-0.5645976398839784,0.05825953113900065
source_representative,plus__boltzina_vina_zero_binary,trained_oof,0.25,chemistry,0.25,7,205,-0.034146341463414664,-7.000000000000006,-0.08457711442786064,0.01538461538461533,-0.25365853658536586,-0.5645976398839784,0.05825953113900065
source_representative,plus__boltzina_vina_zero_binary,trained_oof,0.25,chemistry,0.25,8,205,0.0,0.0,-0.039999999999999925,0.04055442428730095,-0.25365853658536586,-0.5645976398839784,0.05825953113900065
source_representative,plus__boltzina_vina_zero_binary,trained_oof,0.25,chemistry,0.25,9,205,0.029268292682926855,6.000000000000005,0.004784688995215336,0.05729478169856454,-0.25365853658536586,-0.5645976398839784,0.05825953113900065
source_representative,plus__boltzina_vina_zero_binary,trained_oof,0.25,chemistry,0.25,10,205,0.0,0.0,0.0,0.0,-0.25365853658536586,-0.5645976398839784,0.05825953113900065
source_representative,plus__boltzina_vina_zero_binary,trained_oof,0.5,chemistry,0.5,1,205,0.04390243902439028,9.000000000000007,-0.034317951318458405,0.1233583765865573,-0.3073170731707317,-0.6873426310624883,0.05169357609068942
source_representative,plus__boltzina_vina_zero_binary,trained_oof,0.5,chemistry,0.5,2,205,0.024390243902438935,4.999999999999981,-0.04347826086956519,0.09133578188074905,-0.3073170731707317,-0.6873426310624883,0.05169357609068942
source_representative,plus__boltzina_vina_zero_binary,trained_oof,0.5,chemistry,0.5,3,205,0.039024390243902474,8.000000000000007,-0.032710280373831835,0.11274509803921562,-0.3073170731707317,-0.6873426310624883,0.05169357609068942
source_representative,plus__boltzina_vina_zero_binary,trained_oof,0.5,chemistry,0.5,4,205,0.05853658536585371,12.00000000000001,-0.009951492537313497,0.13432835820895517,-0.3073170731707317,-0.6873426310624883,0.05169357609068942
source_representative,plus__boltzina_vina_zero_binary,trained_oof,0.5,chemistry,0.5,5,205,0.0585365853658536,11.999999999999988,0.0,0.125,-0.3073170731707317,-0.6873426310624883,0.05169357609068942
source_representative,plus__boltzina_vina_zero_binary,trained_oof,0.5,chemistry,0.5,6,205,0.024390243902439046,5.000000000000004,-0.029268292682926855,0.08040201005025127,-0.3073170731707317,-0.6873426310624883,0.05169357609068942
source_representative,plus__boltzina_vina_zero_binary,trained_oof,0.5,chemistry,0.5,7,205,0.029268292682926855,6.000000000000005,-0.015000000000000013,0.08000471698113212,-0.3073170731707317,-0.6873426310624883,0.05169357609068942
source_representative,plus__boltzina_vina_zero_binary,trained_oof,0.5,chemistry,0.5,8,205,0.029268292682926855,6.000000000000005,-0.009806348281886978,0.07582938388625593,-0.3073170731707317,-0.6873426310624883,0.05169357609068942
source_representative,plus__boltzina_vina_zero_binary,trained_oof,0.5,chemistry,0.5,9,205,0.0,0.0,-0.01941747572815533,0.019512195121951237,-0.3073170731707317,-0.6873426310624883,0.05169357609068942
source_representative,plus__boltzina_vina_zero_binary,trained_oof,0.5,chemistry,0.5,10,205,0.0,0.0,0.0,0.0,-0.3073170731707317,-0.6873426310624883,0.05169357609068942
source_representative,plus__boltzina_vina_zero_binary,trained_oof,1.0,chemistry,1.0,1,205,0.014634146341463428,3.0000000000000027,-0.042108969607116346,0.07110705458173641,-0.004878048780487805,-0.2590673575129534,0.2634643393827303
source_representative,plus__boltzina_vina_zero_binary,trained_oof,1.0,chemistry,1.0,2,205,0.024390243902439046,5.000000000000004,-0.04002040816326534,0.08558880308880308,-0.004878048780487805,-0.2590673575129534,0.2634643393827303
source_representative,plus__boltzina_vina_zero_binary,trained_oof,1.0,chemistry,1.0,3,205,-0.024390243902439046,-5.000000000000004,-0.07730406641339525,0.029268292682926855,-0.004878048780487805,-0.2590673575129534,0.2634643393827303
source_representative,plus__boltzina_vina_zero_binary,trained_oof,1.0,chemistry,1.0,4,205,-0.009756097560975618,-2.0000000000000018,-0.06635860979462876,0.04688733552631572,-0.004878048780487805,-0.2590673575129534,0.2634643393827303
source_representative,plus__boltzina_vina_zero_binary,trained_oof,1.0,chemistry,1.0,5,205,0.0,0.0,-0.05025644276428022,0.04975124378109452,-0.004878048780487805,-0.2590673575129534,0.2634643393827303
source_representative,plus__boltzina_vina_zero_binary,trained_oof,1.0,chemistry,1.0,6,205,-0.004878048780487809,-1.0000000000000009,-0.04975124378109452,0.04166666666666663,-0.004878048780487805,-0.2590673575129534,0.2634643393827303
source_representative,plus__boltzina_vina_zero_binary,trained_oof,1.0,chemistry,1.0,7,205,-0.004878048780487809,-1.0000000000000009,-0.04109942098573642,0.030007575757575632,-0.004878048780487805,-0.2590673575129534,0.2634643393827303
source_representative,plus__boltzina_vina_zero_binary,trained_oof,1.0,chemistry,1.0,8,205,0.004878048780487809,1.0000000000000009,-0.029268292682926744,0.039215686274509776,-0.004878048780487805,-0.2590673575129534,0.2634643393827303
source_representative,plus__boltzina_vina_zero_binary,trained_oof,1.0,chemistry,1.0,9,205,0.004878048780487809,1.0000000000000009,-0.020413423101199264,0.03076923076923077,-0.004878048780487805,-0.2590673575129534,0.2634643393827303
source_representative,plus__boltzina_vina_zero_binary,trained_oof,1.0,chemistry,1.0,10,205,0.0,0.0,0.0,0.0,-0.004878048780487805,-0.2590673575129534,0.2634643393827303
source_representative,calibrated__gnina,trained_oof,0.125,chemistry,0.125,1,205,0.014634146341463428,3.0000000000000027,-0.059413329392640754,0.08334302325581391,0.15121951219512195,-0.23317737736189512,0.5340149063450035
source_representative,calibrated__gnina,trained_oof,0.125,chemistry,0.125,2,205,-0.029268292682926855,-6.000000000000005,-0.10784313725490191,0.04903789874158608,0.15121951219512195,-0.23317737736189512,0.5340149063450035
source_representative,calibrated__gnina,trained_oof,0.125,chemistry,0.125,3,205,-0.03902439024390236,-7.999999999999984,-0.11225740296118449,0.031588560442201326,0.15121951219512195,-0.23317737736189512,0.5340149063450035
source_representative,calibrated__gnina,trained_oof,0.125,chemistry,0.125,4,205,-0.019512195121951237,-4.0000000000000036,-0.08205128205128198,0.045237609366630016,0.15121951219512195,-0.23317737736189512,0.5340149063450035
source_representative,calibrated__gnina,trained_oof,0.125,chemistry,0.125,5,205,0.009756097560975618,2.0000000000000018,-0.06000753768844226,0.08696209587513938,0.15121951219512195,-0.23317737736189512,0.5340149063450035
source_representative,calibrated__gnina,trained_oof,0.125,chemistry,0.125,6,205,-0.034146341463414664,-7.000000000000006,-0.09616228070175438,0.031262400793650724,0.15121951219512195,-0.23317737736189512,0.5340149063450035
source_representative,calibrated__gnina,trained_oof,0.125,chemistry,0.125,7,205,-0.029268292682926855,-6.000000000000005,-0.0873786407766991,0.037045690550363455,0.15121951219512195,-0.23317737736189512,0.5340149063450035
source_representative,calibrated__gnina,trained_oof,0.125,chemistry,0.125,8,205,-0.034146341463414664,-7.000000000000006,-0.08613965921296748,0.02020717377860234,0.15121951219512195,-0.23317737736189512,0.5340149063450035
source_representative,calibrated__gnina,trained_oof,0.125,chemistry,0.125,9,205,0.009756097560975618,2.0000000000000018,-0.015873015873015928,0.038277511961722466,0.15121951219512195,-0.23317737736189512,0.5340149063450035
source_representative,calibrated__gnina,trained_oof,0.125,chemistry,0.125,10,205,0.0,0.0,0.0,0.0,0.15121951219512195,-0.23317737736189512,0.5340149063450035
source_representative,calibrated__gnina,trained_oof,0.25,chemistry,0.25,1,205,-0.03414634146341464,-7.000000000000001,-0.09955882352941177,0.03077720207253879,0.28292682926829266,-0.12371379479626861,0.7190861344537814
source_representative,calibrated__gnina,trained_oof,0.25,chemistry,0.25,2,205,-0.0829268292682927,-17.000000000000004,-0.1596432367791656,-0.009250271079672127,0.28292682926829266,-0.12371379479626861,0.7190861344537814
source_representative,calibrated__gnina,trained_oof,0.25,chemistry,0.25,3,205,-0.024390243902439046,-5.000000000000004,-0.11267778238055792,0.06091370558375642,0.28292682926829266,-0.12371379479626861,0.7190861344537814
source_representative,calibrated__gnina,trained_oof,0.25,chemistry,0.25,4,205,-0.024390243902439046,-5.000000000000004,-0.0977866043613708,0.054057382505658357,0.28292682926829266,-0.12371379479626861,0.7190861344537814
source_representative,calibrated__gnina,trained_oof,0.25,chemistry,0.25,5,205,-0.024390243902439046,-5.000000000000004,-0.09478672985781988,0.050511459775419126,0.28292682926829266,-0.12371379479626861,0.7190861344537814
source_representative,calibrated__gnina,trained_oof,0.25,chemistry,0.25,6,205,-0.024390243902439046,-5.000000000000004,-0.09616545893719806,0.04500565326633156,0.28292682926829266,-0.12371379479626861,0.7190861344537814
source_representative,calibrated__gnina,trained_oof,0.25,chemistry,0.25,7,205,-0.024390243902439046,-5.000000000000004,-0.08955399887355678,0.03828675773755869,0.28292682926829266,-0.12371379479626861,0.7190861344537814
source_representative,calibrated__gnina,trained_oof,0.25,chemistry,0.25,8,205,-0.029268292682926855,-6.000000000000005,-0.09049739073711678,0.03093184124779657,0.28292682926829266,-0.12371379479626861,0.7190861344537814
source_representative,calibrated__gnina,trained_oof,0.25,chemistry,0.25,9,205,-0.014634146341463428,-3.0000000000000027,-0.05633983387504507,0.02083881578947358,0.28292682926829266,-0.12371379479626861,0.7190861344537814
source_representative,calibrated__gnina,trained_oof,0.25,chemistry,0.25,10,205,0.0,0.0,0.0,0.0,0.28292682926829266,-0.12371379479626861,0.7190861344537814
source_representative,calibrated__gnina,trained_oof,0.5,chemistry,0.5,1,205,-0.14146341463414633,-28.999999999999996,-0.21698589670287788,-0.061665177458232925,0.6878048780487804,0.2625990675990679,1.123824333561176
source_representative,calibrated__gnina,trained_oof,0.5,chemistry,0.5,2,205,-0.1609756097560976,-33.00000000000001,-0.24870532074379953,-0.07650413939160587,0.6878048780487804,0.2625990675990679,1.123824333561176
source_representative,calibrated__gnina,trained_oof,0.5,chemistry,0.5,3,205,-0.1121951219512195,-22.999999999999996,-0.18692335595100928,-0.03570526695526699,0.6878048780487804,0.2625990675990679,1.123824333561176
source_representative,calibrated__gnina,trained_oof,0.5,chemistry,0.5,4,205,-0.019512195121951126,-3.999999999999981,-0.09050802139037434,0.054187192118226646,0.6878048780487804,0.2625990675990679,1.123824333561176
source_representative,calibrated__gnina,trained_oof,0.5,chemistry,0.5,5,205,-0.04390243902439028,-9.000000000000007,-0.12108330793678437,0.03077319587628864,0.6878048780487804,0.2625990675990679,1.123824333561176
source_representative,calibrated__gnina,trained_oof,0.5,chemistry,0.5,6,205,-0.06341463414634141,-12.99999999999999,-0.12935323383084574,0.0,0.6878048780487804,0.2625990675990679,1.123824333561176
source_representative,calibrated__gnina,trained_oof,0.5,chemistry,0.5,7,205,-0.06341463414634152,-13.00000000000001,-0.12560386473429952,0.0,0.6878048780487804,0.2625990675990679,1.123824333561176
source_representative,calibrated__gnina,trained_oof,0.5,chemistry,0.5,8,205,-0.03902439024390236,-7.999999999999984,-0.10146158716758126,0.020836060209424103,0.6878048780487804,0.2625990675990679,1.123824333561176
source_representative,calibrated__gnina,trained_oof,0.5,chemistry,0.5,9,205,-0.04390243902439028,-9.000000000000007,-0.08252538523202989,-0.010098484848484818,0.6878048780487804,0.2625990675990679,1.123824333561176
source_representative,calibrated__gnina,trained_oof,0.5,chemistry,0.5,10,205,0.0,0.0,0.0,0.0,0.6878048780487804,0.2625990675990679,1.123824333561176
source_representative,calibrated__gnina,trained_oof,1.0,chemistry,1.0,1,205,-0.21463414634146338,-43.99999999999999,-0.3000117370892019,-0.12870605867926244,0.9804878048780488,0.5555292259083726,1.4339641628254225
source_representative,calibrated__gnina,trained_oof,1.0,chemistry,1.0,2,205,-0.2195121951219512,-44.99999999999999,-0.3130841121495327,-0.13875242787436634,0.9804878048780488,0.5555292259083726,1.4339641628254225
source_representative,calibrated__gnina,trained_oof,1.0,chemistry,1.0,3,205,-0.1707317073170731,-34.999999999999986,-0.24883373205741635,-0.09326424870466321,0.9804878048780488,0.5555292259083726,1.4339641628254225
source_representative,calibrated__gnina,trained_oof,1.0,chemistry,1.0,4,205,-0.13170731707317074,-27.0,-0.21028652238071824,-0.058529481411319056,0.9804878048780488,0.5555292259083726,1.4339641628254225
source_representative,calibrated__gnina,trained_oof,1.0,chemistry,1.0,5,205,-0.06341463414634141,-12.99999999999999,-0.13334158415841593,0.009616545893719877,0.9804878048780488,0.5555292259083726,1.4339641628254225
source_representative,calibrated__gnina,trained_oof,1.0,chemistry,1.0,6,205,-0.04878048780487809,-10.000000000000009,-0.11616455250176178,0.019326016603348886,0.9804878048780488,0.5555292259083726,1.4339641628254225
source_representative,calibrated__gnina,trained_oof,1.0,chemistry,1.0,7,205,-0.05853658536585371,-12.00000000000001,-0.12315446034599488,0.0,0.9804878048780488,0.5555292259083726,1.4339641628254225
source_representative,calibrated__gnina,trained_oof,1.0,chemistry,1.0,8,205,-0.04390243902439017,-8.999999999999986,-0.09326597582037996,0.00011682242990590318,0.9804878048780488,0.5555292259083726,1.4339641628254225
source_representative,calibrated__gnina,trained_oof,1.0,chemistry,1.0,9,205,-0.029268292682926855,-6.000000000000005,-0.06735751295336778,0.009435080032191713,0.9804878048780488,0.5555292259083726,1.4339641628254225
source_representative,calibrated__gnina,trained_oof,1.0,chemistry,1.0,10,205,0.0,0.0,0.0,0.0,0.9804878048780488,0.5555292259083726,1.4339641628254225
source_representative,availability__gnina,trained_oof,0.125,chemistry,0.125,1,205,0.0,0.0,0.0,0.0,-0.00975609756097561,-0.025252525252525082,0.0
source_representative,availability__gnina,trained_oof,0.125,chemistry,0.125,2,205,0.0,0.0,0.0,0.0,-0.00975609756097561,-0.025252525252525082,0.0
source_representative,availability__gnina,trained_oof,0.125,chemistry,0.125,3,205,0.0,0.0,0.0,0.0,-0.00975609756097561,-0.025252525252525082,0.0
source_representative,availability__gnina,trained_oof,0.125,chemistry,0.125,4,205,0.0,0.0,0.0,0.0,-0.00975609756097561,-0.025252525252525082,0.0
source_representative,availability__gnina,trained_oof,0.125,chemistry,0.125,5,205,0.004878048780487809,1.0000000000000009,0.0,0.015463917525773252,-0.00975609756097561,-0.025252525252525082,0.0
source_representative,availability__gnina,trained_oof,0.125,chemistry,0.125,6,205,0.0,0.0,0.0,0.0,-0.00975609756097561,-0.025252525252525082,0.0
source_representative,availability__gnina,trained_oof,0.125,chemistry,0.125,7,205,0.0,0.0,0.0,0.0,-0.00975609756097561,-0.025252525252525082,0.0
source_representative,availability__gnina,trained_oof,0.125,chemistry,0.125,8,205,0.0,0.0,0.0,0.0,-0.00975609756097561,-0.025252525252525082,0.0
source_representative,availability__gnina,trained_oof,0.125,chemistry,0.125,9,205,0.004878048780487809,1.0000000000000009,0.0,0.015075376884422065,-0.00975609756097561,-0.025252525252525082,0.0
source_representative,availability__gnina,trained_oof,0.125,chemistry,0.125,10,205,0.0,0.0,0.0,0.0,-0.00975609756097561,-0.025252525252525082,0.0
source_representative,availability__gnina,trained_oof,0.25,chemistry,0.25,1,205,0.0,0.0,0.0,0.0,0.00975609756097561,-0.014925373134327758,0.03827751196172182
source_representative,availability__gnina,trained_oof,0.25,chemistry,0.25,2,205,0.004878048780487809,1.0000000000000009,0.0,0.015546065414507761,0.00975609756097561,-0.014925373134327758,0.03827751196172182
source_representative,availability__gnina,trained_oof,0.25,chemistry,0.25,3,205,0.004878048780487698,0.9999999999999781,0.0,0.015463917525773141,0.00975609756097561,-0.014925373134327758,0.03827751196172182
source_representative,availability__gnina,trained_oof,0.25,chemistry,0.25,4,205,0.0,0.0,0.0,0.0,0.00975609756097561,-0.014925373134327758,0.03827751196172182
source_representative,availability__gnina,trained_oof,0.25,chemistry,0.25,5,205,-0.004878048780487809,-1.0000000000000009,-0.015544041450777257,0.0,0.00975609756097561,-0.014925373134327758,0.03827751196172182
source_representative,availability__gnina,trained_oof,0.25,chemistry,0.25,6,205,-0.004878048780487809,-1.0000000000000009,-0.014634146341463428,0.0,0.00975609756097561,-0.014925373134327758,0.03827751196172182
source_representative,availability__gnina,trained_oof,0.25,chemistry,0.25,7,205,-0.004878048780487809,-1.0000000000000009,-0.014634146341463428,0.0,0.00975609756097561,-0.014925373134327758,0.03827751196172182
source_representative,availability__gnina,trained_oof,0.25,chemistry,0.25,8,205,-0.004878048780487809,-1.0000000000000009,-0.015075376884422065,0.0,0.00975609756097561,-0.014925373134327758,0.03827751196172182
source_representative,availability__gnina,trained_oof,0.25,chemistry,0.25,9,205,0.0,0.0,0.0,0.0,0.00975609756097561,-0.014925373134327758,0.03827751196172182
source_representative,availability__gnina,trained_oof,0.25,chemistry,0.25,10,205,0.0,0.0,0.0,0.0,0.00975609756097561,-0.014925373134327758,0.03827751196172182
source_representative,availability__gnina,trained_oof,0.5,chemistry,0.5,1,205,0.0,0.0,0.0,0.0,0.00975609756097561,-0.014219702098849485,0.03398058252427205
source_representative,availability__gnina,trained_oof,0.5,chemistry,0.5,2,205,-0.004878048780487809,-1.0000000000000009,-0.014634146341463428,0.0,0.00975609756097561,-0.014219702098849485,0.03398058252427205
source_representative,availability__gnina,trained_oof,0.5,chemistry,0.5,3,205,0.004878048780487809,1.0000000000000009,0.0,0.015386597938144373,0.00975609756097561,-0.014219702098849485,0.03398058252427205
source_representative,availability__gnina,trained_oof,0.5,chemistry,0.5,4,205,0.004878048780487809,1.0000000000000009,0.0,0.015306122448979553,0.00975609756097561,-0.014219702098849485,0.03398058252427205
source_representative,availability__gnina,trained_oof,0.5,chemistry,0.5,5,205,-0.009756097560975618,-2.0000000000000018,-0.02500314070351761,0.0,0.00975609756097561,-0.014219702098849485,0.03398058252427205
source_representative,availability__gnina,trained_oof,0.5,chemistry,0.5,6,205,-0.004878048780487809,-1.0000000000000009,-0.015544041450777257,0.0,0.00975609756097561,-0.014219702098849485,0.03398058252427205
source_representative,availability__gnina,trained_oof,0.5,chemistry,0.5,7,205,0.0,0.0,0.0,0.0,0.00975609756097561,-0.014219702098849485,0.03398058252427205
source_representative,availability__gnina,trained_oof,0.5,chemistry,0.5,8,205,0.0,0.0,0.0,0.0,0.00975609756097561,-0.014219702098849485,0.03398058252427205
source_representative,availability__gnina,trained_oof,0.5,chemistry,0.5,9,205,0.0,0.0,0.0,0.0,0.00975609756097561,-0.014219702098849485,0.03398058252427205
source_representative,availability__gnina,trained_oof,0.5,chemistry,0.5,10,205,0.0,0.0,0.0,0.0,0.00975609756097561,-0.014219702098849485,0.03398058252427205
source_representative,availability__gnina,trained_oof,1.0,chemistry,1.0,1,205,0.0,0.0,0.0,0.0,0.00975609756097561,-0.010309278350515427,0.035559523809524006
source_representative,availability__gnina,trained_oof,1.0,chemistry,1.0,2,205,0.0,0.0,0.0,0.0,0.00975609756097561,-0.010309278350515427,0.035559523809524006
source_representative,availability__gnina,trained_oof,1.0,chemistry,1.0,3,205,0.0,0.0,0.0,0.0,0.00975609756097561,-0.010309278350515427,0.035559523809524006
source_representative,availability__gnina,trained_oof,1.0,chemistry,1.0,4,205,0.0,0.0,0.0,0.0,0.00975609756097561,-0.010309278350515427,0.035559523809524006
source_representative,availability__gnina,trained_oof,1.0,chemistry,1.0,5,205,-0.004878048780487809,-1.0000000000000009,-0.015463917525773141,0.0,0.00975609756097561,-0.010309278350515427,0.035559523809524006
source_representative,availability__gnina,trained_oof,1.0,chemistry,1.0,6,205,-0.009756097560975618,-2.0000000000000018,-0.02439024390243894,0.0,0.00975609756097561,-0.010309278350515427,0.035559523809524006
source_representative,availability__gnina,trained_oof,1.0,chemistry,1.0,7,205,0.0,0.0,0.0,0.0,0.00975609756097561,-0.010309278350515427,0.035559523809524006
source_representative,availability__gnina,trained_oof,1.0,chemistry,1.0,8,205,0.0,0.0,0.0,0.0,0.00975609756097561,-0.010309278350515427,0.035559523809524006
source_representative,availability__gnina,trained_oof,1.0,chemistry,1.0,9,205,0.004878048780487809,1.0000000000000009,0.0,0.015706806282722474,0.00975609756097561,-0.010309278350515427,0.035559523809524006
source_representative,availability__gnina,trained_oof,1.0,chemistry,1.0,10,205,0.0,0.0,0.0,0.0,0.00975609756097561,-0.010309278350515427,0.035559523809524006
source_representative,plus__gnina,trained_oof,0.125,chemistry,0.125,1,205,0.043902439024390255,9.000000000000002,-0.01895734597156401,0.10397332643712123,0.08292682926829269,-0.2466014350945859,0.4194807238394954
source_representative,plus__gnina,trained_oof,0.125,chemistry,0.125,2,205,-0.04878048780487804,-9.999999999999998,-0.12264150943396224,0.019804443130880256,0.08292682926829269,-0.2466014350945859,0.4194807238394954
source_representative,plus__gnina,trained_oof,0.125,chemistry,0.125,3,205,0.0,0.0,-0.06185567010309273,0.06343183239524688,0.08292682926829269,-0.2466014350945859,0.4194807238394954
source_representative,plus__gnina,trained_oof,0.125,chemistry,0.125,4,205,-0.004878048780487809,-1.0000000000000009,-0.0643725247524753,0.05940594059405946,0.08292682926829269,-0.2466014350945859,0.4194807238394954
source_representative,plus__gnina,trained_oof,0.125,chemistry,0.125,5,205,0.004878048780487809,1.0000000000000009,-0.06104732661371069,0.07177094834989575,0.08292682926829269,-0.2466014350945859,0.4194807238394954
source_representative,plus__gnina,trained_oof,0.125,chemistry,0.125,6,205,0.0,0.0,-0.061686562735386016,0.06341463414634141,0.08292682926829269,-0.2466014350945859,0.4194807238394954
source_representative,plus__gnina,trained_oof,0.125,chemistry,0.125,7,205,-0.034146341463414664,-7.000000000000006,-0.09616935483870967,0.03030303030303028,0.08292682926829269,-0.2466014350945859,0.4194807238394954
source_representative,plus__gnina,trained_oof,0.125,chemistry,0.125,8,205,-0.034146341463414664,-7.000000000000006,-0.0865594660194175,0.01990298507462687,0.08292682926829269,-0.2466014350945859,0.4194807238394954
source_representative,plus__gnina,trained_oof,0.125,chemistry,0.125,9,205,-0.009756097560975618,-2.0000000000000018,-0.04630469199769716,0.02564766839378226,0.08292682926829269,-0.2466014350945859,0.4194807238394954
source_representative,plus__gnina,trained_oof,0.125,chemistry,0.125,10,205,0.0,0.0,0.0,0.0,0.08292682926829269,-0.2466014350945859,0.4194807238394954
source_representative,plus__gnina,trained_oof,0.25,chemistry,0.25,1,205,0.043902439024390255,9.000000000000002,-0.010050251256281395,0.09953791469194309,-0.00975609756097561,-0.3110186097953884,0.2877375747814077
source_representative,plus__gnina,trained_oof,0.25,chemistry,0.25,2,205,-0.014634146341463428,-3.0000000000000027,-0.08572878897751991,0.04902564474065484,-0.00975609756097561,-0.3110186097953884,0.2877375747814077
source_representative,plus__gnina,trained_oof,0.25,chemistry,0.25,3,205,0.014634146341463317,2.99999999999998,-0.05025125628140703,0.08001005025125629,-0.00975609756097561,-0.3110186097953884,0.2877375747814077
source_representative,plus__gnina,trained_oof,0.25,chemistry,0.25,4,205,0.019512195121951237,4.0000000000000036,-0.043913252433016976,0.08333333333333337,-0.00975609756097561,-0.3110186097953884,0.2877375747814077
source_representative,plus__gnina,trained_oof,0.25,chemistry,0.25,5,205,0.004878048780487809,1.0000000000000009,-0.054462218609920746,0.06030912136439774,-0.00975609756097561,-0.3110186097953884,0.2877375747814077
source_representative,plus__gnina,trained_oof,0.25,chemistry,0.25,6,205,0.0,0.0,-0.051401869158878455,0.050524475524475414,-0.00975609756097561,-0.3110186097953884,0.2877375747814077
source_representative,plus__gnina,trained_oof,0.25,chemistry,0.25,7,205,-0.024390243902439046,-5.000000000000004,-0.0683010521281684,0.01603244428758656,-0.00975609756097561,-0.3110186097953884,0.2877375747814077
source_representative,plus__gnina,trained_oof,0.25,chemistry,0.25,8,205,-0.034146341463414664,-7.000000000000006,-0.07212409420289852,0.0,-0.00975609756097561,-0.3110186097953884,0.2877375747814077
source_representative,plus__gnina,trained_oof,0.25,chemistry,0.25,9,205,0.0,0.0,-0.032565782290643094,0.03125,-0.00975609756097561,-0.3110186097953884,0.2877375747814077
source_representative,plus__gnina,trained_oof,0.25,chemistry,0.25,10,205,0.0,0.0,0.0,0.0,-0.00975609756097561,-0.3110186097953884,0.2877375747814077
source_representative,plus__gnina,trained_oof,0.5,chemistry,0.5,1,205,0.024390243902439046,5.000000000000004,-0.04146101939992771,0.09436806674883841,-0.12682926829268293,-0.5075376884422109,0.27544343499891744
source_representative,plus__gnina,trained_oof,0.5,chemistry,0.5,2,205,0.009756097560975618,2.0000000000000018,-0.05217742310194218,0.07010879826300384,-0.12682926829268293,-0.5075376884422109,0.27544343499891744
source_representative,plus__gnina,trained_oof,0.5,chemistry,0.5,3,205,0.039024390243902474,8.000000000000007,-0.023812371838687653,0.09804937519049063,-0.12682926829268293,-0.5075376884422109,0.27544343499891744
source_representative,plus__gnina,trained_oof,0.5,chemistry,0.5,4,205,0.07317073170731714,15.000000000000014,0.009344707672245165,0.1365971276464033,-0.12682926829268293,-0.5075376884422109,0.27544343499891744
source_representative,plus__gnina,trained_oof,0.5,chemistry,0.5,5,205,0.024390243902438935,4.999999999999981,-0.0465146403181107,0.09223487677371167,-0.12682926829268293,-0.5075376884422109,0.27544343499891744
source_representative,plus__gnina,trained_oof,0.5,chemistry,0.5,6,205,0.004878048780487809,1.0000000000000009,-0.06190476190476191,0.06931555095808078,-0.12682926829268293,-0.5075376884422109,0.27544343499891744
source_representative,plus__gnina,trained_oof,0.5,chemistry,0.5,7,205,-0.009756097560975618,-2.0000000000000018,-0.06666666666666665,0.048309178743961345,-0.12682926829268293,-0.5075376884422109,0.27544343499891744
source_representative,plus__gnina,trained_oof,0.5,chemistry,0.5,8,205,-0.014634146341463317,-2.99999999999998,-0.06499999999999995,0.03589743589743588,-0.12682926829268293,-0.5075376884422109,0.27544343499891744
source_representative,plus__gnina,trained_oof,0.5,chemistry,0.5,9,205,-0.024390243902439046,-5.000000000000004,-0.060472179960878114,0.004854960928250054,-0.12682926829268293,-0.5075376884422109,0.27544343499891744
source_representative,plus__gnina,trained_oof,0.5,chemistry,0.5,10,205,0.0,0.0,0.0,0.0,-0.12682926829268293,-0.5075376884422109,0.27544343499891744
source_representative,plus__gnina,trained_oof,1.0,chemistry,1.0,1,205,-0.03414634146341461,-6.999999999999995,-0.08374384236453203,0.014494512452511607,0.08292682926829269,-0.13615556978233118,0.32309523809523777
source_representative,plus__gnina,trained_oof,1.0,chemistry,1.0,2,205,0.029268292682926855,6.000000000000005,-0.024633590206311243,0.08334359605911328,0.08292682926829269,-0.13615556978233118,0.32309523809523777
source_representative,plus__gnina,trained_oof,1.0,chemistry,1.0,3,205,-0.009756097560975618,-2.0000000000000018,-0.05826670474014846,0.03922051579252385,0.08292682926829269,-0.13615556978233118,0.32309523809523777
source_representative,plus__gnina,trained_oof,1.0,chemistry,1.0,4,205,-0.009756097560975618,-2.0000000000000018,-0.0539282092147204,0.035362554112553964,0.08292682926829269,-0.13615556978233118,0.32309523809523777
source_representative,plus__gnina,trained_oof,1.0,chemistry,1.0,5,205,-0.004878048780487809,-1.0000000000000009,-0.043483537357534796,0.03499999999999992,0.08292682926829269,-0.13615556978233118,0.32309523809523777
source_representative,plus__gnina,trained_oof,1.0,chemistry,1.0,6,205,0.0,0.0,-0.04225538415679266,0.03589743589743588,0.08292682926829269,-0.13615556978233118,0.32309523809523777
source_representative,plus__gnina,trained_oof,1.0,chemistry,1.0,7,205,-0.019512195121951237,-4.0000000000000036,-0.0607547935588609,0.019517001081340853,0.08292682926829269,-0.13615556978233118,0.32309523809523777
source_representative,plus__gnina,trained_oof,1.0,chemistry,1.0,8,205,-0.019512195121951126,-3.999999999999981,-0.049517326732673304,0.009616545893719873,0.08292682926829269,-0.13615556978233118,0.32309523809523777
source_representative,plus__gnina,trained_oof,1.0,chemistry,1.0,9,205,-0.014634146341463428,-3.0000000000000027,-0.04500000000000004,0.014219702098849043,0.08292682926829269,-0.13615556978233118,0.32309523809523777
source_representative,plus__gnina,trained_oof,1.0,chemistry,1.0,10,205,0.0,0.0,0.0,0.0,0.08292682926829269,-0.13615556978233118,0.32309523809523777
source_representative,calibrated__nesso_affinity,trained_oof,0.125,chemistry,0.125,1,205,0.08780487804878048,18.0,0.0,0.1716749035418563,-0.22439024390243903,-0.6816376659416482,0.2373153747026159
source_representative,calibrated__nesso_affinity,trained_oof,0.125,chemistry,0.125,2,205,-0.004878048780487809,-1.0000000000000009,-0.08999999999999997,0.07729530853130137,-0.22439024390243903,-0.6816376659416482,0.2373153747026159
source_representative,calibrated__nesso_affinity,trained_oof,0.125,chemistry,0.125,3,205,0.039024390243902474,8.000000000000007,-0.04523184102329828,0.12136757076077455,-0.22439024390243903,-0.6816376659416482,0.2373153747026159
source_representative,calibrated__nesso_affinity,trained_oof,0.125,chemistry,0.125,4,205,0.03902439024390236,7.999999999999984,-0.03828675773755863,0.1206072633699901,-0.22439024390243903,-0.6816376659416482,0.2373153747026159
source_representative,calibrated__nesso_affinity,trained_oof,0.125,chemistry,0.125,5,205,0.0536585365853659,11.00000000000001,-0.018964181553044086,0.12745098039215685,-0.22439024390243903,-0.6816376659416482,0.2373153747026159
source_representative,calibrated__nesso_affinity,trained_oof,0.125,chemistry,0.125,6,205,0.03902439024390236,7.999999999999984,-0.03113242009132418,0.11340791940018734,-0.22439024390243903,-0.6816376659416482,0.2373153747026159
source_representative,calibrated__nesso_affinity,trained_oof,0.125,chemistry,0.125,7,205,0.004878048780487809,1.0000000000000009,-0.0531400966183575,0.06366582491582483,-0.22439024390243903,-0.6816376659416482,0.2373153747026159
source_representative,calibrated__nesso_affinity,trained_oof,0.125,chemistry,0.125,8,205,-0.004878048780487809,-1.0000000000000009,-0.05699481865284972,0.045454545454545414,-0.22439024390243903,-0.6816376659416482,0.2373153747026159
source_representative,calibrated__nesso_affinity,trained_oof,0.125,chemistry,0.125,9,205,-0.029268292682926855,-6.000000000000005,-0.07217241894516656,0.014285714285714346,-0.22439024390243903,-0.6816376659416482,0.2373153747026159
source_representative,calibrated__nesso_affinity,trained_oof,0.125,chemistry,0.125,10,205,0.0,0.0,0.0,0.0,-0.22439024390243903,-0.6816376659416482,0.2373153747026159
source_representative,calibrated__nesso_affinity,trained_oof,0.25,chemistry,0.25,1,205,0.06829268292682925,13.999999999999995,-0.023824041811846716,0.15763602272222962,-0.2780487804878049,-0.7418000426803248,0.17161274509803923
source_representative,calibrated__nesso_affinity,trained_oof,0.25,chemistry,0.25,2,205,0.024390243902439046,5.000000000000004,-0.07321646341463416,0.11962158592503981,-0.2780487804878049,-0.7418000426803248,0.17161274509803923
source_representative,calibrated__nesso_affinity,trained_oof,0.25,chemistry,0.25,3,205,0.04878048780487798,9.999999999999986,-0.03883495145631066,0.13587088433938363,-0.2780487804878049,-0.7418000426803248,0.17161274509803923
source_representative,calibrated__nesso_affinity,trained_oof,0.25,chemistry,0.25,4,205,0.06341463414634141,12.99999999999999,-0.014709522422830575,0.14360465116279056,-0.2780487804878049,-0.7418000426803248,0.17161274509803923
source_representative,calibrated__nesso_affinity,trained_oof,0.25,chemistry,0.25,5,205,0.039024390243902474,8.000000000000007,-0.034163329692998345,0.11284653465346514,-0.2780487804878049,-0.7418000426803248,0.17161274509803923
source_representative,calibrated__nesso_affinity,trained_oof,0.25,chemistry,0.25,6,205,0.04878048780487798,9.999999999999986,-0.015001884422110565,0.1167512690355329,-0.2780487804878049,-0.7418000426803248,0.17161274509803923
source_representative,calibrated__nesso_affinity,trained_oof,0.25,chemistry,0.25,7,205,-0.004878048780487809,-1.0000000000000009,-0.06763473731884055,0.05215149927087119,-0.2780487804878049,-0.7418000426803248,0.17161274509803923
source_representative,calibrated__nesso_affinity,trained_oof,0.25,chemistry,0.25,8,205,-0.009756097560975618,-2.0000000000000018,-0.0628019323671497,0.045231841023298254,-0.2780487804878049,-0.7418000426803248,0.17161274509803923
source_representative,calibrated__nesso_affinity,trained_oof,0.25,chemistry,0.25,9,205,0.0,0.0,-0.04286226930963769,0.04040404040404044,-0.2780487804878049,-0.7418000426803248,0.17161274509803923
source_representative,calibrated__nesso_affinity,trained_oof,0.25,chemistry,0.25,10,205,0.0,0.0,0.0,0.0,-0.2780487804878049,-0.7418000426803248,0.17161274509803923
source_representative,calibrated__nesso_affinity,trained_oof,0.5,chemistry,0.5,1,205,0.0,0.0,-0.1088224579015544,0.11008682928913173,0.024390243902439025,-0.4785584590847743,0.5243105884497922
source_representative,calibrated__nesso_affinity,trained_oof,0.5,chemistry,0.5,2,205,-0.009756097560975618,-2.0000000000000018,-0.09524407753050969,0.07999999999999996,0.024390243902439025,-0.4785584590847743,0.5243105884497922
source_representative,calibrated__nesso_affinity,trained_oof,0.5,chemistry,0.5,3,205,-0.019512195121951237,-4.0000000000000036,-0.10954953338119161,0.07427014897751456,0.024390243902439025,-0.4785584590847743,0.5243105884497922
source_representative,calibrated__nesso_affinity,trained_oof,0.5,chemistry,0.5,4,205,0.014634146341463428,3.0000000000000027,-0.06864443797320906,0.09947709098486629,0.024390243902439025,-0.4785584590847743,0.5243105884497922
source_representative,calibrated__nesso_affinity,trained_oof,0.5,chemistry,0.5,5,205,0.019512195121951237,4.0000000000000036,-0.05797101449275355,0.10051520227399617,0.024390243902439025,-0.4785584590847743,0.5243105884497922
source_representative,calibrated__nesso_affinity,trained_oof,0.5,chemistry,0.5,6,205,0.014634146341463428,3.0000000000000027,-0.048320961470484265,0.08095238095238089,0.024390243902439025,-0.4785584590847743,0.5243105884497922
source_representative,calibrated__nesso_affinity,trained_oof,0.5,chemistry,0.5,7,205,0.0,0.0,-0.060913705583756306,0.061618709095012346,0.024390243902439025,-0.4785584590847743,0.5243105884497922
source_representative,calibrated__nesso_affinity,trained_oof,0.5,chemistry,0.5,8,205,-0.014634146341463317,-2.99999999999998,-0.07076310024143782,0.04129941399682971,0.024390243902439025,-0.4785584590847743,0.5243105884497922
source_representative,calibrated__nesso_affinity,trained_oof,0.5,chemistry,0.5,9,205,-0.029268292682926855,-6.000000000000005,-0.06880733944954132,0.004832096147048441,0.024390243902439025,-0.4785584590847743,0.5243105884497922
source_representative,calibrated__nesso_affinity,trained_oof,0.5,chemistry,0.5,10,205,0.0,0.0,0.0,0.0,0.024390243902439025,-0.4785584590847743,0.5243105884497922
source_representative,calibrated__nesso_affinity,trained_oof,1.0,chemistry,1.0,1,205,-0.053658536585365846,-10.999999999999998,-0.14356499111449603,0.03590206185567006,0.43902439024390244,-0.04926718041262272,0.9097023809523794
source_representative,calibrated__nesso_affinity,trained_oof,1.0,chemistry,1.0,2,205,-0.07317073170731703,-14.999999999999991,-0.17226501363859947,0.018352871219843674,0.43902439024390244,-0.04926718041262272,0.9097023809523794
source_representative,calibrated__nesso_affinity,trained_oof,1.0,chemistry,1.0,3,205,-0.09268292682926826,-18.999999999999993,-0.17525773195876293,-0.009898563385750361,0.43902439024390244,-0.04926718041262272,0.9097023809523794
source_representative,calibrated__nesso_affinity,trained_oof,1.0,chemistry,1.0,4,205,-0.07804878048780495,-16.000000000000014,-0.15962441314553988,0.004927955665024615,0.43902439024390244,-0.04926718041262272,0.9097023809523794
source_representative,calibrated__nesso_affinity,trained_oof,1.0,chemistry,1.0,5,205,-0.04390243902439017,-8.999999999999986,-0.11765399556048838,0.030154560682198874,0.43902439024390244,-0.04926718041262272,0.9097023809523794
source_representative,calibrated__nesso_affinity,trained_oof,1.0,chemistry,1.0,6,205,-0.034146341463414664,-7.000000000000006,-0.1028071742715778,0.0351803207958987,0.43902439024390244,-0.04926718041262272,0.9097023809523794
source_representative,calibrated__nesso_affinity,trained_oof,1.0,chemistry,1.0,7,205,-0.034146341463414664,-7.000000000000006,-0.09050897170462388,0.02427480464125027,0.43902439024390244,-0.04926718041262272,0.9097023809523794
source_representative,calibrated__nesso_affinity,trained_oof,1.0,chemistry,1.0,8,205,-0.019512195121951126,-3.999999999999981,-0.0681845898004434,0.028305240096575132,0.43902439024390244,-0.04926718041262272,0.9097023809523794
source_representative,calibrated__nesso_affinity,trained_oof,1.0,chemistry,1.0,9,205,-0.009756097560975618,-2.0000000000000018,-0.043483537357534796,0.02315629890453829,0.43902439024390244,-0.04926718041262272,0.9097023809523794
source_representative,calibrated__nesso_affinity,trained_oof,1.0,chemistry,1.0,10,205,0.0,0.0,0.0,0.0,0.43902439024390244,-0.04926718041262272,0.9097023809523794
source_representative,availability__nesso_affinity,trained_oof,0.125,chemistry,0.125,1,205,0.0,0.0,0.0,0.0,-0.00975609756097561,-0.025252525252525082,0.0
source_representative,availability__nesso_affinity,trained_oof,0.125,chemistry,0.125,2,205,0.0,0.0,0.0,0.0,-0.00975609756097561,-0.025252525252525082,0.0
source_representative,availability__nesso_affinity,trained_oof,0.125,chemistry,0.125,3,205,0.0,0.0,0.0,0.0,-0.00975609756097561,-0.025252525252525082,0.0
source_representative,availability__nesso_affinity,trained_oof,0.125,chemistry,0.125,4,205,0.0,0.0,0.0,0.0,-0.00975609756097561,-0.025252525252525082,0.0
source_representative,availability__nesso_affinity,trained_oof,0.125,chemistry,0.125,5,205,0.004878048780487809,1.0000000000000009,0.0,0.015463917525773252,-0.00975609756097561,-0.025252525252525082,0.0
source_representative,availability__nesso_affinity,trained_oof,0.125,chemistry,0.125,6,205,0.0,0.0,0.0,0.0,-0.00975609756097561,-0.025252525252525082,0.0
source_representative,availability__nesso_affinity,trained_oof,0.125,chemistry,0.125,7,205,0.0,0.0,0.0,0.0,-0.00975609756097561,-0.025252525252525082,0.0
source_representative,availability__nesso_affinity,trained_oof,0.125,chemistry,0.125,8,205,0.0,0.0,0.0,0.0,-0.00975609756097561,-0.025252525252525082,0.0
source_representative,availability__nesso_affinity,trained_oof,0.125,chemistry,0.125,9,205,0.004878048780487809,1.0000000000000009,0.0,0.015075376884422065,-0.00975609756097561,-0.025252525252525082,0.0
source_representative,availability__nesso_affinity,trained_oof,0.125,chemistry,0.125,10,205,0.0,0.0,0.0,0.0,-0.00975609756097561,-0.025252525252525082,0.0
source_representative,availability__nesso_affinity,trained_oof,0.25,chemistry,0.25,1,205,0.0,0.0,0.0,0.0,0.00975609756097561,-0.014925373134327758,0.03827751196172182
source_representative,availability__nesso_affinity,trained_oof,0.25,chemistry,0.25,2,205,0.004878048780487809,1.0000000000000009,0.0,0.015546065414507761,0.00975609756097561,-0.014925373134327758,0.03827751196172182
source_representative,availability__nesso_affinity,trained_oof,0.25,chemistry,0.25,3,205,0.004878048780487698,0.9999999999999781,0.0,0.015463917525773141,0.00975609756097561,-0.014925373134327758,0.03827751196172182
source_representative,availability__nesso_affinity,trained_oof,0.25,chemistry,0.25,4,205,0.0,0.0,0.0,0.0,0.00975609756097561,-0.014925373134327758,0.03827751196172182
source_representative,availability__nesso_affinity,trained_oof,0.25,chemistry,0.25,5,205,-0.004878048780487809,-1.0000000000000009,-0.015544041450777257,0.0,0.00975609756097561,-0.014925373134327758,0.03827751196172182
source_representative,availability__nesso_affinity,trained_oof,0.25,chemistry,0.25,6,205,-0.004878048780487809,-1.0000000000000009,-0.014634146341463428,0.0,0.00975609756097561,-0.014925373134327758,0.03827751196172182
source_representative,availability__nesso_affinity,trained_oof,0.25,chemistry,0.25,7,205,-0.004878048780487809,-1.0000000000000009,-0.014634146341463428,0.0,0.00975609756097561,-0.014925373134327758,0.03827751196172182
source_representative,availability__nesso_affinity,trained_oof,0.25,chemistry,0.25,8,205,-0.004878048780487809,-1.0000000000000009,-0.015075376884422065,0.0,0.00975609756097561,-0.014925373134327758,0.03827751196172182
source_representative,availability__nesso_affinity,trained_oof,0.25,chemistry,0.25,9,205,0.0,0.0,0.0,0.0,0.00975609756097561,-0.014925373134327758,0.03827751196172182
source_representative,availability__nesso_affinity,trained_oof,0.25,chemistry,0.25,10,205,0.0,0.0,0.0,0.0,0.00975609756097561,-0.014925373134327758,0.03827751196172182
source_representative,availability__nesso_affinity,trained_oof,0.5,chemistry,0.5,1,205,0.0,0.0,0.0,0.0,0.00975609756097561,-0.014219702098849485,0.03398058252427205
source_representative,availability__nesso_affinity,trained_oof,0.5,chemistry,0.5,2,205,-0.004878048780487809,-1.0000000000000009,-0.014634146341463428,0.0,0.00975609756097561,-0.014219702098849485,0.03398058252427205
source_representative,availability__nesso_affinity,trained_oof,0.5,chemistry,0.5,3,205,0.004878048780487809,1.0000000000000009,0.0,0.015386597938144373,0.00975609756097561,-0.014219702098849485,0.03398058252427205
source_representative,availability__nesso_affinity,trained_oof,0.5,chemistry,0.5,4,205,0.004878048780487809,1.0000000000000009,0.0,0.015306122448979553,0.00975609756097561,-0.014219702098849485,0.03398058252427205
source_representative,availability__nesso_affinity,trained_oof,0.5,chemistry,0.5,5,205,-0.009756097560975618,-2.0000000000000018,-0.02500314070351761,0.0,0.00975609756097561,-0.014219702098849485,0.03398058252427205
source_representative,availability__nesso_affinity,trained_oof,0.5,chemistry,0.5,6,205,-0.004878048780487809,-1.0000000000000009,-0.015544041450777257,0.0,0.00975609756097561,-0.014219702098849485,0.03398058252427205
source_representative,availability__nesso_affinity,trained_oof,0.5,chemistry,0.5,7,205,0.0,0.0,0.0,0.0,0.00975609756097561,-0.014219702098849485,0.03398058252427205
source_representative,availability__nesso_affinity,trained_oof,0.5,chemistry,0.5,8,205,0.0,0.0,0.0,0.0,0.00975609756097561,-0.014219702098849485,0.03398058252427205
source_representative,availability__nesso_affinity,trained_oof,0.5,chemistry,0.5,9,205,0.0,0.0,0.0,0.0,0.00975609756097561,-0.014219702098849485,0.03398058252427205
source_representative,availability__nesso_affinity,trained_oof,0.5,chemistry,0.5,10,205,0.0,0.0,0.0,0.0,0.00975609756097561,-0.014219702098849485,0.03398058252427205
source_representative,availability__nesso_affinity,trained_oof,1.0,chemistry,1.0,1,205,0.0,0.0,0.0,0.0,0.00975609756097561,-0.010309278350515427,0.035559523809524006
source_representative,availability__nesso_affinity,trained_oof,1.0,chemistry,1.0,2,205,0.0,0.0,0.0,0.0,0.00975609756097561,-0.010309278350515427,0.035559523809524006
source_representative,availability__nesso_affinity,trained_oof,1.0,chemistry,1.0,3,205,0.0,0.0,0.0,0.0,0.00975609756097561,-0.010309278350515427,0.035559523809524006
source_representative,availability__nesso_affinity,trained_oof,1.0,chemistry,1.0,4,205,0.0,0.0,0.0,0.0,0.00975609756097561,-0.010309278350515427,0.035559523809524006
source_representative,availability__nesso_affinity,trained_oof,1.0,chemistry,1.0,5,205,-0.004878048780487809,-1.0000000000000009,-0.015463917525773141,0.0,0.00975609756097561,-0.010309278350515427,0.035559523809524006
source_representative,availability__nesso_affinity,trained_oof,1.0,chemistry,1.0,6,205,-0.009756097560975618,-2.0000000000000018,-0.02439024390243894,0.0,0.00975609756097561,-0.010309278350515427,0.035559523809524006
source_representative,availability__nesso_affinity,trained_oof,1.0,chemistry,1.0,7,205,0.0,0.0,0.0,0.0,0.00975609756097561,-0.010309278350515427,0.035559523809524006
source_representative,availability__nesso_affinity,trained_oof,1.0,chemistry,1.0,8,205,0.0,0.0,0.0,0.0,0.00975609756097561,-0.010309278350515427,0.035559523809524006
source_representative,availability__nesso_affinity,trained_oof,1.0,chemistry,1.0,9,205,0.004878048780487809,1.0000000000000009,0.0,0.015706806282722474,0.00975609756097561,-0.010309278350515427,0.035559523809524006
source_representative,availability__nesso_affinity,trained_oof,1.0,chemistry,1.0,10,205,0.0,0.0,0.0,0.0,0.00975609756097561,-0.010309278350515427,0.035559523809524006
source_representative,plus__nesso_affinity,trained_oof,0.125,chemistry,0.125,1,205,0.08780487804878048,18.0,0.004878048780487809,0.16595705967976704,-0.32195121951219513,-0.7512957208596243,0.09976068696917027
source_representative,plus__nesso_affinity,trained_oof,0.125,chemistry,0.125,2,205,0.03902439024390242,7.999999999999996,-0.04225352112676056,0.1139937776515958,-0.32195121951219513,-0.7512957208596243,0.09976068696917027
source_representative,plus__nesso_affinity,trained_oof,0.125,chemistry,0.125,3,205,0.0536585365853659,11.00000000000001,-0.028711584468163347,0.12735849056603776,-0.32195121951219513,-0.7512957208596243,0.09976068696917027
source_representative,plus__nesso_affinity,trained_oof,0.125,chemistry,0.125,4,205,0.05365853658536579,10.999999999999988,-0.020312418232246644,0.130663633702493,-0.32195121951219513,-0.7512957208596243,0.09976068696917027
source_representative,plus__nesso_affinity,trained_oof,0.125,chemistry,0.125,5,205,0.06341463414634152,13.00000000000001,-0.004878048780487809,0.1363743567753001,-0.32195121951219513,-0.7512957208596243,0.09976068696917027
source_representative,plus__nesso_affinity,trained_oof,0.125,chemistry,0.125,6,205,0.03414634146341455,6.999999999999983,-0.03000376884422113,0.10455086580086582,-0.32195121951219513,-0.7512957208596243,0.09976068696917027
source_representative,plus__nesso_affinity,trained_oof,0.125,chemistry,0.125,7,205,0.014634146341463428,3.0000000000000027,-0.04951732673267331,0.08212560386473422,-0.32195121951219513,-0.7512957208596243,0.09976068696917027
source_representative,plus__nesso_affinity,trained_oof,0.125,chemistry,0.125,8,205,-0.014634146341463428,-3.0000000000000027,-0.06666666666666665,0.03792376244359283,-0.32195121951219513,-0.7512957208596243,0.09976068696917027
source_representative,plus__nesso_affinity,trained_oof,0.125,chemistry,0.125,9,205,-0.009756097560975618,-2.0000000000000018,-0.048309178743961345,0.028037383177570097,-0.32195121951219513,-0.7512957208596243,0.09976068696917027
source_representative,plus__nesso_affinity,trained_oof,0.125,chemistry,0.125,10,205,0.0,0.0,0.0,0.0,-0.32195121951219513,-0.7512957208596243,0.09976068696917027
source_representative,plus__nesso_affinity,trained_oof,0.25,chemistry,0.25,1,205,0.12195121951219509,24.999999999999993,0.039603960396039584,0.2050220588235293,-0.5560975609756098,-0.9513196214051701,-0.17297535211267775
source_representative,plus__nesso_affinity,trained_oof,0.25,chemistry,0.25,2,205,0.13170731707317068,26.99999999999999,0.04284205231388326,0.21720452069716764,-0.5560975609756098,-0.9513196214051701,-0.17297535211267775
source_representative,plus__nesso_affinity,trained_oof,0.25,chemistry,0.25,3,205,0.12682926829268282,25.99999999999998,0.047371321503361666,0.21078431372549022,-0.5560975609756098,-0.9513196214051701,-0.17297535211267775
source_representative,plus__nesso_affinity,trained_oof,0.25,chemistry,0.25,4,205,0.07317073170731703,14.999999999999991,0.004715879033680181,0.1428571428571428,-0.5560975609756098,-0.9513196214051701,-0.17297535211267775
source_representative,plus__nesso_affinity,trained_oof,0.25,chemistry,0.25,5,205,0.0585365853658536,11.999999999999988,-0.004926108374384233,0.11961722488038273,-0.5560975609756098,-0.9513196214051701,-0.17297535211267775
source_representative,plus__nesso_affinity,trained_oof,0.25,chemistry,0.25,6,205,0.0585365853658536,11.999999999999988,0.0,0.117347537606592,-0.5560975609756098,-0.9513196214051701,-0.17297535211267775
source_representative,plus__nesso_affinity,trained_oof,0.25,chemistry,0.25,7,205,0.004878048780487809,1.0000000000000009,-0.05240638002773918,0.06220843301435402,-0.5560975609756098,-0.9513196214051701,-0.17297535211267775
source_representative,plus__nesso_affinity,trained_oof,0.25,chemistry,0.25,8,205,-0.019512195121951237,-4.0000000000000036,-0.06512153792216901,0.024878731343283562,-0.5560975609756098,-0.9513196214051701,-0.17297535211267775
source_representative,plus__nesso_affinity,trained_oof,0.25,chemistry,0.25,9,205,0.0,0.0,-0.04167151162790705,0.038099794941900265,-0.5560975609756098,-0.9513196214051701,-0.17297535211267775
source_representative,plus__nesso_affinity,trained_oof,0.25,chemistry,0.25,10,205,0.0,0.0,0.0,0.0,-0.5560975609756098,-0.9513196214051701,-0.17297535211267775
source_representative,plus__nesso_affinity,trained_oof,0.5,chemistry,0.5,1,205,0.12195121951219512,25.0,0.030612244897959218,0.21428571428571425,-0.4195121951219512,-0.8303102509239455,0.01466414540528385
source_representative,plus__nesso_affinity,trained_oof,0.5,chemistry,0.5,2,205,0.09756097560975607,19.999999999999996,0.024993811881188033,0.16827042079207927,-0.4195121951219512,-0.8303102509239455,0.01466414540528385
source_representative,plus__nesso_affinity,trained_oof,0.5,chemistry,0.5,3,205,0.09268292682926826,18.999999999999993,0.019323671497584516,0.16753279388852574,-0.4195121951219512,-0.8303102509239455,0.01466414540528385
source_representative,plus__nesso_affinity,trained_oof,0.5,chemistry,0.5,4,205,0.06829268292682933,14.000000000000012,-0.004508170961659288,0.13876966840438942,-0.4195121951219512,-0.8303102509239455,0.01466414540528385
source_representative,plus__nesso_affinity,trained_oof,0.5,chemistry,0.5,5,205,0.06341463414634141,12.99999999999999,-0.005029705820770538,0.13199652957629748,-0.4195121951219512,-0.8303102509239455,0.01466414540528385
source_representative,plus__nesso_affinity,trained_oof,0.5,chemistry,0.5,6,205,0.029268292682926855,6.000000000000005,-0.03000376884422113,0.09231958762886593,-0.4195121951219512,-0.8303102509239455,0.01466414540528385
source_representative,plus__nesso_affinity,trained_oof,0.5,chemistry,0.5,7,205,-0.009756097560975618,-2.0000000000000018,-0.07111904761904753,0.05181530452634662,-0.4195121951219512,-0.8303102509239455,0.01466414540528385
source_representative,plus__nesso_affinity,trained_oof,0.5,chemistry,0.5,8,205,-0.009756097560975507,-1.9999999999999791,-0.06250754830917875,0.04739900699616341,-0.4195121951219512,-0.8303102509239455,0.01466414540528385
source_representative,plus__nesso_affinity,trained_oof,0.5,chemistry,0.5,9,205,-0.034146341463414664,-7.000000000000006,-0.07619047619047614,0.0,-0.4195121951219512,-0.8303102509239455,0.01466414540528385
source_representative,plus__nesso_affinity,trained_oof,0.5,chemistry,0.5,10,205,0.0,0.0,0.0,0.0,-0.4195121951219512,-0.8303102509239455,0.01466414540528385
source_representative,plus__nesso_affinity,trained_oof,1.0,chemistry,1.0,1,205,0.05853658536585371,12.00000000000001,-0.015540282550591825,0.13397129186602869,-0.08292682926829269,-0.4306256900993741,0.24885563380281742
source_representative,plus__nesso_affinity,trained_oof,1.0,chemistry,1.0,2,205,0.04878048780487809,10.000000000000009,-0.018781557268137065,0.11283018867924516,-0.08292682926829269,-0.4306256900993741,0.24885563380281742
source_representative,plus__nesso_affinity,trained_oof,1.0,chemistry,1.0,3,205,0.004878048780487809,1.0000000000000009,-0.05365853658536579,0.06383502777486642,-0.08292682926829269,-0.4306256900993741,0.24885563380281742
source_representative,plus__nesso_affinity,trained_oof,1.0,chemistry,1.0,4,205,0.009756097560975618,2.0000000000000018,-0.04903789874158623,0.07447140484100588,-0.08292682926829269,-0.4306256900993741,0.24885563380281742
source_representative,plus__nesso_affinity,trained_oof,1.0,chemistry,1.0,5,205,-0.009756097560975618,-2.0000000000000018,-0.06736276431872289,0.05339805825242716,-0.08292682926829269,-0.4306256900993741,0.24885563380281742
source_representative,plus__nesso_affinity,trained_oof,1.0,chemistry,1.0,6,205,-0.004878048780487809,-1.0000000000000009,-0.05940594059405946,0.05154881177096948,-0.08292682926829269,-0.4306256900993741,0.24885563380281742
source_representative,plus__nesso_affinity,trained_oof,1.0,chemistry,1.0,7,205,-0.009756097560975618,-2.0000000000000018,-0.06335007173601147,0.040206080909598534,-0.08292682926829269,-0.4306256900993741,0.24885563380281742
source_representative,plus__nesso_affinity,trained_oof,1.0,chemistry,1.0,8,205,-0.014634146341463428,-3.0000000000000027,-0.056081347900487036,0.025641025641025553,-0.08292682926829269,-0.4306256900993741,0.24885563380281742
source_representative,plus__nesso_affinity,trained_oof,1.0,chemistry,1.0,9,205,0.0,0.0,-0.030473209249858975,0.030306875865251562,-0.08292682926829269,-0.4306256900993741,0.24885563380281742
source_representative,plus__nesso_affinity,trained_oof,1.0,chemistry,1.0,10,205,0.0,0.0,0.0,0.0,-0.08292682926829269,-0.4306256900993741,0.24885563380281742
source_representative,calibrated__nesso_binary,trained_oof,0.125,chemistry,0.125,1,205,0.029268292682926828,6.0,-0.04207102360809674,0.09953791469194304,0.004878048780487805,-0.5241284547738695,0.49999999999999917
source_representative,calibrated__nesso_binary,trained_oof,0.125,chemistry,0.125,2,205,-0.009756097560975618,-2.0000000000000018,-0.10680063219688418,0.08955399887355672,0.004878048780487805,-0.5241284547738695,0.49999999999999917
source_representative,calibrated__nesso_binary,trained_oof,0.125,chemistry,0.125,3,205,-0.009756097560975507,-1.9999999999999791,-0.09140110923105851,0.07577751196172242,0.004878048780487805,-0.5241284547738695,0.49999999999999917
source_representative,calibrated__nesso_binary,trained_oof,0.125,chemistry,0.125,4,205,0.019512195121951237,4.0000000000000036,-0.061320754716981174,0.10500657894736837,0.004878048780487805,-0.5241284547738695,0.49999999999999917
source_representative,calibrated__nesso_binary,trained_oof,0.125,chemistry,0.125,5,205,0.004878048780487809,1.0000000000000009,-0.08500770142180092,0.09479206161137436,0.004878048780487805,-0.5241284547738695,0.49999999999999917
source_representative,calibrated__nesso_binary,trained_oof,0.125,chemistry,0.125,6,205,0.0,0.0,-0.07813522578534031,0.08135167464114824,0.004878048780487805,-0.5241284547738695,0.49999999999999917
source_representative,calibrated__nesso_binary,trained_oof,0.125,chemistry,0.125,7,205,-0.009756097560975618,-2.0000000000000018,-0.07882403482644061,0.06165645590105163,0.004878048780487805,-0.5241284547738695,0.49999999999999917
source_representative,calibrated__nesso_binary,trained_oof,0.125,chemistry,0.125,8,205,-0.014634146341463428,-3.0000000000000027,-0.07330420388050504,0.04478736968424206,0.004878048780487805,-0.5241284547738695,0.49999999999999917
source_representative,calibrated__nesso_binary,trained_oof,0.125,chemistry,0.125,9,205,-0.014634146341463428,-3.0000000000000027,-0.052387218045112816,0.024157520754185993,0.004878048780487805,-0.5241284547738695,0.49999999999999917
source_representative,calibrated__nesso_binary,trained_oof,0.125,chemistry,0.125,10,205,0.0,0.0,0.0,0.0,0.004878048780487805,-0.5241284547738695,0.49999999999999917
source_representative,calibrated__nesso_binary,trained_oof,0.25,chemistry,0.25,1,205,0.05365853658536582,10.999999999999993,-0.0201081940313814,0.13145848776871757,-0.08292682926829269,-0.5302945011953927,0.3684394982784051
source_representative,calibrated__nesso_binary,trained_oof,0.25,chemistry,0.25,2,205,0.0292682926829268,5.999999999999994,-0.065,0.12255347593582887,-0.08292682926829269,-0.5302945011953927,0.3684394982784051
source_representative,calibrated__nesso_binary,trained_oof,0.25,chemistry,0.25,3,205,0.04390243902439017,8.999999999999986,-0.039024390243902474,0.13235294117647056,-0.08292682926829269,-0.5302945011953927,0.3684394982784051
source_representative,calibrated__nesso_binary,trained_oof,0.25,chemistry,0.25,4,205,0.014634146341463428,3.0000000000000027,-0.06186368249559319,0.09661835748792269,-0.08292682926829269,-0.5302945011953927,0.3684394982784051
source_representative,calibrated__nesso_binary,trained_oof,0.25,chemistry,0.25,5,205,-0.014634146341463428,-3.0000000000000027,-0.08763326628111644,0.054469059405940566,-0.08292682926829269,-0.5302945011953927,0.3684394982784051
source_representative,calibrated__nesso_binary,trained_oof,0.25,chemistry,0.25,6,205,-0.009756097560975618,-2.0000000000000018,-0.07982161838958282,0.057299165575916265,-0.08292682926829269,-0.5302945011953927,0.3684394982784051
source_representative,calibrated__nesso_binary,trained_oof,0.25,chemistry,0.25,7,205,-0.014634146341463428,-3.0000000000000027,-0.07773572741816104,0.04593621127207349,-0.08292682926829269,-0.5302945011953927,0.3684394982784051
source_representative,calibrated__nesso_binary,trained_oof,0.25,chemistry,0.25,8,205,-0.019512195121951237,-4.0000000000000036,-0.07500293427230043,0.03518933955491741,-0.08292682926829269,-0.5302945011953927,0.3684394982784051
source_representative,calibrated__nesso_binary,trained_oof,0.25,chemistry,0.25,9,205,0.0,0.0,-0.041860465116279055,0.037384427007846464,-0.08292682926829269,-0.5302945011953927,0.3684394982784051
source_representative,calibrated__nesso_binary,trained_oof,0.25,chemistry,0.25,10,205,0.0,0.0,0.0,0.0,-0.08292682926829269,-0.5302945011953927,0.3684394982784051
source_representative,calibrated__nesso_binary,trained_oof,0.5,chemistry,0.5,1,205,-0.004878048780487809,-1.0000000000000009,-0.10449725058915948,0.10049054563857192,0.04390243902439024,-0.3950283816425108,0.5151104368932029
source_representative,calibrated__nesso_binary,trained_oof,0.5,chemistry,0.5,2,205,-0.019512195121951237,-4.0000000000000036,-0.10294117647058826,0.06133535489667561,0.04390243902439024,-0.3950283816425108,0.5151104368932029
source_representative,calibrated__nesso_binary,trained_oof,0.5,chemistry,0.5,3,205,0.0,0.0,-0.07584691459522198,0.07844103158504781,0.04390243902439024,-0.3950283816425108,0.5151104368932029
source_representative,calibrated__nesso_binary,trained_oof,0.5,chemistry,0.5,4,205,0.029268292682926855,6.000000000000005,-0.04412856726849162,0.10396555280528048,0.04390243902439024,-0.3950283816425108,0.5151104368932029
source_representative,calibrated__nesso_binary,trained_oof,0.5,chemistry,0.5,5,205,0.019512195121951237,4.0000000000000036,-0.05608134790048704,0.09479206161137436,0.04390243902439024,-0.3950283816425108,0.5151104368932029
source_representative,calibrated__nesso_binary,trained_oof,0.5,chemistry,0.5,6,205,-0.019512195121951237,-4.0000000000000036,-0.09009974259974257,0.04976374409360227,0.04390243902439024,-0.3950283816425108,0.5151104368932029
source_representative,calibrated__nesso_binary,trained_oof,0.5,chemistry,0.5,7,205,-0.004878048780487809,-1.0000000000000009,-0.06764934605867795,0.059113300492610765,0.04390243902439024,-0.3950283816425108,0.5151104368932029
source_representative,calibrated__nesso_binary,trained_oof,0.5,chemistry,0.5,8,205,-0.014634146341463317,-2.99999999999998,-0.06931036853685374,0.043269230769230727,0.04390243902439024,-0.3950283816425108,0.5151104368932029
source_representative,calibrated__nesso_binary,trained_oof,0.5,chemistry,0.5,9,205,-0.029268292682926855,-6.000000000000005,-0.06132282356835489,0.0,0.04390243902439024,-0.3950283816425108,0.5151104368932029
source_representative,calibrated__nesso_binary,trained_oof,0.5,chemistry,0.5,10,205,0.0,0.0,0.0,0.0,0.04390243902439024,-0.3950283816425108,0.5151104368932029
source_representative,calibrated__nesso_binary,trained_oof,1.0,chemistry,1.0,1,205,-0.03414634146341461,-6.999999999999995,-0.11500961538461543,0.04807692307692307,0.4292682926829268,-0.010209061771562927,0.8677671068427368
source_representative,calibrated__nesso_binary,trained_oof,1.0,chemistry,1.0,2,205,-0.06829268292682922,-13.99999999999999,-0.15502743902439026,0.01463957981163968,0.4292682926829268,-0.010209061771562927,0.8677671068427368
source_representative,calibrated__nesso_binary,trained_oof,1.0,chemistry,1.0,3,205,-0.08292682926829265,-16.999999999999993,-0.16161987522281643,-0.009658385093167762,0.4292682926829268,-0.010209061771562927,0.8677671068427368
source_representative,calibrated__nesso_binary,trained_oof,1.0,chemistry,1.0,4,205,-0.07317073170731714,-15.000000000000014,-0.14486150616280652,0.0,0.4292682926829268,-0.010209061771562927,0.8677671068427368
source_representative,calibrated__nesso_binary,trained_oof,1.0,chemistry,1.0,5,205,-0.05365853658536579,-10.999999999999988,-0.12371379479626902,0.014634146341463317,0.4292682926829268,-0.010209061771562927,0.8677671068427368
source_representative,calibrated__nesso_binary,trained_oof,1.0,chemistry,1.0,6,205,-0.04390243902439028,-9.000000000000007,-0.1089153915391539,0.018968849215478787,0.4292682926829268,-0.010209061771562927,0.8677671068427368
source_representative,calibrated__nesso_binary,trained_oof,1.0,chemistry,1.0,7,205,-0.034146341463414664,-7.000000000000006,-0.09092062759575453,0.019610257896261873,0.4292682926829268,-0.010209061771562927,0.8677671068427368
source_representative,calibrated__nesso_binary,trained_oof,1.0,chemistry,1.0,8,205,-0.03414634146341455,-6.999999999999983,-0.08490566037735847,0.014851485148514754,0.4292682926829268,-0.010209061771562927,0.8677671068427368
source_representative,calibrated__nesso_binary,trained_oof,1.0,chemistry,1.0,9,205,-0.004878048780487809,-1.0000000000000009,-0.04444444444444451,0.03015075376884424,0.4292682926829268,-0.010209061771562927,0.8677671068427368
source_representative,calibrated__nesso_binary,trained_oof,1.0,chemistry,1.0,10,205,0.0,0.0,0.0,0.0,0.4292682926829268,-0.010209061771562927,0.8677671068427368
source_representative,availability__nesso_binary,trained_oof,0.125,chemistry,0.125,1,205,0.0,0.0,0.0,0.0,-0.00975609756097561,-0.025252525252525082,0.0
source_representative,availability__nesso_binary,trained_oof,0.125,chemistry,0.125,2,205,0.0,0.0,0.0,0.0,-0.00975609756097561,-0.025252525252525082,0.0
source_representative,availability__nesso_binary,trained_oof,0.125,chemistry,0.125,3,205,0.0,0.0,0.0,0.0,-0.00975609756097561,-0.025252525252525082,0.0
source_representative,availability__nesso_binary,trained_oof,0.125,chemistry,0.125,4,205,0.0,0.0,0.0,0.0,-0.00975609756097561,-0.025252525252525082,0.0
source_representative,availability__nesso_binary,trained_oof,0.125,chemistry,0.125,5,205,0.004878048780487809,1.0000000000000009,0.0,0.015463917525773252,-0.00975609756097561,-0.025252525252525082,0.0
source_representative,availability__nesso_binary,trained_oof,0.125,chemistry,0.125,6,205,0.0,0.0,0.0,0.0,-0.00975609756097561,-0.025252525252525082,0.0
source_representative,availability__nesso_binary,trained_oof,0.125,chemistry,0.125,7,205,0.0,0.0,0.0,0.0,-0.00975609756097561,-0.025252525252525082,0.0
source_representative,availability__nesso_binary,trained_oof,0.125,chemistry,0.125,8,205,0.0,0.0,0.0,0.0,-0.00975609756097561,-0.025252525252525082,0.0
source_representative,availability__nesso_binary,trained_oof,0.125,chemistry,0.125,9,205,0.004878048780487809,1.0000000000000009,0.0,0.015075376884422065,-0.00975609756097561,-0.025252525252525082,0.0
source_representative,availability__nesso_binary,trained_oof,0.125,chemistry,0.125,10,205,0.0,0.0,0.0,0.0,-0.00975609756097561,-0.025252525252525082,0.0
source_representative,availability__nesso_binary,trained_oof,0.25,chemistry,0.25,1,205,0.0,0.0,0.0,0.0,0.00975609756097561,-0.014925373134327758,0.03827751196172182
source_representative,availability__nesso_binary,trained_oof,0.25,chemistry,0.25,2,205,0.004878048780487809,1.0000000000000009,0.0,0.015546065414507761,0.00975609756097561,-0.014925373134327758,0.03827751196172182
source_representative,availability__nesso_binary,trained_oof,0.25,chemistry,0.25,3,205,0.004878048780487698,0.9999999999999781,0.0,0.015463917525773141,0.00975609756097561,-0.014925373134327758,0.03827751196172182
source_representative,availability__nesso_binary,trained_oof,0.25,chemistry,0.25,4,205,0.0,0.0,0.0,0.0,0.00975609756097561,-0.014925373134327758,0.03827751196172182
source_representative,availability__nesso_binary,trained_oof,0.25,chemistry,0.25,5,205,-0.004878048780487809,-1.0000000000000009,-0.015544041450777257,0.0,0.00975609756097561,-0.014925373134327758,0.03827751196172182
source_representative,availability__nesso_binary,trained_oof,0.25,chemistry,0.25,6,205,-0.004878048780487809,-1.0000000000000009,-0.014634146341463428,0.0,0.00975609756097561,-0.014925373134327758,0.03827751196172182
source_representative,availability__nesso_binary,trained_oof,0.25,chemistry,0.25,7,205,-0.004878048780487809,-1.0000000000000009,-0.014634146341463428,0.0,0.00975609756097561,-0.014925373134327758,0.03827751196172182
source_representative,availability__nesso_binary,trained_oof,0.25,chemistry,0.25,8,205,-0.004878048780487809,-1.0000000000000009,-0.015075376884422065,0.0,0.00975609756097561,-0.014925373134327758,0.03827751196172182
source_representative,availability__nesso_binary,trained_oof,0.25,chemistry,0.25,9,205,0.0,0.0,0.0,0.0,0.00975609756097561,-0.014925373134327758,0.03827751196172182
source_representative,availability__nesso_binary,trained_oof,0.25,chemistry,0.25,10,205,0.0,0.0,0.0,0.0,0.00975609756097561,-0.014925373134327758,0.03827751196172182
source_representative,availability__nesso_binary,trained_oof,0.5,chemistry,0.5,1,205,0.0,0.0,0.0,0.0,0.00975609756097561,-0.014219702098849485,0.03398058252427205
source_representative,availability__nesso_binary,trained_oof,0.5,chemistry,0.5,2,205,-0.004878048780487809,-1.0000000000000009,-0.014634146341463428,0.0,0.00975609756097561,-0.014219702098849485,0.03398058252427205
source_representative,availability__nesso_binary,trained_oof,0.5,chemistry,0.5,3,205,0.004878048780487809,1.0000000000000009,0.0,0.015386597938144373,0.00975609756097561,-0.014219702098849485,0.03398058252427205
source_representative,availability__nesso_binary,trained_oof,0.5,chemistry,0.5,4,205,0.004878048780487809,1.0000000000000009,0.0,0.015306122448979553,0.00975609756097561,-0.014219702098849485,0.03398058252427205
source_representative,availability__nesso_binary,trained_oof,0.5,chemistry,0.5,5,205,-0.009756097560975618,-2.0000000000000018,-0.02500314070351761,0.0,0.00975609756097561,-0.014219702098849485,0.03398058252427205
source_representative,availability__nesso_binary,trained_oof,0.5,chemistry,0.5,6,205,-0.004878048780487809,-1.0000000000000009,-0.015544041450777257,0.0,0.00975609756097561,-0.014219702098849485,0.03398058252427205
source_representative,availability__nesso_binary,trained_oof,0.5,chemistry,0.5,7,205,0.0,0.0,0.0,0.0,0.00975609756097561,-0.014219702098849485,0.03398058252427205
source_representative,availability__nesso_binary,trained_oof,0.5,chemistry,0.5,8,205,0.0,0.0,0.0,0.0,0.00975609756097561,-0.014219702098849485,0.03398058252427205
source_representative,availability__nesso_binary,trained_oof,0.5,chemistry,0.5,9,205,0.0,0.0,0.0,0.0,0.00975609756097561,-0.014219702098849485,0.03398058252427205
source_representative,availability__nesso_binary,trained_oof,0.5,chemistry,0.5,10,205,0.0,0.0,0.0,0.0,0.00975609756097561,-0.014219702098849485,0.03398058252427205
source_representative,availability__nesso_binary,trained_oof,1.0,chemistry,1.0,1,205,0.0,0.0,0.0,0.0,0.00975609756097561,-0.010309278350515427,0.035559523809524006
source_representative,availability__nesso_binary,trained_oof,1.0,chemistry,1.0,2,205,0.0,0.0,0.0,0.0,0.00975609756097561,-0.010309278350515427,0.035559523809524006
source_representative,availability__nesso_binary,trained_oof,1.0,chemistry,1.0,3,205,0.0,0.0,0.0,0.0,0.00975609756097561,-0.010309278350515427,0.035559523809524006
source_representative,availability__nesso_binary,trained_oof,1.0,chemistry,1.0,4,205,0.0,0.0,0.0,0.0,0.00975609756097561,-0.010309278350515427,0.035559523809524006
source_representative,availability__nesso_binary,trained_oof,1.0,chemistry,1.0,5,205,-0.004878048780487809,-1.0000000000000009,-0.015463917525773141,0.0,0.00975609756097561,-0.010309278350515427,0.035559523809524006
source_representative,availability__nesso_binary,trained_oof,1.0,chemistry,1.0,6,205,-0.009756097560975618,-2.0000000000000018,-0.02439024390243894,0.0,0.00975609756097561,-0.010309278350515427,0.035559523809524006
source_representative,availability__nesso_binary,trained_oof,1.0,chemistry,1.0,7,205,0.0,0.0,0.0,0.0,0.00975609756097561,-0.010309278350515427,0.035559523809524006
source_representative,availability__nesso_binary,trained_oof,1.0,chemistry,1.0,8,205,0.0,0.0,0.0,0.0,0.00975609756097561,-0.010309278350515427,0.035559523809524006
source_representative,availability__nesso_binary,trained_oof,1.0,chemistry,1.0,9,205,0.004878048780487809,1.0000000000000009,0.0,0.015706806282722474,0.00975609756097561,-0.010309278350515427,0.035559523809524006
source_representative,availability__nesso_binary,trained_oof,1.0,chemistry,1.0,10,205,0.0,0.0,0.0,0.0,0.00975609756097561,-0.010309278350515427,0.035559523809524006
source_representative,plus__nesso_binary,trained_oof,0.125,chemistry,0.125,1,205,0.06341463414634144,12.999999999999995,-0.010309278350515483,0.1343380249013997,-0.18048780487804877,-0.6699744753261475,0.3013733048805675
source_representative,plus__nesso_binary,trained_oof,0.125,chemistry,0.125,2,205,0.009756097560975618,2.0000000000000018,-0.08003045685279189,0.09860200808813273,-0.18048780487804877,-0.6699744753261475,0.3013733048805675
source_representative,plus__nesso_binary,trained_oof,0.125,chemistry,0.125,3,205,0.039024390243902474,8.000000000000007,-0.039215686274509776,0.11940298507462682,-0.18048780487804877,-0.6699744753261475,0.3013733048805675
source_representative,plus__nesso_binary,trained_oof,0.125,chemistry,0.125,4,205,0.03414634146341455,6.999999999999983,-0.042857142857142816,0.11322096038630065,-0.18048780487804877,-0.6699744753261475,0.3013733048805675
source_representative,plus__nesso_binary,trained_oof,0.125,chemistry,0.125,5,205,0.019512195121951237,4.0000000000000036,-0.06283312107919434,0.10500657894736848,-0.18048780487804877,-0.6699744753261475,0.3013733048805675
source_representative,plus__nesso_binary,trained_oof,0.125,chemistry,0.125,6,205,0.019512195121951126,3.999999999999981,-0.05027048507845349,0.09452736318407962,-0.18048780487804877,-0.6699744753261475,0.3013733048805675
source_representative,plus__nesso_binary,trained_oof,0.125,chemistry,0.125,7,205,0.009756097560975618,2.0000000000000018,-0.056094698144128985,0.08019401251540713,-0.18048780487804877,-0.6699744753261475,0.3013733048805675
source_representative,plus__nesso_binary,trained_oof,0.125,chemistry,0.125,8,205,-0.004878048780487809,-1.0000000000000009,-0.054549977385798296,0.04499999999999993,-0.18048780487804877,-0.6699744753261475,0.3013733048805675
source_representative,plus__nesso_binary,trained_oof,0.125,chemistry,0.125,9,205,-0.009756097560975618,-2.0000000000000018,-0.04761904761904767,0.026469326469326336,-0.18048780487804877,-0.6699744753261475,0.3013733048805675
source_representative,plus__nesso_binary,trained_oof,0.125,chemistry,0.125,10,205,0.0,0.0,0.0,0.0,-0.18048780487804877,-0.6699744753261475,0.3013733048805675
source_representative,plus__nesso_binary,trained_oof,0.25,chemistry,0.25,1,205,0.0975609756097561,20.0,0.019699627538147305,0.17535545023696686,-0.22926829268292684,-0.5850301724137948,0.1280946690728186
source_representative,plus__nesso_binary,trained_oof,0.25,chemistry,0.25,2,205,0.06829268292682927,14.000000000000002,-0.015077280341099447,0.15125675838039151,-0.22926829268292684,-0.5850301724137948,0.1280946690728186
source_representative,plus__nesso_binary,trained_oof,0.25,chemistry,0.25,3,205,0.06829268292682922,13.99999999999999,-0.00515666324823229,0.14851485148514854,-0.22926829268292684,-0.5850301724137948,0.1280946690728186
source_representative,plus__nesso_binary,trained_oof,0.25,chemistry,0.25,4,205,0.05365853658536579,10.999999999999988,-0.010384879725085873,0.12,-0.22926829268292684,-0.5850301724137948,0.1280946690728186
source_representative,plus__nesso_binary,trained_oof,0.25,chemistry,0.25,5,205,0.009756097560975618,2.0000000000000018,-0.051285046728972,0.07000879396984915,-0.22926829268292684,-0.5850301724137948,0.1280946690728186
source_representative,plus__nesso_binary,trained_oof,0.25,chemistry,0.25,6,205,0.004878048780487698,0.9999999999999781,-0.04784688995215303,0.05882352941176472,-0.22926829268292684,-0.5850301724137948,0.1280946690728186
source_representative,plus__nesso_binary,trained_oof,0.25,chemistry,0.25,7,205,-0.024390243902439046,-5.000000000000004,-0.06931555095808094,0.020108194031381442,-0.22926829268292684,-0.5850301724137948,0.1280946690728186
source_representative,plus__nesso_binary,trained_oof,0.25,chemistry,0.25,8,205,-0.039024390243902474,-8.000000000000007,-0.08450879405787962,0.0046528082492320955,-0.22926829268292684,-0.5850301724137948,0.1280946690728186
source_representative,plus__nesso_binary,trained_oof,0.25,chemistry,0.25,9,205,-0.009756097560975618,-2.0000000000000018,-0.05769927536231886,0.03318329213814369,-0.22926829268292684,-0.5850301724137948,0.1280946690728186
source_representative,plus__nesso_binary,trained_oof,0.25,chemistry,0.25,10,205,0.0,0.0,0.0,0.0,-0.22926829268292684,-0.5850301724137948,0.1280946690728186
source_representative,plus__nesso_binary,trained_oof,0.5,chemistry,0.5,1,205,0.0536585365853659,11.00000000000001,-0.03398058252427183,0.14285714285714285,-0.2780487804878049,-0.6523979591836729,0.11006046981318203
source_representative,plus__nesso_binary,trained_oof,0.5,chemistry,0.5,2,205,0.03414634146341455,6.999999999999983,-0.0370413436692507,0.10195730644759758,-0.2780487804878049,-0.6523979591836729,0.11006046981318203
source_representative,plus__nesso_binary,trained_oof,0.5,chemistry,0.5,3,205,0.04390243902439017,8.999999999999986,-0.024758663366336656,0.11112521150592214,-0.2780487804878049,-0.6523979591836729,0.11006046981318203
source_representative,plus__nesso_binary,trained_oof,0.5,chemistry,0.5,4,205,0.07804878048780495,16.000000000000014,0.013328947368421027,0.14432989690721643,-0.2780487804878049,-0.6523979591836729,0.11006046981318203
source_representative,plus__nesso_binary,trained_oof,0.5,chemistry,0.5,5,205,0.03902439024390236,7.999999999999984,-0.0339847264977504,0.10769607843137259,-0.2780487804878049,-0.6523979591836729,0.11006046981318203
source_representative,plus__nesso_binary,trained_oof,0.5,chemistry,0.5,6,205,0.024390243902439046,5.000000000000004,-0.032125096458887,0.08205128205128198,-0.2780487804878049,-0.6523979591836729,0.11006046981318203
source_representative,plus__nesso_binary,trained_oof,0.5,chemistry,0.5,7,205,0.014634146341463428,3.0000000000000027,-0.03804477225672884,0.070754716981132,-0.2780487804878049,-0.6523979591836729,0.11006046981318203
source_representative,plus__nesso_binary,trained_oof,0.5,chemistry,0.5,8,205,0.014634146341463428,3.0000000000000027,-0.03030303030303028,0.06341463414634141,-0.2780487804878049,-0.6523979591836729,0.11006046981318203
source_representative,plus__nesso_binary,trained_oof,0.5,chemistry,0.5,9,205,-0.024390243902439046,-5.000000000000004,-0.05607476635514019,0.004926718041262245,-0.2780487804878049,-0.6523979591836729,0.11006046981318203
source_representative,plus__nesso_binary,trained_oof,0.5,chemistry,0.5,10,205,0.0,0.0,0.0,0.0,-0.2780487804878049,-0.6523979591836729,0.11006046981318203
source_representative,plus__nesso_binary,trained_oof,1.0,chemistry,1.0,1,205,0.019512195121951237,4.0000000000000036,-0.04831504150837202,0.0952494873547505,0.04878048780487805,-0.2905007178750896,0.41038362501139325
source_representative,plus__nesso_binary,trained_oof,1.0,chemistry,1.0,2,205,0.009756097560975618,2.0000000000000018,-0.0622159813235328,0.07843565373747745,0.04878048780487805,-0.2905007178750896,0.41038362501139325
source_representative,plus__nesso_binary,trained_oof,1.0,chemistry,1.0,3,205,-0.009756097560975618,-2.0000000000000018,-0.07620879120879116,0.05555555555555547,0.04878048780487805,-0.2905007178750896,0.41038362501139325
source_representative,plus__nesso_binary,trained_oof,1.0,chemistry,1.0,4,205,0.0,0.0,-0.057978049810046464,0.06031681248883999,0.04878048780487805,-0.2905007178750896,0.41038362501139325
source_representative,plus__nesso_binary,trained_oof,1.0,chemistry,1.0,5,205,-0.029268292682926744,-5.999999999999982,-0.08290218627574884,0.024041364734299527,0.04878048780487805,-0.2905007178750896,0.41038362501139325
source_representative,plus__nesso_binary,trained_oof,1.0,chemistry,1.0,6,205,-0.019512195121951237,-4.0000000000000036,-0.07871630913091311,0.04020608090959842,0.04878048780487805,-0.2905007178750896,0.41038362501139325
source_representative,plus__nesso_binary,trained_oof,1.0,chemistry,1.0,7,205,-0.004878048780487809,-1.0000000000000009,-0.05479596555112421,0.044117647058823595,0.04878048780487805,-0.2905007178750896,0.41038362501139325
source_representative,plus__nesso_binary,trained_oof,1.0,chemistry,1.0,8,205,-0.019512195121951126,-3.999999999999981,-0.0583091532577157,0.01990298507462687,0.04878048780487805,-0.2905007178750896,0.41038362501139325
source_representative,plus__nesso_binary,trained_oof,1.0,chemistry,1.0,9,205,0.004878048780487809,1.0000000000000009,-0.0243962513516761,0.03482587064676612,0.04878048780487805,-0.2905007178750896,0.41038362501139325
source_representative,plus__nesso_binary,trained_oof,1.0,chemistry,1.0,10,205,0.0,0.0,0.0,0.0,0.04878048780487805,-0.2905007178750896,0.41038362501139325
source_representative,calibrated__raw_ad4,trained_oof,0.125,chemistry,0.125,1,205,-0.02439024390243902,-4.999999999999999,-0.07813040034562212,0.03015075376884424,0.3073170731707317,-0.009617718446601465,0.6245032999931953
source_representative,calibrated__raw_ad4,trained_oof,0.125,chemistry,0.125,2,205,-0.06829268292682927,-14.000000000000002,-0.13526570048309178,-0.004901960784313708,0.3073170731707317,-0.009617718446601465,0.6245032999931953
source_representative,calibrated__raw_ad4,trained_oof,0.125,chemistry,0.125,3,205,-0.03414634146341455,-6.999999999999983,-0.09952606635071093,0.02427480464125027,0.3073170731707317,-0.009617718446601465,0.6245032999931953
source_representative,calibrated__raw_ad4,trained_oof,0.125,chemistry,0.125,4,205,-0.039024390243902474,-8.000000000000007,-0.09852390203288708,0.019706872165048978,0.3073170731707317,-0.009617718446601465,0.6245032999931953
source_representative,calibrated__raw_ad4,trained_oof,0.125,chemistry,0.125,5,205,-0.039024390243902474,-8.000000000000007,-0.09180044593088067,0.010582010582010581,0.3073170731707317,-0.009617718446601465,0.6245032999931953
source_representative,calibrated__raw_ad4,trained_oof,0.125,chemistry,0.125,6,205,-0.039024390243902474,-8.000000000000007,-0.10222480620155038,0.02215671742352746,0.3073170731707317,-0.009617718446601465,0.6245032999931953
source_representative,calibrated__raw_ad4,trained_oof,0.125,chemistry,0.125,7,205,-0.024390243902439046,-5.000000000000004,-0.07944332077928122,0.03398058252427183,0.3073170731707317,-0.009617718446601465,0.6245032999931953
source_representative,calibrated__raw_ad4,trained_oof,0.125,chemistry,0.125,8,205,-0.024390243902439046,-5.000000000000004,-0.06500290697674424,0.019900497512437724,0.3073170731707317,-0.009617718446601465,0.6245032999931953
source_representative,calibrated__raw_ad4,trained_oof,0.125,chemistry,0.125,9,205,-0.014634146341463428,-3.0000000000000027,-0.045454545454545414,0.014357534151584547,0.3073170731707317,-0.009617718446601465,0.6245032999931953
source_representative,calibrated__raw_ad4,trained_oof,0.125,chemistry,0.125,10,205,0.0,0.0,0.0,0.0,0.3073170731707317,-0.009617718446601465,0.6245032999931953
source_representative,calibrated__raw_ad4,trained_oof,0.25,chemistry,0.25,1,205,-0.043902439024390255,-9.000000000000002,-0.09743589743589742,0.009854667548954707,0.36097560975609755,8.881784197001252e-16,0.7592691940867908
source_representative,calibrated__raw_ad4,trained_oof,0.25,chemistry,0.25,2,205,-0.053658536585365846,-10.999999999999998,-0.12394278606965169,0.019328384588193658,0.36097560975609755,8.881784197001252e-16,0.7592691940867908
source_representative,calibrated__raw_ad4,trained_oof,0.25,chemistry,0.25,3,205,-0.05853658536585371,-12.00000000000001,-0.12616935849741404,0.014568487254292373,0.36097560975609755,8.881784197001252e-16,0.7592691940867908
source_representative,calibrated__raw_ad4,trained_oof,0.25,chemistry,0.25,4,205,-0.07317073170731714,-15.000000000000014,-0.146349593495935,0.0,0.36097560975609755,8.881784197001252e-16,0.7592691940867908
source_representative,calibrated__raw_ad4,trained_oof,0.25,chemistry,0.25,5,205,-0.07317073170731703,-14.999999999999991,-0.1422717889908256,-0.0050000000000000044,0.36097560975609755,8.881784197001252e-16,0.7592691940867908
source_representative,calibrated__raw_ad4,trained_oof,0.25,chemistry,0.25,6,205,-0.004878048780487809,-1.0000000000000009,-0.07870655446086482,0.0646847014925372,0.36097560975609755,8.881784197001252e-16,0.7592691940867908
source_representative,calibrated__raw_ad4,trained_oof,0.25,chemistry,0.25,7,205,-0.029268292682926855,-6.000000000000005,-0.09479206161137439,0.029854477611940256,0.36097560975609755,8.881784197001252e-16,0.7592691940867908
source_representative,calibrated__raw_ad4,trained_oof,0.25,chemistry,0.25,8,205,-0.029268292682926855,-6.000000000000005,-0.09042620014968464,0.029854477611940256,0.36097560975609755,8.881784197001252e-16,0.7592691940867908
source_representative,calibrated__raw_ad4,trained_oof,0.25,chemistry,0.25,9,205,0.004878048780487809,1.0000000000000009,-0.01492537313432829,0.0280406739502435,0.36097560975609755,8.881784197001252e-16,0.7592691940867908
source_representative,calibrated__raw_ad4,trained_oof,0.25,chemistry,0.25,10,205,0.0,0.0,0.0,0.0,0.36097560975609755,8.881784197001252e-16,0.7592691940867908
source_representative,calibrated__raw_ad4,trained_oof,0.5,chemistry,0.5,1,205,-0.19512195121951217,-39.99999999999999,-0.27137009934464945,-0.11706690221107821,0.8341463414634146,0.43977142127442154,1.2418712222108397
source_representative,calibrated__raw_ad4,trained_oof,0.5,chemistry,0.5,2,205,-0.20000000000000007,-41.000000000000014,-0.28169014084507044,-0.11615612648221349,0.8341463414634146,0.43977142127442154,1.2418712222108397
source_representative,calibrated__raw_ad4,trained_oof,0.5,chemistry,0.5,3,205,-0.09268292682926826,-18.999999999999993,-0.16431924882629106,-0.02051282051282055,0.8341463414634146,0.43977142127442154,1.2418712222108397
source_representative,calibrated__raw_ad4,trained_oof,0.5,chemistry,0.5,4,205,-0.029268292682926744,-5.999999999999982,-0.10047906999110381,0.03903400216268171,0.8341463414634146,0.43977142127442154,1.2418712222108397
source_representative,calibrated__raw_ad4,trained_oof,0.5,chemistry,0.5,5,205,-0.08780487804878057,-18.000000000000014,-0.160385781671159,-0.015622976036269443,0.8341463414634146,0.43977142127442154,1.2418712222108397
source_representative,calibrated__raw_ad4,trained_oof,0.5,chemistry,0.5,6,205,-0.08292682926829265,-16.999999999999993,-0.15197342389870738,-0.019319048609666458,0.8341463414634146,0.43977142127442154,1.2418712222108397
source_representative,calibrated__raw_ad4,trained_oof,0.5,chemistry,0.5,7,205,-0.07317073170731714,-15.000000000000014,-0.1336488214671576,-0.019323671497584623,0.8341463414634146,0.43977142127442154,1.2418712222108397
source_representative,calibrated__raw_ad4,trained_oof,0.5,chemistry,0.5,8,205,-0.03902439024390236,-7.999999999999984,-0.08715596330275233,0.004926718041262245,0.8341463414634146,0.43977142127442154,1.2418712222108397
source_representative,calibrated__raw_ad4,trained_oof,0.5,chemistry,0.5,9,205,-0.034146341463414664,-7.000000000000006,-0.07462686567164178,-0.004694287218639007,0.8341463414634146,0.43977142127442154,1.2418712222108397
source_representative,calibrated__raw_ad4,trained_oof,0.5,chemistry,0.5,10,205,0.0,0.0,0.0,0.0,0.8341463414634146,0.43977142127442154,1.2418712222108397
source_representative,calibrated__raw_ad4,trained_oof,1.0,chemistry,1.0,1,205,-0.2682926829268293,-55.0,-0.36019925720014584,-0.18476210008203459,1.2048780487804878,0.7435406698564585,1.7031797252415464
source_representative,calibrated__raw_ad4,trained_oof,1.0,chemistry,1.0,2,205,-0.32195121951219513,-66.0,-0.4158522431190488,-0.22999162679425844,1.2048780487804878,0.7435406698564585,1.7031797252415464
source_representative,calibrated__raw_ad4,trained_oof,1.0,chemistry,1.0,3,205,-0.1707317073170731,-34.999999999999986,-0.2475750839306778,-0.09404782226991176,1.2048780487804878,0.7435406698564585,1.7031797252415464
source_representative,calibrated__raw_ad4,trained_oof,1.0,chemistry,1.0,4,205,-0.12682926829268293,-26.0,-0.2097692044677457,-0.04346273291925482,1.2048780487804878,0.7435406698564585,1.7031797252415464
source_representative,calibrated__raw_ad4,trained_oof,1.0,chemistry,1.0,5,205,-0.10243902439024388,-20.999999999999996,-0.184625,-0.02029946687753486,1.2048780487804878,0.7435406698564585,1.7031797252415464
source_representative,calibrated__raw_ad4,trained_oof,1.0,chemistry,1.0,6,205,-0.09268292682926826,-18.999999999999993,-0.1724137931034483,-0.018784827451364217,1.2048780487804878,0.7435406698564585,1.7031797252415464
source_representative,calibrated__raw_ad4,trained_oof,1.0,chemistry,1.0,7,205,-0.08292682926829276,-17.000000000000014,-0.15494522691705792,-0.014628869606003795,1.2048780487804878,0.7435406698564585,1.7031797252415464
source_representative,calibrated__raw_ad4,trained_oof,1.0,chemistry,1.0,8,205,-0.024390243902438935,-4.999999999999981,-0.06730893782383418,0.015306122448979557,1.2048780487804878,0.7435406698564585,1.7031797252415464
source_representative,calibrated__raw_ad4,trained_oof,1.0,chemistry,1.0,9,205,-0.014634146341463428,-3.0000000000000027,-0.041288563008033435,0.009661835748792206,1.2048780487804878,0.7435406698564585,1.7031797252415464
source_representative,calibrated__raw_ad4,trained_oof,1.0,chemistry,1.0,10,205,0.0,0.0,0.0,0.0,1.2048780487804878,0.7435406698564585,1.7031797252415464
source_representative,availability__raw_ad4,trained_oof,0.125,chemistry,0.125,1,205,0.0,0.0,0.0,0.0,-0.00975609756097561,-0.025252525252525082,0.0
source_representative,availability__raw_ad4,trained_oof,0.125,chemistry,0.125,2,205,0.0,0.0,0.0,0.0,-0.00975609756097561,-0.025252525252525082,0.0
source_representative,availability__raw_ad4,trained_oof,0.125,chemistry,0.125,3,205,0.0,0.0,0.0,0.0,-0.00975609756097561,-0.025252525252525082,0.0
source_representative,availability__raw_ad4,trained_oof,0.125,chemistry,0.125,4,205,0.0,0.0,0.0,0.0,-0.00975609756097561,-0.025252525252525082,0.0
source_representative,availability__raw_ad4,trained_oof,0.125,chemistry,0.125,5,205,0.004878048780487809,1.0000000000000009,0.0,0.015463917525773252,-0.00975609756097561,-0.025252525252525082,0.0
source_representative,availability__raw_ad4,trained_oof,0.125,chemistry,0.125,6,205,0.0,0.0,0.0,0.0,-0.00975609756097561,-0.025252525252525082,0.0
source_representative,availability__raw_ad4,trained_oof,0.125,chemistry,0.125,7,205,0.0,0.0,0.0,0.0,-0.00975609756097561,-0.025252525252525082,0.0
source_representative,availability__raw_ad4,trained_oof,0.125,chemistry,0.125,8,205,0.0,0.0,0.0,0.0,-0.00975609756097561,-0.025252525252525082,0.0
source_representative,availability__raw_ad4,trained_oof,0.125,chemistry,0.125,9,205,0.004878048780487809,1.0000000000000009,0.0,0.015075376884422065,-0.00975609756097561,-0.025252525252525082,0.0
source_representative,availability__raw_ad4,trained_oof,0.125,chemistry,0.125,10,205,0.0,0.0,0.0,0.0,-0.00975609756097561,-0.025252525252525082,0.0
source_representative,availability__raw_ad4,trained_oof,0.25,chemistry,0.25,1,205,0.0,0.0,0.0,0.0,0.00975609756097561,-0.014925373134327758,0.03827751196172182
source_representative,availability__raw_ad4,trained_oof,0.25,chemistry,0.25,2,205,0.004878048780487809,1.0000000000000009,0.0,0.015546065414507761,0.00975609756097561,-0.014925373134327758,0.03827751196172182
source_representative,availability__raw_ad4,trained_oof,0.25,chemistry,0.25,3,205,0.004878048780487698,0.9999999999999781,0.0,0.015463917525773141,0.00975609756097561,-0.014925373134327758,0.03827751196172182
source_representative,availability__raw_ad4,trained_oof,0.25,chemistry,0.25,4,205,0.0,0.0,0.0,0.0,0.00975609756097561,-0.014925373134327758,0.03827751196172182
source_representative,availability__raw_ad4,trained_oof,0.25,chemistry,0.25,5,205,-0.004878048780487809,-1.0000000000000009,-0.015544041450777257,0.0,0.00975609756097561,-0.014925373134327758,0.03827751196172182
source_representative,availability__raw_ad4,trained_oof,0.25,chemistry,0.25,6,205,-0.004878048780487809,-1.0000000000000009,-0.014634146341463428,0.0,0.00975609756097561,-0.014925373134327758,0.03827751196172182
source_representative,availability__raw_ad4,trained_oof,0.25,chemistry,0.25,7,205,-0.004878048780487809,-1.0000000000000009,-0.014634146341463428,0.0,0.00975609756097561,-0.014925373134327758,0.03827751196172182
source_representative,availability__raw_ad4,trained_oof,0.25,chemistry,0.25,8,205,-0.004878048780487809,-1.0000000000000009,-0.015075376884422065,0.0,0.00975609756097561,-0.014925373134327758,0.03827751196172182
source_representative,availability__raw_ad4,trained_oof,0.25,chemistry,0.25,9,205,0.0,0.0,0.0,0.0,0.00975609756097561,-0.014925373134327758,0.03827751196172182
source_representative,availability__raw_ad4,trained_oof,0.25,chemistry,0.25,10,205,0.0,0.0,0.0,0.0,0.00975609756097561,-0.014925373134327758,0.03827751196172182
source_representative,availability__raw_ad4,trained_oof,0.5,chemistry,0.5,1,205,0.0,0.0,0.0,0.0,0.00975609756097561,-0.014219702098849485,0.03398058252427205
source_representative,availability__raw_ad4,trained_oof,0.5,chemistry,0.5,2,205,-0.004878048780487809,-1.0000000000000009,-0.014634146341463428,0.0,0.00975609756097561,-0.014219702098849485,0.03398058252427205
source_representative,availability__raw_ad4,trained_oof,0.5,chemistry,0.5,3,205,0.004878048780487809,1.0000000000000009,0.0,0.015386597938144373,0.00975609756097561,-0.014219702098849485,0.03398058252427205
source_representative,availability__raw_ad4,trained_oof,0.5,chemistry,0.5,4,205,0.004878048780487809,1.0000000000000009,0.0,0.015306122448979553,0.00975609756097561,-0.014219702098849485,0.03398058252427205
source_representative,availability__raw_ad4,trained_oof,0.5,chemistry,0.5,5,205,-0.009756097560975618,-2.0000000000000018,-0.02500314070351761,0.0,0.00975609756097561,-0.014219702098849485,0.03398058252427205
source_representative,availability__raw_ad4,trained_oof,0.5,chemistry,0.5,6,205,-0.004878048780487809,-1.0000000000000009,-0.015544041450777257,0.0,0.00975609756097561,-0.014219702098849485,0.03398058252427205
source_representative,availability__raw_ad4,trained_oof,0.5,chemistry,0.5,7,205,0.0,0.0,0.0,0.0,0.00975609756097561,-0.014219702098849485,0.03398058252427205
source_representative,availability__raw_ad4,trained_oof,0.5,chemistry,0.5,8,205,0.0,0.0,0.0,0.0,0.00975609756097561,-0.014219702098849485,0.03398058252427205
source_representative,availability__raw_ad4,trained_oof,0.5,chemistry,0.5,9,205,0.0,0.0,0.0,0.0,0.00975609756097561,-0.014219702098849485,0.03398058252427205
source_representative,availability__raw_ad4,trained_oof,0.5,chemistry,0.5,10,205,0.0,0.0,0.0,0.0,0.00975609756097561,-0.014219702098849485,0.03398058252427205
source_representative,availability__raw_ad4,trained_oof,1.0,chemistry,1.0,1,205,0.0,0.0,0.0,0.0,0.00975609756097561,-0.010309278350515427,0.035559523809524006
source_representative,availability__raw_ad4,trained_oof,1.0,chemistry,1.0,2,205,0.0,0.0,0.0,0.0,0.00975609756097561,-0.010309278350515427,0.035559523809524006
source_representative,availability__raw_ad4,trained_oof,1.0,chemistry,1.0,3,205,0.0,0.0,0.0,0.0,0.00975609756097561,-0.010309278350515427,0.035559523809524006
source_representative,availability__raw_ad4,trained_oof,1.0,chemistry,1.0,4,205,0.0,0.0,0.0,0.0,0.00975609756097561,-0.010309278350515427,0.035559523809524006
source_representative,availability__raw_ad4,trained_oof,1.0,chemistry,1.0,5,205,-0.004878048780487809,-1.0000000000000009,-0.015463917525773141,0.0,0.00975609756097561,-0.010309278350515427,0.035559523809524006
source_representative,availability__raw_ad4,trained_oof,1.0,chemistry,1.0,6,205,-0.009756097560975618,-2.0000000000000018,-0.02439024390243894,0.0,0.00975609756097561,-0.010309278350515427,0.035559523809524006
source_representative,availability__raw_ad4,trained_oof,1.0,chemistry,1.0,7,205,0.0,0.0,0.0,0.0,0.00975609756097561,-0.010309278350515427,0.035559523809524006
source_representative,availability__raw_ad4,trained_oof,1.0,chemistry,1.0,8,205,0.0,0.0,0.0,0.0,0.00975609756097561,-0.010309278350515427,0.035559523809524006
source_representative,availability__raw_ad4,trained_oof,1.0,chemistry,1.0,9,205,0.004878048780487809,1.0000000000000009,0.0,0.015706806282722474,0.00975609756097561,-0.010309278350515427,0.035559523809524006
source_representative,availability__raw_ad4,trained_oof,1.0,chemistry,1.0,10,205,0.0,0.0,0.0,0.0,0.00975609756097561,-0.010309278350515427,0.035559523809524006
source_representative,plus__raw_ad4,trained_oof,0.125,chemistry,0.125,1,205,0.039024390243902446,8.000000000000002,-0.009854667548954747,0.0895621100844981,0.014634146341463415,-0.20203298810893788,0.23673144488361972
source_representative,plus__raw_ad4,trained_oof,0.125,chemistry,0.125,2,205,0.02439024390243899,4.999999999999993,-0.019709335097909498,0.0742666617408009,0.014634146341463415,-0.20203298810893788,0.23673144488361972
source_representative,plus__raw_ad4,trained_oof,0.125,chemistry,0.125,3,205,-0.019512195121951126,-3.999999999999981,-0.06219943156094371,0.02439024390243894,0.014634146341463415,-0.20203298810893788,0.23673144488361972
source_representative,plus__raw_ad4,trained_oof,0.125,chemistry,0.125,4,205,-0.029268292682926855,-6.000000000000005,-0.07426145521528904,0.014929123228080722,0.014634146341463415,-0.20203298810893788,0.23673144488361972
source_representative,plus__raw_ad4,trained_oof,0.125,chemistry,0.125,5,205,-0.009756097560975618,-2.0000000000000018,-0.0555685358255452,0.03500439698492452,0.014634146341463415,-0.20203298810893788,0.23673144488361972
source_representative,plus__raw_ad4,trained_oof,0.125,chemistry,0.125,6,205,-0.019512195121951237,-4.0000000000000036,-0.060751814602210685,0.02336999647328516,0.014634146341463415,-0.20203298810893788,0.23673144488361972
source_representative,plus__raw_ad4,trained_oof,0.125,chemistry,0.125,7,205,-0.004878048780487809,-1.0000000000000009,-0.06153846153846154,0.05419389845388481,0.014634146341463415,-0.20203298810893788,0.23673144488361972
source_representative,plus__raw_ad4,trained_oof,0.125,chemistry,0.125,8,205,0.0,0.0,-0.033175355450236976,0.03483022388059694,0.014634146341463415,-0.20203298810893788,0.23673144488361972
source_representative,plus__raw_ad4,trained_oof,0.125,chemistry,0.125,9,205,0.004878048780487809,1.0000000000000009,-0.01538461538461533,0.02777777777777779,0.014634146341463415,-0.20203298810893788,0.23673144488361972
source_representative,plus__raw_ad4,trained_oof,0.125,chemistry,0.125,10,205,0.0,0.0,0.0,0.0,0.014634146341463415,-0.20203298810893788,0.23673144488361972
source_representative,plus__raw_ad4,trained_oof,0.25,chemistry,0.25,1,205,0.0048780487804877815,0.9999999999999952,-0.010205389848247001,0.02358770008047928,-0.03414634146341464,-0.10139646995660126,0.024518949370793814
source_representative,plus__raw_ad4,trained_oof,0.25,chemistry,0.25,2,205,0.009756097560975618,2.0000000000000018,-0.009433962264150941,0.03077720207253882,-0.03414634146341464,-0.10139646995660126,0.024518949370793814
source_representative,plus__raw_ad4,trained_oof,0.25,chemistry,0.25,3,205,0.014634146341463317,2.99999999999998,0.0,0.032863849765258246,-0.03414634146341464,-0.10139646995660126,0.024518949370793814
source_representative,plus__raw_ad4,trained_oof,0.25,chemistry,0.25,4,205,0.024390243902438935,4.999999999999981,0.004901960784313708,0.04878646580583443,-0.03414634146341464,-0.10139646995660126,0.024518949370793814
source_representative,plus__raw_ad4,trained_oof,0.25,chemistry,0.25,5,205,-0.004878048780487809,-1.0000000000000009,-0.02392344497607657,0.010001256281407038,-0.03414634146341464,-0.10139646995660126,0.024518949370793814
source_representative,plus__raw_ad4,trained_oof,0.25,chemistry,0.25,6,205,-0.014634146341463428,-3.0000000000000027,-0.03646011700913246,0.005155306874632741,-0.03414634146341464,-0.10139646995660126,0.024518949370793814
source_representative,plus__raw_ad4,trained_oof,0.25,chemistry,0.25,7,205,-0.004878048780487809,-1.0000000000000009,-0.020969508960490827,0.010256410256410223,-0.03414634146341464,-0.10139646995660126,0.024518949370793814
source_representative,plus__raw_ad4,trained_oof,0.25,chemistry,0.25,8,205,0.0,0.0,-0.014219702098849055,0.014778325123152691,-0.03414634146341464,-0.10139646995660126,0.024518949370793814
source_representative,plus__raw_ad4,trained_oof,0.25,chemistry,0.25,9,205,0.004878048780487809,1.0000000000000009,0.0,0.015544041450777257,-0.03414634146341464,-0.10139646995660126,0.024518949370793814
source_representative,plus__raw_ad4,trained_oof,0.25,chemistry,0.25,10,205,0.0,0.0,0.0,0.0,-0.03414634146341464,-0.10139646995660126,0.024518949370793814
source_representative,plus__raw_ad4,trained_oof,0.5,chemistry,0.5,1,205,0.034146341463414664,7.000000000000006,0.0,0.07042964859866266,-0.22926829268292684,-0.4954861111111101,-0.004901362984218064
source_representative,plus__raw_ad4,trained_oof,0.5,chemistry,0.5,2,205,0.03414634146341455,6.999999999999983,-0.004807692307692293,0.07537688442211049,-0.22926829268292684,-0.4954861111111101,-0.004901362984218064
source_representative,plus__raw_ad4,trained_oof,0.5,chemistry,0.5,3,205,0.039024390243902474,8.000000000000007,-0.004651162790697663,0.08213431943821901,-0.22926829268292684,-0.4954861111111101,-0.004901362984218064
source_representative,plus__raw_ad4,trained_oof,0.5,chemistry,0.5,4,205,0.04878048780487809,10.000000000000009,0.013753754062615626,0.09009914437050107,-0.22926829268292684,-0.4954861111111101,-0.004901362984218064
source_representative,plus__raw_ad4,trained_oof,0.5,chemistry,0.5,5,205,0.019512195121951237,4.0000000000000036,-0.0277842679127726,0.06897405257767143,-0.22926829268292684,-0.4954861111111101,-0.004901362984218064
source_representative,plus__raw_ad4,trained_oof,0.5,chemistry,0.5,6,205,0.014634146341463428,3.0000000000000027,-0.029271879483500744,0.061633590047393216,-0.22926829268292684,-0.4954861111111101,-0.004901362984218064
source_representative,plus__raw_ad4,trained_oof,0.5,chemistry,0.5,7,205,0.019512195121951237,4.0000000000000036,-0.015153437932625736,0.06132075471698106,-0.22926829268292684,-0.4954861111111101,-0.004901362984218064
source_representative,plus__raw_ad4,trained_oof,0.5,chemistry,0.5,8,205,0.019512195121951237,4.0000000000000036,-0.005102694924123555,0.055837563451776706,-0.22926829268292684,-0.4954861111111101,-0.004901362984218064
source_representative,plus__raw_ad4,trained_oof,0.5,chemistry,0.5,9,205,0.0,0.0,0.0,0.0,-0.22926829268292684,-0.4954861111111101,-0.004901362984218064
source_representative,plus__raw_ad4,trained_oof,0.5,chemistry,0.5,10,205,0.0,0.0,0.0,0.0,-0.22926829268292684,-0.4954861111111101,-0.004901362984218064
source_representative,plus__raw_ad4,trained_oof,1.0,chemistry,1.0,1,205,0.0,0.0,-0.01428571428571429,0.014634146341463428,0.00975609756097561,-0.02955665024630518,0.05263157894736905
source_representative,plus__raw_ad4,trained_oof,1.0,chemistry,1.0,2,205,0.0,0.0,-0.013764653414882798,0.014635939741750363,0.00975609756097561,-0.02955665024630518,0.05263157894736905
source_representative,plus__raw_ad4,trained_oof,1.0,chemistry,1.0,3,205,0.0,0.0,0.0,0.0,0.00975609756097561,-0.02955665024630518,0.05263157894736905
source_representative,plus__raw_ad4,trained_oof,1.0,chemistry,1.0,4,205,0.0,0.0,-0.014778325123152695,0.014424818840579652,0.00975609756097561,-0.02955665024630518,0.05263157894736905
source_representative,plus__raw_ad4,trained_oof,1.0,chemistry,1.0,5,205,-0.004878048780487809,-1.0000000000000009,-0.015463917525773141,0.0,0.00975609756097561,-0.02955665024630518,0.05263157894736905
source_representative,plus__raw_ad4,trained_oof,1.0,chemistry,1.0,6,205,-0.009756097560975618,-2.0000000000000018,-0.02439024390243894,0.0,0.00975609756097561,-0.02955665024630518,0.05263157894736905
source_representative,plus__raw_ad4,trained_oof,1.0,chemistry,1.0,7,205,0.0,0.0,-0.013761467889908285,0.014705882352941124,0.00975609756097561,-0.02955665024630518,0.05263157894736905
source_representative,plus__raw_ad4,trained_oof,1.0,chemistry,1.0,8,205,0.0,0.0,0.0,0.0,0.00975609756097561,-0.02955665024630518,0.05263157894736905
source_representative,plus__raw_ad4,trained_oof,1.0,chemistry,1.0,9,205,0.004878048780487809,1.0000000000000009,0.0,0.015706806282722474,0.00975609756097561,-0.02955665024630518,0.05263157894736905
source_representative,plus__raw_ad4,trained_oof,1.0,chemistry,1.0,10,205,0.0,0.0,0.0,0.0,0.00975609756097561,-0.02955665024630518,0.05263157894736905
source_representative,calibrated__raw_gnina_own,trained_oof,0.125,chemistry,0.125,1,205,-0.009756097560975618,-2.0000000000000018,-0.06573425323514695,0.04695389317034279,0.0,-0.33013849905673387,0.34804470295580964
source_representative,calibrated__raw_gnina_own,trained_oof,0.125,chemistry,0.125,2,205,-0.039024390243902474,-8.000000000000007,-0.11607368326118324,0.03517587939698491,0.0,-0.33013849905673387,0.34804470295580964
source_representative,calibrated__raw_gnina_own,trained_oof,0.125,chemistry,0.125,3,205,-0.004878048780487698,-0.9999999999999781,-0.06153846153846154,0.04901960784313719,0.0,-0.33013849905673387,0.34804470295580964
source_representative,calibrated__raw_gnina_own,trained_oof,0.125,chemistry,0.125,4,205,0.014634146341463428,3.0000000000000027,-0.0507678959908837,0.0845087940578796,0.0,-0.33013849905673387,0.34804470295580964
source_representative,calibrated__raw_gnina_own,trained_oof,0.125,chemistry,0.125,5,205,0.034146341463414664,7.000000000000006,-0.03611499181038634,0.10786726607741536,0.0,-0.33013849905673387,0.34804470295580964
source_representative,calibrated__raw_gnina_own,trained_oof,0.125,chemistry,0.125,6,205,0.014634146341463317,2.99999999999998,-0.04608828298344419,0.07767116052115294,0.0,-0.33013849905673387,0.34804470295580964
source_representative,calibrated__raw_gnina_own,trained_oof,0.125,chemistry,0.125,7,205,-0.004878048780487809,-1.0000000000000009,-0.056610480193150306,0.04854368932038833,0.0,-0.33013849905673387,0.34804470295580964
source_representative,calibrated__raw_gnina_own,trained_oof,0.125,chemistry,0.125,8,205,0.0,0.0,-0.04167212041884813,0.04591836734693877,0.0,-0.33013849905673387,0.34804470295580964
source_representative,calibrated__raw_gnina_own,trained_oof,0.125,chemistry,0.125,9,205,-0.004878048780487809,-1.0000000000000009,-0.038277511961722466,0.029140632509852837,0.0,-0.33013849905673387,0.34804470295580964
source_representative,calibrated__raw_gnina_own,trained_oof,0.125,chemistry,0.125,10,205,0.0,0.0,0.0,0.0,0.0,-0.33013849905673387,0.34804470295580964
source_representative,calibrated__raw_gnina_own,trained_oof,0.25,chemistry,0.25,1,205,-0.024390243902439046,-5.000000000000004,-0.0882387140902873,0.03553752719361854,0.17560975609756097,-0.2886029411764713,0.6762011371712857
source_representative,calibrated__raw_gnina_own,trained_oof,0.25,chemistry,0.25,2,205,-0.03902439024390242,-7.999999999999996,-0.12078760377093005,0.0375766561089021,0.17560975609756097,-0.2886029411764713,0.6762011371712857
source_representative,calibrated__raw_gnina_own,trained_oof,0.25,chemistry,0.25,3,205,0.014634146341463317,2.99999999999998,-0.07538640170549718,0.10051520227399627,0.17560975609756097,-0.2886029411764713,0.6762011371712857
source_representative,calibrated__raw_gnina_own,trained_oof,0.25,chemistry,0.25,4,205,0.004878048780487809,1.0000000000000009,-0.07921777252352108,0.08334424083769632,0.17560975609756097,-0.2886029411764713,0.6762011371712857
source_representative,calibrated__raw_gnina_own,trained_oof,0.25,chemistry,0.25,5,205,-0.039024390243902474,-8.000000000000007,-0.12561797372341865,0.048094512195121904,0.17560975609756097,-0.2886029411764713,0.6762011371712857
source_representative,calibrated__raw_gnina_own,trained_oof,0.25,chemistry,0.25,6,205,-0.014634146341463428,-3.0000000000000027,-0.09805128948130985,0.06374126383226549,0.17560975609756097,-0.2886029411764713,0.6762011371712857
source_representative,calibrated__raw_gnina_own,trained_oof,0.25,chemistry,0.25,7,205,-0.029268292682926855,-6.000000000000005,-0.10660067681895091,0.04168632075471684,0.17560975609756097,-0.2886029411764713,0.6762011371712857
source_representative,calibrated__raw_gnina_own,trained_oof,0.25,chemistry,0.25,8,205,-0.029268292682926855,-6.000000000000005,-0.09045285953577406,0.029279159623279365,0.17560975609756097,-0.2886029411764713,0.6762011371712857
source_representative,calibrated__raw_gnina_own,trained_oof,0.25,chemistry,0.25,9,205,-0.019512195121951237,-4.0000000000000036,-0.054740118502962544,0.01449275362318836,0.17560975609756097,-0.2886029411764713,0.6762011371712857
source_representative,calibrated__raw_gnina_own,trained_oof,0.25,chemistry,0.25,10,205,0.0,0.0,0.0,0.0,0.17560975609756097,-0.2886029411764713,0.6762011371712857
source_representative,calibrated__raw_gnina_own,trained_oof,0.5,chemistry,0.5,1,205,-0.09268292682926826,-18.999999999999993,-0.1584602999134865,-0.028982023411371245,0.6926829268292682,0.27134626333638684,1.1516744051771834
source_representative,calibrated__raw_gnina_own,trained_oof,0.5,chemistry,0.5,2,205,-0.12195121951219517,-25.00000000000001,-0.20755172728101354,-0.04432416196083155,0.6926829268292682,0.27134626333638684,1.1516744051771834
source_representative,calibrated__raw_gnina_own,trained_oof,0.5,chemistry,0.5,3,205,-0.1121951219512195,-22.999999999999996,-0.19444444444444448,-0.03516712917822955,0.6926829268292682,0.27134626333638684,1.1516744051771834
source_representative,calibrated__raw_gnina_own,trained_oof,0.5,chemistry,0.5,4,205,-0.0585365853658536,-11.999999999999988,-0.14009887579574706,0.020621227498531083,0.6926829268292682,0.27134626333638684,1.1516744051771834
source_representative,calibrated__raw_gnina_own,trained_oof,0.5,chemistry,0.5,5,205,-0.09756097560975618,-20.000000000000018,-0.18182880203908247,-0.01980198019801982,0.6926829268292682,0.27134626333638684,1.1516744051771834
source_representative,calibrated__raw_gnina_own,trained_oof,0.5,chemistry,0.5,6,205,-0.10243902439024388,-20.999999999999996,-0.17475728155339798,-0.03332938388625594,0.6926829268292682,0.27134626333638684,1.1516744051771834
source_representative,calibrated__raw_gnina_own,trained_oof,0.5,chemistry,0.5,7,205,-0.05853658536585371,-12.00000000000001,-0.12094435992175621,0.0,0.6926829268292682,0.27134626333638684,1.1516744051771834
source_representative,calibrated__raw_gnina_own,trained_oof,0.5,chemistry,0.5,8,205,-0.019512195121951126,-3.999999999999981,-0.08257775788767067,0.04109942098573641,0.6926829268292682,0.27134626333638684,1.1516744051771834
source_representative,calibrated__raw_gnina_own,trained_oof,0.5,chemistry,0.5,9,205,-0.029268292682926855,-6.000000000000005,-0.06864787581699344,0.004809451219512169,0.6926829268292682,0.27134626333638684,1.1516744051771834
source_representative,calibrated__raw_gnina_own,trained_oof,0.5,chemistry,0.5,10,205,0.0,0.0,0.0,0.0,0.6926829268292682,0.27134626333638684,1.1516744051771834
source_representative,calibrated__raw_gnina_own,trained_oof,1.0,chemistry,1.0,1,205,-0.19512195121951217,-39.99999999999999,-0.2740384615384615,-0.11732588666534582,0.8585365853658536,0.4583071608040207,1.2871808872063677
source_representative,calibrated__raw_gnina_own,trained_oof,1.0,chemistry,1.0,2,205,-0.18536585365853658,-38.0,-0.2775186071238702,-0.1009064571353322,0.8585365853658536,0.4583071608040207,1.2871808872063677
source_representative,calibrated__raw_gnina_own,trained_oof,1.0,chemistry,1.0,3,205,-0.14146341463414636,-29.000000000000004,-0.21698213568847846,-0.0673076923076924,0.8585365853658536,0.4583071608040207,1.2871808872063677
source_representative,calibrated__raw_gnina_own,trained_oof,1.0,chemistry,1.0,4,205,-0.102439024390244,-21.000000000000018,-0.17327836656905132,-0.034653465346534684,0.8585365853658536,0.4583071608040207,1.2871808872063677
source_representative,calibrated__raw_gnina_own,trained_oof,1.0,chemistry,1.0,5,205,-0.06341463414634141,-12.99999999999999,-0.13426098673300169,0.00467344565837397,0.8585365853658536,0.4583071608040207,1.2871808872063677
source_representative,calibrated__raw_gnina_own,trained_oof,1.0,chemistry,1.0,6,205,-0.04878048780487809,-10.000000000000009,-0.11215067244130386,0.009756097560975618,0.8585365853658536,0.4583071608040207,1.2871808872063677
source_representative,calibrated__raw_gnina_own,trained_oof,1.0,chemistry,1.0,7,205,-0.04878048780487809,-10.000000000000009,-0.10824742268041243,0.005102040816326483,0.8585365853658536,0.4583071608040207,1.2871808872063677
source_representative,calibrated__raw_gnina_own,trained_oof,1.0,chemistry,1.0,8,205,-0.04390243902439017,-8.999999999999986,-0.0938967136150235,0.0,0.8585365853658536,0.4583071608040207,1.2871808872063677
source_representative,calibrated__raw_gnina_own,trained_oof,1.0,chemistry,1.0,9,205,-0.029268292682926855,-6.000000000000005,-0.07254357041921812,0.00995024875621886,0.8585365853658536,0.4583071608040207,1.2871808872063677
source_representative,calibrated__raw_gnina_own,trained_oof,1.0,chemistry,1.0,10,205,0.0,0.0,0.0,0.0,0.8585365853658536,0.4583071608040207,1.2871808872063677
source_representative,availability__raw_gnina_own,trained_oof,0.125,chemistry,0.125,1,205,0.0,0.0,0.0,0.0,-0.00975609756097561,-0.025252525252525082,0.0
source_representative,availability__raw_gnina_own,trained_oof,0.125,chemistry,0.125,2,205,0.0,0.0,0.0,0.0,-0.00975609756097561,-0.025252525252525082,0.0
source_representative,availability__raw_gnina_own,trained_oof,0.125,chemistry,0.125,3,205,0.0,0.0,0.0,0.0,-0.00975609756097561,-0.025252525252525082,0.0
source_representative,availability__raw_gnina_own,trained_oof,0.125,chemistry,0.125,4,205,0.0,0.0,0.0,0.0,-0.00975609756097561,-0.025252525252525082,0.0
source_representative,availability__raw_gnina_own,trained_oof,0.125,chemistry,0.125,5,205,0.004878048780487809,1.0000000000000009,0.0,0.015463917525773252,-0.00975609756097561,-0.025252525252525082,0.0
source_representative,availability__raw_gnina_own,trained_oof,0.125,chemistry,0.125,6,205,0.0,0.0,0.0,0.0,-0.00975609756097561,-0.025252525252525082,0.0
source_representative,availability__raw_gnina_own,trained_oof,0.125,chemistry,0.125,7,205,0.0,0.0,0.0,0.0,-0.00975609756097561,-0.025252525252525082,0.0
source_representative,availability__raw_gnina_own,trained_oof,0.125,chemistry,0.125,8,205,0.0,0.0,0.0,0.0,-0.00975609756097561,-0.025252525252525082,0.0
source_representative,availability__raw_gnina_own,trained_oof,0.125,chemistry,0.125,9,205,0.004878048780487809,1.0000000000000009,0.0,0.015075376884422065,-0.00975609756097561,-0.025252525252525082,0.0
source_representative,availability__raw_gnina_own,trained_oof,0.125,chemistry,0.125,10,205,0.0,0.0,0.0,0.0,-0.00975609756097561,-0.025252525252525082,0.0
source_representative,availability__raw_gnina_own,trained_oof,0.25,chemistry,0.25,1,205,0.0,0.0,0.0,0.0,0.00975609756097561,-0.014925373134327758,0.03827751196172182
source_representative,availability__raw_gnina_own,trained_oof,0.25,chemistry,0.25,2,205,0.004878048780487809,1.0000000000000009,0.0,0.015546065414507761,0.00975609756097561,-0.014925373134327758,0.03827751196172182
source_representative,availability__raw_gnina_own,trained_oof,0.25,chemistry,0.25,3,205,0.004878048780487698,0.9999999999999781,0.0,0.015463917525773141,0.00975609756097561,-0.014925373134327758,0.03827751196172182
source_representative,availability__raw_gnina_own,trained_oof,0.25,chemistry,0.25,4,205,0.0,0.0,0.0,0.0,0.00975609756097561,-0.014925373134327758,0.03827751196172182
source_representative,availability__raw_gnina_own,trained_oof,0.25,chemistry,0.25,5,205,-0.004878048780487809,-1.0000000000000009,-0.015544041450777257,0.0,0.00975609756097561,-0.014925373134327758,0.03827751196172182
source_representative,availability__raw_gnina_own,trained_oof,0.25,chemistry,0.25,6,205,-0.004878048780487809,-1.0000000000000009,-0.014634146341463428,0.0,0.00975609756097561,-0.014925373134327758,0.03827751196172182
source_representative,availability__raw_gnina_own,trained_oof,0.25,chemistry,0.25,7,205,-0.004878048780487809,-1.0000000000000009,-0.014634146341463428,0.0,0.00975609756097561,-0.014925373134327758,0.03827751196172182
source_representative,availability__raw_gnina_own,trained_oof,0.25,chemistry,0.25,8,205,-0.004878048780487809,-1.0000000000000009,-0.015075376884422065,0.0,0.00975609756097561,-0.014925373134327758,0.03827751196172182
source_representative,availability__raw_gnina_own,trained_oof,0.25,chemistry,0.25,9,205,0.0,0.0,0.0,0.0,0.00975609756097561,-0.014925373134327758,0.03827751196172182
source_representative,availability__raw_gnina_own,trained_oof,0.25,chemistry,0.25,10,205,0.0,0.0,0.0,0.0,0.00975609756097561,-0.014925373134327758,0.03827751196172182
source_representative,availability__raw_gnina_own,trained_oof,0.5,chemistry,0.5,1,205,0.0,0.0,0.0,0.0,0.00975609756097561,-0.014219702098849485,0.03398058252427205
source_representative,availability__raw_gnina_own,trained_oof,0.5,chemistry,0.5,2,205,-0.004878048780487809,-1.0000000000000009,-0.014634146341463428,0.0,0.00975609756097561,-0.014219702098849485,0.03398058252427205
source_representative,availability__raw_gnina_own,trained_oof,0.5,chemistry,0.5,3,205,0.004878048780487809,1.0000000000000009,0.0,0.015386597938144373,0.00975609756097561,-0.014219702098849485,0.03398058252427205
source_representative,availability__raw_gnina_own,trained_oof,0.5,chemistry,0.5,4,205,0.004878048780487809,1.0000000000000009,0.0,0.015306122448979553,0.00975609756097561,-0.014219702098849485,0.03398058252427205
source_representative,availability__raw_gnina_own,trained_oof,0.5,chemistry,0.5,5,205,-0.009756097560975618,-2.0000000000000018,-0.02500314070351761,0.0,0.00975609756097561,-0.014219702098849485,0.03398058252427205
source_representative,availability__raw_gnina_own,trained_oof,0.5,chemistry,0.5,6,205,-0.004878048780487809,-1.0000000000000009,-0.015544041450777257,0.0,0.00975609756097561,-0.014219702098849485,0.03398058252427205
source_representative,availability__raw_gnina_own,trained_oof,0.5,chemistry,0.5,7,205,0.0,0.0,0.0,0.0,0.00975609756097561,-0.014219702098849485,0.03398058252427205
source_representative,availability__raw_gnina_own,trained_oof,0.5,chemistry,0.5,8,205,0.0,0.0,0.0,0.0,0.00975609756097561,-0.014219702098849485,0.03398058252427205
source_representative,availability__raw_gnina_own,trained_oof,0.5,chemistry,0.5,9,205,0.0,0.0,0.0,0.0,0.00975609756097561,-0.014219702098849485,0.03398058252427205
source_representative,availability__raw_gnina_own,trained_oof,0.5,chemistry,0.5,10,205,0.0,0.0,0.0,0.0,0.00975609756097561,-0.014219702098849485,0.03398058252427205
source_representative,availability__raw_gnina_own,trained_oof,1.0,chemistry,1.0,1,205,0.0,0.0,0.0,0.0,0.00975609756097561,-0.010309278350515427,0.035559523809524006
source_representative,availability__raw_gnina_own,trained_oof,1.0,chemistry,1.0,2,205,0.0,0.0,0.0,0.0,0.00975609756097561,-0.010309278350515427,0.035559523809524006
source_representative,availability__raw_gnina_own,trained_oof,1.0,chemistry,1.0,3,205,0.0,0.0,0.0,0.0,0.00975609756097561,-0.010309278350515427,0.035559523809524006
source_representative,availability__raw_gnina_own,trained_oof,1.0,chemistry,1.0,4,205,0.0,0.0,0.0,0.0,0.00975609756097561,-0.010309278350515427,0.035559523809524006
source_representative,availability__raw_gnina_own,trained_oof,1.0,chemistry,1.0,5,205,-0.004878048780487809,-1.0000000000000009,-0.015463917525773141,0.0,0.00975609756097561,-0.010309278350515427,0.035559523809524006
source_representative,availability__raw_gnina_own,trained_oof,1.0,chemistry,1.0,6,205,-0.009756097560975618,-2.0000000000000018,-0.02439024390243894,0.0,0.00975609756097561,-0.010309278350515427,0.035559523809524006
source_representative,availability__raw_gnina_own,trained_oof,1.0,chemistry,1.0,7,205,0.0,0.0,0.0,0.0,0.00975609756097561,-0.010309278350515427,0.035559523809524006
source_representative,availability__raw_gnina_own,trained_oof,1.0,chemistry,1.0,8,205,0.0,0.0,0.0,0.0,0.00975609756097561,-0.010309278350515427,0.035559523809524006
source_representative,availability__raw_gnina_own,trained_oof,1.0,chemistry,1.0,9,205,0.004878048780487809,1.0000000000000009,0.0,0.015706806282722474,0.00975609756097561,-0.010309278350515427,0.035559523809524006
source_representative,availability__raw_gnina_own,trained_oof,1.0,chemistry,1.0,10,205,0.0,0.0,0.0,0.0,0.00975609756097561,-0.010309278350515427,0.035559523809524006
source_representative,plus__raw_gnina_own,trained_oof,0.125,chemistry,0.125,1,205,0.029268292682926828,6.0,-0.02913335237007423,0.08737864077669902,-0.0975609756097561,-0.3862811791383218,0.20727055866208444
source_representative,plus__raw_gnina_own,trained_oof,0.125,chemistry,0.125,2,205,0.0292682926829268,5.999999999999994,-0.036463105366492186,0.09000118483412319,-0.0975609756097561,-0.3862811791383218,0.20727055866208444
source_representative,plus__raw_gnina_own,trained_oof,0.125,chemistry,0.125,3,205,0.019512195121951237,4.0000000000000036,-0.03302278011267107,0.07293198529411753,-0.0975609756097561,-0.3862811791383218,0.20727055866208444
source_representative,plus__raw_gnina_own,trained_oof,0.125,chemistry,0.125,4,205,-0.004878048780487809,-1.0000000000000009,-0.06543479292186537,0.057594140153040665,-0.0975609756097561,-0.3862811791383218,0.20727055866208444
source_representative,plus__raw_gnina_own,trained_oof,0.125,chemistry,0.125,5,205,0.0,0.0,-0.06030559775622301,0.064039408866995,-0.0975609756097561,-0.3862811791383218,0.20727055866208444
source_representative,plus__raw_gnina_own,trained_oof,0.125,chemistry,0.125,6,205,0.024390243902438935,4.999999999999981,-0.03483022388059697,0.08252427184466016,-0.0975609756097561,-0.3862811791383218,0.20727055866208444
source_representative,plus__raw_gnina_own,trained_oof,0.125,chemistry,0.125,7,205,0.004878048780487809,1.0000000000000009,-0.04286744505494512,0.055283361250697806,-0.0975609756097561,-0.3862811791383218,0.20727055866208444
source_representative,plus__raw_gnina_own,trained_oof,0.125,chemistry,0.125,8,205,-0.009756097560975618,-2.0000000000000018,-0.051413992241227356,0.034317951318458384,-0.0975609756097561,-0.3862811791383218,0.20727055866208444
source_representative,plus__raw_gnina_own,trained_oof,0.125,chemistry,0.125,9,205,0.004878048780487809,1.0000000000000009,-0.02551347462061756,0.038656769176387315,-0.0975609756097561,-0.3862811791383218,0.20727055866208444
source_representative,plus__raw_gnina_own,trained_oof,0.125,chemistry,0.125,10,205,0.0,0.0,0.0,0.0,-0.0975609756097561,-0.3862811791383218,0.20727055866208444
source_representative,plus__raw_gnina_own,trained_oof,0.25,chemistry,0.25,1,205,0.0,0.0,-0.05102040816326528,0.05240749253045275,0.12682926829268293,-0.19699469312413415,0.4858855713054299
source_representative,plus__raw_gnina_own,trained_oof,0.25,chemistry,0.25,2,205,-0.03902439024390242,-7.999999999999996,-0.10850107416402015,0.02165978478478458,0.12682926829268293,-0.19699469312413415,0.4858855713054299
source_representative,plus__raw_gnina_own,trained_oof,0.25,chemistry,0.25,3,205,0.009756097560975507,1.9999999999999791,-0.05936924964220001,0.07462686567164178,0.12682926829268293,-0.19699469312413415,0.4858855713054299
source_representative,plus__raw_gnina_own,trained_oof,0.25,chemistry,0.25,4,205,0.0,0.0,-0.06880733944954132,0.06404270172018653,0.12682926829268293,-0.19699469312413415,0.4858855713054299
source_representative,plus__raw_gnina_own,trained_oof,0.25,chemistry,0.25,5,205,-0.024390243902439046,-5.000000000000004,-0.09049739073711678,0.0430673767022451,0.12682926829268293,-0.19699469312413415,0.4858855713054299
source_representative,plus__raw_gnina_own,trained_oof,0.25,chemistry,0.25,6,205,-0.014634146341463428,-3.0000000000000027,-0.08490566037735847,0.050767895990883556,0.12682926829268293,-0.19699469312413415,0.4858855713054299
source_representative,plus__raw_gnina_own,trained_oof,0.25,chemistry,0.25,7,205,-0.019512195121951237,-4.0000000000000036,-0.07999999999999996,0.03883968742600054,0.12682926829268293,-0.19699469312413415,0.4858855713054299
source_representative,plus__raw_gnina_own,trained_oof,0.25,chemistry,0.25,8,205,-0.024390243902439046,-5.000000000000004,-0.06500816582914568,0.014152620048287622,0.12682926829268293,-0.19699469312413415,0.4858855713054299
source_representative,plus__raw_gnina_own,trained_oof,0.25,chemistry,0.25,9,205,-0.014634146341463428,-3.0000000000000027,-0.0360371969908052,0.005102694924123551,0.12682926829268293,-0.19699469312413415,0.4858855713054299
source_representative,plus__raw_gnina_own,trained_oof,0.25,chemistry,0.25,10,205,0.0,0.0,0.0,0.0,0.12682926829268293,-0.19699469312413415,0.4858855713054299
source_representative,plus__raw_gnina_own,trained_oof,0.5,chemistry,0.5,1,205,-0.009756097560975563,-1.9999999999999905,-0.053662364650552324,0.03076923076923077,-0.024390243902439025,-0.27463017196065187,0.2925577773765457
source_representative,plus__raw_gnina_own,trained_oof,0.5,chemistry,0.5,2,205,0.004878048780487809,1.0000000000000009,-0.05188679245283023,0.05970665107641508,-0.024390243902439025,-0.27463017196065187,0.2925577773765457
source_representative,plus__raw_gnina_own,trained_oof,0.5,chemistry,0.5,3,205,0.019512195121951237,4.0000000000000036,-0.030466356582213357,0.06632713511945064,-0.024390243902439025,-0.27463017196065187,0.2925577773765457
source_representative,plus__raw_gnina_own,trained_oof,0.5,chemistry,0.5,4,205,0.0536585365853659,11.00000000000001,-0.004673445658373973,0.10679611650485432,-0.024390243902439025,-0.27463017196065187,0.2925577773765457
source_representative,plus__raw_gnina_own,trained_oof,0.5,chemistry,0.5,5,205,0.014634146341463428,3.0000000000000027,-0.04347826086956519,0.06500816582914563,-0.024390243902439025,-0.27463017196065187,0.2925577773765457
source_representative,plus__raw_gnina_own,trained_oof,0.5,chemistry,0.5,6,205,-0.019512195121951237,-4.0000000000000036,-0.06342240554758494,0.019517001081340853,-0.024390243902439025,-0.27463017196065187,0.2925577773765457
source_representative,plus__raw_gnina_own,trained_oof,0.5,chemistry,0.5,7,205,-0.014634146341463428,-3.0000000000000027,-0.05670530610250649,0.024878731343283562,-0.024390243902439025,-0.27463017196065187,0.2925577773765457
source_representative,plus__raw_gnina_own,trained_oof,0.5,chemistry,0.5,8,205,-0.004878048780487698,-0.9999999999999781,-0.05909090909090908,0.047852640780272356,-0.024390243902439025,-0.27463017196065187,0.2925577773765457
source_representative,plus__raw_gnina_own,trained_oof,0.5,chemistry,0.5,9,205,-0.019512195121951237,-4.0000000000000036,-0.04672897196261683,0.004902564474065468,-0.024390243902439025,-0.27463017196065187,0.2925577773765457
source_representative,plus__raw_gnina_own,trained_oof,0.5,chemistry,0.5,10,205,0.0,0.0,0.0,0.0,-0.024390243902439025,-0.27463017196065187,0.2925577773765457
source_representative,plus__raw_gnina_own,trained_oof,1.0,chemistry,1.0,1,205,0.04390243902439028,9.000000000000007,0.004738777608870601,0.08416888330624103,-0.08780487804878048,-0.3179545454545452,0.20399170812603648
source_representative,plus__raw_gnina_own,trained_oof,1.0,chemistry,1.0,2,205,0.024390243902439046,5.000000000000004,-0.01860682460334715,0.06731770833333325,-0.08780487804878048,-0.3179545454545452,0.20399170812603648
source_representative,plus__raw_gnina_own,trained_oof,1.0,chemistry,1.0,3,205,0.024390243902439046,5.000000000000004,-0.028574846206425163,0.0746361940298507,-0.08780487804878048,-0.3179545454545452,0.20399170812603648
source_representative,plus__raw_gnina_own,trained_oof,1.0,chemistry,1.0,4,205,0.004878048780487809,1.0000000000000009,-0.042922048586155184,0.048546313303594824,-0.08780487804878048,-0.3179545454545452,0.20399170812603648
source_representative,plus__raw_gnina_own,trained_oof,1.0,chemistry,1.0,5,205,0.0,0.0,-0.03484808102345422,0.03608247422680411,-0.08780487804878048,-0.3179545454545452,0.20399170812603648
source_representative,plus__raw_gnina_own,trained_oof,1.0,chemistry,1.0,6,205,0.014634146341463428,3.0000000000000027,-0.030306875865251583,0.06061673068715322,-0.08780487804878048,-0.3179545454545452,0.20399170812603648
source_representative,plus__raw_gnina_own,trained_oof,1.0,chemistry,1.0,7,205,0.004878048780487809,1.0000000000000009,-0.03884446982676564,0.04390781922525108,-0.08780487804878048,-0.3179545454545452,0.20399170812603648
source_representative,plus__raw_gnina_own,trained_oof,1.0,chemistry,1.0,8,205,-0.014634146341463428,-3.0000000000000027,-0.05289100241545897,0.01970687216504909,-0.08780487804878048,-0.3179545454545452,0.20399170812603648
source_representative,plus__raw_gnina_own,trained_oof,1.0,chemistry,1.0,9,205,-0.014634146341463428,-3.0000000000000027,-0.04347826086956519,0.014020336975121804,-0.08780487804878048,-0.3179545454545452,0.20399170812603648
source_representative,plus__raw_gnina_own,trained_oof,1.0,chemistry,1.0,10,205,0.0,0.0,0.0,0.0,-0.08780487804878048,-0.3179545454545452,0.20399170812603648
source_representative,calibrated__vina,trained_oof,0.125,chemistry,0.125,1,205,-0.02439024390243902,-4.999999999999999,-0.08501067839195979,0.03847826086956513,0.16585365853658537,-0.13002669902912609,0.4764336509912833
source_representative,calibrated__vina,trained_oof,0.125,chemistry,0.125,2,205,-0.019512195121951237,-4.0000000000000036,-0.08133971291866027,0.038282112624217844,0.16585365853658537,-0.13002669902912609,0.4764336509912833
source_representative,calibrated__vina,trained_oof,0.125,chemistry,0.125,3,205,-0.019512195121951126,-3.999999999999981,-0.08003349282296647,0.03590673575129527,0.16585365853658537,-0.13002669902912609,0.4764336509912833
source_representative,calibrated__vina,trained_oof,0.125,chemistry,0.125,4,205,-0.014634146341463428,-3.0000000000000027,-0.07042253521126762,0.03628374693209702,0.16585365853658537,-0.13002669902912609,0.4764336509912833
source_representative,calibrated__vina,trained_oof,0.125,chemistry,0.125,5,205,-0.024390243902439046,-5.000000000000004,-0.07981220657277,0.031262400793650724,0.16585365853658537,-0.13002669902912609,0.4764336509912833
source_representative,calibrated__vina,trained_oof,0.125,chemistry,0.125,6,205,-0.039024390243902474,-8.000000000000007,-0.10244814223843171,0.02020202020202022,0.16585365853658537,-0.13002669902912609,0.4764336509912833
source_representative,calibrated__vina,trained_oof,0.125,chemistry,0.125,7,205,-0.019512195121951237,-4.0000000000000036,-0.08290218627574884,0.04591836734693877,0.16585365853658537,-0.13002669902912609,0.4764336509912833
source_representative,calibrated__vina,trained_oof,0.125,chemistry,0.125,8,205,0.014634146341463317,2.99999999999998,-0.024512822370327467,0.05688195502849863,0.16585365853658537,-0.13002669902912609,0.4764336509912833
source_representative,calibrated__vina,trained_oof,0.125,chemistry,0.125,9,205,-0.019512195121951237,-4.0000000000000036,-0.051553068746327584,0.009663008301674441,0.16585365853658537,-0.13002669902912609,0.4764336509912833
source_representative,calibrated__vina,trained_oof,0.125,chemistry,0.125,10,205,0.0,0.0,0.0,0.0,0.16585365853658537,-0.13002669902912609,0.4764336509912833
source_representative,calibrated__vina,trained_oof,0.25,chemistry,0.25,1,205,-0.09268292682926832,-19.000000000000007,-0.1552533581593297,-0.02537433359691863,0.6731707317073171,0.20199362041467347,1.1602177564073064
source_representative,calibrated__vina,trained_oof,0.25,chemistry,0.25,2,205,-0.10243902439024388,-20.999999999999996,-0.17927803983228513,-0.023633365931944445,0.6731707317073171,0.20199362041467347,1.1602177564073064
source_representative,calibrated__vina,trained_oof,0.25,chemistry,0.25,3,205,-0.08780487804878057,-18.000000000000014,-0.1707883091489142,-0.004975124378109484,0.6731707317073171,0.20199362041467347,1.1602177564073064
source_representative,calibrated__vina,trained_oof,0.25,chemistry,0.25,4,205,-0.08780487804878057,-18.000000000000014,-0.17156862745098034,-0.004853202016430284,0.6731707317073171,0.20199362041467347,1.1602177564073064
source_representative,calibrated__vina,trained_oof,0.25,chemistry,0.25,5,205,-0.07804878048780484,-15.999999999999991,-0.1609796555311525,0.0,0.6731707317073171,0.20199362041467347,1.1602177564073064
source_representative,calibrated__vina,trained_oof,0.25,chemistry,0.25,6,205,-0.06829268292682933,-14.000000000000012,-0.14622641509433965,0.004767235252309833,0.6731707317073171,0.20199362041467347,1.1602177564073064
source_representative,calibrated__vina,trained_oof,0.25,chemistry,0.25,7,205,-0.06829268292682933,-14.000000000000012,-0.13775566893424035,0.0,0.6731707317073171,0.20199362041467347,1.1602177564073064
source_representative,calibrated__vina,trained_oof,0.25,chemistry,0.25,8,205,-0.0536585365853659,-11.00000000000001,-0.1201923076923076,0.005102694924123443,0.6731707317073171,0.20199362041467347,1.1602177564073064
source_representative,calibrated__vina,trained_oof,0.25,chemistry,0.25,9,205,-0.03414634146341455,-6.999999999999983,-0.07463035290835542,0.0,0.6731707317073171,0.20199362041467347,1.1602177564073064
source_representative,calibrated__vina,trained_oof,0.25,chemistry,0.25,10,205,0.0,0.0,0.0,0.0,0.6731707317073171,0.20199362041467347,1.1602177564073064
source_representative,calibrated__vina,trained_oof,0.5,chemistry,0.5,1,205,-0.14146341463414633,-28.999999999999996,-0.21428571428571427,-0.06770644625603864,0.824390243902439,0.43138115547647715,1.2279963393626179
source_representative,calibrated__vina,trained_oof,0.5,chemistry,0.5,2,205,-0.18536585365853664,-38.000000000000014,-0.26513088417031794,-0.101931274949485,0.824390243902439,0.43138115547647715,1.2279963393626179
source_representative,calibrated__vina,trained_oof,0.5,chemistry,0.5,3,205,-0.10731707317073169,-21.999999999999996,-0.17619747899159657,-0.040384038403840423,0.824390243902439,0.43138115547647715,1.2279963393626179
source_representative,calibrated__vina,trained_oof,0.5,chemistry,0.5,4,205,-0.04878048780487798,-9.999999999999986,-0.12394278606965174,0.02552011737337414,0.824390243902439,0.43138115547647715,1.2279963393626179
source_representative,calibrated__vina,trained_oof,0.5,chemistry,0.5,5,205,-0.09268292682926838,-19.000000000000018,-0.16751335477183932,-0.015949135638297914,0.824390243902439,0.43138115547647715,1.2279963393626179
source_representative,calibrated__vina,trained_oof,0.5,chemistry,0.5,6,205,-0.1121951219512195,-22.999999999999996,-0.18396519759692107,-0.04784119389382553,0.824390243902439,0.43138115547647715,1.2279963393626179
source_representative,calibrated__vina,trained_oof,0.5,chemistry,0.5,7,205,-0.07804878048780495,-16.000000000000014,-0.14223809523809527,-0.019898034579577287,0.824390243902439,0.43138115547647715,1.2279963393626179
source_representative,calibrated__vina,trained_oof,0.5,chemistry,0.5,8,205,-0.029268292682926744,-5.999999999999982,-0.06698626251664767,0.00497512437810943,0.824390243902439,0.43138115547647715,1.2279963393626179
source_representative,calibrated__vina,trained_oof,0.5,chemistry,0.5,9,205,-0.029268292682926855,-6.000000000000005,-0.05473320895522396,-0.009048754636990014,0.824390243902439,0.43138115547647715,1.2279963393626179
source_representative,calibrated__vina,trained_oof,0.5,chemistry,0.5,10,205,0.0,0.0,0.0,0.0,0.824390243902439,0.43138115547647715,1.2279963393626179
source_representative,calibrated__vina,trained_oof,1.0,chemistry,1.0,1,205,-0.27804878048780485,-56.99999999999999,-0.35981775700934576,-0.19687758771618527,1.4,0.9446732359715235,1.9103791185581522
source_representative,calibrated__vina,trained_oof,1.0,chemistry,1.0,2,205,-0.3317073170731707,-67.99999999999999,-0.42127708825847127,-0.243892960950335,1.4,0.9446732359715235,1.9103791185581522
source_representative,calibrated__vina,trained_oof,1.0,chemistry,1.0,3,205,-0.24390243902439024,-50.0,-0.33026820147247865,-0.15998550724637692,1.4,0.9446732359715235,1.9103791185581522
source_representative,calibrated__vina,trained_oof,1.0,chemistry,1.0,4,205,-0.19512195121951226,-40.000000000000014,-0.2783018867924528,-0.11109715242881073,1.4,0.9446732359715235,1.9103791185581522
source_representative,calibrated__vina,trained_oof,1.0,chemistry,1.0,5,205,-0.13170731707317074,-27.0,-0.2182823751623185,-0.044334975369458185,1.4,0.9446732359715235,1.9103791185581522
source_representative,calibrated__vina,trained_oof,1.0,chemistry,1.0,6,205,-0.09268292682926826,-18.999999999999993,-0.17074582204155378,-0.019888421967830836,1.4,0.9446732359715235,1.9103791185581522
source_representative,calibrated__vina,trained_oof,1.0,chemistry,1.0,7,205,-0.06829268292682933,-14.000000000000012,-0.13615556978233043,-0.00518067945088395,1.4,0.9446732359715235,1.9103791185581522
source_representative,calibrated__vina,trained_oof,1.0,chemistry,1.0,8,205,-0.04878048780487798,-9.999999999999986,-0.09453260015710921,-0.0049261083743842304,1.4,0.9446732359715235,1.9103791185581522
source_representative,calibrated__vina,trained_oof,1.0,chemistry,1.0,9,205,-0.009756097560975618,-2.0000000000000018,-0.03664921465968585,0.015075376884422065,1.4,0.9446732359715235,1.9103791185581522
source_representative,calibrated__vina,trained_oof,1.0,chemistry,1.0,10,205,0.0,0.0,0.0,0.0,1.4,0.9446732359715235,1.9103791185581522
source_representative,availability__vina,trained_oof,0.125,chemistry,0.125,1,205,0.0,0.0,0.0,0.0,-0.00975609756097561,-0.025252525252525082,0.0
source_representative,availability__vina,trained_oof,0.125,chemistry,0.125,2,205,0.0,0.0,0.0,0.0,-0.00975609756097561,-0.025252525252525082,0.0
source_representative,availability__vina,trained_oof,0.125,chemistry,0.125,3,205,0.0,0.0,0.0,0.0,-0.00975609756097561,-0.025252525252525082,0.0
source_representative,availability__vina,trained_oof,0.125,chemistry,0.125,4,205,0.0,0.0,0.0,0.0,-0.00975609756097561,-0.025252525252525082,0.0
source_representative,availability__vina,trained_oof,0.125,chemistry,0.125,5,205,0.004878048780487809,1.0000000000000009,0.0,0.015463917525773252,-0.00975609756097561,-0.025252525252525082,0.0
source_representative,availability__vina,trained_oof,0.125,chemistry,0.125,6,205,0.0,0.0,0.0,0.0,-0.00975609756097561,-0.025252525252525082,0.0
source_representative,availability__vina,trained_oof,0.125,chemistry,0.125,7,205,0.0,0.0,0.0,0.0,-0.00975609756097561,-0.025252525252525082,0.0
source_representative,availability__vina,trained_oof,0.125,chemistry,0.125,8,205,0.0,0.0,0.0,0.0,-0.00975609756097561,-0.025252525252525082,0.0
source_representative,availability__vina,trained_oof,0.125,chemistry,0.125,9,205,0.004878048780487809,1.0000000000000009,0.0,0.015075376884422065,-0.00975609756097561,-0.025252525252525082,0.0
source_representative,availability__vina,trained_oof,0.125,chemistry,0.125,10,205,0.0,0.0,0.0,0.0,-0.00975609756097561,-0.025252525252525082,0.0
source_representative,availability__vina,trained_oof,0.25,chemistry,0.25,1,205,0.0,0.0,0.0,0.0,0.00975609756097561,-0.014925373134327758,0.03827751196172182
source_representative,availability__vina,trained_oof,0.25,chemistry,0.25,2,205,0.004878048780487809,1.0000000000000009,0.0,0.015546065414507761,0.00975609756097561,-0.014925373134327758,0.03827751196172182
source_representative,availability__vina,trained_oof,0.25,chemistry,0.25,3,205,0.004878048780487698,0.9999999999999781,0.0,0.015463917525773141,0.00975609756097561,-0.014925373134327758,0.03827751196172182
source_representative,availability__vina,trained_oof,0.25,chemistry,0.25,4,205,0.0,0.0,0.0,0.0,0.00975609756097561,-0.014925373134327758,0.03827751196172182
source_representative,availability__vina,trained_oof,0.25,chemistry,0.25,5,205,-0.004878048780487809,-1.0000000000000009,-0.015544041450777257,0.0,0.00975609756097561,-0.014925373134327758,0.03827751196172182
source_representative,availability__vina,trained_oof,0.25,chemistry,0.25,6,205,-0.004878048780487809,-1.0000000000000009,-0.014634146341463428,0.0,0.00975609756097561,-0.014925373134327758,0.03827751196172182
source_representative,availability__vina,trained_oof,0.25,chemistry,0.25,7,205,-0.004878048780487809,-1.0000000000000009,-0.014634146341463428,0.0,0.00975609756097561,-0.014925373134327758,0.03827751196172182
source_representative,availability__vina,trained_oof,0.25,chemistry,0.25,8,205,-0.004878048780487809,-1.0000000000000009,-0.015075376884422065,0.0,0.00975609756097561,-0.014925373134327758,0.03827751196172182
source_representative,availability__vina,trained_oof,0.25,chemistry,0.25,9,205,0.0,0.0,0.0,0.0,0.00975609756097561,-0.014925373134327758,0.03827751196172182
source_representative,availability__vina,trained_oof,0.25,chemistry,0.25,10,205,0.0,0.0,0.0,0.0,0.00975609756097561,-0.014925373134327758,0.03827751196172182
source_representative,availability__vina,trained_oof,0.5,chemistry,0.5,1,205,0.0,0.0,0.0,0.0,0.00975609756097561,-0.014219702098849485,0.03398058252427205
source_representative,availability__vina,trained_oof,0.5,chemistry,0.5,2,205,-0.004878048780487809,-1.0000000000000009,-0.014634146341463428,0.0,0.00975609756097561,-0.014219702098849485,0.03398058252427205
source_representative,availability__vina,trained_oof,0.5,chemistry,0.5,3,205,0.004878048780487809,1.0000000000000009,0.0,0.015386597938144373,0.00975609756097561,-0.014219702098849485,0.03398058252427205
source_representative,availability__vina,trained_oof,0.5,chemistry,0.5,4,205,0.004878048780487809,1.0000000000000009,0.0,0.015306122448979553,0.00975609756097561,-0.014219702098849485,0.03398058252427205
source_representative,availability__vina,trained_oof,0.5,chemistry,0.5,5,205,-0.009756097560975618,-2.0000000000000018,-0.02500314070351761,0.0,0.00975609756097561,-0.014219702098849485,0.03398058252427205
source_representative,availability__vina,trained_oof,0.5,chemistry,0.5,6,205,-0.004878048780487809,-1.0000000000000009,-0.015544041450777257,0.0,0.00975609756097561,-0.014219702098849485,0.03398058252427205
source_representative,availability__vina,trained_oof,0.5,chemistry,0.5,7,205,0.0,0.0,0.0,0.0,0.00975609756097561,-0.014219702098849485,0.03398058252427205
source_representative,availability__vina,trained_oof,0.5,chemistry,0.5,8,205,0.0,0.0,0.0,0.0,0.00975609756097561,-0.014219702098849485,0.03398058252427205
source_representative,availability__vina,trained_oof,0.5,chemistry,0.5,9,205,0.0,0.0,0.0,0.0,0.00975609756097561,-0.014219702098849485,0.03398058252427205
source_representative,availability__vina,trained_oof,0.5,chemistry,0.5,10,205,0.0,0.0,0.0,0.0,0.00975609756097561,-0.014219702098849485,0.03398058252427205
source_representative,availability__vina,trained_oof,1.0,chemistry,1.0,1,205,0.0,0.0,0.0,0.0,0.00975609756097561,-0.010309278350515427,0.035559523809524006
source_representative,availability__vina,trained_oof,1.0,chemistry,1.0,2,205,0.0,0.0,0.0,0.0,0.00975609756097561,-0.010309278350515427,0.035559523809524006
source_representative,availability__vina,trained_oof,1.0,chemistry,1.0,3,205,0.0,0.0,0.0,0.0,0.00975609756097561,-0.010309278350515427,0.035559523809524006
source_representative,availability__vina,trained_oof,1.0,chemistry,1.0,4,205,0.0,0.0,0.0,0.0,0.00975609756097561,-0.010309278350515427,0.035559523809524006
source_representative,availability__vina,trained_oof,1.0,chemistry,1.0,5,205,-0.004878048780487809,-1.0000000000000009,-0.015463917525773141,0.0,0.00975609756097561,-0.010309278350515427,0.035559523809524006
source_representative,availability__vina,trained_oof,1.0,chemistry,1.0,6,205,-0.009756097560975618,-2.0000000000000018,-0.02439024390243894,0.0,0.00975609756097561,-0.010309278350515427,0.035559523809524006
source_representative,availability__vina,trained_oof,1.0,chemistry,1.0,7,205,0.0,0.0,0.0,0.0,0.00975609756097561,-0.010309278350515427,0.035559523809524006
source_representative,availability__vina,trained_oof,1.0,chemistry,1.0,8,205,0.0,0.0,0.0,0.0,0.00975609756097561,-0.010309278350515427,0.035559523809524006
source_representative,availability__vina,trained_oof,1.0,chemistry,1.0,9,205,0.004878048780487809,1.0000000000000009,0.0,0.015706806282722474,0.00975609756097561,-0.010309278350515427,0.035559523809524006
source_representative,availability__vina,trained_oof,1.0,chemistry,1.0,10,205,0.0,0.0,0.0,0.0,0.00975609756097561,-0.010309278350515427,0.035559523809524006
source_representative,plus__vina,trained_oof,0.125,chemistry,0.125,1,205,-0.029268292682926828,-6.0,-0.08163265306122447,0.02381237183868761,0.15121951219512195,-0.10716381623071813,0.4563350734253795
source_representative,plus__vina,trained_oof,0.125,chemistry,0.125,2,205,-0.014634146341463428,-3.0000000000000027,-0.07340295099987316,0.03883495145631066,0.15121951219512195,-0.10716381623071813,0.4563350734253795
source_representative,plus__vina,trained_oof,0.125,chemistry,0.125,3,205,-0.004878048780487698,-0.9999999999999781,-0.057040536421822594,0.04663212435233155,0.15121951219512195,-0.10716381623071813,0.4563350734253795
source_representative,plus__vina,trained_oof,0.125,chemistry,0.125,4,205,-0.024390243902439046,-5.000000000000004,-0.07547169811320753,0.0264913252122553,0.15121951219512195,-0.10716381623071813,0.4563350734253795
source_representative,plus__vina,trained_oof,0.125,chemistry,0.125,5,205,-0.04390243902439017,-8.999999999999986,-0.0922419992808343,0.0,0.15121951219512195,-0.10716381623071813,0.4563350734253795
source_representative,plus__vina,trained_oof,0.125,chemistry,0.125,6,205,-0.039024390243902474,-8.000000000000007,-0.09326909108517747,0.01005152022739966,0.15121951219512195,-0.10716381623071813,0.4563350734253795
source_representative,plus__vina,trained_oof,0.125,chemistry,0.125,7,205,0.009756097560975618,2.0000000000000018,-0.04245786014486278,0.06030559775622288,0.15121951219512195,-0.10716381623071813,0.4563350734253795
source_representative,plus__vina,trained_oof,0.125,chemistry,0.125,8,205,0.0,0.0,-0.033175355450236865,0.034830223880597054,0.15121951219512195,-0.10716381623071813,0.4563350734253795
source_representative,plus__vina,trained_oof,0.125,chemistry,0.125,9,205,-0.004878048780487809,-1.0000000000000009,-0.030303030303030276,0.02175368788819866,0.15121951219512195,-0.10716381623071813,0.4563350734253795
source_representative,plus__vina,trained_oof,0.125,chemistry,0.125,10,205,0.0,0.0,0.0,0.0,0.15121951219512195,-0.10716381623071813,0.4563350734253795
source_representative,plus__vina,trained_oof,0.25,chemistry,0.25,1,205,-0.029268292682926855,-6.000000000000005,-0.06435643564356436,0.005000628140703518,0.05853658536585366,-0.16582975854884235,0.31308411214953225
source_representative,plus__vina,trained_oof,0.25,chemistry,0.25,2,205,-0.014634146341463428,-3.0000000000000027,-0.06599104491906908,0.04063557529610816,0.05853658536585366,-0.16582975854884235,0.31308411214953225
source_representative,plus__vina,trained_oof,0.25,chemistry,0.25,3,205,0.004878048780487698,0.9999999999999781,-0.04370002855511135,0.0552763819095477,0.05853658536585366,-0.16582975854884235,0.31308411214953225
source_representative,plus__vina,trained_oof,0.25,chemistry,0.25,4,205,0.004878048780487809,1.0000000000000009,-0.03448702628883574,0.04500000000000004,0.05853658536585366,-0.16582975854884235,0.31308411214953225
source_representative,plus__vina,trained_oof,0.25,chemistry,0.25,5,205,-0.004878048780487809,-1.0000000000000009,-0.04889819376026282,0.04061431679270691,0.05853658536585366,-0.16582975854884235,0.31308411214953225
source_representative,plus__vina,trained_oof,0.25,chemistry,0.25,6,205,0.009756097560975507,1.9999999999999791,-0.038277511961722466,0.05472807196892247,0.05853658536585366,-0.16582975854884235,0.31308411214953225
source_representative,plus__vina,trained_oof,0.25,chemistry,0.25,7,205,-0.009756097560975618,-2.0000000000000018,-0.06311449206725074,0.03865203320669755,0.05853658536585366,-0.16582975854884235,0.31308411214953225
source_representative,plus__vina,trained_oof,0.25,chemistry,0.25,8,205,-0.009756097560975618,-2.0000000000000018,-0.05504587155963303,0.038461538461538436,0.05853658536585366,-0.16582975854884235,0.31308411214953225
source_representative,plus__vina,trained_oof,0.25,chemistry,0.25,9,205,-0.009756097560975618,-2.0000000000000018,-0.04824720315280949,0.020836060209424107,0.05853658536585366,-0.16582975854884235,0.31308411214953225
source_representative,plus__vina,trained_oof,0.25,chemistry,0.25,10,205,0.0,0.0,0.0,0.0,0.05853658536585366,-0.16582975854884235,0.31308411214953225
source_representative,plus__vina,trained_oof,0.5,chemistry,0.5,1,205,0.009756097560975618,2.0000000000000018,-0.03865203320669763,0.05188679245283018,0.01951219512195122,-0.23301348156345886,0.3125884433962251
source_representative,plus__vina,trained_oof,0.5,chemistry,0.5,2,205,-0.024390243902439046,-5.000000000000004,-0.09005751506346904,0.0343222189866046,0.01951219512195122,-0.23301348156345886,0.3125884433962251
source_representative,plus__vina,trained_oof,0.5,chemistry,0.5,3,205,0.019512195121951237,4.0000000000000036,-0.023367228291869546,0.06310679611650494,0.01951219512195122,-0.23301348156345886,0.3125884433962251
source_representative,plus__vina,trained_oof,0.5,chemistry,0.5,4,205,0.009756097560975618,2.0000000000000018,-0.04878048780487809,0.0663265306122448,0.01951219512195122,-0.23301348156345886,0.3125884433962251
source_representative,plus__vina,trained_oof,0.5,chemistry,0.5,5,205,0.009756097560975618,2.0000000000000018,-0.04434046237136023,0.0625075483091787,0.01951219512195122,-0.23301348156345886,0.3125884433962251
source_representative,plus__vina,trained_oof,0.5,chemistry,0.5,6,205,-0.024390243902439046,-5.000000000000004,-0.07407407407407407,0.019326016603348775,0.01951219512195122,-0.23301348156345886,0.3125884433962251
source_representative,plus__vina,trained_oof,0.5,chemistry,0.5,7,205,-0.024390243902439046,-5.000000000000004,-0.06666666666666665,0.010418030104712107,0.01951219512195122,-0.23301348156345886,0.3125884433962251
source_representative,plus__vina,trained_oof,0.5,chemistry,0.5,8,205,0.009756097560975618,2.0000000000000018,-0.024878731343283576,0.05140790224211314,0.01951219512195122,-0.23301348156345886,0.3125884433962251
source_representative,plus__vina,trained_oof,0.5,chemistry,0.5,9,205,-0.004878048780487809,-1.0000000000000009,-0.015151515151515142,0.0,0.01951219512195122,-0.23301348156345886,0.3125884433962251
source_representative,plus__vina,trained_oof,0.5,chemistry,0.5,10,205,0.0,0.0,0.0,0.0,0.01951219512195122,-0.23301348156345886,0.3125884433962251
source_representative,plus__vina,trained_oof,1.0,chemistry,1.0,1,205,0.019512195121951237,4.0000000000000036,-0.009852216748768461,0.05076553393495014,-0.03414634146341464,-0.13999999999999882,0.06438303877116719
source_representative,plus__vina,trained_oof,1.0,chemistry,1.0,2,205,0.009756097560975618,2.0000000000000018,-0.01442481884057977,0.033333333333333326,-0.03414634146341464,-0.13999999999999882,0.06438303877116719
source_representative,plus__vina,trained_oof,1.0,chemistry,1.0,3,205,-0.004878048780487809,-1.0000000000000009,-0.03670086914534042,0.027910236905020657,-0.03414634146341464,-0.13999999999999882,0.06438303877116719
source_representative,plus__vina,trained_oof,1.0,chemistry,1.0,4,205,-0.009756097560975618,-2.0000000000000018,-0.038277511961722466,0.019141056312109026,-0.03414634146341464,-0.13999999999999882,0.06438303877116719
source_representative,plus__vina,trained_oof,1.0,chemistry,1.0,5,205,0.009756097560975618,2.0000000000000018,-0.014925373134328294,0.037563114536274214,-0.03414634146341464,-0.13999999999999882,0.06438303877116719
source_representative,plus__vina,trained_oof,1.0,chemistry,1.0,6,205,0.004878048780487809,1.0000000000000009,-0.02727272727272723,0.03980099502487555,-0.03414634146341464,-0.13999999999999882,0.06438303877116719
source_representative,plus__vina,trained_oof,1.0,chemistry,1.0,7,205,0.004878048780487809,1.0000000000000009,-0.019709335097909442,0.02985074626865669,-0.03414634146341464,-0.13999999999999882,0.06438303877116719
source_representative,plus__vina,trained_oof,1.0,chemistry,1.0,8,205,0.009756097560975618,2.0000000000000018,-0.005291708882134469,0.029999999999999916,-0.03414634146341464,-0.13999999999999882,0.06438303877116719
source_representative,plus__vina,trained_oof,1.0,chemistry,1.0,9,205,-0.009756097560975618,-2.0000000000000018,-0.02513200520368339,0.0,-0.03414634146341464,-0.13999999999999882,0.06438303877116719
source_representative,plus__vina,trained_oof,1.0,chemistry,1.0,10,205,0.0,0.0,0.0,0.0,-0.03414634146341464,-0.13999999999999882,0.06438303877116719
source_representative,native__boltz_affinity,static_native_zero_local_labels,0.0,chemistry,0.125,1,205,0.0975609756097561,20.0,-0.009709921856500114,0.20197299573751243,0.5756097560975609,-0.11343006560362313,1.2110822036605946
source_representative,native__boltz_affinity,static_native_zero_local_labels,0.0,chemistry,0.125,2,205,-0.024390243902439046,-5.000000000000004,-0.1291907686448142,0.08575589459084579,0.5756097560975609,-0.11343006560362313,1.2110822036605946
source_representative,native__boltz_affinity,static_native_zero_local_labels,0.0,chemistry,0.125,3,205,-0.07804878048780484,-15.999999999999991,-0.18098522167487688,0.025570123398196136,0.5756097560975609,-0.11343006560362313,1.2110822036605946
source_representative,native__boltz_affinity,static_native_zero_local_labels,0.0,chemistry,0.125,4,205,-0.13170731707317074,-27.0,-0.23882660430566066,-0.02350548710050106,0.5756097560975609,-0.11343006560362313,1.2110822036605946
source_representative,native__boltz_affinity,static_native_zero_local_labels,0.0,chemistry,0.125,5,205,-0.08780487804878045,-17.999999999999993,-0.18629745001448855,0.01896188122179647,0.5756097560975609,-0.11343006560362313,1.2110822036605946
source_representative,native__boltz_affinity,static_native_zero_local_labels,0.0,chemistry,0.125,6,205,-0.102439024390244,-21.000000000000018,-0.19512195121951215,-0.009198633421242447,0.5756097560975609,-0.11343006560362313,1.2110822036605946
source_representative,native__boltz_affinity,static_native_zero_local_labels,0.0,chemistry,0.125,7,205,-0.10731707317073169,-21.999999999999996,-0.18593826978027395,-0.028846153846153855,0.5756097560975609,-0.11343006560362313,1.2110822036605946
source_representative,native__boltz_affinity,static_native_zero_local_labels,0.0,chemistry,0.125,8,205,-0.102439024390244,-21.000000000000018,-0.1658536585365853,-0.033488835725677804,0.5756097560975609,-0.11343006560362313,1.2110822036605946
source_representative,native__boltz_affinity,static_native_zero_local_labels,0.0,chemistry,0.125,9,205,-0.03902439024390236,-7.999999999999984,-0.0817406400966184,0.004739336492891044,0.5756097560975609,-0.11343006560362313,1.2110822036605946
source_representative,native__boltz_affinity,static_native_zero_local_labels,0.0,chemistry,0.125,10,205,0.0,0.0,0.0,0.0,0.5756097560975609,-0.11343006560362313,1.2110822036605946
source_representative,native__boltz_affinity,static_native_zero_local_labels,0.0,chemistry,0.25,1,205,0.08292682926829267,16.999999999999996,-0.01951943974885295,0.1831831260049081,0.6195121951219512,-0.03241497923156804,1.2060926671271044
source_representative,native__boltz_affinity,static_native_zero_local_labels,0.0,chemistry,0.25,2,205,-0.014634146341463428,-3.0000000000000027,-0.12195121951219512,0.09345794392523366,0.6195121951219512,-0.03241497923156804,1.2060926671271044
source_representative,native__boltz_affinity,static_native_zero_local_labels,0.0,chemistry,0.25,3,205,-0.07317073170731714,-15.000000000000014,-0.17142857142857143,0.02578331624116151,0.6195121951219512,-0.03241497923156804,1.2060926671271044
source_representative,native__boltz_affinity,static_native_zero_local_labels,0.0,chemistry,0.25,4,205,-0.13658536585365855,-28.000000000000004,-0.23153601770543306,-0.032521388119050705,0.6195121951219512,-0.03241497923156804,1.2060926671271044
source_representative,native__boltz_affinity,static_native_zero_local_labels,0.0,chemistry,0.25,5,205,-0.11707317073170731,-24.0,-0.2107910877919006,-0.019605451936872364,0.6195121951219512,-0.03241497923156804,1.2060926671271044
source_representative,native__boltz_affinity,static_native_zero_local_labels,0.0,chemistry,0.25,6,205,-0.1073170731707318,-22.00000000000002,-0.1980916701843253,-0.0151458616010855,0.6195121951219512,-0.03241497923156804,1.2060926671271044
source_representative,native__boltz_affinity,static_native_zero_local_labels,0.0,chemistry,0.25,7,205,-0.11707317073170731,-24.0,-0.202020202020202,-0.03398058252427183,0.6195121951219512,-0.03241497923156804,1.2060926671271044
source_representative,native__boltz_affinity,static_native_zero_local_labels,0.0,chemistry,0.25,8,205,-0.1073170731707318,-22.00000000000002,-0.1756097560975609,-0.0375542977491115,0.6195121951219512,-0.03241497923156804,1.2060926671271044
source_representative,native__boltz_affinity,static_native_zero_local_labels,0.0,chemistry,0.25,9,205,-0.029268292682926744,-5.999999999999982,-0.07177094834989577,0.014424818840579761,0.6195121951219512,-0.03241497923156804,1.2060926671271044
source_representative,native__boltz_affinity,static_native_zero_local_labels,0.0,chemistry,0.25,10,205,0.0,0.0,0.0,0.0,0.6195121951219512,-0.03241497923156804,1.2060926671271044
source_representative,native__boltz_affinity,static_native_zero_local_labels,0.0,chemistry,0.5,1,205,-0.03414634146341461,-6.999999999999995,-0.14634454299088448,0.08615575788544602,1.1121951219512196,0.45493367143553115,1.7226183255834835
source_representative,native__boltz_affinity,static_native_zero_local_labels,0.0,chemistry,0.5,2,205,-0.11707317073170737,-24.00000000000001,-0.21328664733206007,-0.01913647755753019,1.1121951219512196,0.45493367143553115,1.7226183255834835
source_representative,native__boltz_affinity,static_native_zero_local_labels,0.0,chemistry,0.5,3,205,-0.15609756097560978,-32.00000000000001,-0.24757397133610726,-0.059398624591523175,1.1121951219512196,0.45493367143553115,1.7226183255834835
source_representative,native__boltz_affinity,static_native_zero_local_labels,0.0,chemistry,0.5,4,205,-0.1756097560975609,-35.999999999999986,-0.2672822466578455,-0.07692307692307698,1.1121951219512196,0.45493367143553115,1.7226183255834835
source_representative,native__boltz_affinity,static_native_zero_local_labels,0.0,chemistry,0.5,5,205,-0.15121951219512197,-31.000000000000004,-0.24445833333333336,-0.05500000000000005,1.1121951219512196,0.45493367143553115,1.7226183255834835
source_representative,native__boltz_affinity,static_native_zero_local_labels,0.0,chemistry,0.5,6,205,-0.1609756097560976,-33.00000000000001,-0.24878048780487805,-0.07176179084073829,1.1121951219512196,0.45493367143553115,1.7226183255834835
source_representative,native__boltz_affinity,static_native_zero_local_labels,0.0,chemistry,0.5,7,205,-0.14146341463414636,-29.000000000000004,-0.22168856048166388,-0.059694103738732074,1.1121951219512196,0.45493367143553115,1.7226183255834835
source_representative,native__boltz_affinity,static_native_zero_local_labels,0.0,chemistry,0.5,8,205,-0.11707317073170731,-24.0,-0.1893203883495146,-0.04877456784276588,1.1121951219512196,0.45493367143553115,1.7226183255834835
source_representative,native__boltz_affinity,static_native_zero_local_labels,0.0,chemistry,0.5,9,205,-0.0585365853658536,-11.999999999999988,-0.09615384615384615,-0.023253122308354923,1.1121951219512196,0.45493367143553115,1.7226183255834835
source_representative,native__boltz_affinity,static_native_zero_local_labels,0.0,chemistry,0.5,10,205,0.0,0.0,0.0,0.0,1.1121951219512196,0.45493367143553115,1.7226183255834835
source_representative,native__boltz_affinity,static_native_zero_local_labels,0.0,chemistry,1.0,1,205,-0.09268292682926826,-18.999999999999993,-0.18592964824120606,0.004548640611724681,1.502439024390244,0.97196261682243,2.028175689206328
source_representative,native__boltz_affinity,static_native_zero_local_labels,0.0,chemistry,1.0,2,205,-0.17560975609756097,-36.0,-0.26499999999999996,-0.08775261324041837,1.502439024390244,0.97196261682243,2.028175689206328
source_representative,native__boltz_affinity,static_native_zero_local_labels,0.0,chemistry,1.0,3,205,-0.24390243902439024,-50.0,-0.32866860850969687,-0.160377358490566,1.502439024390244,0.97196261682243,2.028175689206328
source_representative,native__boltz_affinity,static_native_zero_local_labels,0.0,chemistry,1.0,4,205,-0.2634146341463415,-54.0,-0.3474280465401102,-0.17500000000000004,1.502439024390244,0.97196261682243,2.028175689206328
source_representative,native__boltz_affinity,static_native_zero_local_labels,0.0,chemistry,1.0,5,205,-0.19999999999999996,-40.99999999999999,-0.2788517441860465,-0.12076869856529023,1.502439024390244,0.97196261682243,2.028175689206328
source_representative,native__boltz_affinity,static_native_zero_local_labels,0.0,chemistry,1.0,6,205,-0.18536585365853664,-38.000000000000014,-0.26368677446102823,-0.11001942299493124,1.502439024390244,0.97196261682243,2.028175689206328
source_representative,native__boltz_affinity,static_native_zero_local_labels,0.0,chemistry,1.0,7,205,-0.1609756097560976,-33.00000000000001,-0.23003817733990145,-0.09802725968436171,1.502439024390244,0.97196261682243,2.028175689206328
source_representative,native__boltz_affinity,static_native_zero_local_labels,0.0,chemistry,1.0,8,205,-0.13170731707317074,-27.0,-0.19252116256204888,-0.07406951286261633,1.502439024390244,0.97196261682243,2.028175689206328
source_representative,native__boltz_affinity,static_native_zero_local_labels,0.0,chemistry,1.0,9,205,-0.04878048780487798,-9.999999999999986,-0.09009914437050112,-0.009707565311195538,1.502439024390244,0.97196261682243,2.028175689206328
source_representative,native__boltz_affinity,static_native_zero_local_labels,0.0,chemistry,1.0,10,205,0.0,0.0,0.0,0.0,1.502439024390244,0.97196261682243,2.028175689206328
source_representative,native__boltz_binary,static_native_zero_local_labels,0.0,chemistry,0.125,1,205,0.175609756097561,36.0,0.08737864077669902,0.2685185185185185,-0.7902439024390244,-1.308439029817535,-0.2656930421045405
source_representative,native__boltz_binary,static_native_zero_local_labels,0.0,chemistry,0.125,2,205,0.12682926829268287,25.99999999999999,0.02603165064102566,0.22337187862784816,-0.7902439024390244,-1.308439029817535,-0.2656930421045405
source_representative,native__boltz_binary,static_native_zero_local_labels,0.0,chemistry,0.125,3,205,0.11707317073170742,24.00000000000002,0.024981796116504876,0.20619919706582074,-0.7902439024390244,-1.308439029817535,-0.2656930421045405
source_representative,native__boltz_binary,static_native_zero_local_labels,0.0,chemistry,0.125,4,205,0.10731707317073169,21.999999999999996,0.019043126684636057,0.1959890778091369,-0.7902439024390244,-1.308439029817535,-0.2656930421045405
source_representative,native__boltz_binary,static_native_zero_local_labels,0.0,chemistry,0.125,5,205,0.09756097560975607,19.999999999999996,0.014206595938953901,0.18359715773181362,-0.7902439024390244,-1.308439029817535,-0.2656930421045405
source_representative,native__boltz_binary,static_native_zero_local_labels,0.0,chemistry,0.125,6,205,0.07317073170731703,14.999999999999991,0.0,0.15000000000000002,-0.7902439024390244,-1.308439029817535,-0.2656930421045405
source_representative,native__boltz_binary,static_native_zero_local_labels,0.0,chemistry,0.125,7,205,0.029268292682926855,6.000000000000005,-0.034653465346534684,0.09269428503108562,-0.7902439024390244,-1.308439029817535,-0.2656930421045405
source_representative,native__boltz_binary,static_native_zero_local_labels,0.0,chemistry,0.125,8,205,0.04390243902439017,8.999999999999986,0.0,0.09091946865919455,-0.7902439024390244,-1.308439029817535,-0.2656930421045405
source_representative,native__boltz_binary,static_native_zero_local_labels,0.0,chemistry,0.125,9,205,0.019512195121951237,4.0000000000000036,-0.0052638540796435705,0.047630494505494496,-0.7902439024390244,-1.308439029817535,-0.2656930421045405
source_representative,native__boltz_binary,static_native_zero_local_labels,0.0,chemistry,0.125,10,205,0.0,0.0,0.0,0.0,-0.7902439024390244,-1.308439029817535,-0.2656930421045405
source_representative,native__boltz_binary,static_native_zero_local_labels,0.0,chemistry,0.25,1,205,0.16097560975609757,33.0,0.0728086171336586,0.25121473707966585,-0.7463414634146341,-1.1923076923076907,-0.2898749999999998
source_representative,native__boltz_binary,static_native_zero_local_labels,0.0,chemistry,0.25,2,205,0.1365853658536585,27.99999999999999,0.042104033448106266,0.22927821216011196,-0.7463414634146341,-1.1923076923076907,-0.2898749999999998
source_representative,native__boltz_binary,static_native_zero_local_labels,0.0,chemistry,0.25,3,205,0.12195121951219512,25.0,0.035349093954621595,0.2077294685990338,-0.7463414634146341,-1.1923076923076907,-0.2898749999999998
source_representative,native__boltz_binary,static_native_zero_local_labels,0.0,chemistry,0.25,4,205,0.10243902439024388,20.999999999999996,0.025641025641025657,0.18138368983957215,-0.7463414634146341,-1.1923076923076907,-0.2898749999999998
source_representative,native__boltz_binary,static_native_zero_local_labels,0.0,chemistry,0.25,5,205,0.06829268292682922,13.99999999999999,-0.009529616724738751,0.1464760160850208,-0.7463414634146341,-1.1923076923076907,-0.2898749999999998
source_representative,native__boltz_binary,static_native_zero_local_labels,0.0,chemistry,0.25,6,205,0.06829268292682922,13.99999999999999,0.0,0.14009887579574692,-0.7463414634146341,-1.1923076923076907,-0.2898749999999998
source_representative,native__boltz_binary,static_native_zero_local_labels,0.0,chemistry,0.25,7,205,0.019512195121951237,4.0000000000000036,-0.04390781922525112,0.08587121212121206,-0.7463414634146341,-1.1923076923076907,-0.2898749999999998
source_representative,native__boltz_binary,static_native_zero_local_labels,0.0,chemistry,0.25,8,205,0.03902439024390236,7.999999999999984,-0.005000628140703523,0.0905189479638007,-0.7463414634146341,-1.1923076923076907,-0.2898749999999998
source_representative,native__boltz_binary,static_native_zero_local_labels,0.0,chemistry,0.25,9,205,0.029268292682926855,6.000000000000005,0.0,0.05970352044127184,-0.7463414634146341,-1.1923076923076907,-0.2898749999999998
source_representative,native__boltz_binary,static_native_zero_local_labels,0.0,chemistry,0.25,10,205,0.0,0.0,0.0,0.0,-0.7463414634146341,-1.1923076923076907,-0.2898749999999998
source_representative,native__boltz_binary,static_native_zero_local_labels,0.0,chemistry,0.5,1,205,0.04390243902439028,9.000000000000007,-0.0536920731707317,0.14354066985645936,-0.25365853658536586,-0.6990302499101048,0.1667654028436016
source_representative,native__boltz_binary,static_native_zero_local_labels,0.0,chemistry,0.5,2,205,0.03414634146341455,6.999999999999983,-0.052362909892532325,0.1111111111111111,-0.25365853658536586,-0.6990302499101048,0.1667654028436016
source_representative,native__boltz_binary,static_native_zero_local_labels,0.0,chemistry,0.5,3,205,0.039024390243902474,8.000000000000007,-0.039423645320196994,0.11224489795918369,-0.25365853658536586,-0.6990302499101048,0.1667654028436016
source_representative,native__boltz_binary,static_native_zero_local_labels,0.0,chemistry,0.5,4,205,0.06341463414634152,13.00000000000001,-0.009095117845117903,0.1377551020408163,-0.25365853658536586,-0.6990302499101048,0.1667654028436016
source_representative,native__boltz_binary,static_native_zero_local_labels,0.0,chemistry,0.5,5,205,0.03414634146341455,6.999999999999983,-0.035769295870006754,0.10891323729529348,-0.25365853658536586,-0.6990302499101048,0.1667654028436016
source_representative,native__boltz_binary,static_native_zero_local_labels,0.0,chemistry,0.5,6,205,0.014634146341463428,3.0000000000000027,-0.05025760113699812,0.08376292236175666,-0.25365853658536586,-0.6990302499101048,0.1667654028436016
source_representative,native__boltz_binary,static_native_zero_local_labels,0.0,chemistry,0.5,7,205,-0.004878048780487809,-1.0000000000000009,-0.06393767801437678,0.05797101449275366,-0.25365853658536586,-0.6990302499101048,0.1667654028436016
source_representative,native__boltz_binary,static_native_zero_local_labels,0.0,chemistry,0.5,8,205,0.029268292682926855,6.000000000000005,-0.014564882784750169,0.07575937096079269,-0.25365853658536586,-0.6990302499101048,0.1667654028436016
source_representative,native__boltz_binary,static_native_zero_local_labels,0.0,chemistry,0.5,9,205,0.0,0.0,-0.01941747572815533,0.019512195121951237,-0.25365853658536586,-0.6990302499101048,0.1667654028436016
source_representative,native__boltz_binary,static_native_zero_local_labels,0.0,chemistry,0.5,10,205,0.0,0.0,0.0,0.0,-0.25365853658536586,-0.6990302499101048,0.1667654028436016
source_representative,native__boltz_binary,static_native_zero_local_labels,0.0,chemistry,1.0,1,205,-0.014634146341463372,-2.999999999999991,-0.10364043609671846,0.07283338092518553,0.13658536585365855,-0.23415205792682947,0.5097185446700013
source_representative,native__boltz_binary,static_native_zero_local_labels,0.0,chemistry,1.0,2,205,-0.024390243902439046,-5.000000000000004,-0.1083772887814853,0.054728071968922584,0.13658536585365855,-0.23415205792682947,0.5097185446700013
source_representative,native__boltz_binary,static_native_zero_local_labels,0.0,chemistry,1.0,3,205,-0.04878048780487798,-9.999999999999986,-0.11985057952799881,0.020204583910167672,0.13658536585365855,-0.23415205792682947,0.5097185446700013
source_representative,native__boltz_binary,static_native_zero_local_labels,0.0,chemistry,1.0,4,205,-0.024390243902439046,-5.000000000000004,-0.09453384735092313,0.044117647058823484,0.13658536585365855,-0.23415205792682947,0.5097185446700013
source_representative,native__boltz_binary,static_native_zero_local_labels,0.0,chemistry,1.0,5,205,-0.014634146341463428,-3.0000000000000027,-0.0777379863862643,0.04952879462258144,0.13658536585365855,-0.23415205792682947,0.5097185446700013
source_representative,native__boltz_binary,static_native_zero_local_labels,0.0,chemistry,1.0,6,205,-0.009756097560975618,-2.0000000000000018,-0.06436042797828176,0.04878048780487809,0.13658536585365855,-0.23415205792682947,0.5097185446700013
source_representative,native__boltz_binary,static_native_zero_local_labels,0.0,chemistry,1.0,7,205,-0.024390243902439046,-5.000000000000004,-0.07352941176470595,0.020312418232246495,0.13658536585365855,-0.23415205792682947,0.5097185446700013
source_representative,native__boltz_binary,static_native_zero_local_labels,0.0,chemistry,1.0,8,205,0.014634146341463428,3.0000000000000027,-0.02000505050505052,0.05102694924123487,0.13658536585365855,-0.23415205792682947,0.5097185446700013
source_representative,native__boltz_binary,static_native_zero_local_labels,0.0,chemistry,1.0,9,205,0.009756097560975618,2.0000000000000018,-0.014287423103212635,0.034146341463414664,0.13658536585365855,-0.23415205792682947,0.5097185446700013
source_representative,native__boltz_binary,static_native_zero_local_labels,0.0,chemistry,1.0,10,205,0.0,0.0,0.0,0.0,0.13658536585365855,-0.23415205792682947,0.5097185446700013
source_representative,native__boltzina_vina_far_affinity,static_native_zero_local_labels,0.0,chemistry,0.125,1,205,0.06829268292682925,13.999999999999995,-0.03431372549019607,0.1666860465116278,0.6439024390243903,-0.04681702907058755,1.3062468849681026
source_representative,native__boltzina_vina_far_affinity,static_native_zero_local_labels,0.0,chemistry,0.125,2,205,-0.039024390243902474,-8.000000000000007,-0.14746543778801846,0.07217900656044975,0.6439024390243903,-0.04681702907058755,1.3062468849681026
source_representative,native__boltzina_vina_far_affinity,static_native_zero_local_labels,0.0,chemistry,0.125,3,205,-0.08292682926829265,-16.999999999999993,-0.1923076923076923,0.02843940419769798,0.6439024390243903,-0.04681702907058755,1.3062468849681026
source_representative,native__boltzina_vina_far_affinity,static_native_zero_local_labels,0.0,chemistry,0.125,4,205,-0.14634146341463417,-30.000000000000004,-0.25790276748208546,-0.03702020202020206,0.6439024390243903,-0.04681702907058755,1.3062468849681026
source_representative,native__boltzina_vina_far_affinity,static_native_zero_local_labels,0.0,chemistry,0.125,5,205,-0.13658536585365855,-28.000000000000004,-0.24630720354108662,-0.025625,0.6439024390243903,-0.04681702907058755,1.3062468849681026
source_representative,native__boltzina_vina_far_affinity,static_native_zero_local_labels,0.0,chemistry,0.125,6,205,-0.11707317073170742,-24.00000000000002,-0.21188423645320192,-0.020093039454699257,0.6439024390243903,-0.04681702907058755,1.3062468849681026
source_representative,native__boltzina_vina_far_affinity,static_native_zero_local_labels,0.0,chemistry,0.125,7,205,-0.08780487804878045,-17.999999999999993,-0.16666666666666663,-0.009301248923341927,0.6439024390243903,-0.04681702907058755,1.3062468849681026
source_representative,native__boltzina_vina_far_affinity,static_native_zero_local_labels,0.0,chemistry,0.125,8,205,-0.07317073170731714,-15.000000000000014,-0.13861386138613851,-0.010097241067390404,0.6439024390243903,-0.04681702907058755,1.3062468849681026
source_representative,native__boltzina_vina_far_affinity,static_native_zero_local_labels,0.0,chemistry,0.125,9,205,-0.029268292682926855,-6.000000000000005,-0.07353449444293854,0.014018691588784993,0.6439024390243903,-0.04681702907058755,1.3062468849681026
source_representative,native__boltzina_vina_far_affinity,static_native_zero_local_labels,0.0,chemistry,0.125,10,205,0.0,0.0,0.0,0.0,0.6439024390243903,-0.04681702907058755,1.3062468849681026
source_representative,native__boltzina_vina_far_affinity,static_native_zero_local_labels,0.0,chemistry,0.25,1,205,0.05365853658536582,10.999999999999993,-0.04212918660287083,0.1497833369747286,0.6878048780487804,0.03432180547780541,1.3047719651240783
source_representative,native__boltzina_vina_far_affinity,static_native_zero_local_labels,0.0,chemistry,0.25,2,205,-0.029268292682926855,-6.000000000000005,-0.13557444408636804,0.08543431442928924,0.6878048780487804,0.03432180547780541,1.3047719651240783
source_representative,native__boltzina_vina_far_affinity,static_native_zero_local_labels,0.0,chemistry,0.25,3,205,-0.07804878048780495,-16.000000000000014,-0.18311296349525724,0.029419044845661005,0.6878048780487804,0.03432180547780541,1.3047719651240783
source_representative,native__boltzina_vina_far_affinity,static_native_zero_local_labels,0.0,chemistry,0.25,4,205,-0.15121951219512197,-31.000000000000004,-0.246405510116229,-0.04544940353763882,0.6878048780487804,0.03432180547780541,1.3047719651240783
source_representative,native__boltzina_vina_far_affinity,static_native_zero_local_labels,0.0,chemistry,0.25,5,205,-0.1658536585365854,-34.00000000000001,-0.2612742323475308,-0.06279438405797111,0.6878048780487804,0.03432180547780541,1.3047719651240783
source_representative,native__boltzina_vina_far_affinity,static_native_zero_local_labels,0.0,chemistry,0.25,6,205,-0.12195121951219523,-25.00000000000002,-0.21126760563380276,-0.028982023411371273,0.6878048780487804,0.03432180547780541,1.3047719651240783
source_representative,native__boltzina_vina_far_affinity,static_native_zero_local_labels,0.0,chemistry,0.25,7,205,-0.09756097560975607,-19.999999999999996,-0.18000236966824648,-0.015071626790669744,0.6878048780487804,0.03432180547780541,1.3047719651240783
source_representative,native__boltzina_vina_far_affinity,static_native_zero_local_labels,0.0,chemistry,0.25,8,205,-0.07804878048780495,-16.000000000000014,-0.1469229160858657,-0.00975374101567105,0.6878048780487804,0.03432180547780541,1.3047719651240783
source_representative,native__boltzina_vina_far_affinity,static_native_zero_local_labels,0.0,chemistry,0.25,9,205,-0.019512195121951237,-4.0000000000000036,-0.06060606060606066,0.022941089024804566,0.6878048780487804,0.03432180547780541,1.3047719651240783
source_representative,native__boltzina_vina_far_affinity,static_native_zero_local_labels,0.0,chemistry,0.25,10,205,0.0,0.0,0.0,0.0,0.6878048780487804,0.03432180547780541,1.3047719651240783
source_representative,native__boltzina_vina_far_affinity,static_native_zero_local_labels,0.0,chemistry,0.5,1,205,-0.06341463414634146,-13.0,-0.17242282000361078,0.05386171655021356,1.1804878048780487,0.5290925026968712,1.806635723580258
source_representative,native__boltzina_vina_far_affinity,static_native_zero_local_labels,0.0,chemistry,0.5,2,205,-0.1317073170731708,-27.000000000000014,-0.231536017705433,-0.02714932126696834,1.1804878048780487,0.5290925026968712,1.806635723580258
source_representative,native__boltzina_vina_far_affinity,static_native_zero_local_labels,0.0,chemistry,0.5,3,205,-0.1609756097560976,-33.00000000000001,-0.25962009803921565,-0.06073360159224648,1.1804878048780487,0.5290925026968712,1.806635723580258
source_representative,native__boltzina_vina_far_affinity,static_native_zero_local_labels,0.0,chemistry,0.5,4,205,-0.19024390243902434,-38.999999999999986,-0.2850178571428571,-0.08866995073891626,1.1804878048780487,0.5290925026968712,1.806635723580258
source_representative,native__boltzina_vina_far_affinity,static_native_zero_local_labels,0.0,chemistry,0.5,5,205,-0.20000000000000007,-41.000000000000014,-0.2966636950437844,-0.09999999999999998,1.1804878048780487,0.5290925026968712,1.806635723580258
source_representative,native__boltzina_vina_far_affinity,static_native_zero_local_labels,0.0,chemistry,0.5,6,205,-0.17560975609756102,-36.00000000000001,-0.2679604370492037,-0.08410236905020654,1.1804878048780487,0.5290925026968712,1.806635723580258
source_representative,native__boltzina_vina_far_affinity,static_native_zero_local_labels,0.0,chemistry,0.5,7,205,-0.12195121951219512,-25.0,-0.1980718891655495,-0.045454545454545525,1.1804878048780487,0.5290925026968712,1.806635723580258
source_representative,native__boltzina_vina_far_affinity,static_native_zero_local_labels,0.0,chemistry,0.5,8,205,-0.08780487804878045,-17.999999999999993,-0.15580599073800375,-0.01886134269416414,1.1804878048780487,0.5290925026968712,1.806635723580258
source_representative,native__boltzina_vina_far_affinity,static_native_zero_local_labels,0.0,chemistry,0.5,9,205,-0.04878048780487809,-10.000000000000009,-0.08994841269841275,-0.014084507042253502,1.1804878048780487,0.5290925026968712,1.806635723580258
source_representative,native__boltzina_vina_far_affinity,static_native_zero_local_labels,0.0,chemistry,0.5,10,205,0.0,0.0,0.0,0.0,1.1804878048780487,0.5290925026968712,1.806635723580258
source_representative,native__boltzina_vina_far_affinity,static_native_zero_local_labels,0.0,chemistry,1.0,1,205,-0.12195121951219512,-25.0,-0.21054666304937603,-0.0334619540052479,1.5707317073170732,1.0393945191066039,2.0990801886792445
source_representative,native__boltzina_vina_far_affinity,static_native_zero_local_labels,0.0,chemistry,1.0,2,205,-0.1902439024390244,-39.0,-0.28195005302659487,-0.103448275862069,1.5707317073170732,1.0393945191066039,2.0990801886792445
source_representative,native__boltzina_vina_far_affinity,static_native_zero_local_labels,0.0,chemistry,1.0,3,205,-0.24878048780487805,-51.0,-0.3379061610747138,-0.16499871134020622,1.5707317073170732,1.0393945191066039,2.0990801886792445
source_representative,native__boltzina_vina_far_affinity,static_native_zero_local_labels,0.0,chemistry,1.0,4,205,-0.2780487804878049,-57.00000000000001,-0.3663693942923705,-0.18903850313649156,1.5707317073170732,1.0393945191066039,2.0990801886792445
source_representative,native__boltzina_vina_far_affinity,static_native_zero_local_labels,0.0,chemistry,1.0,5,205,-0.24878048780487805,-51.0,-0.33042864308457276,-0.16499871134020622,1.5707317073170732,1.0393945191066039,2.0990801886792445
source_representative,native__boltzina_vina_far_affinity,static_native_zero_local_labels,0.0,chemistry,1.0,6,205,-0.20000000000000007,-41.000000000000014,-0.27694444444444444,-0.125,1.5707317073170732,1.0393945191066039,2.0990801886792445
source_representative,native__boltzina_vina_far_affinity,static_native_zero_local_labels,0.0,chemistry,1.0,7,205,-0.14146341463414636,-29.000000000000004,-0.20673076923076916,-0.07906346660556766,1.5707317073170732,1.0393945191066039,2.0990801886792445
source_representative,native__boltzina_vina_far_affinity,static_native_zero_local_labels,0.0,chemistry,1.0,8,205,-0.10243902439024388,-20.999999999999996,-0.15920938784339167,-0.049738989780163285,1.5707317073170732,1.0393945191066039,2.0990801886792445
source_representative,native__boltzina_vina_far_affinity,static_native_zero_local_labels,0.0,chemistry,1.0,9,205,-0.039024390243902474,-8.000000000000007,-0.08133971291866027,0.0,1.5707317073170732,1.0393945191066039,2.0990801886792445
source_representative,native__boltzina_vina_far_affinity,static_native_zero_local_labels,0.0,chemistry,1.0,10,205,0.0,0.0,0.0,0.0,1.5707317073170732,1.0393945191066039,2.0990801886792445
source_representative,native__boltzina_vina_far_binary,static_native_zero_local_labels,0.0,chemistry,0.125,1,205,0.19999999999999998,41.0,0.10945079291044776,0.28326980974953553,-0.8439024390243902,-1.3576204920795414,-0.34325412411626083
source_representative,native__boltzina_vina_far_binary,static_native_zero_local_labels,0.0,chemistry,0.125,2,205,0.13170731707317068,26.99999999999999,0.03534469696969698,0.22596576633165824,-0.8439024390243902,-1.3576204920795414,-0.34325412411626083
source_representative,native__boltzina_vina_far_binary,static_native_zero_local_labels,0.0,chemistry,0.125,3,205,0.13658536585365855,28.000000000000004,0.04897895177028162,0.22808270676691728,-0.8439024390243902,-1.3576204920795414,-0.34325412411626083
source_representative,native__boltzina_vina_far_binary,static_native_zero_local_labels,0.0,chemistry,0.125,4,205,0.09756097560975607,19.999999999999996,0.009753741015671035,0.18932038834951448,-0.8439024390243902,-1.3576204920795414,-0.34325412411626083
source_representative,native__boltzina_vina_far_binary,static_native_zero_local_labels,0.0,chemistry,0.125,5,205,0.10243902439024388,20.999999999999996,0.01980198019801982,0.19047619047619047,-0.8439024390243902,-1.3576204920795414,-0.34325412411626083
source_representative,native__boltzina_vina_far_binary,static_native_zero_local_labels,0.0,chemistry,0.125,6,205,0.08780487804878045,17.999999999999993,0.014923525934682954,0.1649509558602742,-0.8439024390243902,-1.3576204920795414,-0.34325412411626083
source_representative,native__boltzina_vina_far_binary,static_native_zero_local_labels,0.0,chemistry,0.125,7,205,0.04878048780487809,10.000000000000009,-0.014925373134328401,0.1150051843317972,-0.8439024390243902,-1.3576204920795414,-0.34325412411626083
source_representative,native__boltzina_vina_far_binary,static_native_zero_local_labels,0.0,chemistry,0.125,8,205,0.024390243902438935,4.999999999999981,-0.024274804641250283,0.07726363598483266,-0.8439024390243902,-1.3576204920795414,-0.34325412411626083
source_representative,native__boltzina_vina_far_binary,static_native_zero_local_labels,0.0,chemistry,0.125,9,205,0.014634146341463428,3.0000000000000027,-0.014705882352941235,0.043694648354250486,-0.8439024390243902,-1.3576204920795414,-0.34325412411626083
source_representative,native__boltzina_vina_far_binary,static_native_zero_local_labels,0.0,chemistry,0.125,10,205,0.0,0.0,0.0,0.0,-0.8439024390243902,-1.3576204920795414,-0.34325412411626083
source_representative,native__boltzina_vina_far_binary,static_native_zero_local_labels,0.0,chemistry,0.25,1,205,0.18536585365853656,37.99999999999999,0.10144760569024244,0.26443350456621,-0.8,-1.2524562177730298,-0.3649883004926102
source_representative,native__boltzina_vina_far_binary,static_native_zero_local_labels,0.0,chemistry,0.25,2,205,0.1414634146341463,28.999999999999993,0.0541805515309572,0.2272727272727273,-0.8,-1.2524562177730298,-0.3649883004926102
source_representative,native__boltzina_vina_far_binary,static_native_zero_local_labels,0.0,chemistry,0.25,3,205,0.14146341463414625,28.99999999999998,0.05797101449275366,0.23300970873786409,-0.8,-1.2524562177730298,-0.3649883004926102
source_representative,native__boltzina_vina_far_binary,static_native_zero_local_labels,0.0,chemistry,0.25,4,205,0.09268292682926826,18.999999999999993,0.015149611694837814,0.17489069506726462,-0.8,-1.2524562177730298,-0.3649883004926102
source_representative,native__boltzina_vina_far_binary,static_native_zero_local_labels,0.0,chemistry,0.25,5,205,0.07317073170731703,14.999999999999991,0.0,0.14778764954257556,-0.8,-1.2524562177730298,-0.3649883004926102
source_representative,native__boltzina_vina_far_binary,static_native_zero_local_labels,0.0,chemistry,0.25,6,205,0.08292682926829265,16.999999999999993,0.014082861655916792,0.15423677069199448,-0.8,-1.2524562177730298,-0.3649883004926102
source_representative,native__boltzina_vina_far_binary,static_native_zero_local_labels,0.0,chemistry,0.25,7,205,0.039024390243902474,8.000000000000007,-0.019706872165048996,0.10449067164179104,-0.8,-1.2524562177730298,-0.3649883004926102
source_representative,native__boltzina_vina_far_binary,static_native_zero_local_labels,0.0,chemistry,0.25,8,205,0.019512195121951126,3.999999999999981,-0.02999999999999992,0.07281553398058249,-0.8,-1.2524562177730298,-0.3649883004926102
source_representative,native__boltzina_vina_far_binary,static_native_zero_local_labels,0.0,chemistry,0.25,9,205,0.024390243902439046,5.000000000000004,-0.005129533678756457,0.05670530610250647,-0.8,-1.2524562177730298,-0.3649883004926102
source_representative,native__boltzina_vina_far_binary,static_native_zero_local_labels,0.0,chemistry,0.25,10,205,0.0,0.0,0.0,0.0,-0.8,-1.2524562177730298,-0.3649883004926102
source_representative,native__boltzina_vina_far_binary,static_native_zero_local_labels,0.0,chemistry,0.5,1,205,0.06829268292682927,14.000000000000002,-0.020108194031381373,0.15430137519460274,-0.3073170731707317,-0.7547240566037734,0.09574988901494573
source_representative,native__boltzina_vina_far_binary,static_native_zero_local_labels,0.0,chemistry,0.5,2,205,0.03902439024390236,7.999999999999984,-0.03865203320669757,0.11541262135922307,-0.3073170731707317,-0.7547240566037734,0.09574988901494573
source_representative,native__boltzina_vina_far_binary,static_native_zero_local_labels,0.0,chemistry,0.5,3,205,0.0585365853658536,11.999999999999988,-0.015159325210871587,0.1387696684043895,-0.3073170731707317,-0.7547240566037734,0.09574988901494573
source_representative,native__boltzina_vina_far_binary,static_native_zero_local_labels,0.0,chemistry,0.5,4,205,0.0536585365853659,11.00000000000001,-0.018964181553044083,0.13272490008080887,-0.3073170731707317,-0.7547240566037734,0.09574988901494573
source_representative,native__boltzina_vina_far_binary,static_native_zero_local_labels,0.0,chemistry,0.5,5,205,0.03902439024390236,7.999999999999984,-0.025516778876499023,0.11113707165109026,-0.3073170731707317,-0.7547240566037734,0.09574988901494573
source_representative,native__boltzina_vina_far_binary,static_native_zero_local_labels,0.0,chemistry,0.5,6,205,0.029268292682926855,6.000000000000005,-0.03349684854619071,0.0984455958549223,-0.3073170731707317,-0.7547240566037734,0.09574988901494573
source_representative,native__boltzina_vina_far_binary,static_native_zero_local_labels,0.0,chemistry,0.5,7,205,0.014634146341463428,3.0000000000000027,-0.04145617443868732,0.07692307692307687,-0.3073170731707317,-0.7547240566037734,0.09574988901494573
source_representative,native__boltzina_vina_far_binary,static_native_zero_local_labels,0.0,chemistry,0.5,8,205,0.009756097560975618,2.0000000000000018,-0.03922051579252399,0.06030559775622299,-0.3073170731707317,-0.7547240566037734,0.09574988901494573
source_representative,native__boltzina_vina_far_binary,static_native_zero_local_labels,0.0,chemistry,0.5,9,205,-0.004878048780487809,-1.0000000000000009,-0.02577319587628868,0.015463917525773252,-0.3073170731707317,-0.7547240566037734,0.09574988901494573
source_representative,native__boltzina_vina_far_binary,static_native_zero_local_labels,0.0,chemistry,0.5,10,205,0.0,0.0,0.0,0.0,-0.3073170731707317,-0.7547240566037734,0.09574988901494573
source_representative,native__boltzina_vina_far_binary,static_native_zero_local_labels,0.0,chemistry,1.0,1,205,0.009756097560975618,2.0000000000000018,-0.06341656987998451,0.07981690140845067,0.08292682926829269,-0.27501275510204115,0.4337290685504977
source_representative,native__boltzina_vina_far_binary,static_native_zero_local_labels,0.0,chemistry,1.0,2,205,-0.019512195121951237,-4.0000000000000036,-0.10051398821028217,0.05714657738095238,0.08292682926829269,-0.27501275510204115,0.4337290685504977
source_representative,native__boltzina_vina_far_binary,static_native_zero_local_labels,0.0,chemistry,1.0,3,205,-0.029268292682926855,-6.000000000000005,-0.09950248756218905,0.038099794941900265,0.08292682926829269,-0.27501275510204115,0.4337290685504977
source_representative,native__boltzina_vina_far_binary,static_native_zero_local_labels,0.0,chemistry,1.0,4,205,-0.034146341463414664,-7.000000000000006,-0.10185185185185186,0.033653846153846145,0.08292682926829269,-0.27501275510204115,0.4337290685504977
source_representative,native__boltzina_vina_far_binary,static_native_zero_local_labels,0.0,chemistry,1.0,5,205,-0.009756097560975618,-2.0000000000000018,-0.07175804156605725,0.05076789599088367,0.08292682926829269,-0.27501275510204115,0.4337290685504977
source_representative,native__boltzina_vina_far_binary,static_native_zero_local_labels,0.0,chemistry,1.0,6,205,0.004878048780487809,1.0000000000000009,-0.04975124378109452,0.05942079207920789,0.08292682926829269,-0.27501275510204115,0.4337290685504977
source_representative,native__boltzina_vina_far_binary,static_native_zero_local_labels,0.0,chemistry,1.0,7,205,-0.004878048780487809,-1.0000000000000009,-0.046882370283018865,0.038466183574879284,0.08292682926829269,-0.27501275510204115,0.4337290685504977
source_representative,native__boltzina_vina_far_binary,static_native_zero_local_labels,0.0,chemistry,1.0,8,205,-0.004878048780487809,-1.0000000000000009,-0.04546614100185525,0.03499999999999992,0.08292682926829269,-0.27501275510204115,0.4337290685504977
source_representative,native__boltzina_vina_far_binary,static_native_zero_local_labels,0.0,chemistry,1.0,9,205,0.004878048780487809,1.0000000000000009,-0.020000000000000018,0.030935889175257688,0.08292682926829269,-0.27501275510204115,0.4337290685504977
source_representative,native__boltzina_vina_far_binary,static_native_zero_local_labels,0.0,chemistry,1.0,10,205,0.0,0.0,0.0,0.0,0.08292682926829269,-0.27501275510204115,0.4337290685504977
source_representative,native__boltzina_vina_zero_affinity,static_native_zero_local_labels,0.0,chemistry,0.125,1,205,0.06829268292682925,13.999999999999995,-0.03431372549019607,0.1666860465116278,0.6439024390243903,-0.04681702907058755,1.3062468849681026
source_representative,native__boltzina_vina_zero_affinity,static_native_zero_local_labels,0.0,chemistry,0.125,2,205,-0.039024390243902474,-8.000000000000007,-0.14746543778801846,0.07217900656044975,0.6439024390243903,-0.04681702907058755,1.3062468849681026
source_representative,native__boltzina_vina_zero_affinity,static_native_zero_local_labels,0.0,chemistry,0.125,3,205,-0.08292682926829265,-16.999999999999993,-0.1923076923076923,0.02843940419769798,0.6439024390243903,-0.04681702907058755,1.3062468849681026
source_representative,native__boltzina_vina_zero_affinity,static_native_zero_local_labels,0.0,chemistry,0.125,4,205,-0.14634146341463417,-30.000000000000004,-0.25790276748208546,-0.03702020202020206,0.6439024390243903,-0.04681702907058755,1.3062468849681026
source_representative,native__boltzina_vina_zero_affinity,static_native_zero_local_labels,0.0,chemistry,0.125,5,205,-0.13658536585365855,-28.000000000000004,-0.24630720354108662,-0.025625,0.6439024390243903,-0.04681702907058755,1.3062468849681026
source_representative,native__boltzina_vina_zero_affinity,static_native_zero_local_labels,0.0,chemistry,0.125,6,205,-0.11707317073170742,-24.00000000000002,-0.21188423645320192,-0.020093039454699257,0.6439024390243903,-0.04681702907058755,1.3062468849681026
source_representative,native__boltzina_vina_zero_affinity,static_native_zero_local_labels,0.0,chemistry,0.125,7,205,-0.08780487804878045,-17.999999999999993,-0.16666666666666663,-0.009301248923341927,0.6439024390243903,-0.04681702907058755,1.3062468849681026
source_representative,native__boltzina_vina_zero_affinity,static_native_zero_local_labels,0.0,chemistry,0.125,8,205,-0.07317073170731714,-15.000000000000014,-0.13861386138613851,-0.010097241067390404,0.6439024390243903,-0.04681702907058755,1.3062468849681026
source_representative,native__boltzina_vina_zero_affinity,static_native_zero_local_labels,0.0,chemistry,0.125,9,205,-0.029268292682926855,-6.000000000000005,-0.07353449444293854,0.014018691588784993,0.6439024390243903,-0.04681702907058755,1.3062468849681026
source_representative,native__boltzina_vina_zero_affinity,static_native_zero_local_labels,0.0,chemistry,0.125,10,205,0.0,0.0,0.0,0.0,0.6439024390243903,-0.04681702907058755,1.3062468849681026
source_representative,native__boltzina_vina_zero_affinity,static_native_zero_local_labels,0.0,chemistry,0.25,1,205,0.05365853658536582,10.999999999999993,-0.04212918660287083,0.1497833369747286,0.6878048780487804,0.03432180547780541,1.3047719651240783
source_representative,native__boltzina_vina_zero_affinity,static_native_zero_local_labels,0.0,chemistry,0.25,2,205,-0.029268292682926855,-6.000000000000005,-0.13557444408636804,0.08543431442928924,0.6878048780487804,0.03432180547780541,1.3047719651240783
source_representative,native__boltzina_vina_zero_affinity,static_native_zero_local_labels,0.0,chemistry,0.25,3,205,-0.07804878048780495,-16.000000000000014,-0.18311296349525724,0.029419044845661005,0.6878048780487804,0.03432180547780541,1.3047719651240783
source_representative,native__boltzina_vina_zero_affinity,static_native_zero_local_labels,0.0,chemistry,0.25,4,205,-0.15121951219512197,-31.000000000000004,-0.246405510116229,-0.04544940353763882,0.6878048780487804,0.03432180547780541,1.3047719651240783
source_representative,native__boltzina_vina_zero_affinity,static_native_zero_local_labels,0.0,chemistry,0.25,5,205,-0.1658536585365854,-34.00000000000001,-0.2612742323475308,-0.06279438405797111,0.6878048780487804,0.03432180547780541,1.3047719651240783
source_representative,native__boltzina_vina_zero_affinity,static_native_zero_local_labels,0.0,chemistry,0.25,6,205,-0.12195121951219523,-25.00000000000002,-0.21126760563380276,-0.028982023411371273,0.6878048780487804,0.03432180547780541,1.3047719651240783
source_representative,native__boltzina_vina_zero_affinity,static_native_zero_local_labels,0.0,chemistry,0.25,7,205,-0.09756097560975607,-19.999999999999996,-0.18000236966824648,-0.015071626790669744,0.6878048780487804,0.03432180547780541,1.3047719651240783
source_representative,native__boltzina_vina_zero_affinity,static_native_zero_local_labels,0.0,chemistry,0.25,8,205,-0.07804878048780495,-16.000000000000014,-0.1469229160858657,-0.00975374101567105,0.6878048780487804,0.03432180547780541,1.3047719651240783
source_representative,native__boltzina_vina_zero_affinity,static_native_zero_local_labels,0.0,chemistry,0.25,9,205,-0.019512195121951237,-4.0000000000000036,-0.06060606060606066,0.022941089024804566,0.6878048780487804,0.03432180547780541,1.3047719651240783
source_representative,native__boltzina_vina_zero_affinity,static_native_zero_local_labels,0.0,chemistry,0.25,10,205,0.0,0.0,0.0,0.0,0.6878048780487804,0.03432180547780541,1.3047719651240783
source_representative,native__boltzina_vina_zero_affinity,static_native_zero_local_labels,0.0,chemistry,0.5,1,205,-0.06341463414634146,-13.0,-0.17242282000361078,0.05386171655021356,1.1804878048780487,0.5290925026968712,1.806635723580258
source_representative,native__boltzina_vina_zero_affinity,static_native_zero_local_labels,0.0,chemistry,0.5,2,205,-0.1317073170731708,-27.000000000000014,-0.231536017705433,-0.02714932126696834,1.1804878048780487,0.5290925026968712,1.806635723580258
source_representative,native__boltzina_vina_zero_affinity,static_native_zero_local_labels,0.0,chemistry,0.5,3,205,-0.1609756097560976,-33.00000000000001,-0.25962009803921565,-0.06073360159224648,1.1804878048780487,0.5290925026968712,1.806635723580258
source_representative,native__boltzina_vina_zero_affinity,static_native_zero_local_labels,0.0,chemistry,0.5,4,205,-0.19024390243902434,-38.999999999999986,-0.2850178571428571,-0.08866995073891626,1.1804878048780487,0.5290925026968712,1.806635723580258
source_representative,native__boltzina_vina_zero_affinity,static_native_zero_local_labels,0.0,chemistry,0.5,5,205,-0.20000000000000007,-41.000000000000014,-0.2966636950437844,-0.09999999999999998,1.1804878048780487,0.5290925026968712,1.806635723580258
source_representative,native__boltzina_vina_zero_affinity,static_native_zero_local_labels,0.0,chemistry,0.5,6,205,-0.17560975609756102,-36.00000000000001,-0.2679604370492037,-0.08410236905020654,1.1804878048780487,0.5290925026968712,1.806635723580258
source_representative,native__boltzina_vina_zero_affinity,static_native_zero_local_labels,0.0,chemistry,0.5,7,205,-0.12195121951219512,-25.0,-0.1980718891655495,-0.045454545454545525,1.1804878048780487,0.5290925026968712,1.806635723580258
source_representative,native__boltzina_vina_zero_affinity,static_native_zero_local_labels,0.0,chemistry,0.5,8,205,-0.08780487804878045,-17.999999999999993,-0.15580599073800375,-0.01886134269416414,1.1804878048780487,0.5290925026968712,1.806635723580258
source_representative,native__boltzina_vina_zero_affinity,static_native_zero_local_labels,0.0,chemistry,0.5,9,205,-0.04878048780487809,-10.000000000000009,-0.08994841269841275,-0.014084507042253502,1.1804878048780487,0.5290925026968712,1.806635723580258
source_representative,native__boltzina_vina_zero_affinity,static_native_zero_local_labels,0.0,chemistry,0.5,10,205,0.0,0.0,0.0,0.0,1.1804878048780487,0.5290925026968712,1.806635723580258
source_representative,native__boltzina_vina_zero_affinity,static_native_zero_local_labels,0.0,chemistry,1.0,1,205,-0.12195121951219512,-25.0,-0.21054666304937603,-0.0334619540052479,1.5707317073170732,1.0393945191066039,2.0990801886792445
source_representative,native__boltzina_vina_zero_affinity,static_native_zero_local_labels,0.0,chemistry,1.0,2,205,-0.1902439024390244,-39.0,-0.28195005302659487,-0.103448275862069,1.5707317073170732,1.0393945191066039,2.0990801886792445
source_representative,native__boltzina_vina_zero_affinity,static_native_zero_local_labels,0.0,chemistry,1.0,3,205,-0.24878048780487805,-51.0,-0.3379061610747138,-0.16499871134020622,1.5707317073170732,1.0393945191066039,2.0990801886792445
source_representative,native__boltzina_vina_zero_affinity,static_native_zero_local_labels,0.0,chemistry,1.0,4,205,-0.2780487804878049,-57.00000000000001,-0.3663693942923705,-0.18903850313649156,1.5707317073170732,1.0393945191066039,2.0990801886792445
source_representative,native__boltzina_vina_zero_affinity,static_native_zero_local_labels,0.0,chemistry,1.0,5,205,-0.24878048780487805,-51.0,-0.33042864308457276,-0.16499871134020622,1.5707317073170732,1.0393945191066039,2.0990801886792445
source_representative,native__boltzina_vina_zero_affinity,static_native_zero_local_labels,0.0,chemistry,1.0,6,205,-0.20000000000000007,-41.000000000000014,-0.27694444444444444,-0.125,1.5707317073170732,1.0393945191066039,2.0990801886792445
source_representative,native__boltzina_vina_zero_affinity,static_native_zero_local_labels,0.0,chemistry,1.0,7,205,-0.14146341463414636,-29.000000000000004,-0.20673076923076916,-0.07906346660556766,1.5707317073170732,1.0393945191066039,2.0990801886792445
source_representative,native__boltzina_vina_zero_affinity,static_native_zero_local_labels,0.0,chemistry,1.0,8,205,-0.10243902439024388,-20.999999999999996,-0.15920938784339167,-0.049738989780163285,1.5707317073170732,1.0393945191066039,2.0990801886792445
source_representative,native__boltzina_vina_zero_affinity,static_native_zero_local_labels,0.0,chemistry,1.0,9,205,-0.039024390243902474,-8.000000000000007,-0.08133971291866027,0.0,1.5707317073170732,1.0393945191066039,2.0990801886792445
source_representative,native__boltzina_vina_zero_affinity,static_native_zero_local_labels,0.0,chemistry,1.0,10,205,0.0,0.0,0.0,0.0,1.5707317073170732,1.0393945191066039,2.0990801886792445
source_representative,native__boltzina_vina_zero_binary,static_native_zero_local_labels,0.0,chemistry,0.125,1,205,0.19999999999999998,41.0,0.10945079291044776,0.28326980974953553,-0.8439024390243902,-1.3576204920795414,-0.34325412411626083
source_representative,native__boltzina_vina_zero_binary,static_native_zero_local_labels,0.0,chemistry,0.125,2,205,0.13170731707317068,26.99999999999999,0.03534469696969698,0.22596576633165824,-0.8439024390243902,-1.3576204920795414,-0.34325412411626083
source_representative,native__boltzina_vina_zero_binary,static_native_zero_local_labels,0.0,chemistry,0.125,3,205,0.13658536585365855,28.000000000000004,0.04897895177028162,0.22808270676691728,-0.8439024390243902,-1.3576204920795414,-0.34325412411626083
source_representative,native__boltzina_vina_zero_binary,static_native_zero_local_labels,0.0,chemistry,0.125,4,205,0.09756097560975607,19.999999999999996,0.009753741015671035,0.18932038834951448,-0.8439024390243902,-1.3576204920795414,-0.34325412411626083
source_representative,native__boltzina_vina_zero_binary,static_native_zero_local_labels,0.0,chemistry,0.125,5,205,0.10243902439024388,20.999999999999996,0.01980198019801982,0.19047619047619047,-0.8439024390243902,-1.3576204920795414,-0.34325412411626083
source_representative,native__boltzina_vina_zero_binary,static_native_zero_local_labels,0.0,chemistry,0.125,6,205,0.08780487804878045,17.999999999999993,0.014923525934682954,0.1649509558602742,-0.8439024390243902,-1.3576204920795414,-0.34325412411626083
source_representative,native__boltzina_vina_zero_binary,static_native_zero_local_labels,0.0,chemistry,0.125,7,205,0.04878048780487809,10.000000000000009,-0.014925373134328401,0.1150051843317972,-0.8439024390243902,-1.3576204920795414,-0.34325412411626083
source_representative,native__boltzina_vina_zero_binary,static_native_zero_local_labels,0.0,chemistry,0.125,8,205,0.024390243902438935,4.999999999999981,-0.024274804641250283,0.07726363598483266,-0.8439024390243902,-1.3576204920795414,-0.34325412411626083
source_representative,native__boltzina_vina_zero_binary,static_native_zero_local_labels,0.0,chemistry,0.125,9,205,0.014634146341463428,3.0000000000000027,-0.014705882352941235,0.043694648354250486,-0.8439024390243902,-1.3576204920795414,-0.34325412411626083
source_representative,native__boltzina_vina_zero_binary,static_native_zero_local_labels,0.0,chemistry,0.125,10,205,0.0,0.0,0.0,0.0,-0.8439024390243902,-1.3576204920795414,-0.34325412411626083
source_representative,native__boltzina_vina_zero_binary,static_native_zero_local_labels,0.0,chemistry,0.25,1,205,0.18536585365853656,37.99999999999999,0.10144760569024244,0.26443350456621,-0.8,-1.2524562177730298,-0.3649883004926102
source_representative,native__boltzina_vina_zero_binary,static_native_zero_local_labels,0.0,chemistry,0.25,2,205,0.1414634146341463,28.999999999999993,0.0541805515309572,0.2272727272727273,-0.8,-1.2524562177730298,-0.3649883004926102
source_representative,native__boltzina_vina_zero_binary,static_native_zero_local_labels,0.0,chemistry,0.25,3,205,0.14146341463414625,28.99999999999998,0.05797101449275366,0.23300970873786409,-0.8,-1.2524562177730298,-0.3649883004926102
source_representative,native__boltzina_vina_zero_binary,static_native_zero_local_labels,0.0,chemistry,0.25,4,205,0.09268292682926826,18.999999999999993,0.015149611694837814,0.17489069506726462,-0.8,-1.2524562177730298,-0.3649883004926102
source_representative,native__boltzina_vina_zero_binary,static_native_zero_local_labels,0.0,chemistry,0.25,5,205,0.07317073170731703,14.999999999999991,0.0,0.14778764954257556,-0.8,-1.2524562177730298,-0.3649883004926102
source_representative,native__boltzina_vina_zero_binary,static_native_zero_local_labels,0.0,chemistry,0.25,6,205,0.08292682926829265,16.999999999999993,0.014082861655916792,0.15423677069199448,-0.8,-1.2524562177730298,-0.3649883004926102
source_representative,native__boltzina_vina_zero_binary,static_native_zero_local_labels,0.0,chemistry,0.25,7,205,0.039024390243902474,8.000000000000007,-0.019706872165048996,0.10449067164179104,-0.8,-1.2524562177730298,-0.3649883004926102
source_representative,native__boltzina_vina_zero_binary,static_native_zero_local_labels,0.0,chemistry,0.25,8,205,0.019512195121951126,3.999999999999981,-0.02999999999999992,0.07281553398058249,-0.8,-1.2524562177730298,-0.3649883004926102
source_representative,native__boltzina_vina_zero_binary,static_native_zero_local_labels,0.0,chemistry,0.25,9,205,0.024390243902439046,5.000000000000004,-0.005129533678756457,0.05670530610250647,-0.8,-1.2524562177730298,-0.3649883004926102
source_representative,native__boltzina_vina_zero_binary,static_native_zero_local_labels,0.0,chemistry,0.25,10,205,0.0,0.0,0.0,0.0,-0.8,-1.2524562177730298,-0.3649883004926102
source_representative,native__boltzina_vina_zero_binary,static_native_zero_local_labels,0.0,chemistry,0.5,1,205,0.06829268292682927,14.000000000000002,-0.020108194031381373,0.15430137519460274,-0.3073170731707317,-0.7547240566037734,0.09574988901494573
source_representative,native__boltzina_vina_zero_binary,static_native_zero_local_labels,0.0,chemistry,0.5,2,205,0.03902439024390236,7.999999999999984,-0.03865203320669757,0.11541262135922307,-0.3073170731707317,-0.7547240566037734,0.09574988901494573
source_representative,native__boltzina_vina_zero_binary,static_native_zero_local_labels,0.0,chemistry,0.5,3,205,0.0585365853658536,11.999999999999988,-0.015159325210871587,0.1387696684043895,-0.3073170731707317,-0.7547240566037734,0.09574988901494573
source_representative,native__boltzina_vina_zero_binary,static_native_zero_local_labels,0.0,chemistry,0.5,4,205,0.0536585365853659,11.00000000000001,-0.018964181553044083,0.13272490008080887,-0.3073170731707317,-0.7547240566037734,0.09574988901494573
source_representative,native__boltzina_vina_zero_binary,static_native_zero_local_labels,0.0,chemistry,0.5,5,205,0.03902439024390236,7.999999999999984,-0.025516778876499023,0.11113707165109026,-0.3073170731707317,-0.7547240566037734,0.09574988901494573
source_representative,native__boltzina_vina_zero_binary,static_native_zero_local_labels,0.0,chemistry,0.5,6,205,0.029268292682926855,6.000000000000005,-0.03349684854619071,0.0984455958549223,-0.3073170731707317,-0.7547240566037734,0.09574988901494573
source_representative,native__boltzina_vina_zero_binary,static_native_zero_local_labels,0.0,chemistry,0.5,7,205,0.014634146341463428,3.0000000000000027,-0.04145617443868732,0.07692307692307687,-0.3073170731707317,-0.7547240566037734,0.09574988901494573
source_representative,native__boltzina_vina_zero_binary,static_native_zero_local_labels,0.0,chemistry,0.5,8,205,0.009756097560975618,2.0000000000000018,-0.03922051579252399,0.06030559775622299,-0.3073170731707317,-0.7547240566037734,0.09574988901494573
source_representative,native__boltzina_vina_zero_binary,static_native_zero_local_labels,0.0,chemistry,0.5,9,205,-0.004878048780487809,-1.0000000000000009,-0.02577319587628868,0.015463917525773252,-0.3073170731707317,-0.7547240566037734,0.09574988901494573
source_representative,native__boltzina_vina_zero_binary,static_native_zero_local_labels,0.0,chemistry,0.5,10,205,0.0,0.0,0.0,0.0,-0.3073170731707317,-0.7547240566037734,0.09574988901494573
source_representative,native__boltzina_vina_zero_binary,static_native_zero_local_labels,0.0,chemistry,1.0,1,205,0.009756097560975618,2.0000000000000018,-0.06341656987998451,0.07981690140845067,0.08292682926829269,-0.27501275510204115,0.4337290685504977
source_representative,native__boltzina_vina_zero_binary,static_native_zero_local_labels,0.0,chemistry,1.0,2,205,-0.019512195121951237,-4.0000000000000036,-0.10051398821028217,0.05714657738095238,0.08292682926829269,-0.27501275510204115,0.4337290685504977
source_representative,native__boltzina_vina_zero_binary,static_native_zero_local_labels,0.0,chemistry,1.0,3,205,-0.029268292682926855,-6.000000000000005,-0.09950248756218905,0.038099794941900265,0.08292682926829269,-0.27501275510204115,0.4337290685504977
source_representative,native__boltzina_vina_zero_binary,static_native_zero_local_labels,0.0,chemistry,1.0,4,205,-0.034146341463414664,-7.000000000000006,-0.10185185185185186,0.033653846153846145,0.08292682926829269,-0.27501275510204115,0.4337290685504977
source_representative,native__boltzina_vina_zero_binary,static_native_zero_local_labels,0.0,chemistry,1.0,5,205,-0.009756097560975618,-2.0000000000000018,-0.07175804156605725,0.05076789599088367,0.08292682926829269,-0.27501275510204115,0.4337290685504977
source_representative,native__boltzina_vina_zero_binary,static_native_zero_local_labels,0.0,chemistry,1.0,6,205,0.004878048780487809,1.0000000000000009,-0.04975124378109452,0.05942079207920789,0.08292682926829269,-0.27501275510204115,0.4337290685504977
source_representative,native__boltzina_vina_zero_binary,static_native_zero_local_labels,0.0,chemistry,1.0,7,205,-0.004878048780487809,-1.0000000000000009,-0.046882370283018865,0.038466183574879284,0.08292682926829269,-0.27501275510204115,0.4337290685504977
source_representative,native__boltzina_vina_zero_binary,static_native_zero_local_labels,0.0,chemistry,1.0,8,205,-0.004878048780487809,-1.0000000000000009,-0.04546614100185525,0.03499999999999992,0.08292682926829269,-0.27501275510204115,0.4337290685504977
source_representative,native__boltzina_vina_zero_binary,static_native_zero_local_labels,0.0,chemistry,1.0,9,205,0.004878048780487809,1.0000000000000009,-0.020000000000000018,0.030935889175257688,0.08292682926829269,-0.27501275510204115,0.4337290685504977
source_representative,native__boltzina_vina_zero_binary,static_native_zero_local_labels,0.0,chemistry,1.0,10,205,0.0,0.0,0.0,0.0,0.08292682926829269,-0.27501275510204115,0.4337290685504977
source_representative,native__gnina,static_native_zero_local_labels,0.0,chemistry,0.125,1,205,0.01951219512195121,3.999999999999998,-0.07143711551606291,0.10837728878148528,0.624390243902439,0.014509838576646656,1.232814379568797
source_representative,native__gnina,static_native_zero_local_labels,0.0,chemistry,0.125,2,205,-0.09268292682926832,-19.000000000000007,-0.19813610551383043,0.01471136962247583,0.624390243902439,0.014509838576646656,1.232814379568797
source_representative,native__gnina,static_native_zero_local_labels,0.0,chemistry,0.125,3,205,-0.08292682926829265,-16.999999999999993,-0.18655278497409325,0.01860682460334714,0.624390243902439,0.014509838576646656,1.232814379568797
source_representative,native__gnina,static_native_zero_local_labels,0.0,chemistry,0.125,4,205,-0.09756097560975607,-19.999999999999996,-0.20297029702970293,0.008980243675437708,0.624390243902439,0.014509838576646656,1.232814379568797
source_representative,native__gnina,static_native_zero_local_labels,0.0,chemistry,0.125,5,205,-0.1121951219512195,-22.999999999999996,-0.21183369736964397,-0.009707565311195536,0.624390243902439,0.014509838576646656,1.232814379568797
source_representative,native__gnina,static_native_zero_local_labels,0.0,chemistry,0.125,6,205,-0.1073170731707318,-22.00000000000002,-0.19713799504950502,-0.014350665547971594,0.624390243902439,0.014509838576646656,1.232814379568797
source_representative,native__gnina,static_native_zero_local_labels,0.0,chemistry,0.125,7,205,-0.07317073170731703,-14.999999999999991,-0.1515187419215856,0.004952360813970839,0.624390243902439,0.014509838576646656,1.232814379568797
source_representative,native__gnina,static_native_zero_local_labels,0.0,chemistry,0.125,8,205,-0.0536585365853659,-11.00000000000001,-0.11917678447142535,0.009663008301674332,0.624390243902439,0.014509838576646656,1.232814379568797
source_representative,native__gnina,static_native_zero_local_labels,0.0,chemistry,0.125,9,205,-0.024390243902439046,-5.000000000000004,-0.06667464114832546,0.015151515151515138,0.624390243902439,0.014509838576646656,1.232814379568797
source_representative,native__gnina,static_native_zero_local_labels,0.0,chemistry,0.125,10,205,0.0,0.0,0.0,0.0,0.624390243902439,0.014509838576646656,1.232814379568797
source_representative,native__gnina,static_native_zero_local_labels,0.0,chemistry,0.25,1,205,0.0048780487804877815,0.9999999999999952,-0.08612440191387558,0.09596886294134,0.6682926829268293,0.11007576794924481,1.2096595460614155
source_representative,native__gnina,static_native_zero_local_labels,0.0,chemistry,0.25,2,205,-0.0829268292682927,-17.000000000000004,-0.18779402302137704,0.01877934272300469,0.6682926829268293,0.11007576794924481,1.2096595460614155
source_representative,native__gnina,static_native_zero_local_labels,0.0,chemistry,0.25,3,205,-0.07804878048780495,-16.000000000000014,-0.16822787526225447,0.01547169811320702,0.6682926829268293,0.11007576794924481,1.2096595460614155
source_representative,native__gnina,static_native_zero_local_labels,0.0,chemistry,0.25,4,205,-0.10243902439024388,-20.999999999999996,-0.19232233502538065,-0.009947797956032725,0.6682926829268293,0.11007576794924481,1.2096595460614155
source_representative,native__gnina,static_native_zero_local_labels,0.0,chemistry,0.25,5,205,-0.14146341463414636,-29.000000000000004,-0.23196548101822453,-0.04854368932038833,0.6682926829268293,0.11007576794924481,1.2096595460614155
source_representative,native__gnina,static_native_zero_local_labels,0.0,chemistry,0.25,6,205,-0.11219512195121961,-23.00000000000002,-0.19417820825472776,-0.028985507246376826,0.6682926829268293,0.11007576794924481,1.2096595460614155
source_representative,native__gnina,static_native_zero_local_labels,0.0,chemistry,0.25,7,205,-0.08292682926829265,-16.999999999999993,-0.1576354679802956,-0.009567110365314466,0.6682926829268293,0.11007576794924481,1.2096595460614155
source_representative,native__gnina,static_native_zero_local_labels,0.0,chemistry,0.25,8,205,-0.05853658536585371,-12.00000000000001,-0.12307881773399015,0.004830917874396048,0.6682926829268293,0.11007576794924481,1.2096595460614155
source_representative,native__gnina,static_native_zero_local_labels,0.0,chemistry,0.25,9,205,-0.014634146341463428,-3.0000000000000027,-0.0553095667014317,0.02451282237032745,0.6682926829268293,0.11007576794924481,1.2096595460614155
source_representative,native__gnina,static_native_zero_local_labels,0.0,chemistry,0.25,10,205,0.0,0.0,0.0,0.0,0.6682926829268293,0.11007576794924481,1.2096595460614155
source_representative,native__gnina,static_native_zero_local_labels,0.0,chemistry,0.5,1,205,-0.1121951219512195,-22.999999999999996,-0.20297416460396042,-0.017933233682112623,1.1609756097560975,0.6020127316981829,1.713560267857143
source_representative,native__gnina,static_native_zero_local_labels,0.0,chemistry,0.5,2,205,-0.18536585365853664,-38.000000000000014,-0.28640837683563447,-0.089622641509434,1.1609756097560975,0.6020127316981829,1.713560267857143
source_representative,native__gnina,static_native_zero_local_labels,0.0,chemistry,0.5,3,205,-0.1609756097560976,-33.00000000000001,-0.2585546522131888,-0.06467661691542292,1.1609756097560975,0.6020127316981829,1.713560267857143
source_representative,native__gnina,static_native_zero_local_labels,0.0,chemistry,0.5,4,205,-0.14146341463414625,-28.99999999999998,-0.2361809045226131,-0.0490196078431373,1.1609756097560975,0.6020127316981829,1.713560267857143
source_representative,native__gnina,static_native_zero_local_labels,0.0,chemistry,0.5,5,205,-0.17560975609756102,-36.00000000000001,-0.26637101896379634,-0.08292682926829265,1.1609756097560975,0.6020127316981829,1.713560267857143
source_representative,native__gnina,static_native_zero_local_labels,0.0,chemistry,0.5,6,205,-0.1658536585365854,-34.00000000000001,-0.24742523221394305,-0.0817209928229666,1.1609756097560975,0.6020127316981829,1.713560267857143
source_representative,native__gnina,static_native_zero_local_labels,0.0,chemistry,0.5,7,205,-0.10731707317073169,-21.999999999999996,-0.17821782178217815,-0.036688907422852426,1.1609756097560975,0.6020127316981829,1.713560267857143
source_representative,native__gnina,static_native_zero_local_labels,0.0,chemistry,0.5,8,205,-0.06829268292682922,-13.99999999999999,-0.1336799911334417,-0.004853782655597769,1.1609756097560975,0.6020127316981829,1.713560267857143
source_representative,native__gnina,static_native_zero_local_labels,0.0,chemistry,0.5,9,205,-0.04390243902439028,-9.000000000000007,-0.08247547793013717,-0.010048994974874314,1.1609756097560975,0.6020127316981829,1.713560267857143
source_representative,native__gnina,static_native_zero_local_labels,0.0,chemistry,0.5,10,205,0.0,0.0,0.0,0.0,1.1609756097560975,0.6020127316981829,1.713560267857143
source_representative,native__gnina,static_native_zero_local_labels,0.0,chemistry,1.0,1,205,-0.17073170731707316,-35.0,-0.25,-0.09422471823175935,1.551219512195122,1.0951083276912665,2.0566240859438474
source_representative,native__gnina,static_native_zero_local_labels,0.0,chemistry,1.0,2,205,-0.24390243902439024,-50.0,-0.33980582524271846,-0.15763546798029554,1.551219512195122,1.0951083276912665,2.0566240859438474
source_representative,native__gnina,static_native_zero_local_labels,0.0,chemistry,1.0,3,205,-0.24878048780487805,-51.0,-0.3399266681594268,-0.1650931947243084,1.551219512195122,1.0951083276912665,2.0566240859438474
source_representative,native__gnina,static_native_zero_local_labels,0.0,chemistry,1.0,4,205,-0.2292682926829268,-46.99999999999999,-0.3157894736842105,-0.15048543689320393,1.551219512195122,1.0951083276912665,2.0566240859438474
source_representative,native__gnina,static_native_zero_local_labels,0.0,chemistry,1.0,5,205,-0.224390243902439,-45.99999999999999,-0.30349920902400446,-0.14795478536242085,1.551219512195122,1.0951083276912665,2.0566240859438474
source_representative,native__gnina,static_native_zero_local_labels,0.0,chemistry,1.0,6,205,-0.19024390243902445,-39.000000000000014,-0.2647058823529411,-0.11734693877551028,1.551219512195122,1.0951083276912665,2.0566240859438474
source_representative,native__gnina,static_native_zero_local_labels,0.0,chemistry,1.0,7,205,-0.12682926829268293,-26.0,-0.18982554200542012,-0.0625,1.551219512195122,1.0951083276912665,2.0566240859438474
source_representative,native__gnina,static_native_zero_local_labels,0.0,chemistry,1.0,8,205,-0.08292682926829265,-16.999999999999993,-0.13568449041323125,-0.03414219748993601,1.551219512195122,1.0951083276912665,2.0566240859438474
source_representative,native__gnina,static_native_zero_local_labels,0.0,chemistry,1.0,9,205,-0.034146341463414664,-7.000000000000006,-0.07477219626168224,0.004652254612948994,1.551219512195122,1.0951083276912665,2.0566240859438474
source_representative,native__gnina,static_native_zero_local_labels,0.0,chemistry,1.0,10,205,0.0,0.0,0.0,0.0,1.551219512195122,1.0951083276912665,2.0566240859438474
source_representative,native__nesso_affinity,static_native_zero_local_labels,0.0,chemistry,0.125,1,205,0.11219512195121953,23.000000000000004,0.005025125628140724,0.21596539033194137,0.751219512195122,-0.00012019230769314976,1.502574748743719
source_representative,native__nesso_affinity,static_native_zero_local_labels,0.0,chemistry,0.125,2,205,-0.04390243902439028,-9.000000000000007,-0.16410447761194033,0.07000233644859807,0.751219512195122,-0.00012019230769314976,1.502574748743719
source_representative,native__nesso_affinity,static_native_zero_local_labels,0.0,chemistry,0.125,3,205,-0.06829268292682922,-13.99999999999999,-0.1897435897435898,0.045237029898350115,0.751219512195122,-0.00012019230769314976,1.502574748743719
source_representative,native__nesso_affinity,static_native_zero_local_labels,0.0,chemistry,0.125,4,205,-0.11707317073170731,-24.0,-0.23787602495095328,0.0,0.751219512195122,-0.00012019230769314976,1.502574748743719
source_representative,native__nesso_affinity,static_native_zero_local_labels,0.0,chemistry,0.125,5,205,-0.10243902439024388,-20.999999999999996,-0.21256815898981207,0.009523809523809601,0.751219512195122,-0.00012019230769314976,1.502574748743719
source_representative,native__nesso_affinity,static_native_zero_local_labels,0.0,chemistry,0.125,6,205,-0.15121951219512197,-31.000000000000004,-0.25,-0.04716981132075482,0.751219512195122,-0.00012019230769314976,1.502574748743719
source_representative,native__nesso_affinity,static_native_zero_local_labels,0.0,chemistry,0.125,7,205,-0.1609756097560976,-33.00000000000001,-0.24637681159420288,-0.07281138494730727,0.751219512195122,-0.00012019230769314976,1.502574748743719
source_representative,native__nesso_affinity,static_native_zero_local_labels,0.0,chemistry,0.125,8,205,-0.14146341463414636,-29.000000000000004,-0.21532038652781677,-0.06996957671957695,0.751219512195122,-0.00012019230769314976,1.502574748743719
source_representative,native__nesso_affinity,static_native_zero_local_labels,0.0,chemistry,0.125,9,205,-0.07804878048780484,-15.999999999999991,-0.12691723897680893,-0.02970297029702962,0.751219512195122,-0.00012019230769314976,1.502574748743719
source_representative,native__nesso_affinity,static_native_zero_local_labels,0.0,chemistry,0.125,10,205,0.0,0.0,0.0,0.0,0.751219512195122,-0.00012019230769314976,1.502574748743719
source_representative,native__nesso_affinity,static_native_zero_local_labels,0.0,chemistry,0.25,1,205,0.0975609756097561,20.0,-0.005293865293865293,0.19999999999999998,0.7951219512195122,0.08820824524312863,1.495357142857144
source_representative,native__nesso_affinity,static_native_zero_local_labels,0.0,chemistry,0.25,2,205,-0.034146341463414664,-7.000000000000006,-0.15027789284727971,0.08134241919071637,0.7951219512195122,0.08820824524312863,1.495357142857144
source_representative,native__nesso_affinity,static_native_zero_local_labels,0.0,chemistry,0.25,3,205,-0.06341463414634152,-13.00000000000001,-0.17244555353901997,0.045454545454545414,0.7951219512195122,0.08820824524312863,1.495357142857144
source_representative,native__nesso_affinity,static_native_zero_local_labels,0.0,chemistry,0.25,4,205,-0.12195121951219512,-25.0,-0.2326897689768976,-0.01401706150836781,0.7951219512195122,0.08820824524312863,1.495357142857144
source_representative,native__nesso_affinity,static_native_zero_local_labels,0.0,chemistry,0.25,5,205,-0.13170731707317074,-27.0,-0.2362169759689537,-0.03107618695146459,0.7951219512195122,0.08820824524312863,1.495357142857144
source_representative,native__nesso_affinity,static_native_zero_local_labels,0.0,chemistry,0.25,6,205,-0.15609756097560978,-32.00000000000001,-0.25,-0.054719595093837864,0.7951219512195122,0.08820824524312863,1.495357142857144
source_representative,native__nesso_affinity,static_native_zero_local_labels,0.0,chemistry,0.25,7,205,-0.1707317073170732,-35.00000000000001,-0.25373134328358204,-0.07959792160691867,0.7951219512195122,0.08820824524312863,1.495357142857144
source_representative,native__nesso_affinity,static_native_zero_local_labels,0.0,chemistry,0.25,8,205,-0.14634146341463417,-30.000000000000004,-0.22164948453608246,-0.07108166413305911,0.7951219512195122,0.08820824524312863,1.495357142857144
source_representative,native__nesso_affinity,static_native_zero_local_labels,0.0,chemistry,0.25,9,205,-0.06829268292682922,-13.99999999999999,-0.11795566502463056,-0.018772822117892513,0.7951219512195122,0.08820824524312863,1.495357142857144
source_representative,native__nesso_affinity,static_native_zero_local_labels,0.0,chemistry,0.25,10,205,0.0,0.0,0.0,0.0,0.7951219512195122,0.08820824524312863,1.495357142857144
source_representative,native__nesso_affinity,static_native_zero_local_labels,0.0,chemistry,0.5,1,205,-0.01951219512195118,-3.999999999999992,-0.13334158415841588,0.09723352713178288,1.2878048780487805,0.5918939783839431,2.0
source_representative,native__nesso_affinity,static_native_zero_local_labels,0.0,chemistry,0.5,2,205,-0.1365853658536586,-28.000000000000014,-0.24038915094339625,-0.03332547169811324,1.2878048780487805,0.5918939783839431,2.0
source_representative,native__nesso_affinity,static_native_zero_local_labels,0.0,chemistry,0.5,3,205,-0.14634146341463417,-30.000000000000004,-0.2513095238095238,-0.042852064996614855,1.2878048780487805,0.5918939783839431,2.0
source_representative,native__nesso_affinity,static_native_zero_local_labels,0.0,chemistry,0.5,4,205,-0.16097560975609748,-32.999999999999986,-0.265,-0.05610827664399101,1.2878048780487805,0.5918939783839431,2.0
source_representative,native__nesso_affinity,static_native_zero_local_labels,0.0,chemistry,0.5,5,205,-0.1658536585365854,-34.00000000000001,-0.26570821731991157,-0.0689537080774682,1.2878048780487805,0.5918939783839431,2.0
source_representative,native__nesso_affinity,static_native_zero_local_labels,0.0,chemistry,0.5,6,205,-0.20975609756097557,-42.99999999999999,-0.2985190029235267,-0.11792452830188682,1.2878048780487805,0.5918939783839431,2.0
source_representative,native__nesso_affinity,static_native_zero_local_labels,0.0,chemistry,0.5,7,205,-0.19512195121951226,-40.000000000000014,-0.2740402918781725,-0.10880829015544047,1.2878048780487805,0.5918939783839431,2.0
source_representative,native__nesso_affinity,static_native_zero_local_labels,0.0,chemistry,0.5,8,205,-0.15609756097560967,-31.999999999999982,-0.22549019607843135,-0.08107786357786355,1.2878048780487805,0.5918939783839431,2.0
source_representative,native__nesso_affinity,static_native_zero_local_labels,0.0,chemistry,0.5,9,205,-0.09756097560975607,-19.999999999999996,-0.14212406015037593,-0.05526947236180899,1.2878048780487805,0.5918939783839431,2.0
source_representative,native__nesso_affinity,static_native_zero_local_labels,0.0,chemistry,0.5,10,205,0.0,0.0,0.0,0.0,1.2878048780487805,0.5918939783839431,2.0
source_representative,native__nesso_affinity,static_native_zero_local_labels,0.0,chemistry,1.0,1,205,-0.07804878048780484,-15.999999999999991,-0.16748311943835797,0.009803921568627416,1.6780487804878048,1.0943741238558595,2.2727498869289913
source_representative,native__nesso_affinity,static_native_zero_local_labels,0.0,chemistry,1.0,2,205,-0.1951219512195122,-40.0,-0.289858695652174,-0.10192776609547674,1.6780487804878048,1.0943741238558595,2.2727498869289913
source_representative,native__nesso_affinity,static_native_zero_local_labels,0.0,chemistry,1.0,3,205,-0.23414634146341462,-48.0,-0.3285359283708931,-0.14916795048873785,1.6780487804878048,1.0943741238558595,2.2727498869289913
source_representative,native__nesso_affinity,static_native_zero_local_labels,0.0,chemistry,1.0,4,205,-0.24878048780487805,-51.0,-0.3467458821887214,-0.16160014781966003,1.6780487804878048,1.0943741238558595,2.2727498869289913
source_representative,native__nesso_affinity,static_native_zero_local_labels,0.0,chemistry,1.0,5,205,-0.21463414634146338,-43.99999999999999,-0.3019947956334094,-0.13431173341214733,1.6780487804878048,1.0943741238558595,2.2727498869289913
source_representative,native__nesso_affinity,static_native_zero_local_labels,0.0,chemistry,1.0,6,205,-0.23414634146341462,-48.0,-0.31500171232876717,-0.15463793017580557,1.6780487804878048,1.0943741238558595,2.2727498869289913
source_representative,native__nesso_affinity,static_native_zero_local_labels,0.0,chemistry,1.0,7,205,-0.2146341463414635,-44.000000000000014,-0.28712871287128705,-0.1415082834790612,1.6780487804878048,1.0943741238558595,2.2727498869289913
source_representative,native__nesso_affinity,static_native_zero_local_labels,0.0,chemistry,1.0,8,205,-0.1707317073170731,-34.999999999999986,-0.23268167836201095,-0.11328849311607936,1.6780487804878048,1.0943741238558595,2.2727498869289913
source_representative,native__nesso_affinity,static_native_zero_local_labels,0.0,chemistry,1.0,9,205,-0.08780487804878045,-17.999999999999993,-0.1330131362889984,-0.04499440298507459,1.6780487804878048,1.0943741238558595,2.2727498869289913
source_representative,native__nesso_affinity,static_native_zero_local_labels,0.0,chemistry,1.0,10,205,0.0,0.0,0.0,0.0,1.6780487804878048,1.0943741238558595,2.2727498869289913
source_representative,native__nesso_binary,static_native_zero_local_labels,0.0,chemistry,0.125,1,205,0.06829268292682925,13.999999999999995,-0.01990049751243783,0.16055679775021894,0.03902439024390244,-0.5825953113900085,0.64681323114159
source_representative,native__nesso_binary,static_native_zero_local_labels,0.0,chemistry,0.125,2,205,-0.024390243902439046,-5.000000000000004,-0.13528211622344166,0.09090909090909094,0.03902439024390244,-0.5825953113900085,0.64681323114159
source_representative,native__nesso_binary,static_native_zero_local_labels,0.0,chemistry,0.125,3,205,-0.024390243902438935,-4.999999999999981,-0.12857496463932105,0.08695652173913043,0.03902439024390244,-0.5825953113900085,0.64681323114159
source_representative,native__nesso_binary,static_native_zero_local_labels,0.0,chemistry,0.125,4,205,-0.019512195121951237,-4.0000000000000036,-0.12382309400444116,0.08738929670850108,0.03902439024390244,-0.5825953113900085,0.64681323114159
source_representative,native__nesso_binary,static_native_zero_local_labels,0.0,chemistry,0.125,5,205,-0.004878048780487809,-1.0000000000000009,-0.11111111111111105,0.10001196172248795,0.03902439024390244,-0.5825953113900085,0.64681323114159
source_representative,native__nesso_binary,static_native_zero_local_labels,0.0,chemistry,0.125,6,205,-0.024390243902439046,-5.000000000000004,-0.1188363758250825,0.07001767676767662,0.03902439024390244,-0.5825953113900085,0.64681323114159
source_representative,native__nesso_binary,static_native_zero_local_labels,0.0,chemistry,0.125,7,205,-0.019512195121951237,-4.0000000000000036,-0.09134615384615385,0.05581395348837215,0.03902439024390244,-0.5825953113900085,0.64681323114159
source_representative,native__nesso_binary,static_native_zero_local_labels,0.0,chemistry,0.125,8,205,0.004878048780487809,1.0000000000000009,-0.04500565326633159,0.05882352941176472,0.03902439024390244,-0.5825953113900085,0.64681323114159
source_representative,native__nesso_binary,static_native_zero_local_labels,0.0,chemistry,0.125,9,205,0.004878048780487809,1.0000000000000009,-0.029268292682926748,0.03921568627450989,0.03902439024390244,-0.5825953113900085,0.64681323114159
source_representative,native__nesso_binary,static_native_zero_local_labels,0.0,chemistry,0.125,10,205,0.0,0.0,0.0,0.0,0.03902439024390244,-0.5825953113900085,0.64681323114159
source_representative,native__nesso_binary,static_native_zero_local_labels,0.0,chemistry,0.25,1,205,0.05365853658536582,10.999999999999993,-0.03381642512077293,0.1436610178495537,0.08292682926829269,-0.4950564448968257,0.6387847213266958
source_representative,native__nesso_binary,static_native_zero_local_labels,0.0,chemistry,0.25,2,205,-0.014634146341463428,-3.0000000000000027,-0.12441686602870812,0.09406641135811687,0.08292682926829269,-0.4950564448968257,0.6387847213266958
source_representative,native__nesso_binary,static_native_zero_local_labels,0.0,chemistry,0.25,3,205,-0.019512195121951237,-4.0000000000000036,-0.115216077828981,0.08532182009670153,0.08292682926829269,-0.4950564448968257,0.6387847213266958
source_representative,native__nesso_binary,static_native_zero_local_labels,0.0,chemistry,0.25,4,205,-0.024390243902439046,-5.000000000000004,-0.11794871794871786,0.06821856625961077,0.08292682926829269,-0.4950564448968257,0.6387847213266958
source_representative,native__nesso_binary,static_native_zero_local_labels,0.0,chemistry,0.25,5,205,-0.034146341463414664,-7.000000000000006,-0.11881777463460631,0.05314654565920921,0.08292682926829269,-0.4950564448968257,0.6387847213266958
source_representative,native__nesso_binary,static_native_zero_local_labels,0.0,chemistry,0.25,6,205,-0.029268292682926855,-6.000000000000005,-0.1089108910891089,0.058830213903743295,0.08292682926829269,-0.4950564448968257,0.6387847213266958
source_representative,native__nesso_binary,static_native_zero_local_labels,0.0,chemistry,0.25,7,205,-0.029268292682926855,-6.000000000000005,-0.10449067164179113,0.04694835680751175,0.08292682926829269,-0.4950564448968257,0.6387847213266958
source_representative,native__nesso_binary,static_native_zero_local_labels,0.0,chemistry,0.25,8,205,0.0,0.0,-0.054187192118226646,0.05742316893632676,0.08292682926829269,-0.4950564448968257,0.6387847213266958
source_representative,native__nesso_binary,static_native_zero_local_labels,0.0,chemistry,0.25,9,205,0.014634146341463428,3.0000000000000027,-0.022831050228310557,0.051813471502590636,0.08292682926829269,-0.4950564448968257,0.6387847213266958
source_representative,native__nesso_binary,static_native_zero_local_labels,0.0,chemistry,0.25,10,205,0.0,0.0,0.0,0.0,0.08292682926829269,-0.4950564448968257,0.6387847213266958
source_representative,native__nesso_binary,static_native_zero_local_labels,0.0,chemistry,0.5,1,205,-0.06341463414634146,-13.0,-0.15922388059701495,0.034326529119110306,0.5756097560975609,-0.010063811377893311,1.1183803886969068
source_representative,native__nesso_binary,static_native_zero_local_labels,0.0,chemistry,0.5,2,205,-0.11707317073170737,-24.00000000000001,-0.21396179401993354,-0.01455617198335648,0.5756097560975609,-0.010063811377893311,1.1183803886969068
source_representative,native__nesso_binary,static_native_zero_local_labels,0.0,chemistry,0.5,3,205,-0.10243902439024388,-20.999999999999996,-0.19419538834951458,-0.004876870507835525,0.5756097560975609,-0.010063811377893311,1.1183803886969068
source_representative,native__nesso_binary,static_native_zero_local_labels,0.0,chemistry,0.5,4,205,-0.06341463414634141,-12.99999999999999,-0.14953835387602152,0.028985507246376722,0.5756097560975609,-0.010063811377893311,1.1183803886969068
source_representative,native__nesso_binary,static_native_zero_local_labels,0.0,chemistry,0.5,5,205,-0.06829268292682933,-14.000000000000012,-0.1553423210423059,0.022632218024824596,0.5756097560975609,-0.010063811377893311,1.1183803886969068
source_representative,native__nesso_binary,static_native_zero_local_labels,0.0,chemistry,0.5,6,205,-0.08292682926829265,-16.999999999999993,-0.1619180565627266,0.0,0.5756097560975609,-0.010063811377893311,1.1183803886969068
source_representative,native__nesso_binary,static_native_zero_local_labels,0.0,chemistry,0.5,7,205,-0.0536585365853659,-11.00000000000001,-0.12256221719457014,0.01970687216504898,0.5756097560975609,-0.010063811377893311,1.1183803886969068
source_representative,native__nesso_binary,static_native_zero_local_labels,0.0,chemistry,0.5,8,205,-0.009756097560975507,-1.9999999999999791,-0.06217616580310881,0.04525288479434191,0.5756097560975609,-0.010063811377893311,1.1183803886969068
source_representative,native__nesso_binary,static_native_zero_local_labels,0.0,chemistry,0.5,9,205,-0.014634146341463428,-3.0000000000000027,-0.04386071887034662,0.010418030104712,0.5756097560975609,-0.010063811377893311,1.1183803886969068
source_representative,native__nesso_binary,static_native_zero_local_labels,0.0,chemistry,0.5,10,205,0.0,0.0,0.0,0.0,0.5756097560975609,-0.010063811377893311,1.1183803886969068
source_representative,native__nesso_binary,static_native_zero_local_labels,0.0,chemistry,1.0,1,205,-0.12195121951219512,-25.0,-0.20478304405874498,-0.0382465000886055,0.9658536585365853,0.47682266009852226,1.440772200342656
source_representative,native__nesso_binary,static_native_zero_local_labels,0.0,chemistry,1.0,2,205,-0.17560975609756097,-36.0,-0.26534013605442175,-0.08412762617725206,0.9658536585365853,0.47682266009852226,1.440772200342656
source_representative,native__nesso_binary,static_native_zero_local_labels,0.0,chemistry,1.0,3,205,-0.19024390243902434,-38.999999999999986,-0.2785405165951067,-0.10415317357512957,0.9658536585365853,0.47682266009852226,1.440772200342656
source_representative,native__nesso_binary,static_native_zero_local_labels,0.0,chemistry,1.0,4,205,-0.15121951219512197,-31.000000000000004,-0.2333333333333334,-0.06598984771573613,0.9658536585365853,0.47682266009852226,1.440772200342656
source_representative,native__nesso_binary,static_native_zero_local_labels,0.0,chemistry,1.0,5,205,-0.11707317073170731,-24.0,-0.1952380952380952,-0.03979606915915479,0.9658536585365853,0.47682266009852226,1.440772200342656
source_representative,native__nesso_binary,static_native_zero_local_labels,0.0,chemistry,1.0,6,205,-0.10731707317073169,-21.999999999999996,-0.18001219512195127,-0.0320726455719905,0.9658536585365853,0.47682266009852226,1.440772200342656
source_representative,native__nesso_binary,static_native_zero_local_labels,0.0,chemistry,1.0,7,205,-0.07317073170731714,-15.000000000000014,-0.13616111301958098,-0.010200235873243802,0.9658536585365853,0.47682266009852226,1.440772200342656
source_representative,native__nesso_binary,static_native_zero_local_labels,0.0,chemistry,1.0,8,205,-0.024390243902438935,-4.999999999999981,-0.07009345794392519,0.020000000000000018,0.9658536585365853,0.47682266009852226,1.440772200342656
source_representative,native__nesso_binary,static_native_zero_local_labels,0.0,chemistry,1.0,9,205,-0.004878048780487809,-1.0000000000000009,-0.037572099262240095,0.02659574468085102,0.9658536585365853,0.47682266009852226,1.440772200342656
source_representative,native__nesso_binary,static_native_zero_local_labels,0.0,chemistry,1.0,10,205,0.0,0.0,0.0,0.0,0.9658536585365853,0.47682266009852226,1.440772200342656
source_representative,native__raw_ad4,static_native_zero_local_labels,0.0,chemistry,0.125,1,205,-0.053658536585365846,-10.999999999999998,-0.15238721804511277,0.04225352112676056,1.2951219512195122,0.6271808353080575,1.9491831150393835
source_representative,native__raw_ad4,static_native_zero_local_labels,0.0,chemistry,0.125,2,205,-0.20487804878048782,-42.0,-0.31280458614581846,-0.09767158252977878,1.2951219512195122,0.6271808353080575,1.9491831150393835
source_representative,native__raw_ad4,static_native_zero_local_labels,0.0,chemistry,0.125,3,205,-0.22682926829268285,-46.499999999999986,-0.33575059485182784,-0.11627064374789353,1.2951219512195122,0.6271808353080575,1.9491831150393835
source_representative,native__raw_ad4,static_native_zero_local_labels,0.0,chemistry,0.125,4,205,-0.23902439024390248,-49.00000000000001,-0.34875,-0.12980084196891198,1.2951219512195122,0.6271808353080575,1.9491831150393835
source_representative,native__raw_ad4,static_native_zero_local_labels,0.0,chemistry,0.125,5,205,-0.19999999999999996,-40.99999999999999,-0.3054187192118226,-0.09268292682926826,1.2951219512195122,0.6271808353080575,1.9491831150393835
source_representative,native__raw_ad4,static_native_zero_local_labels,0.0,chemistry,0.125,6,205,-0.1682926829268293,-34.50000000000001,-0.2612089904252323,-0.06570710319609985,1.2951219512195122,0.6271808353080575,1.9491831150393835
source_representative,native__raw_ad4,static_native_zero_local_labels,0.0,chemistry,0.125,7,205,-0.12195121951219512,-25.0,-0.20297029702970304,-0.03979606915915478,1.2951219512195122,0.6271808353080575,1.9491831150393835
source_representative,native__raw_ad4,static_native_zero_local_labels,0.0,chemistry,0.125,8,205,-0.056097560975609806,-11.50000000000001,-0.11848644329328778,0.0,1.2951219512195122,0.6271808353080575,1.9491831150393835
source_representative,native__raw_ad4,static_native_zero_local_labels,0.0,chemistry,0.125,9,205,-0.024390243902439046,-5.000000000000004,-0.0594133293926407,0.009261422637590782,1.2951219512195122,0.6271808353080575,1.9491831150393835
source_representative,native__raw_ad4,static_native_zero_local_labels,0.0,chemistry,0.125,10,205,0.0,0.0,0.0,0.0,1.2951219512195122,0.6271808353080575,1.9491831150393835
source_representative,native__raw_ad4,static_native_zero_local_labels,0.0,chemistry,0.25,1,205,-0.06829268292682927,-14.000000000000002,-0.16433497894584004,0.027781007751937953,1.3390243902439025,0.697473214285715,1.938740362649915
source_representative,native__raw_ad4,static_native_zero_local_labels,0.0,chemistry,0.25,2,205,-0.1951219512195122,-40.0,-0.3034825870646766,-0.08795901084010843,1.3390243902439025,0.697473214285715,1.938740362649915
source_representative,native__raw_ad4,static_native_zero_local_labels,0.0,chemistry,0.25,3,205,-0.22195121951219515,-45.50000000000001,-0.31884575569358176,-0.11904172560113159,1.3390243902439025,0.697473214285715,1.938740362649915
source_representative,native__raw_ad4,static_native_zero_local_labels,0.0,chemistry,0.25,4,205,-0.2439024390243903,-50.00000000000001,-0.3430175749229457,-0.13942008706467662,1.3390243902439025,0.697473214285715,1.938740362649915
source_representative,native__raw_ad4,static_native_zero_local_labels,0.0,chemistry,0.25,5,205,-0.2292682926829268,-46.99999999999999,-0.3349056603773585,-0.12934906805684496,1.3390243902439025,0.697473214285715,1.938740362649915
source_representative,native__raw_ad4,static_native_zero_local_labels,0.0,chemistry,0.25,6,205,-0.17317073170731712,-35.50000000000001,-0.2660178973686165,-0.07253698280393486,1.3390243902439025,0.697473214285715,1.938740362649915
source_representative,native__raw_ad4,static_native_zero_local_labels,0.0,chemistry,0.25,7,205,-0.13170731707317074,-27.0,-0.21891752969844655,-0.04784119389382542,1.3390243902439025,0.697473214285715,1.938740362649915
source_representative,native__raw_ad4,static_native_zero_local_labels,0.0,chemistry,0.25,8,205,-0.060975609756097615,-12.50000000000001,-0.12630308509001395,0.0023153556593977745,1.3390243902439025,0.697473214285715,1.938740362649915
source_representative,native__raw_ad4,static_native_zero_local_labels,0.0,chemistry,0.25,9,205,-0.014634146341463428,-3.0000000000000027,-0.0497856931717411,0.01834862385321101,1.3390243902439025,0.697473214285715,1.938740362649915
source_representative,native__raw_ad4,static_native_zero_local_labels,0.0,chemistry,0.25,10,205,0.0,0.0,0.0,0.0,1.3390243902439025,0.697473214285715,1.938740362649915
source_representative,native__raw_ad4,static_native_zero_local_labels,0.0,chemistry,0.5,1,205,-0.18536585365853656,-37.99999999999999,-0.29,-0.07906346660556769,1.8317073170731708,1.214925523349436,2.3995098039215685
source_representative,native__raw_ad4,static_native_zero_local_labels,0.0,chemistry,0.5,2,205,-0.29756097560975614,-61.00000000000001,-0.39603960396039606,-0.18998933649289104,1.8317073170731708,1.214925523349436,2.3995098039215685
source_representative,native__raw_ad4,static_native_zero_local_labels,0.0,chemistry,0.5,3,205,-0.3048780487804878,-62.5,-0.4000121359223301,-0.2064050085597648,1.8317073170731708,1.214925523349436,2.3995098039215685
source_representative,native__raw_ad4,static_native_zero_local_labels,0.0,chemistry,0.5,4,205,-0.28292682926829266,-57.99999999999999,-0.3800121951219512,-0.17999029126213603,1.8317073170731708,1.214925523349436,2.3995098039215685
source_representative,native__raw_ad4,static_native_zero_local_labels,0.0,chemistry,0.5,5,205,-0.2634146341463415,-54.0,-0.35962050288329095,-0.16578538957864897,1.8317073170731708,1.214925523349436,2.3995098039215685
source_representative,native__raw_ad4,static_native_zero_local_labels,0.0,chemistry,0.5,6,205,-0.2268292682926829,-46.49999999999999,-0.3118828309822133,-0.1379290203029326,1.8317073170731708,1.214925523349436,2.3995098039215685
source_representative,native__raw_ad4,static_native_zero_local_labels,0.0,chemistry,0.5,7,205,-0.15609756097560978,-32.00000000000001,-0.23530799112097675,-0.07476286790347332,1.8317073170731708,1.214925523349436,2.3995098039215685
source_representative,native__raw_ad4,static_native_zero_local_labels,0.0,chemistry,0.5,8,205,-0.07073170731707312,-14.49999999999999,-0.1363691796008869,-0.008932836829889577,1.8317073170731708,1.214925523349436,2.3995098039215685
source_representative,native__raw_ad4,static_native_zero_local_labels,0.0,chemistry,0.5,9,205,-0.04390243902439028,-9.000000000000007,-0.07281806229773459,-0.018957345971563955,1.8317073170731708,1.214925523349436,2.3995098039215685
source_representative,native__raw_ad4,static_native_zero_local_labels,0.0,chemistry,0.5,10,205,0.0,0.0,0.0,0.0,1.8317073170731708,1.214925523349436,2.3995098039215685
source_representative,native__raw_ad4,static_native_zero_local_labels,0.0,chemistry,1.0,1,205,-0.2439024390243902,-49.99999999999999,-0.31842898185130686,-0.1705938301665291,2.2219512195121953,1.7550935374149657,2.6902938659997355
source_representative,native__raw_ad4,static_native_zero_local_labels,0.0,chemistry,1.0,2,205,-0.35609756097560974,-73.0,-0.4396380398909456,-0.27550650695060636,2.2219512195121953,1.7550935374149657,2.6902938659997355
source_representative,native__raw_ad4,static_native_zero_local_labels,0.0,chemistry,1.0,3,205,-0.39268292682926825,-80.49999999999999,-0.4810557581846375,-0.3076923076923077,2.2219512195121953,1.7550935374149657,2.6902938659997355
source_representative,native__raw_ad4,static_native_zero_local_labels,0.0,chemistry,1.0,4,205,-0.3707317073170732,-76.00000000000001,-0.45500997652582165,-0.2901479312157393,2.2219512195121953,1.7550935374149657,2.6902938659997355
source_representative,native__raw_ad4,static_native_zero_local_labels,0.0,chemistry,1.0,5,205,-0.31219512195121946,-63.999999999999986,-0.3958384900990099,-0.2341437467566165,2.2219512195121953,1.7550935374149657,2.6902938659997355
source_representative,native__raw_ad4,static_native_zero_local_labels,0.0,chemistry,1.0,6,205,-0.25121951219512195,-51.5,-0.3261006117544243,-0.17691919191919198,2.2219512195121953,1.7550935374149657,2.6902938659997355
source_representative,native__raw_ad4,static_native_zero_local_labels,0.0,chemistry,1.0,7,205,-0.17560975609756102,-36.00000000000001,-0.24521634615384616,-0.1121951219512195,2.2219512195121953,1.7550935374149657,2.6902938659997355
source_representative,native__raw_ad4,static_native_zero_local_labels,0.0,chemistry,1.0,8,205,-0.08536585365853655,-17.499999999999993,-0.14394787426503844,-0.03464078724945675,2.2219512195121953,1.7550935374149657,2.6902938659997355
source_representative,native__raw_ad4,static_native_zero_local_labels,0.0,chemistry,1.0,9,205,-0.034146341463414664,-7.000000000000006,-0.06763473731884066,0.0,2.2219512195121953,1.7550935374149657,2.6902938659997355
source_representative,native__raw_ad4,static_native_zero_local_labels,0.0,chemistry,1.0,10,205,0.0,0.0,0.0,0.0,2.2219512195121953,1.7550935374149657,2.6902938659997355
source_representative,native__raw_gnina_own,static_native_zero_local_labels,0.0,chemistry,0.125,1,205,0.01951219512195121,3.999999999999998,-0.06818458980044345,0.10628522544283409,0.4585365853658537,-0.17822247013433754,1.0735728969006961
source_representative,native__raw_gnina_own,static_native_zero_local_labels,0.0,chemistry,0.125,2,205,-0.0829268292682927,-17.000000000000004,-0.1878481955703715,0.01932838458819371,0.4585365853658537,-0.17822247013433754,1.0735728969006961
source_representative,native__raw_gnina_own,static_native_zero_local_labels,0.0,chemistry,0.125,3,205,-0.0585365853658536,-11.999999999999988,-0.1581695797130734,0.04292722433146246,0.4585365853658537,-0.17822247013433754,1.0735728969006961
source_representative,native__raw_gnina_own,static_native_zero_local_labels,0.0,chemistry,0.125,4,205,-0.0536585365853659,-11.00000000000001,-0.15348837209302324,0.0430673767022451,0.4585365853658537,-0.17822247013433754,1.0735728969006961
source_representative,native__raw_gnina_own,static_native_zero_local_labels,0.0,chemistry,0.125,5,205,-0.04390243902439017,-8.999999999999986,-0.1428571428571429,0.05263790485829961,0.4585365853658537,-0.17822247013433754,1.0735728969006961
source_representative,native__raw_gnina_own,static_native_zero_local_labels,0.0,chemistry,0.125,6,205,-0.06341463414634152,-13.00000000000001,-0.1579008567931457,0.028733004879435215,0.4585365853658537,-0.17822247013433754,1.0735728969006961
source_representative,native__raw_gnina_own,static_native_zero_local_labels,0.0,chemistry,0.125,7,205,-0.06341463414634141,-12.99999999999999,-0.14215849673202618,0.019902985074626872,0.4585365853658537,-0.17822247013433754,1.0735728969006961
source_representative,native__raw_gnina_own,static_native_zero_local_labels,0.0,chemistry,0.125,8,205,-0.06341463414634152,-13.00000000000001,-0.12745348139255702,0.0,0.4585365853658537,-0.17822247013433754,1.0735728969006961
source_representative,native__raw_gnina_own,static_native_zero_local_labels,0.0,chemistry,0.125,9,205,-0.04878048780487798,-9.999999999999986,-0.09359605911330049,-0.004876870507835525,0.4585365853658537,-0.17822247013433754,1.0735728969006961
source_representative,native__raw_gnina_own,static_native_zero_local_labels,0.0,chemistry,0.125,10,205,0.0,0.0,0.0,0.0,0.4585365853658537,-0.17822247013433754,1.0735728969006961
source_representative,native__raw_gnina_own,static_native_zero_local_labels,0.0,chemistry,0.25,1,205,0.0048780487804877815,0.9999999999999952,-0.0829268292682927,0.09226363306415007,0.5024390243902439,-0.10285864485981212,1.078959665518938
source_representative,native__raw_gnina_own,static_native_zero_local_labels,0.0,chemistry,0.25,2,205,-0.07317073170731708,-15.000000000000002,-0.17675907893229467,0.02871158446816338,0.5024390243902439,-0.10285864485981212,1.078959665518938
source_representative,native__raw_gnina_own,static_native_zero_local_labels,0.0,chemistry,0.25,3,205,-0.0536585365853659,-11.00000000000001,-0.1472145547264264,0.041371696563055886,0.5024390243902439,-0.10285864485981212,1.078959665518938
source_representative,native__raw_gnina_own,static_native_zero_local_labels,0.0,chemistry,0.25,4,205,-0.05853658536585371,-12.00000000000001,-0.14721839497220207,0.03076923076923077,0.5024390243902439,-0.10285864485981212,1.078959665518938
source_representative,native__raw_gnina_own,static_native_zero_local_labels,0.0,chemistry,0.25,5,205,-0.07317073170731703,-14.999999999999991,-0.16500121359223305,0.020623926116838498,0.5024390243902439,-0.10285864485981212,1.078959665518938
source_representative,native__raw_gnina_own,static_native_zero_local_labels,0.0,chemistry,0.25,6,205,-0.06829268292682933,-14.000000000000012,-0.1588920493024516,0.024752475247524774,0.5024390243902439,-0.10285864485981212,1.078959665518938
source_representative,native__raw_gnina_own,static_native_zero_local_labels,0.0,chemistry,0.25,7,205,-0.07317073170731703,-14.999999999999991,-0.15113235294117655,0.004902564474065468,0.5024390243902439,-0.10285864485981212,1.078959665518938
source_representative,native__raw_gnina_own,static_native_zero_local_labels,0.0,chemistry,0.25,8,205,-0.06829268292682933,-14.000000000000012,-0.13235294117647056,0.0,0.5024390243902439,-0.10285864485981212,1.078959665518938
source_representative,native__raw_gnina_own,static_native_zero_local_labels,0.0,chemistry,0.25,9,205,-0.03902439024390236,-7.999999999999984,-0.08412045690550364,0.005155306874632744,0.5024390243902439,-0.10285864485981212,1.078959665518938
source_representative,native__raw_gnina_own,static_native_zero_local_labels,0.0,chemistry,0.25,10,205,0.0,0.0,0.0,0.0,0.5024390243902439,-0.10285864485981212,1.078959665518938
source_representative,native__raw_gnina_own,static_native_zero_local_labels,0.0,chemistry,0.5,1,205,-0.1121951219512195,-22.999999999999996,-0.19895478574696285,-0.025494339526855606,0.9951219512195122,0.4056262671772922,1.5833539603960392
source_representative,native__raw_gnina_own,static_native_zero_local_labels,0.0,chemistry,0.5,2,205,-0.17560975609756102,-36.00000000000001,-0.2767122464673652,-0.07769107767062514,0.9951219512195122,0.4056262671772922,1.5833539603960392
source_representative,native__raw_gnina_own,static_native_zero_local_labels,0.0,chemistry,0.5,3,205,-0.13658536585365855,-28.000000000000004,-0.22816211620915677,-0.04224981467753888,0.9951219512195122,0.4056262671772922,1.5833539603960392
source_representative,native__raw_gnina_own,static_native_zero_local_labels,0.0,chemistry,0.5,4,205,-0.09756097560975607,-19.999999999999996,-0.1928956273933565,-0.004760228034875914,0.9951219512195122,0.4056262671772922,1.5833539603960392
source_representative,native__raw_gnina_own,static_native_zero_local_labels,0.0,chemistry,0.5,5,205,-0.10731707317073169,-21.999999999999996,-0.19902985074626864,-0.014561347966793307,0.9951219512195122,0.4056262671772922,1.5833539603960392
source_representative,native__raw_gnina_own,static_native_zero_local_labels,0.0,chemistry,0.5,6,205,-0.12195121951219512,-25.0,-0.20722026374200286,-0.03619617950272892,0.9951219512195122,0.4056262671772922,1.5833539603960392
source_representative,native__raw_gnina_own,static_native_zero_local_labels,0.0,chemistry,0.5,7,205,-0.09756097560975607,-19.999999999999996,-0.1698136105513831,-0.023801140174379683,0.9951219512195122,0.4056262671772922,1.5833539603960392
source_representative,native__raw_gnina_own,static_native_zero_local_labels,0.0,chemistry,0.5,8,205,-0.07804878048780484,-15.999999999999991,-0.1428571428571428,-0.01463061152350657,0.9951219512195122,0.4056262671772922,1.5833539603960392
source_representative,native__raw_gnina_own,static_native_zero_local_labels,0.0,chemistry,0.5,9,205,-0.06829268292682922,-13.99999999999999,-0.11162790697674418,-0.028975155279503072,0.9951219512195122,0.4056262671772922,1.5833539603960392
source_representative,native__raw_gnina_own,static_native_zero_local_labels,0.0,chemistry,0.5,10,205,0.0,0.0,0.0,0.0,0.9951219512195122,0.4056262671772922,1.5833539603960392
source_representative,native__raw_gnina_own,static_native_zero_local_labels,0.0,chemistry,1.0,1,205,-0.17073170731707316,-35.0,-0.2511450649806814,-0.08946456487754041,1.3853658536585365,0.8724901018099542,1.9250367647058828
source_representative,native__raw_gnina_own,static_native_zero_local_labels,0.0,chemistry,1.0,2,205,-0.23414634146341462,-48.0,-0.33495266990291267,-0.15047977765481163,1.3853658536585365,0.8724901018099542,1.9250367647058828
source_representative,native__raw_gnina_own,static_native_zero_local_labels,0.0,chemistry,1.0,3,205,-0.224390243902439,-45.99999999999999,-0.3107015660828414,-0.14136137494346482,1.3853658536585365,0.8724901018099542,1.9250367647058828
source_representative,native__raw_gnina_own,static_native_zero_local_labels,0.0,chemistry,1.0,4,205,-0.18536585365853664,-38.000000000000014,-0.2663316582914572,-0.11055210261835496,1.3853658536585365,0.8724901018099542,1.9250367647058828
source_representative,native__raw_gnina_own,static_native_zero_local_labels,0.0,chemistry,1.0,5,205,-0.15609756097560967,-31.999999999999982,-0.23673144488361886,-0.08040201005025127,1.3853658536585365,0.8724901018099542,1.9250367647058828
source_representative,native__raw_gnina_own,static_native_zero_local_labels,0.0,chemistry,1.0,6,205,-0.14634146341463417,-30.000000000000004,-0.22707448601280755,-0.06340821566110397,1.3853658536585365,0.8724901018099542,1.9250367647058828
source_representative,native__raw_gnina_own,static_native_zero_local_labels,0.0,chemistry,1.0,7,205,-0.11707317073170731,-24.0,-0.18627673796791444,-0.0482976215241662,1.3853658536585365,0.8724901018099542,1.9250367647058828
source_representative,native__raw_gnina_own,static_native_zero_local_labels,0.0,chemistry,1.0,8,205,-0.09268292682926826,-18.999999999999993,-0.15271107006020804,-0.0357142857142857,1.3853658536585365,0.8724901018099542,1.9250367647058828
source_representative,native__raw_gnina_own,static_native_zero_local_labels,0.0,chemistry,1.0,9,205,-0.0585365853658536,-11.999999999999988,-0.10379118558152631,-0.014776514053897412,1.3853658536585365,0.8724901018099542,1.9250367647058828
source_representative,native__raw_gnina_own,static_native_zero_local_labels,0.0,chemistry,1.0,10,205,0.0,0.0,0.0,0.0,1.3853658536585365,0.8724901018099542,1.9250367647058828
source_representative,native__vina,static_native_zero_local_labels,0.0,chemistry,0.125,1,205,-0.07317073170731708,-15.000000000000002,-0.15346534653465344,0.0071445741758241685,0.973170731707317,0.3190406256635294,1.5617174315108078
source_representative,native__vina,static_native_zero_local_labels,0.0,chemistry,0.125,2,205,-0.20081300813008135,-41.16666666666668,-0.30403252633885935,-0.09355202101549313,0.973170731707317,0.3190406256635294,1.5617174315108078
source_representative,native__vina,static_native_zero_local_labels,0.0,chemistry,0.125,3,205,-0.19105691056910556,-39.16666666666664,-0.2955717060986609,-0.08052031433548053,0.973170731707317,0.3190406256635294,1.5617174315108078
source_representative,native__vina,static_native_zero_local_labels,0.0,chemistry,0.125,4,205,-0.15691056910569112,-32.16666666666668,-0.2663656328952552,-0.043808997602637116,0.973170731707317,0.3190406256635294,1.5617174315108078
source_representative,native__vina,static_native_zero_local_labels,0.0,chemistry,0.125,5,205,-0.12439024390243902,-25.5,-0.2243005631440211,-0.019554314444224195,0.973170731707317,0.3190406256635294,1.5617174315108078
source_representative,native__vina,static_native_zero_local_labels,0.0,chemistry,0.125,6,205,-0.1048780487804879,-21.500000000000018,-0.19595163390954284,-0.008011862041467284,0.973170731707317,0.3190406256635294,1.5617174315108078
source_representative,native__vina,static_native_zero_local_labels,0.0,chemistry,0.125,7,205,-0.09268292682926826,-18.999999999999993,-0.17159413257688858,-0.005097642505277948,0.973170731707317,0.3190406256635294,1.5617174315108078
source_representative,native__vina,static_native_zero_local_labels,0.0,chemistry,0.125,8,205,-0.024390243902439046,-5.000000000000004,-0.07944332077928122,0.03015075376884424,0.973170731707317,0.3190406256635294,1.5617174315108078
source_representative,native__vina,static_native_zero_local_labels,0.0,chemistry,0.125,9,205,-0.004878048780487809,-1.0000000000000009,-0.03282828282828276,0.02296390778533633,0.973170731707317,0.3190406256635294,1.5617174315108078
source_representative,native__vina,static_native_zero_local_labels,0.0,chemistry,0.125,10,205,0.0,0.0,0.0,0.0,0.973170731707317,0.3190406256635294,1.5617174315108078
source_representative,native__vina,static_native_zero_local_labels,0.0,chemistry,0.25,1,205,-0.08780487804878051,-18.000000000000004,-0.16995197044334978,-0.00814368206521742,1.0170731707317073,0.4686166158536594,1.5555620155038756
source_representative,native__vina,static_native_zero_local_labels,0.0,chemistry,0.25,2,205,-0.19105691056910573,-39.16666666666667,-0.28605873143162647,-0.0904783438850368,1.0170731707317073,0.4686166158536594,1.5555620155038756
source_representative,native__vina,static_native_zero_local_labels,0.0,chemistry,0.25,3,205,-0.18617886178861787,-38.166666666666664,-0.28033976164995883,-0.0898462105049275,1.0170731707317073,0.4686166158536594,1.5555620155038756
source_representative,native__vina,static_native_zero_local_labels,0.0,chemistry,0.25,4,205,-0.16178861788617893,-33.16666666666668,-0.25779674796747964,-0.06160728533358864,1.0170731707317073,0.4686166158536594,1.5555620155038756
source_representative,native__vina,static_native_zero_local_labels,0.0,chemistry,0.25,5,205,-0.15365853658536588,-31.500000000000004,-0.24119131684129275,-0.06045185400893045,1.0170731707317073,0.4686166158536594,1.5555620155038756
source_representative,native__vina,static_native_zero_local_labels,0.0,chemistry,0.25,6,205,-0.10975609756097571,-22.50000000000002,-0.1941825702498413,-0.020918848167539417,1.0170731707317073,0.4686166158536594,1.5555620155038756
source_representative,native__vina,static_native_zero_local_labels,0.0,chemistry,0.25,7,205,-0.10243902439024388,-20.999999999999996,-0.17788871951219515,-0.023809523809523725,1.0170731707317073,0.4686166158536594,1.5555620155038756
source_representative,native__vina,static_native_zero_local_labels,0.0,chemistry,0.25,8,205,-0.029268292682926855,-6.000000000000005,-0.08295890937019967,0.02753579696476034,1.0170731707317073,0.4686166158536594,1.5555620155038756
source_representative,native__vina,static_native_zero_local_labels,0.0,chemistry,0.25,9,205,0.004878048780487809,1.0000000000000009,-0.020619147829376645,0.03093184124779657,1.0170731707317073,0.4686166158536594,1.5555620155038756
source_representative,native__vina,static_native_zero_local_labels,0.0,chemistry,0.25,10,205,0.0,0.0,0.0,0.0,1.0170731707317073,0.4686166158536594,1.5555620155038756
source_representative,native__vina,static_native_zero_local_labels,0.0,chemistry,0.5,1,205,-0.2048780487804878,-42.0,-0.2879054362722704,-0.12027339237581827,1.5097560975609756,0.9439024390243897,2.048414234663488
source_representative,native__vina,static_native_zero_local_labels,0.0,chemistry,0.5,2,205,-0.29349593495934967,-60.166666666666686,-0.38157305495900046,-0.1996533421998917,1.5097560975609756,0.9439024390243897,2.048414234663488
source_representative,native__vina,static_native_zero_local_labels,0.0,chemistry,0.5,3,205,-0.2691056910569105,-55.16666666666666,-0.37076253757316885,-0.16583727093177325,1.5097560975609756,0.9439024390243897,2.048414234663488
source_representative,native__vina,static_native_zero_local_labels,0.0,chemistry,0.5,4,205,-0.2008130081300813,-41.166666666666664,-0.3008559577677224,-0.10198905737271095,1.5097560975609756,0.9439024390243897,2.048414234663488
source_representative,native__vina,static_native_zero_local_labels,0.0,chemistry,0.5,5,205,-0.18780487804878054,-38.500000000000014,-0.2826479023097844,-0.08946347349856133,1.5097560975609756,0.9439024390243897,2.048414234663488
source_representative,native__vina,static_native_zero_local_labels,0.0,chemistry,0.5,6,205,-0.1634146341463415,-33.50000000000001,-0.24491741162346986,-0.07371561488673148,1.5097560975609756,0.9439024390243897,2.048414234663488
source_representative,native__vina,static_native_zero_local_labels,0.0,chemistry,0.5,7,205,-0.12682926829268293,-26.0,-0.20233990562858106,-0.05101916980384393,1.5097560975609756,0.9439024390243897,2.048414234663488
source_representative,native__vina,static_native_zero_local_labels,0.0,chemistry,0.5,8,205,-0.03902439024390236,-7.999999999999984,-0.09375,0.015228426395939132,1.5097560975609756,0.9439024390243897,2.048414234663488
source_representative,native__vina,static_native_zero_local_labels,0.0,chemistry,0.5,9,205,-0.024390243902439046,-5.000000000000004,-0.045685279187817285,-0.006818181818181834,1.5097560975609756,0.9439024390243897,2.048414234663488
source_representative,native__vina,static_native_zero_local_labels,0.0,chemistry,0.5,10,205,0.0,0.0,0.0,0.0,1.5097560975609756,0.9439024390243897,2.048414234663488
source_representative,native__vina,static_native_zero_local_labels,0.0,chemistry,1.0,1,205,-0.2634146341463415,-54.0,-0.3437535350678733,-0.1806879376962087,1.9,1.3455864616312376,2.4355577557755783
source_representative,native__vina,static_native_zero_local_labels,0.0,chemistry,1.0,2,205,-0.35203252032520327,-72.16666666666667,-0.4460345186109378,-0.2567755183413078,1.9,1.3455864616312376,2.4355577557755783
source_representative,native__vina,static_native_zero_local_labels,0.0,chemistry,1.0,3,205,-0.35691056910569097,-73.16666666666664,-0.4515686142358813,-0.26040877525252526,1.9,1.3455864616312376,2.4355577557755783
source_representative,native__vina,static_native_zero_local_labels,0.0,chemistry,1.0,4,205,-0.28861788617886186,-59.16666666666668,-0.38672753252494635,-0.19329555467442064,1.9,1.3455864616312376,2.4355577557755783
source_representative,native__vina,static_native_zero_local_labels,0.0,chemistry,1.0,5,205,-0.23658536585365852,-48.5,-0.32859780135368205,-0.14114106453392186,1.9,1.3455864616312376,2.4355577557755783
source_representative,native__vina,static_native_zero_local_labels,0.0,chemistry,1.0,6,205,-0.18780487804878054,-38.500000000000014,-0.2674863557663354,-0.10203146258503407,1.9,1.3455864616312376,2.4355577557755783
source_representative,native__vina,static_native_zero_local_labels,0.0,chemistry,1.0,7,205,-0.14634146341463417,-30.000000000000004,-0.22139473863558923,-0.07462686567164178,1.9,1.3455864616312376,2.4355577557755783
source_representative,native__vina,static_native_zero_local_labels,0.0,chemistry,1.0,8,205,-0.05365853658536579,-10.999999999999988,-0.10526315789473684,-0.004901362984218064,1.9,1.3455864616312376,2.4355577557755783
source_representative,native__vina,static_native_zero_local_labels,0.0,chemistry,1.0,9,205,-0.014634146341463428,-3.0000000000000027,-0.04249999999999998,0.012500000000000067,1.9,1.3455864616312376,2.4355577557755783
source_representative,native__vina,static_native_zero_local_labels,0.0,chemistry,1.0,10,205,0.0,0.0,0.0,0.0,1.9,1.3455864616312376,2.4355577557755783
assay_envelope,target_prior,trained_oof,0.125,chemistry,0.125,1,198,-0.030303030303030304,-6.0,-0.083743842364532,0.024755553913600292,0.3333333333333333,0.010523574561403981,0.7164342919548609
assay_envelope,target_prior,trained_oof,0.125,chemistry,0.125,2,198,-0.1515151515151515,-29.999999999999996,-0.22729039095619402,-0.07651952085181903,0.3333333333333333,0.010523574561403981,0.7164342919548609
assay_envelope,target_prior,trained_oof,0.125,chemistry,0.125,3,198,-0.03535353535353536,-7.000000000000001,-0.09302610579115361,0.016129032258064505,0.3333333333333333,0.010523574561403981,0.7164342919548609
assay_envelope,target_prior,trained_oof,0.125,chemistry,0.125,4,198,-0.03535353535353536,-7.000000000000001,-0.09005684682867807,0.015873015873015928,0.3333333333333333,0.010523574561403981,0.7164342919548609
assay_envelope,target_prior,trained_oof,0.125,chemistry,0.125,5,198,-0.025252525252525193,-4.9999999999999885,-0.08854487376847298,0.029850746268656695,0.3333333333333333,0.010523574561403981,0.7164342919548609
assay_envelope,target_prior,trained_oof,0.125,chemistry,0.125,6,198,0.0,0.0,-0.07845078625509615,0.07071604368558679,0.3333333333333333,0.010523574561403981,0.7164342919548609
assay_envelope,target_prior,trained_oof,0.125,chemistry,0.125,7,198,-0.025252525252525304,-5.000000000000011,-0.08416888330624114,0.027624309392265234,0.3333333333333333,0.010523574561403981,0.7164342919548609
assay_envelope,target_prior,trained_oof,0.125,chemistry,0.125,8,198,-0.025252525252525193,-4.9999999999999885,-0.07960199004975121,0.021055416318574154,0.3333333333333333,0.010523574561403981,0.7164342919548609
assay_envelope,target_prior,trained_oof,0.125,chemistry,0.125,9,198,-0.005050505050504972,-0.9999999999999845,-0.03466212871287132,0.02487562189054726,0.3333333333333333,0.010523574561403981,0.7164342919548609
assay_envelope,target_prior,trained_oof,0.125,chemistry,0.125,10,198,0.0,0.0,0.0,0.0,0.3333333333333333,0.010523574561403981,0.7164342919548609
assay_envelope,target_prior,trained_oof,0.25,chemistry,0.25,1,198,-0.040404040404040414,-8.000000000000002,-0.10599801865580265,0.023596244557329397,0.45454545454545453,0.0665873015873022,0.8927008790392471
assay_envelope,target_prior,trained_oof,0.25,chemistry,0.25,2,198,-0.12121212121212122,-24.0,-0.21026315789473687,-0.03278243050605851,0.45454545454545453,0.0665873015873022,0.8927008790392471
assay_envelope,target_prior,trained_oof,0.25,chemistry,0.25,3,198,-0.08585858585858586,-17.0,-0.15957995174380346,-0.015224600158151119,0.45454545454545453,0.0665873015873022,0.8927008790392471
assay_envelope,target_prior,trained_oof,0.25,chemistry,0.25,4,198,-0.09090909090909083,-17.999999999999986,-0.1625673043876733,-0.02475247524752477,0.45454545454545453,0.0665873015873022,0.8927008790392471
assay_envelope,target_prior,trained_oof,0.25,chemistry,0.25,5,198,-0.03535353535353536,-7.000000000000001,-0.1050065789473685,0.032617654085045376,0.45454545454545453,0.0665873015873022,0.8927008790392471
assay_envelope,target_prior,trained_oof,0.25,chemistry,0.25,6,198,-0.025252525252525304,-5.000000000000011,-0.09047672915319975,0.03518032079589859,0.45454545454545453,0.0665873015873022,0.8927008790392471
assay_envelope,target_prior,trained_oof,0.25,chemistry,0.25,7,198,-0.030303030303030276,-5.999999999999995,-0.09346524532710282,0.026599300261690793,0.45454545454545453,0.0665873015873022,0.8927008790392471
assay_envelope,target_prior,trained_oof,0.25,chemistry,0.25,8,198,-0.025252525252525193,-4.9999999999999885,-0.08837209302325577,0.032788809358885576,0.45454545454545453,0.0665873015873022,0.8927008790392471
assay_envelope,target_prior,trained_oof,0.25,chemistry,0.25,9,198,0.0,0.0,-0.027529306829765492,0.02927550162201128,0.45454545454545453,0.0665873015873022,0.8927008790392471
assay_envelope,target_prior,trained_oof,0.25,chemistry,0.25,10,198,0.0,0.0,0.0,0.0,0.45454545454545453,0.0665873015873022,0.8927008790392471
assay_envelope,target_prior,trained_oof,0.5,chemistry,0.5,1,198,-0.15656565656565655,-30.999999999999996,-0.23116506176201207,-0.08331185567010319,0.9494949494949495,0.5319064949608058,1.3972404484044363
assay_envelope,target_prior,trained_oof,0.5,chemistry,0.5,2,198,-0.2626262626262626,-51.99999999999999,-0.3516021890273285,-0.17224880382775115,0.9494949494949495,0.5319064949608058,1.3972404484044363
assay_envelope,target_prior,trained_oof,0.5,chemistry,0.5,3,198,-0.101010101010101,-19.999999999999996,-0.16838701898669917,-0.03447853279242741,0.9494949494949495,0.5319064949608058,1.3972404484044363
assay_envelope,target_prior,trained_oof,0.5,chemistry,0.5,4,198,-0.07575757575757569,-14.999999999999986,-0.14622929130234702,-0.005234920375218106,0.9494949494949495,0.5319064949608058,1.3972404484044363
assay_envelope,target_prior,trained_oof,0.5,chemistry,0.5,5,198,-0.06060606060606055,-11.99999999999999,-0.13200467113079173,0.005182021804835937,0.9494949494949495,0.5319064949608058,1.3972404484044363
assay_envelope,target_prior,trained_oof,0.5,chemistry,0.5,6,198,-0.08585858585858586,-17.0,-0.1578947368421053,-0.016040647400159255,0.9494949494949495,0.5319064949608058,1.3972404484044363
assay_envelope,target_prior,trained_oof,0.5,chemistry,0.5,7,198,-0.0757575757575758,-15.000000000000009,-0.14141537324464157,-0.015540055799123122,0.9494949494949495,0.5319064949608058,1.3972404484044363
assay_envelope,target_prior,trained_oof,0.5,chemistry,0.5,8,198,-0.07575757575757569,-14.999999999999986,-0.13637920298879203,-0.019512195121951233,0.9494949494949495,0.5319064949608058,1.3972404484044363
assay_envelope,target_prior,trained_oof,0.5,chemistry,0.5,9,198,-0.05555555555555558,-11.000000000000005,-0.09626143489236944,-0.019319048609666458,0.9494949494949495,0.5319064949608058,1.3972404484044363
assay_envelope,target_prior,trained_oof,0.5,chemistry,0.5,10,198,0.0,0.0,0.0,0.0,0.9494949494949495,0.5319064949608058,1.3972404484044363
assay_envelope,target_prior,trained_oof,1.0,chemistry,1.0,1,198,-0.25757575757575757,-51.0,-0.3458230020980355,-0.1761898593634345,1.2878787878787878,0.8510313654979518,1.785374564459931
assay_envelope,target_prior,trained_oof,1.0,chemistry,1.0,2,198,-0.34848484848484845,-69.0,-0.4479300902061855,-0.2649670398009952,1.2878787878787878,0.8510313654979518,1.785374564459931
assay_envelope,target_prior,trained_oof,1.0,chemistry,1.0,3,198,-0.16161616161616166,-32.00000000000001,-0.23959374999999994,-0.08510372340425534,1.2878787878787878,0.8510313654979518,1.785374564459931
assay_envelope,target_prior,trained_oof,1.0,chemistry,1.0,4,198,-0.16666666666666663,-32.99999999999999,-0.24187065451929987,-0.08851884664948463,1.2878787878787878,0.8510313654979518,1.785374564459931
assay_envelope,target_prior,trained_oof,1.0,chemistry,1.0,5,198,-0.11616161616161613,-22.999999999999993,-0.1951276233692569,-0.04059893375506983,1.2878787878787878,0.8510313654979518,1.785374564459931
assay_envelope,target_prior,trained_oof,1.0,chemistry,1.0,6,198,-0.08585858585858586,-17.0,-0.16420084045790467,-0.010579240422172374,1.2878787878787878,0.8510313654979518,1.785374564459931
assay_envelope,target_prior,trained_oof,1.0,chemistry,1.0,7,198,-0.101010101010101,-19.999999999999996,-0.17414505144182013,-0.031080111598246356,1.2878787878787878,0.8510313654979518,1.785374564459931
assay_envelope,target_prior,trained_oof,1.0,chemistry,1.0,8,198,-0.025252525252525304,-5.000000000000011,-0.06499999999999995,0.015155380333951727,1.2878787878787878,0.8510313654979518,1.785374564459931
assay_envelope,target_prior,trained_oof,1.0,chemistry,1.0,9,198,-0.025252525252525304,-5.000000000000011,-0.056122448979591844,0.0050000000000000044,1.2878787878787878,0.8510313654979518,1.785374564459931
assay_envelope,target_prior,trained_oof,1.0,chemistry,1.0,10,198,0.0,0.0,0.0,0.0,1.2878787878787878,0.8510313654979518,1.785374564459931
assay_envelope,chemistry,trained_oof,0.125,chemistry,0.125,1,198,0.0,0.0,0.0,0.0,0.0,0.0,0.0
assay_envelope,chemistry,trained_oof,0.125,chemistry,0.125,2,198,0.0,0.0,0.0,0.0,0.0,0.0,0.0
assay_envelope,chemistry,trained_oof,0.125,chemistry,0.125,3,198,0.0,0.0,0.0,0.0,0.0,0.0,0.0
assay_envelope,chemistry,trained_oof,0.125,chemistry,0.125,4,198,0.0,0.0,0.0,0.0,0.0,0.0,0.0
assay_envelope,chemistry,trained_oof,0.125,chemistry,0.125,5,198,0.0,0.0,0.0,0.0,0.0,0.0,0.0
assay_envelope,chemistry,trained_oof,0.125,chemistry,0.125,6,198,0.0,0.0,0.0,0.0,0.0,0.0,0.0
assay_envelope,chemistry,trained_oof,0.125,chemistry,0.125,7,198,0.0,0.0,0.0,0.0,0.0,0.0,0.0
assay_envelope,chemistry,trained_oof,0.125,chemistry,0.125,8,198,0.0,0.0,0.0,0.0,0.0,0.0,0.0
assay_envelope,chemistry,trained_oof,0.125,chemistry,0.125,9,198,0.0,0.0,0.0,0.0,0.0,0.0,0.0
assay_envelope,chemistry,trained_oof,0.125,chemistry,0.125,10,198,0.0,0.0,0.0,0.0,0.0,0.0,0.0
assay_envelope,chemistry,trained_oof,0.25,chemistry,0.25,1,198,0.0,0.0,0.0,0.0,0.0,0.0,0.0
assay_envelope,chemistry,trained_oof,0.25,chemistry,0.25,2,198,0.0,0.0,0.0,0.0,0.0,0.0,0.0
assay_envelope,chemistry,trained_oof,0.25,chemistry,0.25,3,198,0.0,0.0,0.0,0.0,0.0,0.0,0.0
assay_envelope,chemistry,trained_oof,0.25,chemistry,0.25,4,198,0.0,0.0,0.0,0.0,0.0,0.0,0.0
assay_envelope,chemistry,trained_oof,0.25,chemistry,0.25,5,198,0.0,0.0,0.0,0.0,0.0,0.0,0.0
assay_envelope,chemistry,trained_oof,0.25,chemistry,0.25,6,198,0.0,0.0,0.0,0.0,0.0,0.0,0.0
assay_envelope,chemistry,trained_oof,0.25,chemistry,0.25,7,198,0.0,0.0,0.0,0.0,0.0,0.0,0.0
assay_envelope,chemistry,trained_oof,0.25,chemistry,0.25,8,198,0.0,0.0,0.0,0.0,0.0,0.0,0.0
assay_envelope,chemistry,trained_oof,0.25,chemistry,0.25,9,198,0.0,0.0,0.0,0.0,0.0,0.0,0.0
assay_envelope,chemistry,trained_oof,0.25,chemistry,0.25,10,198,0.0,0.0,0.0,0.0,0.0,0.0,0.0
assay_envelope,chemistry,trained_oof,0.5,chemistry,0.5,1,198,0.0,0.0,0.0,0.0,0.0,0.0,0.0
assay_envelope,chemistry,trained_oof,0.5,chemistry,0.5,2,198,0.0,0.0,0.0,0.0,0.0,0.0,0.0
assay_envelope,chemistry,trained_oof,0.5,chemistry,0.5,3,198,0.0,0.0,0.0,0.0,0.0,0.0,0.0
assay_envelope,chemistry,trained_oof,0.5,chemistry,0.5,4,198,0.0,0.0,0.0,0.0,0.0,0.0,0.0
assay_envelope,chemistry,trained_oof,0.5,chemistry,0.5,5,198,0.0,0.0,0.0,0.0,0.0,0.0,0.0
assay_envelope,chemistry,trained_oof,0.5,chemistry,0.5,6,198,0.0,0.0,0.0,0.0,0.0,0.0,0.0
assay_envelope,chemistry,trained_oof,0.5,chemistry,0.5,7,198,0.0,0.0,0.0,0.0,0.0,0.0,0.0
assay_envelope,chemistry,trained_oof,0.5,chemistry,0.5,8,198,0.0,0.0,0.0,0.0,0.0,0.0,0.0
assay_envelope,chemistry,trained_oof,0.5,chemistry,0.5,9,198,0.0,0.0,0.0,0.0,0.0,0.0,0.0
assay_envelope,chemistry,trained_oof,0.5,chemistry,0.5,10,198,0.0,0.0,0.0,0.0,0.0,0.0,0.0
assay_envelope,chemistry,trained_oof,1.0,chemistry,1.0,1,198,0.0,0.0,0.0,0.0,0.0,0.0,0.0
assay_envelope,chemistry,trained_oof,1.0,chemistry,1.0,2,198,0.0,0.0,0.0,0.0,0.0,0.0,0.0
assay_envelope,chemistry,trained_oof,1.0,chemistry,1.0,3,198,0.0,0.0,0.0,0.0,0.0,0.0,0.0
assay_envelope,chemistry,trained_oof,1.0,chemistry,1.0,4,198,0.0,0.0,0.0,0.0,0.0,0.0,0.0
assay_envelope,chemistry,trained_oof,1.0,chemistry,1.0,5,198,0.0,0.0,0.0,0.0,0.0,0.0,0.0
assay_envelope,chemistry,trained_oof,1.0,chemistry,1.0,6,198,0.0,0.0,0.0,0.0,0.0,0.0,0.0
assay_envelope,chemistry,trained_oof,1.0,chemistry,1.0,7,198,0.0,0.0,0.0,0.0,0.0,0.0,0.0
assay_envelope,chemistry,trained_oof,1.0,chemistry,1.0,8,198,0.0,0.0,0.0,0.0,0.0,0.0,0.0
assay_envelope,chemistry,trained_oof,1.0,chemistry,1.0,9,198,0.0,0.0,0.0,0.0,0.0,0.0,0.0
assay_envelope,chemistry,trained_oof,1.0,chemistry,1.0,10,198,0.0,0.0,0.0,0.0,0.0,0.0,0.0
assay_envelope,calibrated__boltz_affinity,trained_oof,0.125,chemistry,0.125,1,198,0.05555555555555558,11.000000000000005,-0.03228099678948173,0.14072128318359467,-0.05555555555555555,-0.42144469676729873,0.29903074866310136
assay_envelope,calibrated__boltz_affinity,trained_oof,0.125,chemistry,0.125,2,198,-0.015151515151515138,-2.9999999999999973,-0.09134615384615385,0.06383502777486637,-0.05555555555555555,-0.42144469676729873,0.29903074866310136
assay_envelope,calibrated__boltz_affinity,trained_oof,0.125,chemistry,0.125,3,198,-0.025252525252525193,-4.9999999999999885,-0.09474937343358392,0.04615979381443301,-0.05555555555555555,-0.42144469676729873,0.29903074866310136
assay_envelope,calibrated__boltz_affinity,trained_oof,0.125,chemistry,0.125,4,198,0.015151515151515138,2.9999999999999973,-0.0489217444849004,0.08242024965325939,-0.05555555555555555,-0.42144469676729873,0.29903074866310136
assay_envelope,calibrated__boltz_affinity,trained_oof,0.125,chemistry,0.125,5,198,0.015151515151515138,2.9999999999999973,-0.05446905940594053,0.08466232404911646,-0.05555555555555555,-0.42144469676729873,0.29903074866310136
assay_envelope,calibrated__boltz_affinity,trained_oof,0.125,chemistry,0.125,6,198,0.045454545454545525,9.000000000000014,-0.014020336975121705,0.10416666666666663,-0.05555555555555555,-0.42144469676729873,0.29903074866310136
assay_envelope,calibrated__boltz_affinity,trained_oof,0.125,chemistry,0.125,7,198,-0.010101010101010166,-2.000000000000013,-0.060913705583756306,0.038470873786407796,-0.05555555555555555,-0.42144469676729873,0.29903074866310136
assay_envelope,calibrated__boltz_affinity,trained_oof,0.125,chemistry,0.125,8,198,-0.015151515151515138,-2.9999999999999973,-0.05365853658536579,0.02538394799544178,-0.05555555555555555,-0.42144469676729873,0.29903074866310136
assay_envelope,calibrated__boltz_affinity,trained_oof,0.125,chemistry,0.125,9,198,-0.010101010101010055,-1.999999999999991,-0.037234042553191515,0.01914337886877929,-0.05555555555555555,-0.42144469676729873,0.29903074866310136
assay_envelope,calibrated__boltz_affinity,trained_oof,0.125,chemistry,0.125,10,198,0.0,0.0,0.0,0.0,-0.05555555555555555,-0.42144469676729873,0.29903074866310136
assay_envelope,calibrated__boltz_affinity,trained_oof,0.25,chemistry,0.25,1,198,0.030303030303030276,5.999999999999995,-0.054733208955223905,0.11738533766702773,-0.020202020202020204,-0.4263177932139988,0.41146599264705935
assay_envelope,calibrated__boltz_affinity,trained_oof,0.25,chemistry,0.25,2,198,0.005050505050505083,1.0000000000000064,-0.0865433673469388,0.09474937343358396,-0.020202020202020204,-0.4263177932139988,0.41146599264705935
assay_envelope,calibrated__boltz_affinity,trained_oof,0.25,chemistry,0.25,3,198,0.05050505050505061,10.000000000000021,-0.031254090314136125,0.13369687587953846,-0.020202020202020204,-0.4263177932139988,0.41146599264705935
assay_envelope,calibrated__boltz_affinity,trained_oof,0.25,chemistry,0.25,4,198,0.030303030303030387,6.000000000000017,-0.04369464835425051,0.10552763819095479,-0.020202020202020204,-0.4263177932139988,0.41146599264705935
assay_envelope,calibrated__boltz_affinity,trained_oof,0.25,chemistry,0.25,5,198,-0.025252525252525304,-5.000000000000011,-0.09645900238267903,0.041450777202072464,-0.020202020202020204,-0.4263177932139988,0.41146599264705935
assay_envelope,calibrated__boltz_affinity,trained_oof,0.25,chemistry,0.25,6,198,-0.03535353535353536,-7.000000000000001,-0.10153579198176729,0.028442821832694653,-0.020202020202020204,-0.4263177932139988,0.41146599264705935
assay_envelope,calibrated__boltz_affinity,trained_oof,0.25,chemistry,0.25,7,198,-0.025252525252525193,-4.9999999999999885,-0.08955399887355667,0.036087148122429316,-0.020202020202020204,-0.4263177932139988,0.41146599264705935
assay_envelope,calibrated__boltz_affinity,trained_oof,0.25,chemistry,0.25,8,198,-0.005050505050505083,-1.0000000000000064,-0.05528336125069795,0.04102564102564099,-0.020202020202020204,-0.4263177932139988,0.41146599264705935
assay_envelope,calibrated__boltz_affinity,trained_oof,0.25,chemistry,0.25,9,198,-0.005050505050504972,-0.9999999999999845,-0.046159793814432935,0.03157894736842104,-0.020202020202020204,-0.4263177932139988,0.41146599264705935
assay_envelope,calibrated__boltz_affinity,trained_oof,0.25,chemistry,0.25,10,198,0.0,0.0,0.0,0.0,-0.020202020202020204,-0.4263177932139988,0.41146599264705935
assay_envelope,calibrated__boltz_affinity,trained_oof,0.5,chemistry,0.5,1,198,-0.035353535353535304,-6.99999999999999,-0.13593957239110827,0.06933305139559168,0.2474747474747475,-0.18086346599051847,0.7236265965242885
assay_envelope,calibrated__boltz_affinity,trained_oof,0.5,chemistry,0.5,2,198,-0.08080808080808077,-15.999999999999993,-0.1718884698275862,0.0051020408163264825,0.2474747474747475,-0.18086346599051847,0.7236265965242885
assay_envelope,calibrated__boltz_affinity,trained_oof,0.5,chemistry,0.5,3,198,-0.05555555555555558,-11.000000000000005,-0.13066976295619512,0.016222898722898744,0.2474747474747475,-0.18086346599051847,0.7236265965242885
assay_envelope,calibrated__boltz_affinity,trained_oof,0.5,chemistry,0.5,4,198,-0.02020202020202011,-3.999999999999982,-0.0963374772858219,0.052638540796435436,0.2474747474747475,-0.18086346599051847,0.7236265965242885
assay_envelope,calibrated__boltz_affinity,trained_oof,0.5,chemistry,0.5,5,198,-0.02020202020202022,-4.0000000000000036,-0.10051520227399624,0.055276381909547756,0.2474747474747475,-0.18086346599051847,0.7236265965242885
assay_envelope,calibrated__boltz_affinity,trained_oof,0.5,chemistry,0.5,6,198,-0.010101010101010055,-1.999999999999991,-0.08134703642222438,0.05641025641025632,0.2474747474747475,-0.18086346599051847,0.7236265965242885
assay_envelope,calibrated__boltz_affinity,trained_oof,0.5,chemistry,0.5,7,198,-0.005050505050505083,-1.0000000000000064,-0.06787549971444898,0.05641025641025643,0.2474747474747475,-0.18086346599051847,0.7236265965242885
assay_envelope,calibrated__boltz_affinity,trained_oof,0.5,chemistry,0.5,8,198,0.0,0.0,-0.05634467180441141,0.04951110782720053,0.2474747474747475,-0.18086346599051847,0.7236265965242885
assay_envelope,calibrated__boltz_affinity,trained_oof,0.5,chemistry,0.5,9,198,-0.02020202020202022,-4.0000000000000036,-0.05239354395604399,0.005495264404104268,0.2474747474747475,-0.18086346599051847,0.7236265965242885
assay_envelope,calibrated__boltz_affinity,trained_oof,0.5,chemistry,0.5,10,198,0.0,0.0,0.0,0.0,0.2474747474747475,-0.18086346599051847,0.7236265965242885
assay_envelope,calibrated__boltz_affinity,trained_oof,1.0,chemistry,1.0,1,198,-0.0757575757575758,-15.000000000000009,-0.16001069518716576,0.009902221565440128,0.47474747474747475,0.06826062358561738,0.8846393034825873
assay_envelope,calibrated__boltz_affinity,trained_oof,1.0,chemistry,1.0,2,198,-0.09090909090909083,-17.999999999999986,-0.17767879579836154,-0.005074866719383635,0.47474747474747475,0.06826062358561738,0.8846393034825873
assay_envelope,calibrated__boltz_affinity,trained_oof,1.0,chemistry,1.0,3,198,-0.12121212121212122,-24.0,-0.1990972222222222,-0.044554455445544594,0.47474747474747475,0.06826062358561738,0.8846393034825873
assay_envelope,calibrated__boltz_affinity,trained_oof,1.0,chemistry,1.0,4,198,-0.07070707070707072,-14.000000000000002,-0.1442798892137252,0.0,0.47474747474747475,0.06826062358561738,0.8846393034825873
assay_envelope,calibrated__boltz_affinity,trained_oof,1.0,chemistry,1.0,5,198,-0.06060606060606055,-11.99999999999999,-0.1275537342596614,0.005102694924123551,0.47474747474747475,0.06826062358561738,0.8846393034825873
assay_envelope,calibrated__boltz_affinity,trained_oof,1.0,chemistry,1.0,6,198,-0.02020202020202022,-4.0000000000000036,-0.07921184975640427,0.04189589739327958,0.47474747474747475,0.06826062358561738,0.8846393034825873
assay_envelope,calibrated__boltz_affinity,trained_oof,1.0,chemistry,1.0,7,198,-0.015151515151515138,-2.9999999999999973,-0.07653122253686166,0.037234042553191404,0.47474747474747475,0.06826062358561738,0.8846393034825873
assay_envelope,calibrated__boltz_affinity,trained_oof,1.0,chemistry,1.0,8,198,-0.015151515151515138,-2.9999999999999973,-0.07180288461538469,0.03535353535353536,0.47474747474747475,0.06826062358561738,0.8846393034825873
assay_envelope,calibrated__boltz_affinity,trained_oof,1.0,chemistry,1.0,9,198,-0.005050505050505083,-1.0000000000000064,-0.03590206185567009,0.025252525252525304,0.47474747474747475,0.06826062358561738,0.8846393034825873
assay_envelope,calibrated__boltz_affinity,trained_oof,1.0,chemistry,1.0,10,198,0.0,0.0,0.0,0.0,0.47474747474747475,0.06826062358561738,0.8846393034825873
assay_envelope,availability__boltz_affinity,trained_oof,0.125,chemistry,0.125,1,198,0.0,0.0,0.0,0.0,0.0,0.0,0.0
assay_envelope,availability__boltz_affinity,trained_oof,0.125,chemistry,0.125,2,198,0.0,0.0,0.0,0.0,0.0,0.0,0.0
assay_envelope,availability__boltz_affinity,trained_oof,0.125,chemistry,0.125,3,198,0.0,0.0,0.0,0.0,0.0,0.0,0.0
assay_envelope,availability__boltz_affinity,trained_oof,0.125,chemistry,0.125,4,198,0.0,0.0,0.0,0.0,0.0,0.0,0.0
assay_envelope,availability__boltz_affinity,trained_oof,0.125,chemistry,0.125,5,198,0.0,0.0,0.0,0.0,0.0,0.0,0.0
assay_envelope,availability__boltz_affinity,trained_oof,0.125,chemistry,0.125,6,198,0.0,0.0,0.0,0.0,0.0,0.0,0.0
assay_envelope,availability__boltz_affinity,trained_oof,0.125,chemistry,0.125,7,198,0.0,0.0,0.0,0.0,0.0,0.0,0.0
assay_envelope,availability__boltz_affinity,trained_oof,0.125,chemistry,0.125,8,198,0.0,0.0,0.0,0.0,0.0,0.0,0.0
assay_envelope,availability__boltz_affinity,trained_oof,0.125,chemistry,0.125,9,198,0.0,0.0,0.0,0.0,0.0,0.0,0.0
assay_envelope,availability__boltz_affinity,trained_oof,0.125,chemistry,0.125,10,198,0.0,0.0,0.0,0.0,0.0,0.0,0.0
assay_envelope,availability__boltz_affinity,trained_oof,0.25,chemistry,0.25,1,198,0.0,0.0,0.0,0.0,0.0,0.0,0.0
assay_envelope,availability__boltz_affinity,trained_oof,0.25,chemistry,0.25,2,198,0.0,0.0,0.0,0.0,0.0,0.0,0.0
assay_envelope,availability__boltz_affinity,trained_oof,0.25,chemistry,0.25,3,198,0.0,0.0,0.0,0.0,0.0,0.0,0.0
assay_envelope,availability__boltz_affinity,trained_oof,0.25,chemistry,0.25,4,198,0.0,0.0,0.0,0.0,0.0,0.0,0.0
assay_envelope,availability__boltz_affinity,trained_oof,0.25,chemistry,0.25,5,198,0.0,0.0,0.0,0.0,0.0,0.0,0.0
assay_envelope,availability__boltz_affinity,trained_oof,0.25,chemistry,0.25,6,198,0.0,0.0,0.0,0.0,0.0,0.0,0.0
assay_envelope,availability__boltz_affinity,trained_oof,0.25,chemistry,0.25,7,198,0.0,0.0,0.0,0.0,0.0,0.0,0.0
assay_envelope,availability__boltz_affinity,trained_oof,0.25,chemistry,0.25,8,198,0.0,0.0,0.0,0.0,0.0,0.0,0.0
assay_envelope,availability__boltz_affinity,trained_oof,0.25,chemistry,0.25,9,198,0.0,0.0,0.0,0.0,0.0,0.0,0.0
assay_envelope,availability__boltz_affinity,trained_oof,0.25,chemistry,0.25,10,198,0.0,0.0,0.0,0.0,0.0,0.0,0.0
assay_envelope,availability__boltz_affinity,trained_oof,0.5,chemistry,0.5,1,198,0.0,0.0,0.0,0.0,0.0,0.0,0.0
assay_envelope,availability__boltz_affinity,trained_oof,0.5,chemistry,0.5,2,198,0.0,0.0,0.0,0.0,0.0,0.0,0.0
assay_envelope,availability__boltz_affinity,trained_oof,0.5,chemistry,0.5,3,198,0.0,0.0,0.0,0.0,0.0,0.0,0.0
assay_envelope,availability__boltz_affinity,trained_oof,0.5,chemistry,0.5,4,198,0.0,0.0,0.0,0.0,0.0,0.0,0.0
assay_envelope,availability__boltz_affinity,trained_oof,0.5,chemistry,0.5,5,198,0.0,0.0,0.0,0.0,0.0,0.0,0.0
assay_envelope,availability__boltz_affinity,trained_oof,0.5,chemistry,0.5,6,198,0.0,0.0,0.0,0.0,0.0,0.0,0.0
assay_envelope,availability__boltz_affinity,trained_oof,0.5,chemistry,0.5,7,198,0.0,0.0,0.0,0.0,0.0,0.0,0.0
assay_envelope,availability__boltz_affinity,trained_oof,0.5,chemistry,0.5,8,198,0.0,0.0,0.0,0.0,0.0,0.0,0.0
assay_envelope,availability__boltz_affinity,trained_oof,0.5,chemistry,0.5,9,198,0.0,0.0,0.0,0.0,0.0,0.0,0.0
assay_envelope,availability__boltz_affinity,trained_oof,0.5,chemistry,0.5,10,198,0.0,0.0,0.0,0.0,0.0,0.0,0.0
assay_envelope,availability__boltz_affinity,trained_oof,1.0,chemistry,1.0,1,198,0.0,0.0,0.0,0.0,0.0,0.0,0.0
assay_envelope,availability__boltz_affinity,trained_oof,1.0,chemistry,1.0,2,198,0.0,0.0,0.0,0.0,0.0,0.0,0.0
assay_envelope,availability__boltz_affinity,trained_oof,1.0,chemistry,1.0,3,198,0.0,0.0,0.0,0.0,0.0,0.0,0.0
assay_envelope,availability__boltz_affinity,trained_oof,1.0,chemistry,1.0,4,198,0.0,0.0,0.0,0.0,0.0,0.0,0.0
assay_envelope,availability__boltz_affinity,trained_oof,1.0,chemistry,1.0,5,198,0.0,0.0,0.0,0.0,0.0,0.0,0.0
assay_envelope,availability__boltz_affinity,trained_oof,1.0,chemistry,1.0,6,198,0.0,0.0,0.0,0.0,0.0,0.0,0.0
assay_envelope,availability__boltz_affinity,trained_oof,1.0,chemistry,1.0,7,198,0.0,0.0,0.0,0.0,0.0,0.0,0.0
assay_envelope,availability__boltz_affinity,trained_oof,1.0,chemistry,1.0,8,198,0.0,0.0,0.0,0.0,0.0,0.0,0.0
assay_envelope,availability__boltz_affinity,trained_oof,1.0,chemistry,1.0,9,198,0.0,0.0,0.0,0.0,0.0,0.0,0.0
assay_envelope,availability__boltz_affinity,trained_oof,1.0,chemistry,1.0,10,198,0.0,0.0,0.0,0.0,0.0,0.0,0.0
assay_envelope,plus__boltz_affinity,trained_oof,0.125,chemistry,0.125,1,198,0.101010101010101,19.999999999999996,0.015866815476190475,0.1818293775190326,-0.24242424242424243,-0.5442401960784312,0.05473183532885117
assay_envelope,plus__boltz_affinity,trained_oof,0.125,chemistry,0.125,2,198,0.025252525252525304,5.000000000000011,-0.04500000000000004,0.09804937519049063,-0.24242424242424243,-0.5442401960784312,0.05473183532885117
assay_envelope,plus__boltz_affinity,trained_oof,0.125,chemistry,0.125,3,198,0.010101010101010166,2.000000000000013,-0.050511459775419265,0.07108359847472848,-0.24242424242424243,-0.5442401960784312,0.05473183532885117
assay_envelope,plus__boltz_affinity,trained_oof,0.125,chemistry,0.125,4,198,0.045454545454545414,8.999999999999993,-0.014851485148514865,0.1029411764705882,-0.24242424242424243,-0.5442401960784312,0.05473183532885117
assay_envelope,plus__boltz_affinity,trained_oof,0.125,chemistry,0.125,5,198,0.0505050505050505,9.999999999999998,-0.005102040816326592,0.10837728878148523,-0.24242424242424243,-0.5442401960784312,0.05473183532885117
assay_envelope,plus__boltz_affinity,trained_oof,0.125,chemistry,0.125,6,198,0.030303030303030276,5.999999999999995,-0.02020717377860237,0.08173878205128195,-0.24242424242424243,-0.5442401960784312,0.05473183532885117
assay_envelope,plus__boltz_affinity,trained_oof,0.125,chemistry,0.125,7,198,-0.010101010101010166,-2.000000000000013,-0.05641509433962266,0.03226683029453008,-0.24242424242424243,-0.5442401960784312,0.05473183532885117
assay_envelope,plus__boltz_affinity,trained_oof,0.125,chemistry,0.125,8,198,-0.005050505050504972,-0.9999999999999845,-0.046157407407407466,0.03571886446886443,-0.24242424242424243,-0.5442401960784312,0.05473183532885117
assay_envelope,plus__boltz_affinity,trained_oof,0.125,chemistry,0.125,9,198,-0.005050505050504972,-0.9999999999999845,-0.030456852791878153,0.02073081409543438,-0.24242424242424243,-0.5442401960784312,0.05473183532885117
assay_envelope,plus__boltz_affinity,trained_oof,0.125,chemistry,0.125,10,198,0.0,0.0,0.0,0.0,-0.24242424242424243,-0.5442401960784312,0.05473183532885117
assay_envelope,plus__boltz_affinity,trained_oof,0.25,chemistry,0.25,1,198,0.13131313131313133,26.000000000000004,0.04972697488168911,0.21360068589093362,-0.2676767676767677,-0.5961047254150696,0.10259900990099041
assay_envelope,plus__boltz_affinity,trained_oof,0.25,chemistry,0.25,2,198,0.10606060606060608,21.000000000000004,0.031084076705304206,0.1832542934466449,-0.2676767676767677,-0.5961047254150696,0.10259900990099041
assay_envelope,plus__boltz_affinity,trained_oof,0.25,chemistry,0.25,3,198,0.08585858585858586,17.0,0.021387529866879133,0.15385572139303472,-0.2676767676767677,-0.5961047254150696,0.10259900990099041
assay_envelope,plus__boltz_affinity,trained_oof,0.25,chemistry,0.25,4,198,0.025252525252525304,5.000000000000011,-0.03961888651176679,0.09090909090909094,-0.2676767676767677,-0.5961047254150696,0.10259900990099041
assay_envelope,plus__boltz_affinity,trained_oof,0.25,chemistry,0.25,5,198,-0.010101010101010166,-2.000000000000013,-0.06667464114832534,0.0461538461538461,-0.2676767676767677,-0.5961047254150696,0.10259900990099041
assay_envelope,plus__boltz_affinity,trained_oof,0.25,chemistry,0.25,6,198,-0.025252525252525304,-5.000000000000011,-0.07960662114957126,0.03015456068219887,-0.2676767676767677,-0.5961047254150696,0.10259900990099041
assay_envelope,plus__boltz_affinity,trained_oof,0.25,chemistry,0.25,7,198,-0.030303030303030276,-5.999999999999995,-0.08500265957446816,0.024512822370327446,-0.2676767676767677,-0.5961047254150696,0.10259900990099041
assay_envelope,plus__boltz_affinity,trained_oof,0.25,chemistry,0.25,8,198,-0.015151515151515138,-2.9999999999999973,-0.06335007173601148,0.02999999999999992,-0.2676767676767677,-0.5961047254150696,0.10259900990099041
assay_envelope,plus__boltz_affinity,trained_oof,0.25,chemistry,0.25,9,198,0.0,0.0,-0.037923762443592884,0.03208556149732622,-0.2676767676767677,-0.5961047254150696,0.10259900990099041
assay_envelope,plus__boltz_affinity,trained_oof,0.25,chemistry,0.25,10,198,0.0,0.0,0.0,0.0,-0.2676767676767677,-0.5961047254150696,0.10259900990099041
assay_envelope,plus__boltz_affinity,trained_oof,0.5,chemistry,0.5,1,198,0.12121212121212122,24.0,0.035879396984924664,0.20388591025455244,-0.1717171717171717,-0.5622368924607716,0.25808056491734926
assay_envelope,plus__boltz_affinity,trained_oof,0.5,chemistry,0.5,2,198,0.08585858585858586,17.0,0.02389613510738242,0.14797815279958126,-0.1717171717171717,-0.5622368924607716,0.25808056491734926
assay_envelope,plus__boltz_affinity,trained_oof,0.5,chemistry,0.5,3,198,0.03535353535353536,7.000000000000001,-0.03046073759453018,0.10001322751322742,-0.1717171717171717,-0.5622368924607716,0.25808056491734926
assay_envelope,plus__boltz_affinity,trained_oof,0.5,chemistry,0.5,4,198,0.015151515151515138,2.9999999999999973,-0.05365853658536579,0.07770183955033193,-0.1717171717171717,-0.5622368924607716,0.25808056491734926
assay_envelope,plus__boltz_affinity,trained_oof,0.5,chemistry,0.5,5,198,0.010101010101010166,2.000000000000013,-0.064039408866995,0.0788209748509204,-0.1717171717171717,-0.5622368924607716,0.25808056491734926
assay_envelope,plus__boltz_affinity,trained_oof,0.5,chemistry,0.5,6,198,-0.025252525252525304,-5.000000000000011,-0.09090909090909094,0.037239020366367045,-0.1717171717171717,-0.5622368924607716,0.25808056491734926
assay_envelope,plus__boltz_affinity,trained_oof,0.5,chemistry,0.5,7,198,-0.04040404040404044,-8.000000000000007,-0.10377825518400895,0.020728087219343754,-0.1717171717171717,-0.5622368924607716,0.25808056491734926
assay_envelope,plus__boltz_affinity,trained_oof,0.5,chemistry,0.5,8,198,-0.010101010101010055,-1.999999999999991,-0.057430136606338056,0.0357142857142857,-0.1717171717171717,-0.5622368924607716,0.25808056491734926
assay_envelope,plus__boltz_affinity,trained_oof,0.5,chemistry,0.5,9,198,-0.02020202020202022,-4.0000000000000036,-0.04166666666666663,-0.0049261083743842304,-0.1717171717171717,-0.5622368924607716,0.25808056491734926
assay_envelope,plus__boltz_affinity,trained_oof,0.5,chemistry,0.5,10,198,0.0,0.0,0.0,0.0,-0.1717171717171717,-0.5622368924607716,0.25808056491734926
assay_envelope,plus__boltz_affinity,trained_oof,1.0,chemistry,1.0,1,198,0.06565656565656564,12.999999999999996,0.0,0.1329958394775647,0.10101010101010101,-0.21080571117335833,0.4375077736318408
assay_envelope,plus__boltz_affinity,trained_oof,1.0,chemistry,1.0,2,198,0.030303030303030387,6.000000000000017,-0.03158856044220138,0.09424083769633507,0.10101010101010101,-0.21080571117335833,0.4375077736318408
assay_envelope,plus__boltz_affinity,trained_oof,1.0,chemistry,1.0,3,198,-0.015151515151515138,-2.9999999999999973,-0.07446808510638292,0.04167763157894738,0.10101010101010101,-0.21080571117335833,0.4375077736318408
assay_envelope,plus__boltz_affinity,trained_oof,1.0,chemistry,1.0,4,198,-0.015151515151515138,-2.9999999999999973,-0.06896551724137923,0.03921844018506274,0.10101010101010101,-0.21080571117335833,0.4375077736318408
assay_envelope,plus__boltz_affinity,trained_oof,1.0,chemistry,1.0,5,198,-0.04040404040404033,-7.999999999999986,-0.0909322820037106,0.005291708882134357,0.10101010101010101,-0.21080571117335833,0.4375077736318408
assay_envelope,plus__boltz_affinity,trained_oof,1.0,chemistry,1.0,6,198,-0.03535353535353536,-7.000000000000001,-0.08081833564067074,0.010152284263959314,0.10101010101010101,-0.21080571117335833,0.4375077736318408
assay_envelope,plus__boltz_affinity,trained_oof,1.0,chemistry,1.0,7,198,-0.04040404040404033,-7.999999999999986,-0.09595959595959591,0.005496031746031827,0.10101010101010101,-0.21080571117335833,0.4375077736318408
assay_envelope,plus__boltz_affinity,trained_oof,1.0,chemistry,1.0,8,198,-0.04040404040404044,-8.000000000000007,-0.09569505242797521,0.00523769076528901,0.10101010101010101,-0.21080571117335833,0.4375077736318408
assay_envelope,plus__boltz_affinity,trained_oof,1.0,chemistry,1.0,9,198,-0.010101010101010166,-2.000000000000013,-0.038282112624217865,0.016631919107682438,0.10101010101010101,-0.21080571117335833,0.4375077736318408
assay_envelope,plus__boltz_affinity,trained_oof,1.0,chemistry,1.0,10,198,0.0,0.0,0.0,0.0,0.10101010101010101,-0.21080571117335833,0.4375077736318408
assay_envelope,calibrated__boltz_binary,trained_oof,0.125,chemistry,0.125,1,198,0.03030303030303033,6.000000000000005,-0.0432985257985258,0.10825059671931338,0.1919191919191919,-0.21858739091428128,0.6146442819148938
assay_envelope,calibrated__boltz_binary,trained_oof,0.125,chemistry,0.125,2,198,-0.06565656565656564,-12.999999999999996,-0.15122690317812265,0.020309774827541302,0.1919191919191919,-0.21858739091428128,0.6146442819148938
assay_envelope,calibrated__boltz_binary,trained_oof,0.125,chemistry,0.125,3,198,-0.06565656565656564,-12.999999999999996,-0.14720812182741116,0.02051282051282044,0.1919191919191919,-0.21858739091428128,0.6146442819148938
assay_envelope,calibrated__boltz_binary,trained_oof,0.125,chemistry,0.125,4,198,-0.05555555555555558,-11.000000000000005,-0.1313166880068289,0.019814544906267228,0.1919191919191919,-0.21858739091428128,0.6146442819148938
assay_envelope,calibrated__boltz_binary,trained_oof,0.125,chemistry,0.125,5,198,-0.015151515151515138,-2.9999999999999973,-0.08543049471958727,0.05288461538461542,0.1919191919191919,-0.21858739091428128,0.6146442819148938
assay_envelope,calibrated__boltz_binary,trained_oof,0.125,chemistry,0.125,6,198,-0.005050505050504972,-0.9999999999999845,-0.0769329896907216,0.06467661691542281,0.1919191919191919,-0.21858739091428128,0.6146442819148938
assay_envelope,calibrated__boltz_binary,trained_oof,0.125,chemistry,0.125,7,198,-0.02020202020202022,-4.0000000000000036,-0.0670103092783505,0.02500314070351759,0.1919191919191919,-0.21858739091428128,0.6146442819148938
assay_envelope,calibrated__boltz_binary,trained_oof,0.125,chemistry,0.125,8,198,-0.005050505050504972,-0.9999999999999845,-0.04813481110919438,0.03684210526315779,0.1919191919191919,-0.21858739091428128,0.6146442819148938
assay_envelope,calibrated__boltz_binary,trained_oof,0.125,chemistry,0.125,9,198,0.010101010101010166,2.000000000000013,-0.01562911184210526,0.039108883776974475,0.1919191919191919,-0.21858739091428128,0.6146442819148938
assay_envelope,calibrated__boltz_binary,trained_oof,0.125,chemistry,0.125,10,198,0.0,0.0,0.0,0.0,0.1919191919191919,-0.21858739091428128,0.6146442819148938
assay_envelope,calibrated__boltz_binary,trained_oof,0.25,chemistry,0.25,1,198,0.02525252525252525,4.999999999999999,-0.040826846202398445,0.10002403846153833,0.08080808080808081,-0.28780487804878074,0.46541499894670235
assay_envelope,calibrated__boltz_binary,trained_oof,0.25,chemistry,0.25,2,198,-0.06060606060606061,-12.0,-0.140625,0.02452205882352937,0.08080808080808081,-0.28780487804878074,0.46541499894670235
assay_envelope,calibrated__boltz_binary,trained_oof,0.25,chemistry,0.25,3,198,-0.030303030303030276,-5.999999999999995,-0.11171445251686567,0.05128205128205121,0.08080808080808081,-0.28780487804878074,0.46541499894670235
assay_envelope,calibrated__boltz_binary,trained_oof,0.25,chemistry,0.25,4,198,-0.010101010101010055,-1.999999999999991,-0.08654336734693881,0.06730893782383418,0.08080808080808081,-0.28780487804878074,0.46541499894670235
assay_envelope,calibrated__boltz_binary,trained_oof,0.25,chemistry,0.25,5,198,-0.045454545454545525,-9.000000000000014,-0.11578947368421055,0.020947948696639677,0.08080808080808081,-0.28780487804878074,0.46541499894670235
assay_envelope,calibrated__boltz_binary,trained_oof,0.25,chemistry,0.25,6,198,-0.015151515151515138,-2.9999999999999973,-0.07835293182901636,0.04808467741935485,0.08080808080808081,-0.28780487804878074,0.46541499894670235
assay_envelope,calibrated__boltz_binary,trained_oof,0.25,chemistry,0.25,7,198,0.010101010101010166,2.000000000000013,-0.039423645320197105,0.06535223510919519,0.08080808080808081,-0.28780487804878074,0.46541499894670235
assay_envelope,calibrated__boltz_binary,trained_oof,0.25,chemistry,0.25,8,198,0.015151515151515138,2.9999999999999973,-0.024636668872386806,0.05614118870296925,0.08080808080808081,-0.28780487804878074,0.46541499894670235
assay_envelope,calibrated__boltz_binary,trained_oof,0.25,chemistry,0.25,9,198,0.030303030303030387,6.000000000000017,0.005102040816326589,0.05912800529372836,0.08080808080808081,-0.28780487804878074,0.46541499894670235
assay_envelope,calibrated__boltz_binary,trained_oof,0.25,chemistry,0.25,10,198,0.0,0.0,0.0,0.0,0.08080808080808081,-0.28780487804878074,0.46541499894670235
assay_envelope,calibrated__boltz_binary,trained_oof,0.5,chemistry,0.5,1,198,-0.08080808080808077,-15.999999999999993,-0.16668502202643173,0.010001256281407038,0.40404040404040403,0.040324790457769426,0.7875726173653628
assay_envelope,calibrated__boltz_binary,trained_oof,0.5,chemistry,0.5,2,198,-0.12121212121212116,-23.99999999999999,-0.2068965517241379,-0.03683251096491228,0.40404040404040403,0.040324790457769426,0.7875726173653628
assay_envelope,calibrated__boltz_binary,trained_oof,0.5,chemistry,0.5,3,198,-0.10606060606060608,-21.000000000000004,-0.18433888691953207,-0.024506814921090424,0.40404040404040403,0.040324790457769426,0.7875726173653628
assay_envelope,calibrated__boltz_binary,trained_oof,0.5,chemistry,0.5,4,198,-0.11616161616161613,-22.999999999999993,-0.19139561692738677,-0.043950039032006234,0.40404040404040403,0.040324790457769426,0.7875726173653628
assay_envelope,calibrated__boltz_binary,trained_oof,0.5,chemistry,0.5,5,198,-0.015151515151515138,-2.9999999999999973,-0.08632284818729026,0.05405738250565835,0.40404040404040403,0.040324790457769426,0.7875726173653628
assay_envelope,calibrated__boltz_binary,trained_oof,0.5,chemistry,0.5,6,198,-0.005050505050505083,-1.0000000000000064,-0.059724106739032064,0.05026401040736682,0.40404040404040403,0.040324790457769426,0.7875726173653628
assay_envelope,calibrated__boltz_binary,trained_oof,0.5,chemistry,0.5,7,198,0.010101010101010055,1.999999999999991,-0.03571886446886445,0.06123233908948197,0.40404040404040403,0.040324790457769426,0.7875726173653628
assay_envelope,calibrated__boltz_binary,trained_oof,0.5,chemistry,0.5,8,198,0.025252525252525304,5.000000000000011,-0.005467533656928294,0.06404270172018653,0.40404040404040403,0.040324790457769426,0.7875726173653628
assay_envelope,calibrated__boltz_binary,trained_oof,0.5,chemistry,0.5,9,198,0.005050505050504972,0.9999999999999845,-0.010696624690932025,0.02475555391360032,0.40404040404040403,0.040324790457769426,0.7875726173653628
assay_envelope,calibrated__boltz_binary,trained_oof,0.5,chemistry,0.5,10,198,0.0,0.0,0.0,0.0,0.40404040404040403,0.040324790457769426,0.7875726173653628
assay_envelope,calibrated__boltz_binary,trained_oof,1.0,chemistry,1.0,1,198,-0.09090909090909094,-18.000000000000007,-0.1684412955465587,-0.015953247480403155,0.6515151515151515,0.2916288860103621,1.0055473311949985
assay_envelope,calibrated__boltz_binary,trained_oof,1.0,chemistry,1.0,2,198,-0.1515151515151515,-29.999999999999996,-0.235015052356021,-0.07141950688905016,0.6515151515151515,0.2916288860103621,1.0055473311949985
assay_envelope,calibrated__boltz_binary,trained_oof,1.0,chemistry,1.0,3,198,-0.19191919191919193,-38.0,-0.2717948717948718,-0.11111111111111116,0.6515151515151515,0.2916288860103621,1.0055473311949985
assay_envelope,calibrated__boltz_binary,trained_oof,1.0,chemistry,1.0,4,198,-0.16161616161616155,-31.999999999999986,-0.23903282304099646,-0.0858397807865894,0.6515151515151515,0.2916288860103621,1.0055473311949985
assay_envelope,calibrated__boltz_binary,trained_oof,1.0,chemistry,1.0,5,198,-0.0505050505050505,-9.999999999999998,-0.11538944723618094,0.010257731958762843,0.6515151515151515,0.2916288860103621,1.0055473311949985
assay_envelope,calibrated__boltz_binary,trained_oof,1.0,chemistry,1.0,6,198,-0.005050505050505083,-1.0000000000000064,-0.05940594059405946,0.04839363557105485,0.6515151515151515,0.2916288860103621,1.0055473311949985
assay_envelope,calibrated__boltz_binary,trained_oof,1.0,chemistry,1.0,7,198,-0.005050505050504972,-0.9999999999999845,-0.05392156862745101,0.043935531315111895,0.6515151515151515,0.2916288860103621,1.0055473311949985
assay_envelope,calibrated__boltz_binary,trained_oof,1.0,chemistry,1.0,8,198,0.0,0.0,-0.040005025125628174,0.039999999999999925,0.6515151515151515,0.2916288860103621,1.0055473311949985
assay_envelope,calibrated__boltz_binary,trained_oof,1.0,chemistry,1.0,9,198,0.005050505050505083,1.0000000000000064,-0.01570887296775978,0.02941176470588236,0.6515151515151515,0.2916288860103621,1.0055473311949985
assay_envelope,calibrated__boltz_binary,trained_oof,1.0,chemistry,1.0,10,198,0.0,0.0,0.0,0.0,0.6515151515151515,0.2916288860103621,1.0055473311949985
assay_envelope,availability__boltz_binary,trained_oof,0.125,chemistry,0.125,1,198,0.0,0.0,0.0,0.0,0.0,0.0,0.0
assay_envelope,availability__boltz_binary,trained_oof,0.125,chemistry,0.125,2,198,0.0,0.0,0.0,0.0,0.0,0.0,0.0
assay_envelope,availability__boltz_binary,trained_oof,0.125,chemistry,0.125,3,198,0.0,0.0,0.0,0.0,0.0,0.0,0.0
assay_envelope,availability__boltz_binary,trained_oof,0.125,chemistry,0.125,4,198,0.0,0.0,0.0,0.0,0.0,0.0,0.0
assay_envelope,availability__boltz_binary,trained_oof,0.125,chemistry,0.125,5,198,0.0,0.0,0.0,0.0,0.0,0.0,0.0
assay_envelope,availability__boltz_binary,trained_oof,0.125,chemistry,0.125,6,198,0.0,0.0,0.0,0.0,0.0,0.0,0.0
assay_envelope,availability__boltz_binary,trained_oof,0.125,chemistry,0.125,7,198,0.0,0.0,0.0,0.0,0.0,0.0,0.0
assay_envelope,availability__boltz_binary,trained_oof,0.125,chemistry,0.125,8,198,0.0,0.0,0.0,0.0,0.0,0.0,0.0
assay_envelope,availability__boltz_binary,trained_oof,0.125,chemistry,0.125,9,198,0.0,0.0,0.0,0.0,0.0,0.0,0.0
assay_envelope,availability__boltz_binary,trained_oof,0.125,chemistry,0.125,10,198,0.0,0.0,0.0,0.0,0.0,0.0,0.0
assay_envelope,availability__boltz_binary,trained_oof,0.25,chemistry,0.25,1,198,0.0,0.0,0.0,0.0,0.0,0.0,0.0
assay_envelope,availability__boltz_binary,trained_oof,0.25,chemistry,0.25,2,198,0.0,0.0,0.0,0.0,0.0,0.0,0.0
assay_envelope,availability__boltz_binary,trained_oof,0.25,chemistry,0.25,3,198,0.0,0.0,0.0,0.0,0.0,0.0,0.0
assay_envelope,availability__boltz_binary,trained_oof,0.25,chemistry,0.25,4,198,0.0,0.0,0.0,0.0,0.0,0.0,0.0
assay_envelope,availability__boltz_binary,trained_oof,0.25,chemistry,0.25,5,198,0.0,0.0,0.0,0.0,0.0,0.0,0.0
assay_envelope,availability__boltz_binary,trained_oof,0.25,chemistry,0.25,6,198,0.0,0.0,0.0,0.0,0.0,0.0,0.0
assay_envelope,availability__boltz_binary,trained_oof,0.25,chemistry,0.25,7,198,0.0,0.0,0.0,0.0,0.0,0.0,0.0
assay_envelope,availability__boltz_binary,trained_oof,0.25,chemistry,0.25,8,198,0.0,0.0,0.0,0.0,0.0,0.0,0.0
assay_envelope,availability__boltz_binary,trained_oof,0.25,chemistry,0.25,9,198,0.0,0.0,0.0,0.0,0.0,0.0,0.0
assay_envelope,availability__boltz_binary,trained_oof,0.25,chemistry,0.25,10,198,0.0,0.0,0.0,0.0,0.0,0.0,0.0
assay_envelope,availability__boltz_binary,trained_oof,0.5,chemistry,0.5,1,198,0.0,0.0,0.0,0.0,0.0,0.0,0.0
assay_envelope,availability__boltz_binary,trained_oof,0.5,chemistry,0.5,2,198,0.0,0.0,0.0,0.0,0.0,0.0,0.0
assay_envelope,availability__boltz_binary,trained_oof,0.5,chemistry,0.5,3,198,0.0,0.0,0.0,0.0,0.0,0.0,0.0
assay_envelope,availability__boltz_binary,trained_oof,0.5,chemistry,0.5,4,198,0.0,0.0,0.0,0.0,0.0,0.0,0.0
assay_envelope,availability__boltz_binary,trained_oof,0.5,chemistry,0.5,5,198,0.0,0.0,0.0,0.0,0.0,0.0,0.0
assay_envelope,availability__boltz_binary,trained_oof,0.5,chemistry,0.5,6,198,0.0,0.0,0.0,0.0,0.0,0.0,0.0
assay_envelope,availability__boltz_binary,trained_oof,0.5,chemistry,0.5,7,198,0.0,0.0,0.0,0.0,0.0,0.0,0.0
assay_envelope,availability__boltz_binary,trained_oof,0.5,chemistry,0.5,8,198,0.0,0.0,0.0,0.0,0.0,0.0,0.0
assay_envelope,availability__boltz_binary,trained_oof,0.5,chemistry,0.5,9,198,0.0,0.0,0.0,0.0,0.0,0.0,0.0
assay_envelope,availability__boltz_binary,trained_oof,0.5,chemistry,0.5,10,198,0.0,0.0,0.0,0.0,0.0,0.0,0.0
assay_envelope,availability__boltz_binary,trained_oof,1.0,chemistry,1.0,1,198,0.0,0.0,0.0,0.0,0.0,0.0,0.0
assay_envelope,availability__boltz_binary,trained_oof,1.0,chemistry,1.0,2,198,0.0,0.0,0.0,0.0,0.0,0.0,0.0
assay_envelope,availability__boltz_binary,trained_oof,1.0,chemistry,1.0,3,198,0.0,0.0,0.0,0.0,0.0,0.0,0.0
assay_envelope,availability__boltz_binary,trained_oof,1.0,chemistry,1.0,4,198,0.0,0.0,0.0,0.0,0.0,0.0,0.0
assay_envelope,availability__boltz_binary,trained_oof,1.0,chemistry,1.0,5,198,0.0,0.0,0.0,0.0,0.0,0.0,0.0
assay_envelope,availability__boltz_binary,trained_oof,1.0,chemistry,1.0,6,198,0.0,0.0,0.0,0.0,0.0,0.0,0.0
assay_envelope,availability__boltz_binary,trained_oof,1.0,chemistry,1.0,7,198,0.0,0.0,0.0,0.0,0.0,0.0,0.0
assay_envelope,availability__boltz_binary,trained_oof,1.0,chemistry,1.0,8,198,0.0,0.0,0.0,0.0,0.0,0.0,0.0
assay_envelope,availability__boltz_binary,trained_oof,1.0,chemistry,1.0,9,198,0.0,0.0,0.0,0.0,0.0,0.0,0.0
assay_envelope,availability__boltz_binary,trained_oof,1.0,chemistry,1.0,10,198,0.0,0.0,0.0,0.0,0.0,0.0,0.0
assay_envelope,plus__boltz_binary,trained_oof,0.125,chemistry,0.125,1,198,0.08080808080808083,16.000000000000004,0.00989856338575035,0.15500849514563106,-0.06060606060606061,-0.3894310897435912,0.2486513379050702
assay_envelope,plus__boltz_binary,trained_oof,0.125,chemistry,0.125,2,198,-0.015151515151515138,-2.9999999999999973,-0.09314872500724428,0.06436444017536078,-0.06060606060606061,-0.3894310897435912,0.2486513379050702
assay_envelope,plus__boltz_binary,trained_oof,0.125,chemistry,0.125,3,198,-0.010101010101010055,-1.999999999999991,-0.07537688442211055,0.05341778659907204,-0.06060606060606061,-0.3894310897435912,0.2486513379050702
assay_envelope,plus__boltz_binary,trained_oof,0.125,chemistry,0.125,4,198,-0.02020202020202022,-4.0000000000000036,-0.07408392434988179,0.03399313692668221,-0.06060606060606061,-0.3894310897435912,0.2486513379050702
assay_envelope,plus__boltz_binary,trained_oof,0.125,chemistry,0.125,5,198,0.005050505050505083,1.0000000000000064,-0.04878048780487809,0.056705306102506466,-0.06060606060606061,-0.3894310897435912,0.2486513379050702
assay_envelope,plus__boltz_binary,trained_oof,0.125,chemistry,0.125,6,198,-0.005050505050504972,-0.9999999999999845,-0.06796116504854366,0.05181530452634672,-0.06060606060606061,-0.3894310897435912,0.2486513379050702
assay_envelope,plus__boltz_binary,trained_oof,0.125,chemistry,0.125,7,198,0.010101010101010055,1.999999999999991,-0.03518032079589872,0.055276381909547645,-0.06060606060606061,-0.3894310897435912,0.2486513379050702
assay_envelope,plus__boltz_binary,trained_oof,0.125,chemistry,0.125,8,198,0.005050505050505083,1.0000000000000064,-0.031088082901554404,0.04368998355350414,-0.06060606060606061,-0.3894310897435912,0.2486513379050702
assay_envelope,plus__boltz_binary,trained_oof,0.125,chemistry,0.125,9,198,0.010101010101010166,2.000000000000013,-0.01562911184210526,0.039108883776974475,-0.06060606060606061,-0.3894310897435912,0.2486513379050702
assay_envelope,plus__boltz_binary,trained_oof,0.125,chemistry,0.125,10,198,0.0,0.0,0.0,0.0,-0.06060606060606061,-0.3894310897435912,0.2486513379050702
assay_envelope,plus__boltz_binary,trained_oof,0.25,chemistry,0.25,1,198,0.07575757575757575,14.999999999999998,0.005178717024802047,0.1502647265959052,-0.25252525252525254,-0.5512851782363982,0.051833924188710176
assay_envelope,plus__boltz_binary,trained_oof,0.25,chemistry,0.25,2,198,0.05555555555555558,11.000000000000005,-0.015463917525773196,0.13107409041875057,-0.25252525252525254,-0.5512851782363982,0.051833924188710176
assay_envelope,plus__boltz_binary,trained_oof,0.25,chemistry,0.25,3,198,0.03535353535353536,7.000000000000001,-0.03961888651176679,0.10660391306490559,-0.25252525252525254,-0.5512851782363982,0.051833924188710176
assay_envelope,plus__boltz_binary,trained_oof,0.25,chemistry,0.25,4,198,0.04040404040404044,8.000000000000007,-0.01980444313088027,0.09644670050761417,-0.25252525252525254,-0.5512851782363982,0.051833924188710176
assay_envelope,plus__boltz_binary,trained_oof,0.25,chemistry,0.25,5,198,0.005050505050504972,0.9999999999999845,-0.05128205128205121,0.0570022398531951,-0.25252525252525254,-0.5512851782363982,0.051833924188710176
assay_envelope,plus__boltz_binary,trained_oof,0.25,chemistry,0.25,6,198,0.0,0.0,-0.052645576707726814,0.051891705974842786,-0.25252525252525254,-0.5512851782363982,0.051833924188710176
assay_envelope,plus__boltz_binary,trained_oof,0.25,chemistry,0.25,7,198,-0.005050505050505083,-1.0000000000000064,-0.05076789599088359,0.04040916782033534,-0.25252525252525254,-0.5512851782363982,0.051833924188710176
assay_envelope,plus__boltz_binary,trained_oof,0.25,chemistry,0.25,8,198,0.025252525252525304,5.000000000000011,-0.009854667548954721,0.061855670103092786,-0.25252525252525254,-0.5512851782363982,0.051833924188710176
assay_envelope,plus__boltz_binary,trained_oof,0.25,chemistry,0.25,9,198,0.02020202020202022,4.0000000000000036,0.0,0.045226130653266305,-0.25252525252525254,-0.5512851782363982,0.051833924188710176
assay_envelope,plus__boltz_binary,trained_oof,0.25,chemistry,0.25,10,198,0.0,0.0,0.0,0.0,-0.25252525252525254,-0.5512851782363982,0.051833924188710176
assay_envelope,plus__boltz_binary,trained_oof,0.5,chemistry,0.5,1,198,0.02525252525252525,4.999999999999999,-0.0579710144927536,0.10606609574000878,-0.1717171717171717,-0.5049697670946542,0.1450182160804015
assay_envelope,plus__boltz_binary,trained_oof,0.5,chemistry,0.5,2,198,0.04040404040404044,8.000000000000007,-0.031092130829015543,0.10785641842944073,-0.1717171717171717,-0.5049697670946542,0.1450182160804015
assay_envelope,plus__boltz_binary,trained_oof,0.5,chemistry,0.5,3,198,0.02020202020202022,4.0000000000000036,-0.044334975369458074,0.08543792193289679,-0.1717171717171717,-0.5049697670946542,0.1450182160804015
assay_envelope,plus__boltz_binary,trained_oof,0.5,chemistry,0.5,4,198,0.0,0.0,-0.060613751730503054,0.061871778350515376,-0.1717171717171717,-0.5049697670946542,0.1450182160804015
assay_envelope,plus__boltz_binary,trained_oof,0.5,chemistry,0.5,5,198,0.030303030303030276,5.999999999999995,-0.026788114439324134,0.08948551935394039,-0.1717171717171717,-0.5049697670946542,0.1450182160804015
assay_envelope,plus__boltz_binary,trained_oof,0.5,chemistry,0.5,6,198,0.010101010101010055,1.999999999999991,-0.03553752719361856,0.059161290322580586,-0.1717171717171717,-0.5049697670946542,0.1450182160804015
assay_envelope,plus__boltz_binary,trained_oof,0.5,chemistry,0.5,7,198,0.030303030303030276,5.999999999999995,-0.01025773195876285,0.07537925476438796,-0.1717171717171717,-0.5049697670946542,0.1450182160804015
assay_envelope,plus__boltz_binary,trained_oof,0.5,chemistry,0.5,8,198,0.025252525252525304,5.000000000000011,-0.004951110782720067,0.05970149253731338,-0.1717171717171717,-0.5049697670946542,0.1450182160804015
assay_envelope,plus__boltz_binary,trained_oof,0.5,chemistry,0.5,9,198,-0.010101010101010166,-2.000000000000013,-0.031092130829015543,0.010204081632653073,-0.1717171717171717,-0.5049697670946542,0.1450182160804015
assay_envelope,plus__boltz_binary,trained_oof,0.5,chemistry,0.5,10,198,0.0,0.0,0.0,0.0,-0.1717171717171717,-0.5049697670946542,0.1450182160804015
assay_envelope,plus__boltz_binary,trained_oof,1.0,chemistry,1.0,1,198,0.0050505050505050275,0.9999999999999954,-0.05128865979381442,0.062499999999999944,-0.05555555555555555,-0.27043528950041534,0.1750367647058837
assay_envelope,plus__boltz_binary,trained_oof,1.0,chemistry,1.0,2,198,0.03535353535353536,7.000000000000001,-0.022156717423527875,0.09524407753050965,-0.05555555555555555,-0.27043528950041534,0.1750367647058837
assay_envelope,plus__boltz_binary,trained_oof,1.0,chemistry,1.0,3,198,-0.005050505050505083,-1.0000000000000064,-0.06019570707070701,0.04500565326633167,-0.05555555555555555,-0.27043528950041534,0.1750367647058837
assay_envelope,plus__boltz_binary,trained_oof,1.0,chemistry,1.0,4,198,-0.015151515151515138,-2.9999999999999973,-0.06667464114832546,0.037041962174940816,-0.05555555555555555,-0.27043528950041534,0.1750367647058837
assay_envelope,plus__boltz_binary,trained_oof,1.0,chemistry,1.0,5,198,-0.015151515151515138,-2.9999999999999973,-0.05936186084361855,0.025510204081632626,-0.05555555555555555,-0.27043528950041534,0.1750367647058837
assay_envelope,plus__boltz_binary,trained_oof,1.0,chemistry,1.0,6,198,0.005050505050505083,1.0000000000000064,-0.02956030824757349,0.04020100502512558,-0.05555555555555555,-0.27043528950041534,0.1750367647058837
assay_envelope,plus__boltz_binary,trained_oof,1.0,chemistry,1.0,7,198,0.025252525252525304,5.000000000000011,-0.010362694300518172,0.061544943820224685,-0.05555555555555555,-0.27043528950041534,0.1750367647058837
assay_envelope,plus__boltz_binary,trained_oof,1.0,chemistry,1.0,8,198,0.02020202020202011,3.999999999999982,-0.01041666666666674,0.05236290989253229,-0.05555555555555555,-0.27043528950041534,0.1750367647058837
assay_envelope,plus__boltz_binary,trained_oof,1.0,chemistry,1.0,9,198,0.0,0.0,-0.025510204081632737,0.025252525252525304,-0.05555555555555555,-0.27043528950041534,0.1750367647058837
assay_envelope,plus__boltz_binary,trained_oof,1.0,chemistry,1.0,10,198,0.0,0.0,0.0,0.0,-0.05555555555555555,-0.27043528950041534,0.1750367647058837
assay_envelope,calibrated__boltzina_vina_far_affinity,trained_oof,0.125,chemistry,0.125,1,198,0.04040404040404039,7.9999999999999964,-0.046875,0.12560512937248652,0.04040404040404041,-0.3500196335078531,0.40890847809177994
assay_envelope,calibrated__boltzina_vina_far_affinity,trained_oof,0.125,chemistry,0.125,2,198,-0.030303030303030276,-5.999999999999995,-0.11219512195121945,0.05264557670772674,0.04040404040404041,-0.3500196335078531,0.40890847809177994
assay_envelope,calibrated__boltzina_vina_far_affinity,trained_oof,0.125,chemistry,0.125,3,198,-0.07070707070707072,-14.000000000000002,-0.1442798892137252,0.0,0.04040404040404041,-0.3500196335078531,0.40890847809177994
assay_envelope,calibrated__boltzina_vina_far_affinity,trained_oof,0.125,chemistry,0.125,4,198,-0.030303030303030276,-5.999999999999995,-0.09268544128740254,0.03590206185567006,0.04040404040404041,-0.3500196335078531,0.40890847809177994
assay_envelope,calibrated__boltzina_vina_far_affinity,trained_oof,0.125,chemistry,0.125,5,198,0.03535353535353536,7.000000000000001,-0.03030303030303028,0.10271245472276401,0.04040404040404041,-0.3500196335078531,0.40890847809177994
assay_envelope,calibrated__boltzina_vina_far_affinity,trained_oof,0.125,chemistry,0.125,6,198,0.03535353535353536,7.000000000000001,-0.025380710659898446,0.09756097560975607,0.04040404040404041,-0.3500196335078531,0.40890847809177994
assay_envelope,calibrated__boltzina_vina_far_affinity,trained_oof,0.125,chemistry,0.125,7,198,-0.010101010101010166,-2.000000000000013,-0.0650164141414142,0.04434600397029619,0.04040404040404041,-0.3500196335078531,0.40890847809177994
assay_envelope,calibrated__boltzina_vina_far_affinity,trained_oof,0.125,chemistry,0.125,8,198,-0.005050505050504972,-0.9999999999999845,-0.045924254317111564,0.03773839877613461,0.04040404040404041,-0.3500196335078531,0.40890847809177994
assay_envelope,calibrated__boltzina_vina_far_affinity,trained_oof,0.125,chemistry,0.125,9,198,-0.005050505050504972,-0.9999999999999845,-0.03349684854619071,0.025380710659898446,0.04040404040404041,-0.3500196335078531,0.40890847809177994
assay_envelope,calibrated__boltzina_vina_far_affinity,trained_oof,0.125,chemistry,0.125,10,198,0.0,0.0,0.0,0.0,0.04040404040404041,-0.3500196335078531,0.40890847809177994
assay_envelope,calibrated__boltzina_vina_far_affinity,trained_oof,0.25,chemistry,0.25,1,198,0.015151515151515138,2.9999999999999973,-0.07246564541563416,0.1041723901098901,-0.05555555555555555,-0.4902060852152622,0.3939867424242427
assay_envelope,calibrated__boltzina_vina_far_affinity,trained_oof,0.25,chemistry,0.25,2,198,0.015151515151515138,2.9999999999999973,-0.08083114801864803,0.10892035924903964,-0.05555555555555555,-0.4902060852152622,0.3939867424242427
assay_envelope,calibrated__boltzina_vina_far_affinity,trained_oof,0.25,chemistry,0.25,3,198,-0.04040404040404033,-7.999999999999986,-0.1333333333333333,0.04569110639179518,-0.05555555555555555,-0.4902060852152622,0.3939867424242427
assay_envelope,calibrated__boltzina_vina_far_affinity,trained_oof,0.25,chemistry,0.25,4,198,0.015151515151515138,2.9999999999999973,-0.06436042797828176,0.09191418222346051,-0.05555555555555555,-0.4902060852152622,0.3939867424242427
assay_envelope,calibrated__boltzina_vina_far_affinity,trained_oof,0.25,chemistry,0.25,5,198,0.030303030303030276,5.999999999999995,-0.04061431679270683,0.10245957051961811,-0.05555555555555555,-0.4902060852152622,0.3939867424242427
assay_envelope,calibrated__boltzina_vina_far_affinity,trained_oof,0.25,chemistry,0.25,6,198,0.005050505050504972,0.9999999999999845,-0.05913978494623651,0.06770833333333326,-0.05555555555555555,-0.4902060852152622,0.3939867424242427
assay_envelope,calibrated__boltzina_vina_far_affinity,trained_oof,0.25,chemistry,0.25,7,198,0.015151515151515138,2.9999999999999973,-0.05051145977541916,0.07732834551095988,-0.05555555555555555,-0.4902060852152622,0.3939867424242427
assay_envelope,calibrated__boltzina_vina_far_affinity,trained_oof,0.25,chemistry,0.25,8,198,0.005050505050505083,1.0000000000000064,-0.04369464835425051,0.05000628140703518,-0.05555555555555555,-0.4902060852152622,0.3939867424242427
assay_envelope,calibrated__boltzina_vina_far_affinity,trained_oof,0.25,chemistry,0.25,9,198,-0.005050505050504972,-0.9999999999999845,-0.047624743677375306,0.030935889175257688,-0.05555555555555555,-0.4902060852152622,0.3939867424242427
assay_envelope,calibrated__boltzina_vina_far_affinity,trained_oof,0.25,chemistry,0.25,10,198,0.0,0.0,0.0,0.0,-0.05555555555555555,-0.4902060852152622,0.3939867424242427
assay_envelope,calibrated__boltzina_vina_far_affinity,trained_oof,0.5,chemistry,0.5,1,198,-0.035353535353535304,-6.99999999999999,-0.14285714285714285,0.06764105811172082,0.25757575757575757,-0.1755170185264978,0.7361812397372743
assay_envelope,calibrated__boltzina_vina_far_affinity,trained_oof,0.5,chemistry,0.5,2,198,-0.101010101010101,-19.999999999999996,-0.18500462962962963,-0.020093039454699257,0.25757575757575757,-0.1755170185264978,0.7361812397372743
assay_envelope,calibrated__boltzina_vina_far_affinity,trained_oof,0.5,chemistry,0.5,3,198,-0.08080808080808077,-15.999999999999993,-0.15921324229914263,0.0,0.25757575757575757,-0.1755170185264978,0.7361812397372743
assay_envelope,calibrated__boltzina_vina_far_affinity,trained_oof,0.5,chemistry,0.5,4,198,-0.03535353535353536,-7.000000000000001,-0.11468692660550457,0.04233367105707528,0.25757575757575757,-0.1755170185264978,0.7361812397372743
assay_envelope,calibrated__boltzina_vina_far_affinity,trained_oof,0.5,chemistry,0.5,5,198,0.015151515151515138,2.9999999999999973,-0.06250754830917875,0.09424800083352865,0.25757575757575757,-0.1755170185264978,0.7361812397372743
assay_envelope,calibrated__boltzina_vina_far_affinity,trained_oof,0.5,chemistry,0.5,6,198,-0.010101010101010055,-1.999999999999991,-0.08219742586180942,0.062184261658031044,0.25757575757575757,-0.1755170185264978,0.7361812397372743
assay_envelope,calibrated__boltzina_vina_far_affinity,trained_oof,0.5,chemistry,0.5,7,198,0.0,0.0,-0.06161137440758291,0.05791013437849932,0.25757575757575757,-0.1755170185264978,0.7361812397372743
assay_envelope,calibrated__boltzina_vina_far_affinity,trained_oof,0.5,chemistry,0.5,8,198,0.005050505050505083,1.0000000000000064,-0.04808272946859909,0.05291580400276049,0.25757575757575757,-0.1755170185264978,0.7361812397372743
assay_envelope,calibrated__boltzina_vina_far_affinity,trained_oof,0.5,chemistry,0.5,9,198,-0.015151515151515249,-3.0000000000000195,-0.04546031379787721,0.0104194078947369,0.25757575757575757,-0.1755170185264978,0.7361812397372743
assay_envelope,calibrated__boltzina_vina_far_affinity,trained_oof,0.5,chemistry,0.5,10,198,0.0,0.0,0.0,0.0,0.25757575757575757,-0.1755170185264978,0.7361812397372743
assay_envelope,calibrated__boltzina_vina_far_affinity,trained_oof,1.0,chemistry,1.0,1,198,-0.06565656565656569,-13.000000000000007,-0.14851992891596855,0.020007614213197945,0.4898989898989899,0.07919107355761845,0.9081749197140772
assay_envelope,calibrated__boltzina_vina_far_affinity,trained_oof,1.0,chemistry,1.0,2,198,-0.11111111111111105,-21.99999999999999,-0.2000251256281407,-0.02161299597469815,0.4898989898989899,0.07919107355761845,0.9081749197140772
assay_envelope,calibrated__boltzina_vina_far_affinity,trained_oof,1.0,chemistry,1.0,3,198,-0.13636363636363635,-26.999999999999996,-0.21634987113402063,-0.05417659833677631,0.4898989898989899,0.07919107355761845,0.9081749197140772
assay_envelope,calibrated__boltzina_vina_far_affinity,trained_oof,1.0,chemistry,1.0,4,198,-0.08585858585858586,-17.0,-0.1542739361702128,-0.014561347966793307,0.4898989898989899,0.07919107355761845,0.9081749197140772
assay_envelope,calibrated__boltzina_vina_far_affinity,trained_oof,1.0,chemistry,1.0,5,198,-0.045454545454545414,-8.999999999999993,-0.11059382277239861,0.020945163957012958,0.4898989898989899,0.07919107355761845,0.9081749197140772
assay_envelope,calibrated__boltzina_vina_far_affinity,trained_oof,1.0,chemistry,1.0,6,198,-0.030303030303030276,-5.999999999999995,-0.08824295343137246,0.030612244897959218,0.4898989898989899,0.07919107355761845,0.9081749197140772
assay_envelope,calibrated__boltzina_vina_far_affinity,trained_oof,1.0,chemistry,1.0,7,198,-0.005050505050504972,-0.9999999999999845,-0.06500290697674424,0.04977008894919332,0.4898989898989899,0.07919107355761845,0.9081749197140772
assay_envelope,calibrated__boltzina_vina_far_affinity,trained_oof,1.0,chemistry,1.0,8,198,-0.005050505050505083,-1.0000000000000064,-0.05499999999999994,0.040409167820335344,0.4898989898989899,0.07919107355761845,0.9081749197140772
assay_envelope,calibrated__boltzina_vina_far_affinity,trained_oof,1.0,chemistry,1.0,9,198,-0.005050505050505083,-1.0000000000000064,-0.03209737594826516,0.02139324938186414,0.4898989898989899,0.07919107355761845,0.9081749197140772
assay_envelope,calibrated__boltzina_vina_far_affinity,trained_oof,1.0,chemistry,1.0,10,198,0.0,0.0,0.0,0.0,0.4898989898989899,0.07919107355761845,0.9081749197140772
assay_envelope,availability__boltzina_vina_far_affinity,trained_oof,0.125,chemistry,0.125,1,198,0.0,0.0,0.0,0.0,-0.005050505050505051,-0.016306575196008512,0.0
assay_envelope,availability__boltzina_vina_far_affinity,trained_oof,0.125,chemistry,0.125,2,198,0.0,0.0,0.0,0.0,-0.005050505050505051,-0.016306575196008512,0.0
assay_envelope,availability__boltzina_vina_far_affinity,trained_oof,0.125,chemistry,0.125,3,198,0.0,0.0,0.0,0.0,-0.005050505050505051,-0.016306575196008512,0.0
assay_envelope,availability__boltzina_vina_far_affinity,trained_oof,0.125,chemistry,0.125,4,198,0.0,0.0,0.0,0.0,-0.005050505050505051,-0.016306575196008512,0.0
assay_envelope,availability__boltzina_vina_far_affinity,trained_oof,0.125,chemistry,0.125,5,198,0.0,0.0,0.0,0.0,-0.005050505050505051,-0.016306575196008512,0.0
assay_envelope,availability__boltzina_vina_far_affinity,trained_oof,0.125,chemistry,0.125,6,198,0.0,0.0,0.0,0.0,-0.005050505050505051,-0.016306575196008512,0.0
assay_envelope,availability__boltzina_vina_far_affinity,trained_oof,0.125,chemistry,0.125,7,198,0.005050505050504972,0.9999999999999845,0.0,0.016306575196008612,-0.005050505050505051,-0.016306575196008512,0.0
assay_envelope,availability__boltzina_vina_far_affinity,trained_oof,0.125,chemistry,0.125,8,198,0.0,0.0,0.0,0.0,-0.005050505050505051,-0.016306575196008512,0.0
assay_envelope,availability__boltzina_vina_far_affinity,trained_oof,0.125,chemistry,0.125,9,198,0.0,0.0,0.0,0.0,-0.005050505050505051,-0.016306575196008512,0.0
assay_envelope,availability__boltzina_vina_far_affinity,trained_oof,0.125,chemistry,0.125,10,198,0.0,0.0,0.0,0.0,-0.005050505050505051,-0.016306575196008512,0.0
assay_envelope,availability__boltzina_vina_far_affinity,trained_oof,0.25,chemistry,0.25,1,198,0.005050505050505055,1.0000000000000009,0.0,0.01578947368421052,-0.005050505050505051,-0.03398472649775062,0.02525896722325359
assay_envelope,availability__boltzina_vina_far_affinity,trained_oof,0.25,chemistry,0.25,2,198,0.015151515151515138,2.9999999999999973,0.0,0.034999999999999976,-0.005050505050505051,-0.03398472649775062,0.02525896722325359
assay_envelope,availability__boltzina_vina_far_affinity,trained_oof,0.25,chemistry,0.25,3,198,0.0,0.0,0.0,0.0,-0.005050505050505051,-0.03398472649775062,0.02525896722325359
assay_envelope,availability__boltzina_vina_far_affinity,trained_oof,0.25,chemistry,0.25,4,198,-0.010101010101010055,-1.999999999999991,-0.025128800568499057,0.0,-0.005050505050505051,-0.03398472649775062,0.02525896722325359
assay_envelope,availability__boltzina_vina_far_affinity,trained_oof,0.25,chemistry,0.25,5,198,-0.005050505050505083,-1.0000000000000064,-0.015789473684210468,0.0,-0.005050505050505051,-0.03398472649775062,0.02525896722325359
assay_envelope,availability__boltzina_vina_far_affinity,trained_oof,0.25,chemistry,0.25,6,198,0.0,0.0,0.0,0.0,-0.005050505050505051,-0.03398472649775062,0.02525896722325359
assay_envelope,availability__boltzina_vina_far_affinity,trained_oof,0.25,chemistry,0.25,7,198,0.0,0.0,0.0,0.0,-0.005050505050505051,-0.03398472649775062,0.02525896722325359
assay_envelope,availability__boltzina_vina_far_affinity,trained_oof,0.25,chemistry,0.25,8,198,0.0,0.0,0.0,0.0,-0.005050505050505051,-0.03398472649775062,0.02525896722325359
assay_envelope,availability__boltzina_vina_far_affinity,trained_oof,0.25,chemistry,0.25,9,198,0.0,0.0,0.0,0.0,-0.005050505050505051,-0.03398472649775062,0.02525896722325359
assay_envelope,availability__boltzina_vina_far_affinity,trained_oof,0.25,chemistry,0.25,10,198,0.0,0.0,0.0,0.0,-0.005050505050505051,-0.03398472649775062,0.02525896722325359
assay_envelope,availability__boltzina_vina_far_affinity,trained_oof,0.5,chemistry,0.5,1,198,-0.0050505050505050275,-0.9999999999999954,-0.015957446808510634,0.0,0.0,-0.014637750811005667,0.015077280341099175
assay_envelope,availability__boltzina_vina_far_affinity,trained_oof,0.5,chemistry,0.5,2,198,0.0,0.0,0.0,0.0,0.0,-0.014637750811005667,0.015077280341099175
assay_envelope,availability__boltzina_vina_far_affinity,trained_oof,0.5,chemistry,0.5,3,198,0.0,0.0,0.0,0.0,0.0,-0.014637750811005667,0.015077280341099175
assay_envelope,availability__boltzina_vina_far_affinity,trained_oof,0.5,chemistry,0.5,4,198,0.0,0.0,0.0,0.0,0.0,-0.014637750811005667,0.015077280341099175
assay_envelope,availability__boltzina_vina_far_affinity,trained_oof,0.5,chemistry,0.5,5,198,0.005050505050505083,1.0000000000000064,0.0,0.01570887296775977,0.0,-0.014637750811005667,0.015077280341099175
assay_envelope,availability__boltzina_vina_far_affinity,trained_oof,0.5,chemistry,0.5,6,198,0.0,0.0,0.0,0.0,0.0,-0.014637750811005667,0.015077280341099175
assay_envelope,availability__boltzina_vina_far_affinity,trained_oof,0.5,chemistry,0.5,7,198,0.0,0.0,0.0,0.0,0.0,-0.014637750811005667,0.015077280341099175
assay_envelope,availability__boltzina_vina_far_affinity,trained_oof,0.5,chemistry,0.5,8,198,0.0,0.0,0.0,0.0,0.0,-0.014637750811005667,0.015077280341099175
assay_envelope,availability__boltzina_vina_far_affinity,trained_oof,0.5,chemistry,0.5,9,198,0.0,0.0,0.0,0.0,0.0,-0.014637750811005667,0.015077280341099175
assay_envelope,availability__boltzina_vina_far_affinity,trained_oof,0.5,chemistry,0.5,10,198,0.0,0.0,0.0,0.0,0.0,-0.014637750811005667,0.015077280341099175
assay_envelope,availability__boltzina_vina_far_affinity,trained_oof,1.0,chemistry,1.0,1,198,0.0050505050505050275,0.9999999999999954,0.0,0.01523036879726508,-0.015151515151515152,-0.0327166991886624,0.0
assay_envelope,availability__boltzina_vina_far_affinity,trained_oof,1.0,chemistry,1.0,2,198,0.005050505050505083,1.0000000000000064,0.0,0.015706806282722478,-0.015151515151515152,-0.0327166991886624,0.0
assay_envelope,availability__boltzina_vina_far_affinity,trained_oof,1.0,chemistry,1.0,3,198,0.0,0.0,0.0,0.0,-0.015151515151515152,-0.0327166991886624,0.0
assay_envelope,availability__boltzina_vina_far_affinity,trained_oof,1.0,chemistry,1.0,4,198,0.0,0.0,0.0,0.0,-0.015151515151515152,-0.0327166991886624,0.0
assay_envelope,availability__boltzina_vina_far_affinity,trained_oof,1.0,chemistry,1.0,5,198,0.0,0.0,0.0,0.0,-0.015151515151515152,-0.0327166991886624,0.0
assay_envelope,availability__boltzina_vina_far_affinity,trained_oof,1.0,chemistry,1.0,6,198,0.0,0.0,0.0,0.0,-0.015151515151515152,-0.0327166991886624,0.0
assay_envelope,availability__boltzina_vina_far_affinity,trained_oof,1.0,chemistry,1.0,7,198,0.0,0.0,0.0,0.0,-0.015151515151515152,-0.0327166991886624,0.0
assay_envelope,availability__boltzina_vina_far_affinity,trained_oof,1.0,chemistry,1.0,8,198,0.0,0.0,0.0,0.0,-0.015151515151515152,-0.0327166991886624,0.0
assay_envelope,availability__boltzina_vina_far_affinity,trained_oof,1.0,chemistry,1.0,9,198,0.005050505050505083,1.0000000000000064,0.0,0.016044937036398078,-0.015151515151515152,-0.0327166991886624,0.0
assay_envelope,availability__boltzina_vina_far_affinity,trained_oof,1.0,chemistry,1.0,10,198,0.0,0.0,0.0,0.0,-0.015151515151515152,-0.0327166991886624,0.0
assay_envelope,plus__boltzina_vina_far_affinity,trained_oof,0.125,chemistry,0.125,1,198,0.11616161616161619,23.000000000000004,0.023455505761843798,0.2029721817359401,-0.06060606060606061,-0.40422186314833575,0.2828825757575755
assay_envelope,plus__boltzina_vina_far_affinity,trained_oof,0.125,chemistry,0.125,2,198,0.010101010101010055,1.999999999999991,-0.065,0.08207253886010354,-0.06060606060606061,-0.40422186314833575,0.2828825757575755
assay_envelope,plus__boltzina_vina_far_affinity,trained_oof,0.125,chemistry,0.125,3,198,0.0,0.0,-0.056129644165358455,0.05700223985319521,-0.06060606060606061,-0.40422186314833575,0.2828825757575755
assay_envelope,plus__boltzina_vina_far_affinity,trained_oof,0.125,chemistry,0.125,4,198,-0.02020202020202022,-4.0000000000000036,-0.07729530853130137,0.037234042553191404,-0.06060606060606061,-0.40422186314833575,0.2828825757575755
assay_envelope,plus__boltzina_vina_far_affinity,trained_oof,0.125,chemistry,0.125,5,198,-0.005050505050505083,-1.0000000000000064,-0.06633503401360547,0.05419389845388481,-0.06060606060606061,-0.40422186314833575,0.2828825757575755
assay_envelope,plus__boltzina_vina_far_affinity,trained_oof,0.125,chemistry,0.125,6,198,-0.005050505050504972,-0.9999999999999845,-0.0676525553012968,0.05641025641025632,-0.06060606060606061,-0.40422186314833575,0.2828825757575755
assay_envelope,plus__boltzina_vina_far_affinity,trained_oof,0.125,chemistry,0.125,7,198,-0.03535353535353536,-7.000000000000001,-0.08949748040313556,0.020518134715025914,-0.06060606060606061,-0.40422186314833575,0.2828825757575755
assay_envelope,plus__boltzina_vina_far_affinity,trained_oof,0.125,chemistry,0.125,8,198,-0.010101010101010055,-1.999999999999991,-0.050761421319796995,0.03175025329280646,-0.06060606060606061,-0.40422186314833575,0.2828825757575755
assay_envelope,plus__boltzina_vina_far_affinity,trained_oof,0.125,chemistry,0.125,9,198,0.010101010101010166,2.000000000000013,-0.019052197802197846,0.03804867545735332,-0.06060606060606061,-0.40422186314833575,0.2828825757575755
assay_envelope,plus__boltzina_vina_far_affinity,trained_oof,0.125,chemistry,0.125,10,198,0.0,0.0,0.0,0.0,-0.06060606060606061,-0.40422186314833575,0.2828825757575755
assay_envelope,plus__boltzina_vina_far_affinity,trained_oof,0.25,chemistry,0.25,1,198,0.07575757575757575,14.999999999999998,0.0,0.15229294683409025,-0.015151515151515152,-0.37439963054187103,0.3707317073170735
assay_envelope,plus__boltzina_vina_far_affinity,trained_oof,0.25,chemistry,0.25,2,198,0.05555555555555558,11.000000000000005,-0.02971416488382509,0.13613160399809615,-0.015151515151515152,-0.37439963054187103,0.3707317073170735
assay_envelope,plus__boltzina_vina_far_affinity,trained_oof,0.25,chemistry,0.25,3,198,0.04040404040404044,8.000000000000007,-0.03015075376884424,0.11111111111111105,-0.015151515151515152,-0.37439963054187103,0.3707317073170735
assay_envelope,plus__boltzina_vina_far_affinity,trained_oof,0.25,chemistry,0.25,4,198,-0.010101010101010055,-1.999999999999991,-0.07767116052115294,0.056715796821305786,-0.015151515151515152,-0.37439963054187103,0.3707317073170735
assay_envelope,plus__boltzina_vina_far_affinity,trained_oof,0.25,chemistry,0.25,5,198,-0.015151515151515249,-3.0000000000000195,-0.0744198416625433,0.045924254317111425,-0.015151515151515152,-0.37439963054187103,0.3707317073170735
assay_envelope,plus__boltzina_vina_far_affinity,trained_oof,0.25,chemistry,0.25,6,198,-0.05555555555555558,-11.000000000000005,-0.11274698340874816,0.0,-0.015151515151515152,-0.37439963054187103,0.3707317073170735
assay_envelope,plus__boltzina_vina_far_affinity,trained_oof,0.25,chemistry,0.25,7,198,-0.0505050505050505,-9.999999999999998,-0.10363527933104194,0.0,-0.015151515151515152,-0.37439963054187103,0.3707317073170735
assay_envelope,plus__boltzina_vina_far_affinity,trained_oof,0.25,chemistry,0.25,8,198,-0.010101010101010055,-1.999999999999991,-0.060468639887244574,0.03553752719361854,-0.015151515151515152,-0.37439963054187103,0.3707317073170735
assay_envelope,plus__boltzina_vina_far_affinity,trained_oof,0.25,chemistry,0.25,9,198,-0.015151515151515138,-2.9999999999999973,-0.0550516343183809,0.019145723974543654,-0.015151515151515152,-0.37439963054187103,0.3707317073170735
assay_envelope,plus__boltzina_vina_far_affinity,trained_oof,0.25,chemistry,0.25,10,198,0.0,0.0,0.0,0.0,-0.015151515151515152,-0.37439963054187103,0.3707317073170735
assay_envelope,plus__boltzina_vina_far_affinity,trained_oof,0.5,chemistry,0.5,1,198,0.10606060606060608,21.000000000000004,0.010917517809630033,0.18812598651169465,-0.12626262626262627,-0.5024655803966158,0.2820544554455444
assay_envelope,plus__boltzina_vina_far_affinity,trained_oof,0.5,chemistry,0.5,2,198,0.07070707070707072,14.000000000000002,0.009997524752475256,0.13368716679360232,-0.12626262626262627,-0.5024655803966158,0.2820544554455444
assay_envelope,plus__boltzina_vina_far_affinity,trained_oof,0.5,chemistry,0.5,3,198,0.025252525252525304,5.000000000000011,-0.04434600397029636,0.08938768009408998,-0.12626262626262627,-0.5024655803966158,0.2820544554455444
assay_envelope,plus__boltzina_vina_far_affinity,trained_oof,0.5,chemistry,0.5,4,198,0.0,0.0,-0.06787549971444887,0.05882352941176472,-0.12626262626262627,-0.5024655803966158,0.2820544554455444
assay_envelope,plus__boltzina_vina_far_affinity,trained_oof,0.5,chemistry,0.5,5,198,-0.010101010101010055,-1.999999999999991,-0.08372093023255811,0.056122448979591844,-0.12626262626262627,-0.5024655803966158,0.2820544554455444
assay_envelope,plus__boltzina_vina_far_affinity,trained_oof,0.5,chemistry,0.5,6,198,-0.025252525252525304,-5.000000000000011,-0.09434431615507367,0.041450777202072464,-0.12626262626262627,-0.5024655803966158,0.2820544554455444
assay_envelope,plus__boltzina_vina_far_affinity,trained_oof,0.5,chemistry,0.5,7,198,-0.030303030303030276,-5.999999999999995,-0.09141872846852482,0.025510204081632626,-0.12626262626262627,-0.5024655803966158,0.2820544554455444
assay_envelope,plus__boltzina_vina_far_affinity,trained_oof,0.5,chemistry,0.5,8,198,0.0,0.0,-0.03903887949770579,0.04081632653061229,-0.12626262626262627,-0.5024655803966158,0.2820544554455444
assay_envelope,plus__boltzina_vina_far_affinity,trained_oof,0.5,chemistry,0.5,9,198,-0.010101010101010166,-2.000000000000013,-0.035175879396984855,0.015000000000000013,-0.12626262626262627,-0.5024655803966158,0.2820544554455444
assay_envelope,plus__boltzina_vina_far_affinity,trained_oof,0.5,chemistry,0.5,10,198,0.0,0.0,0.0,0.0,-0.12626262626262627,-0.5024655803966158,0.2820544554455444
assay_envelope,plus__boltzina_vina_far_affinity,trained_oof,1.0,chemistry,1.0,1,198,0.0505050505050505,9.999999999999998,-0.020204583910167682,0.12169957413859854,0.06565656565656566,-0.23081683168316838,0.3957778565971847
assay_envelope,plus__boltzina_vina_far_affinity,trained_oof,1.0,chemistry,1.0,2,198,0.045454545454545525,9.000000000000014,-0.018531746031746,0.10953440538519062,0.06565656565656566,-0.23081683168316838,0.3957778565971847
assay_envelope,plus__boltzina_vina_far_affinity,trained_oof,1.0,chemistry,1.0,3,198,-0.010101010101010166,-2.000000000000013,-0.07216494845360821,0.050761421319796995,0.06565656565656566,-0.23081683168316838,0.3957778565971847
assay_envelope,plus__boltzina_vina_far_affinity,trained_oof,1.0,chemistry,1.0,4,198,-0.030303030303030276,-5.999999999999995,-0.08809013134112542,0.029560308247573473,0.06565656565656566,-0.23081683168316838,0.3957778565971847
assay_envelope,plus__boltzina_vina_far_affinity,trained_oof,1.0,chemistry,1.0,5,198,-0.025252525252525193,-4.9999999999999885,-0.07577690166975885,0.02094794869663979,0.06565656565656566,-0.23081683168316838,0.3957778565971847
assay_envelope,plus__boltzina_vina_far_affinity,trained_oof,1.0,chemistry,1.0,6,198,-0.02020202020202022,-4.0000000000000036,-0.060916684540406635,0.019722026741731166,0.06565656565656566,-0.23081683168316838,0.3957778565971847
assay_envelope,plus__boltzina_vina_far_affinity,trained_oof,1.0,chemistry,1.0,7,198,-0.0505050505050505,-9.999999999999998,-0.10528309409888356,0.0,0.06565656565656566,-0.23081683168316838,0.3957778565971847
assay_envelope,plus__boltzina_vina_far_affinity,trained_oof,1.0,chemistry,1.0,8,198,-0.02020202020202022,-4.0000000000000036,-0.06635860979462876,0.020408163265306145,0.06565656565656566,-0.23081683168316838,0.3957778565971847
assay_envelope,plus__boltzina_vina_far_affinity,trained_oof,1.0,chemistry,1.0,9,198,-0.005050505050505083,-1.0000000000000064,-0.03242139804639808,0.02116683552853764,0.06565656565656566,-0.23081683168316838,0.3957778565971847
assay_envelope,plus__boltzina_vina_far_affinity,trained_oof,1.0,chemistry,1.0,10,198,0.0,0.0,0.0,0.0,0.06565656565656566,-0.23081683168316838,0.3957778565971847
assay_envelope,calibrated__boltzina_vina_far_binary,trained_oof,0.125,chemistry,0.125,1,198,0.04545454545454547,9.000000000000004,-0.013892133956386297,0.10659898477157359,0.13131313131313133,-0.23267654146367084,0.4803789989551718
assay_envelope,calibrated__boltzina_vina_far_binary,trained_oof,0.125,chemistry,0.125,2,198,-0.06060606060606061,-12.0,-0.14285714285714285,0.025383947995441834,0.13131313131313133,-0.23267654146367084,0.4803789989551718
assay_envelope,calibrated__boltzina_vina_far_binary,trained_oof,0.125,chemistry,0.125,3,198,-0.045454545454545414,-8.999999999999993,-0.11443174751243784,0.027038164538164534,0.13131313131313133,-0.23267654146367084,0.4803789989551718
assay_envelope,calibrated__boltzina_vina_far_binary,trained_oof,0.125,chemistry,0.125,4,198,-0.06060606060606055,-11.99999999999999,-0.12886597938144329,0.00512820512820511,0.13131313131313133,-0.23267654146367084,0.4803789989551718
assay_envelope,calibrated__boltzina_vina_far_binary,trained_oof,0.125,chemistry,0.125,5,198,0.0,0.0,-0.06771465412621352,0.06186368249559314,0.13131313131313133,-0.23267654146367084,0.4803789989551718
assay_envelope,calibrated__boltzina_vina_far_binary,trained_oof,0.125,chemistry,0.125,6,198,0.025252525252525304,5.000000000000011,-0.03941867019581889,0.08854487376847285,0.13131313131313133,-0.23267654146367084,0.4803789989551718
assay_envelope,calibrated__boltzina_vina_far_binary,trained_oof,0.125,chemistry,0.125,7,198,-0.015151515151515249,-3.0000000000000195,-0.06742304541198496,0.035916230366492136,0.13131313131313133,-0.23267654146367084,0.4803789989551718
assay_envelope,calibrated__boltzina_vina_far_binary,trained_oof,0.125,chemistry,0.125,8,198,-0.02020202020202022,-4.0000000000000036,-0.06522012235088481,0.02370522694130501,0.13131313131313133,-0.23267654146367084,0.4803789989551718
assay_envelope,calibrated__boltzina_vina_far_binary,trained_oof,0.125,chemistry,0.125,9,198,0.0,0.0,-0.030456852791878153,0.03302212550818297,0.13131313131313133,-0.23267654146367084,0.4803789989551718
assay_envelope,calibrated__boltzina_vina_far_binary,trained_oof,0.125,chemistry,0.125,10,198,0.0,0.0,0.0,0.0,0.13131313131313133,-0.23267654146367084,0.4803789989551718
assay_envelope,calibrated__boltzina_vina_far_binary,trained_oof,0.25,chemistry,0.25,1,198,0.055555555555555525,10.999999999999995,-0.015230368797265088,0.12835949629118498,0.015151515151515152,-0.36129106495598673,0.40096678146075476
assay_envelope,calibrated__boltzina_vina_far_binary,trained_oof,0.25,chemistry,0.25,2,198,-0.030303030303030276,-5.999999999999995,-0.11224626214122013,0.054946428571428535,0.015151515151515152,-0.36129106495598673,0.40096678146075476
assay_envelope,calibrated__boltzina_vina_far_binary,trained_oof,0.25,chemistry,0.25,3,198,-0.02020202020202011,-3.999999999999982,-0.1036429045011419,0.0645282258064516,0.015151515151515152,-0.36129106495598673,0.40096678146075476
assay_envelope,calibrated__boltzina_vina_far_binary,trained_oof,0.25,chemistry,0.25,4,198,-0.02020202020202022,-4.0000000000000036,-0.0957446808510638,0.05189852316506962,0.015151515151515152,-0.36129106495598673,0.40096678146075476
assay_envelope,calibrated__boltzina_vina_far_binary,trained_oof,0.25,chemistry,0.25,5,198,-0.015151515151515249,-3.0000000000000195,-0.07978723404255317,0.046391752577319645,0.015151515151515152,-0.36129106495598673,0.40096678146075476
assay_envelope,calibrated__boltzina_vina_far_binary,trained_oof,0.25,chemistry,0.25,6,198,0.0,0.0,-0.05851128697457193,0.061618709095012346,0.015151515151515152,-0.36129106495598673,0.40096678146075476
assay_envelope,calibrated__boltzina_vina_far_binary,trained_oof,0.25,chemistry,0.25,7,198,-0.02020202020202022,-4.0000000000000036,-0.07538435420344967,0.03432221898660449,0.015151515151515152,-0.36129106495598673,0.40096678146075476
assay_envelope,calibrated__boltzina_vina_far_binary,trained_oof,0.25,chemistry,0.25,8,198,0.005050505050505083,1.0000000000000064,-0.03903192655522053,0.0505050505050505,0.015151515151515152,-0.36129106495598673,0.40096678146075476
assay_envelope,calibrated__boltzina_vina_far_binary,trained_oof,0.25,chemistry,0.25,9,198,0.030303030303030387,6.000000000000017,0.004950495049504955,0.05940594059405935,0.015151515151515152,-0.36129106495598673,0.40096678146075476
assay_envelope,calibrated__boltzina_vina_far_binary,trained_oof,0.25,chemistry,0.25,10,198,0.0,0.0,0.0,0.0,0.015151515151515152,-0.36129106495598673,0.40096678146075476
assay_envelope,calibrated__boltzina_vina_far_binary,trained_oof,0.5,chemistry,0.5,1,198,-0.08080808080808077,-15.999999999999993,-0.16668781725888326,0.009663008301674388,0.2777777777777778,-0.11583591331269427,0.66504912435546
assay_envelope,calibrated__boltzina_vina_far_binary,trained_oof,0.5,chemistry,0.5,2,198,-0.11111111111111105,-21.99999999999999,-0.1919289044289045,-0.029112343966712962,0.2777777777777778,-0.11583591331269427,0.66504912435546
assay_envelope,calibrated__boltzina_vina_far_binary,trained_oof,0.5,chemistry,0.5,3,198,-0.07575757575757569,-14.999999999999986,-0.14925950146176334,0.0,0.2777777777777778,-0.11583591331269427,0.66504912435546
assay_envelope,calibrated__boltzina_vina_far_binary,trained_oof,0.5,chemistry,0.5,4,198,-0.07070707070707072,-14.000000000000002,-0.15025906735751293,0.00990099009900991,0.2777777777777778,-0.11583591331269427,0.66504912435546
assay_envelope,calibrated__boltzina_vina_far_binary,trained_oof,0.5,chemistry,0.5,5,198,-0.005050505050505083,-1.0000000000000064,-0.06989516129032262,0.062200956937799035,0.2777777777777778,-0.11583591331269427,0.66504912435546
assay_envelope,calibrated__boltzina_vina_far_binary,trained_oof,0.5,chemistry,0.5,6,198,0.0,0.0,-0.05555555555555558,0.05883077368878584,0.2777777777777778,-0.11583591331269427,0.66504912435546
assay_envelope,calibrated__boltzina_vina_far_binary,trained_oof,0.5,chemistry,0.5,7,198,0.030303030303030276,5.999999999999995,-0.010641157629832951,0.07653061224489799,0.2777777777777778,-0.11583591331269427,0.66504912435546
assay_envelope,calibrated__boltzina_vina_far_binary,trained_oof,0.5,chemistry,0.5,8,198,0.030303030303030276,5.999999999999995,-0.004902564474065471,0.06763473731884065,0.2777777777777778,-0.11583591331269427,0.66504912435546
assay_envelope,calibrated__boltzina_vina_far_binary,trained_oof,0.5,chemistry,0.5,9,198,0.005050505050504972,0.9999999999999845,-0.010582010582010581,0.02475555391360032,0.2777777777777778,-0.11583591331269427,0.66504912435546
assay_envelope,calibrated__boltzina_vina_far_binary,trained_oof,0.5,chemistry,0.5,10,198,0.0,0.0,0.0,0.0,0.2777777777777778,-0.11583591331269427,0.66504912435546
assay_envelope,calibrated__boltzina_vina_far_binary,trained_oof,1.0,chemistry,1.0,1,198,-0.09090909090909094,-18.000000000000007,-0.16589513433205402,-0.015302257266543018,0.51010101010101,0.19367232534771817,0.8308108108108103
assay_envelope,calibrated__boltzina_vina_far_binary,trained_oof,1.0,chemistry,1.0,2,198,-0.1464646464646464,-28.99999999999999,-0.22916666666666663,-0.06770644625603864,0.51010101010101,0.19367232534771817,0.8308108108108103
assay_envelope,calibrated__boltzina_vina_far_binary,trained_oof,1.0,chemistry,1.0,3,198,-0.12121212121212122,-24.0,-0.19598236279436393,-0.050492424242424304,0.51010101010101,0.19367232534771817,0.8308108108108103
assay_envelope,calibrated__boltzina_vina_far_binary,trained_oof,1.0,chemistry,1.0,4,198,-0.11616161616161613,-22.999999999999993,-0.18270420792079198,-0.050761421319796995,0.51010101010101,0.19367232534771817,0.8308108108108103
assay_envelope,calibrated__boltzina_vina_far_binary,trained_oof,1.0,chemistry,1.0,5,198,-0.04040404040404033,-7.999999999999986,-0.09999999999999998,0.020512820512820443,0.51010101010101,0.19367232534771817,0.8308108108108103
assay_envelope,calibrated__boltzina_vina_far_binary,trained_oof,1.0,chemistry,1.0,6,198,0.0,0.0,-0.04807820855614978,0.052638540796435436,0.51010101010101,0.19367232534771817,0.8308108108108103
assay_envelope,calibrated__boltzina_vina_far_binary,trained_oof,1.0,chemistry,1.0,7,198,0.0,0.0,-0.04500565326633159,0.045454545454545525,0.51010101010101,0.19367232534771817,0.8308108108108103
assay_envelope,calibrated__boltzina_vina_far_binary,trained_oof,1.0,chemistry,1.0,8,198,0.005050505050504972,0.9999999999999845,-0.03398058252427183,0.04278074866310155,0.51010101010101,0.19367232534771817,0.8308108108108103
assay_envelope,calibrated__boltzina_vina_far_binary,trained_oof,1.0,chemistry,1.0,9,198,0.0,0.0,-0.025252525252525193,0.025906735751295318,0.51010101010101,0.19367232534771817,0.8308108108108103
assay_envelope,calibrated__boltzina_vina_far_binary,trained_oof,1.0,chemistry,1.0,10,198,0.0,0.0,0.0,0.0,0.51010101010101,0.19367232534771817,0.8308108108108103
assay_envelope,availability__boltzina_vina_far_binary,trained_oof,0.125,chemistry,0.125,1,198,0.0,0.0,0.0,0.0,-0.005050505050505051,-0.016306575196008512,0.0
assay_envelope,availability__boltzina_vina_far_binary,trained_oof,0.125,chemistry,0.125,2,198,0.0,0.0,0.0,0.0,-0.005050505050505051,-0.016306575196008512,0.0
assay_envelope,availability__boltzina_vina_far_binary,trained_oof,0.125,chemistry,0.125,3,198,0.0,0.0,0.0,0.0,-0.005050505050505051,-0.016306575196008512,0.0
assay_envelope,availability__boltzina_vina_far_binary,trained_oof,0.125,chemistry,0.125,4,198,0.0,0.0,0.0,0.0,-0.005050505050505051,-0.016306575196008512,0.0
assay_envelope,availability__boltzina_vina_far_binary,trained_oof,0.125,chemistry,0.125,5,198,0.0,0.0,0.0,0.0,-0.005050505050505051,-0.016306575196008512,0.0
assay_envelope,availability__boltzina_vina_far_binary,trained_oof,0.125,chemistry,0.125,6,198,0.0,0.0,0.0,0.0,-0.005050505050505051,-0.016306575196008512,0.0
assay_envelope,availability__boltzina_vina_far_binary,trained_oof,0.125,chemistry,0.125,7,198,0.005050505050504972,0.9999999999999845,0.0,0.016306575196008612,-0.005050505050505051,-0.016306575196008512,0.0
assay_envelope,availability__boltzina_vina_far_binary,trained_oof,0.125,chemistry,0.125,8,198,0.0,0.0,0.0,0.0,-0.005050505050505051,-0.016306575196008512,0.0
assay_envelope,availability__boltzina_vina_far_binary,trained_oof,0.125,chemistry,0.125,9,198,0.0,0.0,0.0,0.0,-0.005050505050505051,-0.016306575196008512,0.0
assay_envelope,availability__boltzina_vina_far_binary,trained_oof,0.125,chemistry,0.125,10,198,0.0,0.0,0.0,0.0,-0.005050505050505051,-0.016306575196008512,0.0
assay_envelope,availability__boltzina_vina_far_binary,trained_oof,0.25,chemistry,0.25,1,198,0.005050505050505055,1.0000000000000009,0.0,0.01578947368421052,-0.005050505050505051,-0.03398472649775062,0.02525896722325359
assay_envelope,availability__boltzina_vina_far_binary,trained_oof,0.25,chemistry,0.25,2,198,0.015151515151515138,2.9999999999999973,0.0,0.034999999999999976,-0.005050505050505051,-0.03398472649775062,0.02525896722325359
assay_envelope,availability__boltzina_vina_far_binary,trained_oof,0.25,chemistry,0.25,3,198,0.0,0.0,0.0,0.0,-0.005050505050505051,-0.03398472649775062,0.02525896722325359
assay_envelope,availability__boltzina_vina_far_binary,trained_oof,0.25,chemistry,0.25,4,198,-0.010101010101010055,-1.999999999999991,-0.025128800568499057,0.0,-0.005050505050505051,-0.03398472649775062,0.02525896722325359
assay_envelope,availability__boltzina_vina_far_binary,trained_oof,0.25,chemistry,0.25,5,198,-0.005050505050505083,-1.0000000000000064,-0.015789473684210468,0.0,-0.005050505050505051,-0.03398472649775062,0.02525896722325359
assay_envelope,availability__boltzina_vina_far_binary,trained_oof,0.25,chemistry,0.25,6,198,0.0,0.0,0.0,0.0,-0.005050505050505051,-0.03398472649775062,0.02525896722325359
assay_envelope,availability__boltzina_vina_far_binary,trained_oof,0.25,chemistry,0.25,7,198,0.0,0.0,0.0,0.0,-0.005050505050505051,-0.03398472649775062,0.02525896722325359
assay_envelope,availability__boltzina_vina_far_binary,trained_oof,0.25,chemistry,0.25,8,198,0.0,0.0,0.0,0.0,-0.005050505050505051,-0.03398472649775062,0.02525896722325359
assay_envelope,availability__boltzina_vina_far_binary,trained_oof,0.25,chemistry,0.25,9,198,0.0,0.0,0.0,0.0,-0.005050505050505051,-0.03398472649775062,0.02525896722325359
assay_envelope,availability__boltzina_vina_far_binary,trained_oof,0.25,chemistry,0.25,10,198,0.0,0.0,0.0,0.0,-0.005050505050505051,-0.03398472649775062,0.02525896722325359
assay_envelope,availability__boltzina_vina_far_binary,trained_oof,0.5,chemistry,0.5,1,198,-0.0050505050505050275,-0.9999999999999954,-0.015957446808510634,0.0,0.0,-0.014637750811005667,0.015077280341099175
assay_envelope,availability__boltzina_vina_far_binary,trained_oof,0.5,chemistry,0.5,2,198,0.0,0.0,0.0,0.0,0.0,-0.014637750811005667,0.015077280341099175
assay_envelope,availability__boltzina_vina_far_binary,trained_oof,0.5,chemistry,0.5,3,198,0.0,0.0,0.0,0.0,0.0,-0.014637750811005667,0.015077280341099175
assay_envelope,availability__boltzina_vina_far_binary,trained_oof,0.5,chemistry,0.5,4,198,0.0,0.0,0.0,0.0,0.0,-0.014637750811005667,0.015077280341099175
assay_envelope,availability__boltzina_vina_far_binary,trained_oof,0.5,chemistry,0.5,5,198,0.005050505050505083,1.0000000000000064,0.0,0.01570887296775977,0.0,-0.014637750811005667,0.015077280341099175
assay_envelope,availability__boltzina_vina_far_binary,trained_oof,0.5,chemistry,0.5,6,198,0.0,0.0,0.0,0.0,0.0,-0.014637750811005667,0.015077280341099175
assay_envelope,availability__boltzina_vina_far_binary,trained_oof,0.5,chemistry,0.5,7,198,0.0,0.0,0.0,0.0,0.0,-0.014637750811005667,0.015077280341099175
assay_envelope,availability__boltzina_vina_far_binary,trained_oof,0.5,chemistry,0.5,8,198,0.0,0.0,0.0,0.0,0.0,-0.014637750811005667,0.015077280341099175
assay_envelope,availability__boltzina_vina_far_binary,trained_oof,0.5,chemistry,0.5,9,198,0.0,0.0,0.0,0.0,0.0,-0.014637750811005667,0.015077280341099175
assay_envelope,availability__boltzina_vina_far_binary,trained_oof,0.5,chemistry,0.5,10,198,0.0,0.0,0.0,0.0,0.0,-0.014637750811005667,0.015077280341099175
assay_envelope,availability__boltzina_vina_far_binary,trained_oof,1.0,chemistry,1.0,1,198,0.0050505050505050275,0.9999999999999954,0.0,0.01523036879726508,-0.015151515151515152,-0.0327166991886624,0.0
assay_envelope,availability__boltzina_vina_far_binary,trained_oof,1.0,chemistry,1.0,2,198,0.005050505050505083,1.0000000000000064,0.0,0.015706806282722478,-0.015151515151515152,-0.0327166991886624,0.0
assay_envelope,availability__boltzina_vina_far_binary,trained_oof,1.0,chemistry,1.0,3,198,0.0,0.0,0.0,0.0,-0.015151515151515152,-0.0327166991886624,0.0
assay_envelope,availability__boltzina_vina_far_binary,trained_oof,1.0,chemistry,1.0,4,198,0.0,0.0,0.0,0.0,-0.015151515151515152,-0.0327166991886624,0.0
assay_envelope,availability__boltzina_vina_far_binary,trained_oof,1.0,chemistry,1.0,5,198,0.0,0.0,0.0,0.0,-0.015151515151515152,-0.0327166991886624,0.0
assay_envelope,availability__boltzina_vina_far_binary,trained_oof,1.0,chemistry,1.0,6,198,0.0,0.0,0.0,0.0,-0.015151515151515152,-0.0327166991886624,0.0
assay_envelope,availability__boltzina_vina_far_binary,trained_oof,1.0,chemistry,1.0,7,198,0.0,0.0,0.0,0.0,-0.015151515151515152,-0.0327166991886624,0.0
assay_envelope,availability__boltzina_vina_far_binary,trained_oof,1.0,chemistry,1.0,8,198,0.0,0.0,0.0,0.0,-0.015151515151515152,-0.0327166991886624,0.0
assay_envelope,availability__boltzina_vina_far_binary,trained_oof,1.0,chemistry,1.0,9,198,0.005050505050505083,1.0000000000000064,0.0,0.016044937036398078,-0.015151515151515152,-0.0327166991886624,0.0
assay_envelope,availability__boltzina_vina_far_binary,trained_oof,1.0,chemistry,1.0,10,198,0.0,0.0,0.0,0.0,-0.015151515151515152,-0.0327166991886624,0.0
assay_envelope,plus__boltzina_vina_far_binary,trained_oof,0.125,chemistry,0.125,1,198,0.07070707070707072,14.000000000000002,0.005208333333333315,0.13398021852460182,-0.04040404040404041,-0.3550345744680873,0.27669143307441096
assay_envelope,plus__boltzina_vina_far_binary,trained_oof,0.125,chemistry,0.125,2,198,-0.02525252525252525,-4.999999999999999,-0.0942459278650378,0.045237609366630016,-0.04040404040404041,-0.3550345744680873,0.27669143307441096
assay_envelope,plus__boltzina_vina_far_binary,trained_oof,0.125,chemistry,0.125,3,198,0.010101010101010166,2.000000000000013,-0.049451909476662,0.06845783814374626,-0.04040404040404041,-0.3550345744680873,0.27669143307441096
assay_envelope,plus__boltzina_vina_far_binary,trained_oof,0.125,chemistry,0.125,4,198,-0.02020202020202022,-4.0000000000000036,-0.07843393902063449,0.03589743589743599,-0.04040404040404041,-0.3550345744680873,0.27669143307441096
assay_envelope,plus__boltzina_vina_far_binary,trained_oof,0.125,chemistry,0.125,5,198,-0.010101010101010055,-1.999999999999991,-0.06914893617021278,0.04591836734693877,-0.04040404040404041,-0.3550345744680873,0.27669143307441096
assay_envelope,plus__boltzina_vina_far_binary,trained_oof,0.125,chemistry,0.125,6,198,0.0,0.0,-0.05970352044127196,0.05699481865284972,-0.04040404040404041,-0.3550345744680873,0.27669143307441096
assay_envelope,plus__boltzina_vina_far_binary,trained_oof,0.125,chemistry,0.125,7,198,0.0,0.0,-0.042110832637148446,0.04499999999999993,-0.04040404040404041,-0.3550345744680873,0.27669143307441096
assay_envelope,plus__boltzina_vina_far_binary,trained_oof,0.125,chemistry,0.125,8,198,0.005050505050505083,1.0000000000000064,-0.032866429345302615,0.04455445544554448,-0.04040404040404041,-0.3550345744680873,0.27669143307441096
assay_envelope,plus__boltzina_vina_far_binary,trained_oof,0.125,chemistry,0.125,9,198,0.010101010101010166,2.000000000000013,-0.015710961522479916,0.03960888626176051,-0.04040404040404041,-0.3550345744680873,0.27669143307441096
assay_envelope,plus__boltzina_vina_far_binary,trained_oof,0.125,chemistry,0.125,10,198,0.0,0.0,0.0,0.0,-0.04040404040404041,-0.3550345744680873,0.27669143307441096
assay_envelope,plus__boltzina_vina_far_binary,trained_oof,0.25,chemistry,0.25,1,198,0.08585858585858586,17.0,0.016389011962782474,0.15738679197869013,-0.20202020202020202,-0.5024550849047745,0.10501319095477248
assay_envelope,plus__boltzina_vina_far_binary,trained_oof,0.25,chemistry,0.25,2,198,0.08080808080808077,15.999999999999993,0.01578740699917332,0.15054303776949257,-0.20202020202020202,-0.5024550849047745,0.10501319095477248
assay_envelope,plus__boltzina_vina_far_binary,trained_oof,0.25,chemistry,0.25,3,198,0.045454545454545525,9.000000000000014,-0.02618845382644544,0.11651279375737231,-0.20202020202020202,-0.5024550849047745,0.10501319095477248
assay_envelope,plus__boltzina_vina_far_binary,trained_oof,0.25,chemistry,0.25,4,198,0.015151515151515138,2.9999999999999973,-0.04664433171472745,0.07407865786578655,-0.20202020202020202,-0.5024550849047745,0.10501319095477248
assay_envelope,plus__boltzina_vina_far_binary,trained_oof,0.25,chemistry,0.25,5,198,-0.015151515151515249,-3.0000000000000195,-0.06667464114832534,0.03415052606408407,-0.20202020202020202,-0.5024550849047745,0.10501319095477248
assay_envelope,plus__boltzina_vina_far_binary,trained_oof,0.25,chemistry,0.25,6,198,-0.02020202020202022,-4.0000000000000036,-0.07253886010362687,0.030616169544740984,-0.20202020202020202,-0.5024550849047745,0.10501319095477248
assay_envelope,plus__boltzina_vina_far_binary,trained_oof,0.25,chemistry,0.25,7,198,-0.025252525252525193,-4.9999999999999885,-0.0680628272251309,0.015546065414507815,-0.20202020202020202,-0.5024550849047745,0.10501319095477248
assay_envelope,plus__boltzina_vina_far_binary,trained_oof,0.25,chemistry,0.25,8,198,0.010101010101010166,2.000000000000013,-0.023815247252747276,0.044334975369458185,-0.20202020202020202,-0.5024550849047745,0.10501319095477248
assay_envelope,plus__boltzina_vina_far_binary,trained_oof,0.25,chemistry,0.25,9,198,0.025252525252525304,5.000000000000011,0.0050000000000000044,0.048913043478260865,-0.20202020202020202,-0.5024550849047745,0.10501319095477248
assay_envelope,plus__boltzina_vina_far_binary,trained_oof,0.25,chemistry,0.25,10,198,0.0,0.0,0.0,0.0,-0.20202020202020202,-0.5024550849047745,0.10501319095477248
assay_envelope,plus__boltzina_vina_far_binary,trained_oof,0.5,chemistry,0.5,1,198,0.03030303030303033,6.000000000000005,-0.05182145225057095,0.11168937117994399,-0.13636363636363635,-0.4789634801288945,0.19308951303293648
assay_envelope,plus__boltzina_vina_far_binary,trained_oof,0.5,chemistry,0.5,2,198,0.015151515151515138,2.9999999999999973,-0.05500621546961331,0.08001005025125618,-0.13636363636363635,-0.4789634801288945,0.19308951303293648
assay_envelope,plus__boltzina_vina_far_binary,trained_oof,0.5,chemistry,0.5,3,198,0.010101010101010166,2.000000000000013,-0.05584468558997198,0.0784410315850477,-0.13636363636363635,-0.4789634801288945,0.19308951303293648
assay_envelope,plus__boltzina_vina_far_binary,trained_oof,0.5,chemistry,0.5,4,198,-0.005050505050504972,-0.9999999999999845,-0.0714285714285714,0.06341656987998456,-0.13636363636363635,-0.4789634801288945,0.19308951303293648
assay_envelope,plus__boltzina_vina_far_binary,trained_oof,0.5,chemistry,0.5,5,198,0.015151515151515138,2.9999999999999973,-0.04168133802816908,0.07291666666666663,-0.13636363636363635,-0.4789634801288945,0.19308951303293648
assay_envelope,plus__boltzina_vina_far_binary,trained_oof,0.5,chemistry,0.5,6,198,0.005050505050505083,1.0000000000000064,-0.043913252433016976,0.05883077368878584,-0.13636363636363635,-0.4789634801288945,0.19308951303293648
assay_envelope,plus__boltzina_vina_far_binary,trained_oof,0.5,chemistry,0.5,7,198,0.025252525252525304,5.000000000000011,-0.016058377896613144,0.07222826086956514,-0.13636363636363635,-0.4789634801288945,0.19308951303293648
assay_envelope,plus__boltzina_vina_far_binary,trained_oof,0.5,chemistry,0.5,8,198,0.03535353535353536,7.000000000000001,0.004431818181818163,0.07317392414761838,-0.13636363636363635,-0.4789634801288945,0.19308951303293648
assay_envelope,plus__boltzina_vina_far_binary,trained_oof,0.5,chemistry,0.5,9,198,0.005050505050504972,0.9999999999999845,-0.010582010582010581,0.02475555391360032,-0.13636363636363635,-0.4789634801288945,0.19308951303293648
assay_envelope,plus__boltzina_vina_far_binary,trained_oof,0.5,chemistry,0.5,10,198,0.0,0.0,0.0,0.0,-0.13636363636363635,-0.4789634801288945,0.19308951303293648
assay_envelope,plus__boltzina_vina_far_binary,trained_oof,1.0,chemistry,1.0,1,198,0.02525252525252525,4.999999999999999,-0.031758832565284174,0.08572453861927538,-0.010101010101010102,-0.22929574766951874,0.22681034912097223
assay_envelope,plus__boltzina_vina_far_binary,trained_oof,1.0,chemistry,1.0,2,198,0.025252525252525304,5.000000000000011,-0.03316585261696951,0.08500265957446815,-0.010101010101010102,-0.22929574766951874,0.22681034912097223
assay_envelope,plus__boltzina_vina_far_binary,trained_oof,1.0,chemistry,1.0,3,198,-0.030303030303030387,-6.000000000000017,-0.07980260344274562,0.020408163265306145,-0.010101010101010102,-0.22929574766951874,0.22681034912097223
assay_envelope,plus__boltzina_vina_far_binary,trained_oof,1.0,chemistry,1.0,4,198,-0.025252525252525193,-4.9999999999999885,-0.07500293427230054,0.024761804069854083,-0.010101010101010102,-0.22929574766951874,0.22681034912097223
assay_envelope,plus__boltzina_vina_far_binary,trained_oof,1.0,chemistry,1.0,5,198,-0.015151515151515138,-2.9999999999999973,-0.06061024610748374,0.02830862533692718,-0.010101010101010102,-0.22929574766951874,0.22681034912097223
assay_envelope,plus__boltzina_vina_far_binary,trained_oof,1.0,chemistry,1.0,6,198,0.010101010101010055,1.999999999999991,-0.030007575757575785,0.051813471502590636,-0.010101010101010102,-0.22929574766951874,0.22681034912097223
assay_envelope,plus__boltzina_vina_far_binary,trained_oof,1.0,chemistry,1.0,7,198,0.005050505050505083,1.0000000000000064,-0.028708133971291794,0.03922051579252385,-0.010101010101010102,-0.22929574766951874,0.22681034912097223
assay_envelope,plus__boltzina_vina_far_binary,trained_oof,1.0,chemistry,1.0,8,198,0.010101010101010055,1.999999999999991,-0.024630541871921263,0.04615384615384621,-0.010101010101010102,-0.22929574766951874,0.22681034912097223
assay_envelope,plus__boltzina_vina_far_binary,trained_oof,1.0,chemistry,1.0,9,198,0.005050505050505083,1.0000000000000064,-0.01570887296775978,0.02941176470588236,-0.010101010101010102,-0.22929574766951874,0.22681034912097223
assay_envelope,plus__boltzina_vina_far_binary,trained_oof,1.0,chemistry,1.0,10,198,0.0,0.0,0.0,0.0,-0.010101010101010102,-0.22929574766951874,0.22681034912097223
assay_envelope,calibrated__boltzina_vina_zero_affinity,trained_oof,0.125,chemistry,0.125,1,198,0.04040404040404039,7.9999999999999964,-0.046875,0.12560512937248652,0.04040404040404041,-0.3500196335078531,0.40890847809177994
assay_envelope,calibrated__boltzina_vina_zero_affinity,trained_oof,0.125,chemistry,0.125,2,198,-0.030303030303030276,-5.999999999999995,-0.11219512195121945,0.05264557670772674,0.04040404040404041,-0.3500196335078531,0.40890847809177994
assay_envelope,calibrated__boltzina_vina_zero_affinity,trained_oof,0.125,chemistry,0.125,3,198,-0.07070707070707072,-14.000000000000002,-0.1442798892137252,0.0,0.04040404040404041,-0.3500196335078531,0.40890847809177994
assay_envelope,calibrated__boltzina_vina_zero_affinity,trained_oof,0.125,chemistry,0.125,4,198,-0.030303030303030276,-5.999999999999995,-0.09268544128740254,0.03590206185567006,0.04040404040404041,-0.3500196335078531,0.40890847809177994
assay_envelope,calibrated__boltzina_vina_zero_affinity,trained_oof,0.125,chemistry,0.125,5,198,0.03535353535353536,7.000000000000001,-0.03030303030303028,0.10271245472276401,0.04040404040404041,-0.3500196335078531,0.40890847809177994
assay_envelope,calibrated__boltzina_vina_zero_affinity,trained_oof,0.125,chemistry,0.125,6,198,0.03535353535353536,7.000000000000001,-0.025380710659898446,0.09756097560975607,0.04040404040404041,-0.3500196335078531,0.40890847809177994
assay_envelope,calibrated__boltzina_vina_zero_affinity,trained_oof,0.125,chemistry,0.125,7,198,-0.010101010101010166,-2.000000000000013,-0.0650164141414142,0.04434600397029619,0.04040404040404041,-0.3500196335078531,0.40890847809177994
assay_envelope,calibrated__boltzina_vina_zero_affinity,trained_oof,0.125,chemistry,0.125,8,198,-0.005050505050504972,-0.9999999999999845,-0.045924254317111564,0.03773839877613461,0.04040404040404041,-0.3500196335078531,0.40890847809177994
assay_envelope,calibrated__boltzina_vina_zero_affinity,trained_oof,0.125,chemistry,0.125,9,198,-0.005050505050504972,-0.9999999999999845,-0.03349684854619071,0.025380710659898446,0.04040404040404041,-0.3500196335078531,0.40890847809177994
assay_envelope,calibrated__boltzina_vina_zero_affinity,trained_oof,0.125,chemistry,0.125,10,198,0.0,0.0,0.0,0.0,0.04040404040404041,-0.3500196335078531,0.40890847809177994
assay_envelope,calibrated__boltzina_vina_zero_affinity,trained_oof,0.25,chemistry,0.25,1,198,0.015151515151515138,2.9999999999999973,-0.07246564541563416,0.1041723901098901,-0.05555555555555555,-0.4902060852152622,0.3939867424242427
assay_envelope,calibrated__boltzina_vina_zero_affinity,trained_oof,0.25,chemistry,0.25,2,198,0.015151515151515138,2.9999999999999973,-0.08083114801864803,0.10892035924903964,-0.05555555555555555,-0.4902060852152622,0.3939867424242427
assay_envelope,calibrated__boltzina_vina_zero_affinity,trained_oof,0.25,chemistry,0.25,3,198,-0.04040404040404033,-7.999999999999986,-0.1333333333333333,0.04569110639179518,-0.05555555555555555,-0.4902060852152622,0.3939867424242427
assay_envelope,calibrated__boltzina_vina_zero_affinity,trained_oof,0.25,chemistry,0.25,4,198,0.015151515151515138,2.9999999999999973,-0.06436042797828176,0.09191418222346051,-0.05555555555555555,-0.4902060852152622,0.3939867424242427
assay_envelope,calibrated__boltzina_vina_zero_affinity,trained_oof,0.25,chemistry,0.25,5,198,0.030303030303030276,5.999999999999995,-0.04061431679270683,0.10245957051961811,-0.05555555555555555,-0.4902060852152622,0.3939867424242427
assay_envelope,calibrated__boltzina_vina_zero_affinity,trained_oof,0.25,chemistry,0.25,6,198,0.005050505050504972,0.9999999999999845,-0.05913978494623651,0.06770833333333326,-0.05555555555555555,-0.4902060852152622,0.3939867424242427
assay_envelope,calibrated__boltzina_vina_zero_affinity,trained_oof,0.25,chemistry,0.25,7,198,0.015151515151515138,2.9999999999999973,-0.05051145977541916,0.07732834551095988,-0.05555555555555555,-0.4902060852152622,0.3939867424242427
assay_envelope,calibrated__boltzina_vina_zero_affinity,trained_oof,0.25,chemistry,0.25,8,198,0.005050505050505083,1.0000000000000064,-0.04369464835425051,0.05000628140703518,-0.05555555555555555,-0.4902060852152622,0.3939867424242427
assay_envelope,calibrated__boltzina_vina_zero_affinity,trained_oof,0.25,chemistry,0.25,9,198,-0.005050505050504972,-0.9999999999999845,-0.047624743677375306,0.030935889175257688,-0.05555555555555555,-0.4902060852152622,0.3939867424242427
assay_envelope,calibrated__boltzina_vina_zero_affinity,trained_oof,0.25,chemistry,0.25,10,198,0.0,0.0,0.0,0.0,-0.05555555555555555,-0.4902060852152622,0.3939867424242427
assay_envelope,calibrated__boltzina_vina_zero_affinity,trained_oof,0.5,chemistry,0.5,1,198,-0.035353535353535304,-6.99999999999999,-0.14285714285714285,0.06764105811172082,0.25757575757575757,-0.1755170185264978,0.7361812397372743
assay_envelope,calibrated__boltzina_vina_zero_affinity,trained_oof,0.5,chemistry,0.5,2,198,-0.101010101010101,-19.999999999999996,-0.18500462962962963,-0.020093039454699257,0.25757575757575757,-0.1755170185264978,0.7361812397372743
assay_envelope,calibrated__boltzina_vina_zero_affinity,trained_oof,0.5,chemistry,0.5,3,198,-0.08080808080808077,-15.999999999999993,-0.15921324229914263,0.0,0.25757575757575757,-0.1755170185264978,0.7361812397372743
assay_envelope,calibrated__boltzina_vina_zero_affinity,trained_oof,0.5,chemistry,0.5,4,198,-0.03535353535353536,-7.000000000000001,-0.11468692660550457,0.04233367105707528,0.25757575757575757,-0.1755170185264978,0.7361812397372743
assay_envelope,calibrated__boltzina_vina_zero_affinity,trained_oof,0.5,chemistry,0.5,5,198,0.015151515151515138,2.9999999999999973,-0.06250754830917875,0.09424800083352865,0.25757575757575757,-0.1755170185264978,0.7361812397372743
assay_envelope,calibrated__boltzina_vina_zero_affinity,trained_oof,0.5,chemistry,0.5,6,198,-0.010101010101010055,-1.999999999999991,-0.08219742586180942,0.062184261658031044,0.25757575757575757,-0.1755170185264978,0.7361812397372743
assay_envelope,calibrated__boltzina_vina_zero_affinity,trained_oof,0.5,chemistry,0.5,7,198,0.0,0.0,-0.06161137440758291,0.05791013437849932,0.25757575757575757,-0.1755170185264978,0.7361812397372743
assay_envelope,calibrated__boltzina_vina_zero_affinity,trained_oof,0.5,chemistry,0.5,8,198,0.005050505050505083,1.0000000000000064,-0.04808272946859909,0.05291580400276049,0.25757575757575757,-0.1755170185264978,0.7361812397372743
assay_envelope,calibrated__boltzina_vina_zero_affinity,trained_oof,0.5,chemistry,0.5,9,198,-0.015151515151515249,-3.0000000000000195,-0.04546031379787721,0.0104194078947369,0.25757575757575757,-0.1755170185264978,0.7361812397372743
assay_envelope,calibrated__boltzina_vina_zero_affinity,trained_oof,0.5,chemistry,0.5,10,198,0.0,0.0,0.0,0.0,0.25757575757575757,-0.1755170185264978,0.7361812397372743
assay_envelope,calibrated__boltzina_vina_zero_affinity,trained_oof,1.0,chemistry,1.0,1,198,-0.06565656565656569,-13.000000000000007,-0.14851992891596855,0.020007614213197945,0.4898989898989899,0.07919107355761845,0.9081749197140772
assay_envelope,calibrated__boltzina_vina_zero_affinity,trained_oof,1.0,chemistry,1.0,2,198,-0.11111111111111105,-21.99999999999999,-0.2000251256281407,-0.02161299597469815,0.4898989898989899,0.07919107355761845,0.9081749197140772
assay_envelope,calibrated__boltzina_vina_zero_affinity,trained_oof,1.0,chemistry,1.0,3,198,-0.13636363636363635,-26.999999999999996,-0.21634987113402063,-0.05417659833677631,0.4898989898989899,0.07919107355761845,0.9081749197140772
assay_envelope,calibrated__boltzina_vina_zero_affinity,trained_oof,1.0,chemistry,1.0,4,198,-0.08585858585858586,-17.0,-0.1542739361702128,-0.014561347966793307,0.4898989898989899,0.07919107355761845,0.9081749197140772
assay_envelope,calibrated__boltzina_vina_zero_affinity,trained_oof,1.0,chemistry,1.0,5,198,-0.045454545454545414,-8.999999999999993,-0.11059382277239861,0.020945163957012958,0.4898989898989899,0.07919107355761845,0.9081749197140772
assay_envelope,calibrated__boltzina_vina_zero_affinity,trained_oof,1.0,chemistry,1.0,6,198,-0.030303030303030276,-5.999999999999995,-0.08824295343137246,0.030612244897959218,0.4898989898989899,0.07919107355761845,0.9081749197140772
assay_envelope,calibrated__boltzina_vina_zero_affinity,trained_oof,1.0,chemistry,1.0,7,198,-0.005050505050504972,-0.9999999999999845,-0.06500290697674424,0.04977008894919332,0.4898989898989899,0.07919107355761845,0.9081749197140772
assay_envelope,calibrated__boltzina_vina_zero_affinity,trained_oof,1.0,chemistry,1.0,8,198,-0.005050505050505083,-1.0000000000000064,-0.05499999999999994,0.040409167820335344,0.4898989898989899,0.07919107355761845,0.9081749197140772
assay_envelope,calibrated__boltzina_vina_zero_affinity,trained_oof,1.0,chemistry,1.0,9,198,-0.005050505050505083,-1.0000000000000064,-0.03209737594826516,0.02139324938186414,0.4898989898989899,0.07919107355761845,0.9081749197140772
assay_envelope,calibrated__boltzina_vina_zero_affinity,trained_oof,1.0,chemistry,1.0,10,198,0.0,0.0,0.0,0.0,0.4898989898989899,0.07919107355761845,0.9081749197140772
assay_envelope,availability__boltzina_vina_zero_affinity,trained_oof,0.125,chemistry,0.125,1,198,0.0,0.0,0.0,0.0,-0.005050505050505051,-0.016306575196008512,0.0
assay_envelope,availability__boltzina_vina_zero_affinity,trained_oof,0.125,chemistry,0.125,2,198,0.0,0.0,0.0,0.0,-0.005050505050505051,-0.016306575196008512,0.0
assay_envelope,availability__boltzina_vina_zero_affinity,trained_oof,0.125,chemistry,0.125,3,198,0.0,0.0,0.0,0.0,-0.005050505050505051,-0.016306575196008512,0.0
assay_envelope,availability__boltzina_vina_zero_affinity,trained_oof,0.125,chemistry,0.125,4,198,0.0,0.0,0.0,0.0,-0.005050505050505051,-0.016306575196008512,0.0
assay_envelope,availability__boltzina_vina_zero_affinity,trained_oof,0.125,chemistry,0.125,5,198,0.0,0.0,0.0,0.0,-0.005050505050505051,-0.016306575196008512,0.0
assay_envelope,availability__boltzina_vina_zero_affinity,trained_oof,0.125,chemistry,0.125,6,198,0.0,0.0,0.0,0.0,-0.005050505050505051,-0.016306575196008512,0.0
assay_envelope,availability__boltzina_vina_zero_affinity,trained_oof,0.125,chemistry,0.125,7,198,0.005050505050504972,0.9999999999999845,0.0,0.016306575196008612,-0.005050505050505051,-0.016306575196008512,0.0
assay_envelope,availability__boltzina_vina_zero_affinity,trained_oof,0.125,chemistry,0.125,8,198,0.0,0.0,0.0,0.0,-0.005050505050505051,-0.016306575196008512,0.0
assay_envelope,availability__boltzina_vina_zero_affinity,trained_oof,0.125,chemistry,0.125,9,198,0.0,0.0,0.0,0.0,-0.005050505050505051,-0.016306575196008512,0.0
assay_envelope,availability__boltzina_vina_zero_affinity,trained_oof,0.125,chemistry,0.125,10,198,0.0,0.0,0.0,0.0,-0.005050505050505051,-0.016306575196008512,0.0
assay_envelope,availability__boltzina_vina_zero_affinity,trained_oof,0.25,chemistry,0.25,1,198,0.005050505050505055,1.0000000000000009,0.0,0.01578947368421052,-0.005050505050505051,-0.03398472649775062,0.02525896722325359
assay_envelope,availability__boltzina_vina_zero_affinity,trained_oof,0.25,chemistry,0.25,2,198,0.015151515151515138,2.9999999999999973,0.0,0.034999999999999976,-0.005050505050505051,-0.03398472649775062,0.02525896722325359
assay_envelope,availability__boltzina_vina_zero_affinity,trained_oof,0.25,chemistry,0.25,3,198,0.0,0.0,0.0,0.0,-0.005050505050505051,-0.03398472649775062,0.02525896722325359
assay_envelope,availability__boltzina_vina_zero_affinity,trained_oof,0.25,chemistry,0.25,4,198,-0.010101010101010055,-1.999999999999991,-0.025128800568499057,0.0,-0.005050505050505051,-0.03398472649775062,0.02525896722325359
assay_envelope,availability__boltzina_vina_zero_affinity,trained_oof,0.25,chemistry,0.25,5,198,-0.005050505050505083,-1.0000000000000064,-0.015789473684210468,0.0,-0.005050505050505051,-0.03398472649775062,0.02525896722325359
assay_envelope,availability__boltzina_vina_zero_affinity,trained_oof,0.25,chemistry,0.25,6,198,0.0,0.0,0.0,0.0,-0.005050505050505051,-0.03398472649775062,0.02525896722325359
assay_envelope,availability__boltzina_vina_zero_affinity,trained_oof,0.25,chemistry,0.25,7,198,0.0,0.0,0.0,0.0,-0.005050505050505051,-0.03398472649775062,0.02525896722325359
assay_envelope,availability__boltzina_vina_zero_affinity,trained_oof,0.25,chemistry,0.25,8,198,0.0,0.0,0.0,0.0,-0.005050505050505051,-0.03398472649775062,0.02525896722325359
assay_envelope,availability__boltzina_vina_zero_affinity,trained_oof,0.25,chemistry,0.25,9,198,0.0,0.0,0.0,0.0,-0.005050505050505051,-0.03398472649775062,0.02525896722325359
assay_envelope,availability__boltzina_vina_zero_affinity,trained_oof,0.25,chemistry,0.25,10,198,0.0,0.0,0.0,0.0,-0.005050505050505051,-0.03398472649775062,0.02525896722325359
assay_envelope,availability__boltzina_vina_zero_affinity,trained_oof,0.5,chemistry,0.5,1,198,-0.0050505050505050275,-0.9999999999999954,-0.015957446808510634,0.0,0.0,-0.014637750811005667,0.015077280341099175
assay_envelope,availability__boltzina_vina_zero_affinity,trained_oof,0.5,chemistry,0.5,2,198,0.0,0.0,0.0,0.0,0.0,-0.014637750811005667,0.015077280341099175
assay_envelope,availability__boltzina_vina_zero_affinity,trained_oof,0.5,chemistry,0.5,3,198,0.0,0.0,0.0,0.0,0.0,-0.014637750811005667,0.015077280341099175
assay_envelope,availability__boltzina_vina_zero_affinity,trained_oof,0.5,chemistry,0.5,4,198,0.0,0.0,0.0,0.0,0.0,-0.014637750811005667,0.015077280341099175
assay_envelope,availability__boltzina_vina_zero_affinity,trained_oof,0.5,chemistry,0.5,5,198,0.005050505050505083,1.0000000000000064,0.0,0.01570887296775977,0.0,-0.014637750811005667,0.015077280341099175
assay_envelope,availability__boltzina_vina_zero_affinity,trained_oof,0.5,chemistry,0.5,6,198,0.0,0.0,0.0,0.0,0.0,-0.014637750811005667,0.015077280341099175
assay_envelope,availability__boltzina_vina_zero_affinity,trained_oof,0.5,chemistry,0.5,7,198,0.0,0.0,0.0,0.0,0.0,-0.014637750811005667,0.015077280341099175
assay_envelope,availability__boltzina_vina_zero_affinity,trained_oof,0.5,chemistry,0.5,8,198,0.0,0.0,0.0,0.0,0.0,-0.014637750811005667,0.015077280341099175
assay_envelope,availability__boltzina_vina_zero_affinity,trained_oof,0.5,chemistry,0.5,9,198,0.0,0.0,0.0,0.0,0.0,-0.014637750811005667,0.015077280341099175
assay_envelope,availability__boltzina_vina_zero_affinity,trained_oof,0.5,chemistry,0.5,10,198,0.0,0.0,0.0,0.0,0.0,-0.014637750811005667,0.015077280341099175
assay_envelope,availability__boltzina_vina_zero_affinity,trained_oof,1.0,chemistry,1.0,1,198,0.0050505050505050275,0.9999999999999954,0.0,0.01523036879726508,-0.015151515151515152,-0.0327166991886624,0.0
assay_envelope,availability__boltzina_vina_zero_affinity,trained_oof,1.0,chemistry,1.0,2,198,0.005050505050505083,1.0000000000000064,0.0,0.015706806282722478,-0.015151515151515152,-0.0327166991886624,0.0
assay_envelope,availability__boltzina_vina_zero_affinity,trained_oof,1.0,chemistry,1.0,3,198,0.0,0.0,0.0,0.0,-0.015151515151515152,-0.0327166991886624,0.0
assay_envelope,availability__boltzina_vina_zero_affinity,trained_oof,1.0,chemistry,1.0,4,198,0.0,0.0,0.0,0.0,-0.015151515151515152,-0.0327166991886624,0.0
assay_envelope,availability__boltzina_vina_zero_affinity,trained_oof,1.0,chemistry,1.0,5,198,0.0,0.0,0.0,0.0,-0.015151515151515152,-0.0327166991886624,0.0
assay_envelope,availability__boltzina_vina_zero_affinity,trained_oof,1.0,chemistry,1.0,6,198,0.0,0.0,0.0,0.0,-0.015151515151515152,-0.0327166991886624,0.0
assay_envelope,availability__boltzina_vina_zero_affinity,trained_oof,1.0,chemistry,1.0,7,198,0.0,0.0,0.0,0.0,-0.015151515151515152,-0.0327166991886624,0.0
assay_envelope,availability__boltzina_vina_zero_affinity,trained_oof,1.0,chemistry,1.0,8,198,0.0,0.0,0.0,0.0,-0.015151515151515152,-0.0327166991886624,0.0
assay_envelope,availability__boltzina_vina_zero_affinity,trained_oof,1.0,chemistry,1.0,9,198,0.005050505050505083,1.0000000000000064,0.0,0.016044937036398078,-0.015151515151515152,-0.0327166991886624,0.0
assay_envelope,availability__boltzina_vina_zero_affinity,trained_oof,1.0,chemistry,1.0,10,198,0.0,0.0,0.0,0.0,-0.015151515151515152,-0.0327166991886624,0.0
assay_envelope,plus__boltzina_vina_zero_affinity,trained_oof,0.125,chemistry,0.125,1,198,0.11616161616161619,23.000000000000004,0.023455505761843798,0.2029721817359401,-0.06060606060606061,-0.40422186314833575,0.2828825757575755
assay_envelope,plus__boltzina_vina_zero_affinity,trained_oof,0.125,chemistry,0.125,2,198,0.010101010101010055,1.999999999999991,-0.065,0.08207253886010354,-0.06060606060606061,-0.40422186314833575,0.2828825757575755
assay_envelope,plus__boltzina_vina_zero_affinity,trained_oof,0.125,chemistry,0.125,3,198,0.0,0.0,-0.056129644165358455,0.05700223985319521,-0.06060606060606061,-0.40422186314833575,0.2828825757575755
assay_envelope,plus__boltzina_vina_zero_affinity,trained_oof,0.125,chemistry,0.125,4,198,-0.02020202020202022,-4.0000000000000036,-0.07729530853130137,0.037234042553191404,-0.06060606060606061,-0.40422186314833575,0.2828825757575755
assay_envelope,plus__boltzina_vina_zero_affinity,trained_oof,0.125,chemistry,0.125,5,198,-0.005050505050505083,-1.0000000000000064,-0.06633503401360547,0.05419389845388481,-0.06060606060606061,-0.40422186314833575,0.2828825757575755
assay_envelope,plus__boltzina_vina_zero_affinity,trained_oof,0.125,chemistry,0.125,6,198,-0.005050505050504972,-0.9999999999999845,-0.0676525553012968,0.05641025641025632,-0.06060606060606061,-0.40422186314833575,0.2828825757575755
assay_envelope,plus__boltzina_vina_zero_affinity,trained_oof,0.125,chemistry,0.125,7,198,-0.03535353535353536,-7.000000000000001,-0.08949748040313556,0.020518134715025914,-0.06060606060606061,-0.40422186314833575,0.2828825757575755
assay_envelope,plus__boltzina_vina_zero_affinity,trained_oof,0.125,chemistry,0.125,8,198,-0.010101010101010055,-1.999999999999991,-0.050761421319796995,0.03175025329280646,-0.06060606060606061,-0.40422186314833575,0.2828825757575755
assay_envelope,plus__boltzina_vina_zero_affinity,trained_oof,0.125,chemistry,0.125,9,198,0.010101010101010166,2.000000000000013,-0.019052197802197846,0.03804867545735332,-0.06060606060606061,-0.40422186314833575,0.2828825757575755
assay_envelope,plus__boltzina_vina_zero_affinity,trained_oof,0.125,chemistry,0.125,10,198,0.0,0.0,0.0,0.0,-0.06060606060606061,-0.40422186314833575,0.2828825757575755
assay_envelope,plus__boltzina_vina_zero_affinity,trained_oof,0.25,chemistry,0.25,1,198,0.07575757575757575,14.999999999999998,0.0,0.15229294683409025,-0.015151515151515152,-0.37439963054187103,0.3707317073170735
assay_envelope,plus__boltzina_vina_zero_affinity,trained_oof,0.25,chemistry,0.25,2,198,0.05555555555555558,11.000000000000005,-0.02971416488382509,0.13613160399809615,-0.015151515151515152,-0.37439963054187103,0.3707317073170735
assay_envelope,plus__boltzina_vina_zero_affinity,trained_oof,0.25,chemistry,0.25,3,198,0.04040404040404044,8.000000000000007,-0.03015075376884424,0.11111111111111105,-0.015151515151515152,-0.37439963054187103,0.3707317073170735
assay_envelope,plus__boltzina_vina_zero_affinity,trained_oof,0.25,chemistry,0.25,4,198,-0.010101010101010055,-1.999999999999991,-0.07767116052115294,0.056715796821305786,-0.015151515151515152,-0.37439963054187103,0.3707317073170735
assay_envelope,plus__boltzina_vina_zero_affinity,trained_oof,0.25,chemistry,0.25,5,198,-0.015151515151515249,-3.0000000000000195,-0.0744198416625433,0.045924254317111425,-0.015151515151515152,-0.37439963054187103,0.3707317073170735
assay_envelope,plus__boltzina_vina_zero_affinity,trained_oof,0.25,chemistry,0.25,6,198,-0.05555555555555558,-11.000000000000005,-0.11274698340874816,0.0,-0.015151515151515152,-0.37439963054187103,0.3707317073170735
assay_envelope,plus__boltzina_vina_zero_affinity,trained_oof,0.25,chemistry,0.25,7,198,-0.0505050505050505,-9.999999999999998,-0.10363527933104194,0.0,-0.015151515151515152,-0.37439963054187103,0.3707317073170735
assay_envelope,plus__boltzina_vina_zero_affinity,trained_oof,0.25,chemistry,0.25,8,198,-0.010101010101010055,-1.999999999999991,-0.060468639887244574,0.03553752719361854,-0.015151515151515152,-0.37439963054187103,0.3707317073170735
assay_envelope,plus__boltzina_vina_zero_affinity,trained_oof,0.25,chemistry,0.25,9,198,-0.015151515151515138,-2.9999999999999973,-0.0550516343183809,0.019145723974543654,-0.015151515151515152,-0.37439963054187103,0.3707317073170735
assay_envelope,plus__boltzina_vina_zero_affinity,trained_oof,0.25,chemistry,0.25,10,198,0.0,0.0,0.0,0.0,-0.015151515151515152,-0.37439963054187103,0.3707317073170735
assay_envelope,plus__boltzina_vina_zero_affinity,trained_oof,0.5,chemistry,0.5,1,198,0.10606060606060608,21.000000000000004,0.010917517809630033,0.18812598651169465,-0.12626262626262627,-0.5024655803966158,0.2820544554455444
assay_envelope,plus__boltzina_vina_zero_affinity,trained_oof,0.5,chemistry,0.5,2,198,0.07070707070707072,14.000000000000002,0.009997524752475256,0.13368716679360232,-0.12626262626262627,-0.5024655803966158,0.2820544554455444
assay_envelope,plus__boltzina_vina_zero_affinity,trained_oof,0.5,chemistry,0.5,3,198,0.025252525252525304,5.000000000000011,-0.04434600397029636,0.08938768009408998,-0.12626262626262627,-0.5024655803966158,0.2820544554455444
assay_envelope,plus__boltzina_vina_zero_affinity,trained_oof,0.5,chemistry,0.5,4,198,0.0,0.0,-0.06787549971444887,0.05882352941176472,-0.12626262626262627,-0.5024655803966158,0.2820544554455444
assay_envelope,plus__boltzina_vina_zero_affinity,trained_oof,0.5,chemistry,0.5,5,198,-0.010101010101010055,-1.999999999999991,-0.08372093023255811,0.056122448979591844,-0.12626262626262627,-0.5024655803966158,0.2820544554455444
assay_envelope,plus__boltzina_vina_zero_affinity,trained_oof,0.5,chemistry,0.5,6,198,-0.025252525252525304,-5.000000000000011,-0.09434431615507367,0.041450777202072464,-0.12626262626262627,-0.5024655803966158,0.2820544554455444
assay_envelope,plus__boltzina_vina_zero_affinity,trained_oof,0.5,chemistry,0.5,7,198,-0.030303030303030276,-5.999999999999995,-0.09141872846852482,0.025510204081632626,-0.12626262626262627,-0.5024655803966158,0.2820544554455444
assay_envelope,plus__boltzina_vina_zero_affinity,trained_oof,0.5,chemistry,0.5,8,198,0.0,0.0,-0.03903887949770579,0.04081632653061229,-0.12626262626262627,-0.5024655803966158,0.2820544554455444
assay_envelope,plus__boltzina_vina_zero_affinity,trained_oof,0.5,chemistry,0.5,9,198,-0.010101010101010166,-2.000000000000013,-0.035175879396984855,0.015000000000000013,-0.12626262626262627,-0.5024655803966158,0.2820544554455444
assay_envelope,plus__boltzina_vina_zero_affinity,trained_oof,0.5,chemistry,0.5,10,198,0.0,0.0,0.0,0.0,-0.12626262626262627,-0.5024655803966158,0.2820544554455444
assay_envelope,plus__boltzina_vina_zero_affinity,trained_oof,1.0,chemistry,1.0,1,198,0.0505050505050505,9.999999999999998,-0.020204583910167682,0.12169957413859854,0.06565656565656566,-0.23081683168316838,0.3957778565971847
assay_envelope,plus__boltzina_vina_zero_affinity,trained_oof,1.0,chemistry,1.0,2,198,0.045454545454545525,9.000000000000014,-0.018531746031746,0.10953440538519062,0.06565656565656566,-0.23081683168316838,0.3957778565971847
assay_envelope,plus__boltzina_vina_zero_affinity,trained_oof,1.0,chemistry,1.0,3,198,-0.010101010101010166,-2.000000000000013,-0.07216494845360821,0.050761421319796995,0.06565656565656566,-0.23081683168316838,0.3957778565971847
assay_envelope,plus__boltzina_vina_zero_affinity,trained_oof,1.0,chemistry,1.0,4,198,-0.030303030303030276,-5.999999999999995,-0.08809013134112542,0.029560308247573473,0.06565656565656566,-0.23081683168316838,0.3957778565971847
assay_envelope,plus__boltzina_vina_zero_affinity,trained_oof,1.0,chemistry,1.0,5,198,-0.025252525252525193,-4.9999999999999885,-0.07577690166975885,0.02094794869663979,0.06565656565656566,-0.23081683168316838,0.3957778565971847
assay_envelope,plus__boltzina_vina_zero_affinity,trained_oof,1.0,chemistry,1.0,6,198,-0.02020202020202022,-4.0000000000000036,-0.060916684540406635,0.019722026741731166,0.06565656565656566,-0.23081683168316838,0.3957778565971847
assay_envelope,plus__boltzina_vina_zero_affinity,trained_oof,1.0,chemistry,1.0,7,198,-0.0505050505050505,-9.999999999999998,-0.10528309409888356,0.0,0.06565656565656566,-0.23081683168316838,0.3957778565971847
assay_envelope,plus__boltzina_vina_zero_affinity,trained_oof,1.0,chemistry,1.0,8,198,-0.02020202020202022,-4.0000000000000036,-0.06635860979462876,0.020408163265306145,0.06565656565656566,-0.23081683168316838,0.3957778565971847
assay_envelope,plus__boltzina_vina_zero_affinity,trained_oof,1.0,chemistry,1.0,9,198,-0.005050505050505083,-1.0000000000000064,-0.03242139804639808,0.02116683552853764,0.06565656565656566,-0.23081683168316838,0.3957778565971847
assay_envelope,plus__boltzina_vina_zero_affinity,trained_oof,1.0,chemistry,1.0,10,198,0.0,0.0,0.0,0.0,0.06565656565656566,-0.23081683168316838,0.3957778565971847
assay_envelope,calibrated__boltzina_vina_zero_binary,trained_oof,0.125,chemistry,0.125,1,198,0.04545454545454547,9.000000000000004,-0.013892133956386297,0.10659898477157359,0.13131313131313133,-0.23267654146367084,0.4803789989551718
assay_envelope,calibrated__boltzina_vina_zero_binary,trained_oof,0.125,chemistry,0.125,2,198,-0.06060606060606061,-12.0,-0.14285714285714285,0.025383947995441834,0.13131313131313133,-0.23267654146367084,0.4803789989551718
assay_envelope,calibrated__boltzina_vina_zero_binary,trained_oof,0.125,chemistry,0.125,3,198,-0.045454545454545414,-8.999999999999993,-0.11443174751243784,0.027038164538164534,0.13131313131313133,-0.23267654146367084,0.4803789989551718
assay_envelope,calibrated__boltzina_vina_zero_binary,trained_oof,0.125,chemistry,0.125,4,198,-0.06060606060606055,-11.99999999999999,-0.12886597938144329,0.00512820512820511,0.13131313131313133,-0.23267654146367084,0.4803789989551718
assay_envelope,calibrated__boltzina_vina_zero_binary,trained_oof,0.125,chemistry,0.125,5,198,0.0,0.0,-0.06771465412621352,0.06186368249559314,0.13131313131313133,-0.23267654146367084,0.4803789989551718
assay_envelope,calibrated__boltzina_vina_zero_binary,trained_oof,0.125,chemistry,0.125,6,198,0.025252525252525304,5.000000000000011,-0.03941867019581889,0.08854487376847285,0.13131313131313133,-0.23267654146367084,0.4803789989551718
assay_envelope,calibrated__boltzina_vina_zero_binary,trained_oof,0.125,chemistry,0.125,7,198,-0.015151515151515249,-3.0000000000000195,-0.06742304541198496,0.035916230366492136,0.13131313131313133,-0.23267654146367084,0.4803789989551718
assay_envelope,calibrated__boltzina_vina_zero_binary,trained_oof,0.125,chemistry,0.125,8,198,-0.02020202020202022,-4.0000000000000036,-0.06522012235088481,0.02370522694130501,0.13131313131313133,-0.23267654146367084,0.4803789989551718
assay_envelope,calibrated__boltzina_vina_zero_binary,trained_oof,0.125,chemistry,0.125,9,198,0.0,0.0,-0.030456852791878153,0.03302212550818297,0.13131313131313133,-0.23267654146367084,0.4803789989551718
assay_envelope,calibrated__boltzina_vina_zero_binary,trained_oof,0.125,chemistry,0.125,10,198,0.0,0.0,0.0,0.0,0.13131313131313133,-0.23267654146367084,0.4803789989551718
assay_envelope,calibrated__boltzina_vina_zero_binary,trained_oof,0.25,chemistry,0.25,1,198,0.055555555555555525,10.999999999999995,-0.015230368797265088,0.12835949629118498,0.015151515151515152,-0.36129106495598673,0.40096678146075476
assay_envelope,calibrated__boltzina_vina_zero_binary,trained_oof,0.25,chemistry,0.25,2,198,-0.030303030303030276,-5.999999999999995,-0.11224626214122013,0.054946428571428535,0.015151515151515152,-0.36129106495598673,0.40096678146075476
assay_envelope,calibrated__boltzina_vina_zero_binary,trained_oof,0.25,chemistry,0.25,3,198,-0.02020202020202011,-3.999999999999982,-0.1036429045011419,0.0645282258064516,0.015151515151515152,-0.36129106495598673,0.40096678146075476
assay_envelope,calibrated__boltzina_vina_zero_binary,trained_oof,0.25,chemistry,0.25,4,198,-0.02020202020202022,-4.0000000000000036,-0.0957446808510638,0.05189852316506962,0.015151515151515152,-0.36129106495598673,0.40096678146075476
assay_envelope,calibrated__boltzina_vina_zero_binary,trained_oof,0.25,chemistry,0.25,5,198,-0.015151515151515249,-3.0000000000000195,-0.07978723404255317,0.046391752577319645,0.015151515151515152,-0.36129106495598673,0.40096678146075476
assay_envelope,calibrated__boltzina_vina_zero_binary,trained_oof,0.25,chemistry,0.25,6,198,0.0,0.0,-0.05851128697457193,0.061618709095012346,0.015151515151515152,-0.36129106495598673,0.40096678146075476
assay_envelope,calibrated__boltzina_vina_zero_binary,trained_oof,0.25,chemistry,0.25,7,198,-0.02020202020202022,-4.0000000000000036,-0.07538435420344967,0.03432221898660449,0.015151515151515152,-0.36129106495598673,0.40096678146075476
assay_envelope,calibrated__boltzina_vina_zero_binary,trained_oof,0.25,chemistry,0.25,8,198,0.005050505050505083,1.0000000000000064,-0.03903192655522053,0.0505050505050505,0.015151515151515152,-0.36129106495598673,0.40096678146075476
assay_envelope,calibrated__boltzina_vina_zero_binary,trained_oof,0.25,chemistry,0.25,9,198,0.030303030303030387,6.000000000000017,0.004950495049504955,0.05940594059405935,0.015151515151515152,-0.36129106495598673,0.40096678146075476
assay_envelope,calibrated__boltzina_vina_zero_binary,trained_oof,0.25,chemistry,0.25,10,198,0.0,0.0,0.0,0.0,0.015151515151515152,-0.36129106495598673,0.40096678146075476
assay_envelope,calibrated__boltzina_vina_zero_binary,trained_oof,0.5,chemistry,0.5,1,198,-0.08080808080808077,-15.999999999999993,-0.16668781725888326,0.009663008301674388,0.2777777777777778,-0.11583591331269427,0.66504912435546
assay_envelope,calibrated__boltzina_vina_zero_binary,trained_oof,0.5,chemistry,0.5,2,198,-0.11111111111111105,-21.99999999999999,-0.1919289044289045,-0.029112343966712962,0.2777777777777778,-0.11583591331269427,0.66504912435546
assay_envelope,calibrated__boltzina_vina_zero_binary,trained_oof,0.5,chemistry,0.5,3,198,-0.07575757575757569,-14.999999999999986,-0.14925950146176334,0.0,0.2777777777777778,-0.11583591331269427,0.66504912435546
assay_envelope,calibrated__boltzina_vina_zero_binary,trained_oof,0.5,chemistry,0.5,4,198,-0.07070707070707072,-14.000000000000002,-0.15025906735751293,0.00990099009900991,0.2777777777777778,-0.11583591331269427,0.66504912435546
assay_envelope,calibrated__boltzina_vina_zero_binary,trained_oof,0.5,chemistry,0.5,5,198,-0.005050505050505083,-1.0000000000000064,-0.06989516129032262,0.062200956937799035,0.2777777777777778,-0.11583591331269427,0.66504912435546
assay_envelope,calibrated__boltzina_vina_zero_binary,trained_oof,0.5,chemistry,0.5,6,198,0.0,0.0,-0.05555555555555558,0.05883077368878584,0.2777777777777778,-0.11583591331269427,0.66504912435546
assay_envelope,calibrated__boltzina_vina_zero_binary,trained_oof,0.5,chemistry,0.5,7,198,0.030303030303030276,5.999999999999995,-0.010641157629832951,0.07653061224489799,0.2777777777777778,-0.11583591331269427,0.66504912435546
assay_envelope,calibrated__boltzina_vina_zero_binary,trained_oof,0.5,chemistry,0.5,8,198,0.030303030303030276,5.999999999999995,-0.004902564474065471,0.06763473731884065,0.2777777777777778,-0.11583591331269427,0.66504912435546
assay_envelope,calibrated__boltzina_vina_zero_binary,trained_oof,0.5,chemistry,0.5,9,198,0.005050505050504972,0.9999999999999845,-0.010582010582010581,0.02475555391360032,0.2777777777777778,-0.11583591331269427,0.66504912435546
assay_envelope,calibrated__boltzina_vina_zero_binary,trained_oof,0.5,chemistry,0.5,10,198,0.0,0.0,0.0,0.0,0.2777777777777778,-0.11583591331269427,0.66504912435546
assay_envelope,calibrated__boltzina_vina_zero_binary,trained_oof,1.0,chemistry,1.0,1,198,-0.09090909090909094,-18.000000000000007,-0.16589513433205402,-0.015302257266543018,0.51010101010101,0.19367232534771817,0.8308108108108103
assay_envelope,calibrated__boltzina_vina_zero_binary,trained_oof,1.0,chemistry,1.0,2,198,-0.1464646464646464,-28.99999999999999,-0.22916666666666663,-0.06770644625603864,0.51010101010101,0.19367232534771817,0.8308108108108103
assay_envelope,calibrated__boltzina_vina_zero_binary,trained_oof,1.0,chemistry,1.0,3,198,-0.12121212121212122,-24.0,-0.19598236279436393,-0.050492424242424304,0.51010101010101,0.19367232534771817,0.8308108108108103
assay_envelope,calibrated__boltzina_vina_zero_binary,trained_oof,1.0,chemistry,1.0,4,198,-0.11616161616161613,-22.999999999999993,-0.18270420792079198,-0.050761421319796995,0.51010101010101,0.19367232534771817,0.8308108108108103
assay_envelope,calibrated__boltzina_vina_zero_binary,trained_oof,1.0,chemistry,1.0,5,198,-0.04040404040404033,-7.999999999999986,-0.09999999999999998,0.020512820512820443,0.51010101010101,0.19367232534771817,0.8308108108108103
assay_envelope,calibrated__boltzina_vina_zero_binary,trained_oof,1.0,chemistry,1.0,6,198,0.0,0.0,-0.04807820855614978,0.052638540796435436,0.51010101010101,0.19367232534771817,0.8308108108108103
assay_envelope,calibrated__boltzina_vina_zero_binary,trained_oof,1.0,chemistry,1.0,7,198,0.0,0.0,-0.04500565326633159,0.045454545454545525,0.51010101010101,0.19367232534771817,0.8308108108108103
assay_envelope,calibrated__boltzina_vina_zero_binary,trained_oof,1.0,chemistry,1.0,8,198,0.005050505050504972,0.9999999999999845,-0.03398058252427183,0.04278074866310155,0.51010101010101,0.19367232534771817,0.8308108108108103
assay_envelope,calibrated__boltzina_vina_zero_binary,trained_oof,1.0,chemistry,1.0,9,198,0.0,0.0,-0.025252525252525193,0.025906735751295318,0.51010101010101,0.19367232534771817,0.8308108108108103
assay_envelope,calibrated__boltzina_vina_zero_binary,trained_oof,1.0,chemistry,1.0,10,198,0.0,0.0,0.0,0.0,0.51010101010101,0.19367232534771817,0.8308108108108103
assay_envelope,availability__boltzina_vina_zero_binary,trained_oof,0.125,chemistry,0.125,1,198,0.0,0.0,0.0,0.0,-0.005050505050505051,-0.016306575196008512,0.0
assay_envelope,availability__boltzina_vina_zero_binary,trained_oof,0.125,chemistry,0.125,2,198,0.0,0.0,0.0,0.0,-0.005050505050505051,-0.016306575196008512,0.0
assay_envelope,availability__boltzina_vina_zero_binary,trained_oof,0.125,chemistry,0.125,3,198,0.0,0.0,0.0,0.0,-0.005050505050505051,-0.016306575196008512,0.0
assay_envelope,availability__boltzina_vina_zero_binary,trained_oof,0.125,chemistry,0.125,4,198,0.0,0.0,0.0,0.0,-0.005050505050505051,-0.016306575196008512,0.0
assay_envelope,availability__boltzina_vina_zero_binary,trained_oof,0.125,chemistry,0.125,5,198,0.0,0.0,0.0,0.0,-0.005050505050505051,-0.016306575196008512,0.0
assay_envelope,availability__boltzina_vina_zero_binary,trained_oof,0.125,chemistry,0.125,6,198,0.0,0.0,0.0,0.0,-0.005050505050505051,-0.016306575196008512,0.0
assay_envelope,availability__boltzina_vina_zero_binary,trained_oof,0.125,chemistry,0.125,7,198,0.005050505050504972,0.9999999999999845,0.0,0.016306575196008612,-0.005050505050505051,-0.016306575196008512,0.0
assay_envelope,availability__boltzina_vina_zero_binary,trained_oof,0.125,chemistry,0.125,8,198,0.0,0.0,0.0,0.0,-0.005050505050505051,-0.016306575196008512,0.0
assay_envelope,availability__boltzina_vina_zero_binary,trained_oof,0.125,chemistry,0.125,9,198,0.0,0.0,0.0,0.0,-0.005050505050505051,-0.016306575196008512,0.0
assay_envelope,availability__boltzina_vina_zero_binary,trained_oof,0.125,chemistry,0.125,10,198,0.0,0.0,0.0,0.0,-0.005050505050505051,-0.016306575196008512,0.0
assay_envelope,availability__boltzina_vina_zero_binary,trained_oof,0.25,chemistry,0.25,1,198,0.005050505050505055,1.0000000000000009,0.0,0.01578947368421052,-0.005050505050505051,-0.03398472649775062,0.02525896722325359
assay_envelope,availability__boltzina_vina_zero_binary,trained_oof,0.25,chemistry,0.25,2,198,0.015151515151515138,2.9999999999999973,0.0,0.034999999999999976,-0.005050505050505051,-0.03398472649775062,0.02525896722325359
assay_envelope,availability__boltzina_vina_zero_binary,trained_oof,0.25,chemistry,0.25,3,198,0.0,0.0,0.0,0.0,-0.005050505050505051,-0.03398472649775062,0.02525896722325359
assay_envelope,availability__boltzina_vina_zero_binary,trained_oof,0.25,chemistry,0.25,4,198,-0.010101010101010055,-1.999999999999991,-0.025128800568499057,0.0,-0.005050505050505051,-0.03398472649775062,0.02525896722325359
assay_envelope,availability__boltzina_vina_zero_binary,trained_oof,0.25,chemistry,0.25,5,198,-0.005050505050505083,-1.0000000000000064,-0.015789473684210468,0.0,-0.005050505050505051,-0.03398472649775062,0.02525896722325359
assay_envelope,availability__boltzina_vina_zero_binary,trained_oof,0.25,chemistry,0.25,6,198,0.0,0.0,0.0,0.0,-0.005050505050505051,-0.03398472649775062,0.02525896722325359
assay_envelope,availability__boltzina_vina_zero_binary,trained_oof,0.25,chemistry,0.25,7,198,0.0,0.0,0.0,0.0,-0.005050505050505051,-0.03398472649775062,0.02525896722325359
assay_envelope,availability__boltzina_vina_zero_binary,trained_oof,0.25,chemistry,0.25,8,198,0.0,0.0,0.0,0.0,-0.005050505050505051,-0.03398472649775062,0.02525896722325359
assay_envelope,availability__boltzina_vina_zero_binary,trained_oof,0.25,chemistry,0.25,9,198,0.0,0.0,0.0,0.0,-0.005050505050505051,-0.03398472649775062,0.02525896722325359
assay_envelope,availability__boltzina_vina_zero_binary,trained_oof,0.25,chemistry,0.25,10,198,0.0,0.0,0.0,0.0,-0.005050505050505051,-0.03398472649775062,0.02525896722325359
assay_envelope,availability__boltzina_vina_zero_binary,trained_oof,0.5,chemistry,0.5,1,198,-0.0050505050505050275,-0.9999999999999954,-0.015957446808510634,0.0,0.0,-0.014637750811005667,0.015077280341099175
assay_envelope,availability__boltzina_vina_zero_binary,trained_oof,0.5,chemistry,0.5,2,198,0.0,0.0,0.0,0.0,0.0,-0.014637750811005667,0.015077280341099175
assay_envelope,availability__boltzina_vina_zero_binary,trained_oof,0.5,chemistry,0.5,3,198,0.0,0.0,0.0,0.0,0.0,-0.014637750811005667,0.015077280341099175
assay_envelope,availability__boltzina_vina_zero_binary,trained_oof,0.5,chemistry,0.5,4,198,0.0,0.0,0.0,0.0,0.0,-0.014637750811005667,0.015077280341099175
assay_envelope,availability__boltzina_vina_zero_binary,trained_oof,0.5,chemistry,0.5,5,198,0.005050505050505083,1.0000000000000064,0.0,0.01570887296775977,0.0,-0.014637750811005667,0.015077280341099175
assay_envelope,availability__boltzina_vina_zero_binary,trained_oof,0.5,chemistry,0.5,6,198,0.0,0.0,0.0,0.0,0.0,-0.014637750811005667,0.015077280341099175
assay_envelope,availability__boltzina_vina_zero_binary,trained_oof,0.5,chemistry,0.5,7,198,0.0,0.0,0.0,0.0,0.0,-0.014637750811005667,0.015077280341099175
assay_envelope,availability__boltzina_vina_zero_binary,trained_oof,0.5,chemistry,0.5,8,198,0.0,0.0,0.0,0.0,0.0,-0.014637750811005667,0.015077280341099175
assay_envelope,availability__boltzina_vina_zero_binary,trained_oof,0.5,chemistry,0.5,9,198,0.0,0.0,0.0,0.0,0.0,-0.014637750811005667,0.015077280341099175
assay_envelope,availability__boltzina_vina_zero_binary,trained_oof,0.5,chemistry,0.5,10,198,0.0,0.0,0.0,0.0,0.0,-0.014637750811005667,0.015077280341099175
assay_envelope,availability__boltzina_vina_zero_binary,trained_oof,1.0,chemistry,1.0,1,198,0.0050505050505050275,0.9999999999999954,0.0,0.01523036879726508,-0.015151515151515152,-0.0327166991886624,0.0
assay_envelope,availability__boltzina_vina_zero_binary,trained_oof,1.0,chemistry,1.0,2,198,0.005050505050505083,1.0000000000000064,0.0,0.015706806282722478,-0.015151515151515152,-0.0327166991886624,0.0
assay_envelope,availability__boltzina_vina_zero_binary,trained_oof,1.0,chemistry,1.0,3,198,0.0,0.0,0.0,0.0,-0.015151515151515152,-0.0327166991886624,0.0
assay_envelope,availability__boltzina_vina_zero_binary,trained_oof,1.0,chemistry,1.0,4,198,0.0,0.0,0.0,0.0,-0.015151515151515152,-0.0327166991886624,0.0
assay_envelope,availability__boltzina_vina_zero_binary,trained_oof,1.0,chemistry,1.0,5,198,0.0,0.0,0.0,0.0,-0.015151515151515152,-0.0327166991886624,0.0
assay_envelope,availability__boltzina_vina_zero_binary,trained_oof,1.0,chemistry,1.0,6,198,0.0,0.0,0.0,0.0,-0.015151515151515152,-0.0327166991886624,0.0
assay_envelope,availability__boltzina_vina_zero_binary,trained_oof,1.0,chemistry,1.0,7,198,0.0,0.0,0.0,0.0,-0.015151515151515152,-0.0327166991886624,0.0
assay_envelope,availability__boltzina_vina_zero_binary,trained_oof,1.0,chemistry,1.0,8,198,0.0,0.0,0.0,0.0,-0.015151515151515152,-0.0327166991886624,0.0
assay_envelope,availability__boltzina_vina_zero_binary,trained_oof,1.0,chemistry,1.0,9,198,0.005050505050505083,1.0000000000000064,0.0,0.016044937036398078,-0.015151515151515152,-0.0327166991886624,0.0
assay_envelope,availability__boltzina_vina_zero_binary,trained_oof,1.0,chemistry,1.0,10,198,0.0,0.0,0.0,0.0,-0.015151515151515152,-0.0327166991886624,0.0
assay_envelope,plus__boltzina_vina_zero_binary,trained_oof,0.125,chemistry,0.125,1,198,0.07070707070707072,14.000000000000002,0.005208333333333315,0.13398021852460182,-0.04040404040404041,-0.3550345744680873,0.27669143307441096
assay_envelope,plus__boltzina_vina_zero_binary,trained_oof,0.125,chemistry,0.125,2,198,-0.02525252525252525,-4.999999999999999,-0.0942459278650378,0.045237609366630016,-0.04040404040404041,-0.3550345744680873,0.27669143307441096
assay_envelope,plus__boltzina_vina_zero_binary,trained_oof,0.125,chemistry,0.125,3,198,0.010101010101010166,2.000000000000013,-0.049451909476662,0.06845783814374626,-0.04040404040404041,-0.3550345744680873,0.27669143307441096
assay_envelope,plus__boltzina_vina_zero_binary,trained_oof,0.125,chemistry,0.125,4,198,-0.02020202020202022,-4.0000000000000036,-0.07843393902063449,0.03589743589743599,-0.04040404040404041,-0.3550345744680873,0.27669143307441096
assay_envelope,plus__boltzina_vina_zero_binary,trained_oof,0.125,chemistry,0.125,5,198,-0.010101010101010055,-1.999999999999991,-0.06914893617021278,0.04591836734693877,-0.04040404040404041,-0.3550345744680873,0.27669143307441096
assay_envelope,plus__boltzina_vina_zero_binary,trained_oof,0.125,chemistry,0.125,6,198,0.0,0.0,-0.05970352044127196,0.05699481865284972,-0.04040404040404041,-0.3550345744680873,0.27669143307441096
assay_envelope,plus__boltzina_vina_zero_binary,trained_oof,0.125,chemistry,0.125,7,198,0.0,0.0,-0.042110832637148446,0.04499999999999993,-0.04040404040404041,-0.3550345744680873,0.27669143307441096
assay_envelope,plus__boltzina_vina_zero_binary,trained_oof,0.125,chemistry,0.125,8,198,0.005050505050505083,1.0000000000000064,-0.032866429345302615,0.04455445544554448,-0.04040404040404041,-0.3550345744680873,0.27669143307441096
assay_envelope,plus__boltzina_vina_zero_binary,trained_oof,0.125,chemistry,0.125,9,198,0.010101010101010166,2.000000000000013,-0.015710961522479916,0.03960888626176051,-0.04040404040404041,-0.3550345744680873,0.27669143307441096
assay_envelope,plus__boltzina_vina_zero_binary,trained_oof,0.125,chemistry,0.125,10,198,0.0,0.0,0.0,0.0,-0.04040404040404041,-0.3550345744680873,0.27669143307441096
assay_envelope,plus__boltzina_vina_zero_binary,trained_oof,0.25,chemistry,0.25,1,198,0.08585858585858586,17.0,0.016389011962782474,0.15738679197869013,-0.20202020202020202,-0.5024550849047745,0.10501319095477248
assay_envelope,plus__boltzina_vina_zero_binary,trained_oof,0.25,chemistry,0.25,2,198,0.08080808080808077,15.999999999999993,0.01578740699917332,0.15054303776949257,-0.20202020202020202,-0.5024550849047745,0.10501319095477248
assay_envelope,plus__boltzina_vina_zero_binary,trained_oof,0.25,chemistry,0.25,3,198,0.045454545454545525,9.000000000000014,-0.02618845382644544,0.11651279375737231,-0.20202020202020202,-0.5024550849047745,0.10501319095477248
assay_envelope,plus__boltzina_vina_zero_binary,trained_oof,0.25,chemistry,0.25,4,198,0.015151515151515138,2.9999999999999973,-0.04664433171472745,0.07407865786578655,-0.20202020202020202,-0.5024550849047745,0.10501319095477248
assay_envelope,plus__boltzina_vina_zero_binary,trained_oof,0.25,chemistry,0.25,5,198,-0.015151515151515249,-3.0000000000000195,-0.06667464114832534,0.03415052606408407,-0.20202020202020202,-0.5024550849047745,0.10501319095477248
assay_envelope,plus__boltzina_vina_zero_binary,trained_oof,0.25,chemistry,0.25,6,198,-0.02020202020202022,-4.0000000000000036,-0.07253886010362687,0.030616169544740984,-0.20202020202020202,-0.5024550849047745,0.10501319095477248
assay_envelope,plus__boltzina_vina_zero_binary,trained_oof,0.25,chemistry,0.25,7,198,-0.025252525252525193,-4.9999999999999885,-0.0680628272251309,0.015546065414507815,-0.20202020202020202,-0.5024550849047745,0.10501319095477248
assay_envelope,plus__boltzina_vina_zero_binary,trained_oof,0.25,chemistry,0.25,8,198,0.010101010101010166,2.000000000000013,-0.023815247252747276,0.044334975369458185,-0.20202020202020202,-0.5024550849047745,0.10501319095477248
assay_envelope,plus__boltzina_vina_zero_binary,trained_oof,0.25,chemistry,0.25,9,198,0.025252525252525304,5.000000000000011,0.0050000000000000044,0.048913043478260865,-0.20202020202020202,-0.5024550849047745,0.10501319095477248
assay_envelope,plus__boltzina_vina_zero_binary,trained_oof,0.25,chemistry,0.25,10,198,0.0,0.0,0.0,0.0,-0.20202020202020202,-0.5024550849047745,0.10501319095477248
assay_envelope,plus__boltzina_vina_zero_binary,trained_oof,0.5,chemistry,0.5,1,198,0.03030303030303033,6.000000000000005,-0.05182145225057095,0.11168937117994399,-0.13636363636363635,-0.4789634801288945,0.19308951303293648
assay_envelope,plus__boltzina_vina_zero_binary,trained_oof,0.5,chemistry,0.5,2,198,0.015151515151515138,2.9999999999999973,-0.05500621546961331,0.08001005025125618,-0.13636363636363635,-0.4789634801288945,0.19308951303293648
assay_envelope,plus__boltzina_vina_zero_binary,trained_oof,0.5,chemistry,0.5,3,198,0.010101010101010166,2.000000000000013,-0.05584468558997198,0.0784410315850477,-0.13636363636363635,-0.4789634801288945,0.19308951303293648
assay_envelope,plus__boltzina_vina_zero_binary,trained_oof,0.5,chemistry,0.5,4,198,-0.005050505050504972,-0.9999999999999845,-0.0714285714285714,0.06341656987998456,-0.13636363636363635,-0.4789634801288945,0.19308951303293648
assay_envelope,plus__boltzina_vina_zero_binary,trained_oof,0.5,chemistry,0.5,5,198,0.015151515151515138,2.9999999999999973,-0.04168133802816908,0.07291666666666663,-0.13636363636363635,-0.4789634801288945,0.19308951303293648
assay_envelope,plus__boltzina_vina_zero_binary,trained_oof,0.5,chemistry,0.5,6,198,0.005050505050505083,1.0000000000000064,-0.043913252433016976,0.05883077368878584,-0.13636363636363635,-0.4789634801288945,0.19308951303293648
assay_envelope,plus__boltzina_vina_zero_binary,trained_oof,0.5,chemistry,0.5,7,198,0.025252525252525304,5.000000000000011,-0.016058377896613144,0.07222826086956514,-0.13636363636363635,-0.4789634801288945,0.19308951303293648
assay_envelope,plus__boltzina_vina_zero_binary,trained_oof,0.5,chemistry,0.5,8,198,0.03535353535353536,7.000000000000001,0.004431818181818163,0.07317392414761838,-0.13636363636363635,-0.4789634801288945,0.19308951303293648
assay_envelope,plus__boltzina_vina_zero_binary,trained_oof,0.5,chemistry,0.5,9,198,0.005050505050504972,0.9999999999999845,-0.010582010582010581,0.02475555391360032,-0.13636363636363635,-0.4789634801288945,0.19308951303293648
assay_envelope,plus__boltzina_vina_zero_binary,trained_oof,0.5,chemistry,0.5,10,198,0.0,0.0,0.0,0.0,-0.13636363636363635,-0.4789634801288945,0.19308951303293648
assay_envelope,plus__boltzina_vina_zero_binary,trained_oof,1.0,chemistry,1.0,1,198,0.02525252525252525,4.999999999999999,-0.031758832565284174,0.08572453861927538,-0.010101010101010102,-0.22929574766951874,0.22681034912097223
assay_envelope,plus__boltzina_vina_zero_binary,trained_oof,1.0,chemistry,1.0,2,198,0.025252525252525304,5.000000000000011,-0.03316585261696951,0.08500265957446815,-0.010101010101010102,-0.22929574766951874,0.22681034912097223
assay_envelope,plus__boltzina_vina_zero_binary,trained_oof,1.0,chemistry,1.0,3,198,-0.030303030303030387,-6.000000000000017,-0.07980260344274562,0.020408163265306145,-0.010101010101010102,-0.22929574766951874,0.22681034912097223
assay_envelope,plus__boltzina_vina_zero_binary,trained_oof,1.0,chemistry,1.0,4,198,-0.025252525252525193,-4.9999999999999885,-0.07500293427230054,0.024761804069854083,-0.010101010101010102,-0.22929574766951874,0.22681034912097223
assay_envelope,plus__boltzina_vina_zero_binary,trained_oof,1.0,chemistry,1.0,5,198,-0.015151515151515138,-2.9999999999999973,-0.06061024610748374,0.02830862533692718,-0.010101010101010102,-0.22929574766951874,0.22681034912097223
assay_envelope,plus__boltzina_vina_zero_binary,trained_oof,1.0,chemistry,1.0,6,198,0.010101010101010055,1.999999999999991,-0.030007575757575785,0.051813471502590636,-0.010101010101010102,-0.22929574766951874,0.22681034912097223
assay_envelope,plus__boltzina_vina_zero_binary,trained_oof,1.0,chemistry,1.0,7,198,0.005050505050505083,1.0000000000000064,-0.028708133971291794,0.03922051579252385,-0.010101010101010102,-0.22929574766951874,0.22681034912097223
assay_envelope,plus__boltzina_vina_zero_binary,trained_oof,1.0,chemistry,1.0,8,198,0.010101010101010055,1.999999999999991,-0.024630541871921263,0.04615384615384621,-0.010101010101010102,-0.22929574766951874,0.22681034912097223
assay_envelope,plus__boltzina_vina_zero_binary,trained_oof,1.0,chemistry,1.0,9,198,0.005050505050505083,1.0000000000000064,-0.01570887296775978,0.02941176470588236,-0.010101010101010102,-0.22929574766951874,0.22681034912097223
assay_envelope,plus__boltzina_vina_zero_binary,trained_oof,1.0,chemistry,1.0,10,198,0.0,0.0,0.0,0.0,-0.010101010101010102,-0.22929574766951874,0.22681034912097223
assay_envelope,calibrated__gnina,trained_oof,0.125,chemistry,0.125,1,198,0.015151515151515166,3.0000000000000027,-0.06567331478045764,0.09045285953577407,0.26262626262626265,-0.14572864321608048,0.6557505122950817
assay_envelope,calibrated__gnina,trained_oof,0.125,chemistry,0.125,2,198,-0.04040404040404039,-7.9999999999999964,-0.12955620635278217,0.04390243902439017,0.26262626262626265,-0.14572864321608048,0.6557505122950817
assay_envelope,calibrated__gnina,trained_oof,0.125,chemistry,0.125,3,198,-0.06565656565656564,-12.999999999999996,-0.14147946084724006,0.010422207446808445,0.26262626262626265,-0.14572864321608048,0.6557505122950817
assay_envelope,calibrated__gnina,trained_oof,0.125,chemistry,0.125,4,198,-0.025252525252525304,-5.000000000000011,-0.09223487677371169,0.04020100502512558,0.26262626262626265,-0.14572864321608048,0.6557505122950817
assay_envelope,calibrated__gnina,trained_oof,0.125,chemistry,0.125,5,198,0.0,0.0,-0.07317073170731703,0.07446808510638303,0.26262626262626265,-0.14572864321608048,0.6557505122950817
assay_envelope,calibrated__gnina,trained_oof,0.125,chemistry,0.125,6,198,-0.02020202020202022,-4.0000000000000036,-0.0861244019138756,0.046881135471204156,0.26262626262626265,-0.14572864321608048,0.6557505122950817
assay_envelope,calibrated__gnina,trained_oof,0.125,chemistry,0.125,7,198,-0.0757575757575758,-15.000000000000009,-0.135,-0.015542038352652058,0.26262626262626265,-0.14572864321608048,0.6557505122950817
assay_envelope,calibrated__gnina,trained_oof,0.125,chemistry,0.125,8,198,-0.05555555555555558,-11.000000000000005,-0.10784313725490191,-0.005347593582887722,0.26262626262626265,-0.14572864321608048,0.6557505122950817
assay_envelope,calibrated__gnina,trained_oof,0.125,chemistry,0.125,9,198,0.005050505050505083,1.0000000000000064,-0.02030456852791873,0.031092130829015522,0.26262626262626265,-0.14572864321608048,0.6557505122950817
assay_envelope,calibrated__gnina,trained_oof,0.125,chemistry,0.125,10,198,0.0,0.0,0.0,0.0,0.26262626262626265,-0.14572864321608048,0.6557505122950817
assay_envelope,calibrated__gnina,trained_oof,0.25,chemistry,0.25,1,198,-0.030303030303030304,-6.0,-0.10346107886650738,0.04103092783505154,0.3434343434343434,-0.0733316402281791,0.7788937165775401
assay_envelope,calibrated__gnina,trained_oof,0.25,chemistry,0.25,2,198,-0.07575757575757575,-14.999999999999998,-0.165068671560502,0.005406882292128186,0.3434343434343434,-0.0733316402281791,0.7788937165775401
assay_envelope,calibrated__gnina,trained_oof,0.25,chemistry,0.25,3,198,-0.04040404040404033,-7.999999999999986,-0.12309139784946242,0.04569699336196795,0.3434343434343434,-0.0733316402281791,0.7788937165775401
assay_envelope,calibrated__gnina,trained_oof,0.25,chemistry,0.25,4,198,-0.04040404040404033,-7.999999999999986,-0.11794871794871797,0.03804867545735332,0.3434343434343434,-0.0733316402281791,0.7788937165775401
assay_envelope,calibrated__gnina,trained_oof,0.25,chemistry,0.25,5,198,-0.030303030303030387,-6.000000000000017,-0.10294496664645247,0.037842978848413554,0.3434343434343434,-0.0733316402281791,0.7788937165775401
assay_envelope,calibrated__gnina,trained_oof,0.25,chemistry,0.25,6,198,-0.03535353535353536,-7.000000000000001,-0.09523809523809523,0.023608028116907064,0.3434343434343434,-0.0733316402281791,0.7788937165775401
assay_envelope,calibrated__gnina,trained_oof,0.25,chemistry,0.25,7,198,-0.04040404040404044,-8.000000000000007,-0.10638837887460853,0.020518134715025917,0.3434343434343434,-0.0733316402281791,0.7788937165775401
assay_envelope,calibrated__gnina,trained_oof,0.25,chemistry,0.25,8,198,-0.030303030303030276,-5.999999999999995,-0.09375366784037559,0.024878731343283562,0.3434343434343434,-0.0733316402281791,0.7788937165775401
assay_envelope,calibrated__gnina,trained_oof,0.25,chemistry,0.25,9,198,-0.02020202020202011,-3.999999999999982,-0.065664897708045,0.020515463917525793,0.3434343434343434,-0.0733316402281791,0.7788937165775401
assay_envelope,calibrated__gnina,trained_oof,0.25,chemistry,0.25,10,198,0.0,0.0,0.0,0.0,0.3434343434343434,-0.0733316402281791,0.7788937165775401
assay_envelope,calibrated__gnina,trained_oof,0.5,chemistry,0.5,1,198,-0.13636363636363635,-26.999999999999996,-0.2136000207673537,-0.0612014152394627,0.7828282828282829,0.37496710526315963,1.2348566813660127
assay_envelope,calibrated__gnina,trained_oof,0.5,chemistry,0.5,2,198,-0.16666666666666663,-32.99999999999999,-0.2598088235294117,-0.07262352736851245,0.7828282828282829,0.37496710526315963,1.2348566813660127
assay_envelope,calibrated__gnina,trained_oof,0.5,chemistry,0.5,3,198,-0.14141414141414144,-28.000000000000004,-0.22121007468615927,-0.060601898101898075,0.7828282828282829,0.37496710526315963,1.2348566813660127
assay_envelope,calibrated__gnina,trained_oof,0.5,chemistry,0.5,4,198,-0.06565656565656564,-12.999999999999996,-0.1442798892137252,0.010052802081473387,0.7828282828282829,0.37496710526315963,1.2348566813660127
assay_envelope,calibrated__gnina,trained_oof,0.5,chemistry,0.5,5,198,-0.03535353535353536,-7.000000000000001,-0.11061187916026632,0.03279138893892993,0.7828282828282829,0.37496710526315963,1.2348566813660127
assay_envelope,calibrated__gnina,trained_oof,0.5,chemistry,0.5,6,198,-0.06060606060606055,-11.99999999999999,-0.12633249791144524,0.005128865979381421,0.7828282828282829,0.37496710526315963,1.2348566813660127
assay_envelope,calibrated__gnina,trained_oof,0.5,chemistry,0.5,7,198,-0.08080808080808077,-15.999999999999993,-0.14358974358974352,-0.02030456852791884,0.7828282828282829,0.37496710526315963,1.2348566813660127
assay_envelope,calibrated__gnina,trained_oof,0.5,chemistry,0.5,8,198,-0.045454545454545414,-8.999999999999993,-0.11004784688995206,0.010639720104676363,0.7828282828282829,0.37496710526315963,1.2348566813660127
assay_envelope,calibrated__gnina,trained_oof,0.5,chemistry,0.5,9,198,-0.0505050505050505,-9.999999999999998,-0.09390078092316276,-0.014563106796116498,0.7828282828282829,0.37496710526315963,1.2348566813660127
assay_envelope,calibrated__gnina,trained_oof,0.5,chemistry,0.5,10,198,0.0,0.0,0.0,0.0,0.7828282828282829,0.37496710526315963,1.2348566813660127
assay_envelope,calibrated__gnina,trained_oof,1.0,chemistry,1.0,1,198,-0.196969696969697,-39.00000000000001,-0.28206521739130436,-0.1187827606290042,1.0151515151515151,0.5927737001344694,1.4517917573120624
assay_envelope,calibrated__gnina,trained_oof,1.0,chemistry,1.0,2,198,-0.20707070707070702,-40.999999999999986,-0.29556650246305416,-0.11979166666666669,1.0151515151515151,0.5927737001344694,1.4517917573120624
assay_envelope,calibrated__gnina,trained_oof,1.0,chemistry,1.0,3,198,-0.16666666666666674,-33.000000000000014,-0.24521223262032088,-0.09042976074401878,1.0151515151515151,0.5927737001344694,1.4517917573120624
assay_envelope,calibrated__gnina,trained_oof,1.0,chemistry,1.0,4,198,-0.1515151515151515,-29.999999999999996,-0.2233502538071066,-0.07842180774748923,1.0151515151515151,0.5927737001344694,1.4517917573120624
assay_envelope,calibrated__gnina,trained_oof,1.0,chemistry,1.0,5,198,-0.09595959595959591,-18.99999999999999,-0.16425120772946855,-0.02969931229576164,1.0151515151515151,0.5927737001344694,1.4517917573120624
assay_envelope,calibrated__gnina,trained_oof,1.0,chemistry,1.0,6,198,-0.03535353535353536,-7.000000000000001,-0.09589214058392134,0.021279440209352615,1.0151515151515151,0.5927737001344694,1.4517917573120624
assay_envelope,calibrated__gnina,trained_oof,1.0,chemistry,1.0,7,198,-0.0505050505050505,-9.999999999999998,-0.1179680365296804,0.005528270841642911,1.0151515151515151,0.5927737001344694,1.4517917573120624
assay_envelope,calibrated__gnina,trained_oof,1.0,chemistry,1.0,8,198,-0.05555555555555558,-11.000000000000005,-0.10989285714285708,-0.005291005291005235,1.0151515151515151,0.5927737001344694,1.4517917573120624
assay_envelope,calibrated__gnina,trained_oof,1.0,chemistry,1.0,9,198,-0.05555555555555558,-11.000000000000005,-0.10476190476190472,-0.010151002409885694,1.0151515151515151,0.5927737001344694,1.4517917573120624
assay_envelope,calibrated__gnina,trained_oof,1.0,chemistry,1.0,10,198,0.0,0.0,0.0,0.0,1.0151515151515151,0.5927737001344694,1.4517917573120624
assay_envelope,availability__gnina,trained_oof,0.125,chemistry,0.125,1,198,0.0,0.0,0.0,0.0,-0.005050505050505051,-0.016306575196008512,0.0
assay_envelope,availability__gnina,trained_oof,0.125,chemistry,0.125,2,198,0.0,0.0,0.0,0.0,-0.005050505050505051,-0.016306575196008512,0.0
assay_envelope,availability__gnina,trained_oof,0.125,chemistry,0.125,3,198,0.0,0.0,0.0,0.0,-0.005050505050505051,-0.016306575196008512,0.0
assay_envelope,availability__gnina,trained_oof,0.125,chemistry,0.125,4,198,0.0,0.0,0.0,0.0,-0.005050505050505051,-0.016306575196008512,0.0
assay_envelope,availability__gnina,trained_oof,0.125,chemistry,0.125,5,198,0.0,0.0,0.0,0.0,-0.005050505050505051,-0.016306575196008512,0.0
assay_envelope,availability__gnina,trained_oof,0.125,chemistry,0.125,6,198,0.0,0.0,0.0,0.0,-0.005050505050505051,-0.016306575196008512,0.0
assay_envelope,availability__gnina,trained_oof,0.125,chemistry,0.125,7,198,0.005050505050504972,0.9999999999999845,0.0,0.016306575196008612,-0.005050505050505051,-0.016306575196008512,0.0
assay_envelope,availability__gnina,trained_oof,0.125,chemistry,0.125,8,198,0.0,0.0,0.0,0.0,-0.005050505050505051,-0.016306575196008512,0.0
assay_envelope,availability__gnina,trained_oof,0.125,chemistry,0.125,9,198,0.0,0.0,0.0,0.0,-0.005050505050505051,-0.016306575196008512,0.0
assay_envelope,availability__gnina,trained_oof,0.125,chemistry,0.125,10,198,0.0,0.0,0.0,0.0,-0.005050505050505051,-0.016306575196008512,0.0
assay_envelope,availability__gnina,trained_oof,0.25,chemistry,0.25,1,198,0.0,0.0,0.0,0.0,0.010101010101010102,-0.030931841247797333,0.06103286384976505
assay_envelope,availability__gnina,trained_oof,0.25,chemistry,0.25,2,198,0.01010101010101011,2.0000000000000018,0.0,0.026178010471204216,0.010101010101010102,-0.030931841247797333,0.06103286384976505
assay_envelope,availability__gnina,trained_oof,0.25,chemistry,0.25,3,198,0.0,0.0,0.0,0.0,0.010101010101010102,-0.030931841247797333,0.06103286384976505
assay_envelope,availability__gnina,trained_oof,0.25,chemistry,0.25,4,198,-0.005050505050504972,-0.9999999999999845,-0.022632218024824638,0.010695187165775444,0.010101010101010102,-0.030931841247797333,0.06103286384976505
assay_envelope,availability__gnina,trained_oof,0.25,chemistry,0.25,5,198,-0.010101010101010166,-2.000000000000013,-0.025128800568499057,0.0,0.010101010101010102,-0.030931841247797333,0.06103286384976505
assay_envelope,availability__gnina,trained_oof,0.25,chemistry,0.25,6,198,-0.005050505050505083,-1.0000000000000064,-0.015230368797265142,0.0,0.010101010101010102,-0.030931841247797333,0.06103286384976505
assay_envelope,availability__gnina,trained_oof,0.25,chemistry,0.25,7,198,-0.005050505050505083,-1.0000000000000064,-0.015230368797265142,0.0,0.010101010101010102,-0.030931841247797333,0.06103286384976505
assay_envelope,availability__gnina,trained_oof,0.25,chemistry,0.25,8,198,0.0,0.0,0.0,0.0,0.010101010101010102,-0.030931841247797333,0.06103286384976505
assay_envelope,availability__gnina,trained_oof,0.25,chemistry,0.25,9,198,0.005050505050505083,1.0000000000000064,0.0,0.016044937036398078,0.010101010101010102,-0.030931841247797333,0.06103286384976505
assay_envelope,availability__gnina,trained_oof,0.25,chemistry,0.25,10,198,0.0,0.0,0.0,0.0,0.010101010101010102,-0.030931841247797333,0.06103286384976505
assay_envelope,availability__gnina,trained_oof,0.5,chemistry,0.5,1,198,-0.0050505050505050275,-0.9999999999999954,-0.015957446808510634,0.0,0.005050505050505051,0.0,0.01595744680851041
assay_envelope,availability__gnina,trained_oof,0.5,chemistry,0.5,2,198,0.0,0.0,0.0,0.0,0.005050505050505051,0.0,0.01595744680851041
assay_envelope,availability__gnina,trained_oof,0.5,chemistry,0.5,3,198,0.0,0.0,0.0,0.0,0.005050505050505051,0.0,0.01595744680851041
assay_envelope,availability__gnina,trained_oof,0.5,chemistry,0.5,4,198,0.0,0.0,0.0,0.0,0.005050505050505051,0.0,0.01595744680851041
assay_envelope,availability__gnina,trained_oof,0.5,chemistry,0.5,5,198,0.0,0.0,0.0,0.0,0.005050505050505051,0.0,0.01595744680851041
assay_envelope,availability__gnina,trained_oof,0.5,chemistry,0.5,6,198,0.0,0.0,0.0,0.0,0.005050505050505051,0.0,0.01595744680851041
assay_envelope,availability__gnina,trained_oof,0.5,chemistry,0.5,7,198,0.0,0.0,0.0,0.0,0.005050505050505051,0.0,0.01595744680851041
assay_envelope,availability__gnina,trained_oof,0.5,chemistry,0.5,8,198,0.0,0.0,0.0,0.0,0.005050505050505051,0.0,0.01595744680851041
assay_envelope,availability__gnina,trained_oof,0.5,chemistry,0.5,9,198,0.0,0.0,0.0,0.0,0.005050505050505051,0.0,0.01595744680851041
assay_envelope,availability__gnina,trained_oof,0.5,chemistry,0.5,10,198,0.0,0.0,0.0,0.0,0.005050505050505051,0.0,0.01595744680851041
assay_envelope,availability__gnina,trained_oof,1.0,chemistry,1.0,1,198,0.0,0.0,0.0,0.0,0.0,0.0,0.0
assay_envelope,availability__gnina,trained_oof,1.0,chemistry,1.0,2,198,0.0,0.0,0.0,0.0,0.0,0.0,0.0
assay_envelope,availability__gnina,trained_oof,1.0,chemistry,1.0,3,198,0.0,0.0,0.0,0.0,0.0,0.0,0.0
assay_envelope,availability__gnina,trained_oof,1.0,chemistry,1.0,4,198,0.0,0.0,0.0,0.0,0.0,0.0,0.0
assay_envelope,availability__gnina,trained_oof,1.0,chemistry,1.0,5,198,0.0,0.0,0.0,0.0,0.0,0.0,0.0
assay_envelope,availability__gnina,trained_oof,1.0,chemistry,1.0,6,198,0.0,0.0,0.0,0.0,0.0,0.0,0.0
assay_envelope,availability__gnina,trained_oof,1.0,chemistry,1.0,7,198,0.0,0.0,0.0,0.0,0.0,0.0,0.0
assay_envelope,availability__gnina,trained_oof,1.0,chemistry,1.0,8,198,0.0,0.0,0.0,0.0,0.0,0.0,0.0
assay_envelope,availability__gnina,trained_oof,1.0,chemistry,1.0,9,198,0.0,0.0,0.0,0.0,0.0,0.0,0.0
assay_envelope,availability__gnina,trained_oof,1.0,chemistry,1.0,10,198,0.0,0.0,0.0,0.0,0.0,0.0,0.0
assay_envelope,plus__gnina,trained_oof,0.125,chemistry,0.125,1,198,0.101010101010101,19.999999999999996,0.02686071908602154,0.17210104250200478,-0.06060606060606061,-0.3812247423721963,0.2548150510204066
assay_envelope,plus__gnina,trained_oof,0.125,chemistry,0.125,2,198,-0.01010101010101011,-2.0000000000000018,-0.07317392414761845,0.05291580400276049,-0.06060606060606061,-0.3812247423721963,0.2548150510204066
assay_envelope,plus__gnina,trained_oof,0.125,chemistry,0.125,3,198,-0.005050505050504972,-0.9999999999999845,-0.06283421440553048,0.054733208955223815,-0.06060606060606061,-0.3812247423721963,0.2548150510204066
assay_envelope,plus__gnina,trained_oof,0.125,chemistry,0.125,4,198,0.0,0.0,-0.0582034308491707,0.05942832976764995,-0.06060606060606061,-0.3812247423721963,0.2548150510204066
assay_envelope,plus__gnina,trained_oof,0.125,chemistry,0.125,5,198,0.015151515151515138,2.9999999999999973,-0.04546031379787732,0.08122586073714409,-0.06060606060606061,-0.3812247423721963,0.2548150510204066
assay_envelope,plus__gnina,trained_oof,0.125,chemistry,0.125,6,198,0.02020202020202022,4.0000000000000036,-0.04109942098573642,0.0815217391304347,-0.06060606060606061,-0.3812247423721963,0.2548150510204066
assay_envelope,plus__gnina,trained_oof,0.125,chemistry,0.125,7,198,-0.030303030303030387,-6.000000000000017,-0.08695652173913038,0.02577319587628868,-0.06060606060606061,-0.3812247423721963,0.2548150510204066
assay_envelope,plus__gnina,trained_oof,0.125,chemistry,0.125,8,198,-0.030303030303030276,-5.999999999999995,-0.0757575757575758,0.015957446808510634,-0.06060606060606061,-0.3812247423721963,0.2548150510204066
assay_envelope,plus__gnina,trained_oof,0.125,chemistry,0.125,9,198,0.0,0.0,-0.030931841247796594,0.030154560682198763,-0.06060606060606061,-0.3812247423721963,0.2548150510204066
assay_envelope,plus__gnina,trained_oof,0.125,chemistry,0.125,10,198,0.0,0.0,0.0,0.0,-0.06060606060606061,-0.3812247423721963,0.2548150510204066
assay_envelope,plus__gnina,trained_oof,0.25,chemistry,0.25,1,198,0.055555555555555525,10.999999999999995,0.0,0.1129032258064516,-0.07575757575757576,-0.33692620727075434,0.21321561388745608
assay_envelope,plus__gnina,trained_oof,0.25,chemistry,0.25,2,198,0.02020202020202022,4.0000000000000036,-0.0357142857142857,0.07729530853130132,-0.07575757575757576,-0.33692620727075434,0.21321561388745608
assay_envelope,plus__gnina,trained_oof,0.25,chemistry,0.25,3,198,0.025252525252525304,5.000000000000011,-0.03175025329280648,0.08543049471958726,-0.07575757575757576,-0.33692620727075434,0.21321561388745608
assay_envelope,plus__gnina,trained_oof,0.25,chemistry,0.25,4,198,0.005050505050505083,1.0000000000000064,-0.05742065181993534,0.06187932665969408,-0.07575757575757576,-0.33692620727075434,0.21321561388745608
assay_envelope,plus__gnina,trained_oof,0.25,chemistry,0.25,5,198,0.005050505050504972,0.9999999999999845,-0.0505050505050505,0.05945945945945941,-0.07575757575757576,-0.33692620727075434,0.21321561388745608
assay_envelope,plus__gnina,trained_oof,0.25,chemistry,0.25,6,198,-0.02020202020202022,-4.0000000000000036,-0.06633503401360547,0.02450980392156865,-0.07575757575757576,-0.33692620727075434,0.21321561388745608
assay_envelope,plus__gnina,trained_oof,0.25,chemistry,0.25,7,198,-0.010101010101010055,-1.999999999999991,-0.05102040816326525,0.031587346024636,-0.07575757575757576,-0.33692620727075434,0.21321561388745608
assay_envelope,plus__gnina,trained_oof,0.25,chemistry,0.25,8,198,-0.010101010101010055,-1.999999999999991,-0.046157407407407466,0.020725388601036232,-0.07575757575757576,-0.33692620727075434,0.21321561388745608
assay_envelope,plus__gnina,trained_oof,0.25,chemistry,0.25,9,198,0.005050505050505083,1.0000000000000064,-0.02051282051282055,0.03141774593551944,-0.07575757575757576,-0.33692620727075434,0.21321561388745608
assay_envelope,plus__gnina,trained_oof,0.25,chemistry,0.25,10,198,0.0,0.0,0.0,0.0,-0.07575757575757576,-0.33692620727075434,0.21321561388745608
assay_envelope,plus__gnina,trained_oof,0.5,chemistry,0.5,1,198,0.02020202020202022,4.0000000000000036,-0.04839363557105494,0.08571789321789317,-0.06060606060606061,-0.4371937814070345,0.3511315736651947
assay_envelope,plus__gnina,trained_oof,0.5,chemistry,0.5,2,198,0.005050505050505083,1.0000000000000064,-0.05970149253731338,0.06383502777486633,-0.06060606060606061,-0.4371937814070345,0.3511315736651947
assay_envelope,plus__gnina,trained_oof,0.5,chemistry,0.5,3,198,0.04040404040404044,8.000000000000007,-0.028439404197698,0.10825059671931343,-0.06060606060606061,-0.4371937814070345,0.3511315736651947
assay_envelope,plus__gnina,trained_oof,0.5,chemistry,0.5,4,198,0.0505050505050505,9.999999999999998,-0.019049897470950143,0.1145876024590163,-0.06060606060606061,-0.4371937814070345,0.3511315736651947
assay_envelope,plus__gnina,trained_oof,0.5,chemistry,0.5,5,198,0.030303030303030276,5.999999999999995,-0.03535353535353525,0.09184664156924911,-0.06060606060606061,-0.4371937814070345,0.3511315736651947
assay_envelope,plus__gnina,trained_oof,0.5,chemistry,0.5,6,198,-0.010101010101010055,-1.999999999999991,-0.07537688442211055,0.049757462686567125,-0.06060606060606061,-0.4371937814070345,0.3511315736651947
assay_envelope,plus__gnina,trained_oof,0.5,chemistry,0.5,7,198,-0.015151515151515138,-2.9999999999999973,-0.07077156334231799,0.038265955753620844,-0.06060606060606061,-0.4371937814070345,0.3511315736651947
assay_envelope,plus__gnina,trained_oof,0.5,chemistry,0.5,8,198,-0.030303030303030276,-5.999999999999995,-0.08080808080808077,0.015384615384615333,-0.06060606060606061,-0.4371937814070345,0.3511315736651947
assay_envelope,plus__gnina,trained_oof,0.5,chemistry,0.5,9,198,-0.030303030303030387,-6.000000000000017,-0.0704296485986627,0.0,-0.06060606060606061,-0.4371937814070345,0.3511315736651947
assay_envelope,plus__gnina,trained_oof,0.5,chemistry,0.5,10,198,0.0,0.0,0.0,0.0,-0.06060606060606061,-0.4371937814070345,0.3511315736651947
assay_envelope,plus__gnina,trained_oof,1.0,chemistry,1.0,1,198,-0.03030303030303033,-6.000000000000005,-0.07729530853130137,0.015077280341099437,0.08080808080808081,-0.1392115012886593,0.3144471649484542
assay_envelope,plus__gnina,trained_oof,1.0,chemistry,1.0,2,198,0.025252525252525304,5.000000000000011,-0.02500631313131315,0.07921184975640415,0.08080808080808081,-0.1392115012886593,0.3144471649484542
assay_envelope,plus__gnina,trained_oof,1.0,chemistry,1.0,3,198,-0.015151515151515138,-2.9999999999999973,-0.06282722513089012,0.030150753768844133,0.08080808080808081,-0.1392115012886593,0.3144471649484542
assay_envelope,plus__gnina,trained_oof,1.0,chemistry,1.0,4,198,-0.010101010101010055,-1.999999999999991,-0.058543758967001376,0.03923031899326884,0.08080808080808081,-0.1392115012886593,0.3144471649484542
assay_envelope,plus__gnina,trained_oof,1.0,chemistry,1.0,5,198,-0.005050505050504972,-0.9999999999999845,-0.044559997044480604,0.03191489361702127,0.08080808080808081,-0.1392115012886593,0.3144471649484542
assay_envelope,plus__gnina,trained_oof,1.0,chemistry,1.0,6,198,0.015151515151515138,2.9999999999999973,-0.020739168779627344,0.05128865979381443,0.08080808080808081,-0.1392115012886593,0.3144471649484542
assay_envelope,plus__gnina,trained_oof,1.0,chemistry,1.0,7,198,-0.015151515151515138,-2.9999999999999973,-0.05376739405439591,0.021164021164021163,0.08080808080808081,-0.1392115012886593,0.3144471649484542
assay_envelope,plus__gnina,trained_oof,1.0,chemistry,1.0,8,198,-0.025252525252525304,-5.000000000000011,-0.0594133293926407,0.009853436082524487,0.08080808080808081,-0.1392115012886593,0.3144471649484542
assay_envelope,plus__gnina,trained_oof,1.0,chemistry,1.0,9,198,-0.02020202020202022,-4.0000000000000036,-0.04926718041262259,0.005319148936170137,0.08080808080808081,-0.1392115012886593,0.3144471649484542
assay_envelope,plus__gnina,trained_oof,1.0,chemistry,1.0,10,198,0.0,0.0,0.0,0.0,0.08080808080808081,-0.1392115012886593,0.3144471649484542
assay_envelope,calibrated__nesso_affinity,trained_oof,0.125,chemistry,0.125,1,198,0.10606060606060608,21.000000000000004,0.014987318840579723,0.19306930693069305,-0.21212121212121213,-0.6402219742063491,0.23036713376450016
assay_envelope,calibrated__nesso_affinity,trained_oof,0.125,chemistry,0.125,2,198,-0.02525252525252525,-4.999999999999999,-0.11735444177671064,0.063174692049272,-0.21212121212121213,-0.6402219742063491,0.23036713376450016
assay_envelope,calibrated__nesso_affinity,trained_oof,0.125,chemistry,0.125,3,198,0.010101010101010166,2.000000000000013,-0.07389618682722134,0.09575005372877707,-0.21212121212121213,-0.6402219742063491,0.23036713376450016
assay_envelope,calibrated__nesso_affinity,trained_oof,0.125,chemistry,0.125,4,198,0.015151515151515138,2.9999999999999973,-0.0663265306122448,0.09183811362382789,-0.21212121212121213,-0.6402219742063491,0.23036713376450016
assay_envelope,calibrated__nesso_affinity,trained_oof,0.125,chemistry,0.125,5,198,0.0505050505050505,9.999999999999998,-0.02538721853442662,0.12234042553191493,-0.21212121212121213,-0.6402219742063491,0.23036713376450016
assay_envelope,calibrated__nesso_affinity,trained_oof,0.125,chemistry,0.125,6,198,0.05555555555555558,11.000000000000005,-0.009663008301674447,0.11857205811655354,-0.21212121212121213,-0.6402219742063491,0.23036713376450016
assay_envelope,calibrated__nesso_affinity,trained_oof,0.125,chemistry,0.125,7,198,0.010101010101010055,1.999999999999991,-0.03664921465968585,0.060117546388038214,-0.21212121212121213,-0.6402219742063491,0.23036713376450016
assay_envelope,calibrated__nesso_affinity,trained_oof,0.125,chemistry,0.125,8,198,0.005050505050505083,1.0000000000000064,-0.03076923076923077,0.044343919420975875,-0.21212121212121213,-0.6402219742063491,0.23036713376450016
assay_envelope,calibrated__nesso_affinity,trained_oof,0.125,chemistry,0.125,9,198,-0.015151515151515138,-2.9999999999999973,-0.04639776187169484,0.015708872967759666,-0.21212121212121213,-0.6402219742063491,0.23036713376450016
assay_envelope,calibrated__nesso_affinity,trained_oof,0.125,chemistry,0.125,10,198,0.0,0.0,0.0,0.0,-0.21212121212121213,-0.6402219742063491,0.23036713376450016
assay_envelope,calibrated__nesso_affinity,trained_oof,0.25,chemistry,0.25,1,198,0.08080808080808083,16.000000000000004,-0.015151515151515138,0.17436893203883488,-0.2222222222222222,-0.6532713070302004,0.25359595408681945
assay_envelope,calibrated__nesso_affinity,trained_oof,0.25,chemistry,0.25,2,198,0.03535353535353536,7.000000000000001,-0.060613751730503054,0.12745619524405497,-0.2222222222222222,-0.6532713070302004,0.25359595408681945
assay_envelope,calibrated__nesso_affinity,trained_oof,0.25,chemistry,0.25,3,198,0.025252525252525304,5.000000000000011,-0.061546391752577326,0.10946510900992414,-0.2222222222222222,-0.6532713070302004,0.25359595408681945
assay_envelope,calibrated__nesso_affinity,trained_oof,0.25,chemistry,0.25,4,198,0.045454545454545525,9.000000000000014,-0.03665403692477265,0.1269934860736747,-0.2222222222222222,-0.6532713070302004,0.25359595408681945
assay_envelope,calibrated__nesso_affinity,trained_oof,0.25,chemistry,0.25,5,198,0.015151515151515138,2.9999999999999973,-0.060613751730503054,0.08949748040313542,-0.2222222222222222,-0.6532713070302004,0.25359595408681945
assay_envelope,calibrated__nesso_affinity,trained_oof,0.25,chemistry,0.25,6,198,0.025252525252525193,4.9999999999999885,-0.03665041548585425,0.08543792193289679,-0.2222222222222222,-0.6532713070302004,0.25359595408681945
assay_envelope,calibrated__nesso_affinity,trained_oof,0.25,chemistry,0.25,7,198,-0.010101010101010055,-1.999999999999991,-0.06896551724137923,0.046403833762886586,-0.2222222222222222,-0.6532713070302004,0.25359595408681945
assay_envelope,calibrated__nesso_affinity,trained_oof,0.25,chemistry,0.25,8,198,-0.005050505050505083,-1.0000000000000064,-0.05661725067385443,0.04255888041870523,-0.2222222222222222,-0.6532713070302004,0.25359595408681945
assay_envelope,calibrated__nesso_affinity,trained_oof,0.25,chemistry,0.25,9,198,0.010101010101010166,2.000000000000013,-0.03350916092892982,0.04891570758738276,-0.2222222222222222,-0.6532713070302004,0.25359595408681945
assay_envelope,calibrated__nesso_affinity,trained_oof,0.25,chemistry,0.25,10,198,0.0,0.0,0.0,0.0,-0.2222222222222222,-0.6532713070302004,0.25359595408681945
assay_envelope,calibrated__nesso_affinity,trained_oof,0.5,chemistry,0.5,1,198,0.03535353535353536,7.000000000000001,-0.07938629997453527,0.1442915512933071,0.06565656565656566,-0.4071157067388222,0.5666075782455067
assay_envelope,calibrated__nesso_affinity,trained_oof,0.5,chemistry,0.5,2,198,-0.010101010101010055,-1.999999999999991,-0.09999999999999998,0.07292301829268297,0.06565656565656566,-0.4071157067388222,0.5666075782455067
assay_envelope,calibrated__nesso_affinity,trained_oof,0.5,chemistry,0.5,3,198,-0.04040404040404033,-7.999999999999986,-0.13369678217821782,0.05155981529209608,0.06565656565656566,-0.4071157067388222,0.5666075782455067
assay_envelope,calibrated__nesso_affinity,trained_oof,0.5,chemistry,0.5,4,198,-0.015151515151515138,-2.9999999999999973,-0.10243902439024388,0.07070826186392225,0.06565656565656566,-0.4071157067388222,0.5666075782455067
assay_envelope,calibrated__nesso_affinity,trained_oof,0.5,chemistry,0.5,5,198,0.0,0.0,-0.08247547793013706,0.07806091176094997,0.06565656565656566,-0.4071157067388222,0.5666075782455067
assay_envelope,calibrated__nesso_affinity,trained_oof,0.5,chemistry,0.5,6,198,0.005050505050505083,1.0000000000000064,-0.05641304347826089,0.06565656565656564,0.06565656565656566,-0.4071157067388222,0.5666075782455067
assay_envelope,calibrated__nesso_affinity,trained_oof,0.5,chemistry,0.5,7,198,0.0,0.0,-0.06001515151515146,0.058208797703478456,0.06565656565656566,-0.4071157067388222,0.5666075782455067
assay_envelope,calibrated__nesso_affinity,trained_oof,0.5,chemistry,0.5,8,198,-0.015151515151515138,-2.9999999999999973,-0.06599104491906903,0.035532994923857864,0.06565656565656566,-0.4071157067388222,0.5666075782455067
assay_envelope,calibrated__nesso_affinity,trained_oof,0.5,chemistry,0.5,9,198,-0.025252525252525304,-5.000000000000011,-0.06468470149253736,0.005586592178770891,0.06565656565656566,-0.4071157067388222,0.5666075782455067
assay_envelope,calibrated__nesso_affinity,trained_oof,0.5,chemistry,0.5,10,198,0.0,0.0,0.0,0.0,0.06565656565656566,-0.4071157067388222,0.5666075782455067
assay_envelope,calibrated__nesso_affinity,trained_oof,1.0,chemistry,1.0,1,198,-0.025252525252525304,-5.000000000000011,-0.1173544417767107,0.06191154700222054,0.37373737373737376,-0.0670189893702257,0.8266120277898401
assay_envelope,calibrated__nesso_affinity,trained_oof,1.0,chemistry,1.0,2,198,-0.06565656565656564,-12.999999999999996,-0.15921872595783962,0.022361478981544475,0.37373737373737376,-0.0670189893702257,0.8266120277898401
assay_envelope,calibrated__nesso_affinity,trained_oof,1.0,chemistry,1.0,3,198,-0.09595959595959602,-19.000000000000014,-0.1865303567444282,-0.014996287128712905,0.37373737373737376,-0.0670189893702257,0.8266120277898401
assay_envelope,calibrated__nesso_affinity,trained_oof,1.0,chemistry,1.0,4,198,-0.07575757575757569,-14.999999999999986,-0.15426491555165597,0.0,0.37373737373737376,-0.0670189893702257,0.8266120277898401
assay_envelope,calibrated__nesso_affinity,trained_oof,1.0,chemistry,1.0,5,198,-0.045454545454545414,-8.999999999999993,-0.11483672248803832,0.02193647540983566,0.37373737373737376,-0.0670189893702257,0.8266120277898401
assay_envelope,calibrated__nesso_affinity,trained_oof,1.0,chemistry,1.0,6,198,-0.010101010101010055,-1.999999999999991,-0.06914631336405533,0.048546313303594935,0.37373737373737376,-0.0670189893702257,0.8266120277898401
assay_envelope,calibrated__nesso_affinity,trained_oof,1.0,chemistry,1.0,7,198,-0.025252525252525193,-4.9999999999999885,-0.08207253886010367,0.03141361256544495,0.37373737373737376,-0.0670189893702257,0.8266120277898401
assay_envelope,calibrated__nesso_affinity,trained_oof,1.0,chemistry,1.0,8,198,-0.02020202020202022,-4.0000000000000036,-0.06965463380770567,0.02689273752864448,0.37373737373737376,-0.0670189893702257,0.8266120277898401
assay_envelope,calibrated__nesso_affinity,trained_oof,1.0,chemistry,1.0,9,198,-0.010101010101010166,-2.000000000000013,-0.04082155939298801,0.020621227498531083,0.37373737373737376,-0.0670189893702257,0.8266120277898401
assay_envelope,calibrated__nesso_affinity,trained_oof,1.0,chemistry,1.0,10,198,0.0,0.0,0.0,0.0,0.37373737373737376,-0.0670189893702257,0.8266120277898401
assay_envelope,availability__nesso_affinity,trained_oof,0.125,chemistry,0.125,1,198,0.0,0.0,0.0,0.0,-0.005050505050505051,-0.016306575196008512,0.0
assay_envelope,availability__nesso_affinity,trained_oof,0.125,chemistry,0.125,2,198,0.0,0.0,0.0,0.0,-0.005050505050505051,-0.016306575196008512,0.0
assay_envelope,availability__nesso_affinity,trained_oof,0.125,chemistry,0.125,3,198,0.0,0.0,0.0,0.0,-0.005050505050505051,-0.016306575196008512,0.0
assay_envelope,availability__nesso_affinity,trained_oof,0.125,chemistry,0.125,4,198,0.0,0.0,0.0,0.0,-0.005050505050505051,-0.016306575196008512,0.0
assay_envelope,availability__nesso_affinity,trained_oof,0.125,chemistry,0.125,5,198,0.0,0.0,0.0,0.0,-0.005050505050505051,-0.016306575196008512,0.0
assay_envelope,availability__nesso_affinity,trained_oof,0.125,chemistry,0.125,6,198,0.0,0.0,0.0,0.0,-0.005050505050505051,-0.016306575196008512,0.0
assay_envelope,availability__nesso_affinity,trained_oof,0.125,chemistry,0.125,7,198,0.005050505050504972,0.9999999999999845,0.0,0.016306575196008612,-0.005050505050505051,-0.016306575196008512,0.0
assay_envelope,availability__nesso_affinity,trained_oof,0.125,chemistry,0.125,8,198,0.0,0.0,0.0,0.0,-0.005050505050505051,-0.016306575196008512,0.0
assay_envelope,availability__nesso_affinity,trained_oof,0.125,chemistry,0.125,9,198,0.0,0.0,0.0,0.0,-0.005050505050505051,-0.016306575196008512,0.0
assay_envelope,availability__nesso_affinity,trained_oof,0.125,chemistry,0.125,10,198,0.0,0.0,0.0,0.0,-0.005050505050505051,-0.016306575196008512,0.0
assay_envelope,availability__nesso_affinity,trained_oof,0.25,chemistry,0.25,1,198,0.0,0.0,0.0,0.0,0.010101010101010102,-0.030931841247797333,0.06103286384976505
assay_envelope,availability__nesso_affinity,trained_oof,0.25,chemistry,0.25,2,198,0.01010101010101011,2.0000000000000018,0.0,0.026178010471204216,0.010101010101010102,-0.030931841247797333,0.06103286384976505
assay_envelope,availability__nesso_affinity,trained_oof,0.25,chemistry,0.25,3,198,0.0,0.0,0.0,0.0,0.010101010101010102,-0.030931841247797333,0.06103286384976505
assay_envelope,availability__nesso_affinity,trained_oof,0.25,chemistry,0.25,4,198,-0.005050505050504972,-0.9999999999999845,-0.022632218024824638,0.010695187165775444,0.010101010101010102,-0.030931841247797333,0.06103286384976505
assay_envelope,availability__nesso_affinity,trained_oof,0.25,chemistry,0.25,5,198,-0.010101010101010166,-2.000000000000013,-0.025128800568499057,0.0,0.010101010101010102,-0.030931841247797333,0.06103286384976505
assay_envelope,availability__nesso_affinity,trained_oof,0.25,chemistry,0.25,6,198,-0.005050505050505083,-1.0000000000000064,-0.015230368797265142,0.0,0.010101010101010102,-0.030931841247797333,0.06103286384976505
assay_envelope,availability__nesso_affinity,trained_oof,0.25,chemistry,0.25,7,198,-0.005050505050505083,-1.0000000000000064,-0.015230368797265142,0.0,0.010101010101010102,-0.030931841247797333,0.06103286384976505
assay_envelope,availability__nesso_affinity,trained_oof,0.25,chemistry,0.25,8,198,0.0,0.0,0.0,0.0,0.010101010101010102,-0.030931841247797333,0.06103286384976505
assay_envelope,availability__nesso_affinity,trained_oof,0.25,chemistry,0.25,9,198,0.005050505050505083,1.0000000000000064,0.0,0.016044937036398078,0.010101010101010102,-0.030931841247797333,0.06103286384976505
assay_envelope,availability__nesso_affinity,trained_oof,0.25,chemistry,0.25,10,198,0.0,0.0,0.0,0.0,0.010101010101010102,-0.030931841247797333,0.06103286384976505
assay_envelope,availability__nesso_affinity,trained_oof,0.5,chemistry,0.5,1,198,-0.0050505050505050275,-0.9999999999999954,-0.015957446808510634,0.0,0.005050505050505051,0.0,0.01595744680851041
assay_envelope,availability__nesso_affinity,trained_oof,0.5,chemistry,0.5,2,198,0.0,0.0,0.0,0.0,0.005050505050505051,0.0,0.01595744680851041
assay_envelope,availability__nesso_affinity,trained_oof,0.5,chemistry,0.5,3,198,0.0,0.0,0.0,0.0,0.005050505050505051,0.0,0.01595744680851041
assay_envelope,availability__nesso_affinity,trained_oof,0.5,chemistry,0.5,4,198,0.0,0.0,0.0,0.0,0.005050505050505051,0.0,0.01595744680851041
assay_envelope,availability__nesso_affinity,trained_oof,0.5,chemistry,0.5,5,198,0.0,0.0,0.0,0.0,0.005050505050505051,0.0,0.01595744680851041
assay_envelope,availability__nesso_affinity,trained_oof,0.5,chemistry,0.5,6,198,0.0,0.0,0.0,0.0,0.005050505050505051,0.0,0.01595744680851041
assay_envelope,availability__nesso_affinity,trained_oof,0.5,chemistry,0.5,7,198,0.0,0.0,0.0,0.0,0.005050505050505051,0.0,0.01595744680851041
assay_envelope,availability__nesso_affinity,trained_oof,0.5,chemistry,0.5,8,198,0.0,0.0,0.0,0.0,0.005050505050505051,0.0,0.01595744680851041
assay_envelope,availability__nesso_affinity,trained_oof,0.5,chemistry,0.5,9,198,0.0,0.0,0.0,0.0,0.005050505050505051,0.0,0.01595744680851041
assay_envelope,availability__nesso_affinity,trained_oof,0.5,chemistry,0.5,10,198,0.0,0.0,0.0,0.0,0.005050505050505051,0.0,0.01595744680851041
assay_envelope,availability__nesso_affinity,trained_oof,1.0,chemistry,1.0,1,198,0.0,0.0,0.0,0.0,0.0,0.0,0.0
assay_envelope,availability__nesso_affinity,trained_oof,1.0,chemistry,1.0,2,198,0.0,0.0,0.0,0.0,0.0,0.0,0.0
assay_envelope,availability__nesso_affinity,trained_oof,1.0,chemistry,1.0,3,198,0.0,0.0,0.0,0.0,0.0,0.0,0.0
assay_envelope,availability__nesso_affinity,trained_oof,1.0,chemistry,1.0,4,198,0.0,0.0,0.0,0.0,0.0,0.0,0.0
assay_envelope,availability__nesso_affinity,trained_oof,1.0,chemistry,1.0,5,198,0.0,0.0,0.0,0.0,0.0,0.0,0.0
assay_envelope,availability__nesso_affinity,trained_oof,1.0,chemistry,1.0,6,198,0.0,0.0,0.0,0.0,0.0,0.0,0.0
assay_envelope,availability__nesso_affinity,trained_oof,1.0,chemistry,1.0,7,198,0.0,0.0,0.0,0.0,0.0,0.0,0.0
assay_envelope,availability__nesso_affinity,trained_oof,1.0,chemistry,1.0,8,198,0.0,0.0,0.0,0.0,0.0,0.0,0.0
assay_envelope,availability__nesso_affinity,trained_oof,1.0,chemistry,1.0,9,198,0.0,0.0,0.0,0.0,0.0,0.0,0.0
assay_envelope,availability__nesso_affinity,trained_oof,1.0,chemistry,1.0,10,198,0.0,0.0,0.0,0.0,0.0,0.0,0.0
assay_envelope,plus__nesso_affinity,trained_oof,0.125,chemistry,0.125,1,198,0.11616161616161619,23.000000000000004,0.02940110826939472,0.20197044334975367,-0.3787878787878788,-0.7838861588861584,0.05034965467732872
assay_envelope,plus__nesso_affinity,trained_oof,0.125,chemistry,0.125,2,198,0.06060606060606055,11.99999999999999,-0.02617801047120416,0.14780661866868755,-0.3787878787878788,-0.7838861588861584,0.05034965467732872
assay_envelope,plus__nesso_affinity,trained_oof,0.125,chemistry,0.125,3,198,0.03535353535353536,7.000000000000001,-0.04456559405940598,0.11398963730569955,-0.3787878787878788,-0.7838861588861584,0.05034965467732872
assay_envelope,plus__nesso_affinity,trained_oof,0.125,chemistry,0.125,4,198,0.030303030303030276,5.999999999999995,-0.046952658358528146,0.10256756756756752,-0.3787878787878788,-0.7838861588861584,0.05034965467732872
assay_envelope,plus__nesso_affinity,trained_oof,0.125,chemistry,0.125,5,198,0.06060606060606066,12.00000000000001,-0.01005540523128467,0.13089005235602091,-0.3787878787878788,-0.7838861588861584,0.05034965467732872
assay_envelope,plus__nesso_affinity,trained_oof,0.125,chemistry,0.125,6,198,0.0505050505050505,9.999999999999998,-0.010418030104712114,0.11225928833071684,-0.3787878787878788,-0.7838861588861584,0.05034965467732872
assay_envelope,plus__nesso_affinity,trained_oof,0.125,chemistry,0.125,7,198,0.025252525252525193,4.9999999999999885,-0.021624559341950646,0.07513337601365759,-0.3787878787878788,-0.7838861588861584,0.05034965467732872
assay_envelope,plus__nesso_affinity,trained_oof,0.125,chemistry,0.125,8,198,0.0,0.0,-0.04233619198074175,0.04255888041870523,-0.3787878787878788,-0.7838861588861584,0.05034965467732872
assay_envelope,plus__nesso_affinity,trained_oof,0.125,chemistry,0.125,9,198,0.0,0.0,-0.028439404197698,0.026178010471204164,-0.3787878787878788,-0.7838861588861584,0.05034965467732872
assay_envelope,plus__nesso_affinity,trained_oof,0.125,chemistry,0.125,10,198,0.0,0.0,0.0,0.0,-0.3787878787878788,-0.7838861588861584,0.05034965467732872
assay_envelope,plus__nesso_affinity,trained_oof,0.25,chemistry,0.25,1,198,0.1616161616161616,31.999999999999996,0.07691326530612246,0.24764684554024638,-0.5505050505050505,-0.9174769792813535,-0.17495668316831606
assay_envelope,plus__nesso_affinity,trained_oof,0.25,chemistry,0.25,2,198,0.13636363636363635,26.999999999999996,0.05554166666666669,0.212438361993442,-0.5505050505050505,-0.9174769792813535,-0.17495668316831606
assay_envelope,plus__nesso_affinity,trained_oof,0.25,chemistry,0.25,3,198,0.09595959595959602,19.000000000000014,0.015300353809865724,0.1758793969849246,-0.5505050505050505,-0.9174769792813535,-0.17495668316831606
assay_envelope,plus__nesso_affinity,trained_oof,0.25,chemistry,0.25,4,198,0.05555555555555558,11.000000000000005,-0.019141056312108932,0.13091729343290714,-0.5505050505050505,-0.9174769792813535,-0.17495668316831606
assay_envelope,plus__nesso_affinity,trained_oof,0.25,chemistry,0.25,5,198,0.030303030303030276,5.999999999999995,-0.034657775479040365,0.09406394173448764,-0.5505050505050505,-0.9174769792813535,-0.17495668316831606
assay_envelope,plus__nesso_affinity,trained_oof,0.25,chemistry,0.25,6,198,0.03535353535353536,7.000000000000001,-0.015804572907679077,0.08900523560209428,-0.5505050505050505,-0.9174769792813535,-0.17495668316831606
assay_envelope,plus__nesso_affinity,trained_oof,0.25,chemistry,0.25,7,198,0.02020202020202022,4.0000000000000036,-0.029564002646864273,0.07107505438723707,-0.5505050505050505,-0.9174769792813535,-0.17495668316831606
assay_envelope,plus__nesso_affinity,trained_oof,0.25,chemistry,0.25,8,198,0.0,0.0,-0.04167212041884813,0.04041434755720468,-0.5505050505050505,-0.9174769792813535,-0.17495668316831606
assay_envelope,plus__nesso_affinity,trained_oof,0.25,chemistry,0.25,9,198,0.015151515151515138,2.9999999999999973,-0.018099547511312156,0.04712041884816753,-0.5505050505050505,-0.9174769792813535,-0.17495668316831606
assay_envelope,plus__nesso_affinity,trained_oof,0.25,chemistry,0.25,10,198,0.0,0.0,0.0,0.0,-0.5505050505050505,-0.9174769792813535,-0.17495668316831606
assay_envelope,plus__nesso_affinity,trained_oof,0.5,chemistry,0.5,1,198,0.14646464646464652,29.00000000000001,0.04995967741935483,0.2398311711619319,-0.40404040404040403,-0.8000255102040823,0.02063451776649761
assay_envelope,plus__nesso_affinity,trained_oof,0.5,chemistry,0.5,2,198,0.08080808080808088,16.000000000000014,0.014849656147880813,0.15055023521505378,-0.40404040404040403,-0.8000255102040823,0.02063451776649761
assay_envelope,plus__nesso_affinity,trained_oof,0.5,chemistry,0.5,3,198,0.05555555555555558,11.000000000000005,-0.020207173778602365,0.13090062932994861,-0.40404040404040403,-0.8000255102040823,0.02063451776649761
assay_envelope,plus__nesso_affinity,trained_oof,0.5,chemistry,0.5,4,198,0.045454545454545525,9.000000000000014,-0.029564002646864165,0.11708001493280235,-0.40404040404040403,-0.8000255102040823,0.02063451776649761
assay_envelope,plus__nesso_affinity,trained_oof,0.5,chemistry,0.5,5,198,0.06060606060606066,12.00000000000001,-0.009663008301674447,0.12683112541785316,-0.40404040404040403,-0.8000255102040823,0.02063451776649761
assay_envelope,plus__nesso_affinity,trained_oof,0.5,chemistry,0.5,6,198,0.02020202020202022,4.0000000000000036,-0.038282112624217865,0.07813265931372544,-0.40404040404040403,-0.8000255102040823,0.02063451776649761
assay_envelope,plus__nesso_affinity,trained_oof,0.5,chemistry,0.5,7,198,0.005050505050505083,1.0000000000000064,-0.0510269492412349,0.05820879770347856,-0.40404040404040403,-0.8000255102040823,0.02063451776649761
assay_envelope,plus__nesso_affinity,trained_oof,0.5,chemistry,0.5,8,198,-0.005050505050504972,-0.9999999999999845,-0.052637904858299646,0.04167763157894727,-0.40404040404040403,-0.8000255102040823,0.02063451776649761
assay_envelope,plus__nesso_affinity,trained_oof,0.5,chemistry,0.5,9,198,-0.005050505050505083,-1.0000000000000064,-0.030773195876288663,0.02010050251256279,-0.40404040404040403,-0.8000255102040823,0.02063451776649761
assay_envelope,plus__nesso_affinity,trained_oof,0.5,chemistry,0.5,10,198,0.0,0.0,0.0,0.0,-0.40404040404040403,-0.8000255102040823,0.02063451776649761
assay_envelope,plus__nesso_affinity,trained_oof,1.0,chemistry,1.0,1,198,0.08585858585858586,17.0,0.010099741129891893,0.1556859186157724,-0.1111111111111111,-0.42269541264386656,0.2121399639964002
assay_envelope,plus__nesso_affinity,trained_oof,1.0,chemistry,1.0,2,198,0.06565656565656564,12.999999999999996,0.0,0.13131313131313127,-0.1111111111111111,-0.42269541264386656,0.2121399639964002
assay_envelope,plus__nesso_affinity,trained_oof,1.0,chemistry,1.0,3,198,0.015151515151515138,2.9999999999999973,-0.044334975369458074,0.07317073170731714,-0.1111111111111111,-0.42269541264386656,0.2121399639964002
assay_envelope,plus__nesso_affinity,trained_oof,1.0,chemistry,1.0,4,198,-0.015151515151515138,-2.9999999999999973,-0.07001767676767683,0.0414561744386874,-0.1111111111111111,-0.42269541264386656,0.2121399639964002
assay_envelope,plus__nesso_affinity,trained_oof,1.0,chemistry,1.0,5,198,-0.025252525252525193,-4.9999999999999885,-0.07330420388050504,0.025910109024179583,-0.1111111111111111,-0.42269541264386656,0.2121399639964002
assay_envelope,plus__nesso_affinity,trained_oof,1.0,chemistry,1.0,6,198,0.010101010101010055,1.999999999999991,-0.0372136492066942,0.061871778350515376,-0.1111111111111111,-0.42269541264386656,0.2121399639964002
assay_envelope,plus__nesso_affinity,trained_oof,1.0,chemistry,1.0,7,198,0.0,0.0,-0.051815304526346626,0.05155306874632765,-0.1111111111111111,-0.42269541264386656,0.2121399639964002
assay_envelope,plus__nesso_affinity,trained_oof,1.0,chemistry,1.0,8,198,-0.010101010101010166,-2.000000000000013,-0.049511107827200564,0.03142192304495968,-0.1111111111111111,-0.42269541264386656,0.2121399639964002
assay_envelope,plus__nesso_affinity,trained_oof,1.0,chemistry,1.0,9,198,-0.015151515151515138,-2.9999999999999973,-0.046882370283018865,0.015625,-0.1111111111111111,-0.42269541264386656,0.2121399639964002
assay_envelope,plus__nesso_affinity,trained_oof,1.0,chemistry,1.0,10,198,0.0,0.0,0.0,0.0,-0.1111111111111111,-0.42269541264386656,0.2121399639964002
assay_envelope,calibrated__nesso_binary,trained_oof,0.125,chemistry,0.125,1,198,0.05555555555555558,11.000000000000005,-0.020841600529100564,0.13366402816752262,0.1919191919191919,-0.26147490027456854,0.6280548811888462
assay_envelope,calibrated__nesso_binary,trained_oof,0.125,chemistry,0.125,2,198,-0.04545454545454547,-9.000000000000004,-0.13333333333333336,0.04688113547120421,0.1919191919191919,-0.26147490027456854,0.6280548811888462
assay_envelope,calibrated__nesso_binary,trained_oof,0.125,chemistry,0.125,3,198,-0.06060606060606055,-11.99999999999999,-0.13132298595713238,0.014566676185037094,0.1919191919191919,-0.26147490027456854,0.6280548811888462
assay_envelope,calibrated__nesso_binary,trained_oof,0.125,chemistry,0.125,4,198,-0.005050505050505083,-1.0000000000000064,-0.08042241665178687,0.06916752459391436,0.1919191919191919,-0.26147490027456854,0.6280548811888462
assay_envelope,calibrated__nesso_binary,trained_oof,0.125,chemistry,0.125,5,198,0.010101010101010055,1.999999999999991,-0.06735751295336789,0.08630542318450209,0.1919191919191919,-0.26147490027456854,0.6280548811888462
assay_envelope,calibrated__nesso_binary,trained_oof,0.125,chemistry,0.125,6,198,-0.02020202020202022,-4.0000000000000036,-0.09230978260869566,0.056122448979591844,0.1919191919191919,-0.26147490027456854,0.6280548811888462
assay_envelope,calibrated__nesso_binary,trained_oof,0.125,chemistry,0.125,7,198,-0.05050505050505061,-10.000000000000021,-0.10994764397905765,0.010153579198176648,0.1919191919191919,-0.26147490027456854,0.6280548811888462
assay_envelope,calibrated__nesso_binary,trained_oof,0.125,chemistry,0.125,8,198,-0.04040404040404033,-7.999999999999986,-0.09756097560975607,0.015463917525773252,0.1919191919191919,-0.26147490027456854,0.6280548811888462
assay_envelope,calibrated__nesso_binary,trained_oof,0.125,chemistry,0.125,9,198,-0.03535353535353525,-6.999999999999979,-0.07614213197969544,0.0050000000000000044,0.1919191919191919,-0.26147490027456854,0.6280548811888462
assay_envelope,calibrated__nesso_binary,trained_oof,0.125,chemistry,0.125,10,198,0.0,0.0,0.0,0.0,0.1919191919191919,-0.26147490027456854,0.6280548811888462
assay_envelope,calibrated__nesso_binary,trained_oof,0.25,chemistry,0.25,1,198,0.07070707070707072,14.000000000000002,-0.004883648581383723,0.14871794871794874,0.005050505050505051,-0.411779866585809,0.4359375
assay_envelope,calibrated__nesso_binary,trained_oof,0.25,chemistry,0.25,2,198,0.02525252525252525,4.999999999999999,-0.058536585365853655,0.10849850914067845,0.005050505050505051,-0.411779866585809,0.4359375
assay_envelope,calibrated__nesso_binary,trained_oof,0.25,chemistry,0.25,3,198,0.0,0.0,-0.08674023957409044,0.08542713567839189,0.005050505050505051,-0.411779866585809,0.4359375
assay_envelope,calibrated__nesso_binary,trained_oof,0.25,chemistry,0.25,4,198,-0.02020202020202022,-4.0000000000000036,-0.10107530510854304,0.06284191035627622,0.005050505050505051,-0.411779866585809,0.4359375
assay_envelope,calibrated__nesso_binary,trained_oof,0.25,chemistry,0.25,5,198,-0.04040404040404044,-8.000000000000007,-0.11219636635141861,0.0357142857142857,0.005050505050505051,-0.411779866585809,0.4359375
assay_envelope,calibrated__nesso_binary,trained_oof,0.25,chemistry,0.25,6,198,-0.045454545454545525,-9.000000000000014,-0.11055503606732568,0.01990803557967735,0.005050505050505051,-0.411779866585809,0.4359375
assay_envelope,calibrated__nesso_binary,trained_oof,0.25,chemistry,0.25,7,198,-0.005050505050505083,-1.0000000000000064,-0.06316431322207967,0.05001262626262624,0.005050505050505051,-0.411779866585809,0.4359375
assay_envelope,calibrated__nesso_binary,trained_oof,0.25,chemistry,0.25,8,198,-0.005050505050505083,-1.0000000000000064,-0.05641025641025643,0.04390781922525098,0.005050505050505051,-0.411779866585809,0.4359375
assay_envelope,calibrated__nesso_binary,trained_oof,0.25,chemistry,0.25,9,198,0.015151515151515138,2.9999999999999973,-0.019326016603348786,0.0478787404710433,0.005050505050505051,-0.411779866585809,0.4359375
assay_envelope,calibrated__nesso_binary,trained_oof,0.25,chemistry,0.25,10,198,0.0,0.0,0.0,0.0,0.005050505050505051,-0.411779866585809,0.4359375
assay_envelope,calibrated__nesso_binary,trained_oof,0.5,chemistry,0.5,1,198,0.02020202020202022,4.0000000000000036,-0.08556892453951279,0.1194283816519495,0.13131313131313133,-0.3147854841858647,0.5846341463414639
assay_envelope,calibrated__nesso_binary,trained_oof,0.5,chemistry,0.5,2,198,-0.0505050505050505,-9.999999999999998,-0.12953367875647664,0.028867574257425636,0.13131313131313133,-0.3147854841858647,0.5846341463414639
assay_envelope,calibrated__nesso_binary,trained_oof,0.5,chemistry,0.5,3,198,-0.045454545454545414,-8.999999999999993,-0.12245148059223691,0.03125,0.13131313131313133,-0.3147854841858647,0.5846341463414639
assay_envelope,calibrated__nesso_binary,trained_oof,0.5,chemistry,0.5,4,198,-0.015151515151515138,-2.9999999999999973,-0.09524407753050969,0.0653266331658291,0.13131313131313133,-0.3147854841858647,0.5846341463414639
assay_envelope,calibrated__nesso_binary,trained_oof,0.5,chemistry,0.5,5,198,0.015151515151515138,2.9999999999999973,-0.055837563451776706,0.08588048855905986,0.13131313131313133,-0.3147854841858647,0.5846341463414639
assay_envelope,calibrated__nesso_binary,trained_oof,0.5,chemistry,0.5,6,198,-0.030303030303030276,-5.999999999999995,-0.08955223880597019,0.030927835051546393,0.13131313131313133,-0.3147854841858647,0.5846341463414639
assay_envelope,calibrated__nesso_binary,trained_oof,0.5,chemistry,0.5,7,198,-0.010101010101010055,-1.999999999999991,-0.06897010271460018,0.05348707664884128,0.13131313131313133,-0.3147854841858647,0.5846341463414639
assay_envelope,calibrated__nesso_binary,trained_oof,0.5,chemistry,0.5,8,198,0.005050505050505083,1.0000000000000064,-0.040184208152958124,0.049261083743842304,0.13131313131313133,-0.3147854841858647,0.5846341463414639
assay_envelope,calibrated__nesso_binary,trained_oof,0.5,chemistry,0.5,9,198,-0.02020202020202022,-4.0000000000000036,-0.051548811770969497,0.009951492537313382,0.13131313131313133,-0.3147854841858647,0.5846341463414639
assay_envelope,calibrated__nesso_binary,trained_oof,0.5,chemistry,0.5,10,198,0.0,0.0,0.0,0.0,0.13131313131313133,-0.3147854841858647,0.5846341463414639
assay_envelope,calibrated__nesso_binary,trained_oof,1.0,chemistry,1.0,1,198,-0.02020202020202022,-4.0000000000000036,-0.09744845360824747,0.06383502777486631,0.41414141414141414,0.005232917170089247,0.8049131656238033
assay_envelope,calibrated__nesso_binary,trained_oof,1.0,chemistry,1.0,2,198,-0.06565656565656564,-12.999999999999996,-0.14348172987974103,0.014858985898589833,0.41414141414141414,0.005232917170089247,0.8049131656238033
assay_envelope,calibrated__nesso_binary,trained_oof,1.0,chemistry,1.0,3,198,-0.08585858585858586,-17.0,-0.15979896907216493,-0.010000000000000009,0.41414141414141414,0.005232917170089247,0.8049131656238033
assay_envelope,calibrated__nesso_binary,trained_oof,1.0,chemistry,1.0,4,198,-0.08080808080808077,-15.999999999999993,-0.14893617021276595,-0.014628869606003795,0.41414141414141414,0.005232917170089247,0.8049131656238033
assay_envelope,calibrated__nesso_binary,trained_oof,1.0,chemistry,1.0,5,198,-0.07070707070707061,-13.99999999999998,-0.135,-0.0052631578947368585,0.41414141414141414,0.005232917170089247,0.8049131656238033
assay_envelope,calibrated__nesso_binary,trained_oof,1.0,chemistry,1.0,6,198,-0.025252525252525304,-5.000000000000011,-0.08205128205128198,0.03500000000000003,0.41414141414141414,0.005232917170089247,0.8049131656238033
assay_envelope,calibrated__nesso_binary,trained_oof,1.0,chemistry,1.0,7,198,-0.025252525252525193,-4.9999999999999885,-0.08290155440414504,0.026188453826445274,0.41414141414141414,0.005232917170089247,0.8049131656238033
assay_envelope,calibrated__nesso_binary,trained_oof,1.0,chemistry,1.0,8,198,-0.030303030303030387,-6.000000000000017,-0.08333333333333337,0.015957446808510634,0.41414141414141414,0.005232917170089247,0.8049131656238033
assay_envelope,calibrated__nesso_binary,trained_oof,1.0,chemistry,1.0,9,198,-0.010101010101010166,-2.000000000000013,-0.04785844717194834,0.02450980392156865,0.41414141414141414,0.005232917170089247,0.8049131656238033
assay_envelope,calibrated__nesso_binary,trained_oof,1.0,chemistry,1.0,10,198,0.0,0.0,0.0,0.0,0.41414141414141414,0.005232917170089247,0.8049131656238033
assay_envelope,availability__nesso_binary,trained_oof,0.125,chemistry,0.125,1,198,0.0,0.0,0.0,0.0,-0.005050505050505051,-0.016306575196008512,0.0
assay_envelope,availability__nesso_binary,trained_oof,0.125,chemistry,0.125,2,198,0.0,0.0,0.0,0.0,-0.005050505050505051,-0.016306575196008512,0.0
assay_envelope,availability__nesso_binary,trained_oof,0.125,chemistry,0.125,3,198,0.0,0.0,0.0,0.0,-0.005050505050505051,-0.016306575196008512,0.0
assay_envelope,availability__nesso_binary,trained_oof,0.125,chemistry,0.125,4,198,0.0,0.0,0.0,0.0,-0.005050505050505051,-0.016306575196008512,0.0
assay_envelope,availability__nesso_binary,trained_oof,0.125,chemistry,0.125,5,198,0.0,0.0,0.0,0.0,-0.005050505050505051,-0.016306575196008512,0.0
assay_envelope,availability__nesso_binary,trained_oof,0.125,chemistry,0.125,6,198,0.0,0.0,0.0,0.0,-0.005050505050505051,-0.016306575196008512,0.0
assay_envelope,availability__nesso_binary,trained_oof,0.125,chemistry,0.125,7,198,0.005050505050504972,0.9999999999999845,0.0,0.016306575196008612,-0.005050505050505051,-0.016306575196008512,0.0
assay_envelope,availability__nesso_binary,trained_oof,0.125,chemistry,0.125,8,198,0.0,0.0,0.0,0.0,-0.005050505050505051,-0.016306575196008512,0.0
assay_envelope,availability__nesso_binary,trained_oof,0.125,chemistry,0.125,9,198,0.0,0.0,0.0,0.0,-0.005050505050505051,-0.016306575196008512,0.0
assay_envelope,availability__nesso_binary,trained_oof,0.125,chemistry,0.125,10,198,0.0,0.0,0.0,0.0,-0.005050505050505051,-0.016306575196008512,0.0
assay_envelope,availability__nesso_binary,trained_oof,0.25,chemistry,0.25,1,198,0.0,0.0,0.0,0.0,0.010101010101010102,-0.030931841247797333,0.06103286384976505
assay_envelope,availability__nesso_binary,trained_oof,0.25,chemistry,0.25,2,198,0.01010101010101011,2.0000000000000018,0.0,0.026178010471204216,0.010101010101010102,-0.030931841247797333,0.06103286384976505
assay_envelope,availability__nesso_binary,trained_oof,0.25,chemistry,0.25,3,198,0.0,0.0,0.0,0.0,0.010101010101010102,-0.030931841247797333,0.06103286384976505
assay_envelope,availability__nesso_binary,trained_oof,0.25,chemistry,0.25,4,198,-0.005050505050504972,-0.9999999999999845,-0.022632218024824638,0.010695187165775444,0.010101010101010102,-0.030931841247797333,0.06103286384976505
assay_envelope,availability__nesso_binary,trained_oof,0.25,chemistry,0.25,5,198,-0.010101010101010166,-2.000000000000013,-0.025128800568499057,0.0,0.010101010101010102,-0.030931841247797333,0.06103286384976505
assay_envelope,availability__nesso_binary,trained_oof,0.25,chemistry,0.25,6,198,-0.005050505050505083,-1.0000000000000064,-0.015230368797265142,0.0,0.010101010101010102,-0.030931841247797333,0.06103286384976505
assay_envelope,availability__nesso_binary,trained_oof,0.25,chemistry,0.25,7,198,-0.005050505050505083,-1.0000000000000064,-0.015230368797265142,0.0,0.010101010101010102,-0.030931841247797333,0.06103286384976505
assay_envelope,availability__nesso_binary,trained_oof,0.25,chemistry,0.25,8,198,0.0,0.0,0.0,0.0,0.010101010101010102,-0.030931841247797333,0.06103286384976505
assay_envelope,availability__nesso_binary,trained_oof,0.25,chemistry,0.25,9,198,0.005050505050505083,1.0000000000000064,0.0,0.016044937036398078,0.010101010101010102,-0.030931841247797333,0.06103286384976505
assay_envelope,availability__nesso_binary,trained_oof,0.25,chemistry,0.25,10,198,0.0,0.0,0.0,0.0,0.010101010101010102,-0.030931841247797333,0.06103286384976505
assay_envelope,availability__nesso_binary,trained_oof,0.5,chemistry,0.5,1,198,-0.0050505050505050275,-0.9999999999999954,-0.015957446808510634,0.0,0.005050505050505051,0.0,0.01595744680851041
assay_envelope,availability__nesso_binary,trained_oof,0.5,chemistry,0.5,2,198,0.0,0.0,0.0,0.0,0.005050505050505051,0.0,0.01595744680851041
assay_envelope,availability__nesso_binary,trained_oof,0.5,chemistry,0.5,3,198,0.0,0.0,0.0,0.0,0.005050505050505051,0.0,0.01595744680851041
assay_envelope,availability__nesso_binary,trained_oof,0.5,chemistry,0.5,4,198,0.0,0.0,0.0,0.0,0.005050505050505051,0.0,0.01595744680851041
assay_envelope,availability__nesso_binary,trained_oof,0.5,chemistry,0.5,5,198,0.0,0.0,0.0,0.0,0.005050505050505051,0.0,0.01595744680851041
assay_envelope,availability__nesso_binary,trained_oof,0.5,chemistry,0.5,6,198,0.0,0.0,0.0,0.0,0.005050505050505051,0.0,0.01595744680851041
assay_envelope,availability__nesso_binary,trained_oof,0.5,chemistry,0.5,7,198,0.0,0.0,0.0,0.0,0.005050505050505051,0.0,0.01595744680851041
assay_envelope,availability__nesso_binary,trained_oof,0.5,chemistry,0.5,8,198,0.0,0.0,0.0,0.0,0.005050505050505051,0.0,0.01595744680851041
assay_envelope,availability__nesso_binary,trained_oof,0.5,chemistry,0.5,9,198,0.0,0.0,0.0,0.0,0.005050505050505051,0.0,0.01595744680851041
assay_envelope,availability__nesso_binary,trained_oof,0.5,chemistry,0.5,10,198,0.0,0.0,0.0,0.0,0.005050505050505051,0.0,0.01595744680851041
assay_envelope,availability__nesso_binary,trained_oof,1.0,chemistry,1.0,1,198,0.0,0.0,0.0,0.0,0.0,0.0,0.0
assay_envelope,availability__nesso_binary,trained_oof,1.0,chemistry,1.0,2,198,0.0,0.0,0.0,0.0,0.0,0.0,0.0
assay_envelope,availability__nesso_binary,trained_oof,1.0,chemistry,1.0,3,198,0.0,0.0,0.0,0.0,0.0,0.0,0.0
assay_envelope,availability__nesso_binary,trained_oof,1.0,chemistry,1.0,4,198,0.0,0.0,0.0,0.0,0.0,0.0,0.0
assay_envelope,availability__nesso_binary,trained_oof,1.0,chemistry,1.0,5,198,0.0,0.0,0.0,0.0,0.0,0.0,0.0
assay_envelope,availability__nesso_binary,trained_oof,1.0,chemistry,1.0,6,198,0.0,0.0,0.0,0.0,0.0,0.0,0.0
assay_envelope,availability__nesso_binary,trained_oof,1.0,chemistry,1.0,7,198,0.0,0.0,0.0,0.0,0.0,0.0,0.0
assay_envelope,availability__nesso_binary,trained_oof,1.0,chemistry,1.0,8,198,0.0,0.0,0.0,0.0,0.0,0.0,0.0
assay_envelope,availability__nesso_binary,trained_oof,1.0,chemistry,1.0,9,198,0.0,0.0,0.0,0.0,0.0,0.0,0.0
assay_envelope,availability__nesso_binary,trained_oof,1.0,chemistry,1.0,10,198,0.0,0.0,0.0,0.0,0.0,0.0,0.0
assay_envelope,plus__nesso_binary,trained_oof,0.125,chemistry,0.125,1,198,0.08080808080808083,16.000000000000004,0.004924906884536874,0.16326530612244897,0.005050505050505051,-0.37236027310257314,0.3737171052631574
assay_envelope,plus__nesso_binary,trained_oof,0.125,chemistry,0.125,2,198,-0.02525252525252525,-4.999999999999999,-0.10784313725490191,0.0628025646862432,0.005050505050505051,-0.37236027310257314,0.3737171052631574
assay_envelope,plus__nesso_binary,trained_oof,0.125,chemistry,0.125,3,198,-0.010101010101010055,-1.999999999999991,-0.0777379863862643,0.056715796821305675,0.005050505050505051,-0.37236027310257314,0.3737171052631574
assay_envelope,plus__nesso_binary,trained_oof,0.125,chemistry,0.125,4,198,0.0,0.0,-0.06598984771573602,0.06405533906820572,0.005050505050505051,-0.37236027310257314,0.3737171052631574
assay_envelope,plus__nesso_binary,trained_oof,0.125,chemistry,0.125,5,198,0.015151515151515138,2.9999999999999973,-0.05446392241963927,0.08378065582805172,0.005050505050505051,-0.37236027310257314,0.3737171052631574
assay_envelope,plus__nesso_binary,trained_oof,0.125,chemistry,0.125,6,198,-0.010101010101010055,-1.999999999999991,-0.07614334058496496,0.0529222530436122,0.005050505050505051,-0.37236027310257314,0.3737171052631574
assay_envelope,plus__nesso_binary,trained_oof,0.125,chemistry,0.125,7,198,-0.030303030303030387,-6.000000000000017,-0.08333333333333337,0.02370813013714297,0.005050505050505051,-0.37236027310257314,0.3737171052631574
assay_envelope,plus__nesso_binary,trained_oof,0.125,chemistry,0.125,8,198,-0.025252525252525193,-4.9999999999999885,-0.0742666617408009,0.021624559341950633,0.005050505050505051,-0.37236027310257314,0.3737171052631574
assay_envelope,plus__nesso_binary,trained_oof,0.125,chemistry,0.125,9,198,0.0,0.0,-0.030773195876288663,0.03125,0.005050505050505051,-0.37236027310257314,0.3737171052631574
assay_envelope,plus__nesso_binary,trained_oof,0.125,chemistry,0.125,10,198,0.0,0.0,0.0,0.0,0.005050505050505051,-0.37236027310257314,0.3737171052631574
assay_envelope,plus__nesso_binary,trained_oof,0.25,chemistry,0.25,1,198,0.11616161616161613,22.999999999999993,0.0401959798994975,0.1917098445595855,-0.1919191919191919,-0.5324226939203355,0.1616397969846237
assay_envelope,plus__nesso_binary,trained_oof,0.25,chemistry,0.25,2,198,0.05555555555555558,11.000000000000005,-0.020408163265306145,0.1347325669257339,-0.1919191919191919,-0.5324226939203355,0.1616397969846237
assay_envelope,plus__nesso_binary,trained_oof,0.25,chemistry,0.25,3,198,0.05050505050505061,10.000000000000021,-0.015548110571575778,0.12627864943854786,-0.1919191919191919,-0.5324226939203355,0.1616397969846237
assay_envelope,plus__nesso_binary,trained_oof,0.25,chemistry,0.25,4,198,0.010101010101010166,2.000000000000013,-0.05642487046632126,0.07693298969072165,-0.1919191919191919,-0.5324226939203355,0.1616397969846237
assay_envelope,plus__nesso_binary,trained_oof,0.25,chemistry,0.25,5,198,0.005050505050504972,0.9999999999999845,-0.05614425822142329,0.06915818068039592,-0.1919191919191919,-0.5324226939203355,0.1616397969846237
assay_envelope,plus__nesso_binary,trained_oof,0.25,chemistry,0.25,6,198,-0.010101010101010166,-2.000000000000013,-0.05883077368878587,0.040005025125628146,-0.1919191919191919,-0.5324226939203355,0.1616397969846237
assay_envelope,plus__nesso_binary,trained_oof,0.25,chemistry,0.25,7,198,-0.02020202020202022,-4.0000000000000036,-0.06796370660295845,0.02604166666666674,-0.1919191919191919,-0.5324226939203355,0.1616397969846237
assay_envelope,plus__nesso_binary,trained_oof,0.25,chemistry,0.25,8,198,-0.02020202020202022,-4.0000000000000036,-0.06316431322207956,0.020942408376963265,-0.1919191919191919,-0.5324226939203355,0.1616397969846237
assay_envelope,plus__nesso_binary,trained_oof,0.25,chemistry,0.25,9,198,0.005050505050505083,1.0000000000000064,-0.034146341463414664,0.04255319148936165,-0.1919191919191919,-0.5324226939203355,0.1616397969846237
assay_envelope,plus__nesso_binary,trained_oof,0.25,chemistry,0.25,10,198,0.0,0.0,0.0,0.0,-0.1919191919191919,-0.5324226939203355,0.1616397969846237
assay_envelope,plus__nesso_binary,trained_oof,0.5,chemistry,0.5,1,198,0.06565656565656569,13.000000000000007,-0.024894756984309218,0.1538461538461538,-0.2777777777777778,-0.635475127551019,0.11287081339712854
assay_envelope,plus__nesso_binary,trained_oof,0.5,chemistry,0.5,2,198,0.0505050505050505,9.999999999999998,-0.01538461538461533,0.11798375491227102,-0.2777777777777778,-0.635475127551019,0.11287081339712854
assay_envelope,plus__nesso_binary,trained_oof,0.5,chemistry,0.5,3,198,0.0505050505050505,9.999999999999998,-0.01905219780219774,0.11796391752577302,-0.2777777777777778,-0.635475127551019,0.11287081339712854
assay_envelope,plus__nesso_binary,trained_oof,0.5,chemistry,0.5,4,198,0.045454545454545525,9.000000000000014,-0.025644329896907236,0.11237107461826562,-0.2777777777777778,-0.635475127551019,0.11287081339712854
assay_envelope,plus__nesso_binary,trained_oof,0.5,chemistry,0.5,5,198,0.04040404040404044,8.000000000000007,-0.025783316241161567,0.1027124547227639,-0.2777777777777778,-0.635475127551019,0.11287081339712854
assay_envelope,plus__nesso_binary,trained_oof,0.5,chemistry,0.5,6,198,0.015151515151515138,2.9999999999999973,-0.03448275862068961,0.0646847014925373,-0.2777777777777778,-0.635475127551019,0.11287081339712854
assay_envelope,plus__nesso_binary,trained_oof,0.5,chemistry,0.5,7,198,0.005050505050505083,1.0000000000000064,-0.04663819624352337,0.05612964416535842,-0.2777777777777778,-0.635475127551019,0.11287081339712854
assay_envelope,plus__nesso_binary,trained_oof,0.5,chemistry,0.5,8,198,0.015151515151515138,2.9999999999999973,-0.025651041666666683,0.057594140153040665,-0.2777777777777778,-0.635475127551019,0.11287081339712854
assay_envelope,plus__nesso_binary,trained_oof,0.5,chemistry,0.5,9,198,-0.010101010101010166,-2.000000000000013,-0.03960396039603964,0.015789473684210464,-0.2777777777777778,-0.635475127551019,0.11287081339712854
assay_envelope,plus__nesso_binary,trained_oof,0.5,chemistry,0.5,10,198,0.0,0.0,0.0,0.0,-0.2777777777777778,-0.635475127551019,0.11287081339712854
assay_envelope,plus__nesso_binary,trained_oof,1.0,chemistry,1.0,1,198,0.030303030303030276,5.999999999999995,-0.03415052606408415,0.09575005372877708,0.030303030303030304,-0.26470985691573923,0.3605868902439018
assay_envelope,plus__nesso_binary,trained_oof,1.0,chemistry,1.0,2,198,0.025252525252525304,5.000000000000011,-0.04060913705583746,0.09046368204659651,0.030303030303030304,-0.26470985691573923,0.3605868902439018
assay_envelope,plus__nesso_binary,trained_oof,1.0,chemistry,1.0,3,198,-0.005050505050505083,-1.0000000000000064,-0.07317073170731703,0.058208797703478456,0.030303030303030304,-0.26470985691573923,0.3605868902439018
assay_envelope,plus__nesso_binary,trained_oof,1.0,chemistry,1.0,4,198,-0.025252525252525193,-4.9999999999999885,-0.07999999999999996,0.03076923076923077,0.030303030303030304,-0.26470985691573923,0.3605868902439018
assay_envelope,plus__nesso_binary,trained_oof,1.0,chemistry,1.0,5,198,-0.030303030303030276,-5.999999999999995,-0.08212725828866392,0.020007614213197945,0.030303030303030304,-0.26470985691573923,0.3605868902439018
assay_envelope,plus__nesso_binary,trained_oof,1.0,chemistry,1.0,6,198,-0.015151515151515138,-2.9999999999999973,-0.06349789915966386,0.035013324873096406,0.030303030303030304,-0.26470985691573923,0.3605868902439018
assay_envelope,plus__nesso_binary,trained_oof,1.0,chemistry,1.0,7,198,0.0,0.0,-0.05290178571428575,0.04950495049504955,0.030303030303030304,-0.26470985691573923,0.3605868902439018
assay_envelope,plus__nesso_binary,trained_oof,1.0,chemistry,1.0,8,198,-0.010101010101010166,-2.000000000000013,-0.050006281407035114,0.02970297029702962,0.030303030303030304,-0.26470985691573923,0.3605868902439018
assay_envelope,plus__nesso_binary,trained_oof,1.0,chemistry,1.0,9,198,0.0,0.0,-0.029415386844392936,0.0267379679144385,0.030303030303030304,-0.26470985691573923,0.3605868902439018
assay_envelope,plus__nesso_binary,trained_oof,1.0,chemistry,1.0,10,198,0.0,0.0,0.0,0.0,0.030303030303030304,-0.26470985691573923,0.3605868902439018
assay_envelope,calibrated__raw_ad4,trained_oof,0.125,chemistry,0.125,1,198,-0.020202020202020193,-3.9999999999999982,-0.07853403141361257,0.035714285714285726,0.3383838383838384,0.01008634222919887,0.677892945544554
assay_envelope,calibrated__raw_ad4,trained_oof,0.125,chemistry,0.125,2,198,-0.07575757575757575,-14.999999999999998,-0.14634146341463417,-0.00965725667971708,0.3383838383838384,0.01008634222919887,0.677892945544554
assay_envelope,calibrated__raw_ad4,trained_oof,0.125,chemistry,0.125,3,198,-0.06565656565656564,-12.999999999999996,-0.135,0.0050000000000000044,0.3383838383838384,0.01008634222919887,0.677892945544554
assay_envelope,calibrated__raw_ad4,trained_oof,0.125,chemistry,0.125,4,198,-0.045454545454545414,-8.999999999999993,-0.10762504311831664,0.015708872967759774,0.3383838383838384,0.01008634222919887,0.677892945544554
assay_envelope,calibrated__raw_ad4,trained_oof,0.125,chemistry,0.125,5,198,-0.02020202020202022,-4.0000000000000036,-0.07317392414761839,0.031746031746031744,0.3383838383838384,0.01008634222919887,0.677892945544554
assay_envelope,calibrated__raw_ad4,trained_oof,0.125,chemistry,0.125,6,198,-0.03535353535353536,-7.000000000000001,-0.10309698565665618,0.031630819838056386,0.3383838383838384,0.01008634222919887,0.677892945544554
assay_envelope,calibrated__raw_ad4,trained_oof,0.125,chemistry,0.125,7,198,-0.03535353535353536,-7.000000000000001,-0.08333333333333326,0.010582010582010581,0.3383838383838384,0.01008634222919887,0.677892945544554
assay_envelope,calibrated__raw_ad4,trained_oof,0.125,chemistry,0.125,8,198,-0.030303030303030276,-5.999999999999995,-0.06633503401360547,0.00497512437810943,0.3383838383838384,0.01008634222919887,0.677892945544554
assay_envelope,calibrated__raw_ad4,trained_oof,0.125,chemistry,0.125,9,198,-0.010101010101010055,-1.999999999999991,-0.034317951318458516,0.014564882784750162,0.3383838383838384,0.01008634222919887,0.677892945544554
assay_envelope,calibrated__raw_ad4,trained_oof,0.125,chemistry,0.125,10,198,0.0,0.0,0.0,0.0,0.3383838383838384,0.01008634222919887,0.677892945544554
assay_envelope,calibrated__raw_ad4,trained_oof,0.25,chemistry,0.25,1,198,-0.050505050505050525,-10.000000000000004,-0.11708001493280241,0.01538860103626941,0.3939393939393939,-0.0001275510204090152,0.8341676829268291
assay_envelope,calibrated__raw_ad4,trained_oof,0.25,chemistry,0.25,2,198,-0.04040404040404039,-7.9999999999999964,-0.12137402320625149,0.046184210526315626,0.3939393939393939,-0.0001275510204090152,0.8341676829268291
assay_envelope,calibrated__raw_ad4,trained_oof,0.25,chemistry,0.25,3,198,-0.08080808080808077,-15.999999999999993,-0.1531195059530433,-0.010361358901768111,0.3939393939393939,-0.0001275510204090152,0.8341676829268291
assay_envelope,calibrated__raw_ad4,trained_oof,0.25,chemistry,0.25,4,198,-0.101010101010101,-19.999999999999996,-0.17535545023696686,-0.026581892730496597,0.3939393939393939,-0.0001275510204090152,0.8341676829268291
assay_envelope,calibrated__raw_ad4,trained_oof,0.25,chemistry,0.25,5,198,-0.045454545454545525,-9.000000000000014,-0.11906185919343816,0.027955790717662125,0.3939393939393939,-0.0001275510204090152,0.8341676829268291
assay_envelope,calibrated__raw_ad4,trained_oof,0.25,chemistry,0.25,6,198,-0.025252525252525304,-5.000000000000011,-0.0923170731707317,0.0368421052631579,0.3939393939393939,-0.0001275510204090152,0.8341676829268291
assay_envelope,calibrated__raw_ad4,trained_oof,0.25,chemistry,0.25,7,198,-0.03535353535353536,-7.000000000000001,-0.09615384615384615,0.020408163265306038,0.3939393939393939,-0.0001275510204090152,0.8341676829268291
assay_envelope,calibrated__raw_ad4,trained_oof,0.25,chemistry,0.25,8,198,-0.025252525252525193,-4.9999999999999885,-0.08333333333333326,0.030154560682198874,0.3939393939393939,-0.0001275510204090152,0.8341676829268291
assay_envelope,calibrated__raw_ad4,trained_oof,0.25,chemistry,0.25,9,198,0.010101010101010166,2.000000000000013,-0.015151515151515138,0.03590206185567017,0.3939393939393939,-0.0001275510204090152,0.8341676829268291
assay_envelope,calibrated__raw_ad4,trained_oof,0.25,chemistry,0.25,10,198,0.0,0.0,0.0,0.0,0.3939393939393939,-0.0001275510204090152,0.8341676829268291
assay_envelope,calibrated__raw_ad4,trained_oof,0.5,chemistry,0.5,1,198,-0.16666666666666666,-33.0,-0.24640018700327254,-0.08866995073891626,0.8080808080808081,0.3958092948717946,1.246436903499469
assay_envelope,calibrated__raw_ad4,trained_oof,0.5,chemistry,0.5,2,198,-0.202020202020202,-39.99999999999999,-0.2891184147262862,-0.11166102650874232,0.8080808080808081,0.3958092948717946,1.246436903499469
assay_envelope,calibrated__raw_ad4,trained_oof,0.5,chemistry,0.5,3,198,-0.101010101010101,-19.999999999999996,-0.17616641993585005,-0.030761421319797,0.8080808080808081,0.3958092948717946,1.246436903499469
assay_envelope,calibrated__raw_ad4,trained_oof,0.5,chemistry,0.5,4,198,-0.05555555555555547,-10.999999999999982,-0.12746375801505436,0.01430928208846973,0.8080808080808081,0.3958092948717946,1.246436903499469
assay_envelope,calibrated__raw_ad4,trained_oof,0.5,chemistry,0.5,5,198,-0.06565656565656564,-12.999999999999996,-0.13840193523581676,0.005155306874632744,0.8080808080808081,0.3958092948717946,1.246436903499469
assay_envelope,calibrated__raw_ad4,trained_oof,0.5,chemistry,0.5,6,198,-0.0757575757575758,-15.000000000000009,-0.14563350734253797,-0.010415317357512926,0.8080808080808081,0.3958092948717946,1.246436903499469
assay_envelope,calibrated__raw_ad4,trained_oof,0.5,chemistry,0.5,7,198,-0.06565656565656564,-12.999999999999996,-0.12676056338028163,-0.005153978324081402,0.8080808080808081,0.3958092948717946,1.246436903499469
assay_envelope,calibrated__raw_ad4,trained_oof,0.5,chemistry,0.5,8,198,-0.045454545454545414,-8.999999999999993,-0.10344827586206895,0.005527189769693934,0.8080808080808081,0.3958092948717946,1.246436903499469
assay_envelope,calibrated__raw_ad4,trained_oof,0.5,chemistry,0.5,9,198,-0.030303030303030387,-6.000000000000017,-0.06666666666666665,0.0,0.8080808080808081,0.3958092948717946,1.246436903499469
assay_envelope,calibrated__raw_ad4,trained_oof,0.5,chemistry,0.5,10,198,0.0,0.0,0.0,0.0,0.8080808080808081,0.3958092948717946,1.246436903499469
assay_envelope,calibrated__raw_ad4,trained_oof,1.0,chemistry,1.0,1,198,-0.26262626262626265,-52.00000000000001,-0.35236169990056,-0.17948369565217392,1.1111111111111112,0.6852595075870682,1.5845616825733473
assay_envelope,calibrated__raw_ad4,trained_oof,1.0,chemistry,1.0,2,198,-0.3232323232323232,-63.99999999999999,-0.4138018112156044,-0.23557692307692307,1.1111111111111112,0.6852595075870682,1.5845616825733473
assay_envelope,calibrated__raw_ad4,trained_oof,1.0,chemistry,1.0,3,198,-0.15656565656565657,-31.0,-0.23711340206185572,-0.08246365318530277,1.1111111111111112,0.6852595075870682,1.5845616825733473
assay_envelope,calibrated__raw_ad4,trained_oof,1.0,chemistry,1.0,4,198,-0.11111111111111105,-21.99999999999999,-0.1925272674326256,-0.03499564676616921,1.1111111111111112,0.6852595075870682,1.5845616825733473
assay_envelope,calibrated__raw_ad4,trained_oof,1.0,chemistry,1.0,5,198,-0.101010101010101,-19.999999999999996,-0.17735845873540726,-0.026171228603206476,1.1111111111111112,0.6852595075870682,1.5845616825733473
assay_envelope,calibrated__raw_ad4,trained_oof,1.0,chemistry,1.0,6,198,-0.06060606060606055,-11.99999999999999,-0.13592233009708743,0.010871050130672409,1.1111111111111112,0.6852595075870682,1.5845616825733473
assay_envelope,calibrated__raw_ad4,trained_oof,1.0,chemistry,1.0,7,198,-0.06565656565656564,-12.999999999999996,-0.13684744857066522,0.0050000000000000044,1.1111111111111112,0.6852595075870682,1.5845616825733473
assay_envelope,calibrated__raw_ad4,trained_oof,1.0,chemistry,1.0,8,198,-0.010101010101010166,-2.000000000000013,-0.047121653659982214,0.026748866542664434,1.1111111111111112,0.6852595075870682,1.5845616825733473
assay_envelope,calibrated__raw_ad4,trained_oof,1.0,chemistry,1.0,9,198,-0.02020202020202022,-4.0000000000000036,-0.04592425431711145,0.00011848341232162954,1.1111111111111112,0.6852595075870682,1.5845616825733473
assay_envelope,calibrated__raw_ad4,trained_oof,1.0,chemistry,1.0,10,198,0.0,0.0,0.0,0.0,1.1111111111111112,0.6852595075870682,1.5845616825733473
assay_envelope,availability__raw_ad4,trained_oof,0.125,chemistry,0.125,1,198,0.0,0.0,0.0,0.0,-0.005050505050505051,-0.016306575196008512,0.0
assay_envelope,availability__raw_ad4,trained_oof,0.125,chemistry,0.125,2,198,0.0,0.0,0.0,0.0,-0.005050505050505051,-0.016306575196008512,0.0
assay_envelope,availability__raw_ad4,trained_oof,0.125,chemistry,0.125,3,198,0.0,0.0,0.0,0.0,-0.005050505050505051,-0.016306575196008512,0.0
assay_envelope,availability__raw_ad4,trained_oof,0.125,chemistry,0.125,4,198,0.0,0.0,0.0,0.0,-0.005050505050505051,-0.016306575196008512,0.0
assay_envelope,availability__raw_ad4,trained_oof,0.125,chemistry,0.125,5,198,0.0,0.0,0.0,0.0,-0.005050505050505051,-0.016306575196008512,0.0
assay_envelope,availability__raw_ad4,trained_oof,0.125,chemistry,0.125,6,198,0.0,0.0,0.0,0.0,-0.005050505050505051,-0.016306575196008512,0.0
assay_envelope,availability__raw_ad4,trained_oof,0.125,chemistry,0.125,7,198,0.005050505050504972,0.9999999999999845,0.0,0.016306575196008612,-0.005050505050505051,-0.016306575196008512,0.0
assay_envelope,availability__raw_ad4,trained_oof,0.125,chemistry,0.125,8,198,0.0,0.0,0.0,0.0,-0.005050505050505051,-0.016306575196008512,0.0
assay_envelope,availability__raw_ad4,trained_oof,0.125,chemistry,0.125,9,198,0.0,0.0,0.0,0.0,-0.005050505050505051,-0.016306575196008512,0.0
assay_envelope,availability__raw_ad4,trained_oof,0.125,chemistry,0.125,10,198,0.0,0.0,0.0,0.0,-0.005050505050505051,-0.016306575196008512,0.0
assay_envelope,availability__raw_ad4,trained_oof,0.25,chemistry,0.25,1,198,0.0,0.0,0.0,0.0,0.010101010101010102,-0.030931841247797333,0.06103286384976505
assay_envelope,availability__raw_ad4,trained_oof,0.25,chemistry,0.25,2,198,0.01010101010101011,2.0000000000000018,0.0,0.026178010471204216,0.010101010101010102,-0.030931841247797333,0.06103286384976505
assay_envelope,availability__raw_ad4,trained_oof,0.25,chemistry,0.25,3,198,0.0,0.0,0.0,0.0,0.010101010101010102,-0.030931841247797333,0.06103286384976505
assay_envelope,availability__raw_ad4,trained_oof,0.25,chemistry,0.25,4,198,-0.005050505050504972,-0.9999999999999845,-0.022632218024824638,0.010695187165775444,0.010101010101010102,-0.030931841247797333,0.06103286384976505
assay_envelope,availability__raw_ad4,trained_oof,0.25,chemistry,0.25,5,198,-0.010101010101010166,-2.000000000000013,-0.025128800568499057,0.0,0.010101010101010102,-0.030931841247797333,0.06103286384976505
assay_envelope,availability__raw_ad4,trained_oof,0.25,chemistry,0.25,6,198,-0.005050505050505083,-1.0000000000000064,-0.015230368797265142,0.0,0.010101010101010102,-0.030931841247797333,0.06103286384976505
assay_envelope,availability__raw_ad4,trained_oof,0.25,chemistry,0.25,7,198,-0.005050505050505083,-1.0000000000000064,-0.015230368797265142,0.0,0.010101010101010102,-0.030931841247797333,0.06103286384976505
assay_envelope,availability__raw_ad4,trained_oof,0.25,chemistry,0.25,8,198,0.0,0.0,0.0,0.0,0.010101010101010102,-0.030931841247797333,0.06103286384976505
assay_envelope,availability__raw_ad4,trained_oof,0.25,chemistry,0.25,9,198,0.005050505050505083,1.0000000000000064,0.0,0.016044937036398078,0.010101010101010102,-0.030931841247797333,0.06103286384976505
assay_envelope,availability__raw_ad4,trained_oof,0.25,chemistry,0.25,10,198,0.0,0.0,0.0,0.0,0.010101010101010102,-0.030931841247797333,0.06103286384976505
assay_envelope,availability__raw_ad4,trained_oof,0.5,chemistry,0.5,1,198,-0.0050505050505050275,-0.9999999999999954,-0.015957446808510634,0.0,0.005050505050505051,0.0,0.01595744680851041
assay_envelope,availability__raw_ad4,trained_oof,0.5,chemistry,0.5,2,198,0.0,0.0,0.0,0.0,0.005050505050505051,0.0,0.01595744680851041
assay_envelope,availability__raw_ad4,trained_oof,0.5,chemistry,0.5,3,198,0.0,0.0,0.0,0.0,0.005050505050505051,0.0,0.01595744680851041
assay_envelope,availability__raw_ad4,trained_oof,0.5,chemistry,0.5,4,198,0.0,0.0,0.0,0.0,0.005050505050505051,0.0,0.01595744680851041
assay_envelope,availability__raw_ad4,trained_oof,0.5,chemistry,0.5,5,198,0.0,0.0,0.0,0.0,0.005050505050505051,0.0,0.01595744680851041
assay_envelope,availability__raw_ad4,trained_oof,0.5,chemistry,0.5,6,198,0.0,0.0,0.0,0.0,0.005050505050505051,0.0,0.01595744680851041
assay_envelope,availability__raw_ad4,trained_oof,0.5,chemistry,0.5,7,198,0.0,0.0,0.0,0.0,0.005050505050505051,0.0,0.01595744680851041
assay_envelope,availability__raw_ad4,trained_oof,0.5,chemistry,0.5,8,198,0.0,0.0,0.0,0.0,0.005050505050505051,0.0,0.01595744680851041
assay_envelope,availability__raw_ad4,trained_oof,0.5,chemistry,0.5,9,198,0.0,0.0,0.0,0.0,0.005050505050505051,0.0,0.01595744680851041
assay_envelope,availability__raw_ad4,trained_oof,0.5,chemistry,0.5,10,198,0.0,0.0,0.0,0.0,0.005050505050505051,0.0,0.01595744680851041
assay_envelope,availability__raw_ad4,trained_oof,1.0,chemistry,1.0,1,198,0.0,0.0,0.0,0.0,0.0,0.0,0.0
assay_envelope,availability__raw_ad4,trained_oof,1.0,chemistry,1.0,2,198,0.0,0.0,0.0,0.0,0.0,0.0,0.0
assay_envelope,availability__raw_ad4,trained_oof,1.0,chemistry,1.0,3,198,0.0,0.0,0.0,0.0,0.0,0.0,0.0
assay_envelope,availability__raw_ad4,trained_oof,1.0,chemistry,1.0,4,198,0.0,0.0,0.0,0.0,0.0,0.0,0.0
assay_envelope,availability__raw_ad4,trained_oof,1.0,chemistry,1.0,5,198,0.0,0.0,0.0,0.0,0.0,0.0,0.0
assay_envelope,availability__raw_ad4,trained_oof,1.0,chemistry,1.0,6,198,0.0,0.0,0.0,0.0,0.0,0.0,0.0
assay_envelope,availability__raw_ad4,trained_oof,1.0,chemistry,1.0,7,198,0.0,0.0,0.0,0.0,0.0,0.0,0.0
assay_envelope,availability__raw_ad4,trained_oof,1.0,chemistry,1.0,8,198,0.0,0.0,0.0,0.0,0.0,0.0,0.0
assay_envelope,availability__raw_ad4,trained_oof,1.0,chemistry,1.0,9,198,0.0,0.0,0.0,0.0,0.0,0.0,0.0
assay_envelope,availability__raw_ad4,trained_oof,1.0,chemistry,1.0,10,198,0.0,0.0,0.0,0.0,0.0,0.0,0.0
assay_envelope,plus__raw_ad4,trained_oof,0.125,chemistry,0.125,1,198,0.07070707070707072,14.000000000000002,0.010151002409885687,0.13334158415841582,0.020202020202020204,-0.21217532467532535,0.25003140703517573
assay_envelope,plus__raw_ad4,trained_oof,0.125,chemistry,0.125,2,198,0.015151515151515138,2.9999999999999973,-0.030150753768844185,0.06318785825950997,0.020202020202020204,-0.21217532467532535,0.25003140703517573
assay_envelope,plus__raw_ad4,trained_oof,0.125,chemistry,0.125,3,198,-0.03535353535353536,-7.000000000000001,-0.08253298825296365,0.010526315789473717,0.020202020202020204,-0.21217532467532535,0.25003140703517573
assay_envelope,plus__raw_ad4,trained_oof,0.125,chemistry,0.125,4,198,-0.025252525252525304,-5.000000000000011,-0.06952806049105864,0.019900497512437724,0.020202020202020204,-0.21217532467532535,0.25003140703517573
assay_envelope,plus__raw_ad4,trained_oof,0.125,chemistry,0.125,5,198,-0.010101010101010055,-1.999999999999991,-0.05642487046632126,0.03684210526315779,0.020202020202020204,-0.21217532467532535,0.25003140703517573
assay_envelope,plus__raw_ad4,trained_oof,0.125,chemistry,0.125,6,198,-0.010101010101010055,-1.999999999999991,-0.053146545659209246,0.03553752719361854,0.020202020202020204,-0.21217532467532535,0.25003140703517573
assay_envelope,plus__raw_ad4,trained_oof,0.125,chemistry,0.125,7,198,-0.025252525252525304,-5.000000000000011,-0.07425742574257421,0.02577319587628868,0.020202020202020204,-0.21217532467532535,0.25003140703517573
assay_envelope,plus__raw_ad4,trained_oof,0.125,chemistry,0.125,8,198,-0.005050505050504972,-0.9999999999999845,-0.0339847264977504,0.02500314070351759,0.020202020202020204,-0.21217532467532535,0.25003140703517573
assay_envelope,plus__raw_ad4,trained_oof,0.125,chemistry,0.125,9,198,0.005050505050505083,1.0000000000000064,-0.015959580157014444,0.027030699177438236,0.020202020202020204,-0.21217532467532535,0.25003140703517573
assay_envelope,plus__raw_ad4,trained_oof,0.125,chemistry,0.125,10,198,0.0,0.0,0.0,0.0,0.020202020202020204,-0.21217532467532535,0.25003140703517573
assay_envelope,plus__raw_ad4,trained_oof,0.25,chemistry,0.25,1,198,0.07070707070707072,14.000000000000002,0.030456852791878153,0.11400059289046989,-0.13131313131313133,-0.2645691609977321,0.005102694924123204
assay_envelope,plus__raw_ad4,trained_oof,0.25,chemistry,0.25,2,198,0.045454545454545414,8.999999999999993,0.013331259758001519,0.0829123488773748,-0.13131313131313133,-0.2645691609977321,0.005102694924123204
assay_envelope,plus__raw_ad4,trained_oof,0.25,chemistry,0.25,3,198,0.015151515151515249,3.0000000000000195,-0.005181347150259086,0.03809914129586256,-0.13131313131313133,-0.2645691609977321,0.005102694924123204
assay_envelope,plus__raw_ad4,trained_oof,0.25,chemistry,0.25,4,198,0.0,0.0,-0.0341505260640842,0.034830223880597054,-0.13131313131313133,-0.2645691609977321,0.005102694924123204
assay_envelope,plus__raw_ad4,trained_oof,0.25,chemistry,0.25,5,198,-0.005050505050505083,-1.0000000000000064,-0.03125,0.020836060209424107,-0.13131313131313133,-0.2645691609977321,0.005102694924123204
assay_envelope,plus__raw_ad4,trained_oof,0.25,chemistry,0.25,6,198,-0.015151515151515138,-2.9999999999999973,-0.03864734299516903,0.005235602094240899,-0.13131313131313133,-0.2645691609977321,0.005102694924123204
assay_envelope,plus__raw_ad4,trained_oof,0.25,chemistry,0.25,7,198,0.005050505050505083,1.0000000000000064,-0.015789473684210575,0.027329951997101698,-0.13131313131313133,-0.2645691609977321,0.005102694924123204
assay_envelope,plus__raw_ad4,trained_oof,0.25,chemistry,0.25,8,198,0.0,0.0,-0.02941176470588236,0.029282854022570023,-0.13131313131313133,-0.2645691609977321,0.005102694924123204
assay_envelope,plus__raw_ad4,trained_oof,0.25,chemistry,0.25,9,198,0.015151515151515138,2.9999999999999973,0.0,0.03465777547904045,-0.13131313131313133,-0.2645691609977321,0.005102694924123204
assay_envelope,plus__raw_ad4,trained_oof,0.25,chemistry,0.25,10,198,0.0,0.0,0.0,0.0,-0.13131313131313133,-0.2645691609977321,0.005102694924123204
assay_envelope,plus__raw_ad4,trained_oof,0.5,chemistry,0.5,1,198,0.04040404040404044,8.000000000000007,0.004693205529473147,0.07653061224489793,-0.21212121212121213,-0.4350058290155445,-0.005208333333333903
assay_envelope,plus__raw_ad4,trained_oof,0.5,chemistry,0.5,2,198,0.04040404040404044,8.000000000000007,0.004876870507835515,0.07731958762886593,-0.21212121212121213,-0.4350058290155445,-0.005208333333333903
assay_envelope,plus__raw_ad4,trained_oof,0.5,chemistry,0.5,3,198,0.03535353535353536,7.000000000000001,-0.009260335917312701,0.07773032707253885,-0.21212121212121213,-0.4350058290155445,-0.005208333333333903
assay_envelope,plus__raw_ad4,trained_oof,0.5,chemistry,0.5,4,198,0.03535353535353536,7.000000000000001,-0.004763630089717139,0.07843137254901955,-0.21212121212121213,-0.4350058290155445,-0.005208333333333903
assay_envelope,plus__raw_ad4,trained_oof,0.5,chemistry,0.5,5,198,0.015151515151515138,2.9999999999999973,-0.02913335237007423,0.06030150753768848,-0.21212121212121213,-0.4350058290155445,-0.005208333333333903
assay_envelope,plus__raw_ad4,trained_oof,0.5,chemistry,0.5,6,198,0.010101010101010055,1.999999999999991,-0.025125628140703515,0.04737468671679198,-0.21212121212121213,-0.4350058290155445,-0.005208333333333903
assay_envelope,plus__raw_ad4,trained_oof,0.5,chemistry,0.5,7,198,0.02020202020202022,4.0000000000000036,-0.009569377990430564,0.05236923580346353,-0.21212121212121213,-0.4350058290155445,-0.005208333333333903
assay_envelope,plus__raw_ad4,trained_oof,0.5,chemistry,0.5,8,198,0.015151515151515138,2.9999999999999973,-0.009663008301674447,0.044117647058823484,-0.21212121212121213,-0.4350058290155445,-0.005208333333333903
assay_envelope,plus__raw_ad4,trained_oof,0.5,chemistry,0.5,9,198,0.0,0.0,0.0,0.0,-0.21212121212121213,-0.4350058290155445,-0.005208333333333903
assay_envelope,plus__raw_ad4,trained_oof,0.5,chemistry,0.5,10,198,0.0,0.0,0.0,0.0,-0.21212121212121213,-0.4350058290155445,-0.005208333333333903
assay_envelope,plus__raw_ad4,trained_oof,1.0,chemistry,1.0,1,198,0.0,0.0,0.0,0.0,-0.020202020202020204,-0.04927333774477294,0.005154639175257714
assay_envelope,plus__raw_ad4,trained_oof,1.0,chemistry,1.0,2,198,0.010101010101010166,2.000000000000013,0.0,0.02564432989690722,-0.020202020202020204,-0.04927333774477294,0.005154639175257714
assay_envelope,plus__raw_ad4,trained_oof,1.0,chemistry,1.0,3,198,0.0,0.0,0.0,0.0,-0.020202020202020204,-0.04927333774477294,0.005154639175257714
assay_envelope,plus__raw_ad4,trained_oof,1.0,chemistry,1.0,4,198,-0.005050505050505083,-1.0000000000000064,-0.015789473684210575,0.0,-0.020202020202020204,-0.04927333774477294,0.005154639175257714
assay_envelope,plus__raw_ad4,trained_oof,1.0,chemistry,1.0,5,198,0.0,0.0,0.0,0.0,-0.020202020202020204,-0.04927333774477294,0.005154639175257714
assay_envelope,plus__raw_ad4,trained_oof,1.0,chemistry,1.0,6,198,0.010101010101010055,1.999999999999991,0.0,0.025641025641025553,-0.020202020202020204,-0.04927333774477294,0.005154639175257714
assay_envelope,plus__raw_ad4,trained_oof,1.0,chemistry,1.0,7,198,0.0,0.0,-0.014423076923076875,0.015151515151515138,-0.020202020202020204,-0.04927333774477294,0.005154639175257714
assay_envelope,plus__raw_ad4,trained_oof,1.0,chemistry,1.0,8,198,0.0,0.0,0.0,0.0,-0.020202020202020204,-0.04927333774477294,0.005154639175257714
assay_envelope,plus__raw_ad4,trained_oof,1.0,chemistry,1.0,9,198,0.005050505050505083,1.0000000000000064,0.0,0.016044937036398078,-0.020202020202020204,-0.04927333774477294,0.005154639175257714
assay_envelope,plus__raw_ad4,trained_oof,1.0,chemistry,1.0,10,198,0.0,0.0,0.0,0.0,-0.020202020202020204,-0.04927333774477294,0.005154639175257714
assay_envelope,calibrated__raw_gnina_own,trained_oof,0.125,chemistry,0.125,1,198,-0.01010101010101011,-2.0000000000000018,-0.07693236714975846,0.05789473684210525,0.10101010101010101,-0.23891156462585036,0.4479432397959176
assay_envelope,calibrated__raw_gnina_own,trained_oof,0.125,chemistry,0.125,2,198,-0.07575757575757575,-14.999999999999998,-0.15815239266547404,0.005079446912013534,0.10101010101010101,-0.23891156462585036,0.4479432397959176
assay_envelope,calibrated__raw_gnina_own,trained_oof,0.125,chemistry,0.125,3,198,-0.030303030303030276,-5.999999999999995,-0.08808290155440412,0.02805760244428458,0.10101010101010101,-0.23891156462585036,0.4479432397959176
assay_envelope,calibrated__raw_gnina_own,trained_oof,0.125,chemistry,0.125,4,198,0.02020202020202022,4.0000000000000036,-0.04664003016371116,0.08376963350785338,0.10101010101010101,-0.23891156462585036,0.4479432397959176
assay_envelope,calibrated__raw_gnina_own,trained_oof,0.125,chemistry,0.125,5,198,0.030303030303030276,5.999999999999995,-0.03571886446886456,0.09547738693467334,0.10101010101010101,-0.23891156462585036,0.4479432397959176
assay_envelope,calibrated__raw_gnina_own,trained_oof,0.125,chemistry,0.125,6,198,0.02020202020202022,4.0000000000000036,-0.03723902036636707,0.07527898866608543,0.10101010101010101,-0.23891156462585036,0.4479432397959176
assay_envelope,calibrated__raw_gnina_own,trained_oof,0.125,chemistry,0.125,7,198,-0.030303030303030387,-6.000000000000017,-0.07854436483879859,0.015708872967759663,0.10101010101010101,-0.23891156462585036,0.4479432397959176
assay_envelope,calibrated__raw_gnina_own,trained_oof,0.125,chemistry,0.125,8,198,-0.02020202020202022,-4.0000000000000036,-0.05882352941176472,0.01554404145077715,0.10101010101010101,-0.23891156462585036,0.4479432397959176
assay_envelope,calibrated__raw_gnina_own,trained_oof,0.125,chemistry,0.125,9,198,-0.005050505050504972,-0.9999999999999845,-0.034653465346534684,0.025513474620617538,0.10101010101010101,-0.23891156462585036,0.4479432397959176
assay_envelope,calibrated__raw_gnina_own,trained_oof,0.125,chemistry,0.125,10,198,0.0,0.0,0.0,0.0,0.10101010101010101,-0.23891156462585036,0.4479432397959176
assay_envelope,calibrated__raw_gnina_own,trained_oof,0.25,chemistry,0.25,1,198,-0.02020202020202022,-4.0000000000000036,-0.09425448500037222,0.054731835328850224,0.2222222222222222,-0.22532272362115235,0.6837767546042793
assay_envelope,calibrated__raw_gnina_own,trained_oof,0.25,chemistry,0.25,2,198,-0.0505050505050505,-9.999999999999998,-0.14425000000000004,0.04103092783505154,0.2222222222222222,-0.22532272362115235,0.6837767546042793
assay_envelope,calibrated__raw_gnina_own,trained_oof,0.25,chemistry,0.25,3,198,-0.010101010101010055,-1.999999999999991,-0.09694249058846845,0.07281553398058249,0.2222222222222222,-0.22532272362115235,0.6837767546042793
assay_envelope,calibrated__raw_gnina_own,trained_oof,0.25,chemistry,0.25,4,198,-0.02020202020202022,-4.0000000000000036,-0.101010101010101,0.060304958860235264,0.2222222222222222,-0.22532272362115235,0.6837767546042793
assay_envelope,calibrated__raw_gnina_own,trained_oof,0.25,chemistry,0.25,5,198,-0.0505050505050505,-9.999999999999998,-0.13705583756345174,0.03093184124779657,0.2222222222222222,-0.22532272362115235,0.6837767546042793
assay_envelope,calibrated__raw_gnina_own,trained_oof,0.25,chemistry,0.25,6,198,-0.04040404040404044,-8.000000000000007,-0.10344827586206895,0.02631927039821783,0.2222222222222222,-0.22532272362115235,0.6837767546042793
assay_envelope,calibrated__raw_gnina_own,trained_oof,0.25,chemistry,0.25,7,198,-0.02020202020202022,-4.0000000000000036,-0.07921777252352108,0.03685190369540869,0.2222222222222222,-0.22532272362115235,0.6837767546042793
assay_envelope,calibrated__raw_gnina_own,trained_oof,0.25,chemistry,0.25,8,198,-0.015151515151515138,-2.9999999999999973,-0.07212245475113119,0.03684697855750485,0.2222222222222222,-0.22532272362115235,0.6837767546042793
assay_envelope,calibrated__raw_gnina_own,trained_oof,0.25,chemistry,0.25,9,198,0.005050505050505083,1.0000000000000064,-0.025776534373163844,0.03665403692477262,0.2222222222222222,-0.22532272362115235,0.6837767546042793
assay_envelope,calibrated__raw_gnina_own,trained_oof,0.25,chemistry,0.25,10,198,0.0,0.0,0.0,0.0,0.2222222222222222,-0.22532272362115235,0.6837767546042793
assay_envelope,calibrated__raw_gnina_own,trained_oof,0.5,chemistry,0.5,1,198,-0.07575757575757575,-14.999999999999998,-0.15873626373626373,0.0,0.7828282828282829,0.33507785934042156,1.2694114289551437
assay_envelope,calibrated__raw_gnina_own,trained_oof,0.5,chemistry,0.5,2,198,-0.13636363636363635,-26.999999999999996,-0.22801150006318718,-0.05049870564945944,0.7828282828282829,0.33507785934042156,1.2694114289551437
assay_envelope,calibrated__raw_gnina_own,trained_oof,0.5,chemistry,0.5,3,198,-0.1262626262626263,-25.000000000000007,-0.21651176715609707,-0.04567951084448552,0.7828282828282829,0.33507785934042156,1.2694114289551437
assay_envelope,calibrated__raw_gnina_own,trained_oof,0.5,chemistry,0.5,4,198,-0.101010101010101,-19.999999999999996,-0.18396519759692107,-0.02576338374587887,0.7828282828282829,0.33507785934042156,1.2694114289551437
assay_envelope,calibrated__raw_gnina_own,trained_oof,0.5,chemistry,0.5,5,198,-0.10606060606060608,-21.000000000000004,-0.18722174657534252,-0.027468774395003937,0.7828282828282829,0.33507785934042156,1.2694114289551437
assay_envelope,calibrated__raw_gnina_own,trained_oof,0.5,chemistry,0.5,6,198,-0.12121212121212122,-24.0,-0.19608514638732202,-0.04999378109452744,0.7828282828282829,0.33507785934042156,1.2694114289551437
assay_envelope,calibrated__raw_gnina_own,trained_oof,0.5,chemistry,0.5,7,198,-0.045454545454545414,-8.999999999999993,-0.10839014311395417,0.015386597938144373,0.7828282828282829,0.33507785934042156,1.2694114289551437
assay_envelope,calibrated__raw_gnina_own,trained_oof,0.5,chemistry,0.5,8,198,-0.030303030303030276,-5.999999999999995,-0.09302610579115372,0.029279159623279368,0.7828282828282829,0.33507785934042156,1.2694114289551437
assay_envelope,calibrated__raw_gnina_own,trained_oof,0.5,chemistry,0.5,9,198,-0.04040404040404044,-8.000000000000007,-0.08333333333333337,-0.00494988538262694,0.7828282828282829,0.33507785934042156,1.2694114289551437
assay_envelope,calibrated__raw_gnina_own,trained_oof,0.5,chemistry,0.5,10,198,0.0,0.0,0.0,0.0,0.7828282828282829,0.33507785934042156,1.2694114289551437
assay_envelope,calibrated__raw_gnina_own,trained_oof,1.0,chemistry,1.0,1,198,-0.20202020202020204,-40.00000000000001,-0.2879756571490258,-0.11904172560113159,0.8838383838383839,0.47395148026315675,1.3217905083777615
assay_envelope,calibrated__raw_gnina_own,trained_oof,1.0,chemistry,1.0,2,198,-0.17676767676767674,-34.99999999999999,-0.2660262725779967,-0.09134760094890704,0.8838383838383839,0.47395148026315675,1.3217905083777615
assay_envelope,calibrated__raw_gnina_own,trained_oof,1.0,chemistry,1.0,3,198,-0.14141414141414144,-28.000000000000004,-0.2201209396263615,-0.06598984771573602,0.8838383838383839,0.47395148026315675,1.3217905083777615
assay_envelope,calibrated__raw_gnina_own,trained_oof,1.0,chemistry,1.0,4,198,-0.11111111111111105,-21.99999999999999,-0.18049941927990712,-0.04255068245684461,0.8838383838383839,0.47395148026315675,1.3217905083777615
assay_envelope,calibrated__raw_gnina_own,trained_oof,1.0,chemistry,1.0,5,198,-0.07070707070707061,-13.99999999999998,-0.13639369889369887,-0.004950495049504955,0.8838383838383839,0.47395148026315675,1.3217905083777615
assay_envelope,calibrated__raw_gnina_own,trained_oof,1.0,chemistry,1.0,6,198,-0.045454545454545414,-8.999999999999993,-0.10448347268891144,0.010999774402165366,0.8838383838383839,0.47395148026315675,1.3217905083777615
assay_envelope,calibrated__raw_gnina_own,trained_oof,1.0,chemistry,1.0,7,198,-0.05555555555555547,-10.999999999999982,-0.11765460030165915,0.004975746268656691,0.8838383838383839,0.47395148026315675,1.3217905083777615
assay_envelope,calibrated__raw_gnina_own,trained_oof,1.0,chemistry,1.0,8,198,-0.045454545454545525,-9.000000000000014,-0.0979527449088416,0.0,0.8838383838383839,0.47395148026315675,1.3217905083777615
assay_envelope,calibrated__raw_gnina_own,trained_oof,1.0,chemistry,1.0,9,198,-0.03535353535353536,-7.000000000000001,-0.07960199004975121,0.0052631578947368585,0.8838383838383839,0.47395148026315675,1.3217905083777615
assay_envelope,calibrated__raw_gnina_own,trained_oof,1.0,chemistry,1.0,10,198,0.0,0.0,0.0,0.0,0.8838383838383839,0.47395148026315675,1.3217905083777615
assay_envelope,availability__raw_gnina_own,trained_oof,0.125,chemistry,0.125,1,198,0.0,0.0,0.0,0.0,-0.005050505050505051,-0.016306575196008512,0.0
assay_envelope,availability__raw_gnina_own,trained_oof,0.125,chemistry,0.125,2,198,0.0,0.0,0.0,0.0,-0.005050505050505051,-0.016306575196008512,0.0
assay_envelope,availability__raw_gnina_own,trained_oof,0.125,chemistry,0.125,3,198,0.0,0.0,0.0,0.0,-0.005050505050505051,-0.016306575196008512,0.0
assay_envelope,availability__raw_gnina_own,trained_oof,0.125,chemistry,0.125,4,198,0.0,0.0,0.0,0.0,-0.005050505050505051,-0.016306575196008512,0.0
assay_envelope,availability__raw_gnina_own,trained_oof,0.125,chemistry,0.125,5,198,0.0,0.0,0.0,0.0,-0.005050505050505051,-0.016306575196008512,0.0
assay_envelope,availability__raw_gnina_own,trained_oof,0.125,chemistry,0.125,6,198,0.0,0.0,0.0,0.0,-0.005050505050505051,-0.016306575196008512,0.0
assay_envelope,availability__raw_gnina_own,trained_oof,0.125,chemistry,0.125,7,198,0.005050505050504972,0.9999999999999845,0.0,0.016306575196008612,-0.005050505050505051,-0.016306575196008512,0.0
assay_envelope,availability__raw_gnina_own,trained_oof,0.125,chemistry,0.125,8,198,0.0,0.0,0.0,0.0,-0.005050505050505051,-0.016306575196008512,0.0
assay_envelope,availability__raw_gnina_own,trained_oof,0.125,chemistry,0.125,9,198,0.0,0.0,0.0,0.0,-0.005050505050505051,-0.016306575196008512,0.0
assay_envelope,availability__raw_gnina_own,trained_oof,0.125,chemistry,0.125,10,198,0.0,0.0,0.0,0.0,-0.005050505050505051,-0.016306575196008512,0.0
assay_envelope,availability__raw_gnina_own,trained_oof,0.25,chemistry,0.25,1,198,0.0,0.0,0.0,0.0,0.010101010101010102,-0.030931841247797333,0.06103286384976505
assay_envelope,availability__raw_gnina_own,trained_oof,0.25,chemistry,0.25,2,198,0.01010101010101011,2.0000000000000018,0.0,0.026178010471204216,0.010101010101010102,-0.030931841247797333,0.06103286384976505
assay_envelope,availability__raw_gnina_own,trained_oof,0.25,chemistry,0.25,3,198,0.0,0.0,0.0,0.0,0.010101010101010102,-0.030931841247797333,0.06103286384976505
assay_envelope,availability__raw_gnina_own,trained_oof,0.25,chemistry,0.25,4,198,-0.005050505050504972,-0.9999999999999845,-0.022632218024824638,0.010695187165775444,0.010101010101010102,-0.030931841247797333,0.06103286384976505
assay_envelope,availability__raw_gnina_own,trained_oof,0.25,chemistry,0.25,5,198,-0.010101010101010166,-2.000000000000013,-0.025128800568499057,0.0,0.010101010101010102,-0.030931841247797333,0.06103286384976505
assay_envelope,availability__raw_gnina_own,trained_oof,0.25,chemistry,0.25,6,198,-0.005050505050505083,-1.0000000000000064,-0.015230368797265142,0.0,0.010101010101010102,-0.030931841247797333,0.06103286384976505
assay_envelope,availability__raw_gnina_own,trained_oof,0.25,chemistry,0.25,7,198,-0.005050505050505083,-1.0000000000000064,-0.015230368797265142,0.0,0.010101010101010102,-0.030931841247797333,0.06103286384976505
assay_envelope,availability__raw_gnina_own,trained_oof,0.25,chemistry,0.25,8,198,0.0,0.0,0.0,0.0,0.010101010101010102,-0.030931841247797333,0.06103286384976505
assay_envelope,availability__raw_gnina_own,trained_oof,0.25,chemistry,0.25,9,198,0.005050505050505083,1.0000000000000064,0.0,0.016044937036398078,0.010101010101010102,-0.030931841247797333,0.06103286384976505
assay_envelope,availability__raw_gnina_own,trained_oof,0.25,chemistry,0.25,10,198,0.0,0.0,0.0,0.0,0.010101010101010102,-0.030931841247797333,0.06103286384976505
assay_envelope,availability__raw_gnina_own,trained_oof,0.5,chemistry,0.5,1,198,-0.0050505050505050275,-0.9999999999999954,-0.015957446808510634,0.0,0.005050505050505051,0.0,0.01595744680851041
assay_envelope,availability__raw_gnina_own,trained_oof,0.5,chemistry,0.5,2,198,0.0,0.0,0.0,0.0,0.005050505050505051,0.0,0.01595744680851041
assay_envelope,availability__raw_gnina_own,trained_oof,0.5,chemistry,0.5,3,198,0.0,0.0,0.0,0.0,0.005050505050505051,0.0,0.01595744680851041
assay_envelope,availability__raw_gnina_own,trained_oof,0.5,chemistry,0.5,4,198,0.0,0.0,0.0,0.0,0.005050505050505051,0.0,0.01595744680851041
assay_envelope,availability__raw_gnina_own,trained_oof,0.5,chemistry,0.5,5,198,0.0,0.0,0.0,0.0,0.005050505050505051,0.0,0.01595744680851041
assay_envelope,availability__raw_gnina_own,trained_oof,0.5,chemistry,0.5,6,198,0.0,0.0,0.0,0.0,0.005050505050505051,0.0,0.01595744680851041
assay_envelope,availability__raw_gnina_own,trained_oof,0.5,chemistry,0.5,7,198,0.0,0.0,0.0,0.0,0.005050505050505051,0.0,0.01595744680851041
assay_envelope,availability__raw_gnina_own,trained_oof,0.5,chemistry,0.5,8,198,0.0,0.0,0.0,0.0,0.005050505050505051,0.0,0.01595744680851041
assay_envelope,availability__raw_gnina_own,trained_oof,0.5,chemistry,0.5,9,198,0.0,0.0,0.0,0.0,0.005050505050505051,0.0,0.01595744680851041
assay_envelope,availability__raw_gnina_own,trained_oof,0.5,chemistry,0.5,10,198,0.0,0.0,0.0,0.0,0.005050505050505051,0.0,0.01595744680851041
assay_envelope,availability__raw_gnina_own,trained_oof,1.0,chemistry,1.0,1,198,0.0,0.0,0.0,0.0,0.0,0.0,0.0
assay_envelope,availability__raw_gnina_own,trained_oof,1.0,chemistry,1.0,2,198,0.0,0.0,0.0,0.0,0.0,0.0,0.0
assay_envelope,availability__raw_gnina_own,trained_oof,1.0,chemistry,1.0,3,198,0.0,0.0,0.0,0.0,0.0,0.0,0.0
assay_envelope,availability__raw_gnina_own,trained_oof,1.0,chemistry,1.0,4,198,0.0,0.0,0.0,0.0,0.0,0.0,0.0
assay_envelope,availability__raw_gnina_own,trained_oof,1.0,chemistry,1.0,5,198,0.0,0.0,0.0,0.0,0.0,0.0,0.0
assay_envelope,availability__raw_gnina_own,trained_oof,1.0,chemistry,1.0,6,198,0.0,0.0,0.0,0.0,0.0,0.0,0.0
assay_envelope,availability__raw_gnina_own,trained_oof,1.0,chemistry,1.0,7,198,0.0,0.0,0.0,0.0,0.0,0.0,0.0
assay_envelope,availability__raw_gnina_own,trained_oof,1.0,chemistry,1.0,8,198,0.0,0.0,0.0,0.0,0.0,0.0,0.0
assay_envelope,availability__raw_gnina_own,trained_oof,1.0,chemistry,1.0,9,198,0.0,0.0,0.0,0.0,0.0,0.0,0.0
assay_envelope,availability__raw_gnina_own,trained_oof,1.0,chemistry,1.0,10,198,0.0,0.0,0.0,0.0,0.0,0.0,0.0
assay_envelope,plus__raw_gnina_own,trained_oof,0.125,chemistry,0.125,1,198,0.02020202020202022,4.0000000000000036,-0.04569110639179532,0.07854436483879848,-0.05555555555555555,-0.356821540859377,0.2639022435897439
assay_envelope,plus__raw_gnina_own,trained_oof,0.125,chemistry,0.125,2,198,0.030303030303030276,5.999999999999995,-0.04414535914868461,0.1081147650113167,-0.05555555555555555,-0.356821540859377,0.2639022435897439
assay_envelope,plus__raw_gnina_own,trained_oof,0.125,chemistry,0.125,3,198,0.005050505050505083,1.0000000000000064,-0.0539282092147204,0.0640394088669951,-0.05555555555555555,-0.356821540859377,0.2639022435897439
assay_envelope,plus__raw_gnina_own,trained_oof,0.125,chemistry,0.125,4,198,0.0,0.0,-0.055006215469613304,0.05759162303664922,-0.05555555555555555,-0.356821540859377,0.2639022435897439
assay_envelope,plus__raw_gnina_own,trained_oof,0.125,chemistry,0.125,5,198,0.015151515151515138,2.9999999999999973,-0.046403833762886544,0.07407865786578655,-0.05555555555555555,-0.356821540859377,0.2639022435897439
assay_envelope,plus__raw_gnina_own,trained_oof,0.125,chemistry,0.125,6,198,0.02020202020202022,4.0000000000000036,-0.04370546176287732,0.07778645833333324,-0.05555555555555555,-0.356821540859377,0.2639022435897439
assay_envelope,plus__raw_gnina_own,trained_oof,0.125,chemistry,0.125,7,198,-0.015151515151515249,-3.0000000000000195,-0.06436444017536087,0.03093184124779657,-0.05555555555555555,-0.356821540859377,0.2639022435897439
assay_envelope,plus__raw_gnina_own,trained_oof,0.125,chemistry,0.125,8,198,-0.015151515151515138,-2.9999999999999973,-0.05445544554455439,0.021279440209352615,-0.05555555555555555,-0.356821540859377,0.2639022435897439
assay_envelope,plus__raw_gnina_own,trained_oof,0.125,chemistry,0.125,9,198,-0.005050505050504972,-0.9999999999999845,-0.03448275862068961,0.02564102564102566,-0.05555555555555555,-0.356821540859377,0.2639022435897439
assay_envelope,plus__raw_gnina_own,trained_oof,0.125,chemistry,0.125,10,198,0.0,0.0,0.0,0.0,-0.05555555555555555,-0.356821540859377,0.2639022435897439
assay_envelope,plus__raw_gnina_own,trained_oof,0.25,chemistry,0.25,1,198,0.01010101010101011,2.0000000000000018,-0.04301203889489118,0.06317208462332297,-0.0707070707070707,-0.3437541335978836,0.22002631578947418
assay_envelope,plus__raw_gnina_own,trained_oof,0.25,chemistry,0.25,2,198,0.02020202020202022,4.0000000000000036,-0.03811373092926494,0.07938095238095229,-0.0707070707070707,-0.3437541335978836,0.22002631578947418
assay_envelope,plus__raw_gnina_own,trained_oof,0.25,chemistry,0.25,3,198,0.02020202020202022,4.0000000000000036,-0.03665403692477265,0.07798523509174307,-0.0707070707070707,-0.3437541335978836,0.22002631578947418
assay_envelope,plus__raw_gnina_own,trained_oof,0.25,chemistry,0.25,4,198,0.04040404040404044,8.000000000000007,-0.015390625000000055,0.09895833333333337,-0.0707070707070707,-0.3437541335978836,0.22002631578947418
assay_envelope,plus__raw_gnina_own,trained_oof,0.25,chemistry,0.25,5,198,0.015151515151515138,2.9999999999999973,-0.039413744330097984,0.06952204219543995,-0.0707070707070707,-0.3437541335978836,0.22002631578947418
assay_envelope,plus__raw_gnina_own,trained_oof,0.25,chemistry,0.25,6,198,-0.010101010101010166,-2.000000000000013,-0.06185689739813451,0.040409167820335344,-0.0707070707070707,-0.3437541335978836,0.22002631578947418
assay_envelope,plus__raw_gnina_own,trained_oof,0.25,chemistry,0.25,7,198,-0.010101010101010055,-1.999999999999991,-0.059701492537313494,0.03646310536649216,-0.0707070707070707,-0.3437541335978836,0.22002631578947418
assay_envelope,plus__raw_gnina_own,trained_oof,0.25,chemistry,0.25,8,198,-0.015151515151515138,-2.9999999999999973,-0.05376739405439601,0.020945163957012958,-0.0707070707070707,-0.3437541335978836,0.22002631578947418
assay_envelope,plus__raw_gnina_own,trained_oof,0.25,chemistry,0.25,9,198,0.0,0.0,-0.020000000000000018,0.0203071583963534,-0.0707070707070707,-0.3437541335978836,0.22002631578947418
assay_envelope,plus__raw_gnina_own,trained_oof,0.25,chemistry,0.25,10,198,0.0,0.0,0.0,0.0,-0.0707070707070707,-0.3437541335978836,0.22002631578947418
assay_envelope,plus__raw_gnina_own,trained_oof,0.5,chemistry,0.5,1,198,0.05050505050505055,10.000000000000009,-0.010752688172043001,0.1127469834087481,-0.19696969696969696,-0.5401681078621003,0.18660951621477928
assay_envelope,plus__raw_gnina_own,trained_oof,0.5,chemistry,0.5,2,198,0.005050505050505083,1.0000000000000064,-0.05435051657339649,0.06049194991055434,-0.19696969696969696,-0.5401681078621003,0.18660951621477928
assay_envelope,plus__raw_gnina_own,trained_oof,0.5,chemistry,0.5,3,198,0.04040404040404044,8.000000000000007,-0.015706806282722478,0.09424083769633507,-0.19696969696969696,-0.5401681078621003,0.18660951621477928
assay_envelope,plus__raw_gnina_own,trained_oof,0.5,chemistry,0.5,4,198,0.06060606060606066,12.00000000000001,-0.0050000000000000044,0.125,-0.19696969696969696,-0.5401681078621003,0.18660951621477928
assay_envelope,plus__raw_gnina_own,trained_oof,0.5,chemistry,0.5,5,198,0.04040404040404044,8.000000000000007,-0.02500314070351761,0.10107530510854298,-0.19696969696969696,-0.5401681078621003,0.18660951621477928
assay_envelope,plus__raw_gnina_own,trained_oof,0.5,chemistry,0.5,6,198,0.02020202020202022,4.0000000000000036,-0.02987370838117115,0.07071535022354691,-0.19696969696969696,-0.5401681078621003,0.18660951621477928
assay_envelope,plus__raw_gnina_own,trained_oof,0.5,chemistry,0.5,7,198,-0.005050505050505083,-1.0000000000000064,-0.05188679245283012,0.04041434755720468,-0.19696969696969696,-0.5401681078621003,0.18660951621477928
assay_envelope,plus__raw_gnina_own,trained_oof,0.5,chemistry,0.5,8,198,0.005050505050505083,1.0000000000000064,-0.04256079027355629,0.05102694924123487,-0.19696969696969696,-0.5401681078621003,0.18660951621477928
assay_envelope,plus__raw_gnina_own,trained_oof,0.5,chemistry,0.5,9,198,-0.02020202020202022,-4.0000000000000036,-0.04695389317034282,0.0,-0.19696969696969696,-0.5401681078621003,0.18660951621477928
assay_envelope,plus__raw_gnina_own,trained_oof,0.5,chemistry,0.5,10,198,0.0,0.0,0.0,0.0,-0.19696969696969696,-0.5401681078621003,0.18660951621477928
assay_envelope,plus__raw_gnina_own,trained_oof,1.0,chemistry,1.0,1,198,0.055555555555555525,10.999999999999995,0.01036269430051817,0.10054112554112547,-0.10101010101010101,-0.31959286200219766,0.1866547801751391
assay_envelope,plus__raw_gnina_own,trained_oof,1.0,chemistry,1.0,2,198,0.025252525252525304,5.000000000000011,-0.015075376884422068,0.06467661691542281,-0.10101010101010101,-0.31959286200219766,0.1866547801751391
assay_envelope,plus__raw_gnina_own,trained_oof,1.0,chemistry,1.0,3,198,0.030303030303030276,5.999999999999995,-0.023474178403755767,0.07853403141361248,-0.10101010101010101,-0.31959286200219766,0.1866547801751391
assay_envelope,plus__raw_gnina_own,trained_oof,1.0,chemistry,1.0,4,198,0.010101010101010166,2.000000000000013,-0.038461538461538436,0.05500690954773859,-0.10101010101010101,-0.31959286200219766,0.1866547801751391
assay_envelope,plus__raw_gnina_own,trained_oof,1.0,chemistry,1.0,5,198,-0.005050505050504972,-0.9999999999999845,-0.04832693947144074,0.03500000000000003,-0.10101010101010101,-0.31959286200219766,0.1866547801751391
assay_envelope,plus__raw_gnina_own,trained_oof,1.0,chemistry,1.0,6,198,0.02020202020202022,4.0000000000000036,-0.014782001323432192,0.0550069095477387,-0.10101010101010101,-0.31959286200219766,0.1866547801751391
assay_envelope,plus__raw_gnina_own,trained_oof,1.0,chemistry,1.0,7,198,0.005050505050505083,1.0000000000000064,-0.04103211009174309,0.0463977618716948,-0.10101010101010101,-0.31959286200219766,0.1866547801751391
assay_envelope,plus__raw_gnina_own,trained_oof,1.0,chemistry,1.0,8,198,-0.015151515151515138,-2.9999999999999973,-0.05584468558997208,0.020945163957012958,-0.10101010101010101,-0.31959286200219766,0.1866547801751391
assay_envelope,plus__raw_gnina_own,trained_oof,1.0,chemistry,1.0,9,198,-0.025252525252525304,-5.000000000000011,-0.05555555555555558,0.0,-0.10101010101010101,-0.31959286200219766,0.1866547801751391
assay_envelope,plus__raw_gnina_own,trained_oof,1.0,chemistry,1.0,10,198,0.0,0.0,0.0,0.0,-0.10101010101010101,-0.31959286200219766,0.1866547801751391
assay_envelope,calibrated__vina,trained_oof,0.125,chemistry,0.125,1,198,-0.03535353535353536,-7.000000000000001,-0.10051654549342456,0.0297029702970297,0.4292929292929293,0.03135997956838221,0.8324825479930198
assay_envelope,calibrated__vina,trained_oof,0.125,chemistry,0.125,2,198,-0.07575757575757575,-14.999999999999998,-0.15736661333039062,0.004952995299529944,0.4292929292929293,0.03135997956838221,0.8324825479930198
assay_envelope,calibrated__vina,trained_oof,0.125,chemistry,0.125,3,198,-0.07070707070707072,-14.000000000000002,-0.1442319651741294,0.0047864309936359135,0.4292929292929293,0.03135997956838221,0.8324825479930198
assay_envelope,calibrated__vina,trained_oof,0.125,chemistry,0.125,4,198,-0.0757575757575758,-15.000000000000009,-0.1421326017716731,-0.01447076825664887,0.4292929292929293,0.03135997956838221,0.8324825479930198
assay_envelope,calibrated__vina,trained_oof,0.125,chemistry,0.125,5,198,-0.030303030303030276,-5.999999999999995,-0.0950005656108597,0.03626943005181349,0.4292929292929293,0.03135997956838221,0.8324825479930198
assay_envelope,calibrated__vina,trained_oof,0.125,chemistry,0.125,6,198,-0.02020202020202022,-4.0000000000000036,-0.08095238095238089,0.043243243243243246,0.4292929292929293,0.03135997956838221,0.8324825479930198
assay_envelope,calibrated__vina,trained_oof,0.125,chemistry,0.125,7,198,-0.045454545454545525,-9.000000000000014,-0.10784313725490191,0.015306122448979557,0.4292929292929293,0.03135997956838221,0.8324825479930198
assay_envelope,calibrated__vina,trained_oof,0.125,chemistry,0.125,8,198,-0.03535353535353536,-7.000000000000001,-0.08374448714311507,0.010001256281406929,0.4292929292929293,0.03135997956838221,0.8324825479930198
assay_envelope,calibrated__vina,trained_oof,0.125,chemistry,0.125,9,198,-0.04040404040404033,-7.999999999999986,-0.08457711442786064,-0.00494988538262694,0.4292929292929293,0.03135997956838221,0.8324825479930198
assay_envelope,calibrated__vina,trained_oof,0.125,chemistry,0.125,10,198,0.0,0.0,0.0,0.0,0.4292929292929293,0.03135997956838221,0.8324825479930198
assay_envelope,calibrated__vina,trained_oof,0.25,chemistry,0.25,1,198,-0.10606060606060608,-21.000000000000004,-0.17676767676767677,-0.03723404255319149,0.5959595959595959,0.11218279709392764,1.1111240310077524
assay_envelope,calibrated__vina,trained_oof,0.25,chemistry,0.25,2,198,-0.07070707070707072,-14.000000000000002,-0.15888664155856236,0.015959580157014434,0.5959595959595959,0.11218279709392764,1.1111240310077524
assay_envelope,calibrated__vina,trained_oof,0.25,chemistry,0.25,3,198,-0.06565656565656564,-12.999999999999996,-0.14427860696517408,0.010472581978506477,0.5959595959595959,0.11218279709392764,1.1111240310077524
assay_envelope,calibrated__vina,trained_oof,0.25,chemistry,0.25,4,198,-0.08585858585858586,-17.0,-0.16356518092499409,-0.005493754879000766,0.5959595959595959,0.11218279709392764,1.1111240310077524
assay_envelope,calibrated__vina,trained_oof,0.25,chemistry,0.25,5,198,-0.07070707070707072,-14.000000000000002,-0.15121951219512186,0.010205389848246994,0.5959595959595959,0.11218279709392764,1.1111240310077524
assay_envelope,calibrated__vina,trained_oof,0.25,chemistry,0.25,6,198,-0.05555555555555558,-11.000000000000005,-0.1296340811965812,0.015708872967759666,0.5959595959595959,0.11218279709392764,1.1111240310077524
assay_envelope,calibrated__vina,trained_oof,0.25,chemistry,0.25,7,198,-0.07070707070707072,-14.000000000000002,-0.1428754578754579,0.0,0.5959595959595959,0.11218279709392764,1.1111240310077524
assay_envelope,calibrated__vina,trained_oof,0.25,chemistry,0.25,8,198,-0.045454545454545414,-8.999999999999993,-0.10731707317073169,0.010930462979643313,0.5959595959595959,0.11218279709392764,1.1111240310077524
assay_envelope,calibrated__vina,trained_oof,0.25,chemistry,0.25,9,198,-0.025252525252525193,-4.9999999999999885,-0.0648223514211887,0.00995024875621886,0.5959595959595959,0.11218279709392764,1.1111240310077524
assay_envelope,calibrated__vina,trained_oof,0.25,chemistry,0.25,10,198,0.0,0.0,0.0,0.0,0.5959595959595959,0.11218279709392764,1.1111240310077524
assay_envelope,calibrated__vina,trained_oof,0.5,chemistry,0.5,1,198,-0.15656565656565655,-30.999999999999996,-0.23280936970257357,-0.08497896039603971,0.9646464646464646,0.5221674876847295,1.473717105263157
assay_envelope,calibrated__vina,trained_oof,0.5,chemistry,0.5,2,198,-0.20707070707070702,-40.999999999999986,-0.29556650246305416,-0.11601099419750696,0.9646464646464646,0.5221674876847295,1.473717105263157
assay_envelope,calibrated__vina,trained_oof,0.5,chemistry,0.5,3,198,-0.1262626262626263,-25.000000000000007,-0.2102564102564103,-0.04924906884536826,0.9646464646464646,0.5221674876847295,1.473717105263157
assay_envelope,calibrated__vina,trained_oof,0.5,chemistry,0.5,4,198,-0.08585858585858586,-17.0,-0.17259229349330868,-0.005405405405405459,0.9646464646464646,0.5221674876847295,1.473717105263157
assay_envelope,calibrated__vina,trained_oof,0.5,chemistry,0.5,5,198,-0.101010101010101,-19.999999999999996,-0.18230168269230776,-0.02577319587628868,0.9646464646464646,0.5221674876847295,1.473717105263157
assay_envelope,calibrated__vina,trained_oof,0.5,chemistry,0.5,6,198,-0.101010101010101,-19.999999999999996,-0.1767755681818181,-0.02630893640350878,0.9646464646464646,0.5221674876847295,1.473717105263157
assay_envelope,calibrated__vina,trained_oof,0.5,chemistry,0.5,7,198,-0.101010101010101,-19.999999999999996,-0.17241816908804483,-0.03208556149732622,0.9646464646464646,0.5221674876847295,1.473717105263157
assay_envelope,calibrated__vina,trained_oof,0.5,chemistry,0.5,8,198,-0.05555555555555558,-11.000000000000005,-0.10733022477283606,-0.010202786698435735,0.9646464646464646,0.5221674876847295,1.473717105263157
assay_envelope,calibrated__vina,trained_oof,0.5,chemistry,0.5,9,198,-0.030303030303030387,-6.000000000000017,-0.05699481865284972,-0.009754913568553175,0.9646464646464646,0.5221674876847295,1.473717105263157
assay_envelope,calibrated__vina,trained_oof,0.5,chemistry,0.5,10,198,0.0,0.0,0.0,0.0,0.9646464646464646,0.5221674876847295,1.473717105263157
assay_envelope,calibrated__vina,trained_oof,1.0,chemistry,1.0,1,198,-0.27272727272727276,-54.00000000000001,-0.355340931276845,-0.19607596807567249,1.3232323232323233,0.8709071634105711,1.816633049454652
assay_envelope,calibrated__vina,trained_oof,1.0,chemistry,1.0,2,198,-0.3181818181818182,-63.0,-0.4097621951219512,-0.23560209424083767,1.3232323232323233,0.8709071634105711,1.816633049454652
assay_envelope,calibrated__vina,trained_oof,1.0,chemistry,1.0,3,198,-0.2222222222222222,-44.0,-0.31088082901554404,-0.13567839195979903,1.3232323232323233,0.8709071634105711,1.816633049454652
assay_envelope,calibrated__vina,trained_oof,1.0,chemistry,1.0,4,198,-0.1717171717171717,-34.0,-0.2571499292786421,-0.08854166666666663,1.3232323232323233,0.8709071634105711,1.816633049454652
assay_envelope,calibrated__vina,trained_oof,1.0,chemistry,1.0,5,198,-0.13131313131313127,-25.999999999999993,-0.21718796879687965,-0.0502312386106357,1.3232323232323233,0.8709071634105711,1.816633049454652
assay_envelope,calibrated__vina,trained_oof,1.0,chemistry,1.0,6,198,-0.07070707070707072,-14.000000000000002,-0.1436312469074715,0.00011904761904696899,1.3232323232323233,0.8709071634105711,1.816633049454652
assay_envelope,calibrated__vina,trained_oof,1.0,chemistry,1.0,7,198,-0.07070707070707072,-14.000000000000002,-0.13706081417338506,-0.00494988538262694,1.3232323232323233,0.8709071634105711,1.816633049454652
assay_envelope,calibrated__vina,trained_oof,1.0,chemistry,1.0,8,198,-0.04040404040404044,-8.000000000000007,-0.0871794871794872,0.005001262626262622,1.3232323232323233,0.8709071634105711,1.816633049454652
assay_envelope,calibrated__vina,trained_oof,1.0,chemistry,1.0,9,198,-0.025252525252525304,-5.000000000000011,-0.055837563451776595,0.005128865979381421,1.3232323232323233,0.8709071634105711,1.816633049454652
assay_envelope,calibrated__vina,trained_oof,1.0,chemistry,1.0,10,198,0.0,0.0,0.0,0.0,1.3232323232323233,0.8709071634105711,1.816633049454652
assay_envelope,availability__vina,trained_oof,0.125,chemistry,0.125,1,198,0.0,0.0,0.0,0.0,-0.005050505050505051,-0.016306575196008512,0.0
assay_envelope,availability__vina,trained_oof,0.125,chemistry,0.125,2,198,0.0,0.0,0.0,0.0,-0.005050505050505051,-0.016306575196008512,0.0
assay_envelope,availability__vina,trained_oof,0.125,chemistry,0.125,3,198,0.0,0.0,0.0,0.0,-0.005050505050505051,-0.016306575196008512,0.0
assay_envelope,availability__vina,trained_oof,0.125,chemistry,0.125,4,198,0.0,0.0,0.0,0.0,-0.005050505050505051,-0.016306575196008512,0.0
assay_envelope,availability__vina,trained_oof,0.125,chemistry,0.125,5,198,0.0,0.0,0.0,0.0,-0.005050505050505051,-0.016306575196008512,0.0
assay_envelope,availability__vina,trained_oof,0.125,chemistry,0.125,6,198,0.0,0.0,0.0,0.0,-0.005050505050505051,-0.016306575196008512,0.0
assay_envelope,availability__vina,trained_oof,0.125,chemistry,0.125,7,198,0.005050505050504972,0.9999999999999845,0.0,0.016306575196008612,-0.005050505050505051,-0.016306575196008512,0.0
assay_envelope,availability__vina,trained_oof,0.125,chemistry,0.125,8,198,0.0,0.0,0.0,0.0,-0.005050505050505051,-0.016306575196008512,0.0
assay_envelope,availability__vina,trained_oof,0.125,chemistry,0.125,9,198,0.0,0.0,0.0,0.0,-0.005050505050505051,-0.016306575196008512,0.0
assay_envelope,availability__vina,trained_oof,0.125,chemistry,0.125,10,198,0.0,0.0,0.0,0.0,-0.005050505050505051,-0.016306575196008512,0.0
assay_envelope,availability__vina,trained_oof,0.25,chemistry,0.25,1,198,0.0,0.0,0.0,0.0,0.010101010101010102,-0.030931841247797333,0.06103286384976505
assay_envelope,availability__vina,trained_oof,0.25,chemistry,0.25,2,198,0.01010101010101011,2.0000000000000018,0.0,0.026178010471204216,0.010101010101010102,-0.030931841247797333,0.06103286384976505
assay_envelope,availability__vina,trained_oof,0.25,chemistry,0.25,3,198,0.0,0.0,0.0,0.0,0.010101010101010102,-0.030931841247797333,0.06103286384976505
assay_envelope,availability__vina,trained_oof,0.25,chemistry,0.25,4,198,-0.005050505050504972,-0.9999999999999845,-0.022632218024824638,0.010695187165775444,0.010101010101010102,-0.030931841247797333,0.06103286384976505
assay_envelope,availability__vina,trained_oof,0.25,chemistry,0.25,5,198,-0.010101010101010166,-2.000000000000013,-0.025128800568499057,0.0,0.010101010101010102,-0.030931841247797333,0.06103286384976505
assay_envelope,availability__vina,trained_oof,0.25,chemistry,0.25,6,198,-0.005050505050505083,-1.0000000000000064,-0.015230368797265142,0.0,0.010101010101010102,-0.030931841247797333,0.06103286384976505
assay_envelope,availability__vina,trained_oof,0.25,chemistry,0.25,7,198,-0.005050505050505083,-1.0000000000000064,-0.015230368797265142,0.0,0.010101010101010102,-0.030931841247797333,0.06103286384976505
assay_envelope,availability__vina,trained_oof,0.25,chemistry,0.25,8,198,0.0,0.0,0.0,0.0,0.010101010101010102,-0.030931841247797333,0.06103286384976505
assay_envelope,availability__vina,trained_oof,0.25,chemistry,0.25,9,198,0.005050505050505083,1.0000000000000064,0.0,0.016044937036398078,0.010101010101010102,-0.030931841247797333,0.06103286384976505
assay_envelope,availability__vina,trained_oof,0.25,chemistry,0.25,10,198,0.0,0.0,0.0,0.0,0.010101010101010102,-0.030931841247797333,0.06103286384976505
assay_envelope,availability__vina,trained_oof,0.5,chemistry,0.5,1,198,-0.0050505050505050275,-0.9999999999999954,-0.015957446808510634,0.0,0.005050505050505051,0.0,0.01595744680851041
assay_envelope,availability__vina,trained_oof,0.5,chemistry,0.5,2,198,0.0,0.0,0.0,0.0,0.005050505050505051,0.0,0.01595744680851041
assay_envelope,availability__vina,trained_oof,0.5,chemistry,0.5,3,198,0.0,0.0,0.0,0.0,0.005050505050505051,0.0,0.01595744680851041
assay_envelope,availability__vina,trained_oof,0.5,chemistry,0.5,4,198,0.0,0.0,0.0,0.0,0.005050505050505051,0.0,0.01595744680851041
assay_envelope,availability__vina,trained_oof,0.5,chemistry,0.5,5,198,0.0,0.0,0.0,0.0,0.005050505050505051,0.0,0.01595744680851041
assay_envelope,availability__vina,trained_oof,0.5,chemistry,0.5,6,198,0.0,0.0,0.0,0.0,0.005050505050505051,0.0,0.01595744680851041
assay_envelope,availability__vina,trained_oof,0.5,chemistry,0.5,7,198,0.0,0.0,0.0,0.0,0.005050505050505051,0.0,0.01595744680851041
assay_envelope,availability__vina,trained_oof,0.5,chemistry,0.5,8,198,0.0,0.0,0.0,0.0,0.005050505050505051,0.0,0.01595744680851041
assay_envelope,availability__vina,trained_oof,0.5,chemistry,0.5,9,198,0.0,0.0,0.0,0.0,0.005050505050505051,0.0,0.01595744680851041
assay_envelope,availability__vina,trained_oof,0.5,chemistry,0.5,10,198,0.0,0.0,0.0,0.0,0.005050505050505051,0.0,0.01595744680851041
assay_envelope,availability__vina,trained_oof,1.0,chemistry,1.0,1,198,0.0,0.0,0.0,0.0,0.0,0.0,0.0
assay_envelope,availability__vina,trained_oof,1.0,chemistry,1.0,2,198,0.0,0.0,0.0,0.0,0.0,0.0,0.0
assay_envelope,availability__vina,trained_oof,1.0,chemistry,1.0,3,198,0.0,0.0,0.0,0.0,0.0,0.0,0.0
assay_envelope,availability__vina,trained_oof,1.0,chemistry,1.0,4,198,0.0,0.0,0.0,0.0,0.0,0.0,0.0
assay_envelope,availability__vina,trained_oof,1.0,chemistry,1.0,5,198,0.0,0.0,0.0,0.0,0.0,0.0,0.0
assay_envelope,availability__vina,trained_oof,1.0,chemistry,1.0,6,198,0.0,0.0,0.0,0.0,0.0,0.0,0.0
assay_envelope,availability__vina,trained_oof,1.0,chemistry,1.0,7,198,0.0,0.0,0.0,0.0,0.0,0.0,0.0
assay_envelope,availability__vina,trained_oof,1.0,chemistry,1.0,8,198,0.0,0.0,0.0,0.0,0.0,0.0,0.0
assay_envelope,availability__vina,trained_oof,1.0,chemistry,1.0,9,198,0.0,0.0,0.0,0.0,0.0,0.0,0.0
assay_envelope,availability__vina,trained_oof,1.0,chemistry,1.0,10,198,0.0,0.0,0.0,0.0,0.0,0.0,0.0
assay_envelope,plus__vina,trained_oof,0.125,chemistry,0.125,1,198,0.04545454545454547,9.000000000000004,-0.009900990099009882,0.10345274254064674,-0.045454545454545456,-0.26455026455026337,0.17010583461285309
assay_envelope,plus__vina,trained_oof,0.125,chemistry,0.125,2,198,-0.0050505050505050275,-0.9999999999999954,-0.057291666666666685,0.049757462686567125,-0.045454545454545456,-0.26455026455026337,0.17010583461285309
assay_envelope,plus__vina,trained_oof,0.125,chemistry,0.125,3,198,0.0,0.0,-0.050006281407035225,0.04972375690607744,-0.045454545454545456,-0.26455026455026337,0.17010583461285309
assay_envelope,plus__vina,trained_oof,0.125,chemistry,0.125,4,198,-0.015151515151515138,-2.9999999999999973,-0.05700223985319515,0.025513474620617434,-0.045454545454545456,-0.26455026455026337,0.17010583461285309
assay_envelope,plus__vina,trained_oof,0.125,chemistry,0.125,5,198,0.0,0.0,-0.04081632653061218,0.041672120418848206,-0.045454545454545456,-0.26455026455026337,0.17010583461285309
assay_envelope,plus__vina,trained_oof,0.125,chemistry,0.125,6,198,0.005050505050505083,1.0000000000000064,-0.034317951318458405,0.045924254317111425,-0.045454545454545456,-0.26455026455026337,0.17010583461285309
assay_envelope,plus__vina,trained_oof,0.125,chemistry,0.125,7,198,0.02020202020202011,3.999999999999982,-0.015546065414507825,0.06123233908948186,-0.045454545454545456,-0.26455026455026337,0.17010583461285309
assay_envelope,plus__vina,trained_oof,0.125,chemistry,0.125,8,198,0.005050505050505083,1.0000000000000064,-0.020618556701030966,0.032262423714036675,-0.045454545454545456,-0.26455026455026337,0.17010583461285309
assay_envelope,plus__vina,trained_oof,0.125,chemistry,0.125,9,198,-0.010101010101010055,-1.999999999999991,-0.03125,0.005377070619006093,-0.045454545454545456,-0.26455026455026337,0.17010583461285309
assay_envelope,plus__vina,trained_oof,0.125,chemistry,0.125,10,198,0.0,0.0,0.0,0.0,-0.045454545454545456,-0.26455026455026337,0.17010583461285309
assay_envelope,plus__vina,trained_oof,0.25,chemistry,0.25,1,198,0.06565656565656564,12.999999999999996,0.014634146341463428,0.12183050637612974,-0.10606060606060606,-0.3424565217391305,0.13201353637901816
assay_envelope,plus__vina,trained_oof,0.25,chemistry,0.25,2,198,0.005050505050505083,1.0000000000000064,-0.047181042228212025,0.06077698628600274,-0.10606060606060606,-0.3424565217391305,0.13201353637901816
assay_envelope,plus__vina,trained_oof,0.25,chemistry,0.25,3,198,0.015151515151515249,3.0000000000000195,-0.03000376884422113,0.0625,-0.10606060606060606,-0.3424565217391305,0.13201353637901816
assay_envelope,plus__vina,trained_oof,0.25,chemistry,0.25,4,198,0.0,0.0,-0.04434600397029625,0.04712041884816753,-0.10606060606060606,-0.3424565217391305,0.13201353637901816
assay_envelope,plus__vina,trained_oof,0.25,chemistry,0.25,5,198,0.005050505050504972,0.9999999999999845,-0.040179132268485254,0.051820218048359165,-0.10606060606060606,-0.3424565217391305,0.13201353637901816
assay_envelope,plus__vina,trained_oof,0.25,chemistry,0.25,6,198,0.015151515151515138,2.9999999999999973,-0.03608714812242934,0.06566489770804484,-0.10606060606060606,-0.3424565217391305,0.13201353637901816
assay_envelope,plus__vina,trained_oof,0.25,chemistry,0.25,7,198,-0.010101010101010055,-1.999999999999991,-0.059420792079207974,0.03431372549019607,-0.10606060606060606,-0.3424565217391305,0.13201353637901816
assay_envelope,plus__vina,trained_oof,0.25,chemistry,0.25,8,198,0.0,0.0,-0.034830223880597075,0.03791791160107154,-0.10606060606060606,-0.3424565217391305,0.13201353637901816
assay_envelope,plus__vina,trained_oof,0.25,chemistry,0.25,9,198,0.010101010101010166,2.000000000000013,-0.005465990399420348,0.030616169544740984,-0.10606060606060606,-0.3424565217391305,0.13201353637901816
assay_envelope,plus__vina,trained_oof,0.25,chemistry,0.25,10,198,0.0,0.0,0.0,0.0,-0.10606060606060606,-0.3424565217391305,0.13201353637901816
assay_envelope,plus__vina,trained_oof,0.5,chemistry,0.5,1,198,0.06565656565656569,13.000000000000007,0.010636890690082194,0.11766154737757166,-0.32323232323232326,-0.5761379076086958,-0.08536328049085266
assay_envelope,plus__vina,trained_oof,0.5,chemistry,0.5,2,198,0.045454545454545525,9.000000000000014,0.0,0.09230769230769231,-0.32323232323232326,-0.5761379076086958,-0.08536328049085266
assay_envelope,plus__vina,trained_oof,0.5,chemistry,0.5,3,198,0.07070707070707072,14.000000000000002,0.02354473356831842,0.12244897959183676,-0.32323232323232326,-0.5761379076086958,-0.08536328049085266
assay_envelope,plus__vina,trained_oof,0.5,chemistry,0.5,4,198,0.06565656565656575,13.000000000000018,0.015296603716113383,0.11941270211442782,-0.32323232323232326,-0.5761379076086958,-0.08536328049085266
assay_envelope,plus__vina,trained_oof,0.5,chemistry,0.5,5,198,0.030303030303030276,5.999999999999995,-0.015877259994907002,0.07730532402192682,-0.32323232323232326,-0.5761379076086958,-0.08536328049085266
assay_envelope,plus__vina,trained_oof,0.5,chemistry,0.5,6,198,0.02020202020202022,4.0000000000000036,-0.021505376344086002,0.06404270172018653,-0.32323232323232326,-0.5761379076086958,-0.08536328049085266
assay_envelope,plus__vina,trained_oof,0.5,chemistry,0.5,7,198,0.015151515151515138,2.9999999999999973,-0.019704433497536925,0.05128865979381443,-0.32323232323232326,-0.5761379076086958,-0.08536328049085266
assay_envelope,plus__vina,trained_oof,0.5,chemistry,0.5,8,198,0.010101010101010166,2.000000000000013,-0.01951458632233383,0.041288563008033415,-0.32323232323232326,-0.5761379076086958,-0.08536328049085266
assay_envelope,plus__vina,trained_oof,0.5,chemistry,0.5,9,198,0.0,0.0,0.0,0.0,-0.32323232323232326,-0.5761379076086958,-0.08536328049085266
assay_envelope,plus__vina,trained_oof,0.5,chemistry,0.5,10,198,0.0,0.0,0.0,0.0,-0.32323232323232326,-0.5761379076086958,-0.08536328049085266
assay_envelope,plus__vina,trained_oof,1.0,chemistry,1.0,1,198,0.020202020202020166,3.999999999999993,-0.014426577669902916,0.053398058252427216,-0.09090909090909091,-0.19475972540045722,0.01025641025641022
assay_envelope,plus__vina,trained_oof,1.0,chemistry,1.0,2,198,0.02020202020202022,4.0000000000000036,-0.010101010101010055,0.05051145977541923,-0.09090909090909091,-0.19475972540045722,0.01025641025641022
assay_envelope,plus__vina,trained_oof,1.0,chemistry,1.0,3,198,0.0,0.0,-0.0295603082475736,0.027652969790066644,-0.09090909090909091,-0.19475972540045722,0.01025641025641022
assay_envelope,plus__vina,trained_oof,1.0,chemistry,1.0,4,198,0.0,0.0,-0.020304568527918735,0.020618556701030966,-0.09090909090909091,-0.19475972540045722,0.01025641025641022
assay_envelope,plus__vina,trained_oof,1.0,chemistry,1.0,5,198,0.015151515151515249,3.0000000000000195,-0.010153579198176763,0.04325505833702549,-0.09090909090909091,-0.19475972540045722,0.01025641025641022
assay_envelope,plus__vina,trained_oof,1.0,chemistry,1.0,6,198,0.015151515151515138,2.9999999999999973,-0.014426577669902971,0.045226130653266305,-0.09090909090909091,-0.19475972540045722,0.01025641025641022
assay_envelope,plus__vina,trained_oof,1.0,chemistry,1.0,7,198,0.010101010101010166,2.000000000000013,-0.014563106796116498,0.035358021842793394,-0.09090909090909091,-0.19475972540045722,0.01025641025641022
assay_envelope,plus__vina,trained_oof,1.0,chemistry,1.0,8,198,0.02020202020202011,3.999999999999982,0.004854368932038833,0.04233367105707528,-0.09090909090909091,-0.19475972540045722,0.01025641025641022
assay_envelope,plus__vina,trained_oof,1.0,chemistry,1.0,9,198,-0.010101010101010166,-2.000000000000013,-0.025644329896907233,0.0,-0.09090909090909091,-0.19475972540045722,0.01025641025641022
assay_envelope,plus__vina,trained_oof,1.0,chemistry,1.0,10,198,0.0,0.0,0.0,0.0,-0.09090909090909091,-0.19475972540045722,0.01025641025641022
assay_envelope,native__boltz_affinity,static_native_zero_local_labels,0.0,chemistry,0.125,1,198,0.09595959595959597,19.0,-0.005128865979381425,0.1972040161762654,0.7878787878787878,0.19395297382434554,1.3926979627268539
assay_envelope,native__boltz_affinity,static_native_zero_local_labels,0.0,chemistry,0.125,2,198,-0.06060606060606061,-12.0,-0.1648949879359508,0.043907819225251034,0.7878787878787878,0.19395297382434554,1.3926979627268539
assay_envelope,native__boltz_affinity,static_native_zero_local_labels,0.0,chemistry,0.125,3,198,-0.13131313131313127,-25.999999999999993,-0.23591133004926107,-0.028947682752030694,0.7878787878787878,0.19395297382434554,1.3926979627268539
assay_envelope,native__boltz_affinity,static_native_zero_local_labels,0.0,chemistry,0.125,4,198,-0.16666666666666663,-32.99999999999999,-0.27368421052631575,-0.06597561554153428,0.7878787878787878,0.19395297382434554,1.3926979627268539
assay_envelope,native__boltz_affinity,static_native_zero_local_labels,0.0,chemistry,0.125,5,198,-0.11616161616161613,-22.999999999999993,-0.21053276573787408,-0.02589358512401047,0.7878787878787878,0.19395297382434554,1.3926979627268539
assay_envelope,native__boltz_affinity,static_native_zero_local_labels,0.0,chemistry,0.125,6,198,-0.12121212121212122,-24.0,-0.21183012389908937,-0.03663972004448909,0.7878787878787878,0.19395297382434554,1.3926979627268539
assay_envelope,native__boltz_affinity,static_native_zero_local_labels,0.0,chemistry,0.125,7,198,-0.13131313131313138,-26.000000000000014,-0.20197299573751243,-0.06367874469375404,0.7878787878787878,0.19395297382434554,1.3926979627268539
assay_envelope,native__boltz_affinity,static_native_zero_local_labels,0.0,chemistry,0.125,8,198,-0.11616161616161613,-22.999999999999993,-0.17590160397949342,-0.053392894030159066,0.7878787878787878,0.19395297382434554,1.3926979627268539
assay_envelope,native__boltz_affinity,static_native_zero_local_labels,0.0,chemistry,0.125,9,198,-0.04040404040404033,-7.999999999999986,-0.0816351059654632,0.0,0.7878787878787878,0.19395297382434554,1.3926979627268539
assay_envelope,native__boltz_affinity,static_native_zero_local_labels,0.0,chemistry,0.125,10,198,0.0,0.0,0.0,0.0,0.7878787878787878,0.19395297382434554,1.3926979627268539
assay_envelope,native__boltz_affinity,static_native_zero_local_labels,0.0,chemistry,0.25,1,198,0.08585858585858586,17.0,-0.015386597938144331,0.18811881188118812,0.7323232323232324,0.14337330577717938,1.3333769633507848
assay_envelope,native__boltz_affinity,static_native_zero_local_labels,0.0,chemistry,0.25,2,198,-0.02525252525252525,-4.999999999999999,-0.13000520833333334,0.08376963350785338,0.7323232323232324,0.14337330577717938,1.3333769633507848
assay_envelope,native__boltz_affinity,static_native_zero_local_labels,0.0,chemistry,0.25,3,198,-0.09595959595959591,-18.99999999999999,-0.19502190721649484,0.005102694924123551,0.7323232323232324,0.14337330577717938,1.3333769633507848
assay_envelope,native__boltz_affinity,static_native_zero_local_labels,0.0,chemistry,0.25,4,198,-0.16161616161616155,-31.999999999999986,-0.26396417967627617,-0.06730025773195879,0.7323232323232324,0.14337330577717938,1.3333769633507848
assay_envelope,native__boltz_affinity,static_native_zero_local_labels,0.0,chemistry,0.25,5,198,-0.14141414141414144,-28.000000000000004,-0.23440567735602094,-0.050756430730622325,0.7323232323232324,0.14337330577717938,1.3333769633507848
assay_envelope,native__boltz_affinity,static_native_zero_local_labels,0.0,chemistry,0.25,6,198,-0.14646464646464652,-29.00000000000001,-0.22929574766951857,-0.06592712842712846,0.7323232323232324,0.14337330577717938,1.3333769633507848
assay_envelope,native__boltz_affinity,static_native_zero_local_labels,0.0,chemistry,0.25,7,198,-0.12121212121212122,-24.0,-0.19697156291983883,-0.04637991794656019,0.7323232323232324,0.14337330577717938,1.3333769633507848
assay_envelope,native__boltz_affinity,static_native_zero_local_labels,0.0,chemistry,0.25,8,198,-0.101010101010101,-19.999999999999996,-0.1641809070589084,-0.038638033384271984,0.7323232323232324,0.14337330577717938,1.3333769633507848
assay_envelope,native__boltz_affinity,static_native_zero_local_labels,0.0,chemistry,0.25,9,198,-0.025252525252525193,-4.9999999999999885,-0.06764105811172091,0.01596173644474946,0.7323232323232324,0.14337330577717938,1.3333769633507848
assay_envelope,native__boltz_affinity,static_native_zero_local_labels,0.0,chemistry,0.25,10,198,0.0,0.0,0.0,0.0,0.7323232323232324,0.14337330577717938,1.3333769633507848
assay_envelope,native__boltz_affinity,static_native_zero_local_labels,0.0,chemistry,0.5,1,198,-0.030303030303030276,-5.999999999999995,-0.15385638297872342,0.09005751506346898,1.2272727272727273,0.6199702970297031,1.8410336538461536
assay_envelope,native__boltz_affinity,static_native_zero_local_labels,0.0,chemistry,0.5,2,198,-0.14141414141414138,-27.999999999999993,-0.23958922511312217,-0.04264587878331958,1.2272727272727273,0.6199702970297031,1.8410336538461536
assay_envelope,native__boltz_affinity,static_native_zero_local_labels,0.0,chemistry,0.5,3,198,-0.18686868686868685,-37.0,-0.2857142857142857,-0.09547738693467345,1.2272727272727273,0.6199702970297031,1.8410336538461536
assay_envelope,native__boltz_affinity,static_native_zero_local_labels,0.0,chemistry,0.5,4,198,-0.21212121212121204,-41.999999999999986,-0.3128296703296703,-0.11997927461139908,1.2272727272727273,0.6199702970297031,1.8410336538461536
assay_envelope,native__boltz_affinity,static_native_zero_local_labels,0.0,chemistry,0.5,5,198,-0.16666666666666663,-32.99999999999999,-0.25742949294929496,-0.07574805847418922,1.2272727272727273,0.6199702970297031,1.8410336538461536
assay_envelope,native__boltz_affinity,static_native_zero_local_labels,0.0,chemistry,0.5,6,198,-0.1767676767676768,-35.00000000000001,-0.26344086021505375,-0.09625411353352537,1.2272727272727273,0.6199702970297031,1.8410336538461536
assay_envelope,native__boltz_affinity,static_native_zero_local_labels,0.0,chemistry,0.5,7,198,-0.14141414141414144,-28.000000000000004,-0.21135973133395816,-0.07280861713365876,1.2272727272727273,0.6199702970297031,1.8410336538461536
assay_envelope,native__boltz_affinity,static_native_zero_local_labels,0.0,chemistry,0.5,8,198,-0.11616161616161613,-22.999999999999993,-0.1804233384514148,-0.05235602094240843,1.2272727272727273,0.6199702970297031,1.8410336538461536
assay_envelope,native__boltz_affinity,static_native_zero_local_labels,0.0,chemistry,0.5,9,198,-0.05555555555555558,-11.000000000000005,-0.09223487677371169,-0.02030456852791873,1.2272727272727273,0.6199702970297031,1.8410336538461536
assay_envelope,native__boltz_affinity,static_native_zero_local_labels,0.0,chemistry,0.5,10,198,0.0,0.0,0.0,0.0,1.2272727272727273,0.6199702970297031,1.8410336538461536
assay_envelope,native__boltz_affinity,static_native_zero_local_labels,0.0,chemistry,1.0,1,198,-0.08080808080808083,-16.000000000000004,-0.17527189305539825,0.015030707705491095,1.4898989898989898,0.9844124763307386,1.9896412710161784
assay_envelope,native__boltz_affinity,static_native_zero_local_labels,0.0,chemistry,1.0,2,198,-0.17676767676767674,-34.99999999999999,-0.26602627257799666,-0.08629016588541034,1.4898989898989898,0.9844124763307386,1.9896412710161784
assay_envelope,native__boltz_affinity,static_native_zero_local_labels,0.0,chemistry,1.0,3,198,-0.24747474747474751,-49.00000000000001,-0.3350006345177665,-0.16494562138892035,1.4898989898989898,0.9844124763307386,1.9896412710161784
assay_envelope,native__boltz_affinity,static_native_zero_local_labels,0.0,chemistry,1.0,4,198,-0.2676767676767676,-52.99999999999999,-0.3571521095484826,-0.18274111675126903,1.4898989898989898,0.9844124763307386,1.9896412710161784
assay_envelope,native__boltz_affinity,static_native_zero_local_labels,0.0,chemistry,1.0,5,198,-0.21212121212121204,-41.999999999999986,-0.28718232044198894,-0.13591623164365516,1.4898989898989898,0.9844124763307386,1.9896412710161784
assay_envelope,native__boltz_affinity,static_native_zero_local_labels,0.0,chemistry,1.0,6,198,-0.1767676767676768,-35.00000000000001,-0.25,-0.10552102618354937,1.4898989898989898,0.9844124763307386,1.9896412710161784
assay_envelope,native__boltz_affinity,static_native_zero_local_labels,0.0,chemistry,1.0,7,198,-0.1515151515151515,-29.999999999999996,-0.21500961538461535,-0.08865908432338458,1.4898989898989898,0.9844124763307386,1.9896412710161784
assay_envelope,native__boltz_affinity,static_native_zero_local_labels,0.0,chemistry,1.0,8,198,-0.1262626262626263,-25.000000000000007,-0.1832595160605632,-0.0680628272251309,1.4898989898989898,0.9844124763307386,1.9896412710161784
assay_envelope,native__boltz_affinity,static_native_zero_local_labels,0.0,chemistry,1.0,9,198,-0.0505050505050505,-9.999999999999998,-0.08854487376847286,-0.010524937999448924,1.4898989898989898,0.9844124763307386,1.9896412710161784
assay_envelope,native__boltz_affinity,static_native_zero_local_labels,0.0,chemistry,1.0,10,198,0.0,0.0,0.0,0.0,1.4898989898989898,0.9844124763307386,1.9896412710161784
assay_envelope,native__boltz_binary,static_native_zero_local_labels,0.0,chemistry,0.125,1,198,0.18181818181818182,36.0,0.0885232469512195,0.27135678391959794,-0.6414141414141414,-1.0785340314136116,-0.196023409363746
assay_envelope,native__boltz_binary,static_native_zero_local_labels,0.0,chemistry,0.125,2,198,0.101010101010101,19.999999999999996,0.005208333333333368,0.1980957619571477,-0.6414141414141414,-1.0785340314136116,-0.196023409363746
assay_envelope,native__boltz_binary,static_native_zero_local_labels,0.0,chemistry,0.125,3,198,0.0757575757575758,15.000000000000009,-0.01041666666666663,0.1691542288557214,-0.6414141414141414,-1.0785340314136116,-0.196023409363746
assay_envelope,native__boltz_binary,static_native_zero_local_labels,0.0,chemistry,0.125,4,198,0.08080808080808077,15.999999999999993,0.0,0.16582975854884183,-0.6414141414141414,-1.0785340314136116,-0.196023409363746
assay_envelope,native__boltz_binary,static_native_zero_local_labels,0.0,chemistry,0.125,5,198,0.08585858585858586,17.0,0.005317060265121904,0.16231011270729628,-0.6414141414141414,-1.0785340314136116,-0.196023409363746
assay_envelope,native__boltz_binary,static_native_zero_local_labels,0.0,chemistry,0.125,6,198,0.06565656565656564,12.999999999999996,-0.005025125628140725,0.1333333333333333,-0.6414141414141414,-1.0785340314136116,-0.196023409363746
assay_envelope,native__boltz_binary,static_native_zero_local_labels,0.0,chemistry,0.125,7,198,0.010101010101010055,1.999999999999991,-0.044559997044480604,0.06417112299465244,-0.6414141414141414,-1.0785340314136116,-0.196023409363746
assay_envelope,native__boltz_binary,static_native_zero_local_labels,0.0,chemistry,0.125,8,198,0.025252525252525304,5.000000000000011,-0.015153437932625736,0.06436042797828162,-0.6414141414141414,-1.0785340314136116,-0.196023409363746
assay_envelope,native__boltz_binary,static_native_zero_local_labels,0.0,chemistry,0.125,9,198,0.015151515151515249,3.0000000000000195,-0.009711117456691409,0.041884816753926746,-0.6414141414141414,-1.0785340314136116,-0.196023409363746
assay_envelope,native__boltz_binary,static_native_zero_local_labels,0.0,chemistry,0.125,10,198,0.0,0.0,0.0,0.0,-0.6414141414141414,-1.0785340314136116,-0.196023409363746
assay_envelope,native__boltz_binary,static_native_zero_local_labels,0.0,chemistry,0.25,1,198,0.1717171717171717,34.0,0.0820334928229665,0.26043891331658287,-0.696969696969697,-1.122594746853965,-0.2574778270509968
assay_envelope,native__boltz_binary,static_native_zero_local_labels,0.0,chemistry,0.25,2,198,0.13636363636363635,26.999999999999996,0.04283283470456253,0.23036649214659688,-0.696969696969697,-1.122594746853965,-0.2574778270509968
assay_envelope,native__boltz_binary,static_native_zero_local_labels,0.0,chemistry,0.25,3,198,0.11111111111111116,22.00000000000001,0.025773195876288568,0.19697664720600502,-0.696969696969697,-1.122594746853965,-0.2574778270509968
assay_envelope,native__boltz_binary,static_native_zero_local_labels,0.0,chemistry,0.25,4,198,0.08585858585858586,17.0,0.010201504844361891,0.16326783188522928,-0.696969696969697,-1.122594746853965,-0.2574778270509968
assay_envelope,native__boltz_binary,static_native_zero_local_labels,0.0,chemistry,0.25,5,198,0.06060606060606055,11.99999999999999,-0.014564882784750172,0.12871669898948657,-0.696969696969697,-1.122594746853965,-0.2574778270509968
assay_envelope,native__boltz_binary,static_native_zero_local_labels,0.0,chemistry,0.25,6,198,0.04040404040404033,7.999999999999986,-0.024875621890547265,0.102170303605313,-0.696969696969697,-1.122594746853965,-0.2574778270509968
assay_envelope,native__boltz_binary,static_native_zero_local_labels,0.0,chemistry,0.25,7,198,0.02020202020202022,4.0000000000000036,-0.03518032079589862,0.07960199004975121,-0.696969696969697,-1.122594746853965,-0.2574778270509968
assay_envelope,native__boltz_binary,static_native_zero_local_labels,0.0,chemistry,0.25,8,198,0.04040404040404044,8.000000000000007,0.0,0.08416888330624098,-0.696969696969697,-1.122594746853965,-0.2574778270509968
assay_envelope,native__boltz_binary,static_native_zero_local_labels,0.0,chemistry,0.25,9,198,0.030303030303030387,6.000000000000017,0.0,0.06217616580310881,-0.696969696969697,-1.122594746853965,-0.2574778270509968
assay_envelope,native__boltz_binary,static_native_zero_local_labels,0.0,chemistry,0.25,10,198,0.0,0.0,0.0,0.0,-0.696969696969697,-1.122594746853965,-0.2574778270509968
assay_envelope,native__boltz_binary,static_native_zero_local_labels,0.0,chemistry,0.5,1,198,0.05555555555555558,11.000000000000005,-0.043292472375690616,0.15240806223479472,-0.20202020202020202,-0.5901693548387087,0.21469520376752765
assay_envelope,native__boltz_binary,static_native_zero_local_labels,0.0,chemistry,0.5,2,198,0.02020202020202022,4.0000000000000036,-0.06701102920002303,0.10257731958762877,-0.20202020202020202,-0.5901693548387087,0.21469520376752765
assay_envelope,native__boltz_binary,static_native_zero_local_labels,0.0,chemistry,0.5,3,198,0.02020202020202022,4.0000000000000036,-0.05501388888888883,0.09616116751269031,-0.20202020202020202,-0.5901693548387087,0.21469520376752765
assay_envelope,native__boltz_binary,static_native_zero_local_labels,0.0,chemistry,0.5,4,198,0.03535353535353536,7.000000000000001,-0.03432221898660453,0.10448998103405614,-0.20202020202020202,-0.5901693548387087,0.21469520376752765
assay_envelope,native__boltz_binary,static_native_zero_local_labels,0.0,chemistry,0.5,5,198,0.03535353535353536,7.000000000000001,-0.03609187070446734,0.1032608695652173,-0.20202020202020202,-0.5901693548387087,0.21469520376752765
assay_envelope,native__boltz_binary,static_native_zero_local_labels,0.0,chemistry,0.5,6,198,0.010101010101010055,1.999999999999991,-0.051548811770969497,0.07216494845360821,-0.20202020202020202,-0.5901693548387087,0.21469520376752765
assay_envelope,native__boltz_binary,static_native_zero_local_labels,0.0,chemistry,0.5,7,198,0.0,0.0,-0.052362909892532325,0.054740118502962475,-0.20202020202020202,-0.5901693548387087,0.21469520376752765
assay_envelope,native__boltz_binary,static_native_zero_local_labels,0.0,chemistry,0.5,8,198,0.025252525252525304,5.000000000000011,-0.014639579811639714,0.06633503401360541,-0.20202020202020202,-0.5901693548387087,0.21469520376752765
assay_envelope,native__boltz_binary,static_native_zero_local_labels,0.0,chemistry,0.5,9,198,0.0,0.0,-0.019902985074626886,0.02030456852791873,-0.20202020202020202,-0.5901693548387087,0.21469520376752765
assay_envelope,native__boltz_binary,static_native_zero_local_labels,0.0,chemistry,0.5,10,198,0.0,0.0,0.0,0.0,-0.20202020202020202,-0.5901693548387087,0.21469520376752765
assay_envelope,native__boltz_binary,static_native_zero_local_labels,0.0,chemistry,1.0,1,198,0.0050505050505050275,0.9999999999999954,-0.08081833564067069,0.0880975777840169,0.06060606060606061,-0.30258706467661667,0.43065458139587
assay_envelope,native__boltz_binary,static_native_zero_local_labels,0.0,chemistry,1.0,2,198,-0.015151515151515138,-2.9999999999999973,-0.09895833333333337,0.06698099982746711,0.06060606060606061,-0.30258706467661667,0.43065458139587
assay_envelope,native__boltz_binary,static_native_zero_local_labels,0.0,chemistry,1.0,3,198,-0.04040404040404044,-8.000000000000007,-0.11111111111111116,0.03191489361702127,0.06060606060606061,-0.30258706467661667,0.43065458139587
assay_envelope,native__boltz_binary,static_native_zero_local_labels,0.0,chemistry,1.0,4,198,-0.02020202020202022,-4.0000000000000036,-0.08696209587513941,0.04951042065532521,0.06060606060606061,-0.30258706467661667,0.43065458139587
assay_envelope,native__boltz_binary,static_native_zero_local_labels,0.0,chemistry,1.0,5,198,-0.010101010101010055,-1.999999999999991,-0.06915288603328419,0.049031741409435045,0.06060606060606061,-0.30258706467661667,0.43065458139587
assay_envelope,native__boltz_binary,static_native_zero_local_labels,0.0,chemistry,1.0,6,198,0.010101010101010055,1.999999999999991,-0.04370546176287732,0.06500816582914574,0.06060606060606061,-0.30258706467661667,0.43065458139587
assay_envelope,native__boltz_binary,static_native_zero_local_labels,0.0,chemistry,1.0,7,198,-0.010101010101010055,-1.999999999999991,-0.054467685779566906,0.03703703703703709,0.06060606060606061,-0.30258706467661667,0.43065458139587
assay_envelope,native__boltz_binary,static_native_zero_local_labels,0.0,chemistry,1.0,8,198,0.015151515151515138,2.9999999999999973,-0.02051282051282055,0.051813471502590636,0.06060606060606061,-0.30258706467661667,0.43065458139587
assay_envelope,native__boltz_binary,static_native_zero_local_labels,0.0,chemistry,1.0,9,198,0.005050505050505083,1.0000000000000064,-0.015625,0.029560308247573473,0.06060606060606061,-0.30258706467661667,0.43065458139587
assay_envelope,native__boltz_binary,static_native_zero_local_labels,0.0,chemistry,1.0,10,198,0.0,0.0,0.0,0.0,0.06060606060606061,-0.30258706467661667,0.43065458139587
assay_envelope,native__boltzina_vina_far_affinity,static_native_zero_local_labels,0.0,chemistry,0.125,1,198,0.06565656565656564,12.999999999999996,-0.031430411288742056,0.16511332259548997,0.8434343434343434,0.19997448979591853,1.4652432890347855
assay_envelope,native__boltzina_vina_far_affinity,static_native_zero_local_labels,0.0,chemistry,0.125,2,198,-0.07070707070707072,-14.000000000000002,-0.1764774281805746,0.03572816432272387,0.8434343434343434,0.19997448979591853,1.4652432890347855
assay_envelope,native__boltzina_vina_far_affinity,static_native_zero_local_labels,0.0,chemistry,0.125,3,198,-0.13131313131313127,-25.999999999999993,-0.23627112135176656,-0.021270996640537575,0.8434343434343434,0.19997448979591853,1.4652432890347855
assay_envelope,native__boltzina_vina_far_affinity,static_native_zero_local_labels,0.0,chemistry,0.125,4,198,-0.18181818181818177,-35.99999999999999,-0.289858695652174,-0.07461762967341515,0.8434343434343434,0.19997448979591853,1.4652432890347855
assay_envelope,native__boltzina_vina_far_affinity,static_native_zero_local_labels,0.0,chemistry,0.125,5,198,-0.16161616161616166,-32.00000000000001,-0.26601721460698224,-0.059398624591523175,0.8434343434343434,0.19997448979591853,1.4652432890347855
assay_envelope,native__boltzina_vina_far_affinity,static_native_zero_local_labels,0.0,chemistry,0.125,6,198,-0.13131313131313127,-25.999999999999993,-0.2216366366366367,-0.042438629852810446,0.8434343434343434,0.19997448979591853,1.4652432890347855
assay_envelope,native__boltzina_vina_far_affinity,static_native_zero_local_labels,0.0,chemistry,0.125,7,198,-0.11111111111111116,-22.00000000000001,-0.18041425697762134,-0.04144543560707233,0.8434343434343434,0.19997448979591853,1.4652432890347855
assay_envelope,native__boltzina_vina_far_affinity,static_native_zero_local_labels,0.0,chemistry,0.125,8,198,-0.08585858585858586,-17.0,-0.14646795176899893,-0.025116299318374096,0.8434343434343434,0.19997448979591853,1.4652432890347855
assay_envelope,native__boltzina_vina_far_affinity,static_native_zero_local_labels,0.0,chemistry,0.125,9,198,-0.03535353535353525,-6.999999999999979,-0.0809555984555984,0.005319148936170137,0.8434343434343434,0.19997448979591853,1.4652432890347855
assay_envelope,native__boltzina_vina_far_affinity,static_native_zero_local_labels,0.0,chemistry,0.125,10,198,0.0,0.0,0.0,0.0,0.8434343434343434,0.19997448979591853,1.4652432890347855
assay_envelope,native__boltzina_vina_far_affinity,static_native_zero_local_labels,0.0,chemistry,0.25,1,198,0.055555555555555525,10.999999999999995,-0.04639175257731959,0.15736728263859368,0.7878787878787878,0.1830841133851612,1.4138347492920205
assay_envelope,native__boltzina_vina_far_affinity,static_native_zero_local_labels,0.0,chemistry,0.25,2,198,-0.03535353535353536,-7.000000000000001,-0.14136257866624363,0.0696517412935323,0.7878787878787878,0.1830841133851612,1.4138347492920205
assay_envelope,native__boltzina_vina_far_affinity,static_native_zero_local_labels,0.0,chemistry,0.25,3,198,-0.09595959595959591,-18.99999999999999,-0.19902985074626864,0.009570528156054513,0.7878787878787878,0.1830841133851612,1.4138347492920205
assay_envelope,native__boltzina_vina_far_affinity,static_native_zero_local_labels,0.0,chemistry,0.25,4,198,-0.17676767676767668,-34.999999999999986,-0.27920294048026095,-0.07999468085106393,0.7878787878787878,0.1830841133851612,1.4138347492920205
assay_envelope,native__boltzina_vina_far_affinity,static_native_zero_local_labels,0.0,chemistry,0.25,5,198,-0.18686868686868696,-37.00000000000002,-0.2850414078674949,-0.09473684210526312,0.7878787878787878,0.1830841133851612,1.4138347492920205
assay_envelope,native__boltzina_vina_far_affinity,static_native_zero_local_labels,0.0,chemistry,0.25,6,198,-0.15656565656565657,-31.0,-0.24607531212243253,-0.0706185428325444,0.7878787878787878,0.1830841133851612,1.4138347492920205
assay_envelope,native__boltzina_vina_far_affinity,static_native_zero_local_labels,0.0,chemistry,0.25,7,198,-0.101010101010101,-19.999999999999996,-0.17744333042720145,-0.023972259358289155,0.7878787878787878,0.1830841133851612,1.4138347492920205
assay_envelope,native__boltzina_vina_far_affinity,static_native_zero_local_labels,0.0,chemistry,0.25,8,198,-0.07070707070707072,-14.000000000000002,-0.13333333333333341,-0.005234245720641253,0.7878787878787878,0.1830841133851612,1.4138347492920205
assay_envelope,native__boltzina_vina_far_affinity,static_native_zero_local_labels,0.0,chemistry,0.25,9,198,-0.02020202020202011,-3.999999999999982,-0.0653348814780975,0.023699503498081705,0.7878787878787878,0.1830841133851612,1.4138347492920205
assay_envelope,native__boltzina_vina_far_affinity,static_native_zero_local_labels,0.0,chemistry,0.25,10,198,0.0,0.0,0.0,0.0,0.7878787878787878,0.1830841133851612,1.4138347492920205
assay_envelope,native__boltzina_vina_far_affinity,static_native_zero_local_labels,0.0,chemistry,0.5,1,198,-0.06060606060606061,-12.0,-0.17858475479744138,0.05446905940594051,1.2828282828282829,0.6697758822954347,1.9111766260571885
assay_envelope,native__boltzina_vina_far_affinity,static_native_zero_local_labels,0.0,chemistry,0.5,2,198,-0.1515151515151515,-29.999999999999996,-0.25123279019830747,-0.04662611505795629,1.2828282828282829,0.6697758822954347,1.9111766260571885
assay_envelope,native__boltzina_vina_far_affinity,static_native_zero_local_labels,0.0,chemistry,0.5,3,198,-0.18686868686868685,-37.0,-0.29083235052815093,-0.09089767016902704,1.2828282828282829,0.6697758822954347,1.9111766260571885
assay_envelope,native__boltzina_vina_far_affinity,static_native_zero_local_labels,0.0,chemistry,0.5,4,198,-0.22727272727272718,-44.99999999999998,-0.3282070707070707,-0.13,1.2828282828282829,0.6697758822954347,1.9111766260571885
assay_envelope,native__boltzina_vina_far_affinity,static_native_zero_local_labels,0.0,chemistry,0.5,5,198,-0.21212121212121215,-42.00000000000001,-0.31252332089552237,-0.11602009768596358,1.2828282828282829,0.6697758822954347,1.9111766260571885
assay_envelope,native__boltzina_vina_far_affinity,static_native_zero_local_labels,0.0,chemistry,0.5,6,198,-0.18686868686868685,-37.0,-0.27586206896551724,-0.09793534289556254,1.2828282828282829,0.6697758822954347,1.9111766260571885
assay_envelope,native__boltzina_vina_far_affinity,static_native_zero_local_labels,0.0,chemistry,0.5,7,198,-0.12121212121212122,-24.0,-0.19069827379525292,-0.05153680172620473,1.2828282828282829,0.6697758822954347,1.9111766260571885
assay_envelope,native__boltzina_vina_far_affinity,static_native_zero_local_labels,0.0,chemistry,0.5,8,198,-0.08585858585858586,-17.0,-0.14796390778533636,-0.025116299318374096,1.2828282828282829,0.6697758822954347,1.9111766260571885
assay_envelope,native__boltzina_vina_far_affinity,static_native_zero_local_labels,0.0,chemistry,0.5,9,198,-0.0505050505050505,-9.999999999999998,-0.09092062759575453,-0.014012260996313107,1.2828282828282829,0.6697758822954347,1.9111766260571885
assay_envelope,native__boltzina_vina_far_affinity,static_native_zero_local_labels,0.0,chemistry,0.5,10,198,0.0,0.0,0.0,0.0,1.2828282828282829,0.6697758822954347,1.9111766260571885
assay_envelope,native__boltzina_vina_far_affinity,static_native_zero_local_labels,0.0,chemistry,1.0,1,198,-0.11111111111111116,-22.00000000000001,-0.19889577021327157,-0.02071745796764308,1.5454545454545454,1.0260316506410252,2.048691483225992
assay_envelope,native__boltzina_vina_far_affinity,static_native_zero_local_labels,0.0,chemistry,1.0,2,198,-0.18686868686868685,-37.0,-0.2786310383566041,-0.09546545226130657,1.5454545454545454,1.0260316506410252,2.048691483225992
assay_envelope,native__boltzina_vina_far_affinity,static_native_zero_local_labels,0.0,chemistry,1.0,3,198,-0.24747474747474751,-49.00000000000001,-0.33333333333333337,-0.16041195766029004,1.5454545454545454,1.0260316506410252,2.048691483225992
assay_envelope,native__boltzina_vina_far_affinity,static_native_zero_local_labels,0.0,chemistry,1.0,4,198,-0.28282828282828276,-55.999999999999986,-0.3717310373858823,-0.1968911917098446,1.5454545454545454,1.0260316506410252,2.048691483225992
assay_envelope,native__boltzina_vina_far_affinity,static_native_zero_local_labels,0.0,chemistry,1.0,5,198,-0.25757575757575757,-51.0,-0.3386243386243386,-0.1773255958600787,1.5454545454545454,1.0260316506410252,2.048691483225992
assay_envelope,native__boltzina_vina_far_affinity,static_native_zero_local_labels,0.0,chemistry,1.0,6,198,-0.18686868686868685,-37.0,-0.2604222074468085,-0.115178664921466,1.5454545454545454,1.0260316506410252,2.048691483225992
assay_envelope,native__boltzina_vina_far_affinity,static_native_zero_local_labels,0.0,chemistry,1.0,7,198,-0.13131313131313127,-25.999999999999993,-0.19306930693069302,-0.06842105263157894,1.5454545454545454,1.0260316506410252,2.048691483225992
assay_envelope,native__boltzina_vina_far_affinity,static_native_zero_local_labels,0.0,chemistry,1.0,8,198,-0.09595959595959602,-19.000000000000014,-0.14851992891596855,-0.042550682456844714,1.5454545454545454,1.0260316506410252,2.048691483225992
assay_envelope,native__boltzina_vina_far_affinity,static_native_zero_local_labels,0.0,chemistry,1.0,9,198,-0.045454545454545414,-8.999999999999993,-0.0869620958751393,-0.008843478689818902,1.5454545454545454,1.0260316506410252,2.048691483225992
assay_envelope,native__boltzina_vina_far_affinity,static_native_zero_local_labels,0.0,chemistry,1.0,10,198,0.0,0.0,0.0,0.0,1.5454545454545454,1.0260316506410252,2.048691483225992
assay_envelope,native__boltzina_vina_far_binary,static_native_zero_local_labels,0.0,chemistry,0.125,1,198,0.20707070707070707,41.0,0.12086761406133135,0.2935393906754885,-0.6919191919191919,-1.123839048539,-0.23228438228438286
assay_envelope,native__boltzina_vina_far_binary,static_native_zero_local_labels,0.0,chemistry,0.125,2,198,0.11111111111111116,22.00000000000001,0.02364774366371319,0.2085471273817583,-0.6919191919191919,-1.123839048539,-0.23228438228438286
assay_envelope,native__boltzina_vina_far_binary,static_native_zero_local_labels,0.0,chemistry,0.125,3,198,0.09595959595959602,19.000000000000014,0.009899770765253873,0.18782479770819718,-0.6919191919191919,-1.123839048539,-0.23228438228438286
assay_envelope,native__boltzina_vina_far_binary,static_native_zero_local_labels,0.0,chemistry,0.125,4,198,0.0757575757575758,15.000000000000009,-0.010051520227399666,0.1565730837789661,-0.6919191919191919,-1.123839048539,-0.23228438228438286
assay_envelope,native__boltzina_vina_far_binary,static_native_zero_local_labels,0.0,chemistry,0.125,5,198,0.09090909090909094,18.000000000000007,0.014479271991910979,0.17190980816831664,-0.6919191919191919,-1.123839048539,-0.23228438228438286
assay_envelope,native__boltzina_vina_far_binary,static_native_zero_local_labels,0.0,chemistry,0.125,6,198,0.08080808080808088,16.000000000000014,0.010807920219684927,0.15000647668393782,-0.6919191919191919,-1.123839048539,-0.23228438228438286
assay_envelope,native__boltzina_vina_far_binary,static_native_zero_local_labels,0.0,chemistry,0.125,7,198,0.015151515151515138,2.9999999999999973,-0.039999999999999925,0.06878306878306872,-0.6919191919191919,-1.123839048539,-0.23228438228438286
assay_envelope,native__boltzina_vina_far_binary,static_native_zero_local_labels,0.0,chemistry,0.125,8,198,0.005050505050505083,1.0000000000000064,-0.039999999999999925,0.050511459775419126,-0.6919191919191919,-1.123839048539,-0.23228438228438286
assay_envelope,native__boltzina_vina_far_binary,static_native_zero_local_labels,0.0,chemistry,0.125,9,198,0.010101010101010166,2.000000000000013,-0.015875126646403188,0.039108883776974475,-0.6919191919191919,-1.123839048539,-0.23228438228438286
assay_envelope,native__boltzina_vina_far_binary,static_native_zero_local_labels,0.0,chemistry,0.125,10,198,0.0,0.0,0.0,0.0,-0.6919191919191919,-1.123839048539,-0.23228438228438286
assay_envelope,native__boltzina_vina_far_binary,static_native_zero_local_labels,0.0,chemistry,0.25,1,198,0.19696969696969696,39.0,0.1111111111111111,0.2793316628327308,-0.7474747474747475,-1.1651315137705571,-0.3060836009530715
assay_envelope,native__boltzina_vina_far_binary,static_native_zero_local_labels,0.0,chemistry,0.25,2,198,0.14646464646464652,29.00000000000001,0.05974435415787251,0.2347227570273391,-0.7474747474747475,-1.1651315137705571,-0.3060836009530715
assay_envelope,native__boltzina_vina_far_binary,static_native_zero_local_labels,0.0,chemistry,0.25,3,198,0.13131313131313138,26.000000000000014,0.042547562760328776,0.21890902629708597,-0.7474747474747475,-1.1651315137705571,-0.3060836009530715
assay_envelope,native__boltzina_vina_far_binary,static_native_zero_local_labels,0.0,chemistry,0.25,4,198,0.08080808080808088,16.000000000000014,0.0,0.1576419497018408,-0.7474747474747475,-1.1651315137705571,-0.3060836009530715
assay_envelope,native__boltzina_vina_far_binary,static_native_zero_local_labels,0.0,chemistry,0.25,5,198,0.06565656565656564,12.999999999999996,-0.005076142131979711,0.13661202185792343,-0.7474747474747475,-1.1651315137705571,-0.3060836009530715
assay_envelope,native__boltzina_vina_far_binary,static_native_zero_local_labels,0.0,chemistry,0.25,6,198,0.05555555555555558,11.000000000000005,-0.0052097039473684575,0.11892522055734488,-0.7474747474747475,-1.1651315137705571,-0.3060836009530715
assay_envelope,native__boltzina_vina_far_binary,static_native_zero_local_labels,0.0,chemistry,0.25,7,198,0.025252525252525304,5.000000000000011,-0.03076923076923077,0.08466232404911646,-0.7474747474747475,-1.1651315137705571,-0.3060836009530715
assay_envelope,native__boltzina_vina_far_binary,static_native_zero_local_labels,0.0,chemistry,0.25,8,198,0.02020202020202022,4.0000000000000036,-0.026741561727330228,0.06952204219543995,-0.7474747474747475,-1.1651315137705571,-0.3060836009530715
assay_envelope,native__boltzina_vina_far_binary,static_native_zero_local_labels,0.0,chemistry,0.25,9,198,0.025252525252525304,5.000000000000011,-0.005128205128205113,0.05714657738095238,-0.7474747474747475,-1.1651315137705571,-0.3060836009530715
assay_envelope,native__boltzina_vina_far_binary,static_native_zero_local_labels,0.0,chemistry,0.25,10,198,0.0,0.0,0.0,0.0,-0.7474747474747475,-1.1651315137705571,-0.3060836009530715
assay_envelope,native__boltzina_vina_far_binary,static_native_zero_local_labels,0.0,chemistry,0.5,1,198,0.08080808080808083,16.000000000000004,-0.010310613749265549,0.1724137931034483,-0.25252525252525254,-0.6567492846647592,0.16587001995624004
assay_envelope,native__boltzina_vina_far_binary,static_native_zero_local_labels,0.0,chemistry,0.5,2,198,0.030303030303030387,6.000000000000017,-0.052090150523560245,0.11052758097165992,-0.25252525252525254,-0.6567492846647592,0.16587001995624004
assay_envelope,native__boltzina_vina_far_binary,static_native_zero_local_labels,0.0,chemistry,0.5,3,198,0.04040404040404044,8.000000000000007,-0.04040916782033537,0.12105661881977674,-0.25252525252525254,-0.6567492846647592,0.16587001995624004
assay_envelope,native__boltzina_vina_far_binary,static_native_zero_local_labels,0.0,chemistry,0.5,4,198,0.030303030303030387,6.000000000000017,-0.04266294654232278,0.10382513661202186,-0.25252525252525254,-0.6567492846647592,0.16587001995624004
assay_envelope,native__boltzina_vina_far_binary,static_native_zero_local_labels,0.0,chemistry,0.5,5,198,0.04040404040404044,8.000000000000007,-0.02577319587628868,0.10714721254355393,-0.25252525252525254,-0.6567492846647592,0.16587001995624004
assay_envelope,native__boltzina_vina_far_binary,static_native_zero_local_labels,0.0,chemistry,0.5,6,198,0.025252525252525304,5.000000000000011,-0.03382052905586035,0.08743662328882876,-0.25252525252525254,-0.6567492846647592,0.16587001995624004
assay_envelope,native__boltzina_vina_far_binary,static_native_zero_local_labels,0.0,chemistry,0.5,7,198,0.005050505050505083,1.0000000000000064,-0.04854960928250057,0.06091370558375642,-0.25252525252525254,-0.6567492846647592,0.16587001995624004
assay_envelope,native__boltzina_vina_far_binary,static_native_zero_local_labels,0.0,chemistry,0.5,8,198,0.005050505050505083,1.0000000000000064,-0.043689320388349495,0.05291005291005291,-0.25252525252525254,-0.6567492846647592,0.16587001995624004
assay_envelope,native__boltzina_vina_far_binary,static_native_zero_local_labels,0.0,chemistry,0.5,9,198,-0.005050505050505083,-1.0000000000000064,-0.026606526739505417,0.015546065414507815,-0.25252525252525254,-0.6567492846647592,0.16587001995624004
assay_envelope,native__boltzina_vina_far_binary,static_native_zero_local_labels,0.0,chemistry,0.5,10,198,0.0,0.0,0.0,0.0,-0.25252525252525254,-0.6567492846647592,0.16587001995624004
assay_envelope,native__boltzina_vina_far_binary,static_native_zero_local_labels,0.0,chemistry,1.0,1,198,0.030303030303030276,5.999999999999995,-0.045696993361967954,0.10245157819225248,0.010101010101010102,-0.3418434479054784,0.3550802238805961
assay_envelope,native__boltzina_vina_far_binary,static_native_zero_local_labels,0.0,chemistry,1.0,2,198,-0.005050505050504972,-0.9999999999999845,-0.08499999999999996,0.07512622907254843,0.010101010101010102,-0.3418434479054784,0.3550802238805961
assay_envelope,native__boltzina_vina_far_binary,static_native_zero_local_labels,0.0,chemistry,1.0,3,198,-0.02020202020202022,-4.0000000000000036,-0.09327254396487915,0.051820218048359165,0.010101010101010102,-0.3418434479054784,0.3550802238805961
assay_envelope,native__boltzina_vina_far_binary,static_native_zero_local_labels,0.0,chemistry,1.0,4,198,-0.025252525252525193,-4.9999999999999885,-0.08674023957409055,0.037041962174940816,0.010101010101010102,-0.3418434479054784,0.3550802238805961
assay_envelope,native__boltzina_vina_far_binary,static_native_zero_local_labels,0.0,chemistry,1.0,5,198,-0.005050505050504972,-0.9999999999999845,-0.05999999999999994,0.05263790485829961,0.010101010101010102,-0.3418434479054784,0.3550802238805961
assay_envelope,native__boltzina_vina_far_binary,static_native_zero_local_labels,0.0,chemistry,1.0,6,198,0.025252525252525304,5.000000000000011,-0.024050245098039238,0.07855087864807417,0.010101010101010102,-0.3418434479054784,0.3550802238805961
assay_envelope,native__boltzina_vina_far_binary,static_native_zero_local_labels,0.0,chemistry,1.0,7,198,-0.005050505050504972,-0.9999999999999845,-0.04839101158784848,0.040409167820335344,0.010101010101010102,-0.3418434479054784,0.3550802238805961
assay_envelope,native__boltzina_vina_far_binary,static_native_zero_local_labels,0.0,chemistry,1.0,8,198,-0.005050505050505083,-1.0000000000000064,-0.04688113547120419,0.037659731961975834,0.010101010101010102,-0.3418434479054784,0.3550802238805961
assay_envelope,native__boltzina_vina_far_binary,static_native_zero_local_labels,0.0,chemistry,1.0,9,198,0.0,0.0,-0.024630541871921152,0.025776534373163826,0.010101010101010102,-0.3418434479054784,0.3550802238805961
assay_envelope,native__boltzina_vina_far_binary,static_native_zero_local_labels,0.0,chemistry,1.0,10,198,0.0,0.0,0.0,0.0,0.010101010101010102,-0.3418434479054784,0.3550802238805961
assay_envelope,native__boltzina_vina_zero_affinity,static_native_zero_local_labels,0.0,chemistry,0.125,1,198,0.06565656565656564,12.999999999999996,-0.031430411288742056,0.16511332259548997,0.8434343434343434,0.19997448979591853,1.4652432890347855
assay_envelope,native__boltzina_vina_zero_affinity,static_native_zero_local_labels,0.0,chemistry,0.125,2,198,-0.07070707070707072,-14.000000000000002,-0.1764774281805746,0.03572816432272387,0.8434343434343434,0.19997448979591853,1.4652432890347855
assay_envelope,native__boltzina_vina_zero_affinity,static_native_zero_local_labels,0.0,chemistry,0.125,3,198,-0.13131313131313127,-25.999999999999993,-0.23627112135176656,-0.021270996640537575,0.8434343434343434,0.19997448979591853,1.4652432890347855
assay_envelope,native__boltzina_vina_zero_affinity,static_native_zero_local_labels,0.0,chemistry,0.125,4,198,-0.18181818181818177,-35.99999999999999,-0.289858695652174,-0.07461762967341515,0.8434343434343434,0.19997448979591853,1.4652432890347855
assay_envelope,native__boltzina_vina_zero_affinity,static_native_zero_local_labels,0.0,chemistry,0.125,5,198,-0.16161616161616166,-32.00000000000001,-0.26601721460698224,-0.059398624591523175,0.8434343434343434,0.19997448979591853,1.4652432890347855
assay_envelope,native__boltzina_vina_zero_affinity,static_native_zero_local_labels,0.0,chemistry,0.125,6,198,-0.13131313131313127,-25.999999999999993,-0.2216366366366367,-0.042438629852810446,0.8434343434343434,0.19997448979591853,1.4652432890347855
assay_envelope,native__boltzina_vina_zero_affinity,static_native_zero_local_labels,0.0,chemistry,0.125,7,198,-0.11111111111111116,-22.00000000000001,-0.18041425697762134,-0.04144543560707233,0.8434343434343434,0.19997448979591853,1.4652432890347855
assay_envelope,native__boltzina_vina_zero_affinity,static_native_zero_local_labels,0.0,chemistry,0.125,8,198,-0.08585858585858586,-17.0,-0.14646795176899893,-0.025116299318374096,0.8434343434343434,0.19997448979591853,1.4652432890347855
assay_envelope,native__boltzina_vina_zero_affinity,static_native_zero_local_labels,0.0,chemistry,0.125,9,198,-0.03535353535353525,-6.999999999999979,-0.0809555984555984,0.005319148936170137,0.8434343434343434,0.19997448979591853,1.4652432890347855
assay_envelope,native__boltzina_vina_zero_affinity,static_native_zero_local_labels,0.0,chemistry,0.125,10,198,0.0,0.0,0.0,0.0,0.8434343434343434,0.19997448979591853,1.4652432890347855
assay_envelope,native__boltzina_vina_zero_affinity,static_native_zero_local_labels,0.0,chemistry,0.25,1,198,0.055555555555555525,10.999999999999995,-0.04639175257731959,0.15736728263859368,0.7878787878787878,0.1830841133851612,1.4138347492920205
assay_envelope,native__boltzina_vina_zero_affinity,static_native_zero_local_labels,0.0,chemistry,0.25,2,198,-0.03535353535353536,-7.000000000000001,-0.14136257866624363,0.0696517412935323,0.7878787878787878,0.1830841133851612,1.4138347492920205
assay_envelope,native__boltzina_vina_zero_affinity,static_native_zero_local_labels,0.0,chemistry,0.25,3,198,-0.09595959595959591,-18.99999999999999,-0.19902985074626864,0.009570528156054513,0.7878787878787878,0.1830841133851612,1.4138347492920205
assay_envelope,native__boltzina_vina_zero_affinity,static_native_zero_local_labels,0.0,chemistry,0.25,4,198,-0.17676767676767668,-34.999999999999986,-0.27920294048026095,-0.07999468085106393,0.7878787878787878,0.1830841133851612,1.4138347492920205
assay_envelope,native__boltzina_vina_zero_affinity,static_native_zero_local_labels,0.0,chemistry,0.25,5,198,-0.18686868686868696,-37.00000000000002,-0.2850414078674949,-0.09473684210526312,0.7878787878787878,0.1830841133851612,1.4138347492920205
assay_envelope,native__boltzina_vina_zero_affinity,static_native_zero_local_labels,0.0,chemistry,0.25,6,198,-0.15656565656565657,-31.0,-0.24607531212243253,-0.0706185428325444,0.7878787878787878,0.1830841133851612,1.4138347492920205
assay_envelope,native__boltzina_vina_zero_affinity,static_native_zero_local_labels,0.0,chemistry,0.25,7,198,-0.101010101010101,-19.999999999999996,-0.17744333042720145,-0.023972259358289155,0.7878787878787878,0.1830841133851612,1.4138347492920205
assay_envelope,native__boltzina_vina_zero_affinity,static_native_zero_local_labels,0.0,chemistry,0.25,8,198,-0.07070707070707072,-14.000000000000002,-0.13333333333333341,-0.005234245720641253,0.7878787878787878,0.1830841133851612,1.4138347492920205
assay_envelope,native__boltzina_vina_zero_affinity,static_native_zero_local_labels,0.0,chemistry,0.25,9,198,-0.02020202020202011,-3.999999999999982,-0.0653348814780975,0.023699503498081705,0.7878787878787878,0.1830841133851612,1.4138347492920205
assay_envelope,native__boltzina_vina_zero_affinity,static_native_zero_local_labels,0.0,chemistry,0.25,10,198,0.0,0.0,0.0,0.0,0.7878787878787878,0.1830841133851612,1.4138347492920205
assay_envelope,native__boltzina_vina_zero_affinity,static_native_zero_local_labels,0.0,chemistry,0.5,1,198,-0.06060606060606061,-12.0,-0.17858475479744138,0.05446905940594051,1.2828282828282829,0.6697758822954347,1.9111766260571885
assay_envelope,native__boltzina_vina_zero_affinity,static_native_zero_local_labels,0.0,chemistry,0.5,2,198,-0.1515151515151515,-29.999999999999996,-0.25123279019830747,-0.04662611505795629,1.2828282828282829,0.6697758822954347,1.9111766260571885
assay_envelope,native__boltzina_vina_zero_affinity,static_native_zero_local_labels,0.0,chemistry,0.5,3,198,-0.18686868686868685,-37.0,-0.29083235052815093,-0.09089767016902704,1.2828282828282829,0.6697758822954347,1.9111766260571885
assay_envelope,native__boltzina_vina_zero_affinity,static_native_zero_local_labels,0.0,chemistry,0.5,4,198,-0.22727272727272718,-44.99999999999998,-0.3282070707070707,-0.13,1.2828282828282829,0.6697758822954347,1.9111766260571885
assay_envelope,native__boltzina_vina_zero_affinity,static_native_zero_local_labels,0.0,chemistry,0.5,5,198,-0.21212121212121215,-42.00000000000001,-0.31252332089552237,-0.11602009768596358,1.2828282828282829,0.6697758822954347,1.9111766260571885
assay_envelope,native__boltzina_vina_zero_affinity,static_native_zero_local_labels,0.0,chemistry,0.5,6,198,-0.18686868686868685,-37.0,-0.27586206896551724,-0.09793534289556254,1.2828282828282829,0.6697758822954347,1.9111766260571885
assay_envelope,native__boltzina_vina_zero_affinity,static_native_zero_local_labels,0.0,chemistry,0.5,7,198,-0.12121212121212122,-24.0,-0.19069827379525292,-0.05153680172620473,1.2828282828282829,0.6697758822954347,1.9111766260571885
assay_envelope,native__boltzina_vina_zero_affinity,static_native_zero_local_labels,0.0,chemistry,0.5,8,198,-0.08585858585858586,-17.0,-0.14796390778533636,-0.025116299318374096,1.2828282828282829,0.6697758822954347,1.9111766260571885
assay_envelope,native__boltzina_vina_zero_affinity,static_native_zero_local_labels,0.0,chemistry,0.5,9,198,-0.0505050505050505,-9.999999999999998,-0.09092062759575453,-0.014012260996313107,1.2828282828282829,0.6697758822954347,1.9111766260571885
assay_envelope,native__boltzina_vina_zero_affinity,static_native_zero_local_labels,0.0,chemistry,0.5,10,198,0.0,0.0,0.0,0.0,1.2828282828282829,0.6697758822954347,1.9111766260571885
assay_envelope,native__boltzina_vina_zero_affinity,static_native_zero_local_labels,0.0,chemistry,1.0,1,198,-0.11111111111111116,-22.00000000000001,-0.19889577021327157,-0.02071745796764308,1.5454545454545454,1.0260316506410252,2.048691483225992
assay_envelope,native__boltzina_vina_zero_affinity,static_native_zero_local_labels,0.0,chemistry,1.0,2,198,-0.18686868686868685,-37.0,-0.2786310383566041,-0.09546545226130657,1.5454545454545454,1.0260316506410252,2.048691483225992
assay_envelope,native__boltzina_vina_zero_affinity,static_native_zero_local_labels,0.0,chemistry,1.0,3,198,-0.24747474747474751,-49.00000000000001,-0.33333333333333337,-0.16041195766029004,1.5454545454545454,1.0260316506410252,2.048691483225992
assay_envelope,native__boltzina_vina_zero_affinity,static_native_zero_local_labels,0.0,chemistry,1.0,4,198,-0.28282828282828276,-55.999999999999986,-0.3717310373858823,-0.1968911917098446,1.5454545454545454,1.0260316506410252,2.048691483225992
assay_envelope,native__boltzina_vina_zero_affinity,static_native_zero_local_labels,0.0,chemistry,1.0,5,198,-0.25757575757575757,-51.0,-0.3386243386243386,-0.1773255958600787,1.5454545454545454,1.0260316506410252,2.048691483225992
assay_envelope,native__boltzina_vina_zero_affinity,static_native_zero_local_labels,0.0,chemistry,1.0,6,198,-0.18686868686868685,-37.0,-0.2604222074468085,-0.115178664921466,1.5454545454545454,1.0260316506410252,2.048691483225992
assay_envelope,native__boltzina_vina_zero_affinity,static_native_zero_local_labels,0.0,chemistry,1.0,7,198,-0.13131313131313127,-25.999999999999993,-0.19306930693069302,-0.06842105263157894,1.5454545454545454,1.0260316506410252,2.048691483225992
assay_envelope,native__boltzina_vina_zero_affinity,static_native_zero_local_labels,0.0,chemistry,1.0,8,198,-0.09595959595959602,-19.000000000000014,-0.14851992891596855,-0.042550682456844714,1.5454545454545454,1.0260316506410252,2.048691483225992
assay_envelope,native__boltzina_vina_zero_affinity,static_native_zero_local_labels,0.0,chemistry,1.0,9,198,-0.045454545454545414,-8.999999999999993,-0.0869620958751393,-0.008843478689818902,1.5454545454545454,1.0260316506410252,2.048691483225992
assay_envelope,native__boltzina_vina_zero_affinity,static_native_zero_local_labels,0.0,chemistry,1.0,10,198,0.0,0.0,0.0,0.0,1.5454545454545454,1.0260316506410252,2.048691483225992
assay_envelope,native__boltzina_vina_zero_binary,static_native_zero_local_labels,0.0,chemistry,0.125,1,198,0.20707070707070707,41.0,0.12086761406133135,0.2935393906754885,-0.6919191919191919,-1.123839048539,-0.23228438228438286
assay_envelope,native__boltzina_vina_zero_binary,static_native_zero_local_labels,0.0,chemistry,0.125,2,198,0.11111111111111116,22.00000000000001,0.02364774366371319,0.2085471273817583,-0.6919191919191919,-1.123839048539,-0.23228438228438286
assay_envelope,native__boltzina_vina_zero_binary,static_native_zero_local_labels,0.0,chemistry,0.125,3,198,0.09595959595959602,19.000000000000014,0.009899770765253873,0.18782479770819718,-0.6919191919191919,-1.123839048539,-0.23228438228438286
assay_envelope,native__boltzina_vina_zero_binary,static_native_zero_local_labels,0.0,chemistry,0.125,4,198,0.0757575757575758,15.000000000000009,-0.010051520227399666,0.1565730837789661,-0.6919191919191919,-1.123839048539,-0.23228438228438286
assay_envelope,native__boltzina_vina_zero_binary,static_native_zero_local_labels,0.0,chemistry,0.125,5,198,0.09090909090909094,18.000000000000007,0.014479271991910979,0.17190980816831664,-0.6919191919191919,-1.123839048539,-0.23228438228438286
assay_envelope,native__boltzina_vina_zero_binary,static_native_zero_local_labels,0.0,chemistry,0.125,6,198,0.08080808080808088,16.000000000000014,0.010807920219684927,0.15000647668393782,-0.6919191919191919,-1.123839048539,-0.23228438228438286
assay_envelope,native__boltzina_vina_zero_binary,static_native_zero_local_labels,0.0,chemistry,0.125,7,198,0.015151515151515138,2.9999999999999973,-0.039999999999999925,0.06878306878306872,-0.6919191919191919,-1.123839048539,-0.23228438228438286
assay_envelope,native__boltzina_vina_zero_binary,static_native_zero_local_labels,0.0,chemistry,0.125,8,198,0.005050505050505083,1.0000000000000064,-0.039999999999999925,0.050511459775419126,-0.6919191919191919,-1.123839048539,-0.23228438228438286
assay_envelope,native__boltzina_vina_zero_binary,static_native_zero_local_labels,0.0,chemistry,0.125,9,198,0.010101010101010166,2.000000000000013,-0.015875126646403188,0.039108883776974475,-0.6919191919191919,-1.123839048539,-0.23228438228438286
assay_envelope,native__boltzina_vina_zero_binary,static_native_zero_local_labels,0.0,chemistry,0.125,10,198,0.0,0.0,0.0,0.0,-0.6919191919191919,-1.123839048539,-0.23228438228438286
assay_envelope,native__boltzina_vina_zero_binary,static_native_zero_local_labels,0.0,chemistry,0.25,1,198,0.19696969696969696,39.0,0.1111111111111111,0.2793316628327308,-0.7474747474747475,-1.1651315137705571,-0.3060836009530715
assay_envelope,native__boltzina_vina_zero_binary,static_native_zero_local_labels,0.0,chemistry,0.25,2,198,0.14646464646464652,29.00000000000001,0.05974435415787251,0.2347227570273391,-0.7474747474747475,-1.1651315137705571,-0.3060836009530715
assay_envelope,native__boltzina_vina_zero_binary,static_native_zero_local_labels,0.0,chemistry,0.25,3,198,0.13131313131313138,26.000000000000014,0.042547562760328776,0.21890902629708597,-0.7474747474747475,-1.1651315137705571,-0.3060836009530715
assay_envelope,native__boltzina_vina_zero_binary,static_native_zero_local_labels,0.0,chemistry,0.25,4,198,0.08080808080808088,16.000000000000014,0.0,0.1576419497018408,-0.7474747474747475,-1.1651315137705571,-0.3060836009530715
assay_envelope,native__boltzina_vina_zero_binary,static_native_zero_local_labels,0.0,chemistry,0.25,5,198,0.06565656565656564,12.999999999999996,-0.005076142131979711,0.13661202185792343,-0.7474747474747475,-1.1651315137705571,-0.3060836009530715
assay_envelope,native__boltzina_vina_zero_binary,static_native_zero_local_labels,0.0,chemistry,0.25,6,198,0.05555555555555558,11.000000000000005,-0.0052097039473684575,0.11892522055734488,-0.7474747474747475,-1.1651315137705571,-0.3060836009530715
assay_envelope,native__boltzina_vina_zero_binary,static_native_zero_local_labels,0.0,chemistry,0.25,7,198,0.025252525252525304,5.000000000000011,-0.03076923076923077,0.08466232404911646,-0.7474747474747475,-1.1651315137705571,-0.3060836009530715
assay_envelope,native__boltzina_vina_zero_binary,static_native_zero_local_labels,0.0,chemistry,0.25,8,198,0.02020202020202022,4.0000000000000036,-0.026741561727330228,0.06952204219543995,-0.7474747474747475,-1.1651315137705571,-0.3060836009530715
assay_envelope,native__boltzina_vina_zero_binary,static_native_zero_local_labels,0.0,chemistry,0.25,9,198,0.025252525252525304,5.000000000000011,-0.005128205128205113,0.05714657738095238,-0.7474747474747475,-1.1651315137705571,-0.3060836009530715
assay_envelope,native__boltzina_vina_zero_binary,static_native_zero_local_labels,0.0,chemistry,0.25,10,198,0.0,0.0,0.0,0.0,-0.7474747474747475,-1.1651315137705571,-0.3060836009530715
assay_envelope,native__boltzina_vina_zero_binary,static_native_zero_local_labels,0.0,chemistry,0.5,1,198,0.08080808080808083,16.000000000000004,-0.010310613749265549,0.1724137931034483,-0.25252525252525254,-0.6567492846647592,0.16587001995624004
assay_envelope,native__boltzina_vina_zero_binary,static_native_zero_local_labels,0.0,chemistry,0.5,2,198,0.030303030303030387,6.000000000000017,-0.052090150523560245,0.11052758097165992,-0.25252525252525254,-0.6567492846647592,0.16587001995624004
assay_envelope,native__boltzina_vina_zero_binary,static_native_zero_local_labels,0.0,chemistry,0.5,3,198,0.04040404040404044,8.000000000000007,-0.04040916782033537,0.12105661881977674,-0.25252525252525254,-0.6567492846647592,0.16587001995624004
assay_envelope,native__boltzina_vina_zero_binary,static_native_zero_local_labels,0.0,chemistry,0.5,4,198,0.030303030303030387,6.000000000000017,-0.04266294654232278,0.10382513661202186,-0.25252525252525254,-0.6567492846647592,0.16587001995624004
assay_envelope,native__boltzina_vina_zero_binary,static_native_zero_local_labels,0.0,chemistry,0.5,5,198,0.04040404040404044,8.000000000000007,-0.02577319587628868,0.10714721254355393,-0.25252525252525254,-0.6567492846647592,0.16587001995624004
assay_envelope,native__boltzina_vina_zero_binary,static_native_zero_local_labels,0.0,chemistry,0.5,6,198,0.025252525252525304,5.000000000000011,-0.03382052905586035,0.08743662328882876,-0.25252525252525254,-0.6567492846647592,0.16587001995624004
assay_envelope,native__boltzina_vina_zero_binary,static_native_zero_local_labels,0.0,chemistry,0.5,7,198,0.005050505050505083,1.0000000000000064,-0.04854960928250057,0.06091370558375642,-0.25252525252525254,-0.6567492846647592,0.16587001995624004
assay_envelope,native__boltzina_vina_zero_binary,static_native_zero_local_labels,0.0,chemistry,0.5,8,198,0.005050505050505083,1.0000000000000064,-0.043689320388349495,0.05291005291005291,-0.25252525252525254,-0.6567492846647592,0.16587001995624004
assay_envelope,native__boltzina_vina_zero_binary,static_native_zero_local_labels,0.0,chemistry,0.5,9,198,-0.005050505050505083,-1.0000000000000064,-0.026606526739505417,0.015546065414507815,-0.25252525252525254,-0.6567492846647592,0.16587001995624004
assay_envelope,native__boltzina_vina_zero_binary,static_native_zero_local_labels,0.0,chemistry,0.5,10,198,0.0,0.0,0.0,0.0,-0.25252525252525254,-0.6567492846647592,0.16587001995624004
assay_envelope,native__boltzina_vina_zero_binary,static_native_zero_local_labels,0.0,chemistry,1.0,1,198,0.030303030303030276,5.999999999999995,-0.045696993361967954,0.10245157819225248,0.010101010101010102,-0.3418434479054784,0.3550802238805961
assay_envelope,native__boltzina_vina_zero_binary,static_native_zero_local_labels,0.0,chemistry,1.0,2,198,-0.005050505050504972,-0.9999999999999845,-0.08499999999999996,0.07512622907254843,0.010101010101010102,-0.3418434479054784,0.3550802238805961
assay_envelope,native__boltzina_vina_zero_binary,static_native_zero_local_labels,0.0,chemistry,1.0,3,198,-0.02020202020202022,-4.0000000000000036,-0.09327254396487915,0.051820218048359165,0.010101010101010102,-0.3418434479054784,0.3550802238805961
assay_envelope,native__boltzina_vina_zero_binary,static_native_zero_local_labels,0.0,chemistry,1.0,4,198,-0.025252525252525193,-4.9999999999999885,-0.08674023957409055,0.037041962174940816,0.010101010101010102,-0.3418434479054784,0.3550802238805961
assay_envelope,native__boltzina_vina_zero_binary,static_native_zero_local_labels,0.0,chemistry,1.0,5,198,-0.005050505050504972,-0.9999999999999845,-0.05999999999999994,0.05263790485829961,0.010101010101010102,-0.3418434479054784,0.3550802238805961
assay_envelope,native__boltzina_vina_zero_binary,static_native_zero_local_labels,0.0,chemistry,1.0,6,198,0.025252525252525304,5.000000000000011,-0.024050245098039238,0.07855087864807417,0.010101010101010102,-0.3418434479054784,0.3550802238805961
assay_envelope,native__boltzina_vina_zero_binary,static_native_zero_local_labels,0.0,chemistry,1.0,7,198,-0.005050505050504972,-0.9999999999999845,-0.04839101158784848,0.040409167820335344,0.010101010101010102,-0.3418434479054784,0.3550802238805961
assay_envelope,native__boltzina_vina_zero_binary,static_native_zero_local_labels,0.0,chemistry,1.0,8,198,-0.005050505050505083,-1.0000000000000064,-0.04688113547120419,0.037659731961975834,0.010101010101010102,-0.3418434479054784,0.3550802238805961
assay_envelope,native__boltzina_vina_zero_binary,static_native_zero_local_labels,0.0,chemistry,1.0,9,198,0.0,0.0,-0.024630541871921152,0.025776534373163826,0.010101010101010102,-0.3418434479054784,0.3550802238805961
assay_envelope,native__boltzina_vina_zero_binary,static_native_zero_local_labels,0.0,chemistry,1.0,10,198,0.0,0.0,0.0,0.0,0.010101010101010102,-0.3418434479054784,0.3550802238805961
assay_envelope,native__gnina,static_native_zero_local_labels,0.0,chemistry,0.125,1,198,0.015151515151515166,3.0000000000000027,-0.07254830526770292,0.10477443609022548,0.8636363636363636,0.3297201232849462,1.3943252487562183
assay_envelope,native__gnina,static_native_zero_local_labels,0.0,chemistry,0.125,2,198,-0.13636363636363635,-26.999999999999996,-0.23619743454112666,-0.03979119182413067,0.8636363636363636,0.3297201232849462,1.3943252487562183
assay_envelope,native__gnina,static_native_zero_local_labels,0.0,chemistry,0.125,3,198,-0.1515151515151515,-29.999999999999996,-0.24500480769230773,-0.06308353035867005,0.8636363636363636,0.3297201232849462,1.3943252487562183
assay_envelope,native__gnina,static_native_zero_local_labels,0.0,chemistry,0.125,4,198,-0.14646464646464652,-29.00000000000001,-0.245472027972028,-0.05434782608695654,0.8636363636363636,0.3297201232849462,1.3943252487562183
assay_envelope,native__gnina,static_native_zero_local_labels,0.0,chemistry,0.125,5,198,-0.13131313131313127,-25.999999999999993,-0.22843322482984682,-0.044504423846640294,0.8636363636363636,0.3297201232849462,1.3943252487562183
assay_envelope,native__gnina,static_native_zero_local_labels,0.0,chemistry,0.125,6,198,-0.12121212121212122,-24.0,-0.20591664126790607,-0.04122659373027564,0.8636363636363636,0.3297201232849462,1.3943252487562183
assay_envelope,native__gnina,static_native_zero_local_labels,0.0,chemistry,0.125,7,198,-0.1010101010101011,-20.000000000000018,-0.16836734693877553,-0.031409522251308955,0.8636363636363636,0.3297201232849462,1.3943252487562183
assay_envelope,native__gnina,static_native_zero_local_labels,0.0,chemistry,0.125,8,198,-0.06565656565656564,-12.999999999999996,-0.12169647892998152,-0.010306648432568987,0.8636363636363636,0.3297201232849462,1.3943252487562183
assay_envelope,native__gnina,static_native_zero_local_labels,0.0,chemistry,0.125,9,198,-0.025252525252525193,-4.9999999999999885,-0.06796945299550079,0.014634146341463428,0.8636363636363636,0.3297201232849462,1.3943252487562183
assay_envelope,native__gnina,static_native_zero_local_labels,0.0,chemistry,0.125,10,198,0.0,0.0,0.0,0.0,0.8636363636363636,0.3297201232849462,1.3943252487562183
assay_envelope,native__gnina,static_native_zero_local_labels,0.0,chemistry,0.25,1,198,0.005050505050505055,1.0000000000000009,-0.0869565217391304,0.09524407753050965,0.8080808080808081,0.2964537714479132,1.3549390338015135
assay_envelope,native__gnina,static_native_zero_local_labels,0.0,chemistry,0.25,2,198,-0.101010101010101,-19.999999999999996,-0.20574883989324616,0.0,0.8080808080808081,0.2964537714479132,1.3549390338015135
assay_envelope,native__gnina,static_native_zero_local_labels,0.0,chemistry,0.25,3,198,-0.11616161616161613,-22.999999999999993,-0.21938775510204078,-0.02160191441441452,0.8080808080808081,0.2964537714479132,1.3549390338015135
assay_envelope,native__gnina,static_native_zero_local_labels,0.0,chemistry,0.25,4,198,-0.14141414141414144,-28.000000000000004,-0.23711340206185572,-0.05234920375218159,0.8080808080808081,0.2964537714479132,1.3549390338015135
assay_envelope,native__gnina,static_native_zero_local_labels,0.0,chemistry,0.25,5,198,-0.15656565656565657,-31.0,-0.24883373205741635,-0.07070569828722005,0.8080808080808081,0.2964537714479132,1.3549390338015135
assay_envelope,native__gnina,static_native_zero_local_labels,0.0,chemistry,0.25,6,198,-0.14646464646464652,-29.00000000000001,-0.22680969629423234,-0.0646686123836264,0.8080808080808081,0.2964537714479132,1.3549390338015135
assay_envelope,native__gnina,static_native_zero_local_labels,0.0,chemistry,0.25,7,198,-0.09090909090909094,-18.000000000000007,-0.15866185897435897,-0.024268913277988843,0.8080808080808081,0.2964537714479132,1.3549390338015135
assay_envelope,native__gnina,static_native_zero_local_labels,0.0,chemistry,0.25,8,198,-0.0505050505050505,-9.999999999999998,-0.10956349206349211,0.010153579198176756,0.8080808080808081,0.2964537714479132,1.3549390338015135
assay_envelope,native__gnina,static_native_zero_local_labels,0.0,chemistry,0.25,9,198,-0.010101010101010055,-1.999999999999991,-0.05208456753554506,0.030927835051546393,0.8080808080808081,0.2964537714479132,1.3549390338015135
assay_envelope,native__gnina,static_native_zero_local_labels,0.0,chemistry,0.25,10,198,0.0,0.0,0.0,0.0,0.8080808080808081,0.2964537714479132,1.3549390338015135
assay_envelope,native__gnina,static_native_zero_local_labels,0.0,chemistry,0.5,1,198,-0.11111111111111108,-21.999999999999993,-0.20603403616018234,-0.015957446808510634,1.303030303030303,0.7837660524846457,1.826535663770459
assay_envelope,native__gnina,static_native_zero_local_labels,0.0,chemistry,0.5,2,198,-0.21717171717171713,-42.99999999999999,-0.32124814951887487,-0.11880550168418902,1.303030303030303,0.7837660524846457,1.826535663770459
assay_envelope,native__gnina,static_native_zero_local_labels,0.0,chemistry,0.5,3,198,-0.20707070707070707,-41.0,-0.30622790988435,-0.11282051282051286,1.303030303030303,0.7837660524846457,1.826535663770459
assay_envelope,native__gnina,static_native_zero_local_labels,0.0,chemistry,0.5,4,198,-0.19191919191919193,-38.0,-0.28787878787878785,-0.0969217232347486,1.303030303030303,0.7837660524846457,1.826535663770459
assay_envelope,native__gnina,static_native_zero_local_labels,0.0,chemistry,0.5,5,198,-0.18181818181818177,-35.99999999999999,-0.2732355478861087,-0.09424083769633518,1.303030303030303,0.7837660524846457,1.826535663770459
assay_envelope,native__gnina,static_native_zero_local_labels,0.0,chemistry,0.5,6,198,-0.1767676767676768,-35.00000000000001,-0.24883373205741624,-0.10151136731828495,1.303030303030303,0.7837660524846457,1.826535663770459
assay_envelope,native__gnina,static_native_zero_local_labels,0.0,chemistry,0.5,7,198,-0.11111111111111116,-22.00000000000001,-0.1747599342140167,-0.0449944029850747,1.303030303030303,0.7837660524846457,1.826535663770459
assay_envelope,native__gnina,static_native_zero_local_labels,0.0,chemistry,0.5,8,198,-0.06565656565656564,-12.999999999999996,-0.12316667513077047,-0.010413981958762863,1.303030303030303,0.7837660524846457,1.826535663770459
assay_envelope,native__gnina,static_native_zero_local_labels,0.0,chemistry,0.5,9,198,-0.04040404040404044,-8.000000000000007,-0.07921184975640418,-0.005154639175257714,1.303030303030303,0.7837660524846457,1.826535663770459
assay_envelope,native__gnina,static_native_zero_local_labels,0.0,chemistry,0.5,10,198,0.0,0.0,0.0,0.0,1.303030303030303,0.7837660524846457,1.826535663770459
assay_envelope,native__gnina,static_native_zero_local_labels,0.0,chemistry,1.0,1,198,-0.16161616161616163,-32.0,-0.24468362145390074,-0.07920792079207922,1.5656565656565657,1.109293737498076,2.043913252433017
assay_envelope,native__gnina,static_native_zero_local_labels,0.0,chemistry,1.0,2,198,-0.2525252525252525,-49.99999999999999,-0.3509640957446809,-0.16161221590909092,1.5656565656565657,1.109293737498076,2.043913252433017
assay_envelope,native__gnina,static_native_zero_local_labels,0.0,chemistry,1.0,3,198,-0.26767676767676774,-53.000000000000014,-0.36125978435539896,-0.17801047120418856,1.5656565656565657,1.109293737498076,2.043913252433017
assay_envelope,native__gnina,static_native_zero_local_labels,0.0,chemistry,1.0,4,198,-0.24747474747474751,-49.00000000000001,-0.33177083333333335,-0.1658024161148209,1.5656565656565657,1.109293737498076,2.043913252433017
assay_envelope,native__gnina,static_native_zero_local_labels,0.0,chemistry,1.0,5,198,-0.22727272727272718,-44.99999999999998,-0.3091787439613526,-0.15165517736607786,1.5656565656565657,1.109293737498076,2.043913252433017
assay_envelope,native__gnina,static_native_zero_local_labels,0.0,chemistry,1.0,6,198,-0.1767676767676768,-35.00000000000001,-0.25,-0.10837438423645329,1.5656565656565657,1.109293737498076,2.043913252433017
assay_envelope,native__gnina,static_native_zero_local_labels,0.0,chemistry,1.0,7,198,-0.12121212121212122,-24.0,-0.1813836898395722,-0.059701492537313494,1.5656565656565657,1.109293737498076,2.043913252433017
assay_envelope,native__gnina,static_native_zero_local_labels,0.0,chemistry,1.0,8,198,-0.0757575757575758,-15.000000000000009,-0.1250150966183575,-0.02617460187609074,1.5656565656565657,1.109293737498076,2.043913252433017
assay_envelope,native__gnina,static_native_zero_local_labels,0.0,chemistry,1.0,9,198,-0.03535353535353536,-7.000000000000001,-0.07442381117667476,0.0,1.5656565656565657,1.109293737498076,2.043913252433017
assay_envelope,native__gnina,static_native_zero_local_labels,0.0,chemistry,1.0,10,198,0.0,0.0,0.0,0.0,1.5656565656565657,1.109293737498076,2.043913252433017
assay_envelope,native__nesso_affinity,static_native_zero_local_labels,0.0,chemistry,0.125,1,198,0.10606060606060608,21.000000000000004,0.0,0.2048780487804878,0.9545454545454546,0.2709227656579869,1.6808585547498371
assay_envelope,native__nesso_affinity,static_native_zero_local_labels,0.0,chemistry,0.125,2,198,-0.07575757575757575,-14.999999999999998,-0.19270833333333331,0.031430411288741945,0.9545454545454546,0.2709227656579869,1.6808585547498371
assay_envelope,native__nesso_affinity,static_native_zero_local_labels,0.0,chemistry,0.125,3,198,-0.1262626262626262,-24.999999999999986,-0.24121983544094097,-0.010468491441282613,0.9545454545454546,0.2709227656579869,1.6808585547498371
assay_envelope,native__nesso_affinity,static_native_zero_local_labels,0.0,chemistry,0.125,4,198,-0.16161616161616166,-32.00000000000001,-0.27919341594505825,-0.05181347150259075,0.9545454545454546,0.2709227656579869,1.6808585547498371
assay_envelope,native__nesso_affinity,static_native_zero_local_labels,0.0,chemistry,0.125,5,198,-0.12121212121212122,-24.0,-0.22927638128422098,-0.02083333333333337,0.9545454545454546,0.2709227656579869,1.6808585547498371
assay_envelope,native__nesso_affinity,static_native_zero_local_labels,0.0,chemistry,0.125,6,198,-0.15656565656565657,-31.0,-0.25510469812925174,-0.06570950704225369,0.9545454545454546,0.2709227656579869,1.6808585547498371
assay_envelope,native__nesso_affinity,static_native_zero_local_labels,0.0,chemistry,0.125,7,198,-0.18686868686868696,-37.00000000000002,-0.26843641464066265,-0.1089108910891089,0.9545454545454546,0.2709227656579869,1.6808585547498371
assay_envelope,native__nesso_affinity,static_native_zero_local_labels,0.0,chemistry,0.125,8,198,-0.15656565656565657,-31.0,-0.22967210807768082,-0.08899364637870855,0.9545454545454546,0.2709227656579869,1.6808585547498371
assay_envelope,native__nesso_affinity,static_native_zero_local_labels,0.0,chemistry,0.125,9,198,-0.07575757575757569,-14.999999999999986,-0.12183050637612979,-0.02941176470588236,0.9545454545454546,0.2709227656579869,1.6808585547498371
assay_envelope,native__nesso_affinity,static_native_zero_local_labels,0.0,chemistry,0.125,10,198,0.0,0.0,0.0,0.0,0.9545454545454546,0.2709227656579869,1.6808585547498371
assay_envelope,native__nesso_affinity,static_native_zero_local_labels,0.0,chemistry,0.25,1,198,0.09595959595959597,19.0,-0.009714775636381196,0.19324872903862197,0.898989898989899,0.25383732173072276,1.6165067407817286
assay_envelope,native__nesso_affinity,static_native_zero_local_labels,0.0,chemistry,0.25,2,198,-0.04040404040404039,-7.9999999999999964,-0.15104611280487806,0.06436042797828168,0.898989898989899,0.25383732173072276,1.6165067407817286
assay_envelope,native__nesso_affinity,static_native_zero_local_labels,0.0,chemistry,0.25,3,198,-0.09090909090909083,-17.999999999999986,-0.19804242521026297,0.015708872967759774,0.898989898989899,0.25383732173072276,1.6165067407817286
assay_envelope,native__nesso_affinity,static_native_zero_local_labels,0.0,chemistry,0.25,4,198,-0.15656565656565657,-31.0,-0.2660606368391651,-0.05431763285024173,0.898989898989899,0.25383732173072276,1.6165067407817286
assay_envelope,native__nesso_affinity,static_native_zero_local_labels,0.0,chemistry,0.25,5,198,-0.14646464646464652,-29.00000000000001,-0.25130890052356014,-0.04998762376237624,0.898989898989899,0.25383732173072276,1.6165067407817286
assay_envelope,native__nesso_affinity,static_native_zero_local_labels,0.0,chemistry,0.25,6,198,-0.18181818181818188,-36.000000000000014,-0.27604166666666663,-0.09523270846800261,0.898989898989899,0.25383732173072276,1.6165067407817286
assay_envelope,native__nesso_affinity,static_native_zero_local_labels,0.0,chemistry,0.25,7,198,-0.1767676767676768,-35.00000000000001,-0.2639666237079509,-0.09238734698184897,0.898989898989899,0.25383732173072276,1.6165067407817286
assay_envelope,native__nesso_affinity,static_native_zero_local_labels,0.0,chemistry,0.25,8,198,-0.14141414141414144,-28.000000000000004,-0.21717171717171724,-0.07252951231237656,0.898989898989899,0.25383732173072276,1.6165067407817286
assay_envelope,native__nesso_affinity,static_native_zero_local_labels,0.0,chemistry,0.25,9,198,-0.06060606060606055,-11.99999999999999,-0.11224489795918369,-0.010524937999448924,0.898989898989899,0.25383732173072276,1.6165067407817286
assay_envelope,native__nesso_affinity,static_native_zero_local_labels,0.0,chemistry,0.25,10,198,0.0,0.0,0.0,0.0,0.898989898989899,0.25383732173072276,1.6165067407817286
assay_envelope,native__nesso_affinity,static_native_zero_local_labels,0.0,chemistry,0.5,1,198,-0.020202020202020166,-3.999999999999993,-0.1407926350887516,0.09092001748251745,1.393939393939394,0.7611940298507465,2.0813512787973436
assay_envelope,native__nesso_affinity,static_native_zero_local_labels,0.0,chemistry,0.5,2,198,-0.15656565656565652,-30.99999999999999,-0.2608862876254181,-0.05942928365258479,1.393939393939394,0.7611940298507465,2.0813512787973436
assay_envelope,native__nesso_affinity,static_native_zero_local_labels,0.0,chemistry,0.5,3,198,-0.18181818181818177,-35.99999999999999,-0.286472800925926,-0.08420922355393429,1.393939393939394,0.7611940298507465,2.0813512787973436
assay_envelope,native__nesso_affinity,static_native_zero_local_labels,0.0,chemistry,0.5,4,198,-0.20707070707070707,-41.0,-0.31188118811881194,-0.10712386018237098,1.393939393939394,0.7611940298507465,2.0813512787973436
assay_envelope,native__nesso_affinity,static_native_zero_local_labels,0.0,chemistry,0.5,5,198,-0.1717171717171717,-34.0,-0.2741466383507718,-0.07959213831830947,1.393939393939394,0.7611940298507465,2.0813512787973436
assay_envelope,native__nesso_affinity,static_native_zero_local_labels,0.0,chemistry,0.5,6,198,-0.21212121212121215,-42.00000000000001,-0.3073264540337712,-0.12951698627210095,1.393939393939394,0.7611940298507465,2.0813512787973436
assay_envelope,native__nesso_affinity,static_native_zero_local_labels,0.0,chemistry,0.5,7,198,-0.19696969696969702,-39.00000000000001,-0.2806281887755102,-0.12019230769230771,1.393939393939394,0.7611940298507465,2.0813512787973436
assay_envelope,native__nesso_affinity,static_native_zero_local_labels,0.0,chemistry,0.5,8,198,-0.15656565656565657,-31.0,-0.22680412371134018,-0.09182508028592153,1.393939393939394,0.7611940298507465,2.0813512787973436
assay_envelope,native__nesso_affinity,static_native_zero_local_labels,0.0,chemistry,0.5,9,198,-0.09090909090909094,-18.000000000000007,-0.13402831204800747,-0.04910495448179277,1.393939393939394,0.7611940298507465,2.0813512787973436
assay_envelope,native__nesso_affinity,static_native_zero_local_labels,0.0,chemistry,0.5,10,198,0.0,0.0,0.0,0.0,1.393939393939394,0.7611940298507465,2.0813512787973436
assay_envelope,native__nesso_affinity,static_native_zero_local_labels,0.0,chemistry,1.0,1,198,-0.07070707070707072,-14.000000000000002,-0.15979381443298968,0.01601099932608038,1.6565656565656566,1.0957240675990676,2.247422680412373
assay_envelope,native__nesso_affinity,static_native_zero_local_labels,0.0,chemistry,1.0,2,198,-0.19191919191919188,-37.99999999999999,-0.2894868421052632,-0.10382384781936288,1.6565656565656566,1.0957240675990676,2.247422680412373
assay_envelope,native__nesso_affinity,static_native_zero_local_labels,0.0,chemistry,1.0,3,198,-0.24242424242424243,-48.0,-0.3349772738814687,-0.1550782085561497,1.6565656565656566,1.0957240675990676,2.247422680412373
assay_envelope,native__nesso_affinity,static_native_zero_local_labels,0.0,chemistry,1.0,4,198,-0.26262626262626265,-52.00000000000001,-0.35937499999999994,-0.17325501529210524,1.6565656565656566,1.0957240675990676,2.247422680412373
assay_envelope,native__nesso_affinity,static_native_zero_local_labels,0.0,chemistry,1.0,5,198,-0.21717171717171713,-42.99999999999999,-0.3050065789473684,-0.13658536585365855,1.6565656565656566,1.0957240675990676,2.247422680412373
assay_envelope,native__nesso_affinity,static_native_zero_local_labels,0.0,chemistry,1.0,6,198,-0.21212121212121215,-42.00000000000001,-0.29503240740740744,-0.13614962023449606,1.6565656565656566,1.0957240675990676,2.247422680412373
assay_envelope,native__nesso_affinity,static_native_zero_local_labels,0.0,chemistry,1.0,7,198,-0.20707070707070707,-41.0,-0.2829412874025648,-0.1379219120598432,1.6565656565656566,1.0957240675990676,2.247422680412373
assay_envelope,native__nesso_affinity,static_native_zero_local_labels,0.0,chemistry,1.0,8,198,-0.16666666666666674,-33.000000000000014,-0.2296020408163265,-0.10496586734546295,1.6565656565656566,1.0957240675990676,2.247422680412373
assay_envelope,native__nesso_affinity,static_native_zero_local_labels,0.0,chemistry,1.0,9,198,-0.08585858585858586,-17.0,-0.12903611668467355,-0.04443627450980392,1.6565656565656566,1.0957240675990676,2.247422680412373
assay_envelope,native__nesso_affinity,static_native_zero_local_labels,0.0,chemistry,1.0,10,198,0.0,0.0,0.0,0.0,1.6565656565656566,1.0957240675990676,2.247422680412373
assay_envelope,native__nesso_binary,static_native_zero_local_labels,0.0,chemistry,0.125,1,198,0.07070707070707072,14.000000000000002,-0.014428353658536562,0.15816957971307333,0.22727272727272727,-0.34295918367346995,0.7695864598161519
assay_envelope,native__nesso_binary,static_native_zero_local_labels,0.0,chemistry,0.125,2,198,-0.0505050505050505,-9.999999999999998,-0.15459787711777917,0.05912800529372836,0.22727272727272727,-0.34295918367346995,0.7695864598161519
assay_envelope,native__nesso_binary,static_native_zero_local_labels,0.0,chemistry,0.125,3,198,-0.07070707070707072,-14.000000000000002,-0.16923076923076918,0.035723490427098714,0.22727272727272727,-0.34295918367346995,0.7695864598161519
assay_envelope,native__nesso_binary,static_native_zero_local_labels,0.0,chemistry,0.125,4,198,-0.06060606060606055,-11.99999999999999,-0.1584699453551912,0.03432221898660449,0.22727272727272727,-0.34295918367346995,0.7695864598161519
assay_envelope,native__nesso_binary,static_native_zero_local_labels,0.0,chemistry,0.125,5,198,-0.030303030303030276,-5.999999999999995,-0.12185659219848533,0.06030150753768848,0.22727272727272727,-0.34295918367346995,0.7695864598161519
assay_envelope,native__nesso_binary,static_native_zero_local_labels,0.0,chemistry,0.125,6,198,-0.03535353535353536,-7.000000000000001,-0.11825021057199017,0.05395474488137782,0.22727272727272727,-0.34295918367346995,0.7695864598161519
assay_envelope,native__nesso_binary,static_native_zero_local_labels,0.0,chemistry,0.125,7,198,-0.045454545454545525,-9.000000000000014,-0.10837438423645318,0.02083881578947369,0.22727272727272727,-0.34295918367346995,0.7695864598161519
assay_envelope,native__nesso_binary,static_native_zero_local_labels,0.0,chemistry,0.125,8,198,-0.010101010101010055,-1.999999999999991,-0.05882352941176472,0.03902917264466752,0.22727272727272727,-0.34295918367346995,0.7695864598161519
assay_envelope,native__nesso_binary,static_native_zero_local_labels,0.0,chemistry,0.125,9,198,0.005050505050505083,1.0000000000000064,-0.0283120429719238,0.03684697855750485,0.22727272727272727,-0.34295918367346995,0.7695864598161519
assay_envelope,native__nesso_binary,static_native_zero_local_labels,0.0,chemistry,0.125,10,198,0.0,0.0,0.0,0.0,0.22727272727272727,-0.34295918367346995,0.7695864598161519
assay_envelope,native__nesso_binary,static_native_zero_local_labels,0.0,chemistry,0.25,1,198,0.06060606060606061,12.0,-0.020623926116838526,0.1436698118250826,0.1717171717171717,-0.37699839403201435,0.6911856160374591
assay_envelope,native__nesso_binary,static_native_zero_local_labels,0.0,chemistry,0.25,2,198,-0.015151515151515138,-2.9999999999999973,-0.11341354496274374,0.08673469387755106,0.1717171717171717,-0.37699839403201435,0.6911856160374591
assay_envelope,native__nesso_binary,static_native_zero_local_labels,0.0,chemistry,0.25,3,198,-0.03535353535353536,-7.000000000000001,-0.13021399456521743,0.06154639175257728,0.1717171717171717,-0.37699839403201435,0.6911856160374591
assay_envelope,native__nesso_binary,static_native_zero_local_labels,0.0,chemistry,0.25,4,198,-0.05555555555555547,-10.999999999999982,-0.14563106796116498,0.03131416062801897,0.1717171717171717,-0.37699839403201435,0.6911856160374591
assay_envelope,native__nesso_binary,static_native_zero_local_labels,0.0,chemistry,0.25,5,198,-0.05555555555555558,-11.000000000000005,-0.1384615384615384,0.026337242562928916,0.1717171717171717,-0.37699839403201435,0.6911856160374591
assay_envelope,native__nesso_binary,static_native_zero_local_labels,0.0,chemistry,0.25,6,198,-0.06060606060606066,-12.00000000000001,-0.13757086167800453,0.015625,0.1717171717171717,-0.37699839403201435,0.6911856160374591
assay_envelope,native__nesso_binary,static_native_zero_local_labels,0.0,chemistry,0.25,7,198,-0.03535353535353536,-7.000000000000001,-0.10204081632653061,0.03191489361702127,0.1717171717171717,-0.37699839403201435,0.6911856160374591
assay_envelope,native__nesso_binary,static_native_zero_local_labels,0.0,chemistry,0.25,8,198,0.005050505050505083,1.0000000000000064,-0.04788520933424855,0.0568751074331459,0.1717171717171717,-0.37699839403201435,0.6911856160374591
assay_envelope,native__nesso_binary,static_native_zero_local_labels,0.0,chemistry,0.25,9,198,0.02020202020202022,4.0000000000000036,-0.015629111842105265,0.056122448979591844,0.1717171717171717,-0.37699839403201435,0.6911856160374591
assay_envelope,native__nesso_binary,static_native_zero_local_labels,0.0,chemistry,0.25,10,198,0.0,0.0,0.0,0.0,0.1717171717171717,-0.37699839403201435,0.6911856160374591
assay_envelope,native__nesso_binary,static_native_zero_local_labels,0.0,chemistry,0.5,1,198,-0.055555555555555525,-10.999999999999995,-0.15429678563257837,0.045459734329597275,0.6666666666666666,0.12369342301119088,1.1805548176768894
assay_envelope,native__nesso_binary,static_native_zero_local_labels,0.0,chemistry,0.5,2,198,-0.13131313131313127,-25.999999999999993,-0.22397434826203205,-0.0364536107512954,0.6666666666666666,0.12369342301119088,1.1805548176768894
assay_envelope,native__nesso_binary,static_native_zero_local_labels,0.0,chemistry,0.5,3,198,-0.1262626262626263,-25.000000000000007,-0.22061476652516676,-0.02760937733313436,0.6666666666666666,0.12369342301119088,1.1805548176768894
assay_envelope,native__nesso_binary,static_native_zero_local_labels,0.0,chemistry,0.5,4,198,-0.10606060606060597,-20.999999999999982,-0.1940508993494068,-0.01960784313725494,0.6666666666666666,0.12369342301119088,1.1805548176768894
assay_envelope,native__nesso_binary,static_native_zero_local_labels,0.0,chemistry,0.5,5,198,-0.08080808080808077,-15.999999999999993,-0.16499999999999992,0.005291005291005346,0.6666666666666666,0.12369342301119088,1.1805548176768894
assay_envelope,native__nesso_binary,static_native_zero_local_labels,0.0,chemistry,0.5,6,198,-0.09090909090909094,-18.000000000000007,-0.16896709882583164,-0.018893248387848977,0.6666666666666666,0.12369342301119088,1.1805548176768894
assay_envelope,native__nesso_binary,static_native_zero_local_labels,0.0,chemistry,0.5,7,198,-0.05555555555555558,-11.000000000000005,-0.12307692307692308,0.011074862637362133,0.6666666666666666,0.12369342301119088,1.1805548176768894
assay_envelope,native__nesso_binary,static_native_zero_local_labels,0.0,chemistry,0.5,8,198,-0.010101010101010055,-1.999999999999991,-0.05913978494623662,0.03902917264466752,0.6666666666666666,0.12369342301119088,1.1805548176768894
assay_envelope,native__nesso_binary,static_native_zero_local_labels,0.0,chemistry,0.5,9,198,-0.010101010101010166,-2.000000000000013,-0.03865203320669757,0.015627045157068052,0.6666666666666666,0.12369342301119088,1.1805548176768894
assay_envelope,native__nesso_binary,static_native_zero_local_labels,0.0,chemistry,0.5,10,198,0.0,0.0,0.0,0.0,0.6666666666666666,0.12369342301119088,1.1805548176768894
assay_envelope,native__nesso_binary,static_native_zero_local_labels,0.0,chemistry,1.0,1,198,-0.10606060606060608,-21.000000000000004,-0.1836836227028125,-0.021499656829100905,0.9292929292929293,0.46147342995169094,1.3696765402843594
assay_envelope,native__nesso_binary,static_native_zero_local_labels,0.0,chemistry,1.0,2,198,-0.16666666666666663,-32.99999999999999,-0.25128800568499066,-0.07730967486122126,0.9292929292929293,0.46147342995169094,1.3696765402843594
assay_envelope,native__nesso_binary,static_native_zero_local_labels,0.0,chemistry,1.0,3,198,-0.18686868686868696,-37.00000000000002,-0.2717961165048543,-0.09895833333333337,0.9292929292929293,0.46147342995169094,1.3696765402843594
assay_envelope,native__nesso_binary,static_native_zero_local_labels,0.0,chemistry,1.0,4,198,-0.16161616161616155,-31.999999999999986,-0.24193548387096764,-0.08204081632653061,0.9292929292929293,0.46147342995169094,1.3696765402843594
assay_envelope,native__nesso_binary,static_native_zero_local_labels,0.0,chemistry,1.0,5,198,-0.1262626262626262,-24.999999999999986,-0.19806763285024154,-0.055253168013983105,0.9292929292929293,0.46147342995169094,1.3696765402843594
assay_envelope,native__nesso_binary,static_native_zero_local_labels,0.0,chemistry,1.0,6,198,-0.09090909090909094,-18.000000000000007,-0.15841584158415845,-0.020833333333333367,0.9292929292929293,0.46147342995169094,1.3696765402843594
assay_envelope,native__nesso_binary,static_native_zero_local_labels,0.0,chemistry,1.0,7,198,-0.06565656565656564,-12.999999999999996,-0.12684481109516976,-0.0054032489936745925,0.9292929292929293,0.46147342995169094,1.3696765402843594
assay_envelope,native__nesso_binary,static_native_zero_local_labels,0.0,chemistry,1.0,8,198,-0.02020202020202022,-4.0000000000000036,-0.06468470149253736,0.02116683552853764,0.9292929292929293,0.46147342995169094,1.3696765402843594
assay_envelope,native__nesso_binary,static_native_zero_local_labels,0.0,chemistry,1.0,9,198,-0.005050505050505083,-1.0000000000000064,-0.03431372549019607,0.02427480464125027,0.9292929292929293,0.46147342995169094,1.3696765402843594
assay_envelope,native__nesso_binary,static_native_zero_local_labels,0.0,chemistry,1.0,10,198,0.0,0.0,0.0,0.0,0.9292929292929293,0.46147342995169094,1.3696765402843594
assay_envelope,native__raw_ad4,static_native_zero_local_labels,0.0,chemistry,0.125,1,198,-0.06060606060606061,-12.0,-0.15625436452513963,0.03365791062801932,1.5075757575757576,0.9129938336120406,2.106012237897506
assay_envelope,native__raw_ad4,static_native_zero_local_labels,0.0,chemistry,0.125,2,198,-0.24242424242424243,-48.0,-0.34346917450365727,-0.14043561157361598,1.5075757575757576,0.9129938336120406,2.106012237897506
assay_envelope,native__raw_ad4,static_native_zero_local_labels,0.0,chemistry,0.125,3,198,-0.2803030303030303,-55.49999999999999,-0.3844407443918156,-0.17600819583152416,1.5075757575757576,0.9129938336120406,2.106012237897506
assay_envelope,native__raw_ad4,static_native_zero_local_labels,0.0,chemistry,0.125,4,198,-0.2777777777777778,-55.0,-0.3874637170062122,-0.1708382337218006,1.5075757575757576,0.9129938336120406,2.106012237897506
assay_envelope,native__raw_ad4,static_native_zero_local_labels,0.0,chemistry,0.125,5,198,-0.2272727272727273,-45.00000000000001,-0.33160621761658027,-0.12615537994813342,1.5075757575757576,0.9129938336120406,2.106012237897506
assay_envelope,native__raw_ad4,static_native_zero_local_labels,0.0,chemistry,0.125,6,198,-0.18434343434343436,-36.50000000000001,-0.27136220442313086,-0.09510597826086961,1.5075757575757576,0.9129938336120406,2.106012237897506
assay_envelope,native__raw_ad4,static_native_zero_local_labels,0.0,chemistry,0.125,7,198,-0.14141414141414144,-28.000000000000004,-0.2113451625693894,-0.06762596680934145,1.5075757575757576,0.9129938336120406,2.106012237897506
assay_envelope,native__raw_ad4,static_native_zero_local_labels,0.0,chemistry,0.125,8,198,-0.06818181818181812,-13.499999999999988,-0.1288680141074335,-0.009898563385750361,1.5075757575757576,0.9129938336120406,2.106012237897506
assay_envelope,native__raw_ad4,static_native_zero_local_labels,0.0,chemistry,0.125,9,198,-0.025252525252525193,-4.9999999999999885,-0.059701492537313494,0.0053483123454660655,1.5075757575757576,0.9129938336120406,2.106012237897506
assay_envelope,native__raw_ad4,static_native_zero_local_labels,0.0,chemistry,0.125,10,198,0.0,0.0,0.0,0.0,1.5075757575757576,0.9129938336120406,2.106012237897506
assay_envelope,native__raw_ad4,static_native_zero_local_labels,0.0,chemistry,0.25,1,198,-0.07070707070707072,-14.000000000000002,-0.16494845360824742,0.020307158396353456,1.452020202020202,0.8532451372997707,2.079909534787339
assay_envelope,native__raw_ad4,static_native_zero_local_labels,0.0,chemistry,0.25,2,198,-0.20707070707070707,-41.0,-0.31443298969072164,-0.10361358901768074,1.452020202020202,0.8532451372997707,2.079909534787339
assay_envelope,native__raw_ad4,static_native_zero_local_labels,0.0,chemistry,0.25,3,198,-0.24494949494949492,-48.49999999999999,-0.35135469628043886,-0.14572063121731105,1.452020202020202,0.8532451372997707,2.079909534787339
assay_envelope,native__raw_ad4,static_native_zero_local_labels,0.0,chemistry,0.25,4,198,-0.2727272727272727,-53.99999999999999,-0.3756345177664975,-0.17367883995703545,1.452020202020202,0.8532451372997707,2.079909534787339
assay_envelope,native__raw_ad4,static_native_zero_local_labels,0.0,chemistry,0.25,5,198,-0.2525252525252526,-50.000000000000014,-0.3495145631067961,-0.15624159946236563,1.452020202020202,0.8532451372997707,2.079909534787339
assay_envelope,native__raw_ad4,static_native_zero_local_labels,0.0,chemistry,0.25,6,198,-0.20959595959595967,-41.500000000000014,-0.2969663542886894,-0.11978889627659572,1.452020202020202,0.8532451372997707,2.079909534787339
assay_envelope,native__raw_ad4,static_native_zero_local_labels,0.0,chemistry,0.25,7,198,-0.13131313131313127,-25.999999999999993,-0.20918968372689387,-0.054442098621626876,1.452020202020202,0.8532451372997707,2.079909534787339
assay_envelope,native__raw_ad4,static_native_zero_local_labels,0.0,chemistry,0.25,8,198,-0.05303030303030298,-10.499999999999991,-0.11870193047223508,0.009758500540670427,1.452020202020202,0.8532451372997707,2.079909534787339
assay_envelope,native__raw_ad4,static_native_zero_local_labels,0.0,chemistry,0.25,9,198,-0.010101010101010055,-1.999999999999991,-0.04615384615384621,0.02451282237032745,1.452020202020202,0.8532451372997707,2.079909534787339
assay_envelope,native__raw_ad4,static_native_zero_local_labels,0.0,chemistry,0.25,10,198,0.0,0.0,0.0,0.0,1.452020202020202,0.8532451372997707,2.079909534787339
assay_envelope,native__raw_ad4,static_native_zero_local_labels,0.0,chemistry,0.5,1,198,-0.18686868686868685,-37.0,-0.29665632476076553,-0.07977853449990066,1.946969696969697,1.3675983544666332,2.534724813432835
assay_envelope,native__raw_ad4,static_native_zero_local_labels,0.0,chemistry,0.5,2,198,-0.3232323232323232,-63.99999999999999,-0.42308673469387753,-0.22222222222222227,1.946969696969697,1.3675983544666332,2.534724813432835
assay_envelope,native__raw_ad4,static_native_zero_local_labels,0.0,chemistry,0.5,3,198,-0.33585858585858586,-66.5,-0.4328733533791524,-0.23958059210526317,1.946969696969697,1.3675983544666332,2.534724813432835
assay_envelope,native__raw_ad4,static_native_zero_local_labels,0.0,chemistry,0.5,4,198,-0.3232323232323232,-63.99999999999999,-0.4236977515485539,-0.21988259963671347,1.946969696969697,1.3675983544666332,2.534724813432835
assay_envelope,native__raw_ad4,static_native_zero_local_labels,0.0,chemistry,0.5,5,198,-0.2777777777777778,-55.0,-0.37073170731707317,-0.18324607329842935,1.946969696969697,1.3675983544666332,2.534724813432835
assay_envelope,native__raw_ad4,static_native_zero_local_labels,0.0,chemistry,0.5,6,198,-0.23989898989898994,-47.50000000000001,-0.32217732720532233,-0.15908189033189035,1.946969696969697,1.3675983544666332,2.534724813432835
assay_envelope,native__raw_ad4,static_native_zero_local_labels,0.0,chemistry,0.5,7,198,-0.1515151515151515,-29.999999999999996,-0.2222222222222222,-0.08163265306122447,1.946969696969697,1.3675983544666332,2.534724813432835
assay_envelope,native__raw_ad4,static_native_zero_local_labels,0.0,chemistry,0.5,8,198,-0.06818181818181812,-13.499999999999988,-0.13119449831581095,-0.012684041720332365,1.946969696969697,1.3675983544666332,2.534724813432835
assay_envelope,native__raw_ad4,static_native_zero_local_labels,0.0,chemistry,0.5,9,198,-0.04040404040404044,-8.000000000000007,-0.07179487179487176,-0.015226503614828434,1.946969696969697,1.3675983544666332,2.534724813432835
assay_envelope,native__raw_ad4,static_native_zero_local_labels,0.0,chemistry,0.5,10,198,0.0,0.0,0.0,0.0,1.946969696969697,1.3675983544666332,2.534724813432835
assay_envelope,native__raw_ad4,static_native_zero_local_labels,0.0,chemistry,1.0,1,198,-0.2373737373737374,-47.00000000000001,-0.3193717277486911,-0.15978833077429266,2.20959595959596,1.7383787128712862,2.690729551643649
assay_envelope,native__raw_ad4,static_native_zero_local_labels,0.0,chemistry,1.0,2,198,-0.35858585858585856,-71.0,-0.4507980946013705,-0.2736727063560542,2.20959595959596,1.7383787128712862,2.690729551643649
assay_envelope,native__raw_ad4,static_native_zero_local_labels,0.0,chemistry,1.0,3,198,-0.3964646464646465,-78.50000000000001,-0.4822357457827001,-0.31182021617969935,2.20959595959596,1.7383787128712862,2.690729551643649
assay_envelope,native__raw_ad4,static_native_zero_local_labels,0.0,chemistry,1.0,4,198,-0.3787878787878788,-75.0,-0.4639175257731959,-0.2910005668934241,2.20959595959596,1.7383787128712862,2.690729551643649
assay_envelope,native__raw_ad4,static_native_zero_local_labels,0.0,chemistry,1.0,5,198,-0.3232323232323232,-63.99999999999999,-0.4038563829787234,-0.24226397178513298,2.20959595959596,1.7383787128712862,2.690729551643649
assay_envelope,native__raw_ad4,static_native_zero_local_labels,0.0,chemistry,1.0,6,198,-0.23989898989898994,-47.50000000000001,-0.3170118808146844,-0.16748768472906406,2.20959595959596,1.7383787128712862,2.690729551643649
assay_envelope,native__raw_ad4,static_native_zero_local_labels,0.0,chemistry,1.0,7,198,-0.16161616161616155,-31.999999999999986,-0.22680969629423234,-0.101010101010101,2.20959595959596,1.7383787128712862,2.690729551643649
assay_envelope,native__raw_ad4,static_native_zero_local_labels,0.0,chemistry,1.0,8,198,-0.07828282828282829,-15.5,-0.13660338770067196,-0.024503854940034323,2.20959595959596,1.7383787128712862,2.690729551643649
assay_envelope,native__raw_ad4,static_native_zero_local_labels,0.0,chemistry,1.0,9,198,-0.03535353535353536,-7.000000000000001,-0.06999999999999995,-0.004924906884536826,2.20959595959596,1.7383787128712862,2.690729551643649
assay_envelope,native__raw_ad4,static_native_zero_local_labels,0.0,chemistry,1.0,10,198,0.0,0.0,0.0,0.0,2.20959595959596,1.7383787128712862,2.690729551643649
assay_envelope,native__raw_gnina_own,static_native_zero_local_labels,0.0,chemistry,0.125,1,198,0.02020202020202022,4.0000000000000036,-0.06863590263691681,0.10607406552838017,0.696969696969697,0.14211271161665823,1.2736420063145812
assay_envelope,native__raw_gnina_own,static_native_zero_local_labels,0.0,chemistry,0.125,2,198,-0.12121212121212122,-24.0,-0.22564102564102562,-0.02105263157894738,0.696969696969697,0.14211271161665823,1.2736420063145812
assay_envelope,native__raw_gnina_own,static_native_zero_local_labels,0.0,chemistry,0.125,3,198,-0.11111111111111105,-21.99999999999999,-0.21698589670287785,-0.010986024844720582,0.696969696969697,0.14211271161665823,1.2736420063145812
assay_envelope,native__raw_gnina_own,static_native_zero_local_labels,0.0,chemistry,0.125,4,198,-0.09090909090909094,-18.000000000000007,-0.18537994852310327,0.0,0.696969696969697,0.14211271161665823,1.2736420063145812
assay_envelope,native__raw_gnina_own,static_native_zero_local_labels,0.0,chemistry,0.125,5,198,-0.07070707070707072,-14.000000000000002,-0.16320516096065413,0.02010050251256279,0.696969696969697,0.14211271161665823,1.2736420063145812
assay_envelope,native__raw_gnina_own,static_native_zero_local_labels,0.0,chemistry,0.125,6,198,-0.08080808080808077,-15.999999999999993,-0.1658536585365853,0.0,0.696969696969697,0.14211271161665823,1.2736420063145812
assay_envelope,native__raw_gnina_own,static_native_zero_local_labels,0.0,chemistry,0.125,7,198,-0.1010101010101011,-20.000000000000018,-0.17173896323642515,-0.031084076705304227,0.696969696969697,0.14211271161665823,1.2736420063145812
assay_envelope,native__raw_gnina_own,static_native_zero_local_labels,0.0,chemistry,0.125,8,198,-0.08585858585858586,-17.0,-0.14646464646464652,-0.030608360095307104,0.696969696969697,0.14211271161665823,1.2736420063145812
assay_envelope,native__raw_gnina_own,static_native_zero_local_labels,0.0,chemistry,0.125,9,198,-0.05555555555555547,-10.999999999999982,-0.10329043224866445,-0.015000000000000013,0.696969696969697,0.14211271161665823,1.2736420063145812
assay_envelope,native__raw_gnina_own,static_native_zero_local_labels,0.0,chemistry,0.125,10,198,0.0,0.0,0.0,0.0,0.696969696969697,0.14211271161665823,1.2736420063145812
assay_envelope,native__raw_gnina_own,static_native_zero_local_labels,0.0,chemistry,0.25,1,198,0.01010101010101011,2.0000000000000018,-0.0765404238618524,0.09525075987841938,0.6414141414141414,0.08935324422166531,1.2257317073170728
assay_envelope,native__raw_gnina_own,static_native_zero_local_labels,0.0,chemistry,0.25,2,198,-0.08585858585858586,-17.0,-0.1913956169273867,0.015892249279915643,0.6414141414141414,0.08935324422166531,1.2257317073170728
assay_envelope,native__raw_gnina_own,static_native_zero_local_labels,0.0,chemistry,0.25,3,198,-0.07575757575757569,-14.999999999999986,-0.174390243902439,0.024178865341198612,0.6414141414141414,0.08935324422166531,1.2257317073170728
assay_envelope,native__raw_gnina_own,static_native_zero_local_labels,0.0,chemistry,0.25,4,198,-0.08585858585858586,-17.0,-0.17938789237668157,0.004976374409360203,0.6414141414141414,0.08935324422166531,1.2257317073170728
assay_envelope,native__raw_gnina_own,static_native_zero_local_labels,0.0,chemistry,0.25,5,198,-0.09595959595959602,-19.000000000000014,-0.18661760199872732,-0.009510135135135675,0.6414141414141414,0.08935324422166531,1.2257317073170728
assay_envelope,native__raw_gnina_own,static_native_zero_local_labels,0.0,chemistry,0.25,6,198,-0.10606060606060608,-21.000000000000004,-0.19139010485595032,-0.020408163265306145,0.6414141414141414,0.08935324422166531,1.2257317073170728
assay_envelope,native__raw_gnina_own,static_native_zero_local_labels,0.0,chemistry,0.25,7,198,-0.09090909090909094,-18.000000000000007,-0.1691706561531963,-0.01924818840579749,0.6414141414141414,0.08935324422166531,1.2257317073170728
assay_envelope,native__raw_gnina_own,static_native_zero_local_labels,0.0,chemistry,0.25,8,198,-0.07070707070707072,-14.000000000000002,-0.13794258004926113,-0.005434782608695676,0.6414141414141414,0.08935324422166531,1.2257317073170728
assay_envelope,native__raw_gnina_own,static_native_zero_local_labels,0.0,chemistry,0.25,9,198,-0.04040404040404033,-7.999999999999986,-0.09001063829787231,0.005291005291005238,0.6414141414141414,0.08935324422166531,1.2257317073170728
assay_envelope,native__raw_gnina_own,static_native_zero_local_labels,0.0,chemistry,0.25,10,198,0.0,0.0,0.0,0.0,0.6414141414141414,0.08935324422166531,1.2257317073170728
assay_envelope,native__raw_gnina_own,static_native_zero_local_labels,0.0,chemistry,0.5,1,198,-0.10606060606060602,-20.999999999999993,-0.19514080965551925,-0.019415130622391072,1.1363636363636365,0.6105070603337622,1.7138428794457718
assay_envelope,native__raw_gnina_own,static_native_zero_local_labels,0.0,chemistry,0.5,2,198,-0.202020202020202,-39.99999999999999,-0.305,-0.09952547688099789,1.1363636363636365,0.6105070603337622,1.7138428794457718
assay_envelope,native__raw_gnina_own,static_native_zero_local_labels,0.0,chemistry,0.5,3,198,-0.16666666666666663,-32.99999999999999,-0.26425306396970905,-0.07289663461538469,1.1363636363636365,0.6105070603337622,1.7138428794457718
assay_envelope,native__raw_gnina_own,static_native_zero_local_labels,0.0,chemistry,0.5,4,198,-0.13636363636363635,-26.999999999999996,-0.23077889447236188,-0.046620167397369586,1.1363636363636365,0.6105070603337622,1.7138428794457718
assay_envelope,native__raw_gnina_own,static_native_zero_local_labels,0.0,chemistry,0.5,5,198,-0.12121212121212122,-24.0,-0.2112925192665427,-0.03534909395462162,1.1363636363636365,0.6105070603337622,1.7138428794457718
assay_envelope,native__raw_gnina_own,static_native_zero_local_labels,0.0,chemistry,0.5,6,198,-0.13636363636363635,-26.999999999999996,-0.21675457756297048,-0.05554166666666677,1.1363636363636365,0.6105070603337622,1.7138428794457718
assay_envelope,native__raw_gnina_own,static_native_zero_local_labels,0.0,chemistry,0.5,7,198,-0.11111111111111116,-22.00000000000001,-0.1840796019900497,-0.04388014686598484,1.1363636363636365,0.6105070603337622,1.7138428794457718
assay_envelope,native__raw_gnina_own,static_native_zero_local_labels,0.0,chemistry,0.5,8,198,-0.08585858585858586,-17.0,-0.14779680392203082,-0.02687457103637613,1.1363636363636365,0.6105070603337622,1.7138428794457718
assay_envelope,native__raw_gnina_own,static_native_zero_local_labels,0.0,chemistry,0.5,9,198,-0.07070707070707072,-14.000000000000002,-0.1153947368421053,-0.02983977172958739,1.1363636363636365,0.6105070603337622,1.7138428794457718
assay_envelope,native__raw_gnina_own,static_native_zero_local_labels,0.0,chemistry,0.5,10,198,0.0,0.0,0.0,0.0,1.1363636363636365,0.6105070603337622,1.7138428794457718
assay_envelope,native__raw_gnina_own,static_native_zero_local_labels,0.0,chemistry,1.0,1,198,-0.15656565656565657,-31.0,-0.24392189932537625,-0.07425742574257427,1.398989898989899,0.917087651122624,1.9223095326213382
assay_envelope,native__raw_gnina_own,static_native_zero_local_labels,0.0,chemistry,1.0,2,198,-0.23737373737373735,-46.99999999999999,-0.3333333333333333,-0.14646156688839612,1.398989898989899,0.917087651122624,1.9223095326213382
assay_envelope,native__raw_gnina_own,static_native_zero_local_labels,0.0,chemistry,1.0,3,198,-0.2272727272727273,-45.00000000000001,-0.32181454683929933,-0.14009161222497557,1.398989898989899,0.917087651122624,1.9223095326213382
assay_envelope,native__raw_gnina_own,static_native_zero_local_labels,0.0,chemistry,1.0,4,198,-0.19191919191919193,-38.0,-0.2758620689655172,-0.11170145264067391,1.398989898989899,0.917087651122624,1.9223095326213382
assay_envelope,native__raw_gnina_own,static_native_zero_local_labels,0.0,chemistry,1.0,5,198,-0.16666666666666663,-32.99999999999999,-0.24495972073039735,-0.09189051296194149,1.398989898989899,0.917087651122624,1.9223095326213382
assay_envelope,native__raw_gnina_own,static_native_zero_local_labels,0.0,chemistry,1.0,6,198,-0.13636363636363635,-26.999999999999996,-0.2176488026190292,-0.059679543459174894,1.398989898989899,0.917087651122624,1.9223095326213382
assay_envelope,native__raw_gnina_own,static_native_zero_local_labels,0.0,chemistry,1.0,7,198,-0.12121212121212122,-24.0,-0.19171507824357567,-0.054961898395722075,1.398989898989899,0.917087651122624,1.9223095326213382
assay_envelope,native__raw_gnina_own,static_native_zero_local_labels,0.0,chemistry,1.0,8,198,-0.09595959595959602,-19.000000000000014,-0.15658670033670033,-0.03570526695526699,1.398989898989899,0.917087651122624,1.9223095326213382
assay_envelope,native__raw_gnina_own,static_native_zero_local_labels,0.0,chemistry,1.0,9,198,-0.06565656565656564,-12.999999999999996,-0.11111111111111105,-0.021273781380164294,1.398989898989899,0.917087651122624,1.9223095326213382
assay_envelope,native__raw_gnina_own,static_native_zero_local_labels,0.0,chemistry,1.0,10,198,0.0,0.0,0.0,0.0,1.398989898989899,0.917087651122624,1.9223095326213382
assay_envelope,native__vina,static_native_zero_local_labels,0.0,chemistry,0.125,1,198,-0.09090909090909091,-18.0,-0.16517584097859325,-0.020510204081632677,1.2575757575757576,0.713529690336499,1.7945797566209827
assay_envelope,native__vina,static_native_zero_local_labels,0.0,chemistry,0.125,2,198,-0.23569023569023573,-46.66666666666667,-0.3309557383470427,-0.13998360655737715,1.2575757575757576,0.713529690336499,1.7945797566209827
assay_envelope,native__vina,static_native_zero_local_labels,0.0,chemistry,0.125,3,198,-0.2483164983164982,-49.16666666666664,-0.3453665100060643,-0.14431725016135513,1.2575757575757576,0.713529690336499,1.7945797566209827
assay_envelope,native__vina,static_native_zero_local_labels,0.0,chemistry,0.125,4,198,-0.20791245791245794,-41.16666666666667,-0.3073248594426243,-0.10178651866151882,1.2575757575757576,0.713529690336499,1.7945797566209827
assay_envelope,native__vina,static_native_zero_local_labels,0.0,chemistry,0.125,5,198,-0.15909090909090906,-31.499999999999993,-0.25369458128078826,-0.05987413194444449,1.2575757575757576,0.713529690336499,1.7945797566209827
assay_envelope,native__vina,static_native_zero_local_labels,0.0,chemistry,0.125,6,198,-0.13383838383838376,-26.499999999999982,-0.21971197119711974,-0.046758135072210896,1.2575757575757576,0.713529690336499,1.7945797566209827
assay_envelope,native__vina,static_native_zero_local_labels,0.0,chemistry,0.125,7,198,-0.13131313131313138,-26.000000000000014,-0.20192426108374378,-0.059458121487824526,1.2575757575757576,0.713529690336499,1.7945797566209827
assay_envelope,native__vina,static_native_zero_local_labels,0.0,chemistry,0.125,8,198,-0.04040404040404033,-7.999999999999986,-0.09359990763546809,0.009435080032191711,1.2575757575757576,0.713529690336499,1.7945797566209827
assay_envelope,native__vina,static_native_zero_local_labels,0.0,chemistry,0.125,9,198,-0.010101010101010055,-1.999999999999991,-0.03723602731025725,0.016750456510181918,1.2575757575757576,0.713529690336499,1.7945797566209827
assay_envelope,native__vina,static_native_zero_local_labels,0.0,chemistry,0.125,10,198,0.0,0.0,0.0,0.0,1.2575757575757576,0.713529690336499,1.7945797566209827
assay_envelope,native__vina,static_native_zero_local_labels,0.0,chemistry,0.25,1,198,-0.10101010101010102,-20.000000000000004,-0.1762127976190476,-0.025932566422795615,1.202020202020202,0.6549711538461541,1.7586345302119584
assay_envelope,native__vina,static_native_zero_local_labels,0.0,chemistry,0.25,2,198,-0.20033670033670037,-39.66666666666667,-0.29500139553429033,-0.10353030303030306,1.202020202020202,0.6549711538461541,1.7586345302119584
assay_envelope,native__vina,static_native_zero_local_labels,0.0,chemistry,0.25,3,198,-0.21296296296296285,-42.16666666666664,-0.3123104883064709,-0.11083333333333334,1.202020202020202,0.6549711538461541,1.7586345302119584
assay_envelope,native__vina,static_native_zero_local_labels,0.0,chemistry,0.25,4,198,-0.20286195286195285,-40.166666666666664,-0.30295929277885975,-0.09581544612794622,1.202020202020202,0.6549711538461541,1.7586345302119584
assay_envelope,native__vina,static_native_zero_local_labels,0.0,chemistry,0.25,5,198,-0.18434343434343436,-36.50000000000001,-0.2743699186991869,-0.08376016260162605,1.202020202020202,0.6549711538461541,1.7586345302119584
assay_envelope,native__vina,static_native_zero_local_labels,0.0,chemistry,0.25,6,198,-0.15909090909090906,-31.499999999999993,-0.2419457702435813,-0.07485635453407682,1.202020202020202,0.6549711538461541,1.7586345302119584
assay_envelope,native__vina,static_native_zero_local_labels,0.0,chemistry,0.25,7,198,-0.12121212121212122,-24.0,-0.19617865686944636,-0.04822097505361165,1.202020202020202,0.6549711538461541,1.7586345302119584
assay_envelope,native__vina,static_native_zero_local_labels,0.0,chemistry,0.25,8,198,-0.025252525252525193,-4.9999999999999885,-0.08080808080808077,0.02590673575129532,1.202020202020202,0.6549711538461541,1.7586345302119584
assay_envelope,native__vina,static_native_zero_local_labels,0.0,chemistry,0.25,9,198,0.005050505050505083,1.0000000000000064,-0.020410779696494005,0.03158996629504789,1.202020202020202,0.6549711538461541,1.7586345302119584
assay_envelope,native__vina,static_native_zero_local_labels,0.0,chemistry,0.25,10,198,0.0,0.0,0.0,0.0,1.202020202020202,0.6549711538461541,1.7586345302119584
assay_envelope,native__vina,static_native_zero_local_labels,0.0,chemistry,0.5,1,198,-0.21717171717171715,-43.0,-0.29898088023088026,-0.13743880527055888,1.696969696969697,1.1249375000000008,2.2116256476683933
assay_envelope,native__vina,static_native_zero_local_labels,0.0,chemistry,0.5,2,198,-0.3164983164983165,-62.666666666666664,-0.4063084200211066,-0.22337764644701824,1.696969696969697,1.1249375000000008,2.2116256476683933
assay_envelope,native__vina,static_native_zero_local_labels,0.0,chemistry,0.5,3,198,-0.3038720538720538,-60.16666666666665,-0.40159536210317465,-0.20036360876524809,1.696969696969697,1.1249375000000008,2.2116256476683933
assay_envelope,native__vina,static_native_zero_local_labels,0.0,chemistry,0.5,4,198,-0.25336700336700335,-50.166666666666664,-0.3520325203252032,-0.1513473639455783,1.696969696969697,1.1249375000000008,2.2116256476683933
assay_envelope,native__vina,static_native_zero_local_labels,0.0,chemistry,0.5,5,198,-0.20959595959595956,-41.49999999999999,-0.3020870713716108,-0.11230319068214586,1.696969696969697,1.1249375000000008,2.2116256476683933
assay_envelope,native__vina,static_native_zero_local_labels,0.0,chemistry,0.5,6,198,-0.18939393939393934,-37.499999999999986,-0.2719497607655501,-0.09714429542860908,1.696969696969697,1.1249375000000008,2.2116256476683933
assay_envelope,native__vina,static_native_zero_local_labels,0.0,chemistry,0.5,7,198,-0.14141414141414144,-28.000000000000004,-0.21750508373205743,-0.06475194646864868,1.696969696969697,1.1249375000000008,2.2116256476683933
assay_envelope,native__vina,static_native_zero_local_labels,0.0,chemistry,0.5,8,198,-0.04040404040404033,-7.999999999999986,-0.09405940594059403,0.010472581978506479,1.696969696969697,1.1249375000000008,2.2116256476683933
assay_envelope,native__vina,static_native_zero_local_labels,0.0,chemistry,0.5,9,198,-0.025252525252525304,-5.000000000000011,-0.04847560177917318,-0.007352044476327204,1.696969696969697,1.1249375000000008,2.2116256476683933
assay_envelope,native__vina,static_native_zero_local_labels,0.0,chemistry,0.5,10,198,0.0,0.0,0.0,0.0,1.696969696969697,1.1249375000000008,2.2116256476683933
assay_envelope,native__vina,static_native_zero_local_labels,0.0,chemistry,1.0,1,198,-0.26767676767676774,-53.000000000000014,-0.34973995173504197,-0.18716657059008504,1.9595959595959596,1.4192057291666664,2.482277518682156
assay_envelope,native__vina,static_native_zero_local_labels,0.0,chemistry,1.0,2,198,-0.35185185185185186,-69.66666666666667,-0.44097732843137255,-0.2540845541216139,1.9595959595959596,1.4192057291666664,2.482277518682156
assay_envelope,native__vina,static_native_zero_local_labels,0.0,chemistry,1.0,3,198,-0.36447811447811446,-72.16666666666666,-0.46024939395418457,-0.26700264052501466,1.9595959595959596,1.4192057291666664,2.482277518682156
assay_envelope,native__vina,static_native_zero_local_labels,0.0,chemistry,1.0,4,198,-0.30892255892255893,-61.16666666666667,-0.40414561744386873,-0.2125673939788682,1.9595959595959596,1.4192057291666664,2.482277518682156
assay_envelope,native__vina,static_native_zero_local_labels,0.0,chemistry,1.0,5,198,-0.25505050505050497,-50.499999999999986,-0.3419310390623703,-0.16171040031464284,1.9595959595959596,1.4192057291666664,2.482277518682156
assay_envelope,native__vina,static_native_zero_local_labels,0.0,chemistry,1.0,6,198,-0.18939393939393934,-37.499999999999986,-0.2700078772802654,-0.10083776595744688,1.9595959595959596,1.4192057291666664,2.482277518682156
assay_envelope,native__vina,static_native_zero_local_labels,0.0,chemistry,1.0,7,198,-0.1515151515151515,-29.999999999999996,-0.22832413276085325,-0.07425047989492838,1.9595959595959596,1.4192057291666664,2.482277518682156
assay_envelope,native__vina,static_native_zero_local_labels,0.0,chemistry,1.0,8,198,-0.0505050505050505,-9.999999999999998,-0.10714721254355396,0.0,1.9595959595959596,1.4192057291666664,2.482277518682156
assay_envelope,native__vina,static_native_zero_local_labels,0.0,chemistry,1.0,9,198,-0.02020202020202022,-4.0000000000000036,-0.04878380169671255,0.007539601561104987,1.9595959595959596,1.4192057291666664,2.482277518682156
assay_envelope,native__vina,static_native_zero_local_labels,0.0,chemistry,1.0,10,198,0.0,0.0,0.0,0.0,1.9595959595959596,1.4192057291666664,2.482277518682156
