policy,query_index,molecule,outer_fold,scaffold_group,native_score_complete,certified_eligible,status,missing_label_targets,native_incomplete_targets,G_size,G_targets,P_size,P_targets
source_representative,0,AAKJLRGGTJKAMG-UHFFFAOYSA-N,1,murcko:c1ccc(Nc2ncnc3ccccc23)cc1,True,False,unresolved_with_missing_labels,1,0,0,,10,KCNH2;ADRB1;SLC6A3;CHRM1;CHRM3;DRD2;SLC6A2;SLC6A4;NR3C1;HRH1
source_representative,1,AAOVKJBEBIDNHE-UHFFFAOYSA-N,0,murcko:O=C1CN=C(c2ccccc2)c2ccccc2N1,True,False,unresolved_interval_overlap,0,0,0,,10,KCNH2;ADRB1;SLC6A3;CHRM1;CHRM3;DRD2;SLC6A2;SLC6A4;NR3C1;HRH1
source_representative,2,AAXVEMMRQDVLJB-BULBTXNYSA-N,4,murcko:O=C1C=C2CC[C@@H]3C(CCC4CCC[C@H]43)C2CC1,True,True,eligible_certified_maximum,0,0,1,NR3C1,1,NR3C1
source_representative,3,ABJKWBDEJIDSJZ-UHFFFAOYSA-N,2,murcko:c1ccc(CNCc2cccc3ccccc23)cc1,True,True,eligible_certified_maximum,0,0,1,KCNH2,1,KCNH2
source_representative,4,ACRHBAYQBXXRTO-OAQYLSRUSA-N,1,murcko:O=C1Cc2ccccc2CCN1CCCNC[C@H]1Cc2ccccc21,True,False,unresolved_with_missing_labels,6,0,0,,7,ADRB1;CHRM1;CHRM3;DRD2;SLC6A4;NR3C1;HRH1
source_representative,5,ACSIXWWBWUQEHA-UHFFFAOYSA-N,4,acyclic:O=P(O)(O)C(Cl)(Cl)P(=O)(O)O,True,False,unresolved_with_missing_labels,7,0,0,,10,KCNH2;ADRB1;SLC6A3;CHRM1;CHRM3;DRD2;SLC6A2;SLC6A4;NR3C1;HRH1
source_representative,6,ACWZRVQXLIRSDF-UHFFFAOYSA-N,4,murcko:c1ccc(Nc2ccc3[nH]cnc3c2)cc1,True,False,unresolved_with_missing_labels,2,0,0,,10,KCNH2;ADRB1;SLC6A3;CHRM1;CHRM3;DRD2;SLC6A2;SLC6A4;NR3C1;HRH1
source_representative,7,ADFOJJHRTBFFOF-RBRWEJTLSA-N,1,murcko:c1ccc2c(c1)CC[C@@H]1[C@@H]2CCC2CCC[C@H]21,True,False,unresolved_with_missing_labels,7,0,0,,10,KCNH2;ADRB1;SLC6A3;CHRM1;CHRM3;DRD2;SLC6A2;SLC6A4;NR3C1;HRH1
source_representative,8,ADIMAYPTOBDMTL-UHFFFAOYSA-N,0,murcko:O=C1CN=C(c2ccccc2)c2ccccc2N1,True,False,unresolved_interval_overlap,0,0,0,,10,KCNH2;ADRB1;SLC6A3;CHRM1;CHRM3;DRD2;SLC6A2;SLC6A4;NR3C1;HRH1
source_representative,9,AEMRFAOFKBGASW-UHFFFAOYSA-N,2,acyclic:O=C(O)CO,True,False,unresolved_with_missing_labels,7,0,0,,10,KCNH2;ADRB1;SLC6A3;CHRM1;CHRM3;DRD2;SLC6A2;SLC6A4;NR3C1;HRH1
source_representative,10,AFCGFAGUEYAMAO-UHFFFAOYSA-N,4,acyclic:CC(=O)NCCCS(=O)(=O)O,True,False,unresolved_with_missing_labels,1,0,0,,10,KCNH2;ADRB1;SLC6A3;CHRM1;CHRM3;DRD2;SLC6A2;SLC6A4;NR3C1;HRH1
source_representative,11,AGBQKNBQESQNJD-UHFFFAOYSA-N,2,murcko:C1CSSC1,True,False,unresolved_with_missing_labels,6,0,0,,10,KCNH2;ADRB1;SLC6A3;CHRM1;CHRM3;DRD2;SLC6A2;SLC6A4;NR3C1;HRH1
source_representative,12,AGHANLSBXUWXTB-UHFFFAOYSA-N,4,murcko:O=C(c1ccccc1)c1cccs1,True,False,unresolved_with_missing_labels,6,0,0,,10,KCNH2;ADRB1;SLC6A3;CHRM1;CHRM3;DRD2;SLC6A2;SLC6A4;NR3C1;HRH1
source_representative,13,AGMMTXLNIQSRCG-UHFFFAOYSA-N,4,murcko:O=C1NCNc2ccccc21,True,False,unresolved_interval_overlap,0,0,0,,10,KCNH2;ADRB1;SLC6A3;CHRM1;CHRM3;DRD2;SLC6A2;SLC6A4;NR3C1;HRH1
source_representative,14,AGOYDEPGAOXOCK-KCBOHYOISA-N,1,murcko:O=C1CCCCOC(=O)C[C@@H](O[C@H]2CCCCO2)C[C@@H](O[C@H]2CCCCO2)CCC1,True,False,unresolved_with_missing_labels,1,0,0,,10,KCNH2;ADRB1;SLC6A3;CHRM1;CHRM3;DRD2;SLC6A2;SLC6A4;NR3C1;HRH1
source_representative,15,AHJRHEGDXFFMBM-UHFFFAOYSA-N,0,murcko:O=c1ccc2cnc(Nc3ccc(N4CCNCC4)cn3)nc2n1C1CCCC1,True,True,eligible_certified_maximum,0,0,1,CHRM1,1,CHRM1
source_representative,16,AHLBNYSZXLDEJQ-FWEHEUNISA-N,0,murcko:O=C1CCO1,True,False,unresolved_with_missing_labels,6,0,0,,10,KCNH2;ADRB1;SLC6A3;CHRM1;CHRM3;DRD2;SLC6A2;SLC6A4;NR3C1;HRH1
source_representative,17,AIJTTZAVMXIJGM-UHFFFAOYSA-N,4,murcko:O=c1ccn(C2CC2)c2cc(N3CCNCC3)ccc12,True,False,unresolved_with_missing_labels,6,0,0,,10,KCNH2;ADRB1;SLC6A3;CHRM1;CHRM3;DRD2;SLC6A2;SLC6A4;NR3C1;HRH1
source_representative,18,AILRADAXUVEEIR-UHFFFAOYSA-N,4,murcko:c1ccc(Nc2ccnc(Nc3ccc(N4CCC(N5CCNCC5)CC4)cc3)n2)cc1,True,False,unresolved_with_missing_labels,7,0,0,,10,KCNH2;ADRB1;SLC6A3;CHRM1;CHRM3;DRD2;SLC6A2;SLC6A4;NR3C1;HRH1
source_representative,19,AIONOLUJZLIMTK-AWEZNQCLSA-N,0,murcko:O=C1C[C@@H](c2ccccc2)Oc2ccccc21,True,False,unresolved_interval_overlap,0,0,0,,10,KCNH2;ADRB1;SLC6A3;CHRM1;CHRM3;DRD2;SLC6A2;SLC6A4;NR3C1;HRH1
source_representative,20,AIZFEOPQVZBNGH-UHFFFAOYSA-N,2,murcko:O=C1CN=C(c2ccccc2)c2c(sc3c2CCCC3)N1,True,False,unresolved_with_missing_labels,6,0,0,,10,KCNH2;ADRB1;SLC6A3;CHRM1;CHRM3;DRD2;SLC6A2;SLC6A4;NR3C1;HRH1
source_representative,21,AKPLHCDWDRPJGD-UHFFFAOYSA-N,0,murcko:O=C1CN=C(c2ccccc2)c2ccccc2N1,True,False,unresolved_interval_overlap,0,0,0,,10,KCNH2;ADRB1;SLC6A3;CHRM1;CHRM3;DRD2;SLC6A2;SLC6A4;NR3C1;HRH1
source_representative,22,ALAXZYHFVBSJKZ-UHFFFAOYSA-N,1,murcko:O=C(c1ccccc1)N1CCc2nnccc2C1,True,False,unresolved_with_missing_labels,2,0,0,,10,KCNH2;ADRB1;SLC6A3;CHRM1;CHRM3;DRD2;SLC6A2;SLC6A4;NR3C1;HRH1
source_representative,23,ALELTFCQZDXAMQ-UHFFFAOYSA-N,3,murcko:c1ccc2c(c1)CCc1ccccc1C2,True,False,unresolved_with_missing_labels,5,0,0,,6,ADRB1;SLC6A3;SLC6A2;SLC6A4;NR3C1;HRH1
source_representative,24,ALIVXCSEERJYHU-UHFFFAOYSA-N,0,murcko:c1ccc(-c2ccccc2)cc1,True,False,unresolved_with_missing_labels,10,0,0,,10,KCNH2;ADRB1;SLC6A3;CHRM1;CHRM3;DRD2;SLC6A2;SLC6A4;NR3C1;HRH1
source_representative,25,ANEBWFXPVPTEET-UHFFFAOYSA-N,1,murcko:O=C(OCCN1CCN(C(c2ccccc2)c2ccccc2)CC1)C1=CNC=CC1c1ccccc1,True,True,eligible_certified_maximum,0,0,1,KCNH2,1,KCNH2
source_representative,26,ANGKOCUUWGHLCE-UHFFFAOYSA-N,4,murcko:O=C(OC1CC[NH2+]C1)C(c1ccccc1)C1CCCC1,True,True,eligible_certified_maximum,0,0,1,CHRM3,1,CHRM3
source_representative,27,ANMATWQYLIFGOK-UHFFFAOYSA-N,0,murcko:O=c1ccoc2ccc(Oc3ccccc3)cc12,True,False,unresolved_with_missing_labels,4,0,0,,10,KCNH2;ADRB1;SLC6A3;CHRM1;CHRM3;DRD2;SLC6A2;SLC6A4;NR3C1;HRH1
source_representative,28,ANMLJLFWUCQGKZ-UHFFFAOYSA-N,0,murcko:O=C1OC(OC(=O)c2cccnc2Nc2ccccc2)c2ccccc21,True,False,unresolved_interval_overlap,0,0,0,,10,KCNH2;ADRB1;SLC6A3;CHRM1;CHRM3;DRD2;SLC6A2;SLC6A4;NR3C1;HRH1
source_representative,29,ANTSCNMPPGJYLG-UHFFFAOYSA-N,1,murcko:C1=Nc2ccccc2C(c2ccccc2)=[NH+]C1,False,False,excluded_native_score_incomplete,0,10,1,HRH1,1,HRH1
source_representative,30,AOCCBINRVIKJHY-UHFFFAOYSA-N,0,murcko:O=c1cc[nH]c(=O)[nH]1,True,False,unresolved_interval_overlap,0,0,0,,10,KCNH2;ADRB1;SLC6A3;CHRM1;CHRM3;DRD2;SLC6A2;SLC6A4;NR3C1;HRH1
source_representative,31,AQCHWTWZEMGIFD-UHFFFAOYSA-N,0,murcko:O=C1c2ccccc2NCN1c1ccccc1,True,False,unresolved_interval_overlap,0,0,0,,10,KCNH2;ADRB1;SLC6A3;CHRM1;CHRM3;DRD2;SLC6A2;SLC6A4;NR3C1;HRH1
source_representative,32,ARAIBEBZBOPLMB-UFGQHTETSA-N,3,murcko:C1=COCCC1,True,False,unresolved_interval_overlap,0,0,0,,10,KCNH2;ADRB1;SLC6A3;CHRM1;CHRM3;DRD2;SLC6A2;SLC6A4;NR3C1;HRH1
source_representative,33,ASUTZQLVASHGKV-JDFRZJQESA-N,1,murcko:C1=C[C@@]23CCNCc4cccc(c42)O[C@H]3CC1,True,False,unresolved_with_missing_labels,6,0,0,,10,KCNH2;ADRB1;SLC6A3;CHRM1;CHRM3;DRD2;SLC6A2;SLC6A4;NR3C1;HRH1
source_representative,34,ATALOFNDEOCMKK-OITMNORJSA-N,3,murcko:O=c1[nH]nc(CN2CCO[C@H](OCc3ccccc3)[C@@H]2c2ccccc2)[nH]1,True,False,unresolved_interval_overlap,0,0,0,,5,ADRB1;SLC6A3;SLC6A2;SLC6A4;NR3C1
source_representative,35,ATCGGEJZONJOCL-UHFFFAOYSA-N,1,murcko:c1ccc(-c2ncncn2)cc1,True,False,unresolved_with_missing_labels,1,0,0,,10,KCNH2;ADRB1;SLC6A3;CHRM1;CHRM3;DRD2;SLC6A2;SLC6A4;NR3C1;HRH1
source_representative,36,ATEBXHFBFRCZMA-VXTBVIBXSA-N,2,murcko:O=C1/C=C\C=C\CCCCCCCC/C=C/OC2Oc3ccc4c(c3C2=O)C2=NC3(CCNCC3)NC2=C(N1)C4=O,True,False,unresolved_with_missing_labels,6,0,0,,10,KCNH2;ADRB1;SLC6A3;CHRM1;CHRM3;DRD2;SLC6A2;SLC6A4;NR3C1;HRH1
source_representative,37,AUYYCJSJGJYCDS-LBPRGKRZSA-N,3,murcko:c1ccc(Oc2ccccc2)cc1,True,False,unresolved_interval_overlap,0,0,0,,10,KCNH2;ADRB1;SLC6A3;CHRM1;CHRM3;DRD2;SLC6A2;SLC6A4;NR3C1;HRH1
source_representative,38,AUZONCFQVSMFAP-UHFFFAOYSA-N,1,acyclic:CCN(CC)C(=S)SSC(=S)N(CC)CC,True,False,unresolved_with_missing_labels,6,0,0,,7,ADRB1;SLC6A3;CHRM1;CHRM3;DRD2;NR3C1;HRH1
source_representative,39,AVAACINZEOAHHE-VFZPANTDSA-N,4,murcko:O=C1C[C@H]2CC(S[C@H]3CCNC3)=CN12,True,False,unresolved_with_missing_labels,2,0,0,,10,KCNH2;ADRB1;SLC6A3;CHRM1;CHRM3;DRD2;SLC6A2;SLC6A4;NR3C1;HRH1
source_representative,40,AXKPFOAXAHJUAG-UHFFFAOYSA-N,0,murcko:O=C(CCCN1CCC(N2CCCCC2)CC1)c1ccccc1,True,False,unresolved_with_missing_labels,6,0,0,,7,KCNH2;ADRB1;CHRM1;CHRM3;DRD2;NR3C1;HRH1
source_representative,41,AXOIZCJOOAYSMI-UHFFFAOYSA-N,3,acyclic:C[N+](C)(C)CCOC(=O)CCC(=O)OCC[N+](C)(C)C,True,False,unresolved_with_missing_labels,7,0,0,,10,KCNH2;ADRB1;SLC6A3;CHRM1;CHRM3;DRD2;SLC6A2;SLC6A4;NR3C1;HRH1
source_representative,42,AXRYRYVKAWYZBR-GASGPIRDSA-N,3,murcko:c1ccc(CCCCNCc2ccc(-c3ccccn3)cc2)cc1,True,False,unresolved_interval_overlap,0,0,0,,10,KCNH2;ADRB1;SLC6A3;CHRM1;CHRM3;DRD2;SLC6A2;SLC6A4;NR3C1;HRH1
source_representative,43,AYDXAULLCROVIT-UHFFFAOYSA-N,2,murcko:O=C1c2ccccc2CN1c1ccccc1,True,False,unresolved_with_missing_labels,1,0,0,,10,KCNH2;ADRB1;SLC6A3;CHRM1;CHRM3;DRD2;SLC6A2;SLC6A4;NR3C1;HRH1
source_representative,44,AYFVYJQAPQTCCC-GBXIJSLDSA-N,3,acyclic:C[C@@H](O)[C@H](N)C(=O)O,True,False,unresolved_with_missing_labels,6,0,0,,10,KCNH2;ADRB1;SLC6A3;CHRM1;CHRM3;DRD2;SLC6A2;SLC6A4;NR3C1;HRH1
source_representative,45,BAINIUMDFURPJM-UHFFFAOYSA-N,4,murcko:O=c1[nH]c2ccccc2n1CCCN1CCN(C(c2ccccc2)c2ccccc2)CC1,True,True,eligible_certified_maximum,0,0,1,KCNH2,1,KCNH2
source_representative,46,BAQCROVBDNBEEB-UBYUBLNFSA-N,0,murcko:O=C(N[C@@H]1CCCOC1)c1ccccc1,True,False,unresolved_interval_overlap,0,0,0,,10,KCNH2;ADRB1;SLC6A3;CHRM1;CHRM3;DRD2;SLC6A2;SLC6A4;NR3C1;HRH1
source_representative,47,BBDAGFIXKZCXAH-CCXZUQQUSA-N,2,murcko:N=c1ccn2c(n1)O[C@H]1CCO[C@H]12,True,False,unresolved_with_missing_labels,6,0,0,,10,KCNH2;ADRB1;SLC6A3;CHRM1;CHRM3;DRD2;SLC6A2;SLC6A4;NR3C1;HRH1
source_representative,48,BCEHBSKCWLPMDN-MGPLVRAMSA-N,0,murcko:c1ccc(C(Cc2ccncn2)Cn2cncn2)cc1,True,False,unresolved_with_missing_labels,6,0,0,,10,KCNH2;ADRB1;SLC6A3;CHRM1;CHRM3;DRD2;SLC6A2;SLC6A4;NR3C1;HRH1
source_representative,49,BCQTVJKBTWGHCX-UHFFFAOYSA-N,0,murcko:O=C(CC12CCCN1CCC2)Nc1ccccc1,True,False,unresolved_interval_overlap,0,0,0,,10,KCNH2;ADRB1;SLC6A3;CHRM1;CHRM3;DRD2;SLC6A2;SLC6A4;NR3C1;HRH1
source_representative,50,BDBMLMBYCXNVMC-UHFFFAOYSA-O,1,murcko:C(=CC=CC1=[NH+]c2ccc3ccccc3c2C1)C=CC=C1Cc2c(ccc3ccccc23)N1,False,False,excluded_native_score_incomplete,0,10,1,SLC6A2,1,SLC6A2
source_representative,51,BDJRBEYXGGNYIS-UHFFFAOYSA-N,1,acyclic:O=C(O)CCCCCCCC(=O)O,True,False,unresolved_interval_overlap,0,0,0,,10,KCNH2;ADRB1;SLC6A3;CHRM1;CHRM3;DRD2;SLC6A2;SLC6A4;NR3C1;HRH1
source_representative,52,BENFXAYNYRLAIU-QSVFAHTRSA-N,2,murcko:O=C1CNC(=O)[C@H](Cc2ccccc2)NC(=O)[C@H](Cc2ccccc2)NC(=O)CCSSC[C@@H](C(=O)N2CCCC2)NC(=O)CN1,True,False,unresolved_interval_overlap,0,0,0,,10,KCNH2;ADRB1;SLC6A3;CHRM1;CHRM3;DRD2;SLC6A2;SLC6A4;NR3C1;HRH1
source_representative,53,BFPYWIDHMRZLRN-SLHNCBLASA-N,1,murcko:c1ccc2c(c1)CC[C@@H]1[C@@H]2CCC2CCC[C@H]21,True,True,eligible_certified_maximum,0,0,1,NR3C1,1,NR3C1
source_representative,54,BFUJHVVEMMWLHC-UHFFFAOYSA-N,1,murcko:O=C(COc1ccccc1)N1CCN(Cc2ccc3c(c2)OCO3)CC1,True,False,unresolved_with_missing_labels,6,0,0,,7,KCNH2;ADRB1;CHRM1;CHRM3;DRD2;NR3C1;HRH1
source_representative,55,BGEBZHIAGXMEMV-UHFFFAOYSA-N,1,murcko:O=c1ccc2cc3ccoc3cc2o1,True,False,unresolved_with_missing_labels,6,0,0,,10,KCNH2;ADRB1;SLC6A3;CHRM1;CHRM3;DRD2;SLC6A2;SLC6A4;NR3C1;HRH1
source_representative,56,BGSZAXLLHYERSY-XQIGCQGXSA-N,1,murcko:C1CCN([C@@H]2CC[C@@H]3CC[C@H]4[C@@H]5C[C@H]([NH+]6CCCCC6)CC5CC[C@@H]4C3C2)CC1,True,True,eligible_certified_maximum,0,0,1,KCNH2,1,KCNH2
source_representative,57,BJFIDCADFRDPIO-DZCXQCEKSA-N,2,murcko:O=C1CNC(=O)[C@H](Cc2ccccc2)NC(=O)[C@H](Cc2ccccc2)NC(=O)CCSSC[C@@H](C(=O)N2CCCC2)NC(=O)CN1,True,False,unresolved_with_missing_labels,6,0,0,,10,KCNH2;ADRB1;SLC6A3;CHRM1;CHRM3;DRD2;SLC6A2;SLC6A4;NR3C1;HRH1
source_representative,58,BJOLKYGKSZKIGU-UHFFFAOYSA-N,0,acyclic:CCOP(=O)(OCC)SCC[N+](C)(C)C,True,False,unresolved_with_missing_labels,6,0,0,,10,KCNH2;ADRB1;SLC6A3;CHRM1;CHRM3;DRD2;SLC6A2;SLC6A4;NR3C1;HRH1
source_representative,59,BJVVMKUXKQHWJK-UHFFFAOYSA-N,4,murcko:O=C1CC(=O)NC(=O)N1,True,False,unresolved_interval_overlap,0,0,0,,10,KCNH2;ADRB1;SLC6A3;CHRM1;CHRM3;DRD2;SLC6A2;SLC6A4;NR3C1;HRH1
source_representative,60,BKYKPTRYDKTTJY-UHFFFAOYSA-N,1,murcko:O=S1(=O)NC(CC2CCCC2)Nc2ccccc21,True,False,unresolved_with_missing_labels,2,0,0,,10,KCNH2;ADRB1;SLC6A3;CHRM1;CHRM3;DRD2;SLC6A2;SLC6A4;NR3C1;HRH1
source_representative,61,BLCLNMBMMGCOAS-URPVMXJPSA-N,3,murcko:O=C(CNC(=O)CNC(=O)[C@H](Cc1ccccc1)NC(=O)CNC(=O)[C@H](Cc1c[nH]c2ccccc12)NC(=O)[C@H](Cc1c[nH]cn1)NC(=O)[C@@H]1CCC(=O)N1)NCC(=O)N1CCCC1,False,False,excluded_native_score_incomplete,7,10,0,,10,KCNH2;ADRB1;SLC6A3;CHRM1;CHRM3;DRD2;SLC6A2;SLC6A4;NR3C1;HRH1
source_representative,62,BLGXFZZNTVWLAY-SCYLSFHTSA-N,2,murcko:c1ccc2c3c([nH]c2c1)[C@@H]1C[C@@H]2CCCC[C@H]2CN1CC3,True,False,unresolved_with_missing_labels,6,0,0,,7,KCNH2;ADRB1;CHRM1;CHRM3;DRD2;NR3C1;HRH1
source_representative,63,BMKDZUISNHGIBY-UHFFFAOYSA-N,3,murcko:O=C1CN(CCN2CC(=O)NC(=O)C2)CC(=O)N1,True,False,unresolved_with_missing_labels,6,0,0,,10,KCNH2;ADRB1;SLC6A3;CHRM1;CHRM3;DRD2;SLC6A2;SLC6A4;NR3C1;HRH1
source_representative,64,BMKDZUISNHGIBY-ZETCQYMHSA-N,3,murcko:O=C1CN(CCN2CC(=O)NC(=O)C2)CC(=O)N1,True,False,unresolved_with_missing_labels,6,0,0,,10,KCNH2;ADRB1;SLC6A3;CHRM1;CHRM3;DRD2;SLC6A2;SLC6A4;NR3C1;HRH1
source_representative,65,BMOVQUBVGICXQN-UHFFFAOYSA-N,0,murcko:c1ccc(C2(c3ccccc3)CCCCC2)cc1,True,False,unresolved_interval_overlap,0,0,0,,10,KCNH2;ADRB1;SLC6A3;CHRM1;CHRM3;DRD2;SLC6A2;SLC6A4;NR3C1;HRH1
source_representative,66,BNRNXUUZRGQAQC-UHFFFAOYSA-N,1,murcko:O=c1[nH]c(-c2cccc(S(=O)(=O)N3CCNCC3)c2)nc2cn[nH]c12,True,False,unresolved_interval_overlap,0,0,0,,10,KCNH2;ADRB1;SLC6A3;CHRM1;CHRM3;DRD2;SLC6A2;SLC6A4;NR3C1;HRH1
source_representative,67,BOCUKUHCLICSIY-UHFFFAOYSA-N,0,murcko:O=S1(=O)NC(C2CC3C=CC2C3)Nc2ccccc21,True,False,unresolved_with_missing_labels,6,0,0,,10,KCNH2;ADRB1;SLC6A3;CHRM1;CHRM3;DRD2;SLC6A2;SLC6A4;NR3C1;HRH1
source_representative,68,BPLBGHOLXOTWMN-MBNYWOFBSA-N,0,murcko:O=C(COc1ccccc1)N[C@@H]1C(=O)N2CCS[C@H]12,True,False,unresolved_with_missing_labels,6,0,0,,10,KCNH2;ADRB1;SLC6A3;CHRM1;CHRM3;DRD2;SLC6A2;SLC6A4;NR3C1;HRH1
source_representative,69,BPQMGSKTAYIVFO-UHFFFAOYSA-N,1,murcko:O=C(Nc1cccc(-c2ccccn2)c1)c1ccccc1,True,False,unresolved_interval_overlap,0,0,0,,5,ADRB1;CHRM1;DRD2;SLC6A2;HRH1
source_representative,70,BPRHUIZQVSMCRT-VEUZHWNKSA-N,4,murcko:c1ccc(-c2ccncn2)cc1,True,False,unresolved_interval_overlap,0,0,0,,10,KCNH2;ADRB1;SLC6A3;CHRM1;CHRM3;DRD2;SLC6A2;SLC6A4;NR3C1;HRH1
source_representative,71,BPZSYCZIITTYBL-YJYMSZOUSA-N,3,murcko:c1ccc(CCNCCc2ccccc2)cc1,True,True,eligible_certified_maximum,0,0,1,SLC6A4,1,SLC6A4
source_representative,72,BQSJTQLCZDPROO-UHFFFAOYSA-N,1,murcko:c1ccc(-c2nccs2)cc1,True,False,unresolved_with_missing_labels,6,0,0,,10,KCNH2;ADRB1;SLC6A3;CHRM1;CHRM3;DRD2;SLC6A2;SLC6A4;NR3C1;HRH1
source_representative,73,BSMCAPRUBJMWDF-KRWDZBQOSA-N,1,murcko:O=C(c1ccccc1Nc1ccccc1)N1CC([C@@H]2CCCCN2)C1,True,False,unresolved_with_missing_labels,6,0,0,,7,KCNH2;ADRB1;CHRM1;CHRM3;DRD2;NR3C1;HRH1
source_representative,74,BTFMCMVEUCGQDX-UHFFFAOYSA-N,2,murcko:c1ccc2c(c1)Sc1ccccc1N2CCCN1CCCCC1,True,True,eligible_certified_maximum,0,0,1,DRD2,1,DRD2
source_representative,75,BUGYDGFZZOZRHP-UHFFFAOYSA-N,4,murcko:C1C2CC3CC1CC(C2)C3,True,False,unresolved_interval_overlap,0,0,0,,10,KCNH2;ADRB1;SLC6A3;CHRM1;CHRM3;DRD2;SLC6A2;SLC6A4;NR3C1;HRH1
source_representative,76,BVPWJMCABCPUQY-UHFFFAOYSA-N,3,murcko:O=C(NC1CCN(Cc2ccccc2)CC1)c1ccccc1,True,True,eligible_certified_maximum,0,0,1,DRD2,1,DRD2
source_representative,77,BXZVVICBKDXVGW-NKWVEPMBSA-N,2,murcko:O=c1[nH]cnc2c1ncn2[C@H]1CCCO1,True,False,unresolved_interval_overlap,0,0,0,,10,KCNH2;ADRB1;SLC6A3;CHRM1;CHRM3;DRD2;SLC6A2;SLC6A4;NR3C1;HRH1
source_representative,78,BYBLEWFAAKGYCD-UHFFFAOYSA-N,2,murcko:c1ccc(COC(Cn2ccnc2)c2ccccc2)cc1,True,True,eligible_certified_maximum,0,0,1,KCNH2,1,KCNH2
source_representative,79,BYFMCKSPFYVMOU-UHFFFAOYSA-N,1,murcko:c1ccc(Cn2ncc3ccccc32)cc1,True,False,unresolved_with_missing_labels,6,0,0,,10,KCNH2;ADRB1;SLC6A3;CHRM1;CHRM3;DRD2;SLC6A2;SLC6A4;NR3C1;HRH1
source_representative,80,BYPFEZZEUUWMEJ-UHFFFAOYSA-N,1,murcko:O=c1[nH]c(=O)c2[nH]cnc2[nH]1,True,False,unresolved_interval_overlap,0,0,0,,10,KCNH2;ADRB1;SLC6A3;CHRM1;CHRM3;DRD2;SLC6A2;SLC6A4;NR3C1;HRH1
source_representative,81,BZEWSEKUUPWQDQ-UHFFFAOYSA-N,2,murcko:O=C(CCN1CCCCC1)c1ccccc1,True,True,eligible_certified_maximum,0,0,1,SLC6A2,1,SLC6A2
source_representative,82,BZMKNPGKXJAIDV-VAWYXSNFSA-N,4,murcko:C(=C/c1nc(C2CCC2)cs1)\c1ccccc1,True,False,unresolved_with_missing_labels,4,0,0,,5,ADRB1;CHRM1;CHRM3;DRD2;HRH1
source_representative,83,CBEQULMOCCWAQT-WOJGMQOQSA-N,1,murcko:C(\CN1CCCC1)=C(\c1ccccc1)c1ccccn1,True,True,eligible_certified_maximum,0,0,1,HRH1,1,HRH1
source_representative,84,CBQGYUDMJHNJBX-RTBURBONSA-N,4,murcko:c1ccc(O[C@H](c2ccccc2)[C@H]2CNCCO2)cc1,True,True,eligible_certified_maximum,0,0,1,SLC6A2,1,SLC6A2
source_representative,85,CBVCZFGXHXORBI-PXQQMZJSSA-N,3,murcko:O=C(N[C@@H]1CCc2ccccc21)[C@@H](CCCN1CCN(Cc2cccnc2)CC1)Cc1ccccc1,True,False,unresolved_with_missing_labels,6,0,0,,10,KCNH2;ADRB1;SLC6A3;CHRM1;CHRM3;DRD2;SLC6A2;SLC6A4;NR3C1;HRH1
source_representative,86,CDAISMWEOUEBRE-GPIVLXJGSA-N,4,murcko:C1CCCCC1,True,False,unresolved_with_missing_labels,6,0,0,,10,KCNH2;ADRB1;SLC6A3;CHRM1;CHRM3;DRD2;SLC6A2;SLC6A4;NR3C1;HRH1
source_representative,87,CDCHDCWJMGXXRH-UHFFFAOYSA-N,2,murcko:c1ccc(C2=NCc3nncn3-c3ccccc32)cc1,True,False,unresolved_interval_overlap,0,0,0,,10,KCNH2;ADRB1;SLC6A3;CHRM1;CHRM3;DRD2;SLC6A2;SLC6A4;NR3C1;HRH1
source_representative,88,CDOZDBSBBXSXLB-UHFFFAOYSA-N,1,murcko:c1ccc2c(c1)Nc1ccccc1S2,True,False,unresolved_with_missing_labels,6,0,0,,7,KCNH2;ADRB1;CHRM1;CHRM3;DRD2;NR3C1;HRH1
source_representative,89,CESYKOGBSMNBPD-UHFFFAOYSA-N,2,murcko:O=S1(=O)NCNc2ccccc21,True,False,unresolved_with_missing_labels,6,0,0,,10,KCNH2;ADRB1;SLC6A3;CHRM1;CHRM3;DRD2;SLC6A2;SLC6A4;NR3C1;HRH1
source_representative,90,CEUORZQYGODEFX-UHFFFAOYSA-N,0,murcko:O=C1CCc2ccc(OCCCCN3CCN(c4ccccc4)CC3)cc2N1,True,True,eligible_certified_maximum,0,0,1,DRD2,1,DRD2
source_representative,91,CFZXDJWFRVEWSR-BUHFOSPRSA-N,1,murcko:O=C1/C(=C2\Nc3ccccc3C2=O)Nc2ccccc21,True,False,unresolved_with_missing_labels,6,0,0,,10,KCNH2;ADRB1;SLC6A3;CHRM1;CHRM3;DRD2;SLC6A2;SLC6A4;NR3C1;HRH1
source_representative,92,CGIGDMFJXJATDK-UHFFFAOYSA-N,4,murcko:O=C(c1ccccc1)n1ccc2ccccc21,True,False,unresolved_interval_overlap,0,0,0,,5,ADRB1;SLC6A3;CHRM1;DRD2;HRH1
source_representative,93,CGYWLLGTCBIGSR-UHFFFAOYSA-N,0,murcko:O=C1Nc2ccccc2Oc2ccccc21,True,False,unresolved_with_missing_labels,6,0,0,,7,ADRB1;CHRM1;CHRM3;DRD2;SLC6A4;NR3C1;HRH1
source_representative,94,CHNXZKVNWQUJIB-CEGNMAFCSA-N,3,murcko:O=C1C=C2CC[C@H]3[C@@H]4CCCC4CC[C@@H]3C2CC1,True,False,unresolved_with_missing_labels,6,0,0,,10,KCNH2;ADRB1;SLC6A3;CHRM1;CHRM3;DRD2;SLC6A2;SLC6A4;NR3C1;HRH1
source_representative,95,CIDUJQMULVCIBT-MQDUPKMGSA-N,3,murcko:C1=CO[C@H](O[C@@H]2CCC[C@H](O[C@@H]3CCCCO3)C2)CC1,True,False,unresolved_with_missing_labels,6,0,0,,10,KCNH2;ADRB1;SLC6A3;CHRM1;CHRM3;DRD2;SLC6A2;SLC6A4;NR3C1;HRH1
source_representative,96,CJAVTWRYCDNHSM-UHFFFAOYSA-N,2,murcko:O=C(OCCNCCc1ccccc1)c1ccccc1,True,True,eligible_certified_maximum,0,0,1,KCNH2,1,KCNH2
source_representative,97,CJGYSWNGNKCJSB-YVLZZHOMSA-N,2,murcko:O=[PH]1OC[C@H]2O[C@@H](n3cnc4cncnc43)C[C@@H]2O1,True,False,unresolved_interval_overlap,0,0,0,,10,KCNH2;ADRB1;SLC6A3;CHRM1;CHRM3;DRD2;SLC6A2;SLC6A4;NR3C1;HRH1
source_representative,98,CKLJMWTZIZZHCS-REOHCLBHSA-N,4,acyclic:N[C@@H](CC(=O)O)C(=O)O,True,False,unresolved_with_missing_labels,6,0,0,,10,KCNH2;ADRB1;SLC6A3;CHRM1;CHRM3;DRD2;SLC6A2;SLC6A4;NR3C1;HRH1
source_representative,99,CLPFFLWZZBQMAO-UHFFFAOYSA-N,2,murcko:c1ccc(C2CCCc3cncn32)cc1,True,True,eligible_certified_maximum,0,0,1,KCNH2,1,KCNH2
source_representative,100,CMJCXYNUCSMDBY-ZDUSSCGKSA-N,2,murcko:c1ccc(-c2n[nH]cc2-c2ccncn2)cc1,True,True,eligible_certified_maximum,0,0,1,CHRM3,1,CHRM3
source_representative,101,CMSMOCZEIVJLDB-UHFFFAOYSA-N,1,murcko:O=[PH]1NCCCO1,True,False,unresolved_with_missing_labels,6,0,0,,10,KCNH2;ADRB1;SLC6A3;CHRM1;CHRM3;DRD2;SLC6A2;SLC6A4;NR3C1;HRH1
source_representative,102,CNBGNNVCVSKAQZ-UHFFFAOYSA-N,1,murcko:c1ccc(Cn2ncc3ccccc32)cc1,True,False,unresolved_with_missing_labels,6,0,0,,7,ADRB1;SLC6A3;CHRM1;CHRM3;DRD2;NR3C1;HRH1
source_representative,103,CNIIGCLFLJGOGP-UHFFFAOYSA-N,4,murcko:c1ccc2c(CC3=NCCN3)cccc2c1,True,False,unresolved_with_missing_labels,6,0,0,,10,KCNH2;ADRB1;SLC6A3;CHRM1;CHRM3;DRD2;SLC6A2;SLC6A4;NR3C1;HRH1
source_representative,104,COKMIXFXJJXBQG-NRFANRHFSA-N,0,murcko:c1ccc(OCCCCC2CCNCC2)cc1,True,False,unresolved_with_missing_labels,6,0,0,,7,ADRB1;CHRM1;CHRM3;DRD2;SLC6A4;NR3C1;HRH1
source_representative,105,COUYJEVMBVSIHV-SFHVURJKSA-N,2,murcko:O=C1COc2c(CCNCCc3ccccc3)cccc2N1,True,False,unresolved_with_missing_labels,1,0,0,,2,SLC6A4;NR3C1
source_representative,106,CQXADFVORZEARL-UHFFFAOYSA-N,4,murcko:C1COC(NC(C2CC2)C2CC2)=N1,True,False,unresolved_interval_overlap,0,0,0,,10,KCNH2;ADRB1;SLC6A3;CHRM1;CHRM3;DRD2;SLC6A2;SLC6A4;NR3C1;HRH1
source_representative,107,CULUWZNBISUWAS-UHFFFAOYSA-N,1,murcko:O=C(Cn1ccnc1)NCc1ccccc1,True,False,unresolved_interval_overlap,0,0,0,,10,KCNH2;ADRB1;SLC6A3;CHRM1;CHRM3;DRD2;SLC6A2;SLC6A4;NR3C1;HRH1
source_representative,108,CURUTKGFNZGFSE-UHFFFAOYSA-N,4,murcko:C1CCC(C2CCCCC2)CC1,True,False,unresolved_with_missing_labels,1,0,0,,2,CHRM1;NR3C1
source_representative,109,CUWODFFVMXJOKD-UVLQAERKSA-N,3,murcko:O=C(CNC(=O)CNC(=O)[C@H](Cc1ccccc1)NC(=O)CNC(=O)[C@H](Cc1c[nH]c2ccccc12)NC(=O)[C@H](Cc1c[nH]cn1)NC(=O)[C@@H]1CCC(=O)N1)NCC(=O)N1CCCC1,False,False,excluded_native_score_incomplete,6,10,0,,10,KCNH2;ADRB1;SLC6A3;CHRM1;CHRM3;DRD2;SLC6A2;SLC6A4;NR3C1;HRH1
source_representative,110,CVBMAZKKCSYWQR-WCGOZPBSSA-N,4,murcko:O=C(O[C@H]1CC[C@H]2C[C@@H]3c4[nH]c5ccccc5c4CCN3C[C@H]2C1)c1ccccc1,True,True,eligible_certified_maximum,0,0,1,KCNH2,1,KCNH2
source_representative,111,CXOFVDLJLONNDW-UHFFFAOYSA-N,2,murcko:O=C1NC(=O)C(c2ccccc2)(c2ccccc2)N1,True,True,eligible_certified_maximum,0,0,1,HRH1,1,HRH1
source_representative,112,CYDMQBQPVICBEU-XRNKAMNCSA-N,0,murcko:O=C1C2=CC3C(=O)C=CC[C@@H]3C[C@@H]2Cc2ccccc21,True,False,unresolved_with_missing_labels,6,0,0,,10,KCNH2;ADRB1;SLC6A3;CHRM1;CHRM3;DRD2;SLC6A2;SLC6A4;NR3C1;HRH1
source_representative,113,CYOHGALHFOKKQC-UHFFFAOYSA-N,4,murcko:c1ccc(Nc2ccc3[nH]cnc3c2)cc1,True,False,unresolved_with_missing_labels,4,0,0,,10,KCNH2;ADRB1;SLC6A3;CHRM1;CHRM3;DRD2;SLC6A2;SLC6A4;NR3C1;HRH1
source_representative,114,CZCHIEJNWPNBDE-UHFFFAOYSA-N,0,murcko:O=C(c1ccccc1)c1coc2ccccc12,True,False,unresolved_with_missing_labels,7,0,0,,8,KCNH2;ADRB1;SLC6A3;CHRM1;CHRM3;DRD2;NR3C1;HRH1
source_representative,115,CZFFBEXEKNGXKS-UHFFFAOYSA-N,4,murcko:O=C(NCc1ccccc1)c1cc(=O)[nH]c(CNC(=O)c2nnco2)n1,True,False,unresolved_with_missing_labels,6,0,0,,10,KCNH2;ADRB1;SLC6A3;CHRM1;CHRM3;DRD2;SLC6A2;SLC6A4;NR3C1;HRH1
source_representative,116,CZMRCDWAGMRECN-UGDNZRGBSA-N,4,murcko:C1CC[C@@H](OC2CCCO2)OC1,True,False,unresolved_interval_overlap,0,0,0,,10,KCNH2;ADRB1;SLC6A3;CHRM1;CHRM3;DRD2;SLC6A2;SLC6A4;NR3C1;HRH1
source_representative,117,DAFYYTQWSAWIGS-DEOSSOPVSA-N,1,murcko:c1ccc(CCNCCCCCCOCCOCc2ccccc2)cc1,True,False,unresolved_with_missing_labels,2,0,0,,3,KCNH2;SLC6A4;NR3C1
source_representative,118,DBVJJBKOTRCVKF-UHFFFAOYSA-N,4,acyclic:CC(O)(P(=O)(O)O)P(=O)(O)O,True,False,unresolved_with_missing_labels,7,0,0,,10,KCNH2;ADRB1;SLC6A3;CHRM1;CHRM3;DRD2;SLC6A2;SLC6A4;NR3C1;HRH1
source_representative,119,DCOPUUMXTXDBNB-UHFFFAOYSA-N,2,murcko:c1ccc(Nc2ccccc2)cc1,True,False,unresolved_interval_overlap,0,0,0,,10,KCNH2;ADRB1;SLC6A3;CHRM1;CHRM3;DRD2;SLC6A2;SLC6A4;NR3C1;HRH1
source_representative,120,DCSUBABJRXZOMT-UHFFFAOYSA-N,1,murcko:O=C(NC1CCN(CCCOc2ccccc2)CC1)c1ccccc1,True,True,eligible_certified_maximum,0,0,1,KCNH2,1,KCNH2
source_representative,121,DCXYFEDJOCDNAF-REOHCLBHSA-N,2,acyclic:NC(=O)C[C@H](N)C(=O)O,True,False,unresolved_with_missing_labels,7,0,0,,10,KCNH2;ADRB1;SLC6A3;CHRM1;CHRM3;DRD2;SLC6A2;SLC6A4;NR3C1;HRH1
source_representative,122,DDDQVDIPBFGVIG-UHFFFAOYSA-N,0,murcko:O=C(COc1ccccc1)NC(=O)NCN1CCOCC1,True,False,unresolved_with_missing_labels,6,0,0,,10,KCNH2;ADRB1;SLC6A3;CHRM1;CHRM3;DRD2;SLC6A2;SLC6A4;NR3C1;HRH1
source_representative,123,DDLIGBOFAVUZHB-UHFFFAOYSA-N,4,murcko:c1ccc(C2=NCc3cncn3-c3ccccc32)cc1,True,False,unresolved_interval_overlap,0,0,0,,10,KCNH2;ADRB1;SLC6A3;CHRM1;CHRM3;DRD2;SLC6A2;SLC6A4;NR3C1;HRH1
source_representative,124,DDUHZTYCFQRHIY-RBHXEPJQSA-N,0,murcko:O=C1C=C[C@]2(CC1)Oc1ccccc1C2=O,True,False,unresolved_interval_overlap,0,0,0,,10,KCNH2;ADRB1;SLC6A3;CHRM1;CHRM3;DRD2;SLC6A2;SLC6A4;NR3C1;HRH1
source_representative,125,DERZBLKQOCDDDZ-JLHYYAGUSA-N,3,murcko:C(=C/c1ccccc1)\CN1CCN(C(c2ccccc2)c2ccccc2)CC1,True,True,eligible_certified_maximum,0,0,1,KCNH2,1,KCNH2
source_representative,126,DEVSOMFAQLZNKR-RJRFIUFISA-N,3,murcko:O=C(/C=C\n1cnc(-c2ccccc2)n1)NNc1cnccn1,True,False,unresolved_with_missing_labels,1,0,0,,2,NR3C1;HRH1
source_representative,127,DGBIGWXXNGSACT-UHFFFAOYSA-N,0,murcko:O=C1CN=C(c2ccccc2)c2ccccc2N1,True,False,unresolved_interval_overlap,0,0,0,,10,KCNH2;ADRB1;SLC6A3;CHRM1;CHRM3;DRD2;SLC6A2;SLC6A4;NR3C1;HRH1
source_representative,128,DHMQDGOQFOQNFH-UHFFFAOYSA-N,2,acyclic:NCC(=O)O,True,False,unresolved_with_missing_labels,7,0,0,,10,KCNH2;ADRB1;SLC6A3;CHRM1;CHRM3;DRD2;SLC6A2;SLC6A4;NR3C1;HRH1
source_representative,129,DHSSDEDRBUKTQY-UHFFFAOYSA-N,3,murcko:c1nc2c(s1)CCNCC2,True,True,eligible_certified_maximum,0,0,1,HRH1,1,HRH1
source_representative,130,DHSUYTOATWAVLW-WFVMDLQDSA-N,0,murcko:C1CC1,True,False,unresolved_with_missing_labels,6,0,0,,10,KCNH2;ADRB1;SLC6A3;CHRM1;CHRM3;DRD2;SLC6A2;SLC6A4;NR3C1;HRH1
source_representative,131,DIIBXMIIOQXTHW-UHFFFAOYSA-N,3,murcko:O=C(OCc1cccc(COC(=O)c2ccccc2)n1)c1ccccc1,True,False,unresolved_interval_overlap,0,0,0,,10,KCNH2;ADRB1;SLC6A3;CHRM1;CHRM3;DRD2;SLC6A2;SLC6A4;NR3C1;HRH1
source_representative,132,DIWRORZWFLOCLC-UHFFFAOYSA-N,0,murcko:O=C1CN=C(c2ccccc2)c2ccccc2N1,True,False,unresolved_interval_overlap,0,0,0,,10,KCNH2;ADRB1;SLC6A3;CHRM1;CHRM3;DRD2;SLC6A2;SLC6A4;NR3C1;HRH1
source_representative,133,DJBNUMBKLMJRSA-UHFFFAOYSA-N,0,murcko:O=C(NCC1CCCCN1)c1ccccc1,True,True,eligible_certified_maximum,0,0,1,KCNH2,1,KCNH2
source_representative,134,DJEIHHYCDCTAAH-UHFFFAOYSA-N,0,murcko:c1ccc(-c2conc2-c2ccccc2)cc1,True,False,unresolved_interval_overlap,0,0,0,,10,KCNH2;ADRB1;SLC6A3;CHRM1;CHRM3;DRD2;SLC6A2;SLC6A4;NR3C1;HRH1
source_representative,135,DJQOOSBJCLSSEY-UHFFFAOYSA-N,2,murcko:c1c[nH+]ccn1,True,False,unresolved_with_missing_labels,6,0,0,,10,KCNH2;ADRB1;SLC6A3;CHRM1;CHRM3;DRD2;SLC6A2;SLC6A4;NR3C1;HRH1
source_representative,136,DJUFPMUQJKWIJB-UHFFFAOYSA-N,3,murcko:c1ccc2c(Nc3cc(CN4CCCC4)cc(CN4CCCC4)c3)c3ncccc3nc2c1,True,True,eligible_certified_maximum,0,0,1,KCNH2,1,KCNH2
source_representative,137,DKMFBWQBDIGMHM-UHFFFAOYSA-N,2,murcko:O=C(CCCN1CCCCC1)c1ccccc1,True,False,unresolved_with_missing_labels,6,0,0,,7,KCNH2;ADRB1;CHRM1;CHRM3;DRD2;NR3C1;HRH1
source_representative,138,DKNWSYNQZKUICI-UHFFFAOYSA-N,4,murcko:C1C2CC3CC1CC(C2)C3,True,False,unresolved_interval_overlap,0,0,0,,10,KCNH2;ADRB1;SLC6A3;CHRM1;CHRM3;DRD2;SLC6A2;SLC6A4;NR3C1;HRH1
source_representative,139,DKYWVDODHFEZIM-NSHDSACASA-N,4,murcko:O=C(c1ccccc1)c1ccccc1,True,False,unresolved_with_missing_labels,6,0,0,,10,KCNH2;ADRB1;SLC6A3;CHRM1;CHRM3;DRD2;SLC6A2;SLC6A4;NR3C1;HRH1
source_representative,140,DKYWVDODHFEZIM-UHFFFAOYSA-N,4,murcko:O=C(c1ccccc1)c1ccccc1,True,False,unresolved_interval_overlap,0,0,0,,10,KCNH2;ADRB1;SLC6A3;CHRM1;CHRM3;DRD2;SLC6A2;SLC6A4;NR3C1;HRH1
source_representative,141,DLGOEMSEDOSKAD-UHFFFAOYSA-N,1,acyclic:O=NN(CCCl)C(=O)NCCCl,True,False,unresolved_with_missing_labels,7,0,0,,10,KCNH2;ADRB1;SLC6A3;CHRM1;CHRM3;DRD2;SLC6A2;SLC6A4;NR3C1;HRH1
source_representative,142,DMDGGSIALPNSEE-UHFFFAOYSA-N,2,murcko:O=S1(=O)NCNc2ccccc21,True,False,unresolved_interval_overlap,0,0,0,,10,KCNH2;ADRB1;SLC6A3;CHRM1;CHRM3;DRD2;SLC6A2;SLC6A4;NR3C1;HRH1
source_representative,143,DMJNNHOOLUXYBV-PQTSNVLCSA-N,4,murcko:O=C1C[C@H]2CC(S[C@H]3CCNC3)=CN12,True,False,unresolved_interval_overlap,0,0,0,,10,KCNH2;ADRB1;SLC6A3;CHRM1;CHRM3;DRD2;SLC6A2;SLC6A4;NR3C1;HRH1
source_representative,144,DNIAPMSPPWPWGF-UHFFFAOYSA-N,0,acyclic:CC(O)CO,True,False,unresolved_with_missing_labels,6,0,0,,10,KCNH2;ADRB1;SLC6A3;CHRM1;CHRM3;DRD2;SLC6A2;SLC6A4;NR3C1;HRH1
source_representative,145,DOAKLVKFURWEDJ-QCMAZARJSA-N,3,murcko:O=C(CCc1c[nH]c2ccccc12)NCC(=O)NCC(=O)N[C@H]1COC(=O)[C@H](CC(=O)c2ccccc2)NC(=O)CNC(=O)CNC(=O)CNC(=O)CNC(=O)CNC(=O)CNC(=O)CNC(=O)CNC1=O,False,False,excluded_native_score_incomplete,7,10,0,,10,KCNH2;ADRB1;SLC6A3;CHRM1;CHRM3;DRD2;SLC6A2;SLC6A4;NR3C1;HRH1
source_representative,146,DOBMPNYZJYQDGZ-UHFFFAOYSA-N,1,murcko:O=c1oc2ccccc2cc1Cc1cc2ccccc2oc1=O,True,False,unresolved_interval_overlap,0,0,0,,10,KCNH2;ADRB1;SLC6A3;CHRM1;CHRM3;DRD2;SLC6A2;SLC6A4;NR3C1;HRH1
source_representative,147,DOUYETYNHWVLEO-UHFFFAOYSA-N,0,murcko:c1ccc2c(c1)ncc1nc[nH]c12,True,False,unresolved_interval_overlap,0,0,0,,7,KCNH2;ADRB1;CHRM1;DRD2;SLC6A4;NR3C1;HRH1
source_representative,148,DRLFMBDRBRZALE-UHFFFAOYSA-N,3,murcko:c1ccc2[nH]ccc2c1,True,False,unresolved_interval_overlap,0,0,0,,10,KCNH2;ADRB1;SLC6A3;CHRM1;CHRM3;DRD2;SLC6A2;SLC6A4;NR3C1;HRH1
source_representative,149,DTOSIQBPPRVQHS-PDBXOOCHSA-N,2,acyclic:CC/C=C\C/C=C\C/C=C\CCCCCCCC(=O)O,True,False,unresolved_interval_overlap,0,0,0,,10,KCNH2;ADRB1;SLC6A3;CHRM1;CHRM3;DRD2;SLC6A2;SLC6A4;NR3C1;HRH1
source_representative,150,DUPWHXBITIZIKZ-UHFFFAOYSA-N,1,murcko:O=C(Nc1cccc(-n2ccnc2)c1)c1cccc(Nc2nccc(-c3cnccn3)n2)c1,True,False,unresolved_with_missing_labels,2,0,0,,10,KCNH2;ADRB1;SLC6A3;CHRM1;CHRM3;DRD2;SLC6A2;SLC6A4;NR3C1;HRH1
source_representative,151,DUQOOLBWGUKRAJ-UHFFFAOYSA-N,3,murcko:O=c1[nH]ncc2ccccc12,True,False,unresolved_with_missing_labels,7,0,0,,10,KCNH2;ADRB1;SLC6A3;CHRM1;CHRM3;DRD2;SLC6A2;SLC6A4;NR3C1;HRH1
source_representative,152,DXGLGDHPHMLXJC-UHFFFAOYSA-N,4,murcko:O=C(c1ccccc1)c1ccccc1,True,False,unresolved_with_missing_labels,2,0,0,,3,ADRB1;SLC6A2;NR3C1
source_representative,153,DYAIAHUQIPBDIP-AXAPSJFSSA-N,2,murcko:O=C(Cc1ccccc1)N[C@@H]1C(=O)N2C=C(CSc3nnn[nH]3)CS[C@H]12,True,True,eligible_certified_maximum,0,0,1,SLC6A4,1,SLC6A4
source_representative,154,DYDCPNMLZGFQTM-UHFFFAOYSA-N,2,murcko:O=c1ccn(-c2ccccn2)c2cc(N3CCC3)ccc12,True,False,unresolved_with_missing_labels,6,0,0,,10,KCNH2;ADRB1;SLC6A3;CHRM1;CHRM3;DRD2;SLC6A2;SLC6A4;NR3C1;HRH1
source_representative,155,DYKFCLLONBREIL-KVUCHLLUSA-N,0,murcko:O=C1C2=CC3C(=O)C=CC[C@@H]3C[C@@H]2Cc2ccccc21,True,False,unresolved_with_missing_labels,6,0,0,,10,KCNH2;ADRB1;SLC6A3;CHRM1;CHRM3;DRD2;SLC6A2;SLC6A4;NR3C1;HRH1
source_representative,156,DYLUUSLLRIQKOE-UHFFFAOYSA-N,0,murcko:c1ccc(-c2ncnc(Nc3ccncc3)n2)nc1,True,False,unresolved_with_missing_labels,6,0,0,,10,KCNH2;ADRB1;SLC6A3;CHRM1;CHRM3;DRD2;SLC6A2;SLC6A4;NR3C1;HRH1
source_representative,157,DZZWHBIBMUVIIW-DTORHVGOSA-N,4,murcko:O=c1ccn(C2CC2)c2cc(N3CCNCC3)ccc12,True,False,unresolved_with_missing_labels,6,0,0,,7,KCNH2;ADRB1;CHRM1;CHRM3;DRD2;NR3C1;HRH1
source_representative,158,FABPRXSRWADJSP-MEDUHNTESA-N,4,murcko:O=c1ccn(C2CC2)c2cc(N3C[C@@H]4CCCN[C@@H]4C3)ccc12,True,True,eligible_certified_maximum,0,0,1,KCNH2,1,KCNH2
source_representative,159,FAEKWTJYAYMJKF-QHCPKHFHSA-N,0,murcko:O=C(Cc1ccccc1)NCc1ccccc1N1CCCCC1,True,False,unresolved_with_missing_labels,1,0,0,,10,KCNH2;ADRB1;SLC6A3;CHRM1;CHRM3;DRD2;SLC6A2;SLC6A4;NR3C1;HRH1
source_representative,160,FAIIFDPAEUKBEP-UHFFFAOYSA-N,2,murcko:C1=CC(c2ccccc2)C=CN1,True,True,eligible_certified_maximum,0,0,1,NR3C1,1,NR3C1
source_representative,161,FAKRSMQSSFJEIM-RQJHMYQMSA-N,0,murcko:C1CCNC1,True,True,eligible_certified_maximum,0,0,1,HRH1,1,HRH1
source_representative,162,FASDKYOPVNHBLU-ZETCQYMHSA-N,2,murcko:c1nc2c(s1)CCCC2,True,False,unresolved_interval_overlap,0,0,0,,3,CHRM1;DRD2;HRH1
source_representative,163,FBHSPRKOSMHSIF-GRMWVWQJSA-N,1,murcko:O=C1C=CC2C(=C1)CC[C@@H]1[C@@H]2CCC2C3N=CO[C@@H]3C[C@H]21,True,True,eligible_certified_maximum,0,0,1,NR3C1,1,NR3C1
source_representative,164,FBOZXECLQNJBKD-ZDUSSCGKSA-N,3,murcko:c1ccc(NCc2cnc3ncncc3n2)cc1,True,False,unresolved_with_missing_labels,10,0,0,,10,KCNH2;ADRB1;SLC6A3;CHRM1;CHRM3;DRD2;SLC6A2;SLC6A4;NR3C1;HRH1
source_representative,165,FBQPGGIHOFZRGH-UHFFFAOYSA-N,2,murcko:O=c1c2ccccc2sc2ccccc12,True,False,unresolved_with_missing_labels,6,0,0,,7,KCNH2;ADRB1;CHRM1;CHRM3;DRD2;NR3C1;HRH1
source_representative,166,FDLYAMZZIXQODN-UHFFFAOYSA-N,2,murcko:O=C(c1cccc(Cc2n[nH]c(=O)c3ccccc23)c1)N1CCN(C(=O)C2CC2)CC1,True,False,unresolved_interval_overlap,0,0,0,,10,KCNH2;ADRB1;SLC6A3;CHRM1;CHRM3;DRD2;SLC6A2;SLC6A4;NR3C1;HRH1
source_representative,167,FDMQDKQUTRLUBU-UHFFFAOYSA-N,0,murcko:c1ccc(Oc2nc(Nc3ccc(N4CCNCC4)cc3)nc3ccsc23)cc1,True,False,unresolved_with_missing_labels,6,0,0,,7,ADRB1;SLC6A3;CHRM1;CHRM3;DRD2;NR3C1;HRH1
source_representative,168,FEBOTPHFXYHVPL-UHFFFAOYSA-N,1,murcko:O=C(CCCN1CCC(n2c(=O)[nH]c3ccccc32)CC1)c1ccccc1,True,True,eligible_certified_maximum,0,0,1,DRD2,1,DRD2
source_representative,169,FEZBIKUBAYAZIU-UHFFFAOYSA-N,3,murcko:O=C(NCc1ccccc1)c1ccccc1,True,False,unresolved_with_missing_labels,2,0,0,,3,ADRB1;DRD2;NR3C1
source_representative,170,FFINMCNLQNTKLU-UHFFFAOYSA-N,0,murcko:O=C(CCCCC(=O)Nc1ccccc1)Nc1ccccc1,True,False,unresolved_interval_overlap,0,0,0,,10,KCNH2;ADRB1;SLC6A3;CHRM1;CHRM3;DRD2;SLC6A2;SLC6A4;NR3C1;HRH1
source_representative,171,FHFYDNQZQSQIAI-UHFFFAOYSA-N,1,murcko:O=c1cc[nH]c2cc(N3CCNCC3)ccc12,True,False,unresolved_interval_overlap,0,0,0,,10,KCNH2;ADRB1;SLC6A3;CHRM1;CHRM3;DRD2;SLC6A2;SLC6A4;NR3C1;HRH1
source_representative,172,FHHHOYXPRDYHEZ-COXVUDFISA-N,1,murcko:O=C(NCCc1ccccc1)[C@@H]1CCCN1,True,False,unresolved_with_missing_labels,10,0,0,,10,KCNH2;ADRB1;SLC6A3;CHRM1;CHRM3;DRD2;SLC6A2;SLC6A4;NR3C1;HRH1
source_representative,173,FHXBMXJMKMWVRG-SLHNCBLASA-N,1,murcko:c1ccc2c(c1)CC[C@@H]1[C@@H]2CCC2CCC[C@H]21,True,False,unresolved_with_missing_labels,10,0,0,,10,KCNH2;ADRB1;SLC6A3;CHRM1;CHRM3;DRD2;SLC6A2;SLC6A4;NR3C1;HRH1
source_representative,174,FIADGNVRKBPQEU-UHFFFAOYSA-N,4,murcko:c1ccc2c(c1)CCc1sccc1C2=C1CCNCC1,True,True,eligible_certified_maximum,0,0,1,HRH1,1,HRH1
source_representative,175,FIAFUQMPZJWCLV-UHFFFAOYSA-N,1,murcko:O=C(Nc1cccc(C(=O)Nc2cccc(C(=O)Nc3cccc4ccccc34)c2)c1)Nc1cccc(C(=O)Nc2cccc(C(=O)Nc3cccc4ccccc34)c2)c1,True,False,unresolved_with_missing_labels,6,0,0,,10,KCNH2;ADRB1;SLC6A3;CHRM1;CHRM3;DRD2;SLC6A2;SLC6A4;NR3C1;HRH1
source_representative,176,FIDLLEYNNRGVFR-CTNGQTDRSA-N,0,murcko:O=C1c2cc(=O)ccn2N([C@H]2c3ccccc3CSc3ccccc32)[C@@H]2COCCN12,True,False,unresolved_with_missing_labels,6,0,0,,10,KCNH2;ADRB1;SLC6A3;CHRM1;CHRM3;DRD2;SLC6A2;SLC6A4;NR3C1;HRH1
source_representative,177,FIQOFIRCTOWDOW-BJLQDIEVSA-N,0,murcko:O=C1NC[C@@H](c2cccs2)SC[C@@H]1NCCCc1ccccc1,True,False,unresolved_with_missing_labels,6,0,0,,10,KCNH2;ADRB1;SLC6A3;CHRM1;CHRM3;DRD2;SLC6A2;SLC6A4;NR3C1;HRH1
source_representative,178,FJIKWRGCXUCUIG-UHFFFAOYSA-N,0,murcko:O=C1CN=C(c2ccccc2)c2ccccc2N1,True,False,unresolved_interval_overlap,0,0,0,,10,KCNH2;ADRB1;SLC6A3;CHRM1;CHRM3;DRD2;SLC6A2;SLC6A4;NR3C1;HRH1
source_representative,179,FJLBFSROUSIWMA-UHFFFAOYSA-N,4,murcko:O=C(Cc1cccnc1)c1cccnc1,True,False,unresolved_interval_overlap,0,0,0,,10,KCNH2;ADRB1;SLC6A3;CHRM1;CHRM3;DRD2;SLC6A2;SLC6A4;NR3C1;HRH1
source_representative,180,FJLGEFLZQAZZCD-JUFISIKESA-N,3,murcko:c1ccc(-c2c[nH]c3ccccc23)cc1,True,False,unresolved_interval_overlap,0,0,0,,10,KCNH2;ADRB1;SLC6A3;CHRM1;CHRM3;DRD2;SLC6A2;SLC6A4;NR3C1;HRH1
source_representative,181,FLNXBVJLPJNOSI-UHFFFAOYSA-N,2,murcko:c1ccc(C(OCCN2CCCCC2)c2ccccc2)cc1,True,False,unresolved_with_missing_labels,6,0,0,,7,KCNH2;ADRB1;CHRM1;CHRM3;DRD2;NR3C1;HRH1
source_representative,182,FLSLEGPOVLMJMN-YSSFQJQWSA-N,3,murcko:O=C(CNCCCc1ccccc1)N1CCc2ccccc2C1,True,False,unresolved_with_missing_labels,7,0,0,,10,KCNH2;ADRB1;SLC6A3;CHRM1;CHRM3;DRD2;SLC6A2;SLC6A4;NR3C1;HRH1
source_representative,183,FMHHVULEAZTJMA-UHFFFAOYSA-N,1,murcko:O=c1ccc2cc3ccoc3cc2o1,True,False,unresolved_interval_overlap,0,0,0,,10,KCNH2;ADRB1;SLC6A3;CHRM1;CHRM3;DRD2;SLC6A2;SLC6A4;NR3C1;HRH1
source_representative,184,FMTDIUIBLCQGJB-SEYHBJAFSA-N,0,murcko:O=C1C2=CC3C(=O)C=CC[C@@H]3C[C@@H]2Cc2ccccc21,True,False,unresolved_interval_overlap,0,0,0,,10,KCNH2;ADRB1;SLC6A3;CHRM1;CHRM3;DRD2;SLC6A2;SLC6A4;NR3C1;HRH1
source_representative,185,FNHKPVJBJVTLMP-UHFFFAOYSA-N,1,murcko:O=C(Nc1ccccc1)Nc1ccc(Oc2ccncc2)cc1,True,False,unresolved_with_missing_labels,2,0,0,,3,SLC6A3;CHRM3;NR3C1
source_representative,186,FNQQBFNIYODEMB-UHFFFAOYSA-N,2,murcko:O=S1(=O)CCCc2ccccc21,True,False,unresolved_with_missing_labels,6,0,0,,10,KCNH2;ADRB1;SLC6A3;CHRM1;CHRM3;DRD2;SLC6A2;SLC6A4;NR3C1;HRH1
source_representative,187,FOCVUCIESVLUNU-UHFFFAOYSA-N,2,murcko:S=P(N1CC1)(N1CC1)N1CC1,True,False,unresolved_with_missing_labels,1,0,0,,2,SLC6A4;NR3C1
source_representative,188,FOHHNHSLJDZUGQ-UHFFFAOYSA-N,4,murcko:c1ccc2c(c1)ccc1ccccc12,True,True,eligible_certified_maximum,0,0,1,KCNH2,1,KCNH2
source_representative,189,FPCCSQOGAWCVBH-UHFFFAOYSA-N,0,murcko:O=C(c1ccccc1)C1CCN(CCn2c(=O)[nH]c3ccccc3c2=O)CC1,True,True,eligible_certified_maximum,0,0,1,HRH1,1,HRH1
source_representative,190,FPVKHBSQESCIEP-JQCXWYLXSA-N,0,murcko:C1=NCCc2ncn([C@H]3CCCO3)c2N1,True,False,unresolved_interval_overlap,0,0,0,,10,KCNH2;ADRB1;SLC6A3;CHRM1;CHRM3;DRD2;SLC6A2;SLC6A4;NR3C1;HRH1
source_representative,191,FPZLLRFZJZRHSY-HJYUBDRYSA-N,0,murcko:O=C1C2=CC3C(=O)C=CC[C@@H]3C[C@@H]2Cc2ccccc21,True,True,eligible_certified_maximum,0,0,1,CHRM1,1,CHRM1
source_representative,192,FQQIIPAOSKSOJM-UHFFFAOYSA-N,0,murcko:c1ccc(Cn2c3c(c4ccccc42)CNCC3)cc1,True,False,unresolved_with_missing_labels,6,0,0,,7,ADRB1;SLC6A3;CHRM1;CHRM3;DRD2;NR3C1;HRH1
source_representative,193,FRPZMMHWLSIFAZ-UHFFFAOYSA-N,2,acyclic:C=CCCCCCCCCC(=O)O,True,False,unresolved_with_missing_labels,7,0,0,,10,KCNH2;ADRB1;SLC6A3;CHRM1;CHRM3;DRD2;SLC6A2;SLC6A4;NR3C1;HRH1
source_representative,194,FSKFPVLPFLJRQB-UHFFFAOYSA-N,2,murcko:O=C(CCN1CCCCC1)c1ccccc1,True,False,unresolved_with_missing_labels,6,0,0,,10,KCNH2;ADRB1;SLC6A3;CHRM1;CHRM3;DRD2;SLC6A2;SLC6A4;NR3C1;HRH1
source_representative,195,FSQKKOOTNAMONP-UHFFFAOYSA-N,4,murcko:O=C(c1ccccc1)n1ccc2ccccc21,True,False,unresolved_with_missing_labels,10,0,0,,10,KCNH2;ADRB1;SLC6A3;CHRM1;CHRM3;DRD2;SLC6A2;SLC6A4;NR3C1;HRH1
source_representative,196,FSVJFNAIGNNGKK-UHFFFAOYSA-N,3,murcko:O=C(C1CCCCC1)N1CC(=O)N2CCc3ccccc3C2C1,True,False,unresolved_interval_overlap,0,0,0,,10,KCNH2;ADRB1;SLC6A3;CHRM1;CHRM3;DRD2;SLC6A2;SLC6A4;NR3C1;HRH1
source_representative,197,FTCYIGBVOHNHCD-UHFFFAOYSA-N,0,murcko:c1cncnc1,True,False,unresolved_with_missing_labels,6,0,0,,10,KCNH2;ADRB1;SLC6A3;CHRM1;CHRM3;DRD2;SLC6A2;SLC6A4;NR3C1;HRH1
source_representative,198,FUSNMLFNXJSCDI-UHFFFAOYSA-N,0,murcko:S=C(Nc1ccccc1)Oc1ccc2ccccc2c1,True,False,unresolved_interval_overlap,0,0,0,,10,KCNH2;ADRB1;SLC6A3;CHRM1;CHRM3;DRD2;SLC6A2;SLC6A4;NR3C1;HRH1
source_representative,199,FVTCRASFADXXNN-SCRDCRAPSA-N,4,murcko:O=c1nc2[nH]c3ccccc3nc-2c(=O)[nH]1,True,True,eligible_certified_maximum,0,0,1,NR3C1,1,NR3C1
source_representative,200,FVTWTVQXNAJTQP-UHFFFAOYSA-N,2,murcko:c1ccc(COCC[N+]23CCC(C(c4ccccc4)c4ccccc4)(CC2)CC3)cc1,True,False,unresolved_with_missing_labels,7,0,0,,8,KCNH2;ADRB1;CHRM1;CHRM3;DRD2;SLC6A4;NR3C1;HRH1
source_representative,201,FVYUQFQCEOZYHZ-UHFFFAOYSA-N,0,murcko:c1ccc(C2CNCCO2)cc1,True,False,unresolved_with_missing_labels,6,0,0,,10,KCNH2;ADRB1;SLC6A3;CHRM1;CHRM3;DRD2;SLC6A2;SLC6A4;NR3C1;HRH1
source_representative,202,FWJKNZONDWOGMI-UHFFFAOYSA-N,4,murcko:O=C1CC(=O)NC(=O)N1,True,False,unresolved_interval_overlap,0,0,0,,10,KCNH2;ADRB1;SLC6A3;CHRM1;CHRM3;DRD2;SLC6A2;SLC6A4;NR3C1;HRH1
source_representative,203,FWYSMLBETOMXAG-QHCPKHFHSA-N,4,murcko:c1ccc(N2CCN(C3=Nc4ccccc4CN3c3ccccc3)CC2)cc1,True,False,unresolved_with_missing_labels,1,0,0,,10,KCNH2;ADRB1;SLC6A3;CHRM1;CHRM3;DRD2;SLC6A2;SLC6A4;NR3C1;HRH1
source_representative,204,FZNCGRZWXLXZSZ-CIQUZCHMSA-N,4,murcko:C1CCCCC1,True,False,unresolved_interval_overlap,0,0,0,,10,KCNH2;ADRB1;SLC6A3;CHRM1;CHRM3;DRD2;SLC6A2;SLC6A4;NR3C1;HRH1
source_representative,205,GAGWJHPBXLXJQN-UORFTKCHSA-N,1,murcko:O=c1ncccn1[C@H]1CCCO1,True,False,unresolved_with_missing_labels,6,0,0,,10,KCNH2;ADRB1;SLC6A3;CHRM1;CHRM3;DRD2;SLC6A2;SLC6A4;NR3C1;HRH1
source_representative,206,GBABOYUKABKIAF-IELIFDKJSA-N,3,murcko:C1=CC2CC[C@@H]3Nc4ccc(C5C[C@@H]6C=CC[N@](Cc7c5[nH]c5ccccc75)C6)cc4[C@@]34CCN(C1)[C@@H]24,True,False,unresolved_with_missing_labels,6,0,0,,7,KCNH2;ADRB1;CHRM1;CHRM3;DRD2;NR3C1;HRH1
source_representative,207,GBBJCSTXCAQSSJ-XQXXSGGOSA-N,3,murcko:O=c1ccn([C@@H]2CCCO2)c(=O)[nH]1,True,False,unresolved_with_missing_labels,7,0,0,,10,KCNH2;ADRB1;SLC6A3;CHRM1;CHRM3;DRD2;SLC6A2;SLC6A4;NR3C1;HRH1
source_representative,208,GBFLZEXEOZUWRN-VKHMYHEASA-N,4,acyclic:N[C@@H](CSCC(=O)O)C(=O)O,True,False,unresolved_interval_overlap,0,0,0,,10,KCNH2;ADRB1;SLC6A3;CHRM1;CHRM3;DRD2;SLC6A2;SLC6A4;NR3C1;HRH1
source_representative,209,GBXSMTUPTTWBMN-XIRDDKMYSA-N,1,murcko:O=C(CNCCCc1ccccc1)N1CCCC1,True,False,unresolved_with_missing_labels,10,0,0,,10,KCNH2;ADRB1;SLC6A3;CHRM1;CHRM3;DRD2;SLC6A2;SLC6A4;NR3C1;HRH1
source_representative,210,GCFBRXLSHGKWDP-XCGNWRKASA-N,2,murcko:O=C1NCCN(C(=O)N[C@@H](C(=O)N[C@@H]2C(=O)N3C=C(CSc4nnn[nH]4)CS[C@H]23)c2ccccc2)C1=O,True,False,unresolved_interval_overlap,0,0,0,,10,KCNH2;ADRB1;SLC6A3;CHRM1;CHRM3;DRD2;SLC6A2;SLC6A4;NR3C1;HRH1
source_representative,211,GCKFUYQCUCGESZ-BPIQYHPVSA-N,3,murcko:C=C1CC2CCC[C@H]2[C@@H]2CCC3=CC(=O)CC[C@@H]3[C@@H]12,True,False,unresolved_with_missing_labels,2,0,0,,10,KCNH2;ADRB1;SLC6A3;CHRM1;CHRM3;DRD2;SLC6A2;SLC6A4;NR3C1;HRH1
source_representative,212,GCKMFJBGXUYNAG-HLXURNFRSA-N,3,murcko:O=C1C=C2CC[C@H]3[C@@H]4CCCC4CC[C@@H]3C2CC1,True,True,eligible_certified_maximum,0,0,1,NR3C1,1,NR3C1
source_representative,213,GDLBFKVLRPITMI-UHFFFAOYSA-N,0,murcko:O=S1(=O)NC=Nc2ccccc21,True,False,unresolved_interval_overlap,0,0,0,,10,KCNH2;ADRB1;SLC6A3;CHRM1;CHRM3;DRD2;SLC6A2;SLC6A4;NR3C1;HRH1
source_representative,214,GEJDGVNQKABXKG-CFKGEZKQSA-N,3,murcko:c1ccc2c(c1)CCN1CCCC[C@H]21,True,False,unresolved_with_missing_labels,7,0,0,,10,KCNH2;ADRB1;SLC6A3;CHRM1;CHRM3;DRD2;SLC6A2;SLC6A4;NR3C1;HRH1
source_representative,215,GFBKORZTTCHDGY-UWVJOHFNSA-N,4,murcko:C(CCN1CCNCC1)=C1c2ccccc2Sc2ccccc21,True,True,eligible_certified_maximum,0,0,1,DRD2,1,DRD2
source_representative,216,GFFGJBXGBJISGV-UHFFFAOYSA-N,4,murcko:c1ncc2[nH]cnc2n1,True,False,unresolved_interval_overlap,0,0,0,,10,KCNH2;ADRB1;SLC6A3;CHRM1;CHRM3;DRD2;SLC6A2;SLC6A4;NR3C1;HRH1
source_representative,217,GFIJNRVAKGFPGQ-LIJARHBVSA-N,3,murcko:O=C(CNC(=O)CNC(=O)[C@H](Cc1ccccc1)NC(=O)CNC(=O)[C@H](Cc1c[nH]c2ccccc12)NC(=O)[C@H](Cc1c[nH]cn1)NC(=O)[C@@H]1CCC(=O)N1)NCC(=O)N1CCCC1,False,False,excluded_native_score_incomplete,6,1,0,,10,KCNH2;ADRB1;SLC6A3;CHRM1;CHRM3;DRD2;SLC6A2;SLC6A4;NR3C1;HRH1
source_representative,218,GGXKWVWZWMLJEH-UHFFFAOYSA-N,0,murcko:c1ncc2nc[nH]c2n1,True,False,unresolved_with_missing_labels,4,0,0,,10,KCNH2;ADRB1;SLC6A3;CHRM1;CHRM3;DRD2;SLC6A2;SLC6A4;NR3C1;HRH1
source_representative,219,GHASVSINZRGABV-UHFFFAOYSA-N,0,murcko:O=c1cc[nH]c(=O)[nH]1,True,False,unresolved_with_missing_labels,4,0,0,,10,KCNH2;ADRB1;SLC6A3;CHRM1;CHRM3;DRD2;SLC6A2;SLC6A4;NR3C1;HRH1
source_representative,220,GHOKWGTUZJEAQD-ZETCQYMHSA-N,3,acyclic:CC(C)(CO)[C@@H](O)C(=O)NCCC(=O)O,True,False,unresolved_with_missing_labels,3,0,0,,10,KCNH2;ADRB1;SLC6A3;CHRM1;CHRM3;DRD2;SLC6A2;SLC6A4;NR3C1;HRH1
source_representative,221,GIIZNNXWQWCKIB-UHFFFAOYSA-N,3,murcko:c1ccc(CCCCOCCCCCCNCCc2ccccc2)cc1,True,True,eligible_certified_maximum,0,0,1,SLC6A4,1,SLC6A4
source_representative,222,GIUYCYHIANZCFB-FJFJXFQQSA-N,3,murcko:c1ncc2ncn([C@H]3CCCO3)c2n1,True,False,unresolved_interval_overlap,0,0,0,,10,KCNH2;ADRB1;SLC6A3;CHRM1;CHRM3;DRD2;SLC6A2;SLC6A4;NR3C1;HRH1
source_representative,223,GJPICJJJRGTNOD-UHFFFAOYSA-N,3,murcko:O=S(=O)(Nc1nc(-c2ncccn2)ncc1Oc1ccccc1)c1ccccc1,True,False,unresolved_interval_overlap,0,0,0,,10,KCNH2;ADRB1;SLC6A3;CHRM1;CHRM3;DRD2;SLC6A2;SLC6A4;NR3C1;HRH1
source_representative,224,GJSLOMWRLALDCT-UHFFFAOYSA-N,2,murcko:c1ccc(C2=NCc3nncn3-c3ccccc32)cc1,True,False,unresolved_interval_overlap,0,0,0,,10,KCNH2;ADRB1;SLC6A3;CHRM1;CHRM3;DRD2;SLC6A2;SLC6A4;NR3C1;HRH1
source_representative,225,GJSURZIOUXUGAL-UHFFFAOYSA-N,3,murcko:c1ccc(NC2=NCCN2)cc1,True,False,unresolved_interval_overlap,0,0,0,,10,KCNH2;ADRB1;SLC6A3;CHRM1;CHRM3;DRD2;SLC6A2;SLC6A4;NR3C1;HRH1
source_representative,226,GKNPSSNBBWDAGH-UHFFFAOYSA-N,4,murcko:O=C(OC1CCC[NH2+]C1)C(c1ccccc1)c1ccccc1,True,False,unresolved_with_missing_labels,6,0,0,,7,KCNH2;ADRB1;CHRM1;CHRM3;DRD2;NR3C1;HRH1
source_representative,227,GKQPCPXONLDCMU-CCEZHUSRSA-N,2,murcko:C1=CC(c2ccccc2)C=CN1,True,True,eligible_certified_maximum,0,0,1,KCNH2,1,KCNH2
source_representative,228,GKWPCEFFIHSJOE-UHFFFAOYSA-N,1,murcko:O=C(Nc1ccccc1)c1cc2ccccc2[nH]c1=O,True,False,unresolved_with_missing_labels,4,0,0,,10,KCNH2;ADRB1;SLC6A3;CHRM1;CHRM3;DRD2;SLC6A2;SLC6A4;NR3C1;HRH1
source_representative,229,GLBJJMFZWDBELO-UHFFFAOYSA-N,1,murcko:O=C1CCC(c2ccc3[nH]c(-c4ccccc4)nc3c2)=NN1,True,False,unresolved_interval_overlap,0,0,0,,10,KCNH2;ADRB1;SLC6A3;CHRM1;CHRM3;DRD2;SLC6A2;SLC6A4;NR3C1;HRH1
source_representative,230,GLUUGHFHXGJENI-UHFFFAOYSA-N,4,murcko:C1CNCCN1,True,False,unresolved_with_missing_labels,6,0,0,,10,KCNH2;ADRB1;SLC6A3;CHRM1;CHRM3;DRD2;SLC6A2;SLC6A4;NR3C1;HRH1
source_representative,231,GLVAUDGFNGKCSF-UHFFFAOYSA-N,3,murcko:S=c1nc[nH]c2nc[nH]c12,True,False,unresolved_with_missing_labels,6,0,0,,10,KCNH2;ADRB1;SLC6A3;CHRM1;CHRM3;DRD2;SLC6A2;SLC6A4;NR3C1;HRH1
source_representative,232,GMRQFYUYWCNGIN-NKMMMXOESA-N,1,murcko:C=C1CCCC/C1=C/C=C1\CCCC2CCC[C@@H]12,True,True,eligible_certified_maximum,0,0,1,SLC6A3,1,SLC6A3
source_representative,233,GMVPRGQOIOIIMI-DWKJAMRDSA-N,4,murcko:O=C1CCCC1,True,False,unresolved_with_missing_labels,1,0,0,,10,KCNH2;ADRB1;SLC6A3;CHRM1;CHRM3;DRD2;SLC6A2;SLC6A4;NR3C1;HRH1
source_representative,234,GOTYRUGSSMKFNF-UHFFFAOYSA-N,2,murcko:O=C1CCC(N2Cc3ccccc3C2=O)C(=O)N1,True,False,unresolved_with_missing_labels,6,0,0,,10,KCNH2;ADRB1;SLC6A3;CHRM1;CHRM3;DRD2;SLC6A2;SLC6A4;NR3C1;HRH1
source_representative,235,GPKJTRJOBQGKQK-UHFFFAOYSA-N,2,murcko:c1ccc2nc3ccccc3cc2c1,True,False,unresolved_with_missing_labels,6,0,0,,7,KCNH2;ADRB1;CHRM1;CHRM3;DRD2;NR3C1;HRH1
source_representative,236,GPRBEKHLDVQUJE-QSWIMTSFSA-N,4,murcko:N=C(C(=O)N[C@@H]1C(=O)N2C=CCS[C@H]12)c1cscn1,True,False,unresolved_interval_overlap,0,0,0,,10,KCNH2;ADRB1;SLC6A3;CHRM1;CHRM3;DRD2;SLC6A2;SLC6A4;NR3C1;HRH1
source_representative,237,GPXBXXGIAQBQNI-UHFFFAOYSA-N,1,murcko:O=C(c1ccccc1)c1c[nH]c2ncc(-c3ccccc3)cc12,True,False,unresolved_interval_overlap,0,0,0,,10,KCNH2;ADRB1;SLC6A3;CHRM1;CHRM3;DRD2;SLC6A2;SLC6A4;NR3C1;HRH1
source_representative,238,GQYIWUVLTXOXAJ-UHFFFAOYSA-N,4,murcko:C1CCCCC1,True,False,unresolved_with_missing_labels,7,0,0,,10,KCNH2;ADRB1;SLC6A3;CHRM1;CHRM3;DRD2;SLC6A2;SLC6A4;NR3C1;HRH1
source_representative,239,GSDSWSVVBLHKDQ-JTQLQIEISA-N,0,murcko:O=c1ccn2c3c(c(N4CCNCC4)ccc13)OCC2,True,False,unresolved_interval_overlap,0,0,0,,10,KCNH2;ADRB1;SLC6A3;CHRM1;CHRM3;DRD2;SLC6A2;SLC6A4;NR3C1;HRH1
source_representative,240,GSDSWSVVBLHKDQ-UHFFFAOYSA-N,0,murcko:O=c1ccn2c3c(c(N4CCNCC4)ccc13)OCC2,True,False,unresolved_with_missing_labels,5,0,0,,10,KCNH2;ADRB1;SLC6A3;CHRM1;CHRM3;DRD2;SLC6A2;SLC6A4;NR3C1;HRH1
source_representative,241,GSNOZLZNQMLSKJ-UHFFFAOYSA-N,3,murcko:c1cnc2ncnn2c1,True,False,unresolved_with_missing_labels,6,0,0,,10,KCNH2;ADRB1;SLC6A3;CHRM1;CHRM3;DRD2;SLC6A2;SLC6A4;NR3C1;HRH1
source_representative,242,GUHPRPJDBZHYCJ-UHFFFAOYSA-N,4,murcko:O=C(c1ccccc1)c1cccs1,True,False,unresolved_with_missing_labels,1,0,0,,2,KCNH2;HRH1
source_representative,243,GVOUFPWUYJWQSK-UHFFFAOYSA-N,3,murcko:c1ccc(C(=C2CCCCC2)c2ccccc2)cc1,True,False,unresolved_with_missing_labels,7,0,0,,8,KCNH2;ADRB1;SLC6A3;CHRM1;CHRM3;DRD2;NR3C1;HRH1
source_representative,244,GVPIXRLYKVFFMK-UHFFFAOYSA-N,2,murcko:c1ccc2c(c1)Cc1ccccc1C1=C2CCNC1,True,False,unresolved_with_missing_labels,6,0,0,,7,ADRB1;CHRM1;CHRM3;DRD2;SLC6A2;NR3C1;HRH1
source_representative,245,GWOFUCIGLDBNKM-UHFFFAOYSA-N,4,murcko:c1ccc(Nc2ccnc3ccccc23)cc1,True,False,unresolved_with_missing_labels,1,0,0,,2,KCNH2;NR3C1
source_representative,246,GXDALQBWZGODGZ-UHFFFAOYSA-N,4,murcko:c1ccc(CCN2CCC(Nc3nc4ccccc4n3Cc3ccccc3)CC2)cc1,True,True,eligible_certified_maximum,0,0,1,KCNH2,1,KCNH2
source_representative,247,GXPHKUHSUJUWKP-UHFFFAOYSA-N,1,murcko:O=C1NC(=O)C(Cc2ccc(OCC3CCc4ccccc4O3)cc2)S1,True,True,eligible_certified_maximum,0,0,1,SLC6A2,1,SLC6A2
source_representative,248,GXRZIMHKGDIBEW-UHFFFAOYSA-N,4,murcko:C1CCCCC1,True,False,unresolved_interval_overlap,0,0,0,,10,KCNH2;ADRB1;SLC6A3;CHRM1;CHRM3;DRD2;SLC6A2;SLC6A4;NR3C1;HRH1
source_representative,249,GYDJEQRTZSCIOI-LJGSYFOKSA-N,4,murcko:C1CCCCC1,True,False,unresolved_interval_overlap,0,0,0,,10,KCNH2;ADRB1;SLC6A3;CHRM1;CHRM3;DRD2;SLC6A2;SLC6A4;NR3C1;HRH1
source_representative,250,GYHCTFXIZSNGJT-UHFFFAOYSA-N,1,murcko:O=C(Nc1ccc(C(=O)N2CCCCc3ccccc32)cc1)c1ccccc1,True,False,unresolved_with_missing_labels,6,0,0,,10,KCNH2;ADRB1;SLC6A3;CHRM1;CHRM3;DRD2;SLC6A2;SLC6A4;NR3C1;HRH1
source_representative,251,GYQYAJJFPNQOOW-UHFFFAOYSA-N,1,murcko:c1cc(N2CCC(N3CCNCC3)CC2)ccc1Nc1cncc(NC2CCOCC2)n1,True,False,unresolved_with_missing_labels,7,0,0,,10,KCNH2;ADRB1;SLC6A3;CHRM1;CHRM3;DRD2;SLC6A2;SLC6A4;NR3C1;HRH1
source_representative,252,GZOSMCIZMLWJML-VJLLXTKPSA-N,3,murcko:C1=C2CCCCC2[C@H]2CCC3C(c4cccnc4)=CC[C@H]3[C@@H]2C1,True,False,unresolved_interval_overlap,0,0,0,,10,KCNH2;ADRB1;SLC6A3;CHRM1;CHRM3;DRD2;SLC6A2;SLC6A4;NR3C1;HRH1
source_representative,253,GZSOSUNBTXMUFQ-YFAPSIMESA-N,0,murcko:O=c1cc(-c2ccccc2)oc2cc(O[C@H]3CCC[C@@H](CO[C@H]4CCCCO4)O3)ccc12,True,False,unresolved_with_missing_labels,6,0,0,,10,KCNH2;ADRB1;SLC6A3;CHRM1;CHRM3;DRD2;SLC6A2;SLC6A4;NR3C1;HRH1
source_representative,254,HBNPJJILLOYFJU-VMPREFPWSA-N,3,murcko:c1ccc2c(c1)CCC(CCNCCCc1nc3ccccc3[nH]1)C2,True,False,unresolved_with_missing_labels,6,0,0,,7,KCNH2;ADRB1;CHRM1;CHRM3;DRD2;NR3C1;HRH1
source_representative,255,HBOMLICNUCNMMY-XLPZGREQSA-N,1,murcko:O=c1ccn([C@H]2CCCO2)c(=O)[nH]1,True,False,unresolved_interval_overlap,0,0,0,,10,KCNH2;ADRB1;SLC6A3;CHRM1;CHRM3;DRD2;SLC6A2;SLC6A4;NR3C1;HRH1
source_representative,256,HCZKYJDFEPMADG-TXEJJXNPSA-N,4,murcko:c1ccc(CCCCc2ccccc2)cc1,True,False,unresolved_with_missing_labels,3,0,0,,4,SLC6A3;CHRM3;SLC6A4;NR3C1
source_representative,257,HDOVUKNUBWVHOX-QMMMGPOBSA-N,0,murcko:O=c1[nH]cnc2[nH]cnc12,True,False,unresolved_interval_overlap,0,0,0,,10,KCNH2;ADRB1;SLC6A3;CHRM1;CHRM3;DRD2;SLC6A2;SLC6A4;NR3C1;HRH1
source_representative,258,HGGAKXAHAYOLDJ-FHZUQPTBSA-N,2,murcko:O=C1C[C@H]2SC([C@H]3CCCO3)=CN12,True,False,unresolved_with_missing_labels,6,0,0,,10,KCNH2;ADRB1;SLC6A3;CHRM1;CHRM3;DRD2;SLC6A2;SLC6A4;NR3C1;HRH1
source_representative,259,HIANJWSAHKJQTH-UHFFFAOYSA-N,4,murcko:O=c1c(-c2nnn[nH]2)cnc2ccccn12,True,False,unresolved_interval_overlap,0,0,0,,10,KCNH2;ADRB1;SLC6A3;CHRM1;CHRM3;DRD2;SLC6A2;SLC6A4;NR3C1;HRH1
source_representative,260,HIUVKVDQFXDZHU-UHFFFAOYSA-N,3,murcko:c1ccc2c(c1)OCCO2,True,False,unresolved_with_missing_labels,6,0,0,,7,ADRB1;CHRM1;CHRM3;DRD2;SLC6A2;NR3C1;HRH1
source_representative,261,HJCMDXDYPOUFDY-WHFBIAKZSA-N,3,acyclic:C[C@H](N)C(=O)N[C@@H](CCC(N)=O)C(=O)O,True,False,unresolved_interval_overlap,0,0,0,,10,KCNH2;ADRB1;SLC6A3;CHRM1;CHRM3;DRD2;SLC6A2;SLC6A4;NR3C1;HRH1
source_representative,262,HJYYPODYNSCCOU-ODRIEIDWSA-N,1,murcko:O=C1/C=C\C=C\CCCCCCCC/C=C/OC2Oc3ccc4cc(ccc4c3C2=O)N1,True,False,unresolved_with_missing_labels,6,0,0,,10,KCNH2;ADRB1;SLC6A3;CHRM1;CHRM3;DRD2;SLC6A2;SLC6A4;NR3C1;HRH1
source_representative,263,HLFSDGLLUJUHTE-SNVBAGLBSA-N,4,murcko:c1ccc([C@H]2CN3CCSC3=N2)cc1,True,False,unresolved_with_missing_labels,1,0,0,,2,KCNH2;NR3C1
source_representative,264,HLVVITIHAZBPKB-UHFFFAOYSA-N,3,murcko:c1ccc2nc3c(cc2c1)CCCC3,True,False,unresolved_with_missing_labels,1,0,0,,2,KCNH2;NR3C1
source_representative,265,HMABYWSNWIZPAG-UHFFFAOYSA-N,0,murcko:O=C1NCCc2c(-c3ccccc3)[nH]c3cccc1c23,True,False,unresolved_with_missing_labels,1,0,0,,5,KCNH2;CHRM1;CHRM3;DRD2;HRH1
source_representative,266,HMEDEBAJARCKCT-UHFFFAOYSA-N,2,murcko:c1csc(CNc2ccccc2-c2nnn[nH]2)c1,True,False,unresolved_interval_overlap,0,0,0,,10,KCNH2;ADRB1;SLC6A3;CHRM1;CHRM3;DRD2;SLC6A2;SLC6A4;NR3C1;HRH1
source_representative,267,HNJJXZKZRAWDPF-UHFFFAOYSA-N,0,murcko:c1ccc(NCc2cccs2)nc1,True,False,unresolved_with_missing_labels,6,0,0,,7,KCNH2;ADRB1;CHRM1;CHRM3;DRD2;NR3C1;HRH1
source_representative,268,HOMGKSMUEGBAAB-UHFFFAOYSA-N,1,murcko:O=[PH]1NCCCO1,True,False,unresolved_interval_overlap,0,0,0,,10,KCNH2;ADRB1;SLC6A3;CHRM1;CHRM3;DRD2;SLC6A2;SLC6A4;NR3C1;HRH1
source_representative,269,HOOSGZJRQIVJSZ-UHFFFAOYSA-N,1,murcko:O=C(OC1C[NH+]2CCC1CC2)C(c1ccccc1)c1ccccc1,True,True,eligible_certified_maximum,0,0,1,CHRM3,1,CHRM3
source_representative,270,HRRBJVNMSRJFHQ-UHFFFAOYSA-N,1,murcko:c1ccc(N2CCN(CCCOc3cccc4ccccc34)CC2)cc1,True,True,eligible_certified_maximum,0,0,1,HRH1,1,HRH1
source_representative,271,HRWCVUIFMSZDJS-SZMVWBNQSA-N,4,murcko:O=C(CNCCCc1ccccc1)N1CCC2(C1)SCCS2,True,False,unresolved_with_missing_labels,6,0,0,,10,KCNH2;ADRB1;SLC6A3;CHRM1;CHRM3;DRD2;SLC6A2;SLC6A4;NR3C1;HRH1
source_representative,272,HSHNITRMYYLLCV-UHFFFAOYSA-N,1,murcko:O=c1ccc2ccccc2o1,True,False,unresolved_with_missing_labels,6,0,0,,10,KCNH2;ADRB1;SLC6A3;CHRM1;CHRM3;DRD2;SLC6A2;SLC6A4;NR3C1;HRH1
source_representative,273,HSMPDPBYAYSOBC-UHFFFAOYSA-N,2,murcko:O=c1ccoc2cc3occc3cc12,True,False,unresolved_with_missing_labels,6,0,0,,10,KCNH2;ADRB1;SLC6A3;CHRM1;CHRM3;DRD2;SLC6A2;SLC6A4;NR3C1;HRH1
source_representative,274,HSTZMXCBWJGKHG-CUYWLFDKSA-N,4,murcko:C(=C/c1cccc(O[C@H]2CCCCO2)c1)\c1ccccc1,True,False,unresolved_interval_overlap,0,0,0,,10,KCNH2;ADRB1;SLC6A3;CHRM1;CHRM3;DRD2;SLC6A2;SLC6A4;NR3C1;HRH1
source_representative,275,HSUGRBWQSSZJOP-RTWAWAEBSA-N,1,murcko:O=C1C[C@H](c2ccccc2)Sc2ccccc2N1,True,True,eligible_certified_maximum,0,0,1,KCNH2,1,KCNH2
source_representative,276,HTIQEAQVCYTUBX-UHFFFAOYSA-N,2,murcko:C1=CC(c2ccccc2)C=CN1,True,True,eligible_certified_maximum,0,0,1,DRD2,1,DRD2
source_representative,277,HTWFXPCUFWKXOP-UHFFFAOYSA-N,2,murcko:c1ccc2c(c1)CCCS2,True,False,unresolved_with_missing_labels,6,0,0,,7,ADRB1;CHRM1;CHRM3;DRD2;SLC6A4;NR3C1;HRH1
source_representative,278,HUNXMJYCHXQEGX-UHFFFAOYSA-N,0,murcko:c1ccc(-c2ccnc3ccnn23)cc1,True,False,unresolved_interval_overlap,0,0,0,,10,KCNH2;ADRB1;SLC6A3;CHRM1;CHRM3;DRD2;SLC6A2;SLC6A4;NR3C1;HRH1
source_representative,279,HUPFGZXOMWLGNK-UHFFFAOYSA-N,0,murcko:c1ccc(-c2ccccc2)cc1,True,False,unresolved_interval_overlap,0,0,0,,10,KCNH2;ADRB1;SLC6A3;CHRM1;CHRM3;DRD2;SLC6A2;SLC6A4;NR3C1;HRH1
source_representative,280,HWGBHCRJGXAGEU-UHFFFAOYSA-N,1,murcko:O=c1cc[nH]c(=S)[nH]1,True,False,unresolved_with_missing_labels,6,0,0,,10,KCNH2;ADRB1;SLC6A3;CHRM1;CHRM3;DRD2;SLC6A2;SLC6A4;NR3C1;HRH1
source_representative,281,HWHLPVGTWGOCJO-UHFFFAOYSA-N,0,murcko:c1ccc(C(CCN2CCCCC2)C2CCCCC2)cc1,True,False,unresolved_with_missing_labels,6,0,0,,7,KCNH2;ADRB1;CHRM1;CHRM3;DRD2;NR3C1;HRH1
source_representative,282,HWXIGFIVGWUZAO-UHFFFAOYSA-N,3,murcko:O=c1[nH]c(=O)c2c(ncn2CC2OCCO2)[nH]1,True,False,unresolved_interval_overlap,0,0,0,,10,KCNH2;ADRB1;SLC6A3;CHRM1;CHRM3;DRD2;SLC6A2;SLC6A4;NR3C1;HRH1
source_representative,283,HXHWSAZORRCQMX-UHFFFAOYSA-N,0,murcko:c1ccc2[nH]cnc2c1,True,False,unresolved_interval_overlap,0,0,0,,7,KCNH2;ADRB1;CHRM1;DRD2;SLC6A4;NR3C1;HRH1
source_representative,284,HXLAFSUPPDYFEO-UHFFFAOYSA-N,2,murcko:c1ccc(CCNCCCOc2ccccc2)cc1,True,True,eligible_certified_maximum,0,0,1,ADRB1,1,ADRB1
source_representative,285,HXYVTAGFYLMHSO-UHFFFAOYSA-N,3,acyclic:CCCCCCCCCCCCCCCC(=O)NCCO,True,False,unresolved_with_missing_labels,6,0,0,,10,KCNH2;ADRB1;SLC6A3;CHRM1;CHRM3;DRD2;SLC6A2;SLC6A4;NR3C1;HRH1
source_representative,286,HYAFETHFCAUJAY-UHFFFAOYSA-N,3,murcko:O=C1NC(=O)C(Cc2ccc(OCCc3ccccn3)cc2)S1,True,False,unresolved_interval_overlap,0,0,0,,10,KCNH2;ADRB1;SLC6A3;CHRM1;CHRM3;DRD2;SLC6A2;SLC6A4;NR3C1;HRH1
source_representative,287,HYFHYPWGAURHIV-JFIAXGOJSA-N,0,murcko:C1=C[C@]23CCCN2CCc2cc4c(cc2[C@@H]3C1)OCO4,True,False,unresolved_with_missing_labels,6,0,0,,10,KCNH2;ADRB1;SLC6A3;CHRM1;CHRM3;DRD2;SLC6A2;SLC6A4;NR3C1;HRH1
source_representative,288,HYIMSNHJOBLJNT-UHFFFAOYSA-N,2,murcko:C1=CC(c2ccccc2)C=CN1,True,False,unresolved_interval_overlap,0,0,0,,10,KCNH2;ADRB1;SLC6A3;CHRM1;CHRM3;DRD2;SLC6A2;SLC6A4;NR3C1;HRH1
source_representative,289,HYWYRSMBCFDLJT-UHFFFAOYSA-N,3,murcko:c1ccc(Oc2ccccc2)cc1,True,True,eligible_certified_maximum,0,0,1,SLC6A3,1,SLC6A3
source_representative,290,HYYBABOKPJLUIN-UHFFFAOYSA-N,2,murcko:c1ccc(Nc2ccccc2)cc1,True,False,unresolved_interval_overlap,0,0,0,,10,KCNH2;ADRB1;SLC6A3;CHRM1;CHRM3;DRD2;SLC6A2;SLC6A4;NR3C1;HRH1
source_representative,291,HZQDCMWJEBCWBR-UUOKFMHZSA-N,2,murcko:c1cn([C@H]2CCCO2)cn1,True,False,unresolved_interval_overlap,0,0,0,,10,KCNH2;ADRB1;SLC6A3;CHRM1;CHRM3;DRD2;SLC6A2;SLC6A4;NR3C1;HRH1
source_representative,292,HZZVJAQRINQKSD-PBFISZAISA-N,3,murcko:C=C1CN2C(=O)C[C@H]2O1,True,False,unresolved_with_missing_labels,1,0,0,,10,KCNH2;ADRB1;SLC6A3;CHRM1;CHRM3;DRD2;SLC6A2;SLC6A4;NR3C1;HRH1
source_representative,293,IAIDUHCBNLFXEF-MNEFBYGVSA-N,2,murcko:O=C(SCCC(=O)N1CC[C@H](Sc2ccccc2)C1)c1ccccc1,True,False,unresolved_interval_overlap,0,0,0,,10,KCNH2;ADRB1;SLC6A3;CHRM1;CHRM3;DRD2;SLC6A2;SLC6A4;NR3C1;HRH1
source_representative,294,IAIWVQXQOWNYOU-FPYGCLRLSA-N,0,murcko:c1ccoc1,True,False,unresolved_with_missing_labels,6,0,0,,10,KCNH2;ADRB1;SLC6A3;CHRM1;CHRM3;DRD2;SLC6A2;SLC6A4;NR3C1;HRH1
source_representative,295,IAKHMKGGTNLKSZ-INIZCTEOSA-N,2,murcko:O=c1cccc2c(c1)CCCc1ccccc1-2,True,False,unresolved_with_missing_labels,1,0,0,,10,KCNH2;ADRB1;SLC6A3;CHRM1;CHRM3;DRD2;SLC6A2;SLC6A4;NR3C1;HRH1
source_representative,296,IAVUPMFITXYVAF-XPUUQOCRSA-N,3,murcko:O=S1(=O)CCCc2ccsc21,True,False,unresolved_with_missing_labels,6,0,0,,10,KCNH2;ADRB1;SLC6A3;CHRM1;CHRM3;DRD2;SLC6A2;SLC6A4;NR3C1;HRH1
source_representative,297,ICMGLRUYEQNHPF-UHFFFAOYSA-N,1,murcko:O=c1cc(NCCCN2CCN(c3ccccc3)CC2)[nH]c(=O)[nH]1,True,True,eligible_certified_maximum,0,0,1,ADRB1,1,ADRB1
source_representative,298,IDINUJSAMVOPCM-UHFFFAOYSA-N,0,acyclic:N=C(N)NCCCCCCC(=O)NC(O)C(=O)NCCCCNCCCN,True,False,unresolved_with_missing_labels,1,0,0,,10,KCNH2;ADRB1;SLC6A3;CHRM1;CHRM3;DRD2;SLC6A2;SLC6A4;NR3C1;HRH1
source_representative,299,IDKAXRLETRCXKS-UHFFFAOYSA-N,3,murcko:c1ccc(Oc2ccccc2)cc1,True,False,unresolved_interval_overlap,0,0,0,,10,KCNH2;ADRB1;SLC6A3;CHRM1;CHRM3;DRD2;SLC6A2;SLC6A4;NR3C1;HRH1
source_representative,300,IDYZIJYBMGIQMJ-UHFFFAOYSA-N,4,murcko:O=c1cc[nH]c2nc(N3CCNCC3)ccc12,True,False,unresolved_interval_overlap,0,0,0,,10,KCNH2;ADRB1;SLC6A3;CHRM1;CHRM3;DRD2;SLC6A2;SLC6A4;NR3C1;HRH1
source_representative,301,IECPWNUMDGFDKC-MZJAQBGESA-N,3,murcko:C=C1CCC2C3CC[C@H]4CCCCC4[C@@H]3CC[C@@H]12,True,False,unresolved_with_missing_labels,6,0,0,,10,KCNH2;ADRB1;SLC6A3;CHRM1;CHRM3;DRD2;SLC6A2;SLC6A4;NR3C1;HRH1
source_representative,302,IFKLAQQSCNILHL-QHAWAJNXSA-N,3,murcko:c1ccc2c(c1)C[C@@H]1C3CCCC[C@]23CCN1CC1CCC1,True,True,eligible_certified_maximum,0,0,1,KCNH2,1,KCNH2
source_representative,303,ILKJAFIWWBXGDU-MOGDOJJUSA-N,0,murcko:O=C1C=CC2C(=C1)CC[C@@H]1C2CCC2C3OC4(CCCC4)O[C@@H]3C[C@H]21,True,True,eligible_certified_maximum,0,0,1,NR3C1,1,NR3C1
source_representative,304,IMSSROKUHAOUJS-MJCUULBUSA-N,1,murcko:c1ccc2c(c1)CC[C@@H]1[C@@H]2CCC2CCC[C@H]21,True,True,eligible_certified_maximum,0,0,1,NR3C1,1,NR3C1
source_representative,305,IMWZZHHPURKASS-UHFFFAOYSA-N,3,murcko:O=C1NCC(COc2ccccc2)O1,True,False,unresolved_with_missing_labels,6,0,0,,7,ADRB1;CHRM1;CHRM3;DRD2;SLC6A2;NR3C1;HRH1
source_representative,306,IPEHBUMCGVEMRF-UHFFFAOYSA-N,0,murcko:c1cnccn1,True,False,unresolved_interval_overlap,0,0,0,,10,KCNH2;ADRB1;SLC6A3;CHRM1;CHRM3;DRD2;SLC6A2;SLC6A4;NR3C1;HRH1
source_representative,307,IPOBOOXFSRWSHL-UHFFFAOYSA-N,2,murcko:c1ccc(C2(c3ccccc3)CC2C2=NCCN2)cc1,True,False,unresolved_with_missing_labels,6,0,0,,10,KCNH2;ADRB1;SLC6A3;CHRM1;CHRM3;DRD2;SLC6A2;SLC6A4;NR3C1;HRH1
source_representative,308,IPVQLZZIHOAWMC-QXKUPLGCSA-N,2,murcko:C1CC[C@@H]2NCC[C@@H]2C1,True,False,unresolved_with_missing_labels,7,0,0,,10,KCNH2;ADRB1;SLC6A3;CHRM1;CHRM3;DRD2;SLC6A2;SLC6A4;NR3C1;HRH1
source_representative,309,IQPSEEYGBUAQFF-UHFFFAOYSA-N,3,murcko:O=S(Cc1ccccn1)c1nc2ccccc2[nH]1,False,False,excluded_native_score_incomplete,0,10,0,,10,KCNH2;ADRB1;SLC6A3;CHRM1;CHRM3;DRD2;SLC6A2;SLC6A4;NR3C1;HRH1
source_representative,310,IQVRBWUUXZMOPW-PKNBQFBNSA-N,4,murcko:O=c1[nH]c(=O)c2[nH]c(/C=C/c3ccccc3)nc2[nH]1,True,False,unresolved_with_missing_labels,2,0,0,,10,KCNH2;ADRB1;SLC6A3;CHRM1;CHRM3;DRD2;SLC6A2;SLC6A4;NR3C1;HRH1
source_representative,311,IRSCQMHQWWYFCW-UHFFFAOYSA-N,0,murcko:O=c1[nH]cnc2[nH]cnc12,True,False,unresolved_interval_overlap,0,0,0,,10,KCNH2;ADRB1;SLC6A3;CHRM1;CHRM3;DRD2;SLC6A2;SLC6A4;NR3C1;HRH1
source_representative,312,ISFHAYSTHMVOJR-UHFFFAOYSA-N,0,murcko:c1ccc(C2C3=C(CCNC3)c3ccccc32)cc1,True,True,eligible_certified_maximum,0,0,1,HRH1,1,HRH1
source_representative,313,ITRJWOMZKQRYTA-RFZYENFJSA-N,4,murcko:O=C1C=C2CC[C@H]3[C@@H]4CCCC4CC(=O)[C@@H]3C2CC1,True,False,unresolved_with_missing_labels,2,0,0,,10,KCNH2;ADRB1;SLC6A3;CHRM1;CHRM3;DRD2;SLC6A2;SLC6A4;NR3C1;HRH1
source_representative,314,IVTVGDXNLFLDRM-HNNXBMFYSA-N,1,murcko:O=c1[nH]cnc2ccc(CNc3cccs3)cc12,True,False,unresolved_interval_overlap,0,0,0,,10,KCNH2;ADRB1;SLC6A3;CHRM1;CHRM3;DRD2;SLC6A2;SLC6A4;NR3C1;HRH1
source_representative,315,IWUCXVSUMQZMFG-AFCXAGJDSA-N,3,murcko:c1ncn([C@H]2CCCO2)n1,True,False,unresolved_interval_overlap,0,0,0,,10,KCNH2;ADRB1;SLC6A3;CHRM1;CHRM3;DRD2;SLC6A2;SLC6A4;NR3C1;HRH1
source_representative,316,IWVRVEIKCBFZNF-UHFFFAOYSA-N,0,murcko:c1ccc2c(c1)c1c3n2CCNC3CCC1,True,False,unresolved_with_missing_labels,6,0,0,,7,ADRB1;CHRM1;CHRM3;DRD2;SLC6A4;NR3C1;HRH1
source_representative,317,IYIKLHRQXLHMJQ-UHFFFAOYSA-N,0,murcko:O=C(c1ccccc1)c1coc2ccccc12,True,True,eligible_certified_maximum,0,0,1,KCNH2,1,KCNH2
source_representative,318,JAPHQRWPEGVNBT-UTUOFQBUSA-N,3,murcko:O=C(Cc1ccccc1)N[C@@H]1C(=O)N2C=CCC[C@H]12,True,False,unresolved_with_missing_labels,7,0,0,,10,KCNH2;ADRB1;SLC6A3;CHRM1;CHRM3;DRD2;SLC6A2;SLC6A4;NR3C1;HRH1
source_representative,319,JAUOIFJMECXRGI-UHFFFAOYSA-N,0,murcko:c1ccc2c(c1)CCc1cccnc1C2=C1CCNCC1,True,True,eligible_certified_maximum,0,0,1,HRH1,1,HRH1
source_representative,320,JAZBEHYOTPTENJ-JLNKQSITSA-N,1,acyclic:CC/C=C\C/C=C\C/C=C\C/C=C\C/C=C\CCCC(=O)O,True,False,unresolved_with_missing_labels,6,0,0,,10,KCNH2;ADRB1;SLC6A3;CHRM1;CHRM3;DRD2;SLC6A2;SLC6A4;NR3C1;HRH1
source_representative,321,JBIWCJUYHHGXTC-AKNGSSGZSA-N,0,murcko:O=C1C2=CC3C(=O)C=CC[C@@H]3C[C@@H]2Cc2ccccc21,True,False,unresolved_interval_overlap,0,0,0,,10,KCNH2;ADRB1;SLC6A3;CHRM1;CHRM3;DRD2;SLC6A2;SLC6A4;NR3C1;HRH1
source_representative,322,JBMKAUGHUNFTOL-UHFFFAOYSA-N,0,murcko:O=S1(=O)NC=Nc2ccccc21,True,False,unresolved_interval_overlap,0,0,0,,10,KCNH2;ADRB1;SLC6A3;CHRM1;CHRM3;DRD2;SLC6A2;SLC6A4;NR3C1;HRH1
source_representative,323,JCCNYMKQOSZNPW-UHFFFAOYSA-N,0,murcko:c1ccc2c(c1)CCc1cccnc1C2=C1CCNCC1,True,True,eligible_certified_maximum,0,0,1,HRH1,1,HRH1
source_representative,324,JCLHQFUTFHUXNN-UHFFFAOYSA-N,1,murcko:O=c1oc2ccccc2cc1Cc1cc2ccccc2oc1=O,True,False,unresolved_with_missing_labels,6,0,0,,10,KCNH2;ADRB1;SLC6A3;CHRM1;CHRM3;DRD2;SLC6A2;SLC6A4;NR3C1;HRH1
source_representative,325,JCYZMTMYPZHVBF-UHFFFAOYSA-N,3,murcko:c1ncnc(Nc2ccc([As]3SCCS3)cc2)n1,False,False,excluded_native_score_incomplete,6,10,0,,8,KCNH2;ADRB1;SLC6A3;CHRM1;CHRM3;DRD2;NR3C1;HRH1
source_representative,326,JEECQCWWSTZDCK-IQZGDKDPSA-N,0,murcko:O=C1C2=CC3C(=O)C=CC[C@@H]3C[C@@H]2Cc2ccccc21,True,True,eligible_certified_maximum,0,0,1,CHRM1,1,CHRM1
source_representative,327,JENBDJGHNIOHAJ-UHFFFAOYSA-N,3,murcko:c1ccc2c(SC3=NCCN3)c[nH]c2c1,True,False,unresolved_with_missing_labels,6,0,0,,7,ADRB1;CHRM1;CHRM3;DRD2;SLC6A2;NR3C1;HRH1
source_representative,328,JFJZZMVDLULRGK-URLMMPGGSA-O,3,murcko:c1cc2cc(c1)Oc1ccc3c(c1)[C@H](Cc1ccc(cc1)Oc1cccc4c1[C@@H](C2)[NH2+]CC4)NCC3,False,False,excluded_native_score_incomplete,6,10,0,,10,KCNH2;ADRB1;SLC6A3;CHRM1;CHRM3;DRD2;SLC6A2;SLC6A4;NR3C1;HRH1
source_representative,329,JGMOKGBVKVMRFX-HQZYFCCVSA-N,3,murcko:O=C1C=C2C=C[C@H]3[C@@H]4CCCC4CC[C@H]3C2CC1,True,False,unresolved_with_missing_labels,7,0,0,,10,KCNH2;ADRB1;SLC6A3;CHRM1;CHRM3;DRD2;SLC6A2;SLC6A4;NR3C1;HRH1
source_representative,330,JICJBGPOMZQUBB-UHFFFAOYSA-N,0,murcko:O=S1(=O)Nc2ccccc2Cc2ccccc21,True,False,unresolved_interval_overlap,0,0,0,,10,KCNH2;ADRB1;SLC6A3;CHRM1;CHRM3;DRD2;SLC6A2;SLC6A4;NR3C1;HRH1
source_representative,331,JIVPVXMEBJLZRO-UHFFFAOYSA-N,3,murcko:O=C1NC(c2ccccc2)c2ccccc21,True,False,unresolved_with_missing_labels,1,0,0,,10,KCNH2;ADRB1;SLC6A3;CHRM1;CHRM3;DRD2;SLC6A2;SLC6A4;NR3C1;HRH1
source_representative,332,JJCFRYNCJDLXIK-UHFFFAOYSA-N,3,murcko:C1=Cc2ccccc2C(=C2CCNCC2)c2ccccc21,True,False,unresolved_with_missing_labels,6,0,0,,7,ADRB1;CHRM1;CHRM3;DRD2;SLC6A2;NR3C1;HRH1
source_representative,333,JKOQGQFVAUAYPM-UHFFFAOYSA-N,3,acyclic:NCCCNCCSP(=O)(O)O,True,False,unresolved_interval_overlap,0,0,0,,10,KCNH2;ADRB1;SLC6A3;CHRM1;CHRM3;DRD2;SLC6A2;SLC6A4;NR3C1;HRH1
source_representative,334,JLGKQTAYUIMGRK-UHFFFAOYSA-N,4,murcko:c1ccc(C(Cn2ccnc2)OCc2csc3ccccc23)cc1,True,False,unresolved_with_missing_labels,6,0,0,,7,KCNH2;ADRB1;CHRM1;CHRM3;DRD2;NR3C1;HRH1
source_representative,335,JLICHNCFTLFZJN-UHFFFAOYSA-N,4,murcko:c1ccc(C2CCCCNC2)cc1,True,False,unresolved_with_missing_labels,6,0,0,,7,ADRB1;CHRM1;CHRM3;DRD2;SLC6A4;NR3C1;HRH1
source_representative,336,JLPDBLFIVFSOCC-XYXFTTADSA-N,4,murcko:O=C1C=C([C@H]2CCC3C2CC[C@@H]2C4CC[C@H](O[C@H]5CCCCO5)C[C@H]4CC[C@@H]32)CO1,True,False,unresolved_with_missing_labels,5,0,0,,10,KCNH2;ADRB1;SLC6A3;CHRM1;CHRM3;DRD2;SLC6A2;SLC6A4;NR3C1;HRH1
source_representative,337,JMBQKKAJIKAWKF-UHFFFAOYSA-N,3,murcko:O=C1CCC(c2ccccc2)C(=O)N1,True,False,unresolved_interval_overlap,0,0,0,,10,KCNH2;ADRB1;SLC6A3;CHRM1;CHRM3;DRD2;SLC6A2;SLC6A4;NR3C1;HRH1
source_representative,338,JNTOCHDNEULJHD-UHFFFAOYSA-N,4,murcko:O=c1nc[nH]c2[nH]cnc12,True,False,unresolved_with_missing_labels,6,0,0,,10,KCNH2;ADRB1;SLC6A3;CHRM1;CHRM3;DRD2;SLC6A2;SLC6A4;NR3C1;HRH1
source_representative,339,JOAHPSVPXZTVEP-YXJHDRRASA-N,1,murcko:c1cc2c3c(c[nH]c3c1)C[C@H]1NCCC[C@H]21,True,True,eligible_certified_maximum,0,0,1,DRD2,1,DRD2
source_representative,340,JOFWLTCLBGQGBO-UHFFFAOYSA-N,2,murcko:c1ccc(C2=NCc3nncn3-c3ccccc32)cc1,True,False,unresolved_interval_overlap,0,0,0,,10,KCNH2;ADRB1;SLC6A3;CHRM1;CHRM3;DRD2;SLC6A2;SLC6A4;NR3C1;HRH1
source_representative,341,JOMHSQGEWSNUKU-UHFFFAOYSA-N,2,murcko:c1ccc2c(c1)Sc1ccccc1N2CCCN1CCCCC1,True,False,unresolved_with_missing_labels,6,0,0,,7,KCNH2;ADRB1;CHRM1;CHRM3;DRD2;NR3C1;HRH1
source_representative,342,JOOXLOJCABQBSG-UHFFFAOYSA-N,4,murcko:c1ccc(Nc2ccnc(Nc3ccc(OCCN4CCCC4)cc3)n2)cc1,True,True,eligible_certified_maximum,0,0,1,SLC6A3,1,SLC6A3
source_representative,343,JPAWFIIYTJQOKW-UHFFFAOYSA-N,0,murcko:O=c1ccc(-c2ccc3nccn3c2)c[nH]1,True,False,unresolved_with_missing_labels,6,0,0,,10,KCNH2;ADRB1;SLC6A3;CHRM1;CHRM3;DRD2;SLC6A2;SLC6A4;NR3C1;HRH1
source_representative,344,JQSAYKKFZOSZGJ-UHFFFAOYSA-N,0,murcko:c1ccc(CN2CCN(C(c3ccccc3)c3ccccc3)CC2)cc1,True,True,eligible_certified_maximum,0,0,1,KCNH2,1,KCNH2
source_representative,345,JQSHBVHOMNKWFT-DTORHVGOSA-N,2,murcko:c1cnc2cc3c(cc2n1)[C@@H]1CNC[C@H]3C1,True,False,unresolved_with_missing_labels,1,0,0,,10,KCNH2;ADRB1;SLC6A3;CHRM1;CHRM3;DRD2;SLC6A2;SLC6A4;NR3C1;HRH1
source_representative,346,JSDRRTOADPPCHY-HSQYWUDLSA-N,3,murcko:O=C(CNCCCc1ccccc1)N1CCc2ccccc2C1,True,False,unresolved_with_missing_labels,3,0,0,,10,KCNH2;ADRB1;SLC6A3;CHRM1;CHRM3;DRD2;SLC6A2;SLC6A4;NR3C1;HRH1
source_representative,347,JSDXOWVAHXDYCU-VXSYNFHWSA-N,2,murcko:O=C1C[C@H]2SCC(CSc3nnn[nH]3)=CN12,True,False,unresolved_with_missing_labels,6,0,0,,10,KCNH2;ADRB1;SLC6A3;CHRM1;CHRM3;DRD2;SLC6A2;SLC6A4;NR3C1;HRH1
source_representative,348,JSZILQVIPPROJI-UHFFFAOYSA-N,4,murcko:c1ccc2c(c1)CCN1CCCCC21,True,True,eligible_certified_maximum,0,0,1,DRD2,1,DRD2
source_representative,349,JTLXCMOFVBXEKD-FOWTUZBSSA-N,3,murcko:C(=CSSCC1CCCO1)NCc1cncnc1,True,False,unresolved_with_missing_labels,6,0,0,,10,KCNH2;ADRB1;SLC6A3;CHRM1;CHRM3;DRD2;SLC6A2;SLC6A4;NR3C1;HRH1
source_representative,350,JTWOMNBEOCYFNV-NFFDBFGFSA-N,3,murcko:O=C(N[C@@H]1C(=O)N2CCS[C@H]12)[C@H](NC(=O)N1CCNC1=O)c1ccccc1,True,False,unresolved_interval_overlap,0,0,0,,10,KCNH2;ADRB1;SLC6A3;CHRM1;CHRM3;DRD2;SLC6A2;SLC6A4;NR3C1;HRH1
source_representative,351,JURKNVYFZMSNLP-UHFFFAOYSA-N,3,murcko:C=C1c2ccccc2C=Cc2ccccc21,True,True,eligible_certified_maximum,0,0,1,SLC6A4,1,SLC6A4
source_representative,352,JUZNIMUFDBIJCM-ANEDZVCMSA-N,3,murcko:O=C(Nc1ccccc1)[C@@H]1C[C@H](SC2=CN3C(=O)C[C@H]3C2)CN1,True,False,unresolved_with_missing_labels,7,0,0,,10,KCNH2;ADRB1;SLC6A3;CHRM1;CHRM3;DRD2;SLC6A2;SLC6A4;NR3C1;HRH1
source_representative,353,JVHXJTBJCFBINQ-ADAARDCZSA-N,0,murcko:c1ccc(Cc2cccc([C@H]3CCCCO3)c2)cc1,True,False,unresolved_interval_overlap,0,0,0,,10,KCNH2;ADRB1;SLC6A3;CHRM1;CHRM3;DRD2;SLC6A2;SLC6A4;NR3C1;HRH1
source_representative,354,JWCSIUVGFCSJCK-CAVRMKNVSA-N,2,murcko:O=C(Cc1ccccc1)NC1C(=O)N2C=C(CSc3nnn[nH]3)CO[C@H]12,True,False,unresolved_with_missing_labels,6,0,0,,10,KCNH2;ADRB1;SLC6A3;CHRM1;CHRM3;DRD2;SLC6A2;SLC6A4;NR3C1;HRH1
source_representative,355,JWHAUXFOSRPERK-UHFFFAOYSA-N,1,murcko:O=C(CCc1ccccc1)c1ccccc1,True,True,eligible_certified_maximum,0,0,1,ADRB1,1,ADRB1
source_representative,356,JWNPDZNEKVCWMY-VQHVLOKHSA-N,0,murcko:c1ccc(COc2ccc(Nc3ccnc4ccccc34)cc2)nc1,True,False,unresolved_with_missing_labels,2,0,0,,3,CHRM3;DRD2;NR3C1
source_representative,357,JWPGJSVJDAJRLW-UHFFFAOYSA-N,2,murcko:c1ccc2c(c1)CCNC2,True,False,unresolved_with_missing_labels,6,0,0,,7,ADRB1;CHRM1;CHRM3;DRD2;SLC6A2;NR3C1;HRH1
source_representative,358,JYGLAHSAISAEAL-UHFFFAOYSA-N,4,murcko:O=C1c2ccccc2C(=O)C1C(=O)C(c1ccccc1)c1ccccc1,True,False,unresolved_with_missing_labels,6,0,0,,10,KCNH2;ADRB1;SLC6A3;CHRM1;CHRM3;DRD2;SLC6A2;SLC6A4;NR3C1;HRH1
source_representative,359,JYGXADMDTFJGBT-VWUMJDOOSA-N,3,murcko:O=C1C=C2CC[C@H]3[C@@H]4CCCC4CC[C@@H]3C2CC1,True,True,eligible_certified_maximum,0,0,1,NR3C1,1,NR3C1
source_representative,360,JYJTVFIEFKZWCJ-UHFFFAOYSA-N,3,murcko:O=c1ccn2c3c(c(N4CCCCC4)ccc13)CCC2,True,False,unresolved_interval_overlap,0,0,0,,10,KCNH2;ADRB1;SLC6A3;CHRM1;CHRM3;DRD2;SLC6A2;SLC6A4;NR3C1;HRH1
source_representative,361,JZFPYUNJRRFVQU-UHFFFAOYSA-N,2,murcko:c1ccc(Nc2ccccn2)cc1,True,False,unresolved_interval_overlap,0,0,0,,10,KCNH2;ADRB1;SLC6A3;CHRM1;CHRM3;DRD2;SLC6A2;SLC6A4;NR3C1;HRH1
source_representative,362,JZQKKSLKJUAGIC-UHFFFAOYSA-N,3,murcko:c1ccc2[nH]ccc2c1,True,True,eligible_certified_maximum,0,0,1,ADRB1,1,ADRB1
source_representative,363,JZRWCGZRTZMZEH-UHFFFAOYSA-N,0,murcko:c1ncc(C[n+]2ccsc2)cn1,True,False,unresolved_with_missing_labels,6,0,0,,10,KCNH2;ADRB1;SLC6A3;CHRM1;CHRM3;DRD2;SLC6A2;SLC6A4;NR3C1;HRH1
source_representative,364,JZUFKLXOESDKRF-UHFFFAOYSA-N,2,murcko:O=S1(=O)NCNc2ccccc21,True,False,unresolved_interval_overlap,0,0,0,,10,KCNH2;ADRB1;SLC6A3;CHRM1;CHRM3;DRD2;SLC6A2;SLC6A4;NR3C1;HRH1
source_representative,365,KAAZGXDPUNNEFN-UHFFFAOYSA-N,2,murcko:c1ccc2c(c1)N=C(N1CCNCC1)c1ccccc1S2,True,False,unresolved_with_missing_labels,2,0,0,,3,ADRB1;NR3C1;HRH1
source_representative,366,KASDHRXLYQOAKZ-XDSKOBMDSA-N,0,murcko:O=C1CC=CCCCC[C@@H]2CCCC(O2)C(=O)C(=O)N2CCCC[C@H]2C(=O)O[C@H](/C=C/C2CCCCC2)CCC1,True,False,unresolved_with_missing_labels,6,0,0,,10,KCNH2;ADRB1;SLC6A3;CHRM1;CHRM3;DRD2;SLC6A2;SLC6A4;NR3C1;HRH1
source_representative,367,KBAFPSLPKGSANY-UHFFFAOYSA-N,4,murcko:c1ccc2c(CCCC3CCCO3)cccc2c1,True,False,unresolved_with_missing_labels,6,0,0,,7,KCNH2;ADRB1;CHRM1;CHRM3;DRD2;NR3C1;HRH1
source_representative,368,KBZOIRJILGZLEJ-LGYYRGKSSA-N,2,murcko:O=C1CNC(=O)[C@H](Cc2ccccc2)NC(=O)[C@H](Cc2ccccc2)NC(=O)CCSSC[C@@H](C(=O)N2CCCC2)NC(=O)CN1,True,False,unresolved_with_missing_labels,6,0,0,,10,KCNH2;ADRB1;SLC6A3;CHRM1;CHRM3;DRD2;SLC6A2;SLC6A4;NR3C1;HRH1
source_representative,369,KCXVZYZYPLLWCC-UHFFFAOYSA-N,2,acyclic:O=C(O)CN(CCN(CC(=O)O)CC(=O)O)CC(=O)O,True,False,unresolved_interval_overlap,0,0,0,,10,KCNH2;ADRB1;SLC6A3;CHRM1;CHRM3;DRD2;SLC6A2;SLC6A4;NR3C1;HRH1
source_representative,370,KDGFLJKFZUIJMX-UHFFFAOYSA-N,3,murcko:O=C1c2ccc(N3CCC(N4CCOCC4)CC3)cc2Cc2[nH]c3ccccc3c21,True,False,unresolved_with_missing_labels,1,0,0,,2,SLC6A4;NR3C1
source_representative,371,KDYFGRWQOYBRFD-UHFFFAOYSA-N,1,acyclic:O=C(O)CCC(=O)O,True,False,unresolved_with_missing_labels,6,0,0,,10,KCNH2;ADRB1;SLC6A3;CHRM1;CHRM3;DRD2;SLC6A2;SLC6A4;NR3C1;HRH1
source_representative,372,KEJCWVGMRLCZQQ-YJBYXUATSA-N,1,murcko:N=C(C(=O)N[C@@H]1C(=O)N2C=CCS[C@H]12)c1ccco1,True,False,unresolved_with_missing_labels,10,0,0,,10,KCNH2;ADRB1;SLC6A3;CHRM1;CHRM3;DRD2;SLC6A2;SLC6A4;NR3C1;HRH1
source_representative,373,KGFYHTZWPPHNLQ-AWEZNQCLSA-N,4,murcko:O=C(NC[C@H]1CN(c2ccc(N3CCOCC3=O)cc2)C(=O)O1)c1cccs1,True,False,unresolved_with_missing_labels,2,0,0,,10,KCNH2;ADRB1;SLC6A3;CHRM1;CHRM3;DRD2;SLC6A2;SLC6A4;NR3C1;HRH1
source_representative,374,KHPKQFYUPIUARC-UHFFFAOYSA-N,2,murcko:c1ccc(Nc2ccccc2)cc1,True,False,unresolved_with_missing_labels,1,0,0,,10,KCNH2;ADRB1;SLC6A3;CHRM1;CHRM3;DRD2;SLC6A2;SLC6A4;NR3C1;HRH1
source_representative,375,KJADKKWYZYXHBB-XBWDGYHZSA-N,2,murcko:C1OC2OC[C@H]3OCO[C@H]3[C@@H]2O1,True,False,unresolved_with_missing_labels,1,0,0,,10,KCNH2;ADRB1;SLC6A3;CHRM1;CHRM3;DRD2;SLC6A2;SLC6A4;NR3C1;HRH1
source_representative,376,KJHKTHWMRKYKJE-SUGCFTRWSA-N,4,murcko:O=C(COc1ccccc1)N[C@H](CC[C@H](Cc1ccccc1)NC(=O)CN1CCCNC1=O)Cc1ccccc1,True,False,unresolved_interval_overlap,0,0,0,,10,KCNH2;ADRB1;SLC6A3;CHRM1;CHRM3;DRD2;SLC6A2;SLC6A4;NR3C1;HRH1
source_representative,377,KJONHKAYOJNZEC-UHFFFAOYSA-N,0,murcko:O=C1CN=C(c2ccccc2)c2ccccc2N1,True,False,unresolved_interval_overlap,0,0,0,,10,KCNH2;ADRB1;SLC6A3;CHRM1;CHRM3;DRD2;SLC6A2;SLC6A4;NR3C1;HRH1
source_representative,378,KKZJGLLVHKMTCM-UHFFFAOYSA-N,2,murcko:O=C1c2ccccc2C(=O)c2ccccc21,True,False,unresolved_interval_overlap,0,0,0,,5,ADRB1;CHRM1;DRD2;SLC6A2;HRH1
source_representative,379,KLBQZWRITKRQQV-UHFFFAOYSA-N,0,murcko:c1ccc2c(c1)Sc1ccccc1N2CCC1CCCCN1,True,True,eligible_certified_maximum,0,0,1,HRH1,1,HRH1
source_representative,380,KLPWJLBORRMFGK-UHFFFAOYSA-N,3,murcko:O=C1c2cc[nH]c2CCC1CN1CCOCC1,True,True,eligible_certified_maximum,0,0,1,DRD2,1,DRD2
source_representative,381,KLZWOWYOHUKJIG-BPUTZDHNSA-N,1,murcko:O=C(CNCCCc1ccccc1)N1CCNC1=O,True,False,unresolved_interval_overlap,0,0,0,,10,KCNH2;ADRB1;SLC6A3;CHRM1;CHRM3;DRD2;SLC6A2;SLC6A4;NR3C1;HRH1
source_representative,382,KMZQAVXSMUKBPD-DJWKRKHSSA-N,4,murcko:O=C(CS(=O)Cc1ccco1)NC/C=C\COc1cc(CN2CCCCC2)ccn1,False,False,excluded_native_score_incomplete,0,10,0,,10,KCNH2;ADRB1;SLC6A3;CHRM1;CHRM3;DRD2;SLC6A2;SLC6A4;NR3C1;HRH1
source_representative,383,KNAHARQHSZJURB-UHFFFAOYSA-N,1,murcko:O=c1cc[nH]c(=S)[nH]1,True,False,unresolved_interval_overlap,0,0,0,,10,KCNH2;ADRB1;SLC6A3;CHRM1;CHRM3;DRD2;SLC6A2;SLC6A4;NR3C1;HRH1
source_representative,384,KORNTPPJEAJQIU-KJXAQDMKSA-N,1,murcko:c1cc2c3c(c[nH]c3c1)C[C@H]1NCCC[C@H]21,True,True,eligible_certified_maximum,0,0,1,DRD2,1,DRD2
source_representative,385,KPSRODZRAIWAKH-UHFFFAOYSA-N,4,murcko:c1ccc(C2CC2)cc1,True,False,unresolved_interval_overlap,0,0,0,,10,KCNH2;ADRB1;SLC6A3;CHRM1;CHRM3;DRD2;SLC6A2;SLC6A4;NR3C1;HRH1
source_representative,386,KPWSJANDNDDRMB-QAQDUYKDSA-N,1,murcko:c1ccc(N2CCN(CCC3CCCCC3)CC2)cc1,True,False,unresolved_with_missing_labels,6,0,0,,7,KCNH2;ADRB1;CHRM1;CHRM3;DRD2;NR3C1;HRH1
source_representative,387,KQKPFRSPSRPDEB-UHFFFAOYSA-N,3,murcko:c1ccc2[nH]ccc2c1,True,False,unresolved_interval_overlap,0,0,0,,10,KCNH2;ADRB1;SLC6A3;CHRM1;CHRM3;DRD2;SLC6A2;SLC6A4;NR3C1;HRH1
source_representative,388,KRKNYBCHXYNGOX-UHFFFAOYSA-N,0,acyclic:O=C(O)CC(O)(CC(=O)O)C(=O)O,True,False,unresolved_with_missing_labels,7,0,0,,10,KCNH2;ADRB1;SLC6A3;CHRM1;CHRM3;DRD2;SLC6A2;SLC6A4;NR3C1;HRH1
source_representative,389,KSCFJBIXMNOVSH-UHFFFAOYSA-N,1,murcko:O=c1[nH]c(=O)c2[nH]cnc2[nH]1,True,False,unresolved_with_missing_labels,6,0,0,,10,KCNH2;ADRB1;SLC6A3;CHRM1;CHRM3;DRD2;SLC6A2;SLC6A4;NR3C1;HRH1
source_representative,390,KSGXQBZTULBEEQ-UHFFFAOYSA-N,3,murcko:O=C(Nc1ccccn1)c1ccc2[nH]c(CNc3ccccc3)nc2c1,True,False,unresolved_with_missing_labels,10,0,0,,10,KCNH2;ADRB1;SLC6A3;CHRM1;CHRM3;DRD2;SLC6A2;SLC6A4;NR3C1;HRH1
source_representative,391,KUCQYCKVKVOKAY-CTYIDZIISA-N,2,murcko:O=C1C=C([C@H]2CC[C@H](c3ccccc3)CC2)C(=O)c2ccccc21,True,False,unresolved_interval_overlap,0,0,0,,10,KCNH2;ADRB1;SLC6A3;CHRM1;CHRM3;DRD2;SLC6A2;SLC6A4;NR3C1;HRH1
source_representative,392,KVWDHTXUZHCGIO-UHFFFAOYSA-N,2,murcko:c1ccc2c(c1)N=C(N1CCNCC1)c1ccsc1N2,True,True,eligible_certified_maximum,0,0,1,HRH1,1,HRH1
source_representative,393,KXGCNMMJRFDFNR-WDRJZQOASA-N,3,murcko:O=C1CNC(=O)[C@@H]2CSSC[C@@H]3NC(=O)CCSSC[C@H](NC(=O)[C@H](CSSC[C@@H](C(=O)NCCc4ccccc4)NC(=O)CN1)NC(=O)[C@H](Cc1ccccc1)NC(=O)CNC3=O)C(=O)NCC(=O)N1CCC[C@H]1C(=O)NCC(=O)N2,False,False,excluded_native_score_incomplete,5,10,0,,6,KCNH2;ADRB1;SLC6A3;CHRM3;SLC6A4;NR3C1
source_representative,394,KYGZCKSPAKDVKC-UHFFFAOYSA-N,2,murcko:O=c1cc[nH]c2cc3c(cc12)OCO3,True,False,unresolved_with_missing_labels,6,0,0,,10,KCNH2;ADRB1;SLC6A3;CHRM1;CHRM3;DRD2;SLC6A2;SLC6A4;NR3C1;HRH1
source_representative,395,KYHFRCPLIGODFH-UHFFFAOYSA-N,4,murcko:O=C(c1ccccc1)c1ccccc1-n1cncn1,True,False,unresolved_with_missing_labels,7,0,0,,10,KCNH2;ADRB1;SLC6A3;CHRM1;CHRM3;DRD2;SLC6A2;SLC6A4;NR3C1;HRH1
source_representative,396,KYHQZNGJUGFTGR-UHFFFAOYSA-N,1,murcko:O=c1[nH]c(=O)c2[nH]cnc2[nH]1,True,False,unresolved_with_missing_labels,7,0,0,,10,KCNH2;ADRB1;SLC6A3;CHRM1;CHRM3;DRD2;SLC6A2;SLC6A4;NR3C1;HRH1
source_representative,397,LBHLFPGPEGDCJG-UHFFFAOYSA-N,2,murcko:c1ccc(Oc2cccc3ncccc23)cc1,True,False,unresolved_with_missing_labels,7,0,0,,8,KCNH2;ADRB1;CHRM1;CHRM3;DRD2;SLC6A2;NR3C1;HRH1
source_representative,398,LBXHRAWDUMTPSE-AOOOYVTPSA-N,0,murcko:O=C(NN1CCCCC1)c1ccccc1,True,False,unresolved_interval_overlap,0,0,0,,10,KCNH2;ADRB1;SLC6A3;CHRM1;CHRM3;DRD2;SLC6A2;SLC6A4;NR3C1;HRH1
source_representative,399,LDCRTTXIJACKKU-ONEGZZNKSA-N,1,acyclic:COC(=O)/C=C/C(=O)OC,True,False,unresolved_with_missing_labels,1,0,0,,10,KCNH2;ADRB1;SLC6A3;CHRM1;CHRM3;DRD2;SLC6A2;SLC6A4;NR3C1;HRH1
source_representative,400,LDMWSLGGVTVJPG-UHFFFAOYSA-N,4,murcko:c1ccc(-c2ccc(NCCN3CCOCC3)nn2)cc1,True,True,eligible_certified_maximum,0,0,1,KCNH2,1,KCNH2
source_representative,401,LDXDSHIEDAPSSA-OAHLLOKOSA-N,4,murcko:O=S(=O)(N[C@@H]1CCc2[nH]c3ccccc3c2C1)c1ccccc1,True,False,unresolved_interval_overlap,0,0,0,,10,KCNH2;ADRB1;SLC6A3;CHRM1;CHRM3;DRD2;SLC6A2;SLC6A4;NR3C1;HRH1
source_representative,402,LDXSPUSKBDTEKA-UHFFFAOYSA-N,2,murcko:O=C(OCCN1CCOCC1)c1cccnc1Nc1ccccc1,True,True,eligible_certified_maximum,0,0,1,KCNH2,1,KCNH2
source_representative,403,LEZWWPYKPKIXLL-UHFFFAOYSA-N,2,murcko:c1ccc(COC(Cn2ccnc2)c2ccccc2)cc1,True,True,eligible_certified_maximum,0,0,1,SLC6A4,1,SLC6A4
source_representative,404,LGLFFNDHMLKUMI-UHFFFAOYSA-N,1,murcko:[N+]=C1C=CC(=C(c2ccccc2)c2ccccc2)C=C1,True,False,unresolved_with_missing_labels,6,0,0,,7,KCNH2;ADRB1;CHRM1;CHRM3;DRD2;NR3C1;HRH1
source_representative,405,LJVAJPDWBABPEJ-PNUFFHFMSA-N,0,murcko:O=C1CC(=O)OCC2OC(=O)N(CCCCn3cnc(-c4cccnc4)c3)[C@@H]2CC(=O)CCC[C@H](O[C@H]2CCCCO2)C1,True,False,unresolved_with_missing_labels,6,0,0,,10,KCNH2;ADRB1;SLC6A3;CHRM1;CHRM3;DRD2;SLC6A2;SLC6A4;NR3C1;HRH1
source_representative,406,LKCWBDHBTVXHDL-RMDFUYIESA-N,4,murcko:C1CC[C@@H](O[C@@H]2CCC[C@H](O[C@@H]3CCCCO3)C2)OC1,True,False,unresolved_interval_overlap,0,0,0,,10,KCNH2;ADRB1;SLC6A3;CHRM1;CHRM3;DRD2;SLC6A2;SLC6A4;NR3C1;HRH1
source_representative,407,LKDRXBCSQODPBY-VRPWFDPXSA-N,1,murcko:C1CCOCC1,True,False,unresolved_with_missing_labels,6,0,0,,10,KCNH2;ADRB1;SLC6A3;CHRM1;CHRM3;DRD2;SLC6A2;SLC6A4;NR3C1;HRH1
source_representative,408,LKJPYSCBVHEWIU-UHFFFAOYSA-N,0,murcko:O=C(CCS(=O)(=O)c1ccccc1)Nc1ccccc1,True,False,unresolved_with_missing_labels,1,0,0,,10,KCNH2;ADRB1;SLC6A3;CHRM1;CHRM3;DRD2;SLC6A2;SLC6A4;NR3C1;HRH1
source_representative,409,LMBWSYZSUOEYSN-UHFFFAOYSA-N,2,acyclic:CCN(CC)C(=S)S,True,False,unresolved_with_missing_labels,7,0,0,,10,KCNH2;ADRB1;SLC6A3;CHRM1;CHRM3;DRD2;SLC6A2;SLC6A4;NR3C1;HRH1
source_representative,410,LMEKQMALGUDUQG-UHFFFAOYSA-N,2,murcko:c1nc(Sc2cnc[nH]2)c2[nH]cnc2n1,True,False,unresolved_interval_overlap,0,0,0,,5,ADRB1;CHRM1;DRD2;SLC6A4;HRH1
source_representative,411,LMJSLTNSBFUCMU-UHFFFAOYSA-N,2,murcko:O=S1(=O)NCNc2ccccc21,True,False,unresolved_with_missing_labels,7,0,0,,10,KCNH2;ADRB1;SLC6A3;CHRM1;CHRM3;DRD2;SLC6A2;SLC6A4;NR3C1;HRH1
source_representative,412,LNEPOXFFQSENCJ-UHFFFAOYSA-N,3,murcko:O=C(CCCN1CCC(c2ccccc2)CC1)c1ccccc1,True,True,eligible_certified_maximum,0,0,1,DRD2,1,DRD2
source_representative,413,LNPDTQAFDNKSHK-UHFFFAOYSA-N,0,murcko:c1ccc(-c2conc2-c2ccccc2)cc1,True,True,eligible_certified_maximum,0,0,1,SLC6A2,1,SLC6A2
source_representative,414,LORDFXWUHHSAQU-UHFFFAOYSA-N,2,murcko:O=C(OCCc1ccccc1)c1ccccc1,True,True,eligible_certified_maximum,0,0,1,SLC6A4,1,SLC6A4
source_representative,415,LOVMMUBRQUFEAH-UIEAZXIASA-N,0,murcko:c1ccc(CCCCCC2CCCC2)cc1,True,False,unresolved_with_missing_labels,7,0,0,,10,KCNH2;ADRB1;SLC6A3;CHRM1;CHRM3;DRD2;SLC6A2;SLC6A4;NR3C1;HRH1
source_representative,416,LPEPZBJOKDYZAD-UHFFFAOYSA-N,2,murcko:c1ccc(Nc2ccccc2)cc1,True,False,unresolved_with_missing_labels,1,0,0,,2,DRD2;HRH1
source_representative,417,LQBVNQSMGBZMKD-UHFFFAOYSA-N,1,murcko:O=C(NS(=O)(=O)c1ccc(NCC2CCOCC2)cc1)c1ccc(N2CCN(CC3=C(c4ccccc4)CCCC3)CC2)cc1Oc1cnc2[nH]ccc2c1,True,False,unresolved_with_missing_labels,4,0,0,,5,ADRB1;CHRM3;DRD2;SLC6A2;NR3C1
source_representative,418,LQCLVBQBTUVCEQ-QTFUVMRISA-N,1,murcko:O=C1C[C@@H](O[C@H]2CCCCO2)C[C@@H](O[C@H]2CCCCO2)CC[C@@]2(CO2)C(=O)CCCCO1,True,False,unresolved_interval_overlap,0,0,0,,10,KCNH2;ADRB1;SLC6A3;CHRM1;CHRM3;DRD2;SLC6A2;SLC6A4;NR3C1;HRH1
source_representative,419,LREQLEBVOXIEOM-UHFFFAOYSA-N,4,acyclic:CC(N)CCCC(C)(C)O,True,False,unresolved_with_missing_labels,7,0,0,,10,KCNH2;ADRB1;SLC6A3;CHRM1;CHRM3;DRD2;SLC6A2;SLC6A4;NR3C1;HRH1
source_representative,420,LSLYOANBFKQKPT-UHFFFAOYSA-N,3,murcko:c1ccc(CCNCCc2ccccc2)cc1,True,True,eligible_certified_maximum,0,0,1,SLC6A4,1,SLC6A4
source_representative,421,LTINZAODLRIQIX-FBXRGJNPSA-N,4,murcko:N=C(C(=O)N[C@@H]1C(=O)N2C=CCS[C@H]12)c1cscn1,True,False,unresolved_with_missing_labels,10,0,0,,10,KCNH2;ADRB1;SLC6A3;CHRM1;CHRM3;DRD2;SLC6A2;SLC6A4;NR3C1;HRH1
source_representative,422,LTMHDMANZUZIPE-PUGKRICDSA-N,2,murcko:O=C1C=C([C@H]2CCC3C2CC[C@@H]2C4CC[C@H](O[C@H]5CC[C@H](O[C@H]6CC[C@H](O[C@H]7CCCCO7)CO6)CO5)C[C@H]4CC[C@@H]32)CO1,True,False,unresolved_with_missing_labels,5,0,0,,10,KCNH2;ADRB1;SLC6A3;CHRM1;CHRM3;DRD2;SLC6A2;SLC6A4;NR3C1;HRH1
source_representative,423,LTXREWYXXSTFRX-QGZVFWFLSA-N,3,murcko:O=c1[nH]c2nc(N3CCCCC3)[nH]c2c(=O)n1Cc1ncc2ccccc2n1,True,True,eligible_certified_maximum,0,0,1,CHRM3,1,CHRM3
source_representative,424,LUALIOATIOESLM-UHFFFAOYSA-N,2,murcko:c1ccc2c(c1)Sc1ccccc1N2CCCN1CCCCC1,True,False,unresolved_with_missing_labels,6,0,0,,7,ADRB1;SLC6A3;CHRM1;CHRM3;DRD2;NR3C1;HRH1
source_representative,425,LUZRJRNZXALNLM-JGRZULCMSA-N,4,murcko:O=C(NC1OC2[C@@H]3CCCN3C(=O)[C@H](Cc3ccccc3)N2C1=O)[C@H]1CN[C@@H]2Cc3c[nH]c4cccc(c34)[C@H]2C1,True,True,eligible_certified_maximum,0,0,1,DRD2,1,DRD2
source_representative,426,LWQQLNNNIPYSNX-UROSTWAQSA-N,2,murcko:C=C1CCCC/C1=C/C=C1\CCCC2[C@@H](C/C=C/CC3CC3)CC[C@@H]12,True,True,eligible_certified_maximum,0,0,1,SLC6A4,1,SLC6A4
source_representative,427,LZFZMUMEGBBDTC-QEJZJMRPSA-N,1,murcko:O=C(CNCCCc1ccccc1)N1CCCC1,True,False,unresolved_interval_overlap,0,0,0,,10,KCNH2;ADRB1;SLC6A3;CHRM1;CHRM3;DRD2;SLC6A2;SLC6A4;NR3C1;HRH1
source_representative,428,LZNWYQJJBLGYLT-UHFFFAOYSA-N,3,murcko:O=C(Nc1ccccn1)C1=Cc2sccc2S(=O)(=O)N1,True,False,unresolved_with_missing_labels,1,0,0,,10,KCNH2;ADRB1;SLC6A3;CHRM1;CHRM3;DRD2;SLC6A2;SLC6A4;NR3C1;HRH1
source_representative,429,MADRVGBADLFHMO-UHFFFAOYSA-N,2,murcko:C1=Cc2cccc(OCC3CNCCO3)c2C1,True,True,eligible_certified_maximum,0,0,1,SLC6A4,1,SLC6A4
source_representative,430,MAEIEVLCKWDQJH-UHFFFAOYSA-N,3,murcko:c1ccc(Oc2ccccc2)cc1,True,False,unresolved_interval_overlap,0,0,0,,10,KCNH2;ADRB1;SLC6A3;CHRM1;CHRM3;DRD2;SLC6A2;SLC6A4;NR3C1;HRH1
source_representative,431,MBGGBVCUIVRRBF-UHFFFAOYSA-N,1,murcko:O=C1C(CCS(=O)c2ccccc2)C(=O)N(c2ccccc2)N1c1ccccc1,False,False,excluded_native_score_incomplete,0,10,0,,10,KCNH2;ADRB1;SLC6A3;CHRM1;CHRM3;DRD2;SLC6A2;SLC6A4;NR3C1;HRH1
source_representative,432,MBUVEWMHONZEQD-UHFFFAOYSA-N,4,murcko:O=c1c2ccccc2c(Cc2ccccc2)nn1C1CCCNCC1,True,False,unresolved_with_missing_labels,1,0,0,,2,NR3C1;HRH1
source_representative,433,MCGSCOLBFJQGHM-SCZZXKLOSA-N,0,murcko:C1=C[C@H](n2cnc3c(NC4CC4)ncnc32)CC1,True,False,unresolved_interval_overlap,0,0,0,,10,KCNH2;ADRB1;SLC6A3;CHRM1;CHRM3;DRD2;SLC6A2;SLC6A4;NR3C1;HRH1
source_representative,434,MDJFHRLTPRPZLY-UHFFFAOYSA-N,4,murcko:c1cn(CCN2CCOCC2)cn1,True,False,unresolved_with_missing_labels,7,0,0,,10,KCNH2;ADRB1;SLC6A3;CHRM1;CHRM3;DRD2;SLC6A2;SLC6A4;NR3C1;HRH1
source_representative,435,MDKGKXOCJGEUJW-UHFFFAOYSA-N,4,murcko:O=C(c1ccccc1)c1cccs1,True,False,unresolved_interval_overlap,0,0,0,,10,KCNH2;ADRB1;SLC6A3;CHRM1;CHRM3;DRD2;SLC6A2;SLC6A4;NR3C1;HRH1
source_representative,436,MDSQOJYHHZBZKA-GBXCKJPGSA-N,1,murcko:c1ccc(-c2cc(OCc3ccccc3-n3cccn3)ncn2)cc1,True,False,unresolved_with_missing_labels,10,0,0,,10,KCNH2;ADRB1;SLC6A3;CHRM1;CHRM3;DRD2;SLC6A2;SLC6A4;NR3C1;HRH1
source_representative,437,MECHNRXZTMCUDQ-RKHKHRCZSA-N,1,murcko:C=C1CCCC/C1=C/C=C1\CCCC2CCC[C@@H]12,True,False,unresolved_with_missing_labels,7,0,0,,10,KCNH2;ADRB1;SLC6A3;CHRM1;CHRM3;DRD2;SLC6A2;SLC6A4;NR3C1;HRH1
source_representative,438,MEZZCSHVIGVWFI-UHFFFAOYSA-N,4,murcko:O=C(c1ccccc1)c1ccccc1,True,False,unresolved_with_missing_labels,6,0,0,,7,ADRB1;CHRM1;CHRM3;DRD2;SLC6A2;NR3C1;HRH1
source_representative,439,MFFMDFFZMYYVKS-SECBINFHSA-N,4,murcko:O=C(CCCc1ccccc1)N1CCn2cnnc2C1,True,False,unresolved_with_missing_labels,1,0,0,,10,KCNH2;ADRB1;SLC6A3;CHRM1;CHRM3;DRD2;SLC6A2;SLC6A4;NR3C1;HRH1
source_representative,440,MFZWMTSUNYWVBU-UHFFFAOYSA-N,2,murcko:O=c1c2ccccc2sc2ccccc12,True,False,unresolved_with_missing_labels,6,0,0,,7,KCNH2;ADRB1;CHRM1;CHRM3;DRD2;NR3C1;HRH1
source_representative,441,MHIGBKBJSQVXNH-IWVLMIASSA-N,2,murcko:C=C1c2ccccc2C(=O)C2=CC3C(=O)C=CC[C@@H]3C[C@H]12,True,False,unresolved_interval_overlap,0,0,0,,10,KCNH2;ADRB1;SLC6A3;CHRM1;CHRM3;DRD2;SLC6A2;SLC6A4;NR3C1;HRH1
source_representative,442,MHWLWQUZZRMNGJ-UHFFFAOYSA-N,4,murcko:O=c1cc[nH]c2ncccc12,True,False,unresolved_with_missing_labels,6,0,0,,10,KCNH2;ADRB1;SLC6A3;CHRM1;CHRM3;DRD2;SLC6A2;SLC6A4;NR3C1;HRH1
source_representative,443,MIQPIUSUKVNLNT-UHFFFAOYSA-N,4,murcko:O=C(c1ccccc1)c1ccccc1,True,True,eligible_certified_maximum,0,0,1,SLC6A3,1,SLC6A3
source_representative,444,MJIHNNLFOKEZEW-UHFFFAOYSA-N,3,murcko:O=S(Cc1ccccn1)c1nc2ccccc2[nH]1,False,False,excluded_native_score_incomplete,0,10,0,,10,KCNH2;ADRB1;SLC6A3;CHRM1;CHRM3;DRD2;SLC6A2;SLC6A4;NR3C1;HRH1
source_representative,445,MKUXAQIIEYXACX-UHFFFAOYSA-N,0,murcko:O=c1[nH]cnc2[nH]cnc12,True,False,unresolved_with_missing_labels,1,0,0,,10,KCNH2;ADRB1;SLC6A3;CHRM1;CHRM3;DRD2;SLC6A2;SLC6A4;NR3C1;HRH1
source_representative,446,MLDQJTXFUGDVEO-UHFFFAOYSA-N,1,murcko:O=C(Nc1ccccc1)Nc1ccc(Oc2ccncc2)cc1,True,True,eligible_certified_maximum,0,0,1,SLC6A3,1,SLC6A3
source_representative,447,MLYYVTUWGNIJIB-BXKDBHETSA-N,4,murcko:O=C(Cn1cnnn1)N[C@@H]1C(=O)N2C=C(CSc3nncs3)CS[C@H]12,True,False,unresolved_interval_overlap,0,0,0,,10,KCNH2;ADRB1;SLC6A3;CHRM1;CHRM3;DRD2;SLC6A2;SLC6A4;NR3C1;HRH1
source_representative,448,MNDBXUUTURYVHR-UHFFFAOYSA-N,2,murcko:O=C(Nc1ccncc1)c1cccc(OCC2CC2)c1,True,False,unresolved_interval_overlap,0,0,0,,10,KCNH2;ADRB1;SLC6A3;CHRM1;CHRM3;DRD2;SLC6A2;SLC6A4;NR3C1;HRH1
source_representative,449,MNIPYSSQXLZQLJ-UHFFFAOYSA-N,2,murcko:c1ccc(Nc2ccccc2)cc1,True,False,unresolved_interval_overlap,0,0,0,,10,KCNH2;ADRB1;SLC6A3;CHRM1;CHRM3;DRD2;SLC6A2;SLC6A4;NR3C1;HRH1
source_representative,450,MNJVRJDLRVPLFE-UHFFFAOYSA-N,3,murcko:c1ccc(-c2cccnc2-c2cccnc2)cc1,True,False,unresolved_interval_overlap,0,0,0,,10,KCNH2;ADRB1;SLC6A3;CHRM1;CHRM3;DRD2;SLC6A2;SLC6A4;NR3C1;HRH1
source_representative,451,MOYGZHXDRJNJEP-UHFFFAOYSA-N,0,murcko:c1ccc(CN2CCN(C(c3ccccc3)c3ccccc3)CC2)cc1,True,True,eligible_certified_maximum,0,0,1,KCNH2,1,KCNH2
source_representative,452,MQOBSOSZFYZQOK-UHFFFAOYSA-N,4,murcko:O=C(c1ccccc1)c1ccccc1,True,False,unresolved_with_missing_labels,6,0,0,,10,KCNH2;ADRB1;SLC6A3;CHRM1;CHRM3;DRD2;SLC6A2;SLC6A4;NR3C1;HRH1
source_representative,453,MQQNFDZXWVTQEH-UHFFFAOYSA-N,1,murcko:O=C(Oc1ccc2ccccc2c1)c1ccccc1,True,False,unresolved_with_missing_labels,1,0,0,,2,SLC6A3;SLC6A2
source_representative,454,MQTOSJVFKKJCRP-BICOPXKESA-N,4,murcko:O=C1C[C@@H](O[C@H]2CCCCO2)C[C@@H](O[C@H]2CCCCO2)CCCCNCCCCO1,True,False,unresolved_interval_overlap,0,0,0,,10,KCNH2;ADRB1;SLC6A3;CHRM1;CHRM3;DRD2;SLC6A2;SLC6A4;NR3C1;HRH1
source_representative,455,MRBDMNSDAVCSSF-UHFFFAOYSA-N,1,murcko:c1ccc(N(CC2=NCCN2)c2ccccc2)cc1,True,True,eligible_certified_maximum,0,0,1,KCNH2,1,KCNH2
source_representative,456,MSPRUJDUTKRMLM-UHFFFAOYSA-N,2,murcko:O=c1[nH]c2ccccc2nc1Cc1ccccc1,True,True,eligible_certified_maximum,0,0,1,KCNH2,1,KCNH2
source_representative,457,MTCFGRXMJLQNBG-REOHCLBHSA-N,0,acyclic:N[C@@H](CO)C(=O)O,True,False,unresolved_with_missing_labels,6,0,0,,10,KCNH2;ADRB1;SLC6A3;CHRM1;CHRM3;DRD2;SLC6A2;SLC6A4;NR3C1;HRH1
source_representative,458,MTCUAOILFDZKCO-UHFFFAOYSA-N,4,acyclic:C[N+](C)(C)CCCCCCCCCC[N+](C)(C)C,True,False,unresolved_with_missing_labels,6,0,0,,10,KCNH2;ADRB1;SLC6A3;CHRM1;CHRM3;DRD2;SLC6A2;SLC6A4;NR3C1;HRH1
source_representative,459,MTZBBNMLMNBNJL-UHFFFAOYSA-N,4,murcko:O=C(Nc1ccccc1)c1ccccc1,True,False,unresolved_with_missing_labels,6,0,0,,10,KCNH2;ADRB1;SLC6A3;CHRM1;CHRM3;DRD2;SLC6A2;SLC6A4;NR3C1;HRH1
source_representative,460,MUMGGOZAMZWBJJ-DYKIIFRCSA-N,3,murcko:O=C1C=C2CC[C@H]3[C@@H]4CCCC4CC[C@@H]3C2CC1,True,True,eligible_certified_maximum,0,0,1,NR3C1,1,NR3C1
source_representative,461,MWLSOWXNZPKENC-UHFFFAOYSA-N,3,murcko:c1ccc2sccc2c1,True,False,unresolved_interval_overlap,0,0,0,,10,KCNH2;ADRB1;SLC6A3;CHRM1;CHRM3;DRD2;SLC6A2;SLC6A4;NR3C1;HRH1
source_representative,462,MYSWGUAQZAJSOK-UHFFFAOYSA-N,4,murcko:O=c1ccn(C2CC2)c2cc(N3CCNCC3)ccc12,True,False,unresolved_with_missing_labels,1,0,0,,10,KCNH2;ADRB1;SLC6A3;CHRM1;CHRM3;DRD2;SLC6A2;SLC6A4;NR3C1;HRH1
source_representative,463,NCDNCNXCDXHOMX-XGKFQTDJSA-N,4,murcko:O=C(CNC(=O)NCc1cscn1)N[C@H](CC[C@H](Cc1ccccc1)NC(=O)OCc1cncs1)Cc1ccccc1,True,False,unresolved_interval_overlap,0,0,0,,10,KCNH2;ADRB1;SLC6A3;CHRM1;CHRM3;DRD2;SLC6A2;SLC6A4;NR3C1;HRH1
source_representative,464,NCLGDOBQAWBXRA-PGRDOPGGSA-N,1,murcko:c1ccc(-c2cc(OCc3ccccc3-n3cccn3)ncn2)cc1,True,True,eligible_certified_maximum,0,0,1,SLC6A2,1,SLC6A2
source_representative,465,NDCUAPJVLWFHHB-UHNVWZDZSA-N,0,murcko:O=C1N[C@@H]2CCCN1C2,True,False,unresolved_with_missing_labels,6,0,0,,10,KCNH2;ADRB1;SLC6A3;CHRM1;CHRM3;DRD2;SLC6A2;SLC6A4;NR3C1;HRH1
source_representative,466,NEYNJQRKHLUJRU-DZUOILHNSA-N,0,murcko:O=C(CCc1c[nH]c2ccccc12)NCC(=O)NCC(=O)NCCc1ccccc1,True,False,unresolved_interval_overlap,0,0,0,,10,KCNH2;ADRB1;SLC6A3;CHRM1;CHRM3;DRD2;SLC6A2;SLC6A4;NR3C1;HRH1
source_representative,467,NFLWUMRGJYTJIN-PNIOQBSNSA-N,2,murcko:O=C1CNC(=O)[C@H](Cc2ccccc2)NC(=O)[C@H](Cc2ccccc2)NC(=O)CCSSC[C@@H](C(=O)N2CCCC2)NC(=O)CN1,True,False,unresolved_with_missing_labels,6,0,0,,10,KCNH2;ADRB1;SLC6A3;CHRM1;CHRM3;DRD2;SLC6A2;SLC6A4;NR3C1;HRH1
source_representative,468,NGOGFTYYXHNFQH-UHFFFAOYSA-N,1,murcko:O=S(=O)(c1cccc2cnccc12)N1CCCNCC1,True,True,eligible_certified_maximum,0,0,1,SLC6A4,1,SLC6A4
source_representative,469,NHUHCSRWZMLRLA-UHFFFAOYSA-N,3,murcko:O=S(=O)(Nc1ccno1)c1ccccc1,True,False,unresolved_interval_overlap,0,0,0,,10,KCNH2;ADRB1;SLC6A3;CHRM1;CHRM3;DRD2;SLC6A2;SLC6A4;NR3C1;HRH1
source_representative,470,NIJJYAXOARWZEE-UHFFFAOYSA-N,3,acyclic:CCCC(CCC)C(=O)O,True,True,eligible_certified_maximum,0,0,1,HRH1,1,HRH1
source_representative,471,NJCJBUHJQLFDSW-UHFFFAOYSA-N,1,murcko:O=c1ccn2c3c(c(N4CCNCC4)ccc13)SCC2,True,False,unresolved_with_missing_labels,1,0,0,,10,KCNH2;ADRB1;SLC6A3;CHRM1;CHRM3;DRD2;SLC6A2;SLC6A4;NR3C1;HRH1
source_representative,472,NMKSAYKQLCHXDK-UHFFFAOYSA-N,0,murcko:c1ccc(CNCCC(c2ccccc2)c2ccccc2)cc1,True,False,unresolved_with_missing_labels,6,0,0,,7,KCNH2;ADRB1;CHRM1;CHRM3;DRD2;NR3C1;HRH1
source_representative,473,NMTBSNPBIGRZBL-UHFFFAOYSA-N,0,murcko:c1ccc(-n2ccnc2)cc1,True,False,unresolved_with_missing_labels,1,0,0,,10,KCNH2;ADRB1;SLC6A3;CHRM1;CHRM3;DRD2;SLC6A2;SLC6A4;NR3C1;HRH1
source_representative,474,NMUSYJAQQFHJEW-KVTDHHQDSA-N,0,murcko:O=c1ncncn1[C@H]1CCCO1,True,False,unresolved_interval_overlap,0,0,0,,10,KCNH2;ADRB1;SLC6A3;CHRM1;CHRM3;DRD2;SLC6A2;SLC6A4;NR3C1;HRH1
source_representative,475,NOIIUHRQUVNIDD-UHFFFAOYSA-N,0,murcko:O=C(CCNNC(=O)c1ccncc1)NCc1ccccc1,True,False,unresolved_with_missing_labels,6,0,0,,10,KCNH2;ADRB1;SLC6A3;CHRM1;CHRM3;DRD2;SLC6A2;SLC6A4;NR3C1;HRH1
source_representative,476,NOOLISFMXDJSKH-KXUCPTDWSA-N,4,murcko:C1CCCCC1,True,False,unresolved_with_missing_labels,6,0,0,,10,KCNH2;ADRB1;SLC6A3;CHRM1;CHRM3;DRD2;SLC6A2;SLC6A4;NR3C1;HRH1
source_representative,477,NOSIYYJFMPDDSA-UHFFFAOYSA-N,1,murcko:c1ccc2c(c1)Nc1ccccc1S2,True,False,unresolved_with_missing_labels,5,0,0,,6,ADRB1;CHRM1;CHRM3;DRD2;NR3C1;HRH1
source_representative,478,NOYPYLRCIDNJJB-UHFFFAOYSA-N,1,murcko:c1ccc(NCc2ccc3ncncc3c2)cc1,True,False,unresolved_with_missing_labels,6,0,0,,7,KCNH2;ADRB1;CHRM1;CHRM3;DRD2;NR3C1;HRH1
source_representative,479,NOZIJMHMKORZBA-KJCUYJGMSA-N,4,murcko:O=C(Nc1nc(-c2ccccc2)cs1)c1ccccc1,True,False,unresolved_with_missing_labels,6,0,0,,7,KCNH2;ADRB1;CHRM1;CHRM3;DRD2;NR3C1;HRH1
source_representative,480,NPOAOTPXWNWTSH-UHFFFAOYSA-N,0,acyclic:CC(O)(CC(=O)O)CC(=O)O,True,False,unresolved_with_missing_labels,6,0,0,,10,KCNH2;ADRB1;SLC6A3;CHRM1;CHRM3;DRD2;SLC6A2;SLC6A4;NR3C1;HRH1
source_representative,481,NPPQSCRMBWNHMW-UHFFFAOYSA-N,2,acyclic:CCCC(C)(COC(N)=O)COC(N)=O,True,False,unresolved_interval_overlap,0,0,0,,10,KCNH2;ADRB1;SLC6A3;CHRM1;CHRM3;DRD2;SLC6A2;SLC6A4;NR3C1;HRH1
source_representative,482,NPUKDXXFDDZOKR-LLVKDONJSA-N,2,murcko:c1ccc(Cn2ccnc2)cc1,True,False,unresolved_interval_overlap,0,0,0,,10,KCNH2;ADRB1;SLC6A3;CHRM1;CHRM3;DRD2;SLC6A2;SLC6A4;NR3C1;HRH1
source_representative,483,NQHNLNLJPDMBFN-UHFFFAOYSA-O,4,murcko:O=C(Nc1ccccc1)c1ccccc1,True,True,eligible_certified_maximum,0,0,1,KCNH2,1,KCNH2
source_representative,484,NSQSAUGJQHDYNO-UHFFFAOYSA-N,2,murcko:O=C(NCc1ccc[nH]c1=O)c1cc(NC2CCOCC2)cc(-c2ccc(CN3CCOCC3)cc2)c1,True,False,unresolved_with_missing_labels,1,0,0,,2,KCNH2;NR3C1
source_representative,485,NUZWLKWWNNJHPT-UHFFFAOYSA-N,1,murcko:O=C1c2ccccc2Cc2ccccc21,True,False,unresolved_with_missing_labels,6,0,0,,10,KCNH2;ADRB1;SLC6A3;CHRM1;CHRM3;DRD2;SLC6A2;SLC6A4;NR3C1;HRH1
source_representative,486,NVKAWKQGWWIWPM-ABEVXSGRSA-N,1,murcko:O=C1CCC2[C@@H](CC[C@H]3[C@@H]4CCCC4CC[C@H]23)C1,True,True,eligible_certified_maximum,0,0,1,NR3C1,1,NR3C1
source_representative,487,NXFFJDQHYLNEJK-CYBMUJFWSA-N,0,murcko:c1ccc(Cn2c3c(c4ccccc42)CCC3)cc1,True,False,unresolved_with_missing_labels,1,0,0,,10,KCNH2;ADRB1;SLC6A3;CHRM1;CHRM3;DRD2;SLC6A2;SLC6A4;NR3C1;HRH1
source_representative,488,NXWGWUVGUSFQJC-UHFFFAOYSA-N,3,murcko:c1ccc2[nH]ccc2c1,True,False,unresolved_with_missing_labels,6,0,0,,7,ADRB1;CHRM1;CHRM3;DRD2;SLC6A2;NR3C1;HRH1
source_representative,489,NZHGWWWHIYHZNX-CSKARUKUSA-N,3,murcko:O=C(/C=C/c1ccccc1)Nc1ccccc1,True,False,unresolved_interval_overlap,0,0,0,,10,KCNH2;ADRB1;SLC6A3;CHRM1;CHRM3;DRD2;SLC6A2;SLC6A4;NR3C1;HRH1
source_representative,490,NZUPCNDJBJXXRF-UHFFFAOYSA-O,1,acyclic:CC(C[N+](C)(C)C)OC(N)=O,True,False,unresolved_interval_overlap,0,0,0,,10,KCNH2;ADRB1;SLC6A3;CHRM1;CHRM3;DRD2;SLC6A2;SLC6A4;NR3C1;HRH1
source_representative,491,NZWOPGCLSHLLPA-UHFFFAOYSA-N,1,acyclic:CC(=O)OC(C)C[N+](C)(C)C,True,False,unresolved_with_missing_labels,6,0,0,,10,KCNH2;ADRB1;SLC6A3;CHRM1;CHRM3;DRD2;SLC6A2;SLC6A4;NR3C1;HRH1
source_representative,492,OAIJSZIZWZSQBC-GYZMGTAESA-N,2,acyclic:CC(C)=CCC/C(C)=C/C=C/C(C)=C/C=C/C(C)=C/C=C/C=C(C)/C=C/C=C(C)/C=C/C=C(\C)CCC=C(C)C,True,False,unresolved_interval_overlap,0,0,0,,10,KCNH2;ADRB1;SLC6A3;CHRM1;CHRM3;DRD2;SLC6A2;SLC6A4;NR3C1;HRH1
source_representative,493,OCJYIGYOJCODJL-UHFFFAOYSA-N,0,murcko:c1ccc(CN2CCN(C(c3ccccc3)c3ccccc3)CC2)cc1,True,True,eligible_certified_maximum,0,0,1,KCNH2,1,KCNH2
source_representative,494,OCOKWVBYZHBHLU-UHFFFAOYSA-N,3,murcko:O=C1CN(CCN2CC(=O)NC(=O)C2)CC(=O)N1,True,False,unresolved_with_missing_labels,6,0,0,,10,KCNH2;ADRB1;SLC6A3;CHRM1;CHRM3;DRD2;SLC6A2;SLC6A4;NR3C1;HRH1
source_representative,495,ODKNJVUHOIMIIZ-RRKCRQDMSA-N,1,murcko:O=c1ccn([C@H]2CCCO2)c(=O)[nH]1,True,False,unresolved_with_missing_labels,6,0,0,,10,KCNH2;ADRB1;SLC6A3;CHRM1;CHRM3;DRD2;SLC6A2;SLC6A4;NR3C1;HRH1
source_representative,496,ODKSFYDXXFIFQN-BYPYZUCNSA-N,3,acyclic:N=C(N)NCCC[C@H](N)C(=O)O,True,False,unresolved_with_missing_labels,7,0,0,,10,KCNH2;ADRB1;SLC6A3;CHRM1;CHRM3;DRD2;SLC6A2;SLC6A4;NR3C1;HRH1
source_representative,497,OEBPANQZQGQPHF-UHFFFAOYSA-N,3,murcko:O=c1cc(NCCNCCCc2ccccc2)[nH]c(=O)[nH]1,True,True,eligible_certified_maximum,0,0,1,KCNH2,1,KCNH2
source_representative,498,OEKWJQXRCDYSHL-FNOIDJSQSA-N,2,murcko:c1ccc([C@@H]2C[C@H]2Nc2ncnc3c2nnn3C2CCCC2)cc1,True,False,unresolved_with_missing_labels,6,0,0,,7,ADRB1;SLC6A3;CHRM1;CHRM3;DRD2;NR3C1;HRH1
source_representative,499,OENHQHLEOONYIE-JLTXGRSLSA-N,4,murcko:C1=C(/C=C/C=C/C=C/C=C/C=C/C=C/C=C/C=C/C=C/C2=CCCCC2)CCCC1,True,False,unresolved_with_missing_labels,6,0,0,,10,KCNH2;ADRB1;SLC6A3;CHRM1;CHRM3;DRD2;SLC6A2;SLC6A4;NR3C1;HRH1
source_representative,500,OEYIOHPDSNJKLS-UHFFFAOYSA-N,2,acyclic:C[N+](C)(C)CCO,True,False,unresolved_with_missing_labels,7,0,0,,10,KCNH2;ADRB1;SLC6A3;CHRM1;CHRM3;DRD2;SLC6A2;SLC6A4;NR3C1;HRH1
source_representative,501,OFBIFZUFASYYRE-UHFFFAOYSA-N,3,murcko:O=C1NCc2cncn2-c2ccccc21,True,False,unresolved_interval_overlap,0,0,0,,10,KCNH2;ADRB1;SLC6A3;CHRM1;CHRM3;DRD2;SLC6A2;SLC6A4;NR3C1;HRH1
source_representative,502,OFCNXPDARWKPPY-UHFFFAOYSA-N,4,murcko:c1ncc2cn[nH]c2n1,True,False,unresolved_interval_overlap,0,0,0,,10,KCNH2;ADRB1;SLC6A3;CHRM1;CHRM3;DRD2;SLC6A2;SLC6A4;NR3C1;HRH1
source_representative,503,OFPXSFXSNFPTHF-UHFFFAOYSA-N,2,murcko:c1ccc(-c2ncoc2-c2ccccc2)cc1,True,True,eligible_certified_maximum,0,0,1,HRH1,1,HRH1
source_representative,504,OFVLGDICTFRJMM-WESIUVDSSA-N,0,murcko:O=C1C2=CC3C(=O)C=CC[C@@H]3C[C@@H]2Cc2ccccc21,True,False,unresolved_interval_overlap,0,0,0,,5,ADRB1;CHRM1;DRD2;SLC6A2;HRH1
source_representative,505,OFZCIYFFPZCNJE-UHFFFAOYSA-N,2,acyclic:CCCC(C)(COC(N)=O)COC(=O)NC(C)C,True,False,unresolved_interval_overlap,0,0,0,,10,KCNH2;ADRB1;SLC6A3;CHRM1;CHRM3;DRD2;SLC6A2;SLC6A4;NR3C1;HRH1
source_representative,506,OGAKLTJNUQRZJU-UHFFFAOYSA-N,0,murcko:c1ccc(C(CCCN2CCCCC2)c2ccccc2)cc1,True,False,unresolved_with_missing_labels,6,0,0,,7,KCNH2;ADRB1;CHRM1;CHRM3;DRD2;NR3C1;HRH1
source_representative,507,OGHNVEJMJSYVRP-UHFFFAOYSA-N,1,murcko:c1ccc(OCCNCCCOc2cccc3[nH]c4ccccc4c23)cc1,True,False,unresolved_with_missing_labels,1,0,0,,2,ADRB1;CHRM3
source_representative,508,OGJPXUAPXNRGGI-UHFFFAOYSA-N,1,murcko:O=c1cc[nH]c2cc(N3CCNCC3)ccc12,True,False,unresolved_interval_overlap,0,0,0,,10,KCNH2;ADRB1;SLC6A3;CHRM1;CHRM3;DRD2;SLC6A2;SLC6A4;NR3C1;HRH1
source_representative,509,OGQICQVSFDPSEI-UHFFFAOYSA-N,1,murcko:C(#Cc1ccccn1)c1ccc2c(c1)CCCS2,True,False,unresolved_interval_overlap,0,0,0,,10,KCNH2;ADRB1;SLC6A3;CHRM1;CHRM3;DRD2;SLC6A2;SLC6A4;NR3C1;HRH1
source_representative,510,OGSPWJRAVKPPFI-UHFFFAOYSA-N,0,acyclic:NCCCC(O)(P(=O)(O)O)P(=O)(O)O,True,False,unresolved_interval_overlap,0,0,0,,10,KCNH2;ADRB1;SLC6A3;CHRM1;CHRM3;DRD2;SLC6A2;SLC6A4;NR3C1;HRH1
source_representative,511,OHCQJHSOBUTRHG-KGGHGJDLSA-N,4,murcko:O=C1CCOC2CC[C@H]3CCCCC3C12,True,False,unresolved_interval_overlap,0,0,0,,10,KCNH2;ADRB1;SLC6A3;CHRM1;CHRM3;DRD2;SLC6A2;SLC6A4;NR3C1;HRH1
source_representative,512,OHRURASPPZQGQM-GCCNXGTGSA-N,1,murcko:C=C1NC(=O)[C@H]2CSSCC/C=C/[C@H](CC(=O)NCC(=O)N2)OC(=O)CNC1=O,True,False,unresolved_with_missing_labels,6,0,0,,10,KCNH2;ADRB1;SLC6A3;CHRM1;CHRM3;DRD2;SLC6A2;SLC6A4;NR3C1;HRH1
source_representative,513,OIPILFWXSMYKGL-UHFFFAOYSA-N,3,acyclic:CC(=O)OCC[N+](C)(C)C,True,False,unresolved_interval_overlap,0,0,0,,10,KCNH2;ADRB1;SLC6A3;CHRM1;CHRM3;DRD2;SLC6A2;SLC6A4;NR3C1;HRH1
source_representative,514,OIRDTQYFTABQOQ-KQYNXXCUSA-N,3,murcko:c1ncc2ncn([C@H]3CCCO3)c2n1,True,False,unresolved_interval_overlap,0,0,0,,10,KCNH2;ADRB1;SLC6A3;CHRM1;CHRM3;DRD2;SLC6A2;SLC6A4;NR3C1;HRH1
source_representative,515,OJZYRQPMEIEQFC-UAWLTFRCSA-N,4,murcko:O=C1CCCC1,True,False,unresolved_interval_overlap,0,0,0,,10,KCNH2;ADRB1;SLC6A3;CHRM1;CHRM3;DRD2;SLC6A2;SLC6A4;NR3C1;HRH1
source_representative,516,OKPNYGAWTYOBFZ-UHFFFAOYSA-N,1,murcko:O=c1cc2oc3ccccc3nc-2c2cccnc12,True,True,eligible_certified_maximum,0,0,1,CHRM3,1,CHRM3
source_representative,517,OLAHOMJCDNXHFI-UHFFFAOYSA-N,4,murcko:c1ccc(Nc2ccc3ncc(-c4cn[nH]c4)nc3c2)cc1,True,False,unresolved_with_missing_labels,4,0,0,,5,ADRB1;CHRM3;DRD2;SLC6A4;NR3C1
source_representative,518,OLVCFLKTBJRLHI-AXAPSJFSSA-N,2,murcko:O=C(Cc1ccccc1)N[C@@H]1C(=O)N2C=C(CSc3nnn[nH]3)CS[C@H]12,True,False,unresolved_interval_overlap,0,0,0,,10,KCNH2;ADRB1;SLC6A3;CHRM1;CHRM3;DRD2;SLC6A2;SLC6A4;NR3C1;HRH1
source_representative,519,ONIQOQHATWINJY-UHFFFAOYSA-N,2,murcko:O=C(Nc1ccccc1)C1(C(=O)Nc2ccc(Oc3ccnc4ccccc34)cc2)CC1,True,False,unresolved_with_missing_labels,1,0,0,,2,KCNH2;NR3C1
source_representative,520,ONNOFKFOZAJDHT-UHFFFAOYSA-N,3,murcko:c1ccc2c(c1)CCc1ccccc1C2,True,True,eligible_certified_maximum,0,0,1,SLC6A3,1,SLC6A3
source_representative,521,OOBHFESNSZDWIU-UHFFFAOYSA-N,0,murcko:c1ccc(C2CNCCO2)cc1,True,False,unresolved_interval_overlap,0,0,0,,5,ADRB1;CHRM1;DRD2;SLC6A2;HRH1
source_representative,522,OOLLAFOLCSJHRE-ZHAKMVSLSA-N,3,murcko:O=C1C=C2CC[C@@H]3C(=C2CC1)[C@@H](c1ccccc1)CC1CCC[C@H]13,True,False,unresolved_with_missing_labels,7,0,0,,10,KCNH2;ADRB1;SLC6A3;CHRM1;CHRM3;DRD2;SLC6A2;SLC6A4;NR3C1;HRH1
source_representative,523,OROGSEYTTFOCAN-DNJOTXNNSA-N,3,murcko:C1=C[C@H]2[C@H]3Cc4cccc5c4[C@@]2(CCN3)[C@H](C1)O5,True,True,eligible_certified_maximum,0,0,1,ADRB1,1,ADRB1
source_representative,524,OSASVXMJTNOKOY-UHFFFAOYSA-N,4,acyclic:CC(C)(O)C(Cl)(Cl)Cl,True,False,unresolved_interval_overlap,0,0,0,,10,KCNH2;ADRB1;SLC6A3;CHRM1;CHRM3;DRD2;SLC6A2;SLC6A4;NR3C1;HRH1
source_representative,525,OTBXOEAOVRKTNQ-UHFFFAOYSA-N,1,murcko:O=C1CN2Cc3ccccc3N=C2N1,True,False,unresolved_interval_overlap,0,0,0,,10,KCNH2;ADRB1;SLC6A3;CHRM1;CHRM3;DRD2;SLC6A2;SLC6A4;NR3C1;HRH1
source_representative,526,OUJTZYPIHDYQMC-LJQANCHMSA-N,1,murcko:c1ccc(C(COc2ncccn2)c2ccccc2)cc1,True,False,unresolved_with_missing_labels,6,0,0,,10,KCNH2;ADRB1;SLC6A3;CHRM1;CHRM3;DRD2;SLC6A2;SLC6A4;NR3C1;HRH1
source_representative,527,OVBPIULPVIDEAO-LBPRGKRZSA-N,2,murcko:O=c1ncnc2[nH]cc(CNc3ccccc3)nc1-2,True,False,unresolved_with_missing_labels,1,0,0,,10,KCNH2;ADRB1;SLC6A3;CHRM1;CHRM3;DRD2;SLC6A2;SLC6A4;NR3C1;HRH1
source_representative,528,OVCDSSHSILBFBN-UHFFFAOYSA-N,4,murcko:c1ccc(Nc2ccnc3ccccc23)cc1,True,True,eligible_certified_maximum,0,0,1,KCNH2,1,KCNH2
source_representative,529,OWQUZNMMYNAXSL-UHFFFAOYSA-N,2,murcko:c1ccc(C(OC2CCNCC2)c2ccccc2)cc1,True,False,unresolved_with_missing_labels,6,0,0,,7,ADRB1;SLC6A3;CHRM1;CHRM3;DRD2;NR3C1;HRH1
source_representative,530,OWYLAEYXIQKAOL-UHFFFAOYSA-N,0,murcko:O=C(CCCN1CCCC1)c1ccccc1,True,True,eligible_certified_maximum,0,0,1,KCNH2,1,KCNH2
source_representative,531,OZGNYLLQHRPOBR-DHZHZOJOSA-N,4,murcko:C(=C/c1ccccc1)\CNCc1cccc2ccccc12,True,True,eligible_certified_maximum,0,0,1,KCNH2,1,KCNH2
source_representative,532,OZWKMVRBQXNZKK-UHFFFAOYSA-N,2,murcko:O=C(c1ccccc1)c1ccc2n1CCC2,True,False,unresolved_interval_overlap,0,0,0,,6,ADRB1;SLC6A3;CHRM3;SLC6A2;SLC6A4;NR3C1
source_representative,533,PBMSWVPMRUJMPE-UHFFFAOYSA-N,4,murcko:O=C(Nc1ccc(S(=O)(=O)Nc2nccs2)cc1)c1ccccc1,True,False,unresolved_with_missing_labels,6,0,0,,10,KCNH2;ADRB1;SLC6A3;CHRM1;CHRM3;DRD2;SLC6A2;SLC6A4;NR3C1;HRH1
source_representative,534,PCZOHLXUXFIOCF-BXMDZJJMSA-N,2,murcko:O=C1CCC[C@@H](CC[C@H]2CC=CC3=CCCC[C@@H]32)O1,True,False,unresolved_interval_overlap,0,0,0,,10,KCNH2;ADRB1;SLC6A3;CHRM1;CHRM3;DRD2;SLC6A2;SLC6A4;NR3C1;HRH1
source_representative,535,PHLBKPHSAVXXEF-UHFFFAOYSA-N,1,murcko:O=c1n(CCCN2CCN(c3ccccc3)CC2)nc2ccccn12,True,True,eligible_certified_maximum,0,0,1,SLC6A4,1,SLC6A4
source_representative,536,PHWXUGHIIBDVKD-UHFFFAOYSA-N,0,murcko:O=C(Cc1ccc2c(c1)OCO2)c1sccc1S(=O)(=O)Nc1ccno1,True,False,unresolved_with_missing_labels,7,0,0,,10,KCNH2;ADRB1;SLC6A3;CHRM1;CHRM3;DRD2;SLC6A2;SLC6A4;NR3C1;HRH1
source_representative,537,PHXJVRSECIGDHY-UHFFFAOYSA-N,3,murcko:O=C(Nc1ccc(CN2CCNCC2)cc1)c1cccc(C#Cc2cnc3cccnn23)c1,True,True,eligible_certified_maximum,0,0,1,SLC6A4,1,SLC6A4
source_representative,538,PIDSZXPFGCURGN-UHFFFAOYSA-N,4,murcko:C1=CCN(c2ccccc2)C1,True,False,unresolved_interval_overlap,0,0,0,,10,KCNH2;ADRB1;SLC6A3;CHRM1;CHRM3;DRD2;SLC6A2;SLC6A4;NR3C1;HRH1
source_representative,539,PJDFLNIOAUIZSL-UHFFFAOYSA-N,0,acyclic:C=CC(N)CCC(=O)O,True,False,unresolved_interval_overlap,0,0,0,,6,ADRB1;CHRM1;DRD2;SLC6A4;NR3C1;HRH1
source_representative,540,PJMPHNIQZUBGLI-UHFFFAOYSA-N,2,murcko:c1ccc(CCN2CCC(Nc3ccccc3)CC2)cc1,True,False,unresolved_with_missing_labels,1,0,0,,2,CHRM3;NR3C1
source_representative,541,PJSFRIWCGOHTNF-UHFFFAOYSA-N,4,murcko:O=S(=O)(Nc1ccncn1)c1ccccc1,True,False,unresolved_with_missing_labels,6,0,0,,10,KCNH2;ADRB1;SLC6A3;CHRM1;CHRM3;DRD2;SLC6A2;SLC6A4;NR3C1;HRH1
source_representative,542,PJVWKTKQMONHTI-UHFFFAOYSA-N,2,murcko:O=c1oc2ccccc2cc1Cc1ccccc1,True,False,unresolved_interval_overlap,0,0,0,,10,KCNH2;ADRB1;SLC6A3;CHRM1;CHRM3;DRD2;SLC6A2;SLC6A4;NR3C1;HRH1
source_representative,543,PJWPNDMDCLXCOM-UHFFFAOYSA-N,2,murcko:O=C(Nc1ccccc1CCC1CCCCN1)c1ccccc1,True,True,eligible_certified_maximum,0,0,1,KCNH2,1,KCNH2
source_representative,544,PLDUPXSUYLZYBN-UHFFFAOYSA-N,3,murcko:c1ccc2c(c1)Sc1ccccc1N2CCCN1CCNCC1,True,True,eligible_certified_maximum,0,0,1,DRD2,1,DRD2
source_representative,545,PLIGPBGDXASWPX-UHFFFAOYSA-N,1,murcko:c1ccc2c3c([nH]c2c1)CCCCCC3,True,True,eligible_certified_maximum,0,0,1,HRH1,1,HRH1
source_representative,546,PMATZTZNYRCHOR-CGLBZJNRSA-N,4,murcko:O=C1CNC(=O)CNC(=O)CNC(=O)CNC(=O)CNC(=O)CNC(=O)CNC(=O)CNC(=O)CNC(=O)CNC(=O)CN1,True,False,unresolved_interval_overlap,0,0,0,,10,KCNH2;ADRB1;SLC6A3;CHRM1;CHRM3;DRD2;SLC6A2;SLC6A4;NR3C1;HRH1
source_representative,547,PMMYEEVYMWASQN-DMTCNVIQSA-N,0,murcko:C1CCNC1,True,False,unresolved_with_missing_labels,6,0,0,,10,KCNH2;ADRB1;SLC6A3;CHRM1;CHRM3;DRD2;SLC6A2;SLC6A4;NR3C1;HRH1
source_representative,548,POGQSBRIGCQNEG-UHFFFAOYSA-N,2,murcko:c1ccc(Cn2ccnn2)cc1,True,False,unresolved_with_missing_labels,1,0,0,,10,KCNH2;ADRB1;SLC6A3;CHRM1;CHRM3;DRD2;SLC6A2;SLC6A4;NR3C1;HRH1
source_representative,549,PPTYJKAXVCCBDU-UHFFFAOYSA-N,0,murcko:O=C1CN=C(c2ccccc2)c2ccccc2N1,True,False,unresolved_interval_overlap,0,0,0,,10,KCNH2;ADRB1;SLC6A3;CHRM1;CHRM3;DRD2;SLC6A2;SLC6A4;NR3C1;HRH1
source_representative,550,PQXKDMSYBGKCJA-CVTJIBDQSA-N,4,murcko:O=C1[C@@H]2[C@H]3CC[C@H](C3)[C@@H]2C(=O)N1C[C@@H]1CCCC[C@H]1CN1CCN(c2nsc3ccccc23)CC1,True,False,unresolved_with_missing_labels,1,0,0,,2,DRD2;NR3C1
source_representative,551,PRMWGUBFXWROHD-UHFFFAOYSA-N,1,murcko:O=c1c(-c2ccccc2)cc(-c2ccccn2)cn1-c1ccccc1,True,False,unresolved_interval_overlap,0,0,0,,10,KCNH2;ADRB1;SLC6A3;CHRM1;CHRM3;DRD2;SLC6A2;SLC6A4;NR3C1;HRH1
source_representative,552,PROQIPRRNZUXQM-ZXXIGWHRSA-N,1,murcko:c1ccc2c(c1)CC[C@@H]1[C@@H]2CCC2CCC[C@H]21,True,False,unresolved_with_missing_labels,6,0,0,,7,ADRB1;SLC6A3;CHRM1;CHRM3;DRD2;NR3C1;HRH1
source_representative,553,PSGAAPLEWMOORI-PEINSRQWSA-N,3,murcko:O=C1C=C2CC[C@H]3[C@@H]4CCCC4CC[C@@H]3C2CC1,True,False,unresolved_with_missing_labels,4,0,0,,5,CHRM1;CHRM3;DRD2;NR3C1;HRH1
source_representative,554,PSVDIHULUCLEJE-UHFFFAOYSA-N,2,murcko:O=C1OC(Oc2ccccc2)Oc2ccccc21,True,False,unresolved_with_missing_labels,4,0,0,,10,KCNH2;ADRB1;SLC6A3;CHRM1;CHRM3;DRD2;SLC6A2;SLC6A4;NR3C1;HRH1
source_representative,555,PTOAARAWEBMLNO-KVQBGUIXSA-N,3,murcko:c1ncc2ncn([C@H]3CCCO3)c2n1,True,False,unresolved_interval_overlap,0,0,0,,10,KCNH2;ADRB1;SLC6A3;CHRM1;CHRM3;DRD2;SLC6A2;SLC6A4;NR3C1;HRH1
source_representative,556,PTVWPYVOOKLBCG-ZDUSSCGKSA-N,2,murcko:c1ccc(N2CCNCC2)cc1,True,False,unresolved_interval_overlap,0,0,0,,10,KCNH2;ADRB1;SLC6A3;CHRM1;CHRM3;DRD2;SLC6A2;SLC6A4;NR3C1;HRH1
source_representative,557,PURKAOJPTOLRMP-UHFFFAOYSA-N,0,murcko:O=C(Nc1ccccc1)c1c[nH]c2ccccc2c1=O,True,True,eligible_certified_maximum,0,0,1,SLC6A2,1,SLC6A2
source_representative,558,PUXBGTOOZJQSKH-UHFFFAOYSA-N,1,murcko:c1ccc2c(c1)[nH]c1ccccc12,True,False,unresolved_interval_overlap,0,0,0,,10,KCNH2;ADRB1;SLC6A3;CHRM1;CHRM3;DRD2;SLC6A2;SLC6A4;NR3C1;HRH1
source_representative,559,PVHUJELLJLJGLN-UHFFFAOYSA-N,2,murcko:C1=CC(c2ccccc2)C=CN1,True,False,unresolved_interval_overlap,0,0,0,,5,ADRB1;CHRM1;DRD2;NR3C1;HRH1
source_representative,560,PVLJETXTTWAYEW-UHFFFAOYSA-N,0,murcko:O=c1ccnc(NC2CCN(c3nc4ccccc4n3Cc3ccccc3)CC2)[nH]1,True,True,eligible_certified_maximum,0,0,1,CHRM1,1,CHRM1
source_representative,561,PWACSDKDOHSSQD-IUTFFREVSA-N,1,murcko:C(\CN1CCCC1)=C(\c1ccccc1)c1ccccn1,True,True,eligible_certified_maximum,0,0,1,HRH1,1,HRH1
source_representative,562,PWAUCHMQEXVFJR-PMAPCBKXSA-N,0,murcko:O=C(N[C@@H](C(=O)N[C@@H]1C(=O)N2C=C(CSc3nnn[nH]3)CS[C@H]12)c1ccccc1)c1cccnc1,True,False,unresolved_interval_overlap,0,0,0,,10,KCNH2;ADRB1;SLC6A3;CHRM1;CHRM3;DRD2;SLC6A2;SLC6A4;NR3C1;HRH1
source_representative,563,PWHROYKAGRUWDQ-UHFFFAOYSA-N,2,murcko:O=C(Cc1ccc(-c2ccccc2)cc1)Nc1ccccn1,True,False,unresolved_with_missing_labels,2,0,0,,3,ADRB1;SLC6A3;NR3C1
source_representative,564,PWKSKIMOESPYIA-BYPYZUCNSA-N,1,acyclic:CC(=O)N[C@@H](CS)C(=O)O,True,False,unresolved_interval_overlap,0,0,0,,10,KCNH2;ADRB1;SLC6A3;CHRM1;CHRM3;DRD2;SLC6A2;SLC6A4;NR3C1;HRH1
source_representative,565,PWVXXGRKLHYWKM-LJQANCHMSA-N,0,murcko:O=S(=O)(CCc1ccc2[nH]cc(C[C@H]3CCCN3)c2c1)c1ccccc1,True,False,unresolved_with_missing_labels,7,0,0,,8,KCNH2;ADRB1;CHRM1;CHRM3;DRD2;SLC6A2;NR3C1;HRH1
source_representative,566,PWWVAXIEGOYWEE-UHFFFAOYSA-N,1,murcko:c1ccc2c(c1)Nc1ccccc1S2,True,True,eligible_certified_maximum,0,0,1,HRH1,1,HRH1
source_representative,567,PWZUUYSISTUNDW-VAFBSOEGSA-N,4,murcko:c1cc2c(cc1OC1CCCC1)CC[C@@H]1[C@@H]2CCC2CCC[C@H]21,True,True,eligible_certified_maximum,0,0,1,NR3C1,1,NR3C1
source_representative,568,PXBVEXGRHZFEOF-UHFFFAOYSA-N,0,murcko:O=C1CN=C(c2ccccc2)c2ccccc2N1,True,False,unresolved_with_missing_labels,10,0,0,,10,KCNH2;ADRB1;SLC6A3;CHRM1;CHRM3;DRD2;SLC6A2;SLC6A4;NR3C1;HRH1
source_representative,569,PXGPLTODNUVGFL-YNNPMVKQSA-N,2,murcko:C1CCCC1,True,False,unresolved_with_missing_labels,7,0,0,,10,KCNH2;ADRB1;SLC6A3;CHRM1;CHRM3;DRD2;SLC6A2;SLC6A4;NR3C1;HRH1
source_representative,570,PZRHRDRVRGEVNW-UHFFFAOYSA-N,3,murcko:O=c1ccc(-c2ccncc2)c[nH]1,True,False,unresolved_interval_overlap,0,0,0,,10,KCNH2;ADRB1;SLC6A3;CHRM1;CHRM3;DRD2;SLC6A2;SLC6A4;NR3C1;HRH1
source_representative,571,QAGYKUNXZHXKMR-HKWSIXNMSA-N,3,murcko:O=C(N[C@H](CCN1CC[C@@H]2CCCC[C@@H]2C1)CSc1ccccc1)c1ccccc1,True,False,unresolved_with_missing_labels,6,0,0,,7,ADRB1;CHRM1;CHRM3;DRD2;SLC6A2;NR3C1;HRH1
source_representative,572,QANMHLXAZMSUEX-UHFFFAOYSA-N,2,murcko:c1coc(CNc2[nH]cnc3ncnc2-3)c1,True,False,unresolved_with_missing_labels,6,0,0,,10,KCNH2;ADRB1;SLC6A3;CHRM1;CHRM3;DRD2;SLC6A2;SLC6A4;NR3C1;HRH1
source_representative,573,QCHFTSOMWOSFHM-WPRPVWTQSA-N,3,murcko:O=C1C[C@@H](Cc2cnc[nH]2)CO1,True,False,unresolved_interval_overlap,0,0,0,,10,KCNH2;ADRB1;SLC6A3;CHRM1;CHRM3;DRD2;SLC6A2;SLC6A4;NR3C1;HRH1
source_representative,574,QDGZDCVAUDNJFG-FXQIFTODSA-N,0,murcko:C=C1CCC[C@@H]1n1cnc2c(=O)[nH]cnc21,True,False,unresolved_with_missing_labels,6,0,0,,10,KCNH2;ADRB1;SLC6A3;CHRM1;CHRM3;DRD2;SLC6A2;SLC6A4;NR3C1;HRH1
source_representative,575,QELUYTUMUWHWMC-UHFFFAOYSA-N,2,murcko:O=C1CC=NN1c1ccccc1,True,False,unresolved_with_missing_labels,6,0,0,,10,KCNH2;ADRB1;SLC6A3;CHRM1;CHRM3;DRD2;SLC6A2;SLC6A4;NR3C1;HRH1
source_representative,576,QEVHRUUCFGRFIF-MDEJGZGSSA-N,4,murcko:O=C(O[C@H]1CC[C@H]2C[C@@H]3c4[nH]c5ccccc5c4CCN3C[C@H]2C1)c1ccccc1,True,True,eligible_certified_maximum,0,0,1,KCNH2,1,KCNH2
source_representative,577,QGFORSXNKQLDNO-UHFFFAOYSA-N,2,murcko:O=C1CCCS1,True,False,unresolved_interval_overlap,0,0,0,,10,KCNH2;ADRB1;SLC6A3;CHRM1;CHRM3;DRD2;SLC6A2;SLC6A4;NR3C1;HRH1
source_representative,578,QGJUIPDUBHWZPV-SGTAVMJGSA-N,0,murcko:O=C(CC12CC3CC(CC(C3)C1)C2)N1CC[C@@H]2C[C@@H]21,True,False,unresolved_interval_overlap,0,0,0,,10,KCNH2;ADRB1;SLC6A3;CHRM1;CHRM3;DRD2;SLC6A2;SLC6A4;NR3C1;HRH1
source_representative,579,QGPKADBNRMWEQR-UHFFFAOYSA-N,3,murcko:O=c1ccn(C2CC2)c2cc(N3CCCC3)ccc12,True,False,unresolved_with_missing_labels,5,0,0,,10,KCNH2;ADRB1;SLC6A3;CHRM1;CHRM3;DRD2;SLC6A2;SLC6A4;NR3C1;HRH1
source_representative,580,QHMBSVQNZZTUGM-ZWKOTPCHSA-N,3,murcko:C1=C[C@@H](c2ccccc2)CCC1,True,False,unresolved_with_missing_labels,2,0,0,,3,KCNH2;SLC6A2;NR3C1
source_representative,581,QHMWCHQXCUNUAK-UHFFFAOYSA-N,0,murcko:c1ccc(C(c2ccccc2)(c2ccccc2)n2ccnc2)cc1,True,True,eligible_certified_maximum,0,0,1,KCNH2,1,KCNH2
source_representative,582,QIHLUZAFSSMXHQ-UHFFFAOYSA-N,1,murcko:c1ccc(C2(c3ccccc3)CCNCC2)cc1,True,False,unresolved_with_missing_labels,6,0,0,,7,KCNH2;ADRB1;CHRM1;CHRM3;DRD2;NR3C1;HRH1
source_representative,583,QIQXTHQIDYTFRH-UHFFFAOYSA-N,1,acyclic:CCCCCCCCCCCCCCCCCC(=O)O,True,False,unresolved_with_missing_labels,6,0,0,,10,KCNH2;ADRB1;SLC6A3;CHRM1;CHRM3;DRD2;SLC6A2;SLC6A4;NR3C1;HRH1
source_representative,584,QLTVVOATEHFXLT-UHFFFAOYSA-N,2,murcko:c1ccnnc1,True,False,unresolved_interval_overlap,0,0,0,,10,KCNH2;ADRB1;SLC6A3;CHRM1;CHRM3;DRD2;SLC6A2;SLC6A4;NR3C1;HRH1
source_representative,585,QOYHHIBFXOOADH-UHFFFAOYSA-N,3,murcko:O=C1NCN(c2ccccc2)C12CCN(CCCC(c1ccccc1)c1ccccc1)CC2,True,True,eligible_certified_maximum,0,0,1,KCNH2,1,KCNH2
source_representative,586,QPCDCPDFJACHGM-UHFFFAOYSA-N,3,acyclic:O=C(O)CN(CCN(CC(=O)O)CC(=O)O)CCN(CC(=O)O)CC(=O)O,True,False,unresolved_with_missing_labels,6,0,0,,7,ADRB1;CHRM1;CHRM3;DRD2;SLC6A4;NR3C1;HRH1
source_representative,587,QPFYXYFORQJZEC-FOCLMDBBSA-N,4,murcko:c1ccc(/N=N/c2cccnc2)cc1,True,False,unresolved_with_missing_labels,2,0,0,,3,ADRB1;DRD2;NR3C1
source_representative,588,QQHMKNYGKVVGCZ-UHFFFAOYSA-N,1,murcko:N=C1CCCN1Cc1cc(=O)[nH]c(=O)[nH]1,True,False,unresolved_with_missing_labels,6,0,0,,10,KCNH2;ADRB1;SLC6A3;CHRM1;CHRM3;DRD2;SLC6A2;SLC6A4;NR3C1;HRH1
source_representative,589,QQOBRRFOVWGIMD-OJAKKHQRSA-N,3,murcko:O=c1cnn([C@H]2CCCO2)c(=O)[nH]1,True,False,unresolved_with_missing_labels,6,0,0,,10,KCNH2;ADRB1;SLC6A3;CHRM1;CHRM3;DRD2;SLC6A2;SLC6A4;NR3C1;HRH1
source_representative,590,QQQIECGTIMUVDS-UHFFFAOYSA-N,3,murcko:O=C(NCc1ccccc1)c1ccccc1,True,True,eligible_certified_maximum,0,0,1,DRD2,1,DRD2
source_representative,591,QRZAKQDHEVVFRX-UHFFFAOYSA-N,0,murcko:c1ccc(-c2ccccc2)cc1,True,False,unresolved_interval_overlap,0,0,0,,10,KCNH2;ADRB1;SLC6A3;CHRM1;CHRM3;DRD2;SLC6A2;SLC6A4;NR3C1;HRH1
source_representative,592,QSLMDECMDJKHMQ-UHFFFAOYSA-N,3,murcko:c1ccc2c(c1)C1CCC2c2ccccc21,True,False,unresolved_with_missing_labels,1,0,0,,2,NR3C1;HRH1
source_representative,593,QTGIAADRBBLJGA-UHFFFAOYSA-N,4,murcko:c1ccsc1,True,False,unresolved_with_missing_labels,6,0,0,,10,KCNH2;ADRB1;SLC6A3;CHRM1;CHRM3;DRD2;SLC6A2;SLC6A4;NR3C1;HRH1
source_representative,594,QVZCXCJXTMIDME-UHFFFAOYSA-N,4,murcko:O=C(OCCCN1CCCN(CCCOC(=O)c2ccccc2)CC1)c1ccccc1,True,True,eligible_certified_maximum,0,0,1,KCNH2,1,KCNH2
source_representative,595,QWAXKHKRTORLEM-UGJKXSETSA-N,1,murcko:O=C(CNC(=O)c1ccc2ccccc2n1)N[C@H](CCN1CC[C@@H]2CCCC[C@@H]2C1)Cc1ccccc1,True,True,eligible_certified_maximum,0,0,1,KCNH2,1,KCNH2
source_representative,596,QWGDMFLQWFTERH-UHFFFAOYSA-N,3,murcko:c1ccc2c(c1)N=C(N1CCNCC1)c1ccccc1O2,True,True,eligible_certified_maximum,0,0,1,HRH1,1,HRH1
source_representative,597,QXHHHPZILQDDPS-UHFFFAOYSA-N,2,murcko:c1ccc(C(Cn2ccnc2)OCc2ccsc2)cc1,True,True,eligible_certified_maximum,0,0,1,SLC6A4,1,SLC6A4
source_representative,598,QXKHYNVANLEOEG-UHFFFAOYSA-N,1,murcko:O=c1ccc2cc3ccoc3cc2o1,True,False,unresolved_with_missing_labels,6,0,0,,7,ADRB1;SLC6A3;CHRM1;CHRM3;DRD2;NR3C1;HRH1
source_representative,599,QYQDKDWGWDOFFU-IUODEOHRSA-N,1,murcko:O=C(Cc1cscn1)N[C@@H]1C(=O)N2C=C(CSc3nnn[nH]3)CS[C@H]12,True,False,unresolved_with_missing_labels,7,0,0,,10,KCNH2;ADRB1;SLC6A3;CHRM1;CHRM3;DRD2;SLC6A2;SLC6A4;NR3C1;HRH1
source_representative,600,QYSXJUFSXHHAJI-YRZJJWOYSA-N,1,murcko:C=C1CCCC/C1=C/C=C1\CCCC2CCC[C@@H]12,True,False,unresolved_with_missing_labels,6,0,0,,10,KCNH2;ADRB1;SLC6A3;CHRM1;CHRM3;DRD2;SLC6A2;SLC6A4;NR3C1;HRH1
source_representative,601,RAGOYPUPXAKGKH-XAKZXMRKSA-N,0,murcko:O=c1[nH]ncn1-c1ccc(N2CCN(c3ccc(OC[C@@H]4CO[C@@](Cn5cncn5)(c5ccccc5)C4)cc3)CC2)cc1,True,False,unresolved_with_missing_labels,4,0,0,,10,KCNH2;ADRB1;SLC6A3;CHRM1;CHRM3;DRD2;SLC6A2;SLC6A4;NR3C1;HRH1
source_representative,602,RBKASMJPSJDQKY-RBFSKHHSSA-N,0,murcko:O=C1C=CC2C(=C1)CC[C@@H]1C2=CCC2[C@@H](C(=O)CN3CCN(c4cc(N5CCCC5)nc(N5CCCC5)n4)CC3)CC[C@H]21,True,False,unresolved_with_missing_labels,6,0,0,,7,KCNH2;ADRB1;CHRM1;CHRM3;DRD2;NR3C1;HRH1
source_representative,603,RBQOQRRFDPXAGN-UHFFFAOYSA-N,1,murcko:O=c1[nH]c(=O)c2[nH]cnc2[nH]1,True,False,unresolved_with_missing_labels,6,0,0,,10,KCNH2;ADRB1;SLC6A3;CHRM1;CHRM3;DRD2;SLC6A2;SLC6A4;NR3C1;HRH1
source_representative,604,RCKMWOKWVGPNJF-UHFFFAOYSA-N,4,murcko:C1CNCCN1,True,False,unresolved_with_missing_labels,6,0,0,,10,KCNH2;ADRB1;SLC6A3;CHRM1;CHRM3;DRD2;SLC6A2;SLC6A4;NR3C1;HRH1
source_representative,605,RDJGLLICXDHJDY-UHFFFAOYSA-N,3,murcko:c1ccc(Oc2ccccc2)cc1,True,False,unresolved_with_missing_labels,6,0,0,,10,KCNH2;ADRB1;SLC6A3;CHRM1;CHRM3;DRD2;SLC6A2;SLC6A4;NR3C1;HRH1
source_representative,606,RDLPVSKMFDYCOR-UEKVPHQBSA-N,0,murcko:O=C(CC1=CCC=CC1)N[C@@H]1C(=O)N2C=CCS[C@H]12,True,False,unresolved_interval_overlap,0,0,0,,10,KCNH2;ADRB1;SLC6A3;CHRM1;CHRM3;DRD2;SLC6A2;SLC6A4;NR3C1;HRH1
source_representative,607,RDOIQAHITMMDAJ-UHFFFAOYSA-N,1,murcko:c1ccc(C2CCN(CCC(c3ccccc3)c3ccccc3)CC2)cc1,True,False,unresolved_with_missing_labels,6,0,0,,7,KCNH2;ADRB1;CHRM1;CHRM3;DRD2;NR3C1;HRH1
source_representative,608,RDXLYGJSWZYTFJ-UHFFFAOYSA-N,2,murcko:O=C1NCCN1c1nccs1,True,False,unresolved_with_missing_labels,6,0,0,,10,KCNH2;ADRB1;SLC6A3;CHRM1;CHRM3;DRD2;SLC6A2;SLC6A4;NR3C1;HRH1
source_representative,609,REFJWTPEDVJJIY-UHFFFAOYSA-N,0,murcko:O=c1cc(-c2ccccc2)oc2ccccc12,True,False,unresolved_interval_overlap,0,0,0,,10,KCNH2;ADRB1;SLC6A3;CHRM1;CHRM3;DRD2;SLC6A2;SLC6A4;NR3C1;HRH1
source_representative,610,REYFJDPCWQRWAA-UHFFFAOYSA-N,4,murcko:c1ccc(CN(CC2=NCCN2)c2ccccc2)cc1,True,True,eligible_certified_maximum,0,0,1,HRH1,1,HRH1
source_representative,611,RFHAOTPXVQNOHP-UHFFFAOYSA-N,1,murcko:c1ccc(C(Cn2cncn2)Cn2cncn2)cc1,True,False,unresolved_interval_overlap,0,0,0,,10,KCNH2;ADRB1;SLC6A3;CHRM1;CHRM3;DRD2;SLC6A2;SLC6A4;NR3C1;HRH1
source_representative,612,RGCVKNLCSQQDEP-UHFFFAOYSA-N,3,murcko:c1ccc2c(c1)Sc1ccccc1N2CCCN1CCNCC1,True,True,eligible_certified_maximum,0,0,1,DRD2,1,DRD2
source_representative,613,RGPDEAGGEXEMMM-UHFFFAOYSA-N,0,murcko:c1ccc(C2OCCNCc3ccccc32)cc1,True,True,eligible_certified_maximum,0,0,1,SLC6A4,1,SLC6A4
source_representative,614,RHLJLALHBZGAFM-UHFFFAOYSA-N,0,murcko:c1ccc2nc(N3CCCNCC3)ncc2c1,True,True,eligible_certified_maximum,0,0,1,KCNH2,1,KCNH2
source_representative,615,RIGBPMDIGYBTBJ-UHFFFAOYSA-N,2,murcko:O=C(NC1CCCCC1)NS(=O)(=O)c1ccccc1,True,False,unresolved_with_missing_labels,6,0,0,,10,KCNH2;ADRB1;SLC6A3;CHRM1;CHRM3;DRD2;SLC6A2;SLC6A4;NR3C1;HRH1
source_representative,616,RJKFOVLPORLFTN-LEKSSAKUSA-N,3,murcko:O=C1C=C2CC[C@H]3[C@@H]4CCCC4CC[C@@H]3C2CC1,True,True,eligible_certified_maximum,0,0,1,NR3C1,1,NR3C1
source_representative,617,RJMIEHBSYVWVIN-UHFFFAOYSA-N,2,murcko:O=C1c2ccccc2CN1c1ccccc1,True,False,unresolved_interval_overlap,0,0,0,,10,KCNH2;ADRB1;SLC6A3;CHRM1;CHRM3;DRD2;SLC6A2;SLC6A4;NR3C1;HRH1
source_representative,618,RJMUSRYZPJIFPJ-UHFFFAOYSA-N,4,murcko:O=C(Nc1ccccc1)c1ccccc1,True,False,unresolved_interval_overlap,0,0,0,,10,KCNH2;ADRB1;SLC6A3;CHRM1;CHRM3;DRD2;SLC6A2;SLC6A4;NR3C1;HRH1
source_representative,619,RJURFGZVJUQBHK-IIXSONLDSA-N,4,murcko:O=C1CNC(=O)[C@@H]2CCCN2C(=O)CNC(=O)[C@@H](NC(=O)c2cc(=O)cc3oc4cccc(C(=O)N[C@H]5COC(=O)CNC(=O)CNC(=O)[C@@H]6CCCN6C(=O)CNC5=O)c4nc2-3)COC(=O)CN1,True,False,unresolved_with_missing_labels,6,0,0,,10,KCNH2;ADRB1;SLC6A3;CHRM1;CHRM3;DRD2;SLC6A2;SLC6A4;NR3C1;HRH1
source_representative,620,RKEWSXXUOLRFBX-UHFFFAOYSA-N,3,murcko:O=C(NCc1ccccc1)N(Cc1ccccc1)C1CCNCC1,True,False,unresolved_with_missing_labels,6,0,0,,7,KCNH2;ADRB1;CHRM1;CHRM3;DRD2;NR3C1;HRH1
source_representative,621,RKLNONIVDFXQRX-UHFFFAOYSA-N,3,murcko:O=C(CCCN1CCC(c2ccccc2)CC1)c1ccccc1,True,True,eligible_certified_maximum,0,0,1,DRD2,1,DRD2
source_representative,622,RMEDXOLNCUSCGS-UHFFFAOYSA-N,3,murcko:O=C(CCCN1CC=C(n2c(=O)[nH]c3ccccc32)CC1)c1ccccc1,True,False,unresolved_with_missing_labels,6,0,0,,7,KCNH2;ADRB1;CHRM1;CHRM3;DRD2;NR3C1;HRH1
source_representative,623,RNLQIBCLLYYYFJ-UHFFFAOYSA-N,3,murcko:O=c1ccc(-c2ccncc2)c[nH]1,True,False,unresolved_interval_overlap,0,0,0,,10,KCNH2;ADRB1;SLC6A3;CHRM1;CHRM3;DRD2;SLC6A2;SLC6A4;NR3C1;HRH1
source_representative,624,ROBVIMPUHSLWNV-UHFFFAOYSA-N,3,murcko:O=C1CCC(c2ccccc2)C(=O)N1,True,False,unresolved_interval_overlap,0,0,0,,10,KCNH2;ADRB1;SLC6A3;CHRM1;CHRM3;DRD2;SLC6A2;SLC6A4;NR3C1;HRH1
source_representative,625,RONZAEMNMFQXRA-UHFFFAOYSA-N,1,murcko:c1ccc2c(c1)Cc1cccnc1N1CCNCC21,True,False,unresolved_with_missing_labels,3,0,0,,4,CHRM3;DRD2;NR3C1;HRH1
source_representative,626,RPLCPCMSCLEKRS-BPIQYHPVSA-N,0,murcko:C=C1CC2CCC[C@H]2[C@@H]2CCC3=CCCC[C@@H]3[C@@H]12,True,True,eligible_certified_maximum,0,0,1,NR3C1,1,NR3C1
source_representative,627,RQTOOFIXOKYGAN-UHFFFAOYSA-N,3,murcko:O=c1cc[nH]c2cc3occc(=O)c3cc12,True,False,unresolved_with_missing_labels,6,0,0,,10,KCNH2;ADRB1;SLC6A3;CHRM1;CHRM3;DRD2;SLC6A2;SLC6A4;NR3C1;HRH1
source_representative,628,RQXCLMGKHJWMOA-UHFFFAOYSA-N,4,murcko:c1ccc(C(CCN2CCCCC2)c2ccccc2)cc1,True,False,unresolved_with_missing_labels,6,0,0,,7,KCNH2;ADRB1;CHRM1;CHRM3;DRD2;NR3C1;HRH1
source_representative,629,RRGUKTPIGVIEKM-UHFFFAOYSA-N,3,murcko:O=C1CCc2cc(OCCCCc3nnnn3C3CCCCC3)ccc2N1,True,False,unresolved_interval_overlap,0,0,0,,10,KCNH2;ADRB1;SLC6A3;CHRM1;CHRM3;DRD2;SLC6A2;SLC6A4;NR3C1;HRH1
source_representative,630,RRUDCFGSUDOHDG-UHFFFAOYSA-N,2,acyclic:CC(=O)NO,True,False,unresolved_with_missing_labels,7,0,0,,10,KCNH2;ADRB1;SLC6A3;CHRM1;CHRM3;DRD2;SLC6A2;SLC6A4;NR3C1;HRH1
source_representative,631,RRYMAQUWDLIUPV-BXKDBHETSA-N,0,murcko:O=C1C[C@H]2SCC=CN12,True,False,unresolved_with_missing_labels,1,0,0,,10,KCNH2;ADRB1;SLC6A3;CHRM1;CHRM3;DRD2;SLC6A2;SLC6A4;NR3C1;HRH1
source_representative,632,RSEPBGGWRJCQGY-RBRWEJTLSA-N,1,murcko:c1ccc2c(c1)CC[C@@H]1[C@@H]2CCC2CCC[C@H]21,True,False,unresolved_with_missing_labels,10,0,0,,10,KCNH2;ADRB1;SLC6A3;CHRM1;CHRM3;DRD2;SLC6A2;SLC6A4;NR3C1;HRH1
source_representative,633,RSOZZQTUMVBTMR-XGUNBQNXSA-N,4,murcko:O=C1CCOC2CC[C@H]3CCCCC3C12,True,False,unresolved_with_missing_labels,10,0,0,,10,KCNH2;ADRB1;SLC6A3;CHRM1;CHRM3;DRD2;SLC6A2;SLC6A4;NR3C1;HRH1
source_representative,634,RTGDFNSFWBGLEC-SYZQJQIISA-N,3,murcko:O=C(CCC=CCc1ccc2c(c1)C(=O)OC2)OCCN1CCOCC1,True,True,eligible_certified_maximum,0,0,1,KCNH2,1,KCNH2
source_representative,635,RTHCYVBBDHJXIQ-UHFFFAOYSA-N,2,murcko:c1ccc(COc2ccccc2)cc1,True,True,eligible_certified_maximum,0,0,1,SLC6A4,1,SLC6A4
source_representative,636,RTXOFQZKPXMALH-GHXIOONMSA-N,4,murcko:N=C(C(=O)N[C@@H]1C(=O)N2C=CCS[C@H]12)c1cscn1,True,False,unresolved_interval_overlap,0,0,0,,10,KCNH2;ADRB1;SLC6A3;CHRM1;CHRM3;DRD2;SLC6A2;SLC6A4;NR3C1;HRH1
source_representative,637,RUJBDQSFYCKFAA-UHFFFAOYSA-N,3,murcko:C1=NN=C(c2ccccc2)c2ccccc2C1,True,False,unresolved_with_missing_labels,6,0,0,,10,KCNH2;ADRB1;SLC6A3;CHRM1;CHRM3;DRD2;SLC6A2;SLC6A4;NR3C1;HRH1
source_representative,638,RUOKEQAAGRXIBM-GFCCVEGCSA-N,0,murcko:c1ccc2c(c1)CCC2,True,False,unresolved_interval_overlap,0,0,0,,10,KCNH2;ADRB1;SLC6A3;CHRM1;CHRM3;DRD2;SLC6A2;SLC6A4;NR3C1;HRH1
source_representative,639,RUZYUOTYCVRMRZ-UHFFFAOYSA-N,1,murcko:O=C(C1COc2ccccc2O1)N1CCN(c2ncc3ccccc3n2)CC1,True,True,eligible_certified_maximum,0,0,1,SLC6A3,1,SLC6A3
source_representative,640,RWHUEXWOYVBUCI-ITQXDASVSA-N,0,murcko:O=C(CNC(=O)[C@@H](Cc1ccc2ccccc2c1)NC(=O)[C@H](Cc1ccccc1)NC(=O)CNC(=O)[C@H](Cc1c[nH]c2ccccc12)NC(=O)[C@H](Cc1c[nH]cn1)NC(=O)[C@@H]1CCC(=O)N1)NCC(=O)N1CCCC1,False,False,excluded_native_score_incomplete,0,10,0,,10,KCNH2;ADRB1;SLC6A3;CHRM1;CHRM3;DRD2;SLC6A2;SLC6A4;NR3C1;HRH1
source_representative,641,RXPRRQLKFXBCSJ-GIVPXCGWSA-N,1,murcko:c1ccc2c(c1)c1c3n2CCC2CCCN(CC1)[C@H]32,True,False,unresolved_with_missing_labels,6,0,0,,7,KCNH2;ADRB1;CHRM1;CHRM3;DRD2;NR3C1;HRH1
source_representative,642,RYBJORHCUPVNMB-UHFFFAOYSA-N,1,murcko:c1ccc(CCNCCCCCCNCCc2ccccc2)cc1,True,False,unresolved_with_missing_labels,1,0,0,,2,DRD2;SLC6A2
source_representative,643,RYMZZMVNJRMUDD-HGQWONQESA-N,2,murcko:O=C1CCC[C@@H](CC[C@H]2CC=CC3=CCCC[C@@H]32)O1,True,True,eligible_certified_maximum,0,0,1,SLC6A3,1,SLC6A3
source_representative,644,RYYVLZVUVIJVGH-UHFFFAOYSA-N,1,murcko:O=c1[nH]c(=O)c2[nH]cnc2[nH]1,True,False,unresolved_interval_overlap,0,0,0,,10,KCNH2;ADRB1;SLC6A3;CHRM1;CHRM3;DRD2;SLC6A2;SLC6A4;NR3C1;HRH1
source_representative,645,RZEKVGVHFLEQIL-UHFFFAOYSA-N,4,murcko:c1ccc(-c2ccnn2-c2ccccc2)cc1,True,True,eligible_certified_maximum,0,0,1,SLC6A4,1,SLC6A4
source_representative,646,RZJQGNCSTQAWON-UHFFFAOYSA-N,4,murcko:O=C1OCC(c2ccccc2)=C1c1ccccc1,True,False,unresolved_interval_overlap,0,0,0,,10,KCNH2;ADRB1;SLC6A3;CHRM1;CHRM3;DRD2;SLC6A2;SLC6A4;NR3C1;HRH1
source_representative,647,RZTAMFZIAATZDJ-UHFFFAOYSA-N,2,murcko:C1=CC(c2ccccc2)C=CN1,True,False,unresolved_with_missing_labels,1,0,0,,2,CHRM3;NR3C1
source_representative,648,SAADBVWGJQAEFS-UHFFFAOYSA-N,0,murcko:O=C1CN=C(c2ccccc2)c2ccccc2N1,True,True,eligible_certified_maximum,0,0,1,KCNH2,1,KCNH2
source_representative,649,SAMRUMKYXPVKPA-VFKOLLTISA-N,1,murcko:O=c1ncccn1[C@H]1CCCO1,True,False,unresolved_with_missing_labels,10,0,0,,10,KCNH2;ADRB1;SLC6A3;CHRM1;CHRM3;DRD2;SLC6A2;SLC6A4;NR3C1;HRH1
source_representative,650,SAPNXPWPAUFAJU-UHFFFAOYSA-N,1,murcko:O=C(CNCCCN1c2ccccc2CCc2ccccc21)c1ccccc1,True,True,eligible_certified_maximum,0,0,1,SLC6A2,1,SLC6A2
source_representative,651,SBDNJUWAMKYJOX-UHFFFAOYSA-N,2,murcko:c1ccc(Nc2ccccc2)cc1,True,False,unresolved_with_missing_labels,6,0,0,,10,KCNH2;ADRB1;SLC6A3;CHRM1;CHRM3;DRD2;SLC6A2;SLC6A4;NR3C1;HRH1
source_representative,652,SBNPWPIBESPSIF-MHWMIDJBSA-N,0,murcko:O=C(CNC(=O)CNC(=O)[C@H](Cc1ccccc1)NC(=O)CNC(=O)[C@@H](Cc1cccnc1)NC(=O)[C@@H](Cc1ccccc1)NC(=O)CCc1ccc2ccccc2c1)NCC(=O)N1CCCC1,False,False,excluded_native_score_incomplete,7,10,0,,10,KCNH2;ADRB1;SLC6A3;CHRM1;CHRM3;DRD2;SLC6A2;SLC6A4;NR3C1;HRH1
source_representative,653,SBUJHOSQTJFQJX-NOAMYHISSA-N,4,murcko:C1CC[C@@H](O[C@@H]2CCC[C@H](O[C@@H]3CCCCO3)C2)OC1,True,False,unresolved_interval_overlap,0,0,0,,10,KCNH2;ADRB1;SLC6A3;CHRM1;CHRM3;DRD2;SLC6A2;SLC6A4;NR3C1;HRH1
source_representative,654,SCKYRAXSEDYPSA-UHFFFAOYSA-N,1,murcko:O=c1cccc(C2CCCCC2)[nH]1,True,False,unresolved_with_missing_labels,2,0,0,,10,KCNH2;ADRB1;SLC6A3;CHRM1;CHRM3;DRD2;SLC6A2;SLC6A4;NR3C1;HRH1
source_representative,655,SDUQYLNIPVEERB-QPPQHZFASA-N,1,murcko:O=c1ncccn1[C@H]1CCCO1,True,False,unresolved_interval_overlap,0,0,0,,10,KCNH2;ADRB1;SLC6A3;CHRM1;CHRM3;DRD2;SLC6A2;SLC6A4;NR3C1;HRH1
source_representative,656,SEBMTIQKRHYNIT-UHFFFAOYSA-N,0,murcko:c1ccc2c(c1)CCc1cccnc1C2=C1CCNCC1,True,True,eligible_certified_maximum,0,0,1,HRH1,1,HRH1
source_representative,657,SECKRCOLJRRGGV-UHFFFAOYSA-N,3,murcko:O=c1[nH]c(-c2cccc(S(=O)(=O)N3CCNCC3)c2)nn2cncc12,True,False,unresolved_with_missing_labels,6,0,0,,7,ADRB1;SLC6A3;CHRM1;CHRM3;DRD2;NR3C1;HRH1
source_representative,658,SEERZIQQUAZTOL-ANMDKAQQSA-N,3,murcko:c1ccc(-c2ccncc2)cc1,True,False,unresolved_with_missing_labels,7,0,0,,10,KCNH2;ADRB1;SLC6A3;CHRM1;CHRM3;DRD2;SLC6A2;SLC6A4;NR3C1;HRH1
source_representative,659,SEQDDYPDSLOBDC-UHFFFAOYSA-N,0,murcko:O=C1CN=C(c2ccccc2)c2ccccc2N1,True,False,unresolved_interval_overlap,0,0,0,,10,KCNH2;ADRB1;SLC6A3;CHRM1;CHRM3;DRD2;SLC6A2;SLC6A4;NR3C1;HRH1
source_representative,660,SFKQVVDKFKYTNA-DZCXQCEKSA-N,2,murcko:O=C1CNC(=O)[C@H](Cc2ccccc2)NC(=O)[C@H](Cc2ccccc2)NC(=O)CCSSC[C@@H](C(=O)N2CCCC2)NC(=O)CN1,True,False,unresolved_with_missing_labels,7,0,0,,10,KCNH2;ADRB1;SLC6A3;CHRM1;CHRM3;DRD2;SLC6A2;SLC6A4;NR3C1;HRH1
source_representative,661,SGOIRFVFHAKUTI-ZCFIWIBFSA-N,0,murcko:c1ncc2nc[nH]c2n1,True,False,unresolved_interval_overlap,0,0,0,,10,KCNH2;ADRB1;SLC6A3;CHRM1;CHRM3;DRD2;SLC6A2;SLC6A4;NR3C1;HRH1
source_representative,662,SGOOQMRIPALTEL-UHFFFAOYSA-N,1,murcko:O=C(Nc1ccccc1)c1cc2ccccc2[nH]c1=O,True,False,unresolved_with_missing_labels,4,0,0,,10,KCNH2;ADRB1;SLC6A3;CHRM1;CHRM3;DRD2;SLC6A2;SLC6A4;NR3C1;HRH1
source_representative,663,SGRYPYWGNKJSDL-UHFFFAOYSA-N,4,murcko:O=c1c2ccccc2oc2ncccc12,True,False,unresolved_interval_overlap,0,0,0,,10,KCNH2;ADRB1;SLC6A3;CHRM1;CHRM3;DRD2;SLC6A2;SLC6A4;NR3C1;HRH1
source_representative,664,SGTNSNPWRIOYBX-UHFFFAOYSA-N,2,murcko:c1ccc(CCCCNCCc2ccccc2)cc1,True,True,eligible_certified_maximum,0,0,1,SLC6A4,1,SLC6A4
source_representative,665,SHZKQBHERIJWAO-AATRIKPKSA-N,2,murcko:c1ccc(Cn2ccnc2)cc1,True,False,unresolved_with_missing_labels,2,0,0,,10,KCNH2;ADRB1;SLC6A3;CHRM1;CHRM3;DRD2;SLC6A2;SLC6A4;NR3C1;HRH1
source_representative,666,SIDLZWOQUZRBRU-UHFFFAOYSA-N,3,murcko:O=C1CCNC(=O)C1,True,False,unresolved_interval_overlap,0,0,0,,10,KCNH2;ADRB1;SLC6A3;CHRM1;CHRM3;DRD2;SLC6A2;SLC6A4;NR3C1;HRH1
source_representative,667,SJVQHLPISAIATJ-ZDUSSCGKSA-N,4,murcko:O=c1c2ccccc2cc(CNc2ncnc3[nH]cnc23)n1-c1ccccc1,True,False,unresolved_with_missing_labels,1,0,0,,10,KCNH2;ADRB1;SLC6A3;CHRM1;CHRM3;DRD2;SLC6A2;SLC6A4;NR3C1;HRH1
source_representative,668,SLVMESMUVMCQIY-UHFFFAOYSA-N,0,murcko:c1ccc2c(c1)Sc1ccccc1N2CCC1CCCCN1,False,False,excluded_native_score_incomplete,6,10,0,,7,KCNH2;ADRB1;CHRM1;CHRM3;DRD2;NR3C1;HRH1
source_representative,669,SLXKOJJOQWFEFD-UHFFFAOYSA-N,0,acyclic:NCCCCCC(=O)O,True,False,unresolved_interval_overlap,0,0,0,,6,ADRB1;SLC6A3;CHRM1;DRD2;NR3C1;HRH1
source_representative,670,SMANXXCATUTDDT-QPJJXVBHSA-N,3,murcko:C(=C/c1ccccc1)\CN1CCN(C(c2ccccc2)c2ccccc2)CC1,True,False,unresolved_with_missing_labels,6,0,0,,7,KCNH2;ADRB1;CHRM1;CHRM3;DRD2;NR3C1;HRH1
source_representative,671,SMTZFNFIKUPEJC-UHFFFAOYSA-N,0,murcko:c1ccc(CN2CCCCC2)cc1,True,False,unresolved_interval_overlap,0,0,0,,10,KCNH2;ADRB1;SLC6A3;CHRM1;CHRM3;DRD2;SLC6A2;SLC6A4;NR3C1;HRH1
source_representative,672,SNBUBQHDYVFSQF-HIFRSBDPSA-N,2,murcko:O=C1C[C@H]2SCC(CSc3nnn[nH]3)=CN12,True,False,unresolved_with_missing_labels,2,0,0,,10,KCNH2;ADRB1;SLC6A3;CHRM1;CHRM3;DRD2;SLC6A2;SLC6A4;NR3C1;HRH1
source_representative,673,SNICXCGAKADSCV-JTQLQIEISA-N,2,murcko:c1cncc([C@@H]2CCCN2)c1,True,False,unresolved_with_missing_labels,7,0,0,,10,KCNH2;ADRB1;SLC6A3;CHRM1;CHRM3;DRD2;SLC6A2;SLC6A4;NR3C1;HRH1
source_representative,674,SNPLKNRPJHDVJA-ZETCQYMHSA-N,4,acyclic:CC(C)(CO)[C@@H](O)C(=O)NCCCO,True,False,unresolved_with_missing_labels,6,0,0,,7,KCNH2;ADRB1;CHRM1;CHRM3;DRD2;NR3C1;HRH1
source_representative,675,SPIUTQOUKAMGCX-UHFFFAOYSA-N,3,murcko:O=C(OCCN1CCCCC1)c1cccc2c(=O)cc(-c3ccccc3)oc12,True,False,unresolved_with_missing_labels,6,0,0,,7,KCNH2;ADRB1;CHRM1;CHRM3;DRD2;NR3C1;HRH1
source_representative,676,SPMVMDHWKHCIDT-UHFFFAOYSA-N,4,murcko:O=C(Nc1ccc(Oc2ccnc3ccccc23)cc1)Nc1ccon1,True,False,unresolved_with_missing_labels,4,0,0,,6,KCNH2;ADRB1;SLC6A3;CHRM3;SLC6A4;NR3C1
source_representative,677,SPPTWHFVYKCNNK-FQEVSTJZSA-N,4,murcko:O=C(N[C@@H](Cc1ccccc1)C(=O)Nc1ccccc1)c1ccccc1,True,False,unresolved_interval_overlap,0,0,0,,10,KCNH2;ADRB1;SLC6A3;CHRM1;CHRM3;DRD2;SLC6A2;SLC6A4;NR3C1;HRH1
source_representative,678,SQUNAWUMZGQQJD-UHFFFAOYSA-N,2,murcko:O=C(CCN1CCCCC1)c1ccccc1,True,True,eligible_certified_maximum,0,0,1,KCNH2,1,KCNH2
source_representative,679,SSQPWTVBQMWLSZ-AAQCHOMXSA-N,1,acyclic:CC/C=C\C/C=C\C/C=C\C/C=C\C/C=C\CCCC(=O)OCC,True,False,unresolved_with_missing_labels,4,0,0,,10,KCNH2;ADRB1;SLC6A3;CHRM1;CHRM3;DRD2;SLC6A2;SLC6A4;NR3C1;HRH1
source_representative,680,STDBAQMTJLUMFW-UHFFFAOYSA-N,4,murcko:O=C1CC(=O)NC(=O)N1,True,False,unresolved_interval_overlap,0,0,0,,10,KCNH2;ADRB1;SLC6A3;CHRM1;CHRM3;DRD2;SLC6A2;SLC6A4;NR3C1;HRH1
source_representative,681,SUBDBMMJDZJVOS-UHFFFAOYSA-N,3,murcko:O=S(Cc1ccccn1)c1nc2ccccc2[nH]1,False,False,excluded_native_score_incomplete,6,10,0,,7,KCNH2;ADRB1;CHRM1;CHRM3;DRD2;NR3C1;HRH1
source_representative,682,SUJUHGSWHZTSEU-FYBSXPHGSA-N,1,murcko:O=C1OC(CCc2ccccc2)CC=C1Cc1cccc(NS(=O)(=O)c2ccccn2)c1,True,False,unresolved_with_missing_labels,2,0,0,,3,KCNH2;SLC6A3;NR3C1
source_representative,683,SWLMUYACZKCSHZ-UHFFFAOYSA-N,4,murcko:c1ccc(CCC(Cn2ccnc2)Sc2ccccc2)cc1,True,True,eligible_certified_maximum,0,0,1,KCNH2,1,KCNH2
source_representative,684,SYOKIDBDQMKNDQ-XWTIBIIYSA-N,2,murcko:O=C(CNC12CC3CC(CC(C3)C1)C2)N1CCCC1,True,False,unresolved_interval_overlap,0,0,0,,10,KCNH2;ADRB1;SLC6A3;CHRM1;CHRM3;DRD2;SLC6A2;SLC6A4;NR3C1;HRH1
source_representative,685,SYTBZMRGLBWNTM-UHFFFAOYSA-N,0,murcko:c1ccc(-c2ccccc2)cc1,True,True,eligible_certified_maximum,0,0,1,CHRM3,1,CHRM3
source_representative,686,SZLZWPPUNLXJEA-QEGASFHISA-N,4,murcko:O=C(/C=C/c1ccccc1)O[C@H]1CC[C@H]2C[C@@H]3c4[nH]c5ccccc5c4CCN3C[C@H]2C1,True,True,eligible_certified_maximum,0,0,1,KCNH2,1,KCNH2
source_representative,687,TVHAZVBUYQMHBC-SNHXEXRGSA-N,2,murcko:C1CCCC1,True,False,unresolved_interval_overlap,0,0,0,,10,KCNH2;ADRB1;SLC6A3;CHRM1;CHRM3;DRD2;SLC6A2;SLC6A4;NR3C1;HRH1
source_representative,688,TVQZAMVBTVNYLA-UHFFFAOYSA-N,1,murcko:c1ccc2c(c1)Cc1cccnc1O2,True,False,unresolved_with_missing_labels,6,0,0,,10,KCNH2;ADRB1;SLC6A3;CHRM1;CHRM3;DRD2;SLC6A2;SLC6A4;NR3C1;HRH1
source_representative,689,TVURRHSHRRELCG-UHFFFAOYSA-N,2,murcko:c1ccc(C2CNCCc3ccccc32)cc1,True,False,unresolved_with_missing_labels,5,0,0,,6,ADRB1;CHRM1;CHRM3;SLC6A4;NR3C1;HRH1
source_representative,690,TVYLLZQTGLZFBW-ZBFHGGJFSA-N,4,murcko:c1ccc(C2CCCCC2)cc1,True,True,eligible_certified_maximum,0,0,1,SLC6A4,1,SLC6A4
source_representative,691,TYNLGDBUJLVSMA-UHFFFAOYSA-N,2,murcko:O=C1c2ccccc2C(=O)c2ccccc21,True,True,eligible_certified_maximum,0,0,1,SLC6A2,1,SLC6A2
source_representative,692,TYQXKHPOXXXCTP-CSLYCKPJSA-N,1,murcko:O=C1CCCCOC(=O)C[C@@H](O[C@H]2CCCCO2)C[C@@H](O[C@H]2CCCCO2)CCC1,True,False,unresolved_with_missing_labels,10,0,0,,10,KCNH2;ADRB1;SLC6A3;CHRM1;CHRM3;DRD2;SLC6A2;SLC6A4;NR3C1;HRH1
source_representative,693,TYYBFXNZMFNZJT-UHFFFAOYSA-N,2,murcko:O=C(CNC(=O)c1ccccc1)Nc1ccccc1,True,False,unresolved_with_missing_labels,6,0,0,,10,KCNH2;ADRB1;SLC6A3;CHRM1;CHRM3;DRD2;SLC6A2;SLC6A4;NR3C1;HRH1
source_representative,694,UBCHPRBFMUDMNC-UHFFFAOYSA-N,4,murcko:C1C2CC3CC1CC(C2)C3,True,False,unresolved_interval_overlap,0,0,0,,10,KCNH2;ADRB1;SLC6A3;CHRM1;CHRM3;DRD2;SLC6A2;SLC6A4;NR3C1;HRH1
source_representative,695,UBPYILGKFZZVDX-UHFFFAOYSA-N,2,murcko:c1ccc(Nc2ccnc3cc(OCCCN4CCNCC4)ccc23)cc1,True,False,unresolved_with_missing_labels,1,0,0,,2,CHRM3;DRD2
source_representative,696,UBQNRHZMVUUOMG-UHFFFAOYSA-N,4,murcko:c1ccc2oncc2c1,True,False,unresolved_interval_overlap,0,0,0,,10,KCNH2;ADRB1;SLC6A3;CHRM1;CHRM3;DRD2;SLC6A2;SLC6A4;NR3C1;HRH1
source_representative,697,UCHDWCPVSPXUMX-TZIWLTJVSA-N,0,murcko:C(=C/c1ccc2ccccc2n1)\c1cccc([C@@H](CCc2ccccc2)SCC2CC2)c1,True,False,unresolved_with_missing_labels,1,0,0,,3,ADRB1;SLC6A2;NR3C1
source_representative,698,UDMBCSSLTHHNCD-KQYNXXCUSA-N,3,murcko:c1ncc2ncn([C@H]3CCCO3)c2n1,True,False,unresolved_with_missing_labels,10,0,0,,10,KCNH2;ADRB1;SLC6A3;CHRM1;CHRM3;DRD2;SLC6A2;SLC6A4;NR3C1;HRH1
source_representative,699,UEJJHQNACJXSKW-UHFFFAOYSA-N,4,murcko:O=C1CCC(N2C(=O)c3ccccc3C2=O)C(=O)N1,True,False,unresolved_interval_overlap,0,0,0,,10,KCNH2;ADRB1;SLC6A3;CHRM1;CHRM3;DRD2;SLC6A2;SLC6A4;NR3C1;HRH1
source_representative,700,UGDPYGKWIHHBMB-UHFFFAOYSA-N,2,murcko:c1ccc(Nc2ccccc2)cc1,True,False,unresolved_interval_overlap,0,0,0,,10,KCNH2;ADRB1;SLC6A3;CHRM1;CHRM3;DRD2;SLC6A2;SLC6A4;NR3C1;HRH1
source_representative,701,UGJMXCAKCUNAIE-UHFFFAOYSA-N,4,murcko:C1CCCCC1,True,False,unresolved_interval_overlap,0,0,0,,10,KCNH2;ADRB1;SLC6A3;CHRM1;CHRM3;DRD2;SLC6A2;SLC6A4;NR3C1;HRH1
source_representative,702,UHDGCWIWMRVCDJ-CCXZUQQUSA-N,1,murcko:O=c1ncccn1[C@H]1CCCO1,True,False,unresolved_interval_overlap,0,0,0,,10,KCNH2;ADRB1;SLC6A3;CHRM1;CHRM3;DRD2;SLC6A2;SLC6A4;NR3C1;HRH1
source_representative,703,UHSKFQJFRQCDBE-UHFFFAOYSA-N,2,murcko:O=C1Cc2ccccc2N1,True,True,eligible_certified_maximum,0,0,1,DRD2,1,DRD2
source_representative,704,UHTHHESEBZOYNR-UHFFFAOYSA-N,0,murcko:c1ccc(Nc2ncnc3cc(OCC4CCNCC4)ccc23)cc1,True,True,eligible_certified_maximum,0,0,1,HRH1,1,HRH1
source_representative,705,UHWVSEOVJBQKBE-UHFFFAOYSA-N,1,murcko:c1ccc(CN2CCNCC2)cc1,True,True,eligible_certified_maximum,0,0,1,SLC6A4,1,SLC6A4
source_representative,706,UIAGMCDKSXEBJQ-UHFFFAOYSA-N,2,murcko:C1=CC(c2ccccc2)C=CN1,True,True,eligible_certified_maximum,0,0,1,NR3C1,1,NR3C1
source_representative,707,UIMOJFJSJSIGLV-JNHMLNOCSA-N,0,murcko:N=C(C(=O)N[C@H]1CNC1=O)c1cscn1,True,False,unresolved_with_missing_labels,1,0,0,,10,KCNH2;ADRB1;SLC6A3;CHRM1;CHRM3;DRD2;SLC6A2;SLC6A4;NR3C1;HRH1
source_representative,708,UJEWTUDSLQGTOA-UHFFFAOYSA-N,1,murcko:c1ccc(Oc2ccccc2N2CCCC2)cc1,True,True,eligible_certified_maximum,0,0,1,SLC6A4,1,SLC6A4
source_representative,709,UJLAWZDWDVHWOW-YPMHNXCESA-N,1,murcko:c1nc(N[C@@H]2CCCNC2)c2cc[nH]c2n1,True,False,unresolved_with_missing_labels,1,0,0,,10,KCNH2;ADRB1;SLC6A3;CHRM1;CHRM3;DRD2;SLC6A2;SLC6A4;NR3C1;HRH1
source_representative,710,UKTAZPQNNNJVKR-MMUVGSQPSA-N,0,murcko:O=C(O[C@H]1C[C@H]2CC3C[C@@H](C1)N2CC3=O)c1c[nH]c2ccccc12,True,False,unresolved_with_missing_labels,6,0,0,,7,ADRB1;CHRM1;CHRM3;DRD2;SLC6A4;NR3C1;HRH1
source_representative,711,ULFRLSNUDGIQQP-UHFFFAOYSA-N,3,murcko:c1ncn(Cc2ccc3[nH]ccc3c2)n1,True,True,eligible_certified_maximum,0,0,1,HRH1,1,HRH1
source_representative,712,ULSDMUVEXKOYBU-ZDUSSCGKSA-N,2,murcko:O=C1N[C@@H](Cc2ccc3[nH]ccc3c2)CO1,True,False,unresolved_interval_overlap,0,0,0,,10,KCNH2;ADRB1;SLC6A3;CHRM1;CHRM3;DRD2;SLC6A2;SLC6A4;NR3C1;HRH1
source_representative,713,ULXXDDBFHOBEHA-CWDCEQMOSA-N,4,murcko:c1ccc(Nc2ncnc3cc(O[C@H]4CCOC4)ccc23)cc1,True,True,eligible_certified_maximum,0,0,1,KCNH2,1,KCNH2
source_representative,714,UNAANXDKBXWMLN-UHFFFAOYSA-N,3,murcko:c1ccc(C2CCC2)cc1,True,False,unresolved_with_missing_labels,1,0,0,,2,CHRM3;SLC6A2
source_representative,715,UNFWWIHTNXNPBV-WXKVUWSESA-N,0,murcko:O=C1CCO[C@H]2O[C@@H]3CCCC[C@H]3OC12,True,False,unresolved_interval_overlap,0,0,0,,10,KCNH2;ADRB1;SLC6A3;CHRM1;CHRM3;DRD2;SLC6A2;SLC6A4;NR3C1;HRH1
source_representative,716,UOWZUVNAGUAEQC-UHFFFAOYSA-N,3,murcko:c1ccc(Oc2ccccc2)cc1,True,False,unresolved_with_missing_labels,1,0,0,,10,KCNH2;ADRB1;SLC6A3;CHRM1;CHRM3;DRD2;SLC6A2;SLC6A4;NR3C1;HRH1
source_representative,717,UOZODPSAJZTQNH-LSWIJEOBSA-N,4,murcko:C1CC[C@@H](O[C@@H]2CO[C@@H](O[C@@H]3CCCC[C@H]3O[C@@H]3CCCCO3)C2)OC1,True,False,unresolved_with_missing_labels,6,0,0,,10,KCNH2;ADRB1;SLC6A3;CHRM1;CHRM3;DRD2;SLC6A2;SLC6A4;NR3C1;HRH1
source_representative,718,UQZVCDCIMBLVNR-TWYODKAFSA-N,2,murcko:O=C1CC[C@H](/C=C/CCOc2ccccc2)C1,True,False,unresolved_interval_overlap,0,0,0,,10,KCNH2;ADRB1;SLC6A3;CHRM1;CHRM3;DRD2;SLC6A2;SLC6A4;NR3C1;HRH1
source_representative,719,URKOMYMAXPYINW-UHFFFAOYSA-N,2,murcko:c1ccc2c(c1)N=C(N1CCNCC1)c1ccccc1S2,True,True,eligible_certified_maximum,0,0,1,HRH1,1,HRH1
source_representative,720,USUZGMWDZDXMDG-CYBMUJFWSA-N,1,murcko:c1ccc([C@H]2CCc3cncn32)cc1,True,False,unresolved_with_missing_labels,1,0,0,,2,NR3C1;HRH1
source_representative,721,USZAGAREISWJDP-UHFFFAOYSA-N,1,murcko:B1OCc2cc(Oc3ccccc3)ccc21,False,False,excluded_native_score_incomplete,6,10,0,,10,KCNH2;ADRB1;SLC6A3;CHRM1;CHRM3;DRD2;SLC6A2;SLC6A4;NR3C1;HRH1
source_representative,722,USZYSDMBJDPRIF-SVEJIMAYSA-N,4,murcko:O=C1CC[C@H](O[C@H]2CC[C@H](O[C@H]3CC[C@H](O[C@H]4CCCc5cc6c(cc54)C(=O)c4ccccc4C6=O)OC3)OC2)OC1,True,False,unresolved_with_missing_labels,6,0,0,,10,KCNH2;ADRB1;SLC6A3;CHRM1;CHRM3;DRD2;SLC6A2;SLC6A4;NR3C1;HRH1
source_representative,723,UVIQSJCZCSLXRZ-UBUQANBQSA-N,3,murcko:C1=C2CCCCC2[C@H]2CCC3C(c4cccnc4)=CC[C@H]3[C@@H]2C1,True,False,unresolved_with_missing_labels,10,0,0,,10,KCNH2;ADRB1;SLC6A3;CHRM1;CHRM3;DRD2;SLC6A2;SLC6A4;NR3C1;HRH1
source_representative,724,UVOIBTBFPOZKGP-UHFFFAOYSA-N,1,murcko:c1ccc2c(c1)Nc1ccccc1S2,True,True,eligible_certified_maximum,0,0,1,HRH1,1,HRH1
source_representative,725,UVSMNLNDYGZFPF-UHFFFAOYSA-N,4,murcko:O=C1CCC(N2C(=O)c3ccccc3C2=O)C(=O)N1,True,False,unresolved_with_missing_labels,6,0,0,,10,KCNH2;ADRB1;SLC6A3;CHRM1;CHRM3;DRD2;SLC6A2;SLC6A4;NR3C1;HRH1
source_representative,726,UWFYSQMTEOIJJG-FDTZYFLXSA-N,4,murcko:O=C1C=C2C=C[C@H]3[C@@H]4CCCC4CC[C@@H]3C2[C@H]2C[C@@H]12,True,False,unresolved_with_missing_labels,10,0,0,,10,KCNH2;ADRB1;SLC6A3;CHRM1;CHRM3;DRD2;SLC6A2;SLC6A4;NR3C1;HRH1
source_representative,727,UWWDHYUMIORJTA-HSQYWUDLSA-N,3,murcko:O=C(CNCCCc1ccccc1)N1CCc2ccccc2C1,True,False,unresolved_with_missing_labels,6,0,0,,10,KCNH2;ADRB1;SLC6A3;CHRM1;CHRM3;DRD2;SLC6A2;SLC6A4;NR3C1;HRH1
source_representative,728,UXQDWARBDDDTKG-UHFFFAOYSA-N,4,murcko:C1C2CC3CC1CC(C2)C3,True,False,unresolved_interval_overlap,0,0,0,,10,KCNH2;ADRB1;SLC6A3;CHRM1;CHRM3;DRD2;SLC6A2;SLC6A4;NR3C1;HRH1
source_representative,729,UYNVMODNBIQBMV-UHFFFAOYSA-N,1,murcko:c1ccc(CCN2CCC(Cc3ccccc3)CC2)cc1,True,True,eligible_certified_maximum,0,0,1,SLC6A4,1,SLC6A4
source_representative,730,UZVHFVZFNXBMQJ-UHFFFAOYSA-N,4,murcko:O=C1CC(=O)NC(=O)N1,True,False,unresolved_interval_overlap,0,0,0,,10,KCNH2;ADRB1;SLC6A3;CHRM1;CHRM3;DRD2;SLC6A2;SLC6A4;NR3C1;HRH1
source_representative,731,UZWDCWONPYILKI-UHFFFAOYSA-N,4,murcko:c1cc(-c2ccc3nc[nH]c3c2)nc(Nc2ccc(CN3CCNCC3)cn2)n1,True,False,unresolved_with_missing_labels,1,0,0,,2,KCNH2;NR3C1
source_representative,732,VABCILAOYCMVPS-UHFFFAOYSA-N,2,murcko:O=c1oc2ccccc2cc1Cc1ccccc1,True,False,unresolved_interval_overlap,0,0,0,,8,KCNH2;ADRB1;SLC6A3;CHRM1;DRD2;SLC6A2;SLC6A4;HRH1
source_representative,733,VACCAVUAMIDAGB-UHFFFAOYSA-N,2,murcko:O=S(=O)(Nc1nncs1)c1ccccc1,True,False,unresolved_interval_overlap,0,0,0,,10,KCNH2;ADRB1;SLC6A3;CHRM1;CHRM3;DRD2;SLC6A2;SLC6A4;NR3C1;HRH1
source_representative,734,VBHQKCBVWWUUKN-KZNAEPCWSA-N,1,murcko:c1ccc(CCO[C@@H]2CCCC[C@H]2N2CCCC2)cc1,True,False,unresolved_with_missing_labels,7,0,0,,8,KCNH2;ADRB1;CHRM1;CHRM3;DRD2;SLC6A4;NR3C1;HRH1
source_representative,735,VCKUSRYTPJJLNI-UHFFFAOYSA-N,4,murcko:O=C(C1CCCO1)N1CCN(c2ncc3ccccc3n2)CC1,True,False,unresolved_interval_overlap,0,0,0,,10,KCNH2;ADRB1;SLC6A3;CHRM1;CHRM3;DRD2;SLC6A2;SLC6A4;NR3C1;HRH1
source_representative,736,VDHAWDNDOKGFTD-MRXNPFEDSA-N,3,murcko:c1ccc(CCCNCc2cccc3ccccc23)cc1,True,True,eligible_certified_maximum,0,0,1,KCNH2,1,KCNH2
source_representative,737,VDOSWXIDETXFET-UHFFFAOYSA-N,3,murcko:O=c1c2ccccc2ncn1-c1ccccc1,True,False,unresolved_interval_overlap,0,0,0,,10,KCNH2;ADRB1;SLC6A3;CHRM1;CHRM3;DRD2;SLC6A2;SLC6A4;NR3C1;HRH1
source_representative,738,VGKDLMBJGBXTGI-SJCJKPOMSA-N,1,murcko:c1ccc([C@@H]2CCCc3ccccc32)cc1,True,True,eligible_certified_maximum,0,0,1,SLC6A4,1,SLC6A4
source_representative,739,VGLGVJVUHYTIIU-UHFFFAOYSA-N,2,murcko:O=S1(=O)NCNc2ccccc21,True,False,unresolved_with_missing_labels,6,0,0,,10,KCNH2;ADRB1;SLC6A3;CHRM1;CHRM3;DRD2;SLC6A2;SLC6A4;NR3C1;HRH1
source_representative,740,VGYFMXBACGZSIL-MCBHFWOFSA-N,4,murcko:c1ccc(-c2cc(C3CC3)nc3ccccc23)cc1,True,False,unresolved_with_missing_labels,3,0,0,,10,KCNH2;ADRB1;SLC6A3;CHRM1;CHRM3;DRD2;SLC6A2;SLC6A4;NR3C1;HRH1
source_representative,741,VGZSUPCWNCWDAN-UHFFFAOYSA-N,2,murcko:O=C(NC1CCCCC1)NS(=O)(=O)c1ccccc1,True,False,unresolved_interval_overlap,0,0,0,,10,KCNH2;ADRB1;SLC6A3;CHRM1;CHRM3;DRD2;SLC6A2;SLC6A4;NR3C1;HRH1
source_representative,742,VHGCDTVCOLNTBX-QGZVFWFLSA-N,2,murcko:c1ccc(COc2ccccc2)cc1,True,True,eligible_certified_maximum,0,0,1,SLC6A2,1,SLC6A2
source_representative,743,VHXNKPBCCMUMSW-FQEVSTJZSA-N,0,murcko:O=C1Cc2cc3n(c(=O)c2CO1)Cc1cc2ccccc2nc1-3,True,False,unresolved_with_missing_labels,7,0,0,,10,KCNH2;ADRB1;SLC6A3;CHRM1;CHRM3;DRD2;SLC6A2;SLC6A4;NR3C1;HRH1
source_representative,744,VIKNJXKGJWUCNN-XGXHKTLJSA-N,4,murcko:O=C1C=C2CC[C@@H]3[C@H](CCC4CCC[C@H]43)[C@H]2CC1,True,True,eligible_certified_maximum,0,0,1,NR3C1,1,NR3C1
source_representative,745,VILCJCGEZXAXTO-UHFFFAOYSA-N,4,acyclic:NCCNCCNCCN,True,False,unresolved_with_missing_labels,1,0,0,,10,KCNH2;ADRB1;SLC6A3;CHRM1;CHRM3;DRD2;SLC6A2;SLC6A4;NR3C1;HRH1
source_representative,746,VIROVYVQCGLCII-UHFFFAOYSA-N,4,murcko:O=C1CC(=O)NC(=O)N1,True,False,unresolved_interval_overlap,0,0,0,,10,KCNH2;ADRB1;SLC6A3;CHRM1;CHRM3;DRD2;SLC6A2;SLC6A4;NR3C1;HRH1
source_representative,747,VKHAHZOOUSRJNA-GCNJZUOMSA-N,3,murcko:O=C1C=C2CC[C@@H]3C(=C2CC1)[C@@H](c1ccccc1)CC1CCC[C@H]13,True,True,eligible_certified_maximum,0,0,1,NR3C1,1,NR3C1
source_representative,748,VKQFCGNPDRICFG-UHFFFAOYSA-N,2,murcko:C1=CC(c2ccccc2)C=CN1,True,True,eligible_certified_maximum,0,0,1,NR3C1,1,NR3C1
source_representative,749,VLYWMPOKSSWJAL-UHFFFAOYSA-N,3,murcko:O=S(=O)(Nc1cccnn1)c1ccccc1,True,False,unresolved_interval_overlap,0,0,0,,10,KCNH2;ADRB1;SLC6A3;CHRM1;CHRM3;DRD2;SLC6A2;SLC6A4;NR3C1;HRH1
source_representative,750,VMWNQDUVQKEIOC-CYBMUJFWSA-N,3,murcko:c1ccc2c(c1)C[C@H]1NCCc3cccc-2c31,True,True,eligible_certified_maximum,0,0,1,DRD2,1,DRD2
source_representative,751,VMZUTJCNQWMAGF-UHFFFAOYSA-N,0,murcko:c1ccc(C2=NCc3nncn3-c3sccc32)cc1,True,False,unresolved_interval_overlap,0,0,0,,10,KCNH2;ADRB1;SLC6A3;CHRM1;CHRM3;DRD2;SLC6A2;SLC6A4;NR3C1;HRH1
source_representative,752,VNFPBHJOKIVQEB-UHFFFAOYSA-N,0,murcko:c1ccc(C(c2ccccc2)(c2ccccc2)n2ccnc2)cc1,True,True,eligible_certified_maximum,0,0,1,SLC6A4,1,SLC6A4
source_representative,753,VOXZDWNPVJITMN-ZBRFXRBCSA-N,1,murcko:c1ccc2c(c1)CC[C@@H]1[C@@H]2CCC2CCC[C@H]21,True,True,eligible_certified_maximum,0,0,1,NR3C1,1,NR3C1
source_representative,754,VPJXQGSRWJZDOB-UHFFFAOYSA-O,2,acyclic:C[N+](C)(C)CCOC(N)=O,True,False,unresolved_interval_overlap,0,0,0,,10,KCNH2;ADRB1;SLC6A3;CHRM1;CHRM3;DRD2;SLC6A2;SLC6A4;NR3C1;HRH1
source_representative,755,VQHSOMBJVWLPSR-JVCRWLNRSA-N,1,murcko:C1CCOCC1,True,False,unresolved_interval_overlap,0,0,0,,10,KCNH2;ADRB1;SLC6A3;CHRM1;CHRM3;DRD2;SLC6A2;SLC6A4;NR3C1;HRH1
source_representative,756,VQKLRVZQQYVIJW-UHFFFAOYSA-N,2,murcko:N=c1[nH][nH]c(=N)c2ccccc12,True,False,unresolved_with_missing_labels,6,0,0,,7,KCNH2;ADRB1;CHRM1;CHRM3;DRD2;NR3C1;HRH1
source_representative,757,VRBKIVRKKCLPHA-UHFFFAOYSA-N,0,murcko:O=c1n(CCOc2ccccc2)cnn1CCCN1CCN(c2ccccc2)CC1,True,True,eligible_certified_maximum,0,0,1,DRD2,1,DRD2
source_representative,758,VREFGVBLTWBCJP-UHFFFAOYSA-N,2,murcko:c1ccc(C2=NCc3nncn3-c3ccccc32)cc1,True,False,unresolved_interval_overlap,0,0,0,,10,KCNH2;ADRB1;SLC6A3;CHRM1;CHRM3;DRD2;SLC6A2;SLC6A4;NR3C1;HRH1
source_representative,759,VRQVVMDWGGWHTJ-CQSZACIVSA-N,1,murcko:c1ccc2c(c1)Nc1ccccc1S2,True,False,unresolved_with_missing_labels,6,0,0,,7,KCNH2;ADRB1;CHRM1;CHRM3;DRD2;NR3C1;HRH1
source_representative,760,VRTWBAAJJOHBQU-KMWAZVGDSA-N,3,murcko:c1cc2c(cc1-c1ccc3[nH]c([C@H]4N[C@@H]5CC[C@H]4C5)nc3c1)Cc1cc(-c3c[nH]c([C@@H]4CC5(CC5)CN4)n3)ccc1-2,True,False,unresolved_with_missing_labels,6,0,0,,10,KCNH2;ADRB1;SLC6A3;CHRM1;CHRM3;DRD2;SLC6A2;SLC6A4;NR3C1;HRH1
source_representative,761,VSQQQLOSPVPRAZ-RRKCRQDMSA-N,1,murcko:O=c1ccn([C@H]2CCCO2)c(=O)[nH]1,True,False,unresolved_interval_overlap,0,0,0,,10,KCNH2;ADRB1;SLC6A3;CHRM1;CHRM3;DRD2;SLC6A2;SLC6A4;NR3C1;HRH1
source_representative,762,VVIAGPKUTFNRDU-ABLWVSNPSA-N,3,murcko:O=c1nc[nH]c2c1NC(CNc1ccccc1)CN2,True,False,unresolved_interval_overlap,0,0,0,,10,KCNH2;ADRB1;SLC6A3;CHRM1;CHRM3;DRD2;SLC6A2;SLC6A4;NR3C1;HRH1
source_representative,763,VVNCNSJFMMFHPL-VKHMYHEASA-N,3,acyclic:CC(C)(S)[C@@H](N)C(=O)O,True,False,unresolved_with_missing_labels,6,0,0,,10,KCNH2;ADRB1;SLC6A3;CHRM1;CHRM3;DRD2;SLC6A2;SLC6A4;NR3C1;HRH1
source_representative,764,VWFCHDSQECPREK-LURJTMIESA-N,0,murcko:O=c1nccc[nH]1,True,False,unresolved_with_missing_labels,6,0,0,,10,KCNH2;ADRB1;SLC6A3;CHRM1;CHRM3;DRD2;SLC6A2;SLC6A4;NR3C1;HRH1
source_representative,765,VWQWXZAWFPZJDA-CGVGKPPMSA-N,3,murcko:O=C1C=C2CC[C@H]3[C@@H]4CCCC4CC[C@@H]3C2CC1,True,False,unresolved_with_missing_labels,10,0,0,,10,KCNH2;ADRB1;SLC6A3;CHRM1;CHRM3;DRD2;SLC6A2;SLC6A4;NR3C1;HRH1
source_representative,766,VXKHXGOKWPXYNA-PGBVPBMZSA-N,4,murcko:O=C(CNC(=O)[C@@H](Cc1c[nH]c2ccccc12)NC(=O)[C@H](Cc1ccccc1)NC(=O)CNC(=O)[C@H](Cc1c[nH]c2ccccc12)NC(=O)[C@H](Cc1c[nH]cn1)NC(=O)[C@@H]1CCC(=O)N1)NCC(=O)N1CCCC1,False,False,excluded_native_score_incomplete,6,10,0,,10,KCNH2;ADRB1;SLC6A3;CHRM1;CHRM3;DRD2;SLC6A2;SLC6A4;NR3C1;HRH1
source_representative,767,VXROHTDSRBRJLN-UHFFFAOYSA-O,4,murcko:c1ccc(-[n+]2ccccn2)cc1,True,True,eligible_certified_maximum,0,0,1,KCNH2,1,KCNH2
source_representative,768,VYPSYNLAJGMNEJ-UHFFFAOYSA-N,2,acyclic:O=[Si]=O,False,False,excluded_native_score_incomplete,7,10,0,,10,KCNH2;ADRB1;SLC6A3;CHRM1;CHRM3;DRD2;SLC6A2;SLC6A4;NR3C1;HRH1
source_representative,769,VYQNWZOUAUKGHI-UHFFFAOYSA-N,2,murcko:c1ccc(COc2ccccc2)cc1,True,False,unresolved_with_missing_labels,6,0,0,,7,ADRB1;CHRM1;CHRM3;DRD2;SLC6A2;NR3C1;HRH1
source_representative,770,VYVKHNNGDFVQGA-UHFFFAOYSA-N,4,murcko:O=C(OCCCCNCCc1ccccc1)c1ccccc1,True,True,eligible_certified_maximum,0,0,1,SLC6A4,1,SLC6A4
source_representative,771,VYWWNRMSAPEJLS-MDWYKHENSA-N,1,murcko:O=C1CCC[C@@H](O[C@H]2CC[C@H](O[C@H]3CCCCO3)CO2)CCCC/C=C/C=C/CCO1,True,False,unresolved_with_missing_labels,6,0,0,,10,KCNH2;ADRB1;SLC6A3;CHRM1;CHRM3;DRD2;SLC6A2;SLC6A4;NR3C1;HRH1
source_representative,772,VZCCETWTMQHEPK-QNEBEIHSSA-N,0,acyclic:CCCCC/C=C\C/C=C\C/C=C\CCCCC(=O)O,True,False,unresolved_with_missing_labels,6,0,0,,10,KCNH2;ADRB1;SLC6A3;CHRM1;CHRM3;DRD2;SLC6A2;SLC6A4;NR3C1;HRH1
source_representative,773,VZCYOOQTPOCHFL-OWOJBTEDSA-N,2,acyclic:O=C(O)/C=C/C(=O)O,True,False,unresolved_with_missing_labels,2,0,0,,10,KCNH2;ADRB1;SLC6A3;CHRM1;CHRM3;DRD2;SLC6A2;SLC6A4;NR3C1;HRH1
source_representative,774,VZYCZNZBPPHOFY-UHFFFAOYSA-N,3,murcko:c1ccc2c(c1)Sc1ccccc1N2CCCN1CCNCC1,True,False,unresolved_with_missing_labels,2,0,0,,3,ADRB1;DRD2;NR3C1
source_representative,775,VZZJRYRQSPEMTK-CALCHBBNSA-N,3,murcko:O=C(Nc1ccc(N2CCOCC2)nc1)c1cccc(-c2ccccc2)c1,True,False,unresolved_with_missing_labels,1,0,0,,10,KCNH2;ADRB1;SLC6A3;CHRM1;CHRM3;DRD2;SLC6A2;SLC6A4;NR3C1;HRH1
source_representative,776,WDDPHFBMKLOVOX-AYQXTPAHSA-N,3,murcko:c1ncc2ncn([C@H]3CCCO3)c2n1,True,False,unresolved_interval_overlap,0,0,0,,10,KCNH2;ADRB1;SLC6A3;CHRM1;CHRM3;DRD2;SLC6A2;SLC6A4;NR3C1;HRH1
source_representative,777,WDQPAMHFFCXSNU-BGABXYSRSA-N,2,murcko:N=c1cc2n(-c3ccccc3)c3ccccc3nc-2cc1Nc1ccccc1,True,True,eligible_certified_maximum,0,0,1,NR3C1,1,NR3C1
source_representative,778,WDRYRZXSPDWGEB-UHFFFAOYSA-N,1,murcko:c1ccc(Cn2ncc3ccccc32)cc1,True,False,unresolved_interval_overlap,0,0,0,,10,KCNH2;ADRB1;SLC6A3;CHRM1;CHRM3;DRD2;SLC6A2;SLC6A4;NR3C1;HRH1
source_representative,779,WDSCBUNMANHPFH-UHFFFAOYSA-N,0,acyclic:CC(=O)NCCCCCC(=O)O,True,False,unresolved_with_missing_labels,6,0,0,,10,KCNH2;ADRB1;SLC6A3;CHRM1;CHRM3;DRD2;SLC6A2;SLC6A4;NR3C1;HRH1
source_representative,780,WDVSHHCDHLJJJR-UHFFFAOYSA-N,2,murcko:c1ccc2nc3ccccc3cc2c1,True,False,unresolved_with_missing_labels,6,0,0,,7,ADRB1;CHRM1;CHRM3;DRD2;SLC6A2;NR3C1;HRH1
source_representative,781,WEQAYVWKMWHEJO-UHFFFAOYSA-N,0,murcko:O=C1CCS(=O)(=O)C(c2ccccc2)N1,True,False,unresolved_interval_overlap,0,0,0,,10,KCNH2;ADRB1;SLC6A3;CHRM1;CHRM3;DRD2;SLC6A2;SLC6A4;NR3C1;HRH1
source_representative,782,WEUCDJCFJHYFRL-UHFFFAOYSA-N,0,murcko:c1ccc(C(c2ccccc2)N2CCCNCC2)cc1,True,False,unresolved_with_missing_labels,6,0,0,,7,ADRB1;SLC6A3;CHRM1;CHRM3;DRD2;NR3C1;HRH1
source_representative,783,WEXRUCMBJFQVBZ-UHFFFAOYSA-N,4,murcko:O=C1CC(=O)NC(=O)N1,True,False,unresolved_interval_overlap,0,0,0,,10,KCNH2;ADRB1;SLC6A3;CHRM1;CHRM3;DRD2;SLC6A2;SLC6A4;NR3C1;HRH1
source_representative,784,WFPIAZLQTJBIFN-DVZOWYKESA-N,4,murcko:C(CCN1CCNCC1)=C1c2ccccc2Sc2ccccc21,True,True,eligible_certified_maximum,0,0,1,HRH1,1,HRH1
source_representative,785,WFWLQNSHRPWKFK-UHFFFAOYSA-N,2,murcko:O=c1ccn(C2CCCO2)c(=O)[nH]1,True,False,unresolved_with_missing_labels,10,0,0,,10,KCNH2;ADRB1;SLC6A3;CHRM1;CHRM3;DRD2;SLC6A2;SLC6A4;NR3C1;HRH1
source_representative,786,WHBIGIKBNXZKFE-UHFFFAOYSA-N,1,murcko:O=C(c1cc2ccccc2[nH]1)N1CCN(c2ccccn2)CC1,True,False,unresolved_with_missing_labels,6,0,0,,7,KCNH2;ADRB1;CHRM1;CHRM3;DRD2;NR3C1;HRH1
source_representative,787,WHQCHUCQKNIQEC-UHFFFAOYSA-N,0,murcko:O=C(c1ccccc1)c1coc2ccccc12,True,True,eligible_certified_maximum,0,0,1,NR3C1,1,NR3C1
source_representative,788,WHWZLSFABNNENI-UHFFFAOYSA-N,3,murcko:C1=NCC2c3ccccc3Cc3ccccc3N12,True,False,unresolved_with_missing_labels,6,0,0,,7,ADRB1;CHRM1;CHRM3;DRD2;SLC6A2;NR3C1;HRH1
source_representative,789,WIKYUJGCLQQFNW-UHFFFAOYSA-N,3,murcko:c1ccc2c(c1)Sc1ccccc1N2CCCN1CCNCC1,True,True,eligible_certified_maximum,0,0,1,DRD2,1,DRD2
source_representative,790,WINHZLLDWRZWRT-ATVHPVEESA-N,2,murcko:O=C1Nc2ccccc2/C1=C/c1ccc[nH]1,True,True,eligible_certified_maximum,0,0,1,SLC6A4,1,SLC6A4
source_representative,791,WKEMJKQOLOHJLZ-UHFFFAOYSA-N,1,murcko:O=S(=O)(Cc1ccc2[nH]ccc2c1)N1CCCC1,True,True,eligible_certified_maximum,0,0,1,KCNH2,1,KCNH2
source_representative,792,WKSAUQYGYAYLPV-UHFFFAOYSA-N,1,murcko:c1ccc(-c2cncnc2)cc1,True,True,eligible_certified_maximum,0,0,1,KCNH2,1,KCNH2
source_representative,793,WLHQHAUOOXYABV-UHFFFAOYSA-N,3,murcko:O=C(Nc1ccccn1)C1=Cc2sccc2S(=O)(=O)N1,True,False,unresolved_interval_overlap,0,0,0,,10,KCNH2;ADRB1;SLC6A3;CHRM1;CHRM3;DRD2;SLC6A2;SLC6A4;NR3C1;HRH1
source_representative,794,WNTYBHLDCKXEOT-UHFFFAOYSA-N,3,murcko:c1ccc2c(c1)Sc1ccccc1N2CCCN1CCNCC1,True,False,unresolved_with_missing_labels,1,0,0,,2,DRD2;NR3C1
source_representative,795,WOFMFGQZHJDGCX-ZULDAHANSA-N,1,murcko:O=C1C=CC2C(=C1)CC[C@@H]1C2CCC2C(OC(=O)c3ccco3)CC[C@H]21,True,False,unresolved_with_missing_labels,5,0,0,,6,ADRB1;CHRM1;CHRM3;DRD2;NR3C1;HRH1
source_representative,796,WOSKHXYHFSIKNG-UHFFFAOYSA-N,0,murcko:O=C(Nc1ccc(Oc2ccnc3ccccc23)cc1)NC1CC1,True,False,unresolved_with_missing_labels,7,0,0,,8,KCNH2;ADRB1;SLC6A3;CHRM1;CHRM3;DRD2;NR3C1;HRH1
source_representative,797,WOUOLAUOZXOLJQ-MBSDFSHPSA-N,2,murcko:O=C(CNCCCc1ccccc1)NC1Cc2ccccc2C1,True,False,unresolved_with_missing_labels,6,0,0,,10,KCNH2;ADRB1;SLC6A3;CHRM1;CHRM3;DRD2;SLC6A2;SLC6A4;NR3C1;HRH1
source_representative,798,WOXKDUGGOYFFRN-IIBYNOLFSA-N,0,murcko:O=C1NCC(=O)N2[C@H](c3ccc4c(c3)OCO4)c3[nH]c4ccccc4c3C[C@H]12,True,False,unresolved_interval_overlap,0,0,0,,10,KCNH2;ADRB1;SLC6A3;CHRM1;CHRM3;DRD2;SLC6A2;SLC6A4;NR3C1;HRH1
source_representative,799,WOZSCQDILHKSGG-UHFFFAOYSA-N,0,murcko:c1ncc2nc[nH]c2n1,True,False,unresolved_interval_overlap,0,0,0,,10,KCNH2;ADRB1;SLC6A3;CHRM1;CHRM3;DRD2;SLC6A2;SLC6A4;NR3C1;HRH1
source_representative,800,WPGGHFDDFPHPOB-BBWFWOEESA-N,0,murcko:O=C(CCCc1ccccc1)N1C[C@H]2CCCC[C@H]2C1,True,False,unresolved_interval_overlap,0,0,0,,10,KCNH2;ADRB1;SLC6A3;CHRM1;CHRM3;DRD2;SLC6A2;SLC6A4;NR3C1;HRH1
source_representative,801,WPNJAUFVNXKLIM-UHFFFAOYSA-N,2,murcko:c1ncc(NC2=NCCN2)cn1,True,False,unresolved_with_missing_labels,1,0,0,,10,KCNH2;ADRB1;SLC6A3;CHRM1;CHRM3;DRD2;SLC6A2;SLC6A4;NR3C1;HRH1
source_representative,802,WPUKUEMZZRVAKZ-UHFFFAOYSA-N,4,murcko:O=C(OC1CCC[NH2+]C1)C(c1ccccc1)c1ccccc1,True,True,eligible_certified_maximum,0,0,1,CHRM3,1,CHRM3
source_representative,803,WPVFJKSGQUFQAP-GKAPJAKFSA-N,0,murcko:O=c1[nH]cnc2[nH]cnc12,True,False,unresolved_interval_overlap,0,0,0,,10,KCNH2;ADRB1;SLC6A3;CHRM1;CHRM3;DRD2;SLC6A2;SLC6A4;NR3C1;HRH1
source_representative,804,WREGKURFCTUGRC-POYBYMJQSA-N,1,murcko:O=c1ncccn1[C@H]1CCCO1,True,False,unresolved_interval_overlap,0,0,0,,10,KCNH2;ADRB1;SLC6A3;CHRM1;CHRM3;DRD2;SLC6A2;SLC6A4;NR3C1;HRH1
source_representative,805,WRJPSSPFHGNBMG-UHFFFAOYSA-N,0,murcko:C1CN2CCC1CC2,True,False,unresolved_with_missing_labels,7,0,0,,10,KCNH2;ADRB1;SLC6A3;CHRM1;CHRM3;DRD2;SLC6A2;SLC6A4;NR3C1;HRH1
source_representative,806,WRNXUQJJCIZICJ-UHFFFAOYSA-N,1,murcko:O=C(Nc1ccc(C(=O)N2CCCCc3ccccc32)cc1)c1ccccc1,True,False,unresolved_with_missing_labels,6,0,0,,7,ADRB1;CHRM1;CHRM3;DRD2;SLC6A4;NR3C1;HRH1
source_representative,807,WSEQXVZVJXJVFP-UHFFFAOYSA-N,3,murcko:c1ccc(C2OCc3ccccc32)cc1,True,True,eligible_certified_maximum,0,0,1,SLC6A4,1,SLC6A4
source_representative,808,WSNODXPBBALQOF-VEJSHDCNSA-N,0,murcko:C(=C/C1CCCC1)\CCOc1ccccc1,True,False,unresolved_with_missing_labels,6,0,0,,10,KCNH2;ADRB1;SLC6A3;CHRM1;CHRM3;DRD2;SLC6A2;SLC6A4;NR3C1;HRH1
source_representative,809,WSPOMRSOLSGNFJ-AUWJEWJLSA-N,0,murcko:C=C1c2ccccc2Sc2ccccc21,True,False,unresolved_with_missing_labels,4,0,0,,5,CHRM1;CHRM3;DRD2;SLC6A2;HRH1
source_representative,810,WUWFMDMBOJLQIV-UHFFFAOYSA-N,0,murcko:O=c1ccn(-c2ccccc2)c2nc(N3CCCC3)ccc12,True,False,unresolved_interval_overlap,0,0,0,,10,KCNH2;ADRB1;SLC6A3;CHRM1;CHRM3;DRD2;SLC6A2;SLC6A4;NR3C1;HRH1
source_representative,811,WWYNJERNGUHSAO-XUDSTZEESA-N,4,murcko:O=C1C=C2CC[C@@H]3[C@H](CCC4CCC[C@H]43)[C@H]2CC1,True,False,unresolved_with_missing_labels,6,0,0,,7,ADRB1;CHRM1;CHRM3;DRD2;SLC6A4;NR3C1;HRH1
source_representative,812,WXCXUHSOUPDCQV-UHFFFAOYSA-N,0,murcko:O=C1CN(c2ccccc2)C(=S)N1c1ccccc1,True,False,unresolved_interval_overlap,0,0,0,,10,KCNH2;ADRB1;SLC6A3;CHRM1;CHRM3;DRD2;SLC6A2;SLC6A4;NR3C1;HRH1
source_representative,813,WXXSNCNJFUAIDG-UHFFFAOYSA-N,2,murcko:c1ccc(Cn2nc(-c3ncccn3)c3cccnc32)cc1,True,False,unresolved_with_missing_labels,6,0,0,,7,KCNH2;ADRB1;CHRM1;CHRM3;DRD2;NR3C1;HRH1
source_representative,814,WYCLKVQLVUQKNZ-UHFFFAOYSA-N,0,murcko:O=C1CN=C(c2ccccc2)c2ccccc2N1,True,False,unresolved_interval_overlap,0,0,0,,10,KCNH2;ADRB1;SLC6A3;CHRM1;CHRM3;DRD2;SLC6A2;SLC6A4;NR3C1;HRH1
source_representative,815,WYDUSKDSKCASEF-UHFFFAOYSA-N,3,murcko:c1ccc(C(CCN2CCCC2)C2CCCCC2)cc1,True,True,eligible_certified_maximum,0,0,1,CHRM3,1,CHRM3
source_representative,816,WYUSVOMTXWRGEK-HBWVYFAYSA-N,4,murcko:N=C(C(=O)N[C@@H]1C(=O)N2C=CCS[C@H]12)c1cscn1,True,False,unresolved_interval_overlap,0,0,0,,10,KCNH2;ADRB1;SLC6A3;CHRM1;CHRM3;DRD2;SLC6A2;SLC6A4;NR3C1;HRH1
source_representative,817,WYWHKKSPHMUBEB-UHFFFAOYSA-N,4,murcko:S=c1[nH]cnc2nc[nH]c12,True,False,unresolved_with_missing_labels,7,0,0,,10,KCNH2;ADRB1;SLC6A3;CHRM1;CHRM3;DRD2;SLC6A2;SLC6A4;NR3C1;HRH1
source_representative,818,WZHJKEUHNJHDLS-QTGUNEKASA-N,3,murcko:O=C(NC[C@H]1CN[C@@H]2Cc3c[nH]c4cccc(c34)[C@H]2C1)OCc1ccccc1,True,False,unresolved_with_missing_labels,6,0,0,,7,ADRB1;SLC6A3;CHRM1;CHRM3;DRD2;NR3C1;HRH1
source_representative,819,WZPBZJONDBGPKJ-VEHQQRBSSA-N,0,murcko:N=C(C(=O)N[C@H]1CNC1=O)c1cscn1,True,False,unresolved_with_missing_labels,1,0,0,,10,KCNH2;ADRB1;SLC6A3;CHRM1;CHRM3;DRD2;SLC6A2;SLC6A4;NR3C1;HRH1
source_representative,820,XAGMUUZPGZWTRP-ZETCQYMHSA-N,1,murcko:O=c1ccn2c3c(c(C4CC4)ccc13)OCC2,True,False,unresolved_interval_overlap,0,0,0,,10,KCNH2;ADRB1;SLC6A3;CHRM1;CHRM3;DRD2;SLC6A2;SLC6A4;NR3C1;HRH1
source_representative,821,XAUDJQYHKZQPEU-KVQBGUIXSA-N,0,murcko:O=c1ncncn1[C@H]1CCCO1,True,True,eligible_certified_maximum,0,0,1,ADRB1,1,ADRB1
source_representative,822,XBJBPGROQZJDOJ-UHFFFAOYSA-N,1,murcko:O=c1cc[nH]c2cc(N3CCNCC3)ccc12,True,False,unresolved_interval_overlap,0,0,0,,10,KCNH2;ADRB1;SLC6A3;CHRM1;CHRM3;DRD2;SLC6A2;SLC6A4;NR3C1;HRH1
source_representative,823,XCGSFFUVFURLIX-VFGNJEKYSA-N,2,murcko:O=C(NC1OC2[C@@H]3CCCN3C(=O)[C@H](Cc3ccccc3)N2C1=O)[C@@H]1C=C2c3cccc4[nH]cc(c34)C[C@H]2NC1,True,False,unresolved_with_missing_labels,1,0,0,,2,DRD2;NR3C1
source_representative,824,XCPGHVQEEXUHNC-UHFFFAOYSA-N,3,murcko:c1ccc(Nc2c3ccccc3nc3ccccc23)cc1,True,True,eligible_certified_maximum,0,0,1,KCNH2,1,KCNH2
source_representative,825,XCTYLCDETUVOIP-UHFFFAOYSA-N,3,murcko:c1ccc2c(c1)Sc1ccccc1N2CCCN1CCNCC1,True,False,unresolved_with_missing_labels,2,0,0,,3,CHRM3;DRD2;NR3C1
source_representative,826,XCWPUUGSGHNIDZ-UHFFFAOYSA-N,0,murcko:c1ccc(N2CCN(CCc3c[nH]c4ccccc34)CC2)cc1,True,True,eligible_certified_maximum,0,0,1,DRD2,1,DRD2
source_representative,827,XDRYMKDFEDOLFX-UHFFFAOYSA-N,2,murcko:c1ccc(OCCCCCOc2ccccc2)cc1,True,False,unresolved_with_missing_labels,6,0,0,,7,ADRB1;CHRM1;CHRM3;DRD2;SLC6A2;NR3C1;HRH1
source_representative,828,XEEQGYMUWCZPDN-DOMZBBRYSA-N,1,murcko:c1ccc2c(C[C@H]3CCCCN3)ccnc2c1,True,True,eligible_certified_maximum,0,0,1,SLC6A4,1,SLC6A4
source_representative,829,XEFQLINVKFYRCS-UHFFFAOYSA-N,3,murcko:c1ccc(Oc2ccccc2)cc1,True,True,eligible_certified_maximum,0,0,1,SLC6A2,1,SLC6A2
source_representative,830,XEYBRNLFEZDVAW-ARSRFYASSA-N,4,murcko:O=C1CCCC1,True,False,unresolved_interval_overlap,0,0,0,,10,KCNH2;ADRB1;SLC6A3;CHRM1;CHRM3;DRD2;SLC6A2;SLC6A4;NR3C1;HRH1
source_representative,831,XFDJYSQDBULQSI-UHFFFAOYSA-N,4,murcko:O=C1NCC(CCN2CCOCC2)C1(c1ccccc1)c1ccccc1,True,True,eligible_certified_maximum,0,0,1,KCNH2,1,KCNH2
source_representative,832,XGALLCVXEZPNRQ-UHFFFAOYSA-N,4,murcko:c1ccc(Nc2ncnc3ccc(OCCCN4CCOCC4)cc23)cc1,True,True,eligible_certified_maximum,0,0,1,KCNH2,1,KCNH2
source_representative,833,XGGHHHBGPSNXFE-ZSHCYNCHSA-N,3,murcko:C1C[C@@H]2CC[C@H](C1)[NH2+]2,True,False,unresolved_with_missing_labels,1,0,0,,2,CHRM3;SLC6A2
source_representative,834,XIURVHNZVLADCM-IUODEOHRSA-N,3,murcko:O=C(Cc1cccs1)N[C@@H]1C(=O)N2C=CCS[C@H]12,True,False,unresolved_interval_overlap,0,0,0,,10,KCNH2;ADRB1;SLC6A3;CHRM1;CHRM3;DRD2;SLC6A2;SLC6A4;NR3C1;HRH1
source_representative,835,XIUUSFJTJXFNGH-UHFFFAOYSA-N,2,murcko:O=C1NC2NC(=O)NC2N1,True,False,unresolved_with_missing_labels,2,0,0,,10,KCNH2;ADRB1;SLC6A3;CHRM1;CHRM3;DRD2;SLC6A2;SLC6A4;NR3C1;HRH1
source_representative,836,XJGFWWJLMVZSIG-UHFFFAOYSA-N,2,murcko:c1ccc2nc3ccccc3cc2c1,True,False,unresolved_with_missing_labels,6,0,0,,7,ADRB1;CHRM1;CHRM3;DRD2;SLC6A2;NR3C1;HRH1
source_representative,837,XJGVXQDUIWGIRW-UHFFFAOYSA-N,3,murcko:c1ccc2c(c1)N=C(N1CCNCC1)c1ccccc1O2,True,True,eligible_certified_maximum,0,0,1,HRH1,1,HRH1
source_representative,838,XKFIQZCHJUUSBA-UHFFFAOYSA-N,2,murcko:c1ccc(-c2cc(CCN3CCCCC3)no2)cc1,True,False,unresolved_with_missing_labels,7,0,0,,8,KCNH2;ADRB1;CHRM1;CHRM3;DRD2;SLC6A2;NR3C1;HRH1
source_representative,839,XKLMZUWKNUAPSZ-UHFFFAOYSA-N,1,murcko:O=C(CN1CCN(CCCOc2ccccc2)CC1)Nc1ccccc1,True,True,eligible_certified_maximum,0,0,1,KCNH2,1,KCNH2
source_representative,840,XMXHEBAFVSFQEX-UHFFFAOYSA-N,4,murcko:c1ccc(OCCCN2CCC(c3noc4ccccc34)CC2)cc1,True,False,unresolved_with_missing_labels,1,0,0,,2,NR3C1;HRH1
source_representative,841,XPCFTKFZXHTYIP-PMACEKPBSA-N,3,murcko:O=C1Nc2ccccc2CC[C@@H]1NCCCc1ccccc1,True,False,unresolved_interval_overlap,0,0,0,,10,KCNH2;ADRB1;SLC6A3;CHRM1;CHRM3;DRD2;SLC6A2;SLC6A4;NR3C1;HRH1
source_representative,842,XQLWNAFCTODIRK-UHFFFAOYSA-N,2,murcko:c1ccc(CCCCNCCc2ccccc2)cc1,True,True,eligible_certified_maximum,0,0,1,KCNH2,1,KCNH2
source_representative,843,XQTARQNQIVVBRX-UHFFFAOYSA-N,0,murcko:c1ccc(-c2nnn[nH]2)cc1,True,False,unresolved_interval_overlap,0,0,0,,10,KCNH2;ADRB1;SLC6A3;CHRM1;CHRM3;DRD2;SLC6A2;SLC6A4;NR3C1;HRH1
source_representative,844,XRECTZIEBJDKEO-UHFFFAOYSA-N,0,murcko:O=c1nccc[nH]1,True,False,unresolved_interval_overlap,0,0,0,,10,KCNH2;ADRB1;SLC6A3;CHRM1;CHRM3;DRD2;SLC6A2;SLC6A4;NR3C1;HRH1
source_representative,845,XSBSKEQEUFOSDD-UHFFFAOYSA-N,0,murcko:C(CC[NH+]1CCCC1)CC[NH+]1CCCC1,True,False,unresolved_with_missing_labels,6,0,0,,10,KCNH2;ADRB1;SLC6A3;CHRM1;CHRM3;DRD2;SLC6A2;SLC6A4;NR3C1;HRH1
source_representative,846,XSCGXQMFQXDFCW-UHFFFAOYSA-N,1,murcko:c1ccc2c(c1)Nc1ccccc1S2,True,False,unresolved_with_missing_labels,6,0,0,,7,ADRB1;CHRM1;CHRM3;DRD2;SLC6A4;NR3C1;HRH1
source_representative,847,XSDQTOBWRPYKKA-UHFFFAOYSA-N,0,murcko:c1cnccn1,True,False,unresolved_interval_overlap,0,0,0,,10,KCNH2;ADRB1;SLC6A3;CHRM1;CHRM3;DRD2;SLC6A2;SLC6A4;NR3C1;HRH1
source_representative,848,XSEUMFJMFFMCIU-UHFFFAOYSA-N,1,acyclic:CCCCNC(=N)NC(=N)N,True,False,unresolved_interval_overlap,0,0,0,,10,KCNH2;ADRB1;SLC6A3;CHRM1;CHRM3;DRD2;SLC6A2;SLC6A4;NR3C1;HRH1
source_representative,849,XTNGUQKDFGDXSJ-ZXGKGEBGSA-N,1,murcko:c1ccc(-c2ccc(Cc3cccc([C@H]4CCCCO4)c3)s2)cc1,True,False,unresolved_with_missing_labels,6,0,0,,7,ADRB1;SLC6A3;CHRM1;CHRM3;DRD2;NR3C1;HRH1
source_representative,850,XTTZERNUQAFMOF-QMMMGPOBSA-N,3,murcko:c1ccc2c(c1)CCNCC2,True,False,unresolved_with_missing_labels,1,0,0,,2,KCNH2;NR3C1
source_representative,851,XUBOMFCQGDBHNK-UHFFFAOYSA-N,4,murcko:O=c1ccn(C2CC2)c2cc(N3CCNCC3)ccc12,True,False,unresolved_interval_overlap,0,0,0,,9,KCNH2;ADRB1;SLC6A3;CHRM1;DRD2;SLC6A2;SLC6A4;NR3C1;HRH1
source_representative,852,XUIIKFGFIJCVMT-LBPRGKRZSA-N,3,murcko:c1ccc(Oc2ccccc2)cc1,True,False,unresolved_interval_overlap,0,0,0,,10,KCNH2;ADRB1;SLC6A3;CHRM1;CHRM3;DRD2;SLC6A2;SLC6A4;NR3C1;HRH1
source_representative,853,XUKUURHRXDUEBC-KAYWLYCHSA-N,0,murcko:O=C(Nc1ccccc1)c1c[nH]c(-c2ccccc2)c1-c1ccccc1,True,False,unresolved_interval_overlap,0,0,0,,10,KCNH2;ADRB1;SLC6A3;CHRM1;CHRM3;DRD2;SLC6A2;SLC6A4;NR3C1;HRH1
source_representative,854,XUZMWHLSFXCVMG-UHFFFAOYSA-N,3,murcko:c1nc(-c2cnn(C3CNC3)c2)c2cc[nH]c2n1,True,False,unresolved_with_missing_labels,7,0,0,,10,KCNH2;ADRB1;SLC6A3;CHRM1;CHRM3;DRD2;SLC6A2;SLC6A4;NR3C1;HRH1
source_representative,855,XVUQHFRQHBLHQD-UHFFFAOYSA-N,2,murcko:c1ccc(-c2ccn(-c3ccccc3)n2)cc1,True,True,eligible_certified_maximum,0,0,1,DRD2,1,DRD2
source_representative,856,XWXYUMMDTVBTOU-UHFFFAOYSA-N,1,murcko:O=C1CNC(=O)N1c1ccccc1,True,False,unresolved_interval_overlap,0,0,0,,10,KCNH2;ADRB1;SLC6A3;CHRM1;CHRM3;DRD2;SLC6A2;SLC6A4;NR3C1;HRH1
source_representative,857,XXPANQJNYNUNES-UHFFFAOYSA-N,2,murcko:c1ccc(C2CNCc3ccccc32)cc1,True,True,eligible_certified_maximum,0,0,1,SLC6A3,1,SLC6A3
source_representative,858,XXUPXHKCPIKWLR-JHUOEJJVSA-N,2,murcko:C1CCCC1,True,False,unresolved_with_missing_labels,10,0,0,,10,KCNH2;ADRB1;SLC6A3;CHRM1;CHRM3;DRD2;SLC6A2;SLC6A4;NR3C1;HRH1
source_representative,859,XYFPWWZEPKGCCK-GOSISDBHSA-N,3,murcko:c1ccc(Oc2ccc(-c3nn([C@@H]4CCCNC4)c4ncncc34)cc2)cc1,True,False,unresolved_with_missing_labels,7,0,0,,8,KCNH2;ADRB1;SLC6A3;CHRM1;CHRM3;DRD2;NR3C1;HRH1
source_representative,860,XYWJNTOURDMTPI-UHFFFAOYSA-N,0,murcko:c1ccc2[nH]cnc2c1,True,False,unresolved_with_missing_labels,6,0,0,,10,KCNH2;ADRB1;SLC6A3;CHRM1;CHRM3;DRD2;SLC6A2;SLC6A4;NR3C1;HRH1
source_representative,861,XZXHXSATPCNXJR-ZIADKAODSA-N,0,murcko:O=C(CN1CCNCC1)Nc1ccc(N/C(=C2\C(=O)Nc3ccccc32)c2ccccc2)cc1,True,True,eligible_certified_maximum,0,0,1,KCNH2,1,KCNH2
source_representative,862,YAPQBXQYLJRXSA-UHFFFAOYSA-N,1,murcko:O=c1[nH]c(=O)c2[nH]cnc2[nH]1,True,False,unresolved_with_missing_labels,1,0,0,,10,KCNH2;ADRB1;SLC6A3;CHRM1;CHRM3;DRD2;SLC6A2;SLC6A4;NR3C1;HRH1
source_representative,863,YASAKCUCGLMORW-UHFFFAOYSA-N,1,murcko:O=C1NC(=O)C(Cc2ccc(OCCNc3ccccn3)cc2)S1,True,True,eligible_certified_maximum,0,0,1,KCNH2,1,KCNH2
source_representative,864,YBBLVLTVTVSKRW-UHFFFAOYSA-N,1,murcko:c1ccc(Cn2cncn2)cc1,True,False,unresolved_with_missing_labels,5,0,0,,10,KCNH2;ADRB1;SLC6A3;CHRM1;CHRM3;DRD2;SLC6A2;SLC6A4;NR3C1;HRH1
source_representative,865,YEHCICAEULNIGD-MZMPZRCHSA-N,1,murcko:c1cc2c3c(c[nH]c3c1)C[C@H]1NCCC[C@H]21,True,True,eligible_certified_maximum,0,0,1,DRD2,1,DRD2
source_representative,866,YEZNLOUZAIOMLT-UHFFFAOYSA-N,2,murcko:c1ccc(Nc2ccccc2)cc1,True,False,unresolved_with_missing_labels,1,0,0,,10,KCNH2;ADRB1;SLC6A3;CHRM1;CHRM3;DRD2;SLC6A2;SLC6A4;NR3C1;HRH1
source_representative,867,YHXISWVBGDMDLQ-UHFFFAOYSA-N,3,murcko:O=C(NCCN1CCOCC1)c1ccccc1,True,False,unresolved_interval_overlap,0,0,0,,10,KCNH2;ADRB1;SLC6A3;CHRM1;CHRM3;DRD2;SLC6A2;SLC6A4;NR3C1;HRH1
source_representative,868,YIQPUIGJQJDJOS-UHFFFAOYSA-N,1,murcko:c1cc(CN2CCCNCCNCCCNCC2)ccc1CN1CCCNCCNCCCNCC1,True,False,unresolved_with_missing_labels,7,0,0,,10,KCNH2;ADRB1;SLC6A3;CHRM1;CHRM3;DRD2;SLC6A2;SLC6A4;NR3C1;HRH1
source_representative,869,YLCXGBZIZBEVPZ-UHFFFAOYSA-N,4,murcko:c1ccc(C2=NCCNc3ccccc32)cc1,True,False,unresolved_with_missing_labels,1,0,0,,2,KCNH2;SLC6A3
source_representative,870,YLJREFDVOIBQDA-UHFFFAOYSA-N,3,murcko:c1ccc2nc3c(cc2c1)CCCC3,True,False,unresolved_with_missing_labels,6,0,0,,7,ADRB1;CHRM1;CHRM3;DRD2;SLC6A2;NR3C1;HRH1
source_representative,871,YMARZQAQMVYCKC-OEMFJLHTSA-N,0,murcko:O=C(N[C@H](CCNS(=O)(=O)c1ccccc1)Cc1ccccc1)O[C@H]1CCOC1,True,False,unresolved_interval_overlap,0,0,0,,10,KCNH2;ADRB1;SLC6A3;CHRM1;CHRM3;DRD2;SLC6A2;SLC6A4;NR3C1;HRH1
source_representative,872,YMTINGFKWWXKFG-UHFFFAOYSA-N,4,murcko:O=C(c1ccccc1)c1ccccc1,True,False,unresolved_with_missing_labels,4,0,0,,10,KCNH2;ADRB1;SLC6A3;CHRM1;CHRM3;DRD2;SLC6A2;SLC6A4;NR3C1;HRH1
source_representative,873,YMVWGSQGCWCDGW-UHFFFAOYSA-N,2,murcko:c1ccc2nc3ccccc3cc2c1,True,True,eligible_certified_maximum,0,0,1,KCNH2,1,KCNH2
source_representative,874,YNNUSGIPVFPVBX-NHCUHLMSSA-N,1,murcko:c1ccc(C(OCC[C@H]2CCCN2)c2ccccc2)cc1,True,True,eligible_certified_maximum,0,0,1,HRH1,1,HRH1
source_representative,875,YNZXWQJZEDLQEG-UHFFFAOYSA-N,1,murcko:c1ccc2nc(N3CCNCC3)ncc2c1,True,True,eligible_certified_maximum,0,0,1,KCNH2,1,KCNH2
source_representative,876,YOSHYTLCDANDAN-UHFFFAOYSA-N,1,murcko:O=C1N(Cc2ccc(-c3ccccc3-c3nnn[nH]3)cc2)C=NC12CCCC2,True,False,unresolved_interval_overlap,0,0,0,,10,KCNH2;ADRB1;SLC6A3;CHRM1;CHRM3;DRD2;SLC6A2;SLC6A4;NR3C1;HRH1
source_representative,877,YOZBGTLTNGAVFU-UHFFFAOYSA-N,0,murcko:c1ccc(Oc2ccc3ccncc3c2)cc1,True,False,unresolved_with_missing_labels,7,0,0,,8,KCNH2;ADRB1;SLC6A3;CHRM1;CHRM3;DRD2;NR3C1;HRH1
source_representative,878,YPBATNHYBCGSSN-VWPFQQQWSA-N,3,murcko:O=C(N[C@@H]1C(=O)N2CCS[C@H]12)[C@H](NC(=O)N1CCNC1=O)c1ccccc1,True,False,unresolved_with_missing_labels,7,0,0,,10,KCNH2;ADRB1;SLC6A3;CHRM1;CHRM3;DRD2;SLC6A2;SLC6A4;NR3C1;HRH1
source_representative,879,YPELFRMCRYSPKZ-UHFFFAOYSA-N,0,murcko:O=C(NCC1CN(Cc2ccccc2)CCO1)c1ccccc1,True,False,unresolved_with_missing_labels,6,0,0,,10,KCNH2;ADRB1;SLC6A3;CHRM1;CHRM3;DRD2;SLC6A2;SLC6A4;NR3C1;HRH1
source_representative,880,YPIQVCUJEKAZCP-UHFFFAOYSA-N,4,murcko:C=C1SC=CS1,True,False,unresolved_interval_overlap,0,0,0,,10,KCNH2;ADRB1;SLC6A3;CHRM1;CHRM3;DRD2;SLC6A2;SLC6A4;NR3C1;HRH1
source_representative,881,YQNQNVDNTFHQSW-UHFFFAOYSA-N,4,murcko:O=C(Nc1nccs1)c1ccccc1,True,True,eligible_certified_maximum,0,0,1,ADRB1,1,ADRB1
source_representative,882,YREYEVIYCVEVJK-UHFFFAOYSA-N,3,murcko:O=S(Cc1ccccn1)c1nc2ccccc2[nH]1,False,False,excluded_native_score_incomplete,0,10,1,KCNH2,1,KCNH2
source_representative,883,YSAUAVHXTIETRK-AATRIKPKSA-N,3,murcko:C(=C/c1cccs1)\C1=NCCCN1,True,False,unresolved_with_missing_labels,6,0,0,,10,KCNH2;ADRB1;SLC6A3;CHRM1;CHRM3;DRD2;SLC6A2;SLC6A4;NR3C1;HRH1
source_representative,884,YSEXMKHXIOCEJA-FVFQAYNVSA-N,1,murcko:O=C(OC[C@H]1CN[C@@H]2Cc3c[nH]c4cccc(c34)C2C1)c1cccnc1,True,False,unresolved_with_missing_labels,6,0,0,,7,KCNH2;ADRB1;CHRM1;CHRM3;DRD2;NR3C1;HRH1
source_representative,885,YSIITVVESCNIPR-UHFFFAOYSA-N,1,murcko:O=C(NC1CCCNC1)c1ccccc1,True,False,unresolved_interval_overlap,0,0,0,,10,KCNH2;ADRB1;SLC6A3;CHRM1;CHRM3;DRD2;SLC6A2;SLC6A4;NR3C1;HRH1
source_representative,886,YTGJWQPHMWSCST-UHFFFAOYSA-N,3,acyclic:CC(S)C(=O)NCC(=O)O,True,False,unresolved_with_missing_labels,1,0,0,,10,KCNH2;ADRB1;SLC6A3;CHRM1;CHRM3;DRD2;SLC6A2;SLC6A4;NR3C1;HRH1
source_representative,887,YTKUWDBFDASYHO-UHFFFAOYSA-N,0,murcko:c1ccc2[nH]cnc2c1,True,False,unresolved_with_missing_labels,7,0,0,,10,KCNH2;ADRB1;SLC6A3;CHRM1;CHRM3;DRD2;SLC6A2;SLC6A4;NR3C1;HRH1
source_representative,888,YTRMTPPVNRALON-UHFFFAOYSA-N,3,murcko:c1ccc(-c2ccc3ccccc3n2)cc1,True,False,unresolved_with_missing_labels,6,0,0,,10,KCNH2;ADRB1;SLC6A3;CHRM1;CHRM3;DRD2;SLC6A2;SLC6A4;NR3C1;HRH1
source_representative,889,YUGZHQHSNYIFLG-UHFFFAOYSA-N,2,murcko:O=C(Nc1ccccc1)OCC(CN1CCCCC1)OC(=O)Nc1ccccc1,True,True,eligible_certified_maximum,0,0,1,KCNH2,1,KCNH2
source_representative,890,YWGDOWXRIALTES-NRFANRHFSA-N,1,murcko:c1ccc([C@H](OC2CCNCC2)c2ccccn2)cc1,True,False,unresolved_with_missing_labels,6,0,0,,10,KCNH2;ADRB1;SLC6A3;CHRM1;CHRM3;DRD2;SLC6A2;SLC6A4;NR3C1;HRH1
source_representative,891,YWPHCCPCQOJSGZ-UHFFFAOYSA-N,4,murcko:c1ccc(OCC2CNCCO2)cc1,True,True,eligible_certified_maximum,0,0,1,SLC6A2,1,SLC6A2
source_representative,892,YXSLJKQTIDHPOT-UHFFFAOYSA-N,2,murcko:O=C(CC[NH+]1CCc2ccccc2C1Cc1ccccc1)OCCCCCOC(=O)CC[NH+]1CCc2ccccc2C1Cc1ccccc1,True,True,eligible_certified_maximum,0,0,1,KCNH2,1,KCNH2
source_representative,893,YYUAYBYLJSNDCX-UHFFFAOYSA-N,1,murcko:O=C(Nc1ccon1)C1=Cc2ccccc2S(=O)(=O)N1,True,False,unresolved_with_missing_labels,6,0,0,,10,KCNH2;ADRB1;SLC6A3;CHRM1;CHRM3;DRD2;SLC6A2;SLC6A4;NR3C1;HRH1
source_representative,894,YZMCKZRAOLZXAZ-UHFFFAOYSA-N,4,murcko:O=S(=O)(Nc1ccncn1)c1ccccc1,True,False,unresolved_with_missing_labels,6,0,0,,10,KCNH2;ADRB1;SLC6A3;CHRM1;CHRM3;DRD2;SLC6A2;SLC6A4;NR3C1;HRH1
source_representative,895,ZAKOWWREFLAJOT-CEFNRUSXSA-N,3,murcko:c1ccc2c(c1)CCCO2,True,False,unresolved_with_missing_labels,10,0,0,,10,KCNH2;ADRB1;SLC6A3;CHRM1;CHRM3;DRD2;SLC6A2;SLC6A4;NR3C1;HRH1
source_representative,896,ZBGXUVOIWDMMJE-QHNZEKIYSA-N,4,murcko:O=C1OC[C@H]2[C@@H](/C=C/c3ccc(-c4ccccc4)cn3)[C@@H]3CCCC[C@H]3C[C@@H]12,True,False,unresolved_with_missing_labels,6,0,0,,7,KCNH2;ADRB1;CHRM1;CHRM3;DRD2;NR3C1;HRH1
source_representative,897,ZBIAKUMOEKILTF-UHFFFAOYSA-N,4,murcko:O=C(CN1CCN(CCCC(c2ccccc2)c2ccccc2)CC1)Nc1ccccc1,True,True,eligible_certified_maximum,0,0,1,KCNH2,1,KCNH2
source_representative,898,ZBNZXTGUTAYRHI-UHFFFAOYSA-N,0,murcko:O=C(Nc1ccccc1)c1cnc(Nc2cc(N3CCNCC3)ncn2)s1,True,True,eligible_certified_maximum,0,0,1,SLC6A2,1,SLC6A2
source_representative,899,ZBPLOVFIXSTCRZ-UHFFFAOYSA-N,4,murcko:O=C(c1ccccc1)c1ccccc1,True,False,unresolved_with_missing_labels,6,0,0,,10,KCNH2;ADRB1;SLC6A3;CHRM1;CHRM3;DRD2;SLC6A2;SLC6A4;NR3C1;HRH1
source_representative,900,ZBVKEHDGYSLCCC-UHFFFAOYSA-N,1,murcko:O=C1C=CC(=O)C(Cc2ccccc2)=C1,True,False,unresolved_interval_overlap,0,0,0,,10,KCNH2;ADRB1;SLC6A3;CHRM1;CHRM3;DRD2;SLC6A2;SLC6A4;NR3C1;HRH1
source_representative,901,ZCGNOVWYSGBHAU-UHFFFAOYSA-N,0,murcko:c1cnccn1,True,False,unresolved_with_missing_labels,6,0,0,,10,KCNH2;ADRB1;SLC6A3;CHRM1;CHRM3;DRD2;SLC6A2;SLC6A4;NR3C1;HRH1
source_representative,902,ZCJYUTQZBAIHBS-UHFFFAOYSA-N,4,murcko:c1ccc(Sc2ccc(COC(Cn3ccnc3)c3ccccc3)cc2)cc1,True,True,eligible_certified_maximum,0,0,1,KCNH2,1,KCNH2
source_representative,903,ZCVMWBYGMWKGHF-UHFFFAOYSA-N,4,murcko:O=C1Cc2ccccc2C(=C2CCNCC2)c2ccsc21,True,False,unresolved_with_missing_labels,1,0,0,,2,CHRM3;HRH1
source_representative,904,ZDXUKAKRHYTAKV-UHFFFAOYSA-N,3,murcko:O=C(OCCNCCC(c1ccccc1)c1ccccc1)C1=CNC=CC1c1ccccc1,True,True,eligible_certified_maximum,0,0,1,HRH1,1,HRH1
source_representative,905,ZEKZLJVOYLTDKK-UHFFFAOYSA-N,1,murcko:O=c1cc[nH]c2cc(N3CCNCC3)ccc12,True,False,unresolved_interval_overlap,0,0,0,,10,KCNH2;ADRB1;SLC6A3;CHRM1;CHRM3;DRD2;SLC6A2;SLC6A4;NR3C1;HRH1
source_representative,906,ZEUITGRIYCTCEM-KRWDZBQOSA-N,3,murcko:c1csc(COc2cccc3ccccc23)c1,True,True,eligible_certified_maximum,0,0,1,SLC6A4,1,SLC6A4
source_representative,907,ZEWQUBUPAILYHI-UHFFFAOYSA-N,3,murcko:c1ccc2c(c1)Sc1ccccc1N2CCCN1CCNCC1,True,True,eligible_certified_maximum,0,0,1,DRD2,1,DRD2
source_representative,908,ZFMITUMMTDLWHR-UHFFFAOYSA-N,4,murcko:c1cc(N2CCCCC2)nc[nH+]1,True,False,unresolved_interval_overlap,0,0,0,,10,KCNH2;ADRB1;SLC6A3;CHRM1;CHRM3;DRD2;SLC6A2;SLC6A4;NR3C1;HRH1
source_representative,909,ZGUGWUXLJSTTMA-UHFFFAOYSA-N,1,murcko:c1ccc2c(c1)Nc1ccccc1S2,True,True,eligible_certified_maximum,0,0,1,HRH1,1,HRH1
source_representative,910,ZJAOAACCNHFJAH-UHFFFAOYSA-N,3,acyclic:O=C(O)P(=O)(O)O,True,False,unresolved_with_missing_labels,6,0,0,,10,KCNH2;ADRB1;SLC6A3;CHRM1;CHRM3;DRD2;SLC6A2;SLC6A4;NR3C1;HRH1
source_representative,911,ZJKNESGOIKRXQY-UHFFFAOYSA-N,2,murcko:O=C(c1ccccc1)c1c[nH]c(=O)[nH]1,True,False,unresolved_interval_overlap,0,0,0,,10,KCNH2;ADRB1;SLC6A3;CHRM1;CHRM3;DRD2;SLC6A2;SLC6A4;NR3C1;HRH1
source_representative,912,ZJVFLBOZORBYFE-UHFFFAOYSA-N,4,murcko:c1ccn2nccc2c1,True,False,unresolved_interval_overlap,0,0,0,,10,KCNH2;ADRB1;SLC6A3;CHRM1;CHRM3;DRD2;SLC6A2;SLC6A4;NR3C1;HRH1
source_representative,913,ZKFQEACEUNWPMT-UHFFFAOYSA-N,1,murcko:O=C(OC1CN(C(c2ccccc2)c2ccccc2)C1)C1=CNC=CC1c1ccccc1,True,True,eligible_certified_maximum,0,0,1,SLC6A2,1,SLC6A2
source_representative,914,ZLHZLMOSPGACSZ-NSHDSACASA-N,4,murcko:c1ccc(CO[C@@H]2COc3nccn3C2)cc1,True,False,unresolved_with_missing_labels,1,0,0,,10,KCNH2;ADRB1;SLC6A3;CHRM1;CHRM3;DRD2;SLC6A2;SLC6A4;NR3C1;HRH1
source_representative,915,ZNEWHQLOPFWXOF-UHFFFAOYSA-N,4,acyclic:O=S(=O)(O)CCS,True,False,unresolved_with_missing_labels,6,0,0,,10,KCNH2;ADRB1;SLC6A3;CHRM1;CHRM3;DRD2;SLC6A2;SLC6A4;NR3C1;HRH1
source_representative,916,ZPAKPRAICRBAOD-UHFFFAOYSA-N,0,murcko:c1ccc(-c2ccccc2)cc1,True,False,unresolved_with_missing_labels,10,0,0,,10,KCNH2;ADRB1;SLC6A3;CHRM1;CHRM3;DRD2;SLC6A2;SLC6A4;NR3C1;HRH1
source_representative,917,ZPEIMTDSQAKGNT-UHFFFAOYSA-N,1,murcko:c1ccc2c(c1)Nc1ccccc1S2,True,True,eligible_certified_maximum,0,0,1,HRH1,1,HRH1
source_representative,918,ZPFXAOWNKLFJDN-UHFFFAOYSA-N,1,murcko:c1ccc(CCCNCCCc2ccccc2)cc1,True,False,unresolved_with_missing_labels,6,0,0,,7,ADRB1;SLC6A3;CHRM1;CHRM3;DRD2;NR3C1;HRH1
source_representative,919,ZPLQIPFOCGIIHV-UHFFFAOYSA-N,4,murcko:O=c1cccc[nH]1,True,False,unresolved_interval_overlap,0,0,0,,10,KCNH2;ADRB1;SLC6A3;CHRM1;CHRM3;DRD2;SLC6A2;SLC6A4;NR3C1;HRH1
source_representative,920,ZQTNQVWKHCQYLQ-UHFFFAOYSA-N,0,murcko:O=C(c1ccccc1)c1coc2ccccc12,True,False,unresolved_with_missing_labels,7,0,0,,8,KCNH2;ADRB1;SLC6A3;CHRM1;CHRM3;DRD2;NR3C1;HRH1
source_representative,921,ZRIHAIZYIMGOAB-UHFFFAOYSA-N,4,murcko:O=C1CC(=O)NC(=O)N1,True,False,unresolved_with_missing_labels,1,0,0,,10,KCNH2;ADRB1;SLC6A3;CHRM1;CHRM3;DRD2;SLC6A2;SLC6A4;NR3C1;HRH1
source_representative,922,ZRVUJXDFFKFLMG-UHFFFAOYSA-N,2,murcko:O=C(Nc1nccs1)C1=Cc2ccccc2S(=O)(=O)N1,True,False,unresolved_interval_overlap,0,0,0,,10,KCNH2;ADRB1;SLC6A3;CHRM1;CHRM3;DRD2;SLC6A2;SLC6A4;NR3C1;HRH1
source_representative,923,ZRYHPQCHHOKSMD-UHFFFAOYSA-N,2,murcko:c1ccc(C(CN2CC[NH2+]CC2)C2CCCCC2)cc1,True,False,unresolved_with_missing_labels,6,0,0,,7,KCNH2;ADRB1;CHRM1;CHRM3;DRD2;NR3C1;HRH1
source_representative,924,ZSKVGTPCRGIANV-ZXFLCMHBSA-N,2,murcko:O=C1C[C@H]2CC=CN12,True,False,unresolved_with_missing_labels,1,0,0,,3,KCNH2;CHRM1;NR3C1
source_representative,925,ZWAOHEXOSAUJHY-ZIYNGMLESA-N,1,murcko:O=c1ccn([C@H]2CCCO2)c(=O)[nH]1,True,False,unresolved_with_missing_labels,6,0,0,,10,KCNH2;ADRB1;SLC6A3;CHRM1;CHRM3;DRD2;SLC6A2;SLC6A4;NR3C1;HRH1
source_representative,926,ZXIBCJHYVWYIKI-PZJWPPBQSA-N,3,murcko:O=C(NCc1ccccc1)[C@@H]1CCN1C(=O)CC1CCCCC1,True,False,unresolved_with_missing_labels,7,0,0,,10,KCNH2;ADRB1;SLC6A3;CHRM1;CHRM3;DRD2;SLC6A2;SLC6A4;NR3C1;HRH1
source_representative,927,ZZHLYYDVIOPZBE-UHFFFAOYSA-N,1,murcko:c1ccc2c(c1)Nc1ccccc1S2,True,False,unresolved_with_missing_labels,6,0,0,,7,ADRB1;CHRM1;CHRM3;DRD2;SLC6A2;NR3C1;HRH1
source_representative,928,ZZORFUFYDOWNEF-UHFFFAOYSA-N,4,murcko:O=S(=O)(Nc1ccncn1)c1ccccc1,True,False,unresolved_with_missing_labels,6,0,0,,10,KCNH2;ADRB1;SLC6A3;CHRM1;CHRM3;DRD2;SLC6A2;SLC6A4;NR3C1;HRH1
source_representative,929,ZZUFCTLCJUWOSV-UHFFFAOYSA-N,2,murcko:c1ccc(NCc2ccco2)cc1,True,False,unresolved_interval_overlap,0,0,0,,10,KCNH2;ADRB1;SLC6A3;CHRM1;CHRM3;DRD2;SLC6A2;SLC6A4;NR3C1;HRH1
assay_envelope,0,AAKJLRGGTJKAMG-UHFFFAOYSA-N,1,murcko:c1ccc(Nc2ncnc3ccccc23)cc1,True,False,unresolved_with_missing_labels,1,0,0,,10,KCNH2;ADRB1;SLC6A3;CHRM1;CHRM3;DRD2;SLC6A2;SLC6A4;NR3C1;HRH1
assay_envelope,1,AAOVKJBEBIDNHE-UHFFFAOYSA-N,0,murcko:O=C1CN=C(c2ccccc2)c2ccccc2N1,True,False,unresolved_interval_overlap,0,0,0,,10,KCNH2;ADRB1;SLC6A3;CHRM1;CHRM3;DRD2;SLC6A2;SLC6A4;NR3C1;HRH1
assay_envelope,2,AAXVEMMRQDVLJB-BULBTXNYSA-N,4,murcko:O=C1C=C2CC[C@@H]3C(CCC4CCC[C@H]43)C2CC1,True,True,eligible_certified_maximum,0,0,1,NR3C1,1,NR3C1
assay_envelope,3,ABJKWBDEJIDSJZ-UHFFFAOYSA-N,2,murcko:c1ccc(CNCc2cccc3ccccc23)cc1,True,True,eligible_certified_maximum,0,0,1,KCNH2,1,KCNH2
assay_envelope,4,ACRHBAYQBXXRTO-OAQYLSRUSA-N,1,murcko:O=C1Cc2ccccc2CCN1CCCNC[C@H]1Cc2ccccc21,True,False,unresolved_with_missing_labels,6,0,0,,7,ADRB1;CHRM1;CHRM3;DRD2;SLC6A4;NR3C1;HRH1
assay_envelope,5,ACSIXWWBWUQEHA-UHFFFAOYSA-N,4,acyclic:O=P(O)(O)C(Cl)(Cl)P(=O)(O)O,True,False,unresolved_with_missing_labels,7,0,0,,10,KCNH2;ADRB1;SLC6A3;CHRM1;CHRM3;DRD2;SLC6A2;SLC6A4;NR3C1;HRH1
assay_envelope,6,ACWZRVQXLIRSDF-UHFFFAOYSA-N,4,murcko:c1ccc(Nc2ccc3[nH]cnc3c2)cc1,True,False,unresolved_with_missing_labels,2,0,0,,10,KCNH2;ADRB1;SLC6A3;CHRM1;CHRM3;DRD2;SLC6A2;SLC6A4;NR3C1;HRH1
assay_envelope,7,ADFOJJHRTBFFOF-RBRWEJTLSA-N,1,murcko:c1ccc2c(c1)CC[C@@H]1[C@@H]2CCC2CCC[C@H]21,True,False,unresolved_with_missing_labels,7,0,0,,10,KCNH2;ADRB1;SLC6A3;CHRM1;CHRM3;DRD2;SLC6A2;SLC6A4;NR3C1;HRH1
assay_envelope,8,ADIMAYPTOBDMTL-UHFFFAOYSA-N,0,murcko:O=C1CN=C(c2ccccc2)c2ccccc2N1,True,False,unresolved_interval_overlap,0,0,0,,10,KCNH2;ADRB1;SLC6A3;CHRM1;CHRM3;DRD2;SLC6A2;SLC6A4;NR3C1;HRH1
assay_envelope,9,AEMRFAOFKBGASW-UHFFFAOYSA-N,2,acyclic:O=C(O)CO,True,False,unresolved_with_missing_labels,7,0,0,,10,KCNH2;ADRB1;SLC6A3;CHRM1;CHRM3;DRD2;SLC6A2;SLC6A4;NR3C1;HRH1
assay_envelope,10,AFCGFAGUEYAMAO-UHFFFAOYSA-N,4,acyclic:CC(=O)NCCCS(=O)(=O)O,True,False,unresolved_with_missing_labels,1,0,0,,10,KCNH2;ADRB1;SLC6A3;CHRM1;CHRM3;DRD2;SLC6A2;SLC6A4;NR3C1;HRH1
assay_envelope,11,AGBQKNBQESQNJD-UHFFFAOYSA-N,2,murcko:C1CSSC1,True,False,unresolved_with_missing_labels,6,0,0,,10,KCNH2;ADRB1;SLC6A3;CHRM1;CHRM3;DRD2;SLC6A2;SLC6A4;NR3C1;HRH1
assay_envelope,12,AGHANLSBXUWXTB-UHFFFAOYSA-N,4,murcko:O=C(c1ccccc1)c1cccs1,True,False,unresolved_with_missing_labels,6,0,0,,10,KCNH2;ADRB1;SLC6A3;CHRM1;CHRM3;DRD2;SLC6A2;SLC6A4;NR3C1;HRH1
assay_envelope,13,AGMMTXLNIQSRCG-UHFFFAOYSA-N,4,murcko:O=C1NCNc2ccccc21,True,False,unresolved_interval_overlap,0,0,0,,10,KCNH2;ADRB1;SLC6A3;CHRM1;CHRM3;DRD2;SLC6A2;SLC6A4;NR3C1;HRH1
assay_envelope,14,AGOYDEPGAOXOCK-KCBOHYOISA-N,1,murcko:O=C1CCCCOC(=O)C[C@@H](O[C@H]2CCCCO2)C[C@@H](O[C@H]2CCCCO2)CCC1,True,False,unresolved_with_missing_labels,1,0,0,,10,KCNH2;ADRB1;SLC6A3;CHRM1;CHRM3;DRD2;SLC6A2;SLC6A4;NR3C1;HRH1
assay_envelope,15,AHJRHEGDXFFMBM-UHFFFAOYSA-N,0,murcko:O=c1ccc2cnc(Nc3ccc(N4CCNCC4)cn3)nc2n1C1CCCC1,True,True,eligible_certified_maximum,0,0,1,CHRM1,1,CHRM1
assay_envelope,16,AHLBNYSZXLDEJQ-FWEHEUNISA-N,0,murcko:O=C1CCO1,True,False,unresolved_with_missing_labels,6,0,0,,10,KCNH2;ADRB1;SLC6A3;CHRM1;CHRM3;DRD2;SLC6A2;SLC6A4;NR3C1;HRH1
assay_envelope,17,AIJTTZAVMXIJGM-UHFFFAOYSA-N,4,murcko:O=c1ccn(C2CC2)c2cc(N3CCNCC3)ccc12,True,False,unresolved_with_missing_labels,6,0,0,,10,KCNH2;ADRB1;SLC6A3;CHRM1;CHRM3;DRD2;SLC6A2;SLC6A4;NR3C1;HRH1
assay_envelope,18,AILRADAXUVEEIR-UHFFFAOYSA-N,4,murcko:c1ccc(Nc2ccnc(Nc3ccc(N4CCC(N5CCNCC5)CC4)cc3)n2)cc1,True,False,unresolved_with_missing_labels,7,0,0,,10,KCNH2;ADRB1;SLC6A3;CHRM1;CHRM3;DRD2;SLC6A2;SLC6A4;NR3C1;HRH1
assay_envelope,19,AIONOLUJZLIMTK-AWEZNQCLSA-N,0,murcko:O=C1C[C@@H](c2ccccc2)Oc2ccccc21,True,False,unresolved_interval_overlap,0,0,0,,10,KCNH2;ADRB1;SLC6A3;CHRM1;CHRM3;DRD2;SLC6A2;SLC6A4;NR3C1;HRH1
assay_envelope,20,AIZFEOPQVZBNGH-UHFFFAOYSA-N,2,murcko:O=C1CN=C(c2ccccc2)c2c(sc3c2CCCC3)N1,True,False,unresolved_with_missing_labels,6,0,0,,10,KCNH2;ADRB1;SLC6A3;CHRM1;CHRM3;DRD2;SLC6A2;SLC6A4;NR3C1;HRH1
assay_envelope,21,AKPLHCDWDRPJGD-UHFFFAOYSA-N,0,murcko:O=C1CN=C(c2ccccc2)c2ccccc2N1,True,False,unresolved_interval_overlap,0,0,0,,10,KCNH2;ADRB1;SLC6A3;CHRM1;CHRM3;DRD2;SLC6A2;SLC6A4;NR3C1;HRH1
assay_envelope,22,ALAXZYHFVBSJKZ-UHFFFAOYSA-N,1,murcko:O=C(c1ccccc1)N1CCc2nnccc2C1,True,False,unresolved_with_missing_labels,2,0,0,,10,KCNH2;ADRB1;SLC6A3;CHRM1;CHRM3;DRD2;SLC6A2;SLC6A4;NR3C1;HRH1
assay_envelope,23,ALELTFCQZDXAMQ-UHFFFAOYSA-N,3,murcko:c1ccc2c(c1)CCc1ccccc1C2,True,False,unresolved_with_missing_labels,5,0,0,,6,ADRB1;SLC6A3;SLC6A2;SLC6A4;NR3C1;HRH1
assay_envelope,24,ALIVXCSEERJYHU-UHFFFAOYSA-N,0,murcko:c1ccc(-c2ccccc2)cc1,True,False,unresolved_with_missing_labels,6,0,0,,10,KCNH2;ADRB1;SLC6A3;CHRM1;CHRM3;DRD2;SLC6A2;SLC6A4;NR3C1;HRH1
assay_envelope,25,ANEBWFXPVPTEET-UHFFFAOYSA-N,1,murcko:O=C(OCCN1CCN(C(c2ccccc2)c2ccccc2)CC1)C1=CNC=CC1c1ccccc1,True,True,eligible_certified_maximum,0,0,1,KCNH2,1,KCNH2
assay_envelope,26,ANGKOCUUWGHLCE-UHFFFAOYSA-N,4,murcko:O=C(OC1CC[NH2+]C1)C(c1ccccc1)C1CCCC1,True,True,eligible_certified_maximum,0,0,1,CHRM3,1,CHRM3
assay_envelope,27,ANMATWQYLIFGOK-UHFFFAOYSA-N,0,murcko:O=c1ccoc2ccc(Oc3ccccc3)cc12,True,False,unresolved_with_missing_labels,4,0,0,,10,KCNH2;ADRB1;SLC6A3;CHRM1;CHRM3;DRD2;SLC6A2;SLC6A4;NR3C1;HRH1
assay_envelope,28,ANMLJLFWUCQGKZ-UHFFFAOYSA-N,0,murcko:O=C1OC(OC(=O)c2cccnc2Nc2ccccc2)c2ccccc21,True,False,unresolved_interval_overlap,0,0,0,,10,KCNH2;ADRB1;SLC6A3;CHRM1;CHRM3;DRD2;SLC6A2;SLC6A4;NR3C1;HRH1
assay_envelope,29,ANTSCNMPPGJYLG-UHFFFAOYSA-N,1,murcko:C1=Nc2ccccc2C(c2ccccc2)=[NH+]C1,False,False,excluded_native_score_incomplete,0,10,1,HRH1,1,HRH1
assay_envelope,30,AOCCBINRVIKJHY-UHFFFAOYSA-N,0,murcko:O=c1cc[nH]c(=O)[nH]1,True,False,unresolved_interval_overlap,0,0,0,,10,KCNH2;ADRB1;SLC6A3;CHRM1;CHRM3;DRD2;SLC6A2;SLC6A4;NR3C1;HRH1
assay_envelope,31,AQCHWTWZEMGIFD-UHFFFAOYSA-N,0,murcko:O=C1c2ccccc2NCN1c1ccccc1,True,False,unresolved_interval_overlap,0,0,0,,10,KCNH2;ADRB1;SLC6A3;CHRM1;CHRM3;DRD2;SLC6A2;SLC6A4;NR3C1;HRH1
assay_envelope,32,ARAIBEBZBOPLMB-UFGQHTETSA-N,3,murcko:C1=COCCC1,True,False,unresolved_interval_overlap,0,0,0,,10,KCNH2;ADRB1;SLC6A3;CHRM1;CHRM3;DRD2;SLC6A2;SLC6A4;NR3C1;HRH1
assay_envelope,33,ASUTZQLVASHGKV-JDFRZJQESA-N,1,murcko:C1=C[C@@]23CCNCc4cccc(c42)O[C@H]3CC1,True,False,unresolved_with_missing_labels,6,0,0,,10,KCNH2;ADRB1;SLC6A3;CHRM1;CHRM3;DRD2;SLC6A2;SLC6A4;NR3C1;HRH1
assay_envelope,34,ATALOFNDEOCMKK-OITMNORJSA-N,3,murcko:O=c1[nH]nc(CN2CCO[C@H](OCc3ccccc3)[C@@H]2c2ccccc2)[nH]1,True,False,unresolved_interval_overlap,0,0,0,,5,ADRB1;SLC6A3;SLC6A2;SLC6A4;NR3C1
assay_envelope,35,ATCGGEJZONJOCL-UHFFFAOYSA-N,1,murcko:c1ccc(-c2ncncn2)cc1,True,False,unresolved_with_missing_labels,1,0,0,,10,KCNH2;ADRB1;SLC6A3;CHRM1;CHRM3;DRD2;SLC6A2;SLC6A4;NR3C1;HRH1
assay_envelope,36,ATEBXHFBFRCZMA-VXTBVIBXSA-N,2,murcko:O=C1/C=C\C=C\CCCCCCCC/C=C/OC2Oc3ccc4c(c3C2=O)C2=NC3(CCNCC3)NC2=C(N1)C4=O,True,False,unresolved_with_missing_labels,6,0,0,,10,KCNH2;ADRB1;SLC6A3;CHRM1;CHRM3;DRD2;SLC6A2;SLC6A4;NR3C1;HRH1
assay_envelope,37,AUYYCJSJGJYCDS-LBPRGKRZSA-N,3,murcko:c1ccc(Oc2ccccc2)cc1,True,False,unresolved_interval_overlap,0,0,0,,10,KCNH2;ADRB1;SLC6A3;CHRM1;CHRM3;DRD2;SLC6A2;SLC6A4;NR3C1;HRH1
assay_envelope,38,AUZONCFQVSMFAP-UHFFFAOYSA-N,1,acyclic:CCN(CC)C(=S)SSC(=S)N(CC)CC,True,False,unresolved_with_missing_labels,6,0,0,,7,ADRB1;SLC6A3;CHRM1;CHRM3;DRD2;NR3C1;HRH1
assay_envelope,39,AVAACINZEOAHHE-VFZPANTDSA-N,4,murcko:O=C1C[C@H]2CC(S[C@H]3CCNC3)=CN12,True,False,unresolved_with_missing_labels,2,0,0,,10,KCNH2;ADRB1;SLC6A3;CHRM1;CHRM3;DRD2;SLC6A2;SLC6A4;NR3C1;HRH1
assay_envelope,40,AXKPFOAXAHJUAG-UHFFFAOYSA-N,0,murcko:O=C(CCCN1CCC(N2CCCCC2)CC1)c1ccccc1,True,False,unresolved_with_missing_labels,6,0,0,,7,KCNH2;ADRB1;CHRM1;CHRM3;DRD2;NR3C1;HRH1
assay_envelope,41,AXOIZCJOOAYSMI-UHFFFAOYSA-N,3,acyclic:C[N+](C)(C)CCOC(=O)CCC(=O)OCC[N+](C)(C)C,True,False,unresolved_with_missing_labels,7,0,0,,10,KCNH2;ADRB1;SLC6A3;CHRM1;CHRM3;DRD2;SLC6A2;SLC6A4;NR3C1;HRH1
assay_envelope,42,AXRYRYVKAWYZBR-GASGPIRDSA-N,3,murcko:c1ccc(CCCCNCc2ccc(-c3ccccn3)cc2)cc1,True,False,unresolved_interval_overlap,0,0,0,,10,KCNH2;ADRB1;SLC6A3;CHRM1;CHRM3;DRD2;SLC6A2;SLC6A4;NR3C1;HRH1
assay_envelope,43,AYDXAULLCROVIT-UHFFFAOYSA-N,2,murcko:O=C1c2ccccc2CN1c1ccccc1,True,False,unresolved_with_missing_labels,1,0,0,,10,KCNH2;ADRB1;SLC6A3;CHRM1;CHRM3;DRD2;SLC6A2;SLC6A4;NR3C1;HRH1
assay_envelope,44,AYFVYJQAPQTCCC-GBXIJSLDSA-N,3,acyclic:C[C@@H](O)[C@H](N)C(=O)O,True,False,unresolved_with_missing_labels,6,0,0,,10,KCNH2;ADRB1;SLC6A3;CHRM1;CHRM3;DRD2;SLC6A2;SLC6A4;NR3C1;HRH1
assay_envelope,45,BAINIUMDFURPJM-UHFFFAOYSA-N,4,murcko:O=c1[nH]c2ccccc2n1CCCN1CCN(C(c2ccccc2)c2ccccc2)CC1,True,True,eligible_certified_maximum,0,0,1,KCNH2,1,KCNH2
assay_envelope,46,BAQCROVBDNBEEB-UBYUBLNFSA-N,0,murcko:O=C(N[C@@H]1CCCOC1)c1ccccc1,True,False,unresolved_interval_overlap,0,0,0,,10,KCNH2;ADRB1;SLC6A3;CHRM1;CHRM3;DRD2;SLC6A2;SLC6A4;NR3C1;HRH1
assay_envelope,47,BBDAGFIXKZCXAH-CCXZUQQUSA-N,2,murcko:N=c1ccn2c(n1)O[C@H]1CCO[C@H]12,True,False,unresolved_with_missing_labels,6,0,0,,10,KCNH2;ADRB1;SLC6A3;CHRM1;CHRM3;DRD2;SLC6A2;SLC6A4;NR3C1;HRH1
assay_envelope,48,BCEHBSKCWLPMDN-MGPLVRAMSA-N,0,murcko:c1ccc(C(Cc2ccncn2)Cn2cncn2)cc1,True,False,unresolved_with_missing_labels,6,0,0,,10,KCNH2;ADRB1;SLC6A3;CHRM1;CHRM3;DRD2;SLC6A2;SLC6A4;NR3C1;HRH1
assay_envelope,49,BCQTVJKBTWGHCX-UHFFFAOYSA-N,0,murcko:O=C(CC12CCCN1CCC2)Nc1ccccc1,True,False,unresolved_interval_overlap,0,0,0,,10,KCNH2;ADRB1;SLC6A3;CHRM1;CHRM3;DRD2;SLC6A2;SLC6A4;NR3C1;HRH1
assay_envelope,50,BDBMLMBYCXNVMC-UHFFFAOYSA-O,1,murcko:C(=CC=CC1=[NH+]c2ccc3ccccc3c2C1)C=CC=C1Cc2c(ccc3ccccc23)N1,False,False,excluded_native_score_incomplete,0,10,1,SLC6A2,1,SLC6A2
assay_envelope,51,BDJRBEYXGGNYIS-UHFFFAOYSA-N,1,acyclic:O=C(O)CCCCCCCC(=O)O,True,False,unresolved_interval_overlap,0,0,0,,10,KCNH2;ADRB1;SLC6A3;CHRM1;CHRM3;DRD2;SLC6A2;SLC6A4;NR3C1;HRH1
assay_envelope,52,BENFXAYNYRLAIU-QSVFAHTRSA-N,2,murcko:O=C1CNC(=O)[C@H](Cc2ccccc2)NC(=O)[C@H](Cc2ccccc2)NC(=O)CCSSC[C@@H](C(=O)N2CCCC2)NC(=O)CN1,True,False,unresolved_interval_overlap,0,0,0,,10,KCNH2;ADRB1;SLC6A3;CHRM1;CHRM3;DRD2;SLC6A2;SLC6A4;NR3C1;HRH1
assay_envelope,53,BFPYWIDHMRZLRN-SLHNCBLASA-N,1,murcko:c1ccc2c(c1)CC[C@@H]1[C@@H]2CCC2CCC[C@H]21,True,True,eligible_certified_maximum,0,0,1,NR3C1,1,NR3C1
assay_envelope,54,BFUJHVVEMMWLHC-UHFFFAOYSA-N,1,murcko:O=C(COc1ccccc1)N1CCN(Cc2ccc3c(c2)OCO3)CC1,True,False,unresolved_with_missing_labels,6,0,0,,7,KCNH2;ADRB1;CHRM1;CHRM3;DRD2;NR3C1;HRH1
assay_envelope,55,BGEBZHIAGXMEMV-UHFFFAOYSA-N,1,murcko:O=c1ccc2cc3ccoc3cc2o1,True,False,unresolved_with_missing_labels,6,0,0,,10,KCNH2;ADRB1;SLC6A3;CHRM1;CHRM3;DRD2;SLC6A2;SLC6A4;NR3C1;HRH1
assay_envelope,56,BGSZAXLLHYERSY-XQIGCQGXSA-N,1,murcko:C1CCN([C@@H]2CC[C@@H]3CC[C@H]4[C@@H]5C[C@H]([NH+]6CCCCC6)CC5CC[C@@H]4C3C2)CC1,True,True,eligible_certified_maximum,0,0,1,KCNH2,1,KCNH2
assay_envelope,57,BJFIDCADFRDPIO-DZCXQCEKSA-N,2,murcko:O=C1CNC(=O)[C@H](Cc2ccccc2)NC(=O)[C@H](Cc2ccccc2)NC(=O)CCSSC[C@@H](C(=O)N2CCCC2)NC(=O)CN1,True,False,unresolved_with_missing_labels,6,0,0,,10,KCNH2;ADRB1;SLC6A3;CHRM1;CHRM3;DRD2;SLC6A2;SLC6A4;NR3C1;HRH1
assay_envelope,58,BJOLKYGKSZKIGU-UHFFFAOYSA-N,0,acyclic:CCOP(=O)(OCC)SCC[N+](C)(C)C,True,False,unresolved_with_missing_labels,6,0,0,,10,KCNH2;ADRB1;SLC6A3;CHRM1;CHRM3;DRD2;SLC6A2;SLC6A4;NR3C1;HRH1
assay_envelope,59,BJVVMKUXKQHWJK-UHFFFAOYSA-N,4,murcko:O=C1CC(=O)NC(=O)N1,True,False,unresolved_interval_overlap,0,0,0,,10,KCNH2;ADRB1;SLC6A3;CHRM1;CHRM3;DRD2;SLC6A2;SLC6A4;NR3C1;HRH1
assay_envelope,60,BKYKPTRYDKTTJY-UHFFFAOYSA-N,1,murcko:O=S1(=O)NC(CC2CCCC2)Nc2ccccc21,True,False,unresolved_with_missing_labels,2,0,0,,10,KCNH2;ADRB1;SLC6A3;CHRM1;CHRM3;DRD2;SLC6A2;SLC6A4;NR3C1;HRH1
assay_envelope,61,BLCLNMBMMGCOAS-URPVMXJPSA-N,3,murcko:O=C(CNC(=O)CNC(=O)[C@H](Cc1ccccc1)NC(=O)CNC(=O)[C@H](Cc1c[nH]c2ccccc12)NC(=O)[C@H](Cc1c[nH]cn1)NC(=O)[C@@H]1CCC(=O)N1)NCC(=O)N1CCCC1,False,False,excluded_native_score_incomplete,7,10,0,,10,KCNH2;ADRB1;SLC6A3;CHRM1;CHRM3;DRD2;SLC6A2;SLC6A4;NR3C1;HRH1
assay_envelope,62,BLGXFZZNTVWLAY-SCYLSFHTSA-N,2,murcko:c1ccc2c3c([nH]c2c1)[C@@H]1C[C@@H]2CCCC[C@H]2CN1CC3,True,False,unresolved_with_missing_labels,6,0,0,,7,KCNH2;ADRB1;CHRM1;CHRM3;DRD2;NR3C1;HRH1
assay_envelope,63,BMKDZUISNHGIBY-UHFFFAOYSA-N,3,murcko:O=C1CN(CCN2CC(=O)NC(=O)C2)CC(=O)N1,True,False,unresolved_with_missing_labels,6,0,0,,10,KCNH2;ADRB1;SLC6A3;CHRM1;CHRM3;DRD2;SLC6A2;SLC6A4;NR3C1;HRH1
assay_envelope,64,BMKDZUISNHGIBY-ZETCQYMHSA-N,3,murcko:O=C1CN(CCN2CC(=O)NC(=O)C2)CC(=O)N1,True,False,unresolved_with_missing_labels,6,0,0,,10,KCNH2;ADRB1;SLC6A3;CHRM1;CHRM3;DRD2;SLC6A2;SLC6A4;NR3C1;HRH1
assay_envelope,65,BMOVQUBVGICXQN-UHFFFAOYSA-N,0,murcko:c1ccc(C2(c3ccccc3)CCCCC2)cc1,True,False,unresolved_interval_overlap,0,0,0,,10,KCNH2;ADRB1;SLC6A3;CHRM1;CHRM3;DRD2;SLC6A2;SLC6A4;NR3C1;HRH1
assay_envelope,66,BNRNXUUZRGQAQC-UHFFFAOYSA-N,1,murcko:O=c1[nH]c(-c2cccc(S(=O)(=O)N3CCNCC3)c2)nc2cn[nH]c12,True,False,unresolved_interval_overlap,0,0,0,,10,KCNH2;ADRB1;SLC6A3;CHRM1;CHRM3;DRD2;SLC6A2;SLC6A4;NR3C1;HRH1
assay_envelope,67,BOCUKUHCLICSIY-UHFFFAOYSA-N,0,murcko:O=S1(=O)NC(C2CC3C=CC2C3)Nc2ccccc21,True,False,unresolved_with_missing_labels,6,0,0,,10,KCNH2;ADRB1;SLC6A3;CHRM1;CHRM3;DRD2;SLC6A2;SLC6A4;NR3C1;HRH1
assay_envelope,68,BPLBGHOLXOTWMN-MBNYWOFBSA-N,0,murcko:O=C(COc1ccccc1)N[C@@H]1C(=O)N2CCS[C@H]12,True,False,unresolved_with_missing_labels,6,0,0,,10,KCNH2;ADRB1;SLC6A3;CHRM1;CHRM3;DRD2;SLC6A2;SLC6A4;NR3C1;HRH1
assay_envelope,69,BPQMGSKTAYIVFO-UHFFFAOYSA-N,1,murcko:O=C(Nc1cccc(-c2ccccn2)c1)c1ccccc1,True,False,unresolved_interval_overlap,0,0,0,,10,KCNH2;ADRB1;SLC6A3;CHRM1;CHRM3;DRD2;SLC6A2;SLC6A4;NR3C1;HRH1
assay_envelope,70,BPRHUIZQVSMCRT-VEUZHWNKSA-N,4,murcko:c1ccc(-c2ccncn2)cc1,True,False,unresolved_interval_overlap,0,0,0,,10,KCNH2;ADRB1;SLC6A3;CHRM1;CHRM3;DRD2;SLC6A2;SLC6A4;NR3C1;HRH1
assay_envelope,71,BPZSYCZIITTYBL-YJYMSZOUSA-N,3,murcko:c1ccc(CCNCCc2ccccc2)cc1,True,True,eligible_certified_maximum,0,0,1,SLC6A4,1,SLC6A4
assay_envelope,72,BQSJTQLCZDPROO-UHFFFAOYSA-N,1,murcko:c1ccc(-c2nccs2)cc1,True,False,unresolved_with_missing_labels,6,0,0,,10,KCNH2;ADRB1;SLC6A3;CHRM1;CHRM3;DRD2;SLC6A2;SLC6A4;NR3C1;HRH1
assay_envelope,73,BSMCAPRUBJMWDF-KRWDZBQOSA-N,1,murcko:O=C(c1ccccc1Nc1ccccc1)N1CC([C@@H]2CCCCN2)C1,True,False,unresolved_with_missing_labels,6,0,0,,7,KCNH2;ADRB1;CHRM1;CHRM3;DRD2;NR3C1;HRH1
assay_envelope,74,BTFMCMVEUCGQDX-UHFFFAOYSA-N,2,murcko:c1ccc2c(c1)Sc1ccccc1N2CCCN1CCCCC1,True,True,eligible_certified_maximum,0,0,1,DRD2,1,DRD2
assay_envelope,75,BUGYDGFZZOZRHP-UHFFFAOYSA-N,4,murcko:C1C2CC3CC1CC(C2)C3,True,False,unresolved_interval_overlap,0,0,0,,10,KCNH2;ADRB1;SLC6A3;CHRM1;CHRM3;DRD2;SLC6A2;SLC6A4;NR3C1;HRH1
assay_envelope,76,BVPWJMCABCPUQY-UHFFFAOYSA-N,3,murcko:O=C(NC1CCN(Cc2ccccc2)CC1)c1ccccc1,True,True,eligible_certified_maximum,0,0,1,DRD2,1,DRD2
assay_envelope,77,BXZVVICBKDXVGW-NKWVEPMBSA-N,2,murcko:O=c1[nH]cnc2c1ncn2[C@H]1CCCO1,True,False,unresolved_interval_overlap,0,0,0,,10,KCNH2;ADRB1;SLC6A3;CHRM1;CHRM3;DRD2;SLC6A2;SLC6A4;NR3C1;HRH1
assay_envelope,78,BYBLEWFAAKGYCD-UHFFFAOYSA-N,2,murcko:c1ccc(COC(Cn2ccnc2)c2ccccc2)cc1,True,True,eligible_certified_maximum,0,0,1,KCNH2,1,KCNH2
assay_envelope,79,BYFMCKSPFYVMOU-UHFFFAOYSA-N,1,murcko:c1ccc(Cn2ncc3ccccc32)cc1,True,False,unresolved_with_missing_labels,6,0,0,,10,KCNH2;ADRB1;SLC6A3;CHRM1;CHRM3;DRD2;SLC6A2;SLC6A4;NR3C1;HRH1
assay_envelope,80,BYPFEZZEUUWMEJ-UHFFFAOYSA-N,1,murcko:O=c1[nH]c(=O)c2[nH]cnc2[nH]1,True,False,unresolved_interval_overlap,0,0,0,,10,KCNH2;ADRB1;SLC6A3;CHRM1;CHRM3;DRD2;SLC6A2;SLC6A4;NR3C1;HRH1
assay_envelope,81,BZEWSEKUUPWQDQ-UHFFFAOYSA-N,2,murcko:O=C(CCN1CCCCC1)c1ccccc1,True,True,eligible_certified_maximum,0,0,1,SLC6A2,1,SLC6A2
assay_envelope,82,BZMKNPGKXJAIDV-VAWYXSNFSA-N,4,murcko:C(=C/c1nc(C2CCC2)cs1)\c1ccccc1,True,False,unresolved_with_missing_labels,4,0,0,,5,ADRB1;CHRM1;CHRM3;DRD2;HRH1
assay_envelope,83,CBEQULMOCCWAQT-WOJGMQOQSA-N,1,murcko:C(\CN1CCCC1)=C(\c1ccccc1)c1ccccn1,True,True,eligible_certified_maximum,0,0,1,HRH1,1,HRH1
assay_envelope,84,CBQGYUDMJHNJBX-RTBURBONSA-N,4,murcko:c1ccc(O[C@H](c2ccccc2)[C@H]2CNCCO2)cc1,True,True,eligible_certified_maximum,0,0,1,SLC6A2,1,SLC6A2
assay_envelope,85,CBVCZFGXHXORBI-PXQQMZJSSA-N,3,murcko:O=C(N[C@@H]1CCc2ccccc21)[C@@H](CCCN1CCN(Cc2cccnc2)CC1)Cc1ccccc1,True,False,unresolved_with_missing_labels,6,0,0,,10,KCNH2;ADRB1;SLC6A3;CHRM1;CHRM3;DRD2;SLC6A2;SLC6A4;NR3C1;HRH1
assay_envelope,86,CDAISMWEOUEBRE-GPIVLXJGSA-N,4,murcko:C1CCCCC1,True,False,unresolved_with_missing_labels,6,0,0,,10,KCNH2;ADRB1;SLC6A3;CHRM1;CHRM3;DRD2;SLC6A2;SLC6A4;NR3C1;HRH1
assay_envelope,87,CDCHDCWJMGXXRH-UHFFFAOYSA-N,2,murcko:c1ccc(C2=NCc3nncn3-c3ccccc32)cc1,True,False,unresolved_interval_overlap,0,0,0,,10,KCNH2;ADRB1;SLC6A3;CHRM1;CHRM3;DRD2;SLC6A2;SLC6A4;NR3C1;HRH1
assay_envelope,88,CDOZDBSBBXSXLB-UHFFFAOYSA-N,1,murcko:c1ccc2c(c1)Nc1ccccc1S2,True,False,unresolved_with_missing_labels,6,0,0,,7,KCNH2;ADRB1;CHRM1;CHRM3;DRD2;NR3C1;HRH1
assay_envelope,89,CESYKOGBSMNBPD-UHFFFAOYSA-N,2,murcko:O=S1(=O)NCNc2ccccc21,True,False,unresolved_with_missing_labels,6,0,0,,10,KCNH2;ADRB1;SLC6A3;CHRM1;CHRM3;DRD2;SLC6A2;SLC6A4;NR3C1;HRH1
assay_envelope,90,CEUORZQYGODEFX-UHFFFAOYSA-N,0,murcko:O=C1CCc2ccc(OCCCCN3CCN(c4ccccc4)CC3)cc2N1,True,True,eligible_certified_maximum,0,0,1,DRD2,1,DRD2
assay_envelope,91,CFZXDJWFRVEWSR-BUHFOSPRSA-N,1,murcko:O=C1/C(=C2\Nc3ccccc3C2=O)Nc2ccccc21,True,False,unresolved_with_missing_labels,6,0,0,,10,KCNH2;ADRB1;SLC6A3;CHRM1;CHRM3;DRD2;SLC6A2;SLC6A4;NR3C1;HRH1
assay_envelope,92,CGIGDMFJXJATDK-UHFFFAOYSA-N,4,murcko:O=C(c1ccccc1)n1ccc2ccccc21,True,False,unresolved_interval_overlap,0,0,0,,10,KCNH2;ADRB1;SLC6A3;CHRM1;CHRM3;DRD2;SLC6A2;SLC6A4;NR3C1;HRH1
assay_envelope,93,CGYWLLGTCBIGSR-UHFFFAOYSA-N,0,murcko:O=C1Nc2ccccc2Oc2ccccc21,True,False,unresolved_with_missing_labels,6,0,0,,7,ADRB1;CHRM1;CHRM3;DRD2;SLC6A4;NR3C1;HRH1
assay_envelope,94,CHNXZKVNWQUJIB-CEGNMAFCSA-N,3,murcko:O=C1C=C2CC[C@H]3[C@@H]4CCCC4CC[C@@H]3C2CC1,True,False,unresolved_with_missing_labels,6,0,0,,10,KCNH2;ADRB1;SLC6A3;CHRM1;CHRM3;DRD2;SLC6A2;SLC6A4;NR3C1;HRH1
assay_envelope,95,CIDUJQMULVCIBT-MQDUPKMGSA-N,3,murcko:C1=CO[C@H](O[C@@H]2CCC[C@H](O[C@@H]3CCCCO3)C2)CC1,True,False,unresolved_with_missing_labels,6,0,0,,10,KCNH2;ADRB1;SLC6A3;CHRM1;CHRM3;DRD2;SLC6A2;SLC6A4;NR3C1;HRH1
assay_envelope,96,CJAVTWRYCDNHSM-UHFFFAOYSA-N,2,murcko:O=C(OCCNCCc1ccccc1)c1ccccc1,True,True,eligible_certified_maximum,0,0,1,KCNH2,1,KCNH2
assay_envelope,97,CJGYSWNGNKCJSB-YVLZZHOMSA-N,2,murcko:O=[PH]1OC[C@H]2O[C@@H](n3cnc4cncnc43)C[C@@H]2O1,True,False,unresolved_interval_overlap,0,0,0,,10,KCNH2;ADRB1;SLC6A3;CHRM1;CHRM3;DRD2;SLC6A2;SLC6A4;NR3C1;HRH1
assay_envelope,98,CKLJMWTZIZZHCS-REOHCLBHSA-N,4,acyclic:N[C@@H](CC(=O)O)C(=O)O,True,False,unresolved_with_missing_labels,6,0,0,,10,KCNH2;ADRB1;SLC6A3;CHRM1;CHRM3;DRD2;SLC6A2;SLC6A4;NR3C1;HRH1
assay_envelope,99,CLPFFLWZZBQMAO-UHFFFAOYSA-N,2,murcko:c1ccc(C2CCCc3cncn32)cc1,True,True,eligible_certified_maximum,0,0,1,KCNH2,1,KCNH2
assay_envelope,100,CMJCXYNUCSMDBY-ZDUSSCGKSA-N,2,murcko:c1ccc(-c2n[nH]cc2-c2ccncn2)cc1,True,True,eligible_certified_maximum,0,0,1,CHRM3,1,CHRM3
assay_envelope,101,CMSMOCZEIVJLDB-UHFFFAOYSA-N,1,murcko:O=[PH]1NCCCO1,True,False,unresolved_with_missing_labels,6,0,0,,10,KCNH2;ADRB1;SLC6A3;CHRM1;CHRM3;DRD2;SLC6A2;SLC6A4;NR3C1;HRH1
assay_envelope,102,CNBGNNVCVSKAQZ-UHFFFAOYSA-N,1,murcko:c1ccc(Cn2ncc3ccccc32)cc1,True,False,unresolved_with_missing_labels,6,0,0,,7,ADRB1;SLC6A3;CHRM1;CHRM3;DRD2;NR3C1;HRH1
assay_envelope,103,CNIIGCLFLJGOGP-UHFFFAOYSA-N,4,murcko:c1ccc2c(CC3=NCCN3)cccc2c1,True,False,unresolved_with_missing_labels,6,0,0,,10,KCNH2;ADRB1;SLC6A3;CHRM1;CHRM3;DRD2;SLC6A2;SLC6A4;NR3C1;HRH1
assay_envelope,104,COKMIXFXJJXBQG-NRFANRHFSA-N,0,murcko:c1ccc(OCCCCC2CCNCC2)cc1,True,False,unresolved_with_missing_labels,6,0,0,,7,ADRB1;CHRM1;CHRM3;DRD2;SLC6A4;NR3C1;HRH1
assay_envelope,105,COUYJEVMBVSIHV-SFHVURJKSA-N,2,murcko:O=C1COc2c(CCNCCc3ccccc3)cccc2N1,True,False,unresolved_with_missing_labels,1,0,0,,2,SLC6A4;NR3C1
assay_envelope,106,CQXADFVORZEARL-UHFFFAOYSA-N,4,murcko:C1COC(NC(C2CC2)C2CC2)=N1,True,False,unresolved_interval_overlap,0,0,0,,10,KCNH2;ADRB1;SLC6A3;CHRM1;CHRM3;DRD2;SLC6A2;SLC6A4;NR3C1;HRH1
assay_envelope,107,CULUWZNBISUWAS-UHFFFAOYSA-N,1,murcko:O=C(Cn1ccnc1)NCc1ccccc1,True,False,unresolved_interval_overlap,0,0,0,,10,KCNH2;ADRB1;SLC6A3;CHRM1;CHRM3;DRD2;SLC6A2;SLC6A4;NR3C1;HRH1
assay_envelope,108,CURUTKGFNZGFSE-UHFFFAOYSA-N,4,murcko:C1CCC(C2CCCCC2)CC1,True,False,unresolved_with_missing_labels,1,0,0,,2,CHRM1;NR3C1
assay_envelope,109,CUWODFFVMXJOKD-UVLQAERKSA-N,3,murcko:O=C(CNC(=O)CNC(=O)[C@H](Cc1ccccc1)NC(=O)CNC(=O)[C@H](Cc1c[nH]c2ccccc12)NC(=O)[C@H](Cc1c[nH]cn1)NC(=O)[C@@H]1CCC(=O)N1)NCC(=O)N1CCCC1,False,False,excluded_native_score_incomplete,6,10,0,,10,KCNH2;ADRB1;SLC6A3;CHRM1;CHRM3;DRD2;SLC6A2;SLC6A4;NR3C1;HRH1
assay_envelope,110,CVBMAZKKCSYWQR-WCGOZPBSSA-N,4,murcko:O=C(O[C@H]1CC[C@H]2C[C@@H]3c4[nH]c5ccccc5c4CCN3C[C@H]2C1)c1ccccc1,True,True,eligible_certified_maximum,0,0,1,KCNH2,1,KCNH2
assay_envelope,111,CXOFVDLJLONNDW-UHFFFAOYSA-N,2,murcko:O=C1NC(=O)C(c2ccccc2)(c2ccccc2)N1,True,True,eligible_certified_maximum,0,0,1,HRH1,1,HRH1
assay_envelope,112,CYDMQBQPVICBEU-XRNKAMNCSA-N,0,murcko:O=C1C2=CC3C(=O)C=CC[C@@H]3C[C@@H]2Cc2ccccc21,True,False,unresolved_with_missing_labels,6,0,0,,10,KCNH2;ADRB1;SLC6A3;CHRM1;CHRM3;DRD2;SLC6A2;SLC6A4;NR3C1;HRH1
assay_envelope,113,CYOHGALHFOKKQC-UHFFFAOYSA-N,4,murcko:c1ccc(Nc2ccc3[nH]cnc3c2)cc1,True,False,unresolved_with_missing_labels,4,0,0,,10,KCNH2;ADRB1;SLC6A3;CHRM1;CHRM3;DRD2;SLC6A2;SLC6A4;NR3C1;HRH1
assay_envelope,114,CZCHIEJNWPNBDE-UHFFFAOYSA-N,0,murcko:O=C(c1ccccc1)c1coc2ccccc12,True,False,unresolved_with_missing_labels,7,0,0,,8,KCNH2;ADRB1;SLC6A3;CHRM1;CHRM3;DRD2;NR3C1;HRH1
assay_envelope,115,CZFFBEXEKNGXKS-UHFFFAOYSA-N,4,murcko:O=C(NCc1ccccc1)c1cc(=O)[nH]c(CNC(=O)c2nnco2)n1,True,False,unresolved_with_missing_labels,6,0,0,,10,KCNH2;ADRB1;SLC6A3;CHRM1;CHRM3;DRD2;SLC6A2;SLC6A4;NR3C1;HRH1
assay_envelope,116,CZMRCDWAGMRECN-UGDNZRGBSA-N,4,murcko:C1CC[C@@H](OC2CCCO2)OC1,True,False,unresolved_interval_overlap,0,0,0,,10,KCNH2;ADRB1;SLC6A3;CHRM1;CHRM3;DRD2;SLC6A2;SLC6A4;NR3C1;HRH1
assay_envelope,117,DAFYYTQWSAWIGS-DEOSSOPVSA-N,1,murcko:c1ccc(CCNCCCCCCOCCOCc2ccccc2)cc1,True,False,unresolved_with_missing_labels,2,0,0,,3,KCNH2;SLC6A4;NR3C1
assay_envelope,118,DBVJJBKOTRCVKF-UHFFFAOYSA-N,4,acyclic:CC(O)(P(=O)(O)O)P(=O)(O)O,True,False,unresolved_with_missing_labels,7,0,0,,10,KCNH2;ADRB1;SLC6A3;CHRM1;CHRM3;DRD2;SLC6A2;SLC6A4;NR3C1;HRH1
assay_envelope,119,DCOPUUMXTXDBNB-UHFFFAOYSA-N,2,murcko:c1ccc(Nc2ccccc2)cc1,True,False,unresolved_interval_overlap,0,0,0,,10,KCNH2;ADRB1;SLC6A3;CHRM1;CHRM3;DRD2;SLC6A2;SLC6A4;NR3C1;HRH1
assay_envelope,120,DCSUBABJRXZOMT-UHFFFAOYSA-N,1,murcko:O=C(NC1CCN(CCCOc2ccccc2)CC1)c1ccccc1,True,True,eligible_certified_maximum,0,0,1,KCNH2,1,KCNH2
assay_envelope,121,DCXYFEDJOCDNAF-REOHCLBHSA-N,2,acyclic:NC(=O)C[C@H](N)C(=O)O,True,False,unresolved_with_missing_labels,7,0,0,,10,KCNH2;ADRB1;SLC6A3;CHRM1;CHRM3;DRD2;SLC6A2;SLC6A4;NR3C1;HRH1
assay_envelope,122,DDDQVDIPBFGVIG-UHFFFAOYSA-N,0,murcko:O=C(COc1ccccc1)NC(=O)NCN1CCOCC1,True,False,unresolved_with_missing_labels,6,0,0,,10,KCNH2;ADRB1;SLC6A3;CHRM1;CHRM3;DRD2;SLC6A2;SLC6A4;NR3C1;HRH1
assay_envelope,123,DDLIGBOFAVUZHB-UHFFFAOYSA-N,4,murcko:c1ccc(C2=NCc3cncn3-c3ccccc32)cc1,True,False,unresolved_interval_overlap,0,0,0,,10,KCNH2;ADRB1;SLC6A3;CHRM1;CHRM3;DRD2;SLC6A2;SLC6A4;NR3C1;HRH1
assay_envelope,124,DDUHZTYCFQRHIY-RBHXEPJQSA-N,0,murcko:O=C1C=C[C@]2(CC1)Oc1ccccc1C2=O,True,False,unresolved_interval_overlap,0,0,0,,10,KCNH2;ADRB1;SLC6A3;CHRM1;CHRM3;DRD2;SLC6A2;SLC6A4;NR3C1;HRH1
assay_envelope,125,DERZBLKQOCDDDZ-JLHYYAGUSA-N,3,murcko:C(=C/c1ccccc1)\CN1CCN(C(c2ccccc2)c2ccccc2)CC1,True,True,eligible_certified_maximum,0,0,1,KCNH2,1,KCNH2
assay_envelope,126,DEVSOMFAQLZNKR-RJRFIUFISA-N,3,murcko:O=C(/C=C\n1cnc(-c2ccccc2)n1)NNc1cnccn1,True,False,unresolved_with_missing_labels,1,0,0,,2,NR3C1;HRH1
assay_envelope,127,DGBIGWXXNGSACT-UHFFFAOYSA-N,0,murcko:O=C1CN=C(c2ccccc2)c2ccccc2N1,True,False,unresolved_interval_overlap,0,0,0,,10,KCNH2;ADRB1;SLC6A3;CHRM1;CHRM3;DRD2;SLC6A2;SLC6A4;NR3C1;HRH1
assay_envelope,128,DHMQDGOQFOQNFH-UHFFFAOYSA-N,2,acyclic:NCC(=O)O,True,False,unresolved_with_missing_labels,7,0,0,,10,KCNH2;ADRB1;SLC6A3;CHRM1;CHRM3;DRD2;SLC6A2;SLC6A4;NR3C1;HRH1
assay_envelope,129,DHSSDEDRBUKTQY-UHFFFAOYSA-N,3,murcko:c1nc2c(s1)CCNCC2,True,True,eligible_certified_maximum,0,0,1,HRH1,1,HRH1
assay_envelope,130,DHSUYTOATWAVLW-WFVMDLQDSA-N,0,murcko:C1CC1,True,False,unresolved_with_missing_labels,6,0,0,,10,KCNH2;ADRB1;SLC6A3;CHRM1;CHRM3;DRD2;SLC6A2;SLC6A4;NR3C1;HRH1
assay_envelope,131,DIIBXMIIOQXTHW-UHFFFAOYSA-N,3,murcko:O=C(OCc1cccc(COC(=O)c2ccccc2)n1)c1ccccc1,True,False,unresolved_interval_overlap,0,0,0,,10,KCNH2;ADRB1;SLC6A3;CHRM1;CHRM3;DRD2;SLC6A2;SLC6A4;NR3C1;HRH1
assay_envelope,132,DIWRORZWFLOCLC-UHFFFAOYSA-N,0,murcko:O=C1CN=C(c2ccccc2)c2ccccc2N1,True,False,unresolved_interval_overlap,0,0,0,,10,KCNH2;ADRB1;SLC6A3;CHRM1;CHRM3;DRD2;SLC6A2;SLC6A4;NR3C1;HRH1
assay_envelope,133,DJBNUMBKLMJRSA-UHFFFAOYSA-N,0,murcko:O=C(NCC1CCCCN1)c1ccccc1,True,True,eligible_certified_maximum,0,0,1,KCNH2,1,KCNH2
assay_envelope,134,DJEIHHYCDCTAAH-UHFFFAOYSA-N,0,murcko:c1ccc(-c2conc2-c2ccccc2)cc1,True,False,unresolved_interval_overlap,0,0,0,,10,KCNH2;ADRB1;SLC6A3;CHRM1;CHRM3;DRD2;SLC6A2;SLC6A4;NR3C1;HRH1
assay_envelope,135,DJQOOSBJCLSSEY-UHFFFAOYSA-N,2,murcko:c1c[nH+]ccn1,True,False,unresolved_with_missing_labels,6,0,0,,10,KCNH2;ADRB1;SLC6A3;CHRM1;CHRM3;DRD2;SLC6A2;SLC6A4;NR3C1;HRH1
assay_envelope,136,DJUFPMUQJKWIJB-UHFFFAOYSA-N,3,murcko:c1ccc2c(Nc3cc(CN4CCCC4)cc(CN4CCCC4)c3)c3ncccc3nc2c1,True,True,eligible_certified_maximum,0,0,1,KCNH2,1,KCNH2
assay_envelope,137,DKMFBWQBDIGMHM-UHFFFAOYSA-N,2,murcko:O=C(CCCN1CCCCC1)c1ccccc1,True,False,unresolved_with_missing_labels,6,0,0,,7,KCNH2;ADRB1;CHRM1;CHRM3;DRD2;NR3C1;HRH1
assay_envelope,138,DKNWSYNQZKUICI-UHFFFAOYSA-N,4,murcko:C1C2CC3CC1CC(C2)C3,True,False,unresolved_interval_overlap,0,0,0,,10,KCNH2;ADRB1;SLC6A3;CHRM1;CHRM3;DRD2;SLC6A2;SLC6A4;NR3C1;HRH1
assay_envelope,139,DKYWVDODHFEZIM-NSHDSACASA-N,4,murcko:O=C(c1ccccc1)c1ccccc1,True,False,unresolved_with_missing_labels,6,0,0,,10,KCNH2;ADRB1;SLC6A3;CHRM1;CHRM3;DRD2;SLC6A2;SLC6A4;NR3C1;HRH1
assay_envelope,140,DKYWVDODHFEZIM-UHFFFAOYSA-N,4,murcko:O=C(c1ccccc1)c1ccccc1,True,False,unresolved_interval_overlap,0,0,0,,10,KCNH2;ADRB1;SLC6A3;CHRM1;CHRM3;DRD2;SLC6A2;SLC6A4;NR3C1;HRH1
assay_envelope,141,DLGOEMSEDOSKAD-UHFFFAOYSA-N,1,acyclic:O=NN(CCCl)C(=O)NCCCl,True,False,unresolved_with_missing_labels,7,0,0,,10,KCNH2;ADRB1;SLC6A3;CHRM1;CHRM3;DRD2;SLC6A2;SLC6A4;NR3C1;HRH1
assay_envelope,142,DMDGGSIALPNSEE-UHFFFAOYSA-N,2,murcko:O=S1(=O)NCNc2ccccc21,True,False,unresolved_interval_overlap,0,0,0,,10,KCNH2;ADRB1;SLC6A3;CHRM1;CHRM3;DRD2;SLC6A2;SLC6A4;NR3C1;HRH1
assay_envelope,143,DMJNNHOOLUXYBV-PQTSNVLCSA-N,4,murcko:O=C1C[C@H]2CC(S[C@H]3CCNC3)=CN12,True,False,unresolved_interval_overlap,0,0,0,,10,KCNH2;ADRB1;SLC6A3;CHRM1;CHRM3;DRD2;SLC6A2;SLC6A4;NR3C1;HRH1
assay_envelope,144,DNIAPMSPPWPWGF-UHFFFAOYSA-N,0,acyclic:CC(O)CO,True,False,unresolved_with_missing_labels,6,0,0,,10,KCNH2;ADRB1;SLC6A3;CHRM1;CHRM3;DRD2;SLC6A2;SLC6A4;NR3C1;HRH1
assay_envelope,145,DOAKLVKFURWEDJ-QCMAZARJSA-N,3,murcko:O=C(CCc1c[nH]c2ccccc12)NCC(=O)NCC(=O)N[C@H]1COC(=O)[C@H](CC(=O)c2ccccc2)NC(=O)CNC(=O)CNC(=O)CNC(=O)CNC(=O)CNC(=O)CNC(=O)CNC(=O)CNC1=O,False,False,excluded_native_score_incomplete,7,10,0,,10,KCNH2;ADRB1;SLC6A3;CHRM1;CHRM3;DRD2;SLC6A2;SLC6A4;NR3C1;HRH1
assay_envelope,146,DOBMPNYZJYQDGZ-UHFFFAOYSA-N,1,murcko:O=c1oc2ccccc2cc1Cc1cc2ccccc2oc1=O,True,False,unresolved_interval_overlap,0,0,0,,10,KCNH2;ADRB1;SLC6A3;CHRM1;CHRM3;DRD2;SLC6A2;SLC6A4;NR3C1;HRH1
assay_envelope,147,DOUYETYNHWVLEO-UHFFFAOYSA-N,0,murcko:c1ccc2c(c1)ncc1nc[nH]c12,True,False,unresolved_interval_overlap,0,0,0,,7,KCNH2;ADRB1;CHRM1;DRD2;SLC6A4;NR3C1;HRH1
assay_envelope,148,DRLFMBDRBRZALE-UHFFFAOYSA-N,3,murcko:c1ccc2[nH]ccc2c1,True,False,unresolved_interval_overlap,0,0,0,,10,KCNH2;ADRB1;SLC6A3;CHRM1;CHRM3;DRD2;SLC6A2;SLC6A4;NR3C1;HRH1
assay_envelope,149,DTOSIQBPPRVQHS-PDBXOOCHSA-N,2,acyclic:CC/C=C\C/C=C\C/C=C\CCCCCCCC(=O)O,True,False,unresolved_interval_overlap,0,0,0,,10,KCNH2;ADRB1;SLC6A3;CHRM1;CHRM3;DRD2;SLC6A2;SLC6A4;NR3C1;HRH1
assay_envelope,150,DUPWHXBITIZIKZ-UHFFFAOYSA-N,1,murcko:O=C(Nc1cccc(-n2ccnc2)c1)c1cccc(Nc2nccc(-c3cnccn3)n2)c1,True,False,unresolved_with_missing_labels,2,0,0,,10,KCNH2;ADRB1;SLC6A3;CHRM1;CHRM3;DRD2;SLC6A2;SLC6A4;NR3C1;HRH1
assay_envelope,151,DUQOOLBWGUKRAJ-UHFFFAOYSA-N,3,murcko:O=c1[nH]ncc2ccccc12,True,False,unresolved_with_missing_labels,7,0,0,,10,KCNH2;ADRB1;SLC6A3;CHRM1;CHRM3;DRD2;SLC6A2;SLC6A4;NR3C1;HRH1
assay_envelope,152,DXGLGDHPHMLXJC-UHFFFAOYSA-N,4,murcko:O=C(c1ccccc1)c1ccccc1,True,False,unresolved_with_missing_labels,2,0,0,,3,ADRB1;SLC6A2;NR3C1
assay_envelope,153,DYAIAHUQIPBDIP-AXAPSJFSSA-N,2,murcko:O=C(Cc1ccccc1)N[C@@H]1C(=O)N2C=C(CSc3nnn[nH]3)CS[C@H]12,True,True,eligible_certified_maximum,0,0,1,SLC6A4,1,SLC6A4
assay_envelope,154,DYDCPNMLZGFQTM-UHFFFAOYSA-N,2,murcko:O=c1ccn(-c2ccccn2)c2cc(N3CCC3)ccc12,True,False,unresolved_with_missing_labels,6,0,0,,10,KCNH2;ADRB1;SLC6A3;CHRM1;CHRM3;DRD2;SLC6A2;SLC6A4;NR3C1;HRH1
assay_envelope,155,DYKFCLLONBREIL-KVUCHLLUSA-N,0,murcko:O=C1C2=CC3C(=O)C=CC[C@@H]3C[C@@H]2Cc2ccccc21,True,False,unresolved_with_missing_labels,6,0,0,,10,KCNH2;ADRB1;SLC6A3;CHRM1;CHRM3;DRD2;SLC6A2;SLC6A4;NR3C1;HRH1
assay_envelope,156,DYLUUSLLRIQKOE-UHFFFAOYSA-N,0,murcko:c1ccc(-c2ncnc(Nc3ccncc3)n2)nc1,True,False,unresolved_with_missing_labels,6,0,0,,10,KCNH2;ADRB1;SLC6A3;CHRM1;CHRM3;DRD2;SLC6A2;SLC6A4;NR3C1;HRH1
assay_envelope,157,DZZWHBIBMUVIIW-DTORHVGOSA-N,4,murcko:O=c1ccn(C2CC2)c2cc(N3CCNCC3)ccc12,True,False,unresolved_with_missing_labels,6,0,0,,7,KCNH2;ADRB1;CHRM1;CHRM3;DRD2;NR3C1;HRH1
assay_envelope,158,FABPRXSRWADJSP-MEDUHNTESA-N,4,murcko:O=c1ccn(C2CC2)c2cc(N3C[C@@H]4CCCN[C@@H]4C3)ccc12,True,True,eligible_certified_maximum,0,0,1,KCNH2,1,KCNH2
assay_envelope,159,FAEKWTJYAYMJKF-QHCPKHFHSA-N,0,murcko:O=C(Cc1ccccc1)NCc1ccccc1N1CCCCC1,True,False,unresolved_with_missing_labels,1,0,0,,10,KCNH2;ADRB1;SLC6A3;CHRM1;CHRM3;DRD2;SLC6A2;SLC6A4;NR3C1;HRH1
assay_envelope,160,FAIIFDPAEUKBEP-UHFFFAOYSA-N,2,murcko:C1=CC(c2ccccc2)C=CN1,True,True,eligible_certified_maximum,0,0,1,NR3C1,1,NR3C1
assay_envelope,161,FAKRSMQSSFJEIM-RQJHMYQMSA-N,0,murcko:C1CCNC1,True,True,eligible_certified_maximum,0,0,1,HRH1,1,HRH1
assay_envelope,162,FASDKYOPVNHBLU-ZETCQYMHSA-N,2,murcko:c1nc2c(s1)CCCC2,True,False,unresolved_interval_overlap,0,0,0,,3,CHRM1;DRD2;HRH1
assay_envelope,163,FBHSPRKOSMHSIF-GRMWVWQJSA-N,1,murcko:O=C1C=CC2C(=C1)CC[C@@H]1[C@@H]2CCC2C3N=CO[C@@H]3C[C@H]21,True,True,eligible_certified_maximum,0,0,1,NR3C1,1,NR3C1
assay_envelope,164,FBOZXECLQNJBKD-ZDUSSCGKSA-N,3,murcko:c1ccc(NCc2cnc3ncncc3n2)cc1,True,False,unresolved_with_missing_labels,10,0,0,,10,KCNH2;ADRB1;SLC6A3;CHRM1;CHRM3;DRD2;SLC6A2;SLC6A4;NR3C1;HRH1
assay_envelope,165,FBQPGGIHOFZRGH-UHFFFAOYSA-N,2,murcko:O=c1c2ccccc2sc2ccccc12,True,False,unresolved_with_missing_labels,6,0,0,,7,KCNH2;ADRB1;CHRM1;CHRM3;DRD2;NR3C1;HRH1
assay_envelope,166,FDLYAMZZIXQODN-UHFFFAOYSA-N,2,murcko:O=C(c1cccc(Cc2n[nH]c(=O)c3ccccc23)c1)N1CCN(C(=O)C2CC2)CC1,True,False,unresolved_interval_overlap,0,0,0,,10,KCNH2;ADRB1;SLC6A3;CHRM1;CHRM3;DRD2;SLC6A2;SLC6A4;NR3C1;HRH1
assay_envelope,167,FDMQDKQUTRLUBU-UHFFFAOYSA-N,0,murcko:c1ccc(Oc2nc(Nc3ccc(N4CCNCC4)cc3)nc3ccsc23)cc1,True,False,unresolved_with_missing_labels,6,0,0,,7,ADRB1;SLC6A3;CHRM1;CHRM3;DRD2;NR3C1;HRH1
assay_envelope,168,FEBOTPHFXYHVPL-UHFFFAOYSA-N,1,murcko:O=C(CCCN1CCC(n2c(=O)[nH]c3ccccc32)CC1)c1ccccc1,True,True,eligible_certified_maximum,0,0,1,DRD2,1,DRD2
assay_envelope,169,FEZBIKUBAYAZIU-UHFFFAOYSA-N,3,murcko:O=C(NCc1ccccc1)c1ccccc1,True,False,unresolved_with_missing_labels,2,0,0,,3,ADRB1;DRD2;NR3C1
assay_envelope,170,FFINMCNLQNTKLU-UHFFFAOYSA-N,0,murcko:O=C(CCCCC(=O)Nc1ccccc1)Nc1ccccc1,True,False,unresolved_interval_overlap,0,0,0,,10,KCNH2;ADRB1;SLC6A3;CHRM1;CHRM3;DRD2;SLC6A2;SLC6A4;NR3C1;HRH1
assay_envelope,171,FHFYDNQZQSQIAI-UHFFFAOYSA-N,1,murcko:O=c1cc[nH]c2cc(N3CCNCC3)ccc12,True,False,unresolved_interval_overlap,0,0,0,,10,KCNH2;ADRB1;SLC6A3;CHRM1;CHRM3;DRD2;SLC6A2;SLC6A4;NR3C1;HRH1
assay_envelope,172,FHHHOYXPRDYHEZ-COXVUDFISA-N,1,murcko:O=C(NCCc1ccccc1)[C@@H]1CCCN1,True,False,unresolved_interval_overlap,0,0,0,,10,KCNH2;ADRB1;SLC6A3;CHRM1;CHRM3;DRD2;SLC6A2;SLC6A4;NR3C1;HRH1
assay_envelope,173,FHXBMXJMKMWVRG-SLHNCBLASA-N,1,murcko:c1ccc2c(c1)CC[C@@H]1[C@@H]2CCC2CCC[C@H]21,True,False,unresolved_with_missing_labels,6,0,0,,7,ADRB1;SLC6A3;CHRM1;CHRM3;DRD2;NR3C1;HRH1
assay_envelope,174,FIADGNVRKBPQEU-UHFFFAOYSA-N,4,murcko:c1ccc2c(c1)CCc1sccc1C2=C1CCNCC1,True,True,eligible_certified_maximum,0,0,1,HRH1,1,HRH1
assay_envelope,175,FIAFUQMPZJWCLV-UHFFFAOYSA-N,1,murcko:O=C(Nc1cccc(C(=O)Nc2cccc(C(=O)Nc3cccc4ccccc34)c2)c1)Nc1cccc(C(=O)Nc2cccc(C(=O)Nc3cccc4ccccc34)c2)c1,True,False,unresolved_with_missing_labels,6,0,0,,10,KCNH2;ADRB1;SLC6A3;CHRM1;CHRM3;DRD2;SLC6A2;SLC6A4;NR3C1;HRH1
assay_envelope,176,FIDLLEYNNRGVFR-CTNGQTDRSA-N,0,murcko:O=C1c2cc(=O)ccn2N([C@H]2c3ccccc3CSc3ccccc32)[C@@H]2COCCN12,True,False,unresolved_with_missing_labels,6,0,0,,10,KCNH2;ADRB1;SLC6A3;CHRM1;CHRM3;DRD2;SLC6A2;SLC6A4;NR3C1;HRH1
assay_envelope,177,FIQOFIRCTOWDOW-BJLQDIEVSA-N,0,murcko:O=C1NC[C@@H](c2cccs2)SC[C@@H]1NCCCc1ccccc1,True,False,unresolved_with_missing_labels,6,0,0,,10,KCNH2;ADRB1;SLC6A3;CHRM1;CHRM3;DRD2;SLC6A2;SLC6A4;NR3C1;HRH1
assay_envelope,178,FJIKWRGCXUCUIG-UHFFFAOYSA-N,0,murcko:O=C1CN=C(c2ccccc2)c2ccccc2N1,True,False,unresolved_interval_overlap,0,0,0,,10,KCNH2;ADRB1;SLC6A3;CHRM1;CHRM3;DRD2;SLC6A2;SLC6A4;NR3C1;HRH1
assay_envelope,179,FJLBFSROUSIWMA-UHFFFAOYSA-N,4,murcko:O=C(Cc1cccnc1)c1cccnc1,True,False,unresolved_interval_overlap,0,0,0,,10,KCNH2;ADRB1;SLC6A3;CHRM1;CHRM3;DRD2;SLC6A2;SLC6A4;NR3C1;HRH1
assay_envelope,180,FJLGEFLZQAZZCD-JUFISIKESA-N,3,murcko:c1ccc(-c2c[nH]c3ccccc23)cc1,True,False,unresolved_interval_overlap,0,0,0,,10,KCNH2;ADRB1;SLC6A3;CHRM1;CHRM3;DRD2;SLC6A2;SLC6A4;NR3C1;HRH1
assay_envelope,181,FLNXBVJLPJNOSI-UHFFFAOYSA-N,2,murcko:c1ccc(C(OCCN2CCCCC2)c2ccccc2)cc1,True,False,unresolved_with_missing_labels,6,0,0,,7,KCNH2;ADRB1;CHRM1;CHRM3;DRD2;NR3C1;HRH1
assay_envelope,182,FLSLEGPOVLMJMN-YSSFQJQWSA-N,3,murcko:O=C(CNCCCc1ccccc1)N1CCc2ccccc2C1,True,False,unresolved_with_missing_labels,7,0,0,,10,KCNH2;ADRB1;SLC6A3;CHRM1;CHRM3;DRD2;SLC6A2;SLC6A4;NR3C1;HRH1
assay_envelope,183,FMHHVULEAZTJMA-UHFFFAOYSA-N,1,murcko:O=c1ccc2cc3ccoc3cc2o1,True,False,unresolved_interval_overlap,0,0,0,,10,KCNH2;ADRB1;SLC6A3;CHRM1;CHRM3;DRD2;SLC6A2;SLC6A4;NR3C1;HRH1
assay_envelope,184,FMTDIUIBLCQGJB-SEYHBJAFSA-N,0,murcko:O=C1C2=CC3C(=O)C=CC[C@@H]3C[C@@H]2Cc2ccccc21,True,False,unresolved_interval_overlap,0,0,0,,10,KCNH2;ADRB1;SLC6A3;CHRM1;CHRM3;DRD2;SLC6A2;SLC6A4;NR3C1;HRH1
assay_envelope,185,FNHKPVJBJVTLMP-UHFFFAOYSA-N,1,murcko:O=C(Nc1ccccc1)Nc1ccc(Oc2ccncc2)cc1,True,False,unresolved_with_missing_labels,2,0,0,,3,SLC6A3;CHRM3;NR3C1
assay_envelope,186,FNQQBFNIYODEMB-UHFFFAOYSA-N,2,murcko:O=S1(=O)CCCc2ccccc21,True,False,unresolved_with_missing_labels,6,0,0,,10,KCNH2;ADRB1;SLC6A3;CHRM1;CHRM3;DRD2;SLC6A2;SLC6A4;NR3C1;HRH1
assay_envelope,187,FOCVUCIESVLUNU-UHFFFAOYSA-N,2,murcko:S=P(N1CC1)(N1CC1)N1CC1,True,False,unresolved_with_missing_labels,1,0,0,,2,SLC6A4;NR3C1
assay_envelope,188,FOHHNHSLJDZUGQ-UHFFFAOYSA-N,4,murcko:c1ccc2c(c1)ccc1ccccc12,True,True,eligible_certified_maximum,0,0,1,KCNH2,1,KCNH2
assay_envelope,189,FPCCSQOGAWCVBH-UHFFFAOYSA-N,0,murcko:O=C(c1ccccc1)C1CCN(CCn2c(=O)[nH]c3ccccc3c2=O)CC1,True,True,eligible_certified_maximum,0,0,1,HRH1,1,HRH1
assay_envelope,190,FPVKHBSQESCIEP-JQCXWYLXSA-N,0,murcko:C1=NCCc2ncn([C@H]3CCCO3)c2N1,True,False,unresolved_interval_overlap,0,0,0,,10,KCNH2;ADRB1;SLC6A3;CHRM1;CHRM3;DRD2;SLC6A2;SLC6A4;NR3C1;HRH1
assay_envelope,191,FPZLLRFZJZRHSY-HJYUBDRYSA-N,0,murcko:O=C1C2=CC3C(=O)C=CC[C@@H]3C[C@@H]2Cc2ccccc21,True,True,eligible_certified_maximum,0,0,1,CHRM1,1,CHRM1
assay_envelope,192,FQQIIPAOSKSOJM-UHFFFAOYSA-N,0,murcko:c1ccc(Cn2c3c(c4ccccc42)CNCC3)cc1,True,False,unresolved_with_missing_labels,6,0,0,,7,ADRB1;SLC6A3;CHRM1;CHRM3;DRD2;NR3C1;HRH1
assay_envelope,193,FRPZMMHWLSIFAZ-UHFFFAOYSA-N,2,acyclic:C=CCCCCCCCCC(=O)O,True,False,unresolved_with_missing_labels,7,0,0,,10,KCNH2;ADRB1;SLC6A3;CHRM1;CHRM3;DRD2;SLC6A2;SLC6A4;NR3C1;HRH1
assay_envelope,194,FSKFPVLPFLJRQB-UHFFFAOYSA-N,2,murcko:O=C(CCN1CCCCC1)c1ccccc1,True,False,unresolved_with_missing_labels,6,0,0,,10,KCNH2;ADRB1;SLC6A3;CHRM1;CHRM3;DRD2;SLC6A2;SLC6A4;NR3C1;HRH1
assay_envelope,195,FSQKKOOTNAMONP-UHFFFAOYSA-N,4,murcko:O=C(c1ccccc1)n1ccc2ccccc21,True,False,unresolved_interval_overlap,0,0,0,,10,KCNH2;ADRB1;SLC6A3;CHRM1;CHRM3;DRD2;SLC6A2;SLC6A4;NR3C1;HRH1
assay_envelope,196,FSVJFNAIGNNGKK-UHFFFAOYSA-N,3,murcko:O=C(C1CCCCC1)N1CC(=O)N2CCc3ccccc3C2C1,True,False,unresolved_interval_overlap,0,0,0,,10,KCNH2;ADRB1;SLC6A3;CHRM1;CHRM3;DRD2;SLC6A2;SLC6A4;NR3C1;HRH1
assay_envelope,197,FTCYIGBVOHNHCD-UHFFFAOYSA-N,0,murcko:c1cncnc1,True,False,unresolved_with_missing_labels,6,0,0,,10,KCNH2;ADRB1;SLC6A3;CHRM1;CHRM3;DRD2;SLC6A2;SLC6A4;NR3C1;HRH1
assay_envelope,198,FUSNMLFNXJSCDI-UHFFFAOYSA-N,0,murcko:S=C(Nc1ccccc1)Oc1ccc2ccccc2c1,True,False,unresolved_interval_overlap,0,0,0,,10,KCNH2;ADRB1;SLC6A3;CHRM1;CHRM3;DRD2;SLC6A2;SLC6A4;NR3C1;HRH1
assay_envelope,199,FVTCRASFADXXNN-SCRDCRAPSA-N,4,murcko:O=c1nc2[nH]c3ccccc3nc-2c(=O)[nH]1,True,True,eligible_certified_maximum,0,0,1,NR3C1,1,NR3C1
assay_envelope,200,FVTWTVQXNAJTQP-UHFFFAOYSA-N,2,murcko:c1ccc(COCC[N+]23CCC(C(c4ccccc4)c4ccccc4)(CC2)CC3)cc1,True,False,unresolved_with_missing_labels,7,0,0,,8,KCNH2;ADRB1;CHRM1;CHRM3;DRD2;SLC6A4;NR3C1;HRH1
assay_envelope,201,FVYUQFQCEOZYHZ-UHFFFAOYSA-N,0,murcko:c1ccc(C2CNCCO2)cc1,True,False,unresolved_with_missing_labels,6,0,0,,10,KCNH2;ADRB1;SLC6A3;CHRM1;CHRM3;DRD2;SLC6A2;SLC6A4;NR3C1;HRH1
assay_envelope,202,FWJKNZONDWOGMI-UHFFFAOYSA-N,4,murcko:O=C1CC(=O)NC(=O)N1,True,False,unresolved_interval_overlap,0,0,0,,10,KCNH2;ADRB1;SLC6A3;CHRM1;CHRM3;DRD2;SLC6A2;SLC6A4;NR3C1;HRH1
assay_envelope,203,FWYSMLBETOMXAG-QHCPKHFHSA-N,4,murcko:c1ccc(N2CCN(C3=Nc4ccccc4CN3c3ccccc3)CC2)cc1,True,False,unresolved_with_missing_labels,1,0,0,,10,KCNH2;ADRB1;SLC6A3;CHRM1;CHRM3;DRD2;SLC6A2;SLC6A4;NR3C1;HRH1
assay_envelope,204,FZNCGRZWXLXZSZ-CIQUZCHMSA-N,4,murcko:C1CCCCC1,True,False,unresolved_interval_overlap,0,0,0,,10,KCNH2;ADRB1;SLC6A3;CHRM1;CHRM3;DRD2;SLC6A2;SLC6A4;NR3C1;HRH1
assay_envelope,205,GAGWJHPBXLXJQN-UORFTKCHSA-N,1,murcko:O=c1ncccn1[C@H]1CCCO1,True,False,unresolved_interval_overlap,0,0,0,,10,KCNH2;ADRB1;SLC6A3;CHRM1;CHRM3;DRD2;SLC6A2;SLC6A4;NR3C1;HRH1
assay_envelope,206,GBABOYUKABKIAF-IELIFDKJSA-N,3,murcko:C1=CC2CC[C@@H]3Nc4ccc(C5C[C@@H]6C=CC[N@](Cc7c5[nH]c5ccccc75)C6)cc4[C@@]34CCN(C1)[C@@H]24,True,False,unresolved_with_missing_labels,6,0,0,,7,KCNH2;ADRB1;CHRM1;CHRM3;DRD2;NR3C1;HRH1
assay_envelope,207,GBBJCSTXCAQSSJ-XQXXSGGOSA-N,3,murcko:O=c1ccn([C@@H]2CCCO2)c(=O)[nH]1,True,False,unresolved_with_missing_labels,7,0,0,,10,KCNH2;ADRB1;SLC6A3;CHRM1;CHRM3;DRD2;SLC6A2;SLC6A4;NR3C1;HRH1
assay_envelope,208,GBFLZEXEOZUWRN-VKHMYHEASA-N,4,acyclic:N[C@@H](CSCC(=O)O)C(=O)O,True,False,unresolved_interval_overlap,0,0,0,,10,KCNH2;ADRB1;SLC6A3;CHRM1;CHRM3;DRD2;SLC6A2;SLC6A4;NR3C1;HRH1
assay_envelope,209,GBXSMTUPTTWBMN-XIRDDKMYSA-N,1,murcko:O=C(CNCCCc1ccccc1)N1CCCC1,True,False,unresolved_interval_overlap,0,0,0,,10,KCNH2;ADRB1;SLC6A3;CHRM1;CHRM3;DRD2;SLC6A2;SLC6A4;NR3C1;HRH1
assay_envelope,210,GCFBRXLSHGKWDP-XCGNWRKASA-N,2,murcko:O=C1NCCN(C(=O)N[C@@H](C(=O)N[C@@H]2C(=O)N3C=C(CSc4nnn[nH]4)CS[C@H]23)c2ccccc2)C1=O,True,False,unresolved_interval_overlap,0,0,0,,10,KCNH2;ADRB1;SLC6A3;CHRM1;CHRM3;DRD2;SLC6A2;SLC6A4;NR3C1;HRH1
assay_envelope,211,GCKFUYQCUCGESZ-BPIQYHPVSA-N,3,murcko:C=C1CC2CCC[C@H]2[C@@H]2CCC3=CC(=O)CC[C@@H]3[C@@H]12,True,False,unresolved_with_missing_labels,2,0,0,,10,KCNH2;ADRB1;SLC6A3;CHRM1;CHRM3;DRD2;SLC6A2;SLC6A4;NR3C1;HRH1
assay_envelope,212,GCKMFJBGXUYNAG-HLXURNFRSA-N,3,murcko:O=C1C=C2CC[C@H]3[C@@H]4CCCC4CC[C@@H]3C2CC1,True,True,eligible_certified_maximum,0,0,1,NR3C1,1,NR3C1
assay_envelope,213,GDLBFKVLRPITMI-UHFFFAOYSA-N,0,murcko:O=S1(=O)NC=Nc2ccccc21,True,False,unresolved_interval_overlap,0,0,0,,10,KCNH2;ADRB1;SLC6A3;CHRM1;CHRM3;DRD2;SLC6A2;SLC6A4;NR3C1;HRH1
assay_envelope,214,GEJDGVNQKABXKG-CFKGEZKQSA-N,3,murcko:c1ccc2c(c1)CCN1CCCC[C@H]21,True,False,unresolved_with_missing_labels,7,0,0,,10,KCNH2;ADRB1;SLC6A3;CHRM1;CHRM3;DRD2;SLC6A2;SLC6A4;NR3C1;HRH1
assay_envelope,215,GFBKORZTTCHDGY-UWVJOHFNSA-N,4,murcko:C(CCN1CCNCC1)=C1c2ccccc2Sc2ccccc21,True,True,eligible_certified_maximum,0,0,1,DRD2,1,DRD2
assay_envelope,216,GFFGJBXGBJISGV-UHFFFAOYSA-N,4,murcko:c1ncc2[nH]cnc2n1,True,False,unresolved_interval_overlap,0,0,0,,10,KCNH2;ADRB1;SLC6A3;CHRM1;CHRM3;DRD2;SLC6A2;SLC6A4;NR3C1;HRH1
assay_envelope,217,GFIJNRVAKGFPGQ-LIJARHBVSA-N,3,murcko:O=C(CNC(=O)CNC(=O)[C@H](Cc1ccccc1)NC(=O)CNC(=O)[C@H](Cc1c[nH]c2ccccc12)NC(=O)[C@H](Cc1c[nH]cn1)NC(=O)[C@@H]1CCC(=O)N1)NCC(=O)N1CCCC1,False,False,excluded_native_score_incomplete,6,1,0,,10,KCNH2;ADRB1;SLC6A3;CHRM1;CHRM3;DRD2;SLC6A2;SLC6A4;NR3C1;HRH1
assay_envelope,218,GGXKWVWZWMLJEH-UHFFFAOYSA-N,0,murcko:c1ncc2nc[nH]c2n1,True,False,unresolved_interval_overlap,0,0,0,,10,KCNH2;ADRB1;SLC6A3;CHRM1;CHRM3;DRD2;SLC6A2;SLC6A4;NR3C1;HRH1
assay_envelope,219,GHASVSINZRGABV-UHFFFAOYSA-N,0,murcko:O=c1cc[nH]c(=O)[nH]1,True,False,unresolved_with_missing_labels,4,0,0,,10,KCNH2;ADRB1;SLC6A3;CHRM1;CHRM3;DRD2;SLC6A2;SLC6A4;NR3C1;HRH1
assay_envelope,220,GHOKWGTUZJEAQD-ZETCQYMHSA-N,3,acyclic:CC(C)(CO)[C@@H](O)C(=O)NCCC(=O)O,True,False,unresolved_with_missing_labels,3,0,0,,10,KCNH2;ADRB1;SLC6A3;CHRM1;CHRM3;DRD2;SLC6A2;SLC6A4;NR3C1;HRH1
assay_envelope,221,GIIZNNXWQWCKIB-UHFFFAOYSA-N,3,murcko:c1ccc(CCCCOCCCCCCNCCc2ccccc2)cc1,True,True,eligible_certified_maximum,0,0,1,SLC6A4,1,SLC6A4
assay_envelope,222,GIUYCYHIANZCFB-FJFJXFQQSA-N,3,murcko:c1ncc2ncn([C@H]3CCCO3)c2n1,True,False,unresolved_interval_overlap,0,0,0,,10,KCNH2;ADRB1;SLC6A3;CHRM1;CHRM3;DRD2;SLC6A2;SLC6A4;NR3C1;HRH1
assay_envelope,223,GJPICJJJRGTNOD-UHFFFAOYSA-N,3,murcko:O=S(=O)(Nc1nc(-c2ncccn2)ncc1Oc1ccccc1)c1ccccc1,True,False,unresolved_interval_overlap,0,0,0,,10,KCNH2;ADRB1;SLC6A3;CHRM1;CHRM3;DRD2;SLC6A2;SLC6A4;NR3C1;HRH1
assay_envelope,224,GJSLOMWRLALDCT-UHFFFAOYSA-N,2,murcko:c1ccc(C2=NCc3nncn3-c3ccccc32)cc1,True,False,unresolved_interval_overlap,0,0,0,,10,KCNH2;ADRB1;SLC6A3;CHRM1;CHRM3;DRD2;SLC6A2;SLC6A4;NR3C1;HRH1
assay_envelope,225,GJSURZIOUXUGAL-UHFFFAOYSA-N,3,murcko:c1ccc(NC2=NCCN2)cc1,True,False,unresolved_interval_overlap,0,0,0,,10,KCNH2;ADRB1;SLC6A3;CHRM1;CHRM3;DRD2;SLC6A2;SLC6A4;NR3C1;HRH1
assay_envelope,226,GKNPSSNBBWDAGH-UHFFFAOYSA-N,4,murcko:O=C(OC1CCC[NH2+]C1)C(c1ccccc1)c1ccccc1,True,False,unresolved_with_missing_labels,6,0,0,,7,KCNH2;ADRB1;CHRM1;CHRM3;DRD2;NR3C1;HRH1
assay_envelope,227,GKQPCPXONLDCMU-CCEZHUSRSA-N,2,murcko:C1=CC(c2ccccc2)C=CN1,True,True,eligible_certified_maximum,0,0,1,KCNH2,1,KCNH2
assay_envelope,228,GKWPCEFFIHSJOE-UHFFFAOYSA-N,1,murcko:O=C(Nc1ccccc1)c1cc2ccccc2[nH]c1=O,True,False,unresolved_with_missing_labels,4,0,0,,10,KCNH2;ADRB1;SLC6A3;CHRM1;CHRM3;DRD2;SLC6A2;SLC6A4;NR3C1;HRH1
assay_envelope,229,GLBJJMFZWDBELO-UHFFFAOYSA-N,1,murcko:O=C1CCC(c2ccc3[nH]c(-c4ccccc4)nc3c2)=NN1,True,False,unresolved_interval_overlap,0,0,0,,10,KCNH2;ADRB1;SLC6A3;CHRM1;CHRM3;DRD2;SLC6A2;SLC6A4;NR3C1;HRH1
assay_envelope,230,GLUUGHFHXGJENI-UHFFFAOYSA-N,4,murcko:C1CNCCN1,True,False,unresolved_with_missing_labels,6,0,0,,10,KCNH2;ADRB1;SLC6A3;CHRM1;CHRM3;DRD2;SLC6A2;SLC6A4;NR3C1;HRH1
assay_envelope,231,GLVAUDGFNGKCSF-UHFFFAOYSA-N,3,murcko:S=c1nc[nH]c2nc[nH]c12,True,False,unresolved_with_missing_labels,6,0,0,,10,KCNH2;ADRB1;SLC6A3;CHRM1;CHRM3;DRD2;SLC6A2;SLC6A4;NR3C1;HRH1
assay_envelope,232,GMRQFYUYWCNGIN-NKMMMXOESA-N,1,murcko:C=C1CCCC/C1=C/C=C1\CCCC2CCC[C@@H]12,True,True,eligible_certified_maximum,0,0,1,SLC6A3,1,SLC6A3
assay_envelope,233,GMVPRGQOIOIIMI-DWKJAMRDSA-N,4,murcko:O=C1CCCC1,True,False,unresolved_with_missing_labels,1,0,0,,10,KCNH2;ADRB1;SLC6A3;CHRM1;CHRM3;DRD2;SLC6A2;SLC6A4;NR3C1;HRH1
assay_envelope,234,GOTYRUGSSMKFNF-UHFFFAOYSA-N,2,murcko:O=C1CCC(N2Cc3ccccc3C2=O)C(=O)N1,True,False,unresolved_with_missing_labels,6,0,0,,10,KCNH2;ADRB1;SLC6A3;CHRM1;CHRM3;DRD2;SLC6A2;SLC6A4;NR3C1;HRH1
assay_envelope,235,GPKJTRJOBQGKQK-UHFFFAOYSA-N,2,murcko:c1ccc2nc3ccccc3cc2c1,True,False,unresolved_with_missing_labels,6,0,0,,7,KCNH2;ADRB1;CHRM1;CHRM3;DRD2;NR3C1;HRH1
assay_envelope,236,GPRBEKHLDVQUJE-QSWIMTSFSA-N,4,murcko:N=C(C(=O)N[C@@H]1C(=O)N2C=CCS[C@H]12)c1cscn1,True,False,unresolved_interval_overlap,0,0,0,,10,KCNH2;ADRB1;SLC6A3;CHRM1;CHRM3;DRD2;SLC6A2;SLC6A4;NR3C1;HRH1
assay_envelope,237,GPXBXXGIAQBQNI-UHFFFAOYSA-N,1,murcko:O=C(c1ccccc1)c1c[nH]c2ncc(-c3ccccc3)cc12,True,False,unresolved_interval_overlap,0,0,0,,10,KCNH2;ADRB1;SLC6A3;CHRM1;CHRM3;DRD2;SLC6A2;SLC6A4;NR3C1;HRH1
assay_envelope,238,GQYIWUVLTXOXAJ-UHFFFAOYSA-N,4,murcko:C1CCCCC1,True,False,unresolved_with_missing_labels,7,0,0,,10,KCNH2;ADRB1;SLC6A3;CHRM1;CHRM3;DRD2;SLC6A2;SLC6A4;NR3C1;HRH1
assay_envelope,239,GSDSWSVVBLHKDQ-JTQLQIEISA-N,0,murcko:O=c1ccn2c3c(c(N4CCNCC4)ccc13)OCC2,True,False,unresolved_interval_overlap,0,0,0,,10,KCNH2;ADRB1;SLC6A3;CHRM1;CHRM3;DRD2;SLC6A2;SLC6A4;NR3C1;HRH1
assay_envelope,240,GSDSWSVVBLHKDQ-UHFFFAOYSA-N,0,murcko:O=c1ccn2c3c(c(N4CCNCC4)ccc13)OCC2,True,False,unresolved_with_missing_labels,5,0,0,,10,KCNH2;ADRB1;SLC6A3;CHRM1;CHRM3;DRD2;SLC6A2;SLC6A4;NR3C1;HRH1
assay_envelope,241,GSNOZLZNQMLSKJ-UHFFFAOYSA-N,3,murcko:c1cnc2ncnn2c1,True,False,unresolved_with_missing_labels,6,0,0,,10,KCNH2;ADRB1;SLC6A3;CHRM1;CHRM3;DRD2;SLC6A2;SLC6A4;NR3C1;HRH1
assay_envelope,242,GUHPRPJDBZHYCJ-UHFFFAOYSA-N,4,murcko:O=C(c1ccccc1)c1cccs1,True,False,unresolved_with_missing_labels,1,0,0,,2,KCNH2;HRH1
assay_envelope,243,GVOUFPWUYJWQSK-UHFFFAOYSA-N,3,murcko:c1ccc(C(=C2CCCCC2)c2ccccc2)cc1,True,False,unresolved_with_missing_labels,7,0,0,,8,KCNH2;ADRB1;SLC6A3;CHRM1;CHRM3;DRD2;NR3C1;HRH1
assay_envelope,244,GVPIXRLYKVFFMK-UHFFFAOYSA-N,2,murcko:c1ccc2c(c1)Cc1ccccc1C1=C2CCNC1,True,False,unresolved_with_missing_labels,6,0,0,,7,ADRB1;CHRM1;CHRM3;DRD2;SLC6A2;NR3C1;HRH1
assay_envelope,245,GWOFUCIGLDBNKM-UHFFFAOYSA-N,4,murcko:c1ccc(Nc2ccnc3ccccc23)cc1,True,False,unresolved_with_missing_labels,1,0,0,,2,KCNH2;NR3C1
assay_envelope,246,GXDALQBWZGODGZ-UHFFFAOYSA-N,4,murcko:c1ccc(CCN2CCC(Nc3nc4ccccc4n3Cc3ccccc3)CC2)cc1,True,True,eligible_certified_maximum,0,0,1,KCNH2,1,KCNH2
assay_envelope,247,GXPHKUHSUJUWKP-UHFFFAOYSA-N,1,murcko:O=C1NC(=O)C(Cc2ccc(OCC3CCc4ccccc4O3)cc2)S1,True,False,unresolved_interval_overlap,0,0,0,,2,SLC6A2;NR3C1
assay_envelope,248,GXRZIMHKGDIBEW-UHFFFAOYSA-N,4,murcko:C1CCCCC1,True,False,unresolved_interval_overlap,0,0,0,,10,KCNH2;ADRB1;SLC6A3;CHRM1;CHRM3;DRD2;SLC6A2;SLC6A4;NR3C1;HRH1
assay_envelope,249,GYDJEQRTZSCIOI-LJGSYFOKSA-N,4,murcko:C1CCCCC1,True,False,unresolved_interval_overlap,0,0,0,,10,KCNH2;ADRB1;SLC6A3;CHRM1;CHRM3;DRD2;SLC6A2;SLC6A4;NR3C1;HRH1
assay_envelope,250,GYHCTFXIZSNGJT-UHFFFAOYSA-N,1,murcko:O=C(Nc1ccc(C(=O)N2CCCCc3ccccc32)cc1)c1ccccc1,True,False,unresolved_with_missing_labels,6,0,0,,10,KCNH2;ADRB1;SLC6A3;CHRM1;CHRM3;DRD2;SLC6A2;SLC6A4;NR3C1;HRH1
assay_envelope,251,GYQYAJJFPNQOOW-UHFFFAOYSA-N,1,murcko:c1cc(N2CCC(N3CCNCC3)CC2)ccc1Nc1cncc(NC2CCOCC2)n1,True,False,unresolved_with_missing_labels,7,0,0,,10,KCNH2;ADRB1;SLC6A3;CHRM1;CHRM3;DRD2;SLC6A2;SLC6A4;NR3C1;HRH1
assay_envelope,252,GZOSMCIZMLWJML-VJLLXTKPSA-N,3,murcko:C1=C2CCCCC2[C@H]2CCC3C(c4cccnc4)=CC[C@H]3[C@@H]2C1,True,False,unresolved_interval_overlap,0,0,0,,10,KCNH2;ADRB1;SLC6A3;CHRM1;CHRM3;DRD2;SLC6A2;SLC6A4;NR3C1;HRH1
assay_envelope,253,GZSOSUNBTXMUFQ-YFAPSIMESA-N,0,murcko:O=c1cc(-c2ccccc2)oc2cc(O[C@H]3CCC[C@@H](CO[C@H]4CCCCO4)O3)ccc12,True,False,unresolved_with_missing_labels,6,0,0,,10,KCNH2;ADRB1;SLC6A3;CHRM1;CHRM3;DRD2;SLC6A2;SLC6A4;NR3C1;HRH1
assay_envelope,254,HBNPJJILLOYFJU-VMPREFPWSA-N,3,murcko:c1ccc2c(c1)CCC(CCNCCCc1nc3ccccc3[nH]1)C2,True,False,unresolved_with_missing_labels,6,0,0,,7,KCNH2;ADRB1;CHRM1;CHRM3;DRD2;NR3C1;HRH1
assay_envelope,255,HBOMLICNUCNMMY-XLPZGREQSA-N,1,murcko:O=c1ccn([C@H]2CCCO2)c(=O)[nH]1,True,False,unresolved_interval_overlap,0,0,0,,10,KCNH2;ADRB1;SLC6A3;CHRM1;CHRM3;DRD2;SLC6A2;SLC6A4;NR3C1;HRH1
assay_envelope,256,HCZKYJDFEPMADG-TXEJJXNPSA-N,4,murcko:c1ccc(CCCCc2ccccc2)cc1,True,False,unresolved_with_missing_labels,3,0,0,,4,SLC6A3;CHRM3;SLC6A4;NR3C1
assay_envelope,257,HDOVUKNUBWVHOX-QMMMGPOBSA-N,0,murcko:O=c1[nH]cnc2[nH]cnc12,True,False,unresolved_interval_overlap,0,0,0,,10,KCNH2;ADRB1;SLC6A3;CHRM1;CHRM3;DRD2;SLC6A2;SLC6A4;NR3C1;HRH1
assay_envelope,258,HGGAKXAHAYOLDJ-FHZUQPTBSA-N,2,murcko:O=C1C[C@H]2SC([C@H]3CCCO3)=CN12,True,False,unresolved_with_missing_labels,6,0,0,,10,KCNH2;ADRB1;SLC6A3;CHRM1;CHRM3;DRD2;SLC6A2;SLC6A4;NR3C1;HRH1
assay_envelope,259,HIANJWSAHKJQTH-UHFFFAOYSA-N,4,murcko:O=c1c(-c2nnn[nH]2)cnc2ccccn12,True,False,unresolved_interval_overlap,0,0,0,,10,KCNH2;ADRB1;SLC6A3;CHRM1;CHRM3;DRD2;SLC6A2;SLC6A4;NR3C1;HRH1
assay_envelope,260,HIUVKVDQFXDZHU-UHFFFAOYSA-N,3,murcko:c1ccc2c(c1)OCCO2,True,False,unresolved_with_missing_labels,6,0,0,,7,ADRB1;CHRM1;CHRM3;DRD2;SLC6A2;NR3C1;HRH1
assay_envelope,261,HJCMDXDYPOUFDY-WHFBIAKZSA-N,3,acyclic:C[C@H](N)C(=O)N[C@@H](CCC(N)=O)C(=O)O,True,False,unresolved_interval_overlap,0,0,0,,10,KCNH2;ADRB1;SLC6A3;CHRM1;CHRM3;DRD2;SLC6A2;SLC6A4;NR3C1;HRH1
assay_envelope,262,HJYYPODYNSCCOU-ODRIEIDWSA-N,1,murcko:O=C1/C=C\C=C\CCCCCCCC/C=C/OC2Oc3ccc4cc(ccc4c3C2=O)N1,True,False,unresolved_with_missing_labels,6,0,0,,10,KCNH2;ADRB1;SLC6A3;CHRM1;CHRM3;DRD2;SLC6A2;SLC6A4;NR3C1;HRH1
assay_envelope,263,HLFSDGLLUJUHTE-SNVBAGLBSA-N,4,murcko:c1ccc([C@H]2CN3CCSC3=N2)cc1,True,False,unresolved_with_missing_labels,1,0,0,,2,KCNH2;NR3C1
assay_envelope,264,HLVVITIHAZBPKB-UHFFFAOYSA-N,3,murcko:c1ccc2nc3c(cc2c1)CCCC3,True,False,unresolved_with_missing_labels,1,0,0,,2,KCNH2;NR3C1
assay_envelope,265,HMABYWSNWIZPAG-UHFFFAOYSA-N,0,murcko:O=C1NCCc2c(-c3ccccc3)[nH]c3cccc1c23,True,False,unresolved_with_missing_labels,1,0,0,,5,KCNH2;CHRM1;CHRM3;DRD2;HRH1
assay_envelope,266,HMEDEBAJARCKCT-UHFFFAOYSA-N,2,murcko:c1csc(CNc2ccccc2-c2nnn[nH]2)c1,True,False,unresolved_interval_overlap,0,0,0,,10,KCNH2;ADRB1;SLC6A3;CHRM1;CHRM3;DRD2;SLC6A2;SLC6A4;NR3C1;HRH1
assay_envelope,267,HNJJXZKZRAWDPF-UHFFFAOYSA-N,0,murcko:c1ccc(NCc2cccs2)nc1,True,False,unresolved_with_missing_labels,6,0,0,,7,KCNH2;ADRB1;CHRM1;CHRM3;DRD2;NR3C1;HRH1
assay_envelope,268,HOMGKSMUEGBAAB-UHFFFAOYSA-N,1,murcko:O=[PH]1NCCCO1,True,False,unresolved_interval_overlap,0,0,0,,10,KCNH2;ADRB1;SLC6A3;CHRM1;CHRM3;DRD2;SLC6A2;SLC6A4;NR3C1;HRH1
assay_envelope,269,HOOSGZJRQIVJSZ-UHFFFAOYSA-N,1,murcko:O=C(OC1C[NH+]2CCC1CC2)C(c1ccccc1)c1ccccc1,True,True,eligible_certified_maximum,0,0,1,CHRM3,1,CHRM3
assay_envelope,270,HRRBJVNMSRJFHQ-UHFFFAOYSA-N,1,murcko:c1ccc(N2CCN(CCCOc3cccc4ccccc34)CC2)cc1,True,True,eligible_certified_maximum,0,0,1,HRH1,1,HRH1
assay_envelope,271,HRWCVUIFMSZDJS-SZMVWBNQSA-N,4,murcko:O=C(CNCCCc1ccccc1)N1CCC2(C1)SCCS2,True,False,unresolved_with_missing_labels,6,0,0,,10,KCNH2;ADRB1;SLC6A3;CHRM1;CHRM3;DRD2;SLC6A2;SLC6A4;NR3C1;HRH1
assay_envelope,272,HSHNITRMYYLLCV-UHFFFAOYSA-N,1,murcko:O=c1ccc2ccccc2o1,True,False,unresolved_with_missing_labels,6,0,0,,10,KCNH2;ADRB1;SLC6A3;CHRM1;CHRM3;DRD2;SLC6A2;SLC6A4;NR3C1;HRH1
assay_envelope,273,HSMPDPBYAYSOBC-UHFFFAOYSA-N,2,murcko:O=c1ccoc2cc3occc3cc12,True,False,unresolved_with_missing_labels,6,0,0,,10,KCNH2;ADRB1;SLC6A3;CHRM1;CHRM3;DRD2;SLC6A2;SLC6A4;NR3C1;HRH1
assay_envelope,274,HSTZMXCBWJGKHG-CUYWLFDKSA-N,4,murcko:C(=C/c1cccc(O[C@H]2CCCCO2)c1)\c1ccccc1,True,False,unresolved_interval_overlap,0,0,0,,10,KCNH2;ADRB1;SLC6A3;CHRM1;CHRM3;DRD2;SLC6A2;SLC6A4;NR3C1;HRH1
assay_envelope,275,HSUGRBWQSSZJOP-RTWAWAEBSA-N,1,murcko:O=C1C[C@H](c2ccccc2)Sc2ccccc2N1,True,True,eligible_certified_maximum,0,0,1,KCNH2,1,KCNH2
assay_envelope,276,HTIQEAQVCYTUBX-UHFFFAOYSA-N,2,murcko:C1=CC(c2ccccc2)C=CN1,True,True,eligible_certified_maximum,0,0,1,DRD2,1,DRD2
assay_envelope,277,HTWFXPCUFWKXOP-UHFFFAOYSA-N,2,murcko:c1ccc2c(c1)CCCS2,True,False,unresolved_with_missing_labels,6,0,0,,7,ADRB1;CHRM1;CHRM3;DRD2;SLC6A4;NR3C1;HRH1
assay_envelope,278,HUNXMJYCHXQEGX-UHFFFAOYSA-N,0,murcko:c1ccc(-c2ccnc3ccnn23)cc1,True,False,unresolved_interval_overlap,0,0,0,,10,KCNH2;ADRB1;SLC6A3;CHRM1;CHRM3;DRD2;SLC6A2;SLC6A4;NR3C1;HRH1
assay_envelope,279,HUPFGZXOMWLGNK-UHFFFAOYSA-N,0,murcko:c1ccc(-c2ccccc2)cc1,True,False,unresolved_interval_overlap,0,0,0,,10,KCNH2;ADRB1;SLC6A3;CHRM1;CHRM3;DRD2;SLC6A2;SLC6A4;NR3C1;HRH1
assay_envelope,280,HWGBHCRJGXAGEU-UHFFFAOYSA-N,1,murcko:O=c1cc[nH]c(=S)[nH]1,True,False,unresolved_with_missing_labels,6,0,0,,10,KCNH2;ADRB1;SLC6A3;CHRM1;CHRM3;DRD2;SLC6A2;SLC6A4;NR3C1;HRH1
assay_envelope,281,HWHLPVGTWGOCJO-UHFFFAOYSA-N,0,murcko:c1ccc(C(CCN2CCCCC2)C2CCCCC2)cc1,True,False,unresolved_with_missing_labels,6,0,0,,7,KCNH2;ADRB1;CHRM1;CHRM3;DRD2;NR3C1;HRH1
assay_envelope,282,HWXIGFIVGWUZAO-UHFFFAOYSA-N,3,murcko:O=c1[nH]c(=O)c2c(ncn2CC2OCCO2)[nH]1,True,False,unresolved_interval_overlap,0,0,0,,10,KCNH2;ADRB1;SLC6A3;CHRM1;CHRM3;DRD2;SLC6A2;SLC6A4;NR3C1;HRH1
assay_envelope,283,HXHWSAZORRCQMX-UHFFFAOYSA-N,0,murcko:c1ccc2[nH]cnc2c1,True,False,unresolved_interval_overlap,0,0,0,,7,KCNH2;ADRB1;CHRM1;DRD2;SLC6A4;NR3C1;HRH1
assay_envelope,284,HXLAFSUPPDYFEO-UHFFFAOYSA-N,2,murcko:c1ccc(CCNCCCOc2ccccc2)cc1,True,True,eligible_certified_maximum,0,0,1,ADRB1,1,ADRB1
assay_envelope,285,HXYVTAGFYLMHSO-UHFFFAOYSA-N,3,acyclic:CCCCCCCCCCCCCCCC(=O)NCCO,True,False,unresolved_with_missing_labels,6,0,0,,10,KCNH2;ADRB1;SLC6A3;CHRM1;CHRM3;DRD2;SLC6A2;SLC6A4;NR3C1;HRH1
assay_envelope,286,HYAFETHFCAUJAY-UHFFFAOYSA-N,3,murcko:O=C1NC(=O)C(Cc2ccc(OCCc3ccccn3)cc2)S1,True,False,unresolved_interval_overlap,0,0,0,,10,KCNH2;ADRB1;SLC6A3;CHRM1;CHRM3;DRD2;SLC6A2;SLC6A4;NR3C1;HRH1
assay_envelope,287,HYFHYPWGAURHIV-JFIAXGOJSA-N,0,murcko:C1=C[C@]23CCCN2CCc2cc4c(cc2[C@@H]3C1)OCO4,True,False,unresolved_with_missing_labels,6,0,0,,10,KCNH2;ADRB1;SLC6A3;CHRM1;CHRM3;DRD2;SLC6A2;SLC6A4;NR3C1;HRH1
assay_envelope,288,HYIMSNHJOBLJNT-UHFFFAOYSA-N,2,murcko:C1=CC(c2ccccc2)C=CN1,True,False,unresolved_interval_overlap,0,0,0,,10,KCNH2;ADRB1;SLC6A3;CHRM1;CHRM3;DRD2;SLC6A2;SLC6A4;NR3C1;HRH1
assay_envelope,289,HYWYRSMBCFDLJT-UHFFFAOYSA-N,3,murcko:c1ccc(Oc2ccccc2)cc1,True,False,unresolved_interval_overlap,0,0,0,,3,SLC6A3;SLC6A2;SLC6A4
assay_envelope,290,HYYBABOKPJLUIN-UHFFFAOYSA-N,2,murcko:c1ccc(Nc2ccccc2)cc1,True,False,unresolved_interval_overlap,0,0,0,,10,KCNH2;ADRB1;SLC6A3;CHRM1;CHRM3;DRD2;SLC6A2;SLC6A4;NR3C1;HRH1
assay_envelope,291,HZQDCMWJEBCWBR-UUOKFMHZSA-N,2,murcko:c1cn([C@H]2CCCO2)cn1,True,False,unresolved_interval_overlap,0,0,0,,10,KCNH2;ADRB1;SLC6A3;CHRM1;CHRM3;DRD2;SLC6A2;SLC6A4;NR3C1;HRH1
assay_envelope,292,HZZVJAQRINQKSD-PBFISZAISA-N,3,murcko:C=C1CN2C(=O)C[C@H]2O1,True,False,unresolved_with_missing_labels,1,0,0,,10,KCNH2;ADRB1;SLC6A3;CHRM1;CHRM3;DRD2;SLC6A2;SLC6A4;NR3C1;HRH1
assay_envelope,293,IAIDUHCBNLFXEF-MNEFBYGVSA-N,2,murcko:O=C(SCCC(=O)N1CC[C@H](Sc2ccccc2)C1)c1ccccc1,True,False,unresolved_interval_overlap,0,0,0,,10,KCNH2;ADRB1;SLC6A3;CHRM1;CHRM3;DRD2;SLC6A2;SLC6A4;NR3C1;HRH1
assay_envelope,294,IAIWVQXQOWNYOU-FPYGCLRLSA-N,0,murcko:c1ccoc1,True,False,unresolved_with_missing_labels,6,0,0,,10,KCNH2;ADRB1;SLC6A3;CHRM1;CHRM3;DRD2;SLC6A2;SLC6A4;NR3C1;HRH1
assay_envelope,295,IAKHMKGGTNLKSZ-INIZCTEOSA-N,2,murcko:O=c1cccc2c(c1)CCCc1ccccc1-2,True,False,unresolved_with_missing_labels,1,0,0,,10,KCNH2;ADRB1;SLC6A3;CHRM1;CHRM3;DRD2;SLC6A2;SLC6A4;NR3C1;HRH1
assay_envelope,296,IAVUPMFITXYVAF-XPUUQOCRSA-N,3,murcko:O=S1(=O)CCCc2ccsc21,True,False,unresolved_with_missing_labels,6,0,0,,10,KCNH2;ADRB1;SLC6A3;CHRM1;CHRM3;DRD2;SLC6A2;SLC6A4;NR3C1;HRH1
assay_envelope,297,ICMGLRUYEQNHPF-UHFFFAOYSA-N,1,murcko:O=c1cc(NCCCN2CCN(c3ccccc3)CC2)[nH]c(=O)[nH]1,True,True,eligible_certified_maximum,0,0,1,ADRB1,1,ADRB1
assay_envelope,298,IDINUJSAMVOPCM-UHFFFAOYSA-N,0,acyclic:N=C(N)NCCCCCCC(=O)NC(O)C(=O)NCCCCNCCCN,True,False,unresolved_with_missing_labels,1,0,0,,10,KCNH2;ADRB1;SLC6A3;CHRM1;CHRM3;DRD2;SLC6A2;SLC6A4;NR3C1;HRH1
assay_envelope,299,IDKAXRLETRCXKS-UHFFFAOYSA-N,3,murcko:c1ccc(Oc2ccccc2)cc1,True,False,unresolved_interval_overlap,0,0,0,,10,KCNH2;ADRB1;SLC6A3;CHRM1;CHRM3;DRD2;SLC6A2;SLC6A4;NR3C1;HRH1
assay_envelope,300,IDYZIJYBMGIQMJ-UHFFFAOYSA-N,4,murcko:O=c1cc[nH]c2nc(N3CCNCC3)ccc12,True,False,unresolved_interval_overlap,0,0,0,,10,KCNH2;ADRB1;SLC6A3;CHRM1;CHRM3;DRD2;SLC6A2;SLC6A4;NR3C1;HRH1
assay_envelope,301,IECPWNUMDGFDKC-MZJAQBGESA-N,3,murcko:C=C1CCC2C3CC[C@H]4CCCCC4[C@@H]3CC[C@@H]12,True,False,unresolved_with_missing_labels,6,0,0,,10,KCNH2;ADRB1;SLC6A3;CHRM1;CHRM3;DRD2;SLC6A2;SLC6A4;NR3C1;HRH1
assay_envelope,302,IFKLAQQSCNILHL-QHAWAJNXSA-N,3,murcko:c1ccc2c(c1)C[C@@H]1C3CCCC[C@]23CCN1CC1CCC1,True,True,eligible_certified_maximum,0,0,1,KCNH2,1,KCNH2
assay_envelope,303,ILKJAFIWWBXGDU-MOGDOJJUSA-N,0,murcko:O=C1C=CC2C(=C1)CC[C@@H]1C2CCC2C3OC4(CCCC4)O[C@@H]3C[C@H]21,True,True,eligible_certified_maximum,0,0,1,NR3C1,1,NR3C1
assay_envelope,304,IMSSROKUHAOUJS-MJCUULBUSA-N,1,murcko:c1ccc2c(c1)CC[C@@H]1[C@@H]2CCC2CCC[C@H]21,True,True,eligible_certified_maximum,0,0,1,NR3C1,1,NR3C1
assay_envelope,305,IMWZZHHPURKASS-UHFFFAOYSA-N,3,murcko:O=C1NCC(COc2ccccc2)O1,True,False,unresolved_with_missing_labels,6,0,0,,7,ADRB1;CHRM1;CHRM3;DRD2;SLC6A2;NR3C1;HRH1
assay_envelope,306,IPEHBUMCGVEMRF-UHFFFAOYSA-N,0,murcko:c1cnccn1,True,False,unresolved_interval_overlap,0,0,0,,10,KCNH2;ADRB1;SLC6A3;CHRM1;CHRM3;DRD2;SLC6A2;SLC6A4;NR3C1;HRH1
assay_envelope,307,IPOBOOXFSRWSHL-UHFFFAOYSA-N,2,murcko:c1ccc(C2(c3ccccc3)CC2C2=NCCN2)cc1,True,False,unresolved_with_missing_labels,6,0,0,,10,KCNH2;ADRB1;SLC6A3;CHRM1;CHRM3;DRD2;SLC6A2;SLC6A4;NR3C1;HRH1
assay_envelope,308,IPVQLZZIHOAWMC-QXKUPLGCSA-N,2,murcko:C1CC[C@@H]2NCC[C@@H]2C1,True,False,unresolved_with_missing_labels,7,0,0,,10,KCNH2;ADRB1;SLC6A3;CHRM1;CHRM3;DRD2;SLC6A2;SLC6A4;NR3C1;HRH1
assay_envelope,309,IQPSEEYGBUAQFF-UHFFFAOYSA-N,3,murcko:O=S(Cc1ccccn1)c1nc2ccccc2[nH]1,False,False,excluded_native_score_incomplete,0,10,0,,10,KCNH2;ADRB1;SLC6A3;CHRM1;CHRM3;DRD2;SLC6A2;SLC6A4;NR3C1;HRH1
assay_envelope,310,IQVRBWUUXZMOPW-PKNBQFBNSA-N,4,murcko:O=c1[nH]c(=O)c2[nH]c(/C=C/c3ccccc3)nc2[nH]1,True,False,unresolved_with_missing_labels,2,0,0,,10,KCNH2;ADRB1;SLC6A3;CHRM1;CHRM3;DRD2;SLC6A2;SLC6A4;NR3C1;HRH1
assay_envelope,311,IRSCQMHQWWYFCW-UHFFFAOYSA-N,0,murcko:O=c1[nH]cnc2[nH]cnc12,True,False,unresolved_interval_overlap,0,0,0,,10,KCNH2;ADRB1;SLC6A3;CHRM1;CHRM3;DRD2;SLC6A2;SLC6A4;NR3C1;HRH1
assay_envelope,312,ISFHAYSTHMVOJR-UHFFFAOYSA-N,0,murcko:c1ccc(C2C3=C(CCNC3)c3ccccc32)cc1,True,True,eligible_certified_maximum,0,0,1,HRH1,1,HRH1
assay_envelope,313,ITRJWOMZKQRYTA-RFZYENFJSA-N,4,murcko:O=C1C=C2CC[C@H]3[C@@H]4CCCC4CC(=O)[C@@H]3C2CC1,True,False,unresolved_with_missing_labels,2,0,0,,10,KCNH2;ADRB1;SLC6A3;CHRM1;CHRM3;DRD2;SLC6A2;SLC6A4;NR3C1;HRH1
assay_envelope,314,IVTVGDXNLFLDRM-HNNXBMFYSA-N,1,murcko:O=c1[nH]cnc2ccc(CNc3cccs3)cc12,True,False,unresolved_interval_overlap,0,0,0,,10,KCNH2;ADRB1;SLC6A3;CHRM1;CHRM3;DRD2;SLC6A2;SLC6A4;NR3C1;HRH1
assay_envelope,315,IWUCXVSUMQZMFG-AFCXAGJDSA-N,3,murcko:c1ncn([C@H]2CCCO2)n1,True,False,unresolved_interval_overlap,0,0,0,,10,KCNH2;ADRB1;SLC6A3;CHRM1;CHRM3;DRD2;SLC6A2;SLC6A4;NR3C1;HRH1
assay_envelope,316,IWVRVEIKCBFZNF-UHFFFAOYSA-N,0,murcko:c1ccc2c(c1)c1c3n2CCNC3CCC1,True,False,unresolved_with_missing_labels,6,0,0,,7,ADRB1;CHRM1;CHRM3;DRD2;SLC6A4;NR3C1;HRH1
assay_envelope,317,IYIKLHRQXLHMJQ-UHFFFAOYSA-N,0,murcko:O=C(c1ccccc1)c1coc2ccccc12,True,True,eligible_certified_maximum,0,0,1,KCNH2,1,KCNH2
assay_envelope,318,JAPHQRWPEGVNBT-UTUOFQBUSA-N,3,murcko:O=C(Cc1ccccc1)N[C@@H]1C(=O)N2C=CCC[C@H]12,True,False,unresolved_with_missing_labels,7,0,0,,10,KCNH2;ADRB1;SLC6A3;CHRM1;CHRM3;DRD2;SLC6A2;SLC6A4;NR3C1;HRH1
assay_envelope,319,JAUOIFJMECXRGI-UHFFFAOYSA-N,0,murcko:c1ccc2c(c1)CCc1cccnc1C2=C1CCNCC1,True,True,eligible_certified_maximum,0,0,1,HRH1,1,HRH1
assay_envelope,320,JAZBEHYOTPTENJ-JLNKQSITSA-N,1,acyclic:CC/C=C\C/C=C\C/C=C\C/C=C\C/C=C\CCCC(=O)O,True,False,unresolved_with_missing_labels,6,0,0,,10,KCNH2;ADRB1;SLC6A3;CHRM1;CHRM3;DRD2;SLC6A2;SLC6A4;NR3C1;HRH1
assay_envelope,321,JBIWCJUYHHGXTC-AKNGSSGZSA-N,0,murcko:O=C1C2=CC3C(=O)C=CC[C@@H]3C[C@@H]2Cc2ccccc21,True,False,unresolved_interval_overlap,0,0,0,,10,KCNH2;ADRB1;SLC6A3;CHRM1;CHRM3;DRD2;SLC6A2;SLC6A4;NR3C1;HRH1
assay_envelope,322,JBMKAUGHUNFTOL-UHFFFAOYSA-N,0,murcko:O=S1(=O)NC=Nc2ccccc21,True,False,unresolved_interval_overlap,0,0,0,,10,KCNH2;ADRB1;SLC6A3;CHRM1;CHRM3;DRD2;SLC6A2;SLC6A4;NR3C1;HRH1
assay_envelope,323,JCCNYMKQOSZNPW-UHFFFAOYSA-N,0,murcko:c1ccc2c(c1)CCc1cccnc1C2=C1CCNCC1,True,True,eligible_certified_maximum,0,0,1,HRH1,1,HRH1
assay_envelope,324,JCLHQFUTFHUXNN-UHFFFAOYSA-N,1,murcko:O=c1oc2ccccc2cc1Cc1cc2ccccc2oc1=O,True,False,unresolved_with_missing_labels,6,0,0,,10,KCNH2;ADRB1;SLC6A3;CHRM1;CHRM3;DRD2;SLC6A2;SLC6A4;NR3C1;HRH1
assay_envelope,325,JCYZMTMYPZHVBF-UHFFFAOYSA-N,3,murcko:c1ncnc(Nc2ccc([As]3SCCS3)cc2)n1,False,False,excluded_native_score_incomplete,6,10,0,,8,KCNH2;ADRB1;SLC6A3;CHRM1;CHRM3;DRD2;NR3C1;HRH1
assay_envelope,326,JEECQCWWSTZDCK-IQZGDKDPSA-N,0,murcko:O=C1C2=CC3C(=O)C=CC[C@@H]3C[C@@H]2Cc2ccccc21,True,False,unresolved_interval_overlap,0,0,0,,2,CHRM1;SLC6A4
assay_envelope,327,JENBDJGHNIOHAJ-UHFFFAOYSA-N,3,murcko:c1ccc2c(SC3=NCCN3)c[nH]c2c1,True,False,unresolved_with_missing_labels,6,0,0,,7,ADRB1;CHRM1;CHRM3;DRD2;SLC6A2;NR3C1;HRH1
assay_envelope,328,JFJZZMVDLULRGK-URLMMPGGSA-O,3,murcko:c1cc2cc(c1)Oc1ccc3c(c1)[C@H](Cc1ccc(cc1)Oc1cccc4c1[C@@H](C2)[NH2+]CC4)NCC3,False,False,excluded_native_score_incomplete,6,10,0,,10,KCNH2;ADRB1;SLC6A3;CHRM1;CHRM3;DRD2;SLC6A2;SLC6A4;NR3C1;HRH1
assay_envelope,329,JGMOKGBVKVMRFX-HQZYFCCVSA-N,3,murcko:O=C1C=C2C=C[C@H]3[C@@H]4CCCC4CC[C@H]3C2CC1,True,False,unresolved_with_missing_labels,7,0,0,,10,KCNH2;ADRB1;SLC6A3;CHRM1;CHRM3;DRD2;SLC6A2;SLC6A4;NR3C1;HRH1
assay_envelope,330,JICJBGPOMZQUBB-UHFFFAOYSA-N,0,murcko:O=S1(=O)Nc2ccccc2Cc2ccccc21,True,False,unresolved_interval_overlap,0,0,0,,10,KCNH2;ADRB1;SLC6A3;CHRM1;CHRM3;DRD2;SLC6A2;SLC6A4;NR3C1;HRH1
assay_envelope,331,JIVPVXMEBJLZRO-UHFFFAOYSA-N,3,murcko:O=C1NC(c2ccccc2)c2ccccc21,True,False,unresolved_with_missing_labels,1,0,0,,10,KCNH2;ADRB1;SLC6A3;CHRM1;CHRM3;DRD2;SLC6A2;SLC6A4;NR3C1;HRH1
assay_envelope,332,JJCFRYNCJDLXIK-UHFFFAOYSA-N,3,murcko:C1=Cc2ccccc2C(=C2CCNCC2)c2ccccc21,True,False,unresolved_with_missing_labels,6,0,0,,7,ADRB1;CHRM1;CHRM3;DRD2;SLC6A2;NR3C1;HRH1
assay_envelope,333,JKOQGQFVAUAYPM-UHFFFAOYSA-N,3,acyclic:NCCCNCCSP(=O)(O)O,True,False,unresolved_interval_overlap,0,0,0,,10,KCNH2;ADRB1;SLC6A3;CHRM1;CHRM3;DRD2;SLC6A2;SLC6A4;NR3C1;HRH1
assay_envelope,334,JLGKQTAYUIMGRK-UHFFFAOYSA-N,4,murcko:c1ccc(C(Cn2ccnc2)OCc2csc3ccccc23)cc1,True,False,unresolved_with_missing_labels,6,0,0,,7,KCNH2;ADRB1;CHRM1;CHRM3;DRD2;NR3C1;HRH1
assay_envelope,335,JLICHNCFTLFZJN-UHFFFAOYSA-N,4,murcko:c1ccc(C2CCCCNC2)cc1,True,False,unresolved_with_missing_labels,6,0,0,,7,ADRB1;CHRM1;CHRM3;DRD2;SLC6A4;NR3C1;HRH1
assay_envelope,336,JLPDBLFIVFSOCC-XYXFTTADSA-N,4,murcko:O=C1C=C([C@H]2CCC3C2CC[C@@H]2C4CC[C@H](O[C@H]5CCCCO5)C[C@H]4CC[C@@H]32)CO1,True,False,unresolved_with_missing_labels,5,0,0,,10,KCNH2;ADRB1;SLC6A3;CHRM1;CHRM3;DRD2;SLC6A2;SLC6A4;NR3C1;HRH1
assay_envelope,337,JMBQKKAJIKAWKF-UHFFFAOYSA-N,3,murcko:O=C1CCC(c2ccccc2)C(=O)N1,True,False,unresolved_interval_overlap,0,0,0,,10,KCNH2;ADRB1;SLC6A3;CHRM1;CHRM3;DRD2;SLC6A2;SLC6A4;NR3C1;HRH1
assay_envelope,338,JNTOCHDNEULJHD-UHFFFAOYSA-N,4,murcko:O=c1nc[nH]c2[nH]cnc12,True,False,unresolved_with_missing_labels,6,0,0,,10,KCNH2;ADRB1;SLC6A3;CHRM1;CHRM3;DRD2;SLC6A2;SLC6A4;NR3C1;HRH1
assay_envelope,339,JOAHPSVPXZTVEP-YXJHDRRASA-N,1,murcko:c1cc2c3c(c[nH]c3c1)C[C@H]1NCCC[C@H]21,True,True,eligible_certified_maximum,0,0,1,DRD2,1,DRD2
assay_envelope,340,JOFWLTCLBGQGBO-UHFFFAOYSA-N,2,murcko:c1ccc(C2=NCc3nncn3-c3ccccc32)cc1,True,False,unresolved_interval_overlap,0,0,0,,10,KCNH2;ADRB1;SLC6A3;CHRM1;CHRM3;DRD2;SLC6A2;SLC6A4;NR3C1;HRH1
assay_envelope,341,JOMHSQGEWSNUKU-UHFFFAOYSA-N,2,murcko:c1ccc2c(c1)Sc1ccccc1N2CCCN1CCCCC1,True,False,unresolved_with_missing_labels,6,0,0,,7,KCNH2;ADRB1;CHRM1;CHRM3;DRD2;NR3C1;HRH1
assay_envelope,342,JOOXLOJCABQBSG-UHFFFAOYSA-N,4,murcko:c1ccc(Nc2ccnc(Nc3ccc(OCCN4CCCC4)cc3)n2)cc1,True,True,eligible_certified_maximum,0,0,1,SLC6A3,1,SLC6A3
assay_envelope,343,JPAWFIIYTJQOKW-UHFFFAOYSA-N,0,murcko:O=c1ccc(-c2ccc3nccn3c2)c[nH]1,True,False,unresolved_with_missing_labels,6,0,0,,10,KCNH2;ADRB1;SLC6A3;CHRM1;CHRM3;DRD2;SLC6A2;SLC6A4;NR3C1;HRH1
assay_envelope,344,JQSAYKKFZOSZGJ-UHFFFAOYSA-N,0,murcko:c1ccc(CN2CCN(C(c3ccccc3)c3ccccc3)CC2)cc1,True,True,eligible_certified_maximum,0,0,1,KCNH2,1,KCNH2
assay_envelope,345,JQSHBVHOMNKWFT-DTORHVGOSA-N,2,murcko:c1cnc2cc3c(cc2n1)[C@@H]1CNC[C@H]3C1,True,False,unresolved_with_missing_labels,1,0,0,,10,KCNH2;ADRB1;SLC6A3;CHRM1;CHRM3;DRD2;SLC6A2;SLC6A4;NR3C1;HRH1
assay_envelope,346,JSDRRTOADPPCHY-HSQYWUDLSA-N,3,murcko:O=C(CNCCCc1ccccc1)N1CCc2ccccc2C1,True,False,unresolved_interval_overlap,0,0,0,,10,KCNH2;ADRB1;SLC6A3;CHRM1;CHRM3;DRD2;SLC6A2;SLC6A4;NR3C1;HRH1
assay_envelope,347,JSDXOWVAHXDYCU-VXSYNFHWSA-N,2,murcko:O=C1C[C@H]2SCC(CSc3nnn[nH]3)=CN12,True,False,unresolved_with_missing_labels,6,0,0,,10,KCNH2;ADRB1;SLC6A3;CHRM1;CHRM3;DRD2;SLC6A2;SLC6A4;NR3C1;HRH1
assay_envelope,348,JSZILQVIPPROJI-UHFFFAOYSA-N,4,murcko:c1ccc2c(c1)CCN1CCCCC21,True,True,eligible_certified_maximum,0,0,1,DRD2,1,DRD2
assay_envelope,349,JTLXCMOFVBXEKD-FOWTUZBSSA-N,3,murcko:C(=CSSCC1CCCO1)NCc1cncnc1,True,False,unresolved_with_missing_labels,6,0,0,,10,KCNH2;ADRB1;SLC6A3;CHRM1;CHRM3;DRD2;SLC6A2;SLC6A4;NR3C1;HRH1
assay_envelope,350,JTWOMNBEOCYFNV-NFFDBFGFSA-N,3,murcko:O=C(N[C@@H]1C(=O)N2CCS[C@H]12)[C@H](NC(=O)N1CCNC1=O)c1ccccc1,True,False,unresolved_interval_overlap,0,0,0,,10,KCNH2;ADRB1;SLC6A3;CHRM1;CHRM3;DRD2;SLC6A2;SLC6A4;NR3C1;HRH1
assay_envelope,351,JURKNVYFZMSNLP-UHFFFAOYSA-N,3,murcko:C=C1c2ccccc2C=Cc2ccccc21,True,True,eligible_certified_maximum,0,0,1,SLC6A4,1,SLC6A4
assay_envelope,352,JUZNIMUFDBIJCM-ANEDZVCMSA-N,3,murcko:O=C(Nc1ccccc1)[C@@H]1C[C@H](SC2=CN3C(=O)C[C@H]3C2)CN1,True,False,unresolved_with_missing_labels,7,0,0,,10,KCNH2;ADRB1;SLC6A3;CHRM1;CHRM3;DRD2;SLC6A2;SLC6A4;NR3C1;HRH1
assay_envelope,353,JVHXJTBJCFBINQ-ADAARDCZSA-N,0,murcko:c1ccc(Cc2cccc([C@H]3CCCCO3)c2)cc1,True,False,unresolved_interval_overlap,0,0,0,,10,KCNH2;ADRB1;SLC6A3;CHRM1;CHRM3;DRD2;SLC6A2;SLC6A4;NR3C1;HRH1
assay_envelope,354,JWCSIUVGFCSJCK-CAVRMKNVSA-N,2,murcko:O=C(Cc1ccccc1)NC1C(=O)N2C=C(CSc3nnn[nH]3)CO[C@H]12,True,False,unresolved_with_missing_labels,6,0,0,,10,KCNH2;ADRB1;SLC6A3;CHRM1;CHRM3;DRD2;SLC6A2;SLC6A4;NR3C1;HRH1
assay_envelope,355,JWHAUXFOSRPERK-UHFFFAOYSA-N,1,murcko:O=C(CCc1ccccc1)c1ccccc1,True,True,eligible_certified_maximum,0,0,1,ADRB1,1,ADRB1
assay_envelope,356,JWNPDZNEKVCWMY-VQHVLOKHSA-N,0,murcko:c1ccc(COc2ccc(Nc3ccnc4ccccc34)cc2)nc1,True,False,unresolved_with_missing_labels,2,0,0,,3,CHRM3;DRD2;NR3C1
assay_envelope,357,JWPGJSVJDAJRLW-UHFFFAOYSA-N,2,murcko:c1ccc2c(c1)CCNC2,True,False,unresolved_with_missing_labels,6,0,0,,7,ADRB1;CHRM1;CHRM3;DRD2;SLC6A2;NR3C1;HRH1
assay_envelope,358,JYGLAHSAISAEAL-UHFFFAOYSA-N,4,murcko:O=C1c2ccccc2C(=O)C1C(=O)C(c1ccccc1)c1ccccc1,True,False,unresolved_with_missing_labels,6,0,0,,10,KCNH2;ADRB1;SLC6A3;CHRM1;CHRM3;DRD2;SLC6A2;SLC6A4;NR3C1;HRH1
assay_envelope,359,JYGXADMDTFJGBT-VWUMJDOOSA-N,3,murcko:O=C1C=C2CC[C@H]3[C@@H]4CCCC4CC[C@@H]3C2CC1,True,True,eligible_certified_maximum,0,0,1,NR3C1,1,NR3C1
assay_envelope,360,JYJTVFIEFKZWCJ-UHFFFAOYSA-N,3,murcko:O=c1ccn2c3c(c(N4CCCCC4)ccc13)CCC2,True,False,unresolved_interval_overlap,0,0,0,,10,KCNH2;ADRB1;SLC6A3;CHRM1;CHRM3;DRD2;SLC6A2;SLC6A4;NR3C1;HRH1
assay_envelope,361,JZFPYUNJRRFVQU-UHFFFAOYSA-N,2,murcko:c1ccc(Nc2ccccn2)cc1,True,False,unresolved_interval_overlap,0,0,0,,10,KCNH2;ADRB1;SLC6A3;CHRM1;CHRM3;DRD2;SLC6A2;SLC6A4;NR3C1;HRH1
assay_envelope,362,JZQKKSLKJUAGIC-UHFFFAOYSA-N,3,murcko:c1ccc2[nH]ccc2c1,True,True,eligible_certified_maximum,0,0,1,ADRB1,1,ADRB1
assay_envelope,363,JZRWCGZRTZMZEH-UHFFFAOYSA-N,0,murcko:c1ncc(C[n+]2ccsc2)cn1,True,False,unresolved_with_missing_labels,6,0,0,,10,KCNH2;ADRB1;SLC6A3;CHRM1;CHRM3;DRD2;SLC6A2;SLC6A4;NR3C1;HRH1
assay_envelope,364,JZUFKLXOESDKRF-UHFFFAOYSA-N,2,murcko:O=S1(=O)NCNc2ccccc21,True,False,unresolved_interval_overlap,0,0,0,,10,KCNH2;ADRB1;SLC6A3;CHRM1;CHRM3;DRD2;SLC6A2;SLC6A4;NR3C1;HRH1
assay_envelope,365,KAAZGXDPUNNEFN-UHFFFAOYSA-N,2,murcko:c1ccc2c(c1)N=C(N1CCNCC1)c1ccccc1S2,True,False,unresolved_with_missing_labels,2,0,0,,3,ADRB1;NR3C1;HRH1
assay_envelope,366,KASDHRXLYQOAKZ-XDSKOBMDSA-N,0,murcko:O=C1CC=CCCCC[C@@H]2CCCC(O2)C(=O)C(=O)N2CCCC[C@H]2C(=O)O[C@H](/C=C/C2CCCCC2)CCC1,True,False,unresolved_with_missing_labels,6,0,0,,10,KCNH2;ADRB1;SLC6A3;CHRM1;CHRM3;DRD2;SLC6A2;SLC6A4;NR3C1;HRH1
assay_envelope,367,KBAFPSLPKGSANY-UHFFFAOYSA-N,4,murcko:c1ccc2c(CCCC3CCCO3)cccc2c1,True,False,unresolved_with_missing_labels,6,0,0,,7,KCNH2;ADRB1;CHRM1;CHRM3;DRD2;NR3C1;HRH1
assay_envelope,368,KBZOIRJILGZLEJ-LGYYRGKSSA-N,2,murcko:O=C1CNC(=O)[C@H](Cc2ccccc2)NC(=O)[C@H](Cc2ccccc2)NC(=O)CCSSC[C@@H](C(=O)N2CCCC2)NC(=O)CN1,True,False,unresolved_with_missing_labels,6,0,0,,10,KCNH2;ADRB1;SLC6A3;CHRM1;CHRM3;DRD2;SLC6A2;SLC6A4;NR3C1;HRH1
assay_envelope,369,KCXVZYZYPLLWCC-UHFFFAOYSA-N,2,acyclic:O=C(O)CN(CCN(CC(=O)O)CC(=O)O)CC(=O)O,True,False,unresolved_interval_overlap,0,0,0,,10,KCNH2;ADRB1;SLC6A3;CHRM1;CHRM3;DRD2;SLC6A2;SLC6A4;NR3C1;HRH1
assay_envelope,370,KDGFLJKFZUIJMX-UHFFFAOYSA-N,3,murcko:O=C1c2ccc(N3CCC(N4CCOCC4)CC3)cc2Cc2[nH]c3ccccc3c21,True,False,unresolved_with_missing_labels,1,0,0,,10,KCNH2;ADRB1;SLC6A3;CHRM1;CHRM3;DRD2;SLC6A2;SLC6A4;NR3C1;HRH1
assay_envelope,371,KDYFGRWQOYBRFD-UHFFFAOYSA-N,1,acyclic:O=C(O)CCC(=O)O,True,False,unresolved_with_missing_labels,6,0,0,,10,KCNH2;ADRB1;SLC6A3;CHRM1;CHRM3;DRD2;SLC6A2;SLC6A4;NR3C1;HRH1
assay_envelope,372,KEJCWVGMRLCZQQ-YJBYXUATSA-N,1,murcko:N=C(C(=O)N[C@@H]1C(=O)N2C=CCS[C@H]12)c1ccco1,True,False,unresolved_with_missing_labels,2,0,0,,10,KCNH2;ADRB1;SLC6A3;CHRM1;CHRM3;DRD2;SLC6A2;SLC6A4;NR3C1;HRH1
assay_envelope,373,KGFYHTZWPPHNLQ-AWEZNQCLSA-N,4,murcko:O=C(NC[C@H]1CN(c2ccc(N3CCOCC3=O)cc2)C(=O)O1)c1cccs1,True,False,unresolved_with_missing_labels,2,0,0,,10,KCNH2;ADRB1;SLC6A3;CHRM1;CHRM3;DRD2;SLC6A2;SLC6A4;NR3C1;HRH1
assay_envelope,374,KHPKQFYUPIUARC-UHFFFAOYSA-N,2,murcko:c1ccc(Nc2ccccc2)cc1,True,False,unresolved_with_missing_labels,1,0,0,,10,KCNH2;ADRB1;SLC6A3;CHRM1;CHRM3;DRD2;SLC6A2;SLC6A4;NR3C1;HRH1
assay_envelope,375,KJADKKWYZYXHBB-XBWDGYHZSA-N,2,murcko:C1OC2OC[C@H]3OCO[C@H]3[C@@H]2O1,True,False,unresolved_with_missing_labels,1,0,0,,10,KCNH2;ADRB1;SLC6A3;CHRM1;CHRM3;DRD2;SLC6A2;SLC6A4;NR3C1;HRH1
assay_envelope,376,KJHKTHWMRKYKJE-SUGCFTRWSA-N,4,murcko:O=C(COc1ccccc1)N[C@H](CC[C@H](Cc1ccccc1)NC(=O)CN1CCCNC1=O)Cc1ccccc1,True,False,unresolved_interval_overlap,0,0,0,,10,KCNH2;ADRB1;SLC6A3;CHRM1;CHRM3;DRD2;SLC6A2;SLC6A4;NR3C1;HRH1
assay_envelope,377,KJONHKAYOJNZEC-UHFFFAOYSA-N,0,murcko:O=C1CN=C(c2ccccc2)c2ccccc2N1,True,False,unresolved_interval_overlap,0,0,0,,10,KCNH2;ADRB1;SLC6A3;CHRM1;CHRM3;DRD2;SLC6A2;SLC6A4;NR3C1;HRH1
assay_envelope,378,KKZJGLLVHKMTCM-UHFFFAOYSA-N,2,murcko:O=C1c2ccccc2C(=O)c2ccccc21,True,False,unresolved_interval_overlap,0,0,0,,5,ADRB1;CHRM1;DRD2;SLC6A2;HRH1
assay_envelope,379,KLBQZWRITKRQQV-UHFFFAOYSA-N,0,murcko:c1ccc2c(c1)Sc1ccccc1N2CCC1CCCCN1,True,True,eligible_certified_maximum,0,0,1,HRH1,1,HRH1
assay_envelope,380,KLPWJLBORRMFGK-UHFFFAOYSA-N,3,murcko:O=C1c2cc[nH]c2CCC1CN1CCOCC1,True,True,eligible_certified_maximum,0,0,1,DRD2,1,DRD2
assay_envelope,381,KLZWOWYOHUKJIG-BPUTZDHNSA-N,1,murcko:O=C(CNCCCc1ccccc1)N1CCNC1=O,True,False,unresolved_interval_overlap,0,0,0,,10,KCNH2;ADRB1;SLC6A3;CHRM1;CHRM3;DRD2;SLC6A2;SLC6A4;NR3C1;HRH1
assay_envelope,382,KMZQAVXSMUKBPD-DJWKRKHSSA-N,4,murcko:O=C(CS(=O)Cc1ccco1)NC/C=C\COc1cc(CN2CCCCC2)ccn1,False,False,excluded_native_score_incomplete,0,10,0,,10,KCNH2;ADRB1;SLC6A3;CHRM1;CHRM3;DRD2;SLC6A2;SLC6A4;NR3C1;HRH1
assay_envelope,383,KNAHARQHSZJURB-UHFFFAOYSA-N,1,murcko:O=c1cc[nH]c(=S)[nH]1,True,False,unresolved_interval_overlap,0,0,0,,10,KCNH2;ADRB1;SLC6A3;CHRM1;CHRM3;DRD2;SLC6A2;SLC6A4;NR3C1;HRH1
assay_envelope,384,KORNTPPJEAJQIU-KJXAQDMKSA-N,1,murcko:c1cc2c3c(c[nH]c3c1)C[C@H]1NCCC[C@H]21,True,True,eligible_certified_maximum,0,0,1,DRD2,1,DRD2
assay_envelope,385,KPSRODZRAIWAKH-UHFFFAOYSA-N,4,murcko:c1ccc(C2CC2)cc1,True,False,unresolved_interval_overlap,0,0,0,,10,KCNH2;ADRB1;SLC6A3;CHRM1;CHRM3;DRD2;SLC6A2;SLC6A4;NR3C1;HRH1
assay_envelope,386,KPWSJANDNDDRMB-QAQDUYKDSA-N,1,murcko:c1ccc(N2CCN(CCC3CCCCC3)CC2)cc1,True,False,unresolved_with_missing_labels,6,0,0,,7,KCNH2;ADRB1;CHRM1;CHRM3;DRD2;NR3C1;HRH1
assay_envelope,387,KQKPFRSPSRPDEB-UHFFFAOYSA-N,3,murcko:c1ccc2[nH]ccc2c1,True,False,unresolved_interval_overlap,0,0,0,,10,KCNH2;ADRB1;SLC6A3;CHRM1;CHRM3;DRD2;SLC6A2;SLC6A4;NR3C1;HRH1
assay_envelope,388,KRKNYBCHXYNGOX-UHFFFAOYSA-N,0,acyclic:O=C(O)CC(O)(CC(=O)O)C(=O)O,True,False,unresolved_with_missing_labels,7,0,0,,10,KCNH2;ADRB1;SLC6A3;CHRM1;CHRM3;DRD2;SLC6A2;SLC6A4;NR3C1;HRH1
assay_envelope,389,KSCFJBIXMNOVSH-UHFFFAOYSA-N,1,murcko:O=c1[nH]c(=O)c2[nH]cnc2[nH]1,True,False,unresolved_with_missing_labels,6,0,0,,10,KCNH2;ADRB1;SLC6A3;CHRM1;CHRM3;DRD2;SLC6A2;SLC6A4;NR3C1;HRH1
assay_envelope,390,KSGXQBZTULBEEQ-UHFFFAOYSA-N,3,murcko:O=C(Nc1ccccn1)c1ccc2[nH]c(CNc3ccccc3)nc2c1,True,False,unresolved_with_missing_labels,2,0,0,,3,KCNH2;SLC6A2;NR3C1
assay_envelope,391,KUCQYCKVKVOKAY-CTYIDZIISA-N,2,murcko:O=C1C=C([C@H]2CC[C@H](c3ccccc3)CC2)C(=O)c2ccccc21,True,False,unresolved_interval_overlap,0,0,0,,10,KCNH2;ADRB1;SLC6A3;CHRM1;CHRM3;DRD2;SLC6A2;SLC6A4;NR3C1;HRH1
assay_envelope,392,KVWDHTXUZHCGIO-UHFFFAOYSA-N,2,murcko:c1ccc2c(c1)N=C(N1CCNCC1)c1ccsc1N2,True,True,eligible_certified_maximum,0,0,1,HRH1,1,HRH1
assay_envelope,393,KXGCNMMJRFDFNR-WDRJZQOASA-N,3,murcko:O=C1CNC(=O)[C@@H]2CSSC[C@@H]3NC(=O)CCSSC[C@H](NC(=O)[C@H](CSSC[C@@H](C(=O)NCCc4ccccc4)NC(=O)CN1)NC(=O)[C@H](Cc1ccccc1)NC(=O)CNC3=O)C(=O)NCC(=O)N1CCC[C@H]1C(=O)NCC(=O)N2,False,False,excluded_native_score_incomplete,5,10,0,,6,KCNH2;ADRB1;SLC6A3;CHRM3;SLC6A4;NR3C1
assay_envelope,394,KYGZCKSPAKDVKC-UHFFFAOYSA-N,2,murcko:O=c1cc[nH]c2cc3c(cc12)OCO3,True,False,unresolved_with_missing_labels,6,0,0,,10,KCNH2;ADRB1;SLC6A3;CHRM1;CHRM3;DRD2;SLC6A2;SLC6A4;NR3C1;HRH1
assay_envelope,395,KYHFRCPLIGODFH-UHFFFAOYSA-N,4,murcko:O=C(c1ccccc1)c1ccccc1-n1cncn1,True,False,unresolved_with_missing_labels,7,0,0,,10,KCNH2;ADRB1;SLC6A3;CHRM1;CHRM3;DRD2;SLC6A2;SLC6A4;NR3C1;HRH1
assay_envelope,396,KYHQZNGJUGFTGR-UHFFFAOYSA-N,1,murcko:O=c1[nH]c(=O)c2[nH]cnc2[nH]1,True,False,unresolved_with_missing_labels,7,0,0,,10,KCNH2;ADRB1;SLC6A3;CHRM1;CHRM3;DRD2;SLC6A2;SLC6A4;NR3C1;HRH1
assay_envelope,397,LBHLFPGPEGDCJG-UHFFFAOYSA-N,2,murcko:c1ccc(Oc2cccc3ncccc23)cc1,True,False,unresolved_with_missing_labels,7,0,0,,8,KCNH2;ADRB1;CHRM1;CHRM3;DRD2;SLC6A2;NR3C1;HRH1
assay_envelope,398,LBXHRAWDUMTPSE-AOOOYVTPSA-N,0,murcko:O=C(NN1CCCCC1)c1ccccc1,True,False,unresolved_interval_overlap,0,0,0,,10,KCNH2;ADRB1;SLC6A3;CHRM1;CHRM3;DRD2;SLC6A2;SLC6A4;NR3C1;HRH1
assay_envelope,399,LDCRTTXIJACKKU-ONEGZZNKSA-N,1,acyclic:COC(=O)/C=C/C(=O)OC,True,False,unresolved_with_missing_labels,1,0,0,,10,KCNH2;ADRB1;SLC6A3;CHRM1;CHRM3;DRD2;SLC6A2;SLC6A4;NR3C1;HRH1
assay_envelope,400,LDMWSLGGVTVJPG-UHFFFAOYSA-N,4,murcko:c1ccc(-c2ccc(NCCN3CCOCC3)nn2)cc1,True,True,eligible_certified_maximum,0,0,1,KCNH2,1,KCNH2
assay_envelope,401,LDXDSHIEDAPSSA-OAHLLOKOSA-N,4,murcko:O=S(=O)(N[C@@H]1CCc2[nH]c3ccccc3c2C1)c1ccccc1,True,False,unresolved_interval_overlap,0,0,0,,10,KCNH2;ADRB1;SLC6A3;CHRM1;CHRM3;DRD2;SLC6A2;SLC6A4;NR3C1;HRH1
assay_envelope,402,LDXSPUSKBDTEKA-UHFFFAOYSA-N,2,murcko:O=C(OCCN1CCOCC1)c1cccnc1Nc1ccccc1,True,True,eligible_certified_maximum,0,0,1,KCNH2,1,KCNH2
assay_envelope,403,LEZWWPYKPKIXLL-UHFFFAOYSA-N,2,murcko:c1ccc(COC(Cn2ccnc2)c2ccccc2)cc1,True,True,eligible_certified_maximum,0,0,1,SLC6A4,1,SLC6A4
assay_envelope,404,LGLFFNDHMLKUMI-UHFFFAOYSA-N,1,murcko:[N+]=C1C=CC(=C(c2ccccc2)c2ccccc2)C=C1,True,False,unresolved_with_missing_labels,6,0,0,,7,KCNH2;ADRB1;CHRM1;CHRM3;DRD2;NR3C1;HRH1
assay_envelope,405,LJVAJPDWBABPEJ-PNUFFHFMSA-N,0,murcko:O=C1CC(=O)OCC2OC(=O)N(CCCCn3cnc(-c4cccnc4)c3)[C@@H]2CC(=O)CCC[C@H](O[C@H]2CCCCO2)C1,True,False,unresolved_with_missing_labels,6,0,0,,10,KCNH2;ADRB1;SLC6A3;CHRM1;CHRM3;DRD2;SLC6A2;SLC6A4;NR3C1;HRH1
assay_envelope,406,LKCWBDHBTVXHDL-RMDFUYIESA-N,4,murcko:C1CC[C@@H](O[C@@H]2CCC[C@H](O[C@@H]3CCCCO3)C2)OC1,True,False,unresolved_interval_overlap,0,0,0,,10,KCNH2;ADRB1;SLC6A3;CHRM1;CHRM3;DRD2;SLC6A2;SLC6A4;NR3C1;HRH1
assay_envelope,407,LKDRXBCSQODPBY-VRPWFDPXSA-N,1,murcko:C1CCOCC1,True,False,unresolved_with_missing_labels,6,0,0,,10,KCNH2;ADRB1;SLC6A3;CHRM1;CHRM3;DRD2;SLC6A2;SLC6A4;NR3C1;HRH1
assay_envelope,408,LKJPYSCBVHEWIU-UHFFFAOYSA-N,0,murcko:O=C(CCS(=O)(=O)c1ccccc1)Nc1ccccc1,True,False,unresolved_with_missing_labels,1,0,0,,10,KCNH2;ADRB1;SLC6A3;CHRM1;CHRM3;DRD2;SLC6A2;SLC6A4;NR3C1;HRH1
assay_envelope,409,LMBWSYZSUOEYSN-UHFFFAOYSA-N,2,acyclic:CCN(CC)C(=S)S,True,False,unresolved_with_missing_labels,7,0,0,,10,KCNH2;ADRB1;SLC6A3;CHRM1;CHRM3;DRD2;SLC6A2;SLC6A4;NR3C1;HRH1
assay_envelope,410,LMEKQMALGUDUQG-UHFFFAOYSA-N,2,murcko:c1nc(Sc2cnc[nH]2)c2[nH]cnc2n1,True,False,unresolved_interval_overlap,0,0,0,,5,ADRB1;CHRM1;DRD2;SLC6A4;HRH1
assay_envelope,411,LMJSLTNSBFUCMU-UHFFFAOYSA-N,2,murcko:O=S1(=O)NCNc2ccccc21,True,False,unresolved_with_missing_labels,7,0,0,,10,KCNH2;ADRB1;SLC6A3;CHRM1;CHRM3;DRD2;SLC6A2;SLC6A4;NR3C1;HRH1
assay_envelope,412,LNEPOXFFQSENCJ-UHFFFAOYSA-N,3,murcko:O=C(CCCN1CCC(c2ccccc2)CC1)c1ccccc1,True,True,eligible_certified_maximum,0,0,1,DRD2,1,DRD2
assay_envelope,413,LNPDTQAFDNKSHK-UHFFFAOYSA-N,0,murcko:c1ccc(-c2conc2-c2ccccc2)cc1,True,False,unresolved_interval_overlap,0,0,0,,2,ADRB1;SLC6A2
assay_envelope,414,LORDFXWUHHSAQU-UHFFFAOYSA-N,2,murcko:O=C(OCCc1ccccc1)c1ccccc1,True,True,eligible_certified_maximum,0,0,1,SLC6A4,1,SLC6A4
assay_envelope,415,LOVMMUBRQUFEAH-UIEAZXIASA-N,0,murcko:c1ccc(CCCCCC2CCCC2)cc1,True,False,unresolved_with_missing_labels,7,0,0,,10,KCNH2;ADRB1;SLC6A3;CHRM1;CHRM3;DRD2;SLC6A2;SLC6A4;NR3C1;HRH1
assay_envelope,416,LPEPZBJOKDYZAD-UHFFFAOYSA-N,2,murcko:c1ccc(Nc2ccccc2)cc1,True,False,unresolved_with_missing_labels,1,0,0,,2,DRD2;HRH1
assay_envelope,417,LQBVNQSMGBZMKD-UHFFFAOYSA-N,1,murcko:O=C(NS(=O)(=O)c1ccc(NCC2CCOCC2)cc1)c1ccc(N2CCN(CC3=C(c4ccccc4)CCCC3)CC2)cc1Oc1cnc2[nH]ccc2c1,True,False,unresolved_with_missing_labels,4,0,0,,5,ADRB1;CHRM3;DRD2;SLC6A2;NR3C1
assay_envelope,418,LQCLVBQBTUVCEQ-QTFUVMRISA-N,1,murcko:O=C1C[C@@H](O[C@H]2CCCCO2)C[C@@H](O[C@H]2CCCCO2)CC[C@@]2(CO2)C(=O)CCCCO1,True,False,unresolved_interval_overlap,0,0,0,,10,KCNH2;ADRB1;SLC6A3;CHRM1;CHRM3;DRD2;SLC6A2;SLC6A4;NR3C1;HRH1
assay_envelope,419,LREQLEBVOXIEOM-UHFFFAOYSA-N,4,acyclic:CC(N)CCCC(C)(C)O,True,False,unresolved_with_missing_labels,7,0,0,,10,KCNH2;ADRB1;SLC6A3;CHRM1;CHRM3;DRD2;SLC6A2;SLC6A4;NR3C1;HRH1
assay_envelope,420,LSLYOANBFKQKPT-UHFFFAOYSA-N,3,murcko:c1ccc(CCNCCc2ccccc2)cc1,True,False,unresolved_interval_overlap,0,0,0,,2,ADRB1;SLC6A4
assay_envelope,421,LTINZAODLRIQIX-FBXRGJNPSA-N,4,murcko:N=C(C(=O)N[C@@H]1C(=O)N2C=CCS[C@H]12)c1cscn1,True,False,unresolved_with_missing_labels,2,0,0,,10,KCNH2;ADRB1;SLC6A3;CHRM1;CHRM3;DRD2;SLC6A2;SLC6A4;NR3C1;HRH1
assay_envelope,422,LTMHDMANZUZIPE-PUGKRICDSA-N,2,murcko:O=C1C=C([C@H]2CCC3C2CC[C@@H]2C4CC[C@H](O[C@H]5CC[C@H](O[C@H]6CC[C@H](O[C@H]7CCCCO7)CO6)CO5)C[C@H]4CC[C@@H]32)CO1,True,False,unresolved_with_missing_labels,5,0,0,,10,KCNH2;ADRB1;SLC6A3;CHRM1;CHRM3;DRD2;SLC6A2;SLC6A4;NR3C1;HRH1
assay_envelope,423,LTXREWYXXSTFRX-QGZVFWFLSA-N,3,murcko:O=c1[nH]c2nc(N3CCCCC3)[nH]c2c(=O)n1Cc1ncc2ccccc2n1,True,True,eligible_certified_maximum,0,0,1,CHRM3,1,CHRM3
assay_envelope,424,LUALIOATIOESLM-UHFFFAOYSA-N,2,murcko:c1ccc2c(c1)Sc1ccccc1N2CCCN1CCCCC1,True,False,unresolved_with_missing_labels,6,0,0,,7,ADRB1;SLC6A3;CHRM1;CHRM3;DRD2;NR3C1;HRH1
assay_envelope,425,LUZRJRNZXALNLM-JGRZULCMSA-N,4,murcko:O=C(NC1OC2[C@@H]3CCCN3C(=O)[C@H](Cc3ccccc3)N2C1=O)[C@H]1CN[C@@H]2Cc3c[nH]c4cccc(c34)[C@H]2C1,True,True,eligible_certified_maximum,0,0,1,DRD2,1,DRD2
assay_envelope,426,LWQQLNNNIPYSNX-UROSTWAQSA-N,2,murcko:C=C1CCCC/C1=C/C=C1\CCCC2[C@@H](C/C=C/CC3CC3)CC[C@@H]12,True,True,eligible_certified_maximum,0,0,1,SLC6A4,1,SLC6A4
assay_envelope,427,LZFZMUMEGBBDTC-QEJZJMRPSA-N,1,murcko:O=C(CNCCCc1ccccc1)N1CCCC1,True,False,unresolved_interval_overlap,0,0,0,,10,KCNH2;ADRB1;SLC6A3;CHRM1;CHRM3;DRD2;SLC6A2;SLC6A4;NR3C1;HRH1
assay_envelope,428,LZNWYQJJBLGYLT-UHFFFAOYSA-N,3,murcko:O=C(Nc1ccccn1)C1=Cc2sccc2S(=O)(=O)N1,True,False,unresolved_with_missing_labels,1,0,0,,10,KCNH2;ADRB1;SLC6A3;CHRM1;CHRM3;DRD2;SLC6A2;SLC6A4;NR3C1;HRH1
assay_envelope,429,MADRVGBADLFHMO-UHFFFAOYSA-N,2,murcko:C1=Cc2cccc(OCC3CNCCO3)c2C1,True,True,eligible_certified_maximum,0,0,1,SLC6A4,1,SLC6A4
assay_envelope,430,MAEIEVLCKWDQJH-UHFFFAOYSA-N,3,murcko:c1ccc(Oc2ccccc2)cc1,True,False,unresolved_interval_overlap,0,0,0,,10,KCNH2;ADRB1;SLC6A3;CHRM1;CHRM3;DRD2;SLC6A2;SLC6A4;NR3C1;HRH1
assay_envelope,431,MBGGBVCUIVRRBF-UHFFFAOYSA-N,1,murcko:O=C1C(CCS(=O)c2ccccc2)C(=O)N(c2ccccc2)N1c1ccccc1,False,False,excluded_native_score_incomplete,0,10,0,,10,KCNH2;ADRB1;SLC6A3;CHRM1;CHRM3;DRD2;SLC6A2;SLC6A4;NR3C1;HRH1
assay_envelope,432,MBUVEWMHONZEQD-UHFFFAOYSA-N,4,murcko:O=c1c2ccccc2c(Cc2ccccc2)nn1C1CCCNCC1,True,False,unresolved_with_missing_labels,1,0,0,,2,NR3C1;HRH1
assay_envelope,433,MCGSCOLBFJQGHM-SCZZXKLOSA-N,0,murcko:C1=C[C@H](n2cnc3c(NC4CC4)ncnc32)CC1,True,False,unresolved_interval_overlap,0,0,0,,10,KCNH2;ADRB1;SLC6A3;CHRM1;CHRM3;DRD2;SLC6A2;SLC6A4;NR3C1;HRH1
assay_envelope,434,MDJFHRLTPRPZLY-UHFFFAOYSA-N,4,murcko:c1cn(CCN2CCOCC2)cn1,True,False,unresolved_with_missing_labels,7,0,0,,10,KCNH2;ADRB1;SLC6A3;CHRM1;CHRM3;DRD2;SLC6A2;SLC6A4;NR3C1;HRH1
assay_envelope,435,MDKGKXOCJGEUJW-UHFFFAOYSA-N,4,murcko:O=C(c1ccccc1)c1cccs1,True,False,unresolved_interval_overlap,0,0,0,,10,KCNH2;ADRB1;SLC6A3;CHRM1;CHRM3;DRD2;SLC6A2;SLC6A4;NR3C1;HRH1
assay_envelope,436,MDSQOJYHHZBZKA-GBXCKJPGSA-N,1,murcko:c1ccc(-c2cc(OCc3ccccc3-n3cccn3)ncn2)cc1,True,True,eligible_certified_maximum,0,0,1,SLC6A2,1,SLC6A2
assay_envelope,437,MECHNRXZTMCUDQ-RKHKHRCZSA-N,1,murcko:C=C1CCCC/C1=C/C=C1\CCCC2CCC[C@@H]12,True,False,unresolved_with_missing_labels,7,0,0,,10,KCNH2;ADRB1;SLC6A3;CHRM1;CHRM3;DRD2;SLC6A2;SLC6A4;NR3C1;HRH1
assay_envelope,438,MEZZCSHVIGVWFI-UHFFFAOYSA-N,4,murcko:O=C(c1ccccc1)c1ccccc1,True,False,unresolved_with_missing_labels,6,0,0,,7,ADRB1;CHRM1;CHRM3;DRD2;SLC6A2;NR3C1;HRH1
assay_envelope,439,MFFMDFFZMYYVKS-SECBINFHSA-N,4,murcko:O=C(CCCc1ccccc1)N1CCn2cnnc2C1,True,False,unresolved_with_missing_labels,1,0,0,,10,KCNH2;ADRB1;SLC6A3;CHRM1;CHRM3;DRD2;SLC6A2;SLC6A4;NR3C1;HRH1
assay_envelope,440,MFZWMTSUNYWVBU-UHFFFAOYSA-N,2,murcko:O=c1c2ccccc2sc2ccccc12,True,False,unresolved_with_missing_labels,6,0,0,,7,KCNH2;ADRB1;CHRM1;CHRM3;DRD2;NR3C1;HRH1
assay_envelope,441,MHIGBKBJSQVXNH-IWVLMIASSA-N,2,murcko:C=C1c2ccccc2C(=O)C2=CC3C(=O)C=CC[C@@H]3C[C@H]12,True,False,unresolved_interval_overlap,0,0,0,,10,KCNH2;ADRB1;SLC6A3;CHRM1;CHRM3;DRD2;SLC6A2;SLC6A4;NR3C1;HRH1
assay_envelope,442,MHWLWQUZZRMNGJ-UHFFFAOYSA-N,4,murcko:O=c1cc[nH]c2ncccc12,True,False,unresolved_with_missing_labels,6,0,0,,10,KCNH2;ADRB1;SLC6A3;CHRM1;CHRM3;DRD2;SLC6A2;SLC6A4;NR3C1;HRH1
assay_envelope,443,MIQPIUSUKVNLNT-UHFFFAOYSA-N,4,murcko:O=C(c1ccccc1)c1ccccc1,True,True,eligible_certified_maximum,0,0,1,SLC6A3,1,SLC6A3
assay_envelope,444,MJIHNNLFOKEZEW-UHFFFAOYSA-N,3,murcko:O=S(Cc1ccccn1)c1nc2ccccc2[nH]1,False,False,excluded_native_score_incomplete,0,10,0,,10,KCNH2;ADRB1;SLC6A3;CHRM1;CHRM3;DRD2;SLC6A2;SLC6A4;NR3C1;HRH1
assay_envelope,445,MKUXAQIIEYXACX-UHFFFAOYSA-N,0,murcko:O=c1[nH]cnc2[nH]cnc12,True,False,unresolved_with_missing_labels,1,0,0,,10,KCNH2;ADRB1;SLC6A3;CHRM1;CHRM3;DRD2;SLC6A2;SLC6A4;NR3C1;HRH1
assay_envelope,446,MLDQJTXFUGDVEO-UHFFFAOYSA-N,1,murcko:O=C(Nc1ccccc1)Nc1ccc(Oc2ccncc2)cc1,True,True,eligible_certified_maximum,0,0,1,SLC6A3,1,SLC6A3
assay_envelope,447,MLYYVTUWGNIJIB-BXKDBHETSA-N,4,murcko:O=C(Cn1cnnn1)N[C@@H]1C(=O)N2C=C(CSc3nncs3)CS[C@H]12,True,False,unresolved_interval_overlap,0,0,0,,10,KCNH2;ADRB1;SLC6A3;CHRM1;CHRM3;DRD2;SLC6A2;SLC6A4;NR3C1;HRH1
assay_envelope,448,MNDBXUUTURYVHR-UHFFFAOYSA-N,2,murcko:O=C(Nc1ccncc1)c1cccc(OCC2CC2)c1,True,False,unresolved_interval_overlap,0,0,0,,10,KCNH2;ADRB1;SLC6A3;CHRM1;CHRM3;DRD2;SLC6A2;SLC6A4;NR3C1;HRH1
assay_envelope,449,MNIPYSSQXLZQLJ-UHFFFAOYSA-N,2,murcko:c1ccc(Nc2ccccc2)cc1,True,False,unresolved_interval_overlap,0,0,0,,10,KCNH2;ADRB1;SLC6A3;CHRM1;CHRM3;DRD2;SLC6A2;SLC6A4;NR3C1;HRH1
assay_envelope,450,MNJVRJDLRVPLFE-UHFFFAOYSA-N,3,murcko:c1ccc(-c2cccnc2-c2cccnc2)cc1,True,False,unresolved_interval_overlap,0,0,0,,10,KCNH2;ADRB1;SLC6A3;CHRM1;CHRM3;DRD2;SLC6A2;SLC6A4;NR3C1;HRH1
assay_envelope,451,MOYGZHXDRJNJEP-UHFFFAOYSA-N,0,murcko:c1ccc(CN2CCN(C(c3ccccc3)c3ccccc3)CC2)cc1,True,True,eligible_certified_maximum,0,0,1,KCNH2,1,KCNH2
assay_envelope,452,MQOBSOSZFYZQOK-UHFFFAOYSA-N,4,murcko:O=C(c1ccccc1)c1ccccc1,True,False,unresolved_with_missing_labels,6,0,0,,10,KCNH2;ADRB1;SLC6A3;CHRM1;CHRM3;DRD2;SLC6A2;SLC6A4;NR3C1;HRH1
assay_envelope,453,MQQNFDZXWVTQEH-UHFFFAOYSA-N,1,murcko:O=C(Oc1ccc2ccccc2c1)c1ccccc1,True,False,unresolved_with_missing_labels,1,0,0,,2,SLC6A3;SLC6A2
assay_envelope,454,MQTOSJVFKKJCRP-BICOPXKESA-N,4,murcko:O=C1C[C@@H](O[C@H]2CCCCO2)C[C@@H](O[C@H]2CCCCO2)CCCCNCCCCO1,True,False,unresolved_interval_overlap,0,0,0,,10,KCNH2;ADRB1;SLC6A3;CHRM1;CHRM3;DRD2;SLC6A2;SLC6A4;NR3C1;HRH1
assay_envelope,455,MRBDMNSDAVCSSF-UHFFFAOYSA-N,1,murcko:c1ccc(N(CC2=NCCN2)c2ccccc2)cc1,True,True,eligible_certified_maximum,0,0,1,KCNH2,1,KCNH2
assay_envelope,456,MSPRUJDUTKRMLM-UHFFFAOYSA-N,2,murcko:O=c1[nH]c2ccccc2nc1Cc1ccccc1,True,True,eligible_certified_maximum,0,0,1,KCNH2,1,KCNH2
assay_envelope,457,MTCFGRXMJLQNBG-REOHCLBHSA-N,0,acyclic:N[C@@H](CO)C(=O)O,True,False,unresolved_with_missing_labels,6,0,0,,10,KCNH2;ADRB1;SLC6A3;CHRM1;CHRM3;DRD2;SLC6A2;SLC6A4;NR3C1;HRH1
assay_envelope,458,MTCUAOILFDZKCO-UHFFFAOYSA-N,4,acyclic:C[N+](C)(C)CCCCCCCCCC[N+](C)(C)C,True,False,unresolved_with_missing_labels,6,0,0,,10,KCNH2;ADRB1;SLC6A3;CHRM1;CHRM3;DRD2;SLC6A2;SLC6A4;NR3C1;HRH1
assay_envelope,459,MTZBBNMLMNBNJL-UHFFFAOYSA-N,4,murcko:O=C(Nc1ccccc1)c1ccccc1,True,False,unresolved_with_missing_labels,6,0,0,,10,KCNH2;ADRB1;SLC6A3;CHRM1;CHRM3;DRD2;SLC6A2;SLC6A4;NR3C1;HRH1
assay_envelope,460,MUMGGOZAMZWBJJ-DYKIIFRCSA-N,3,murcko:O=C1C=C2CC[C@H]3[C@@H]4CCCC4CC[C@@H]3C2CC1,True,True,eligible_certified_maximum,0,0,1,NR3C1,1,NR3C1
assay_envelope,461,MWLSOWXNZPKENC-UHFFFAOYSA-N,3,murcko:c1ccc2sccc2c1,True,False,unresolved_interval_overlap,0,0,0,,10,KCNH2;ADRB1;SLC6A3;CHRM1;CHRM3;DRD2;SLC6A2;SLC6A4;NR3C1;HRH1
assay_envelope,462,MYSWGUAQZAJSOK-UHFFFAOYSA-N,4,murcko:O=c1ccn(C2CC2)c2cc(N3CCNCC3)ccc12,True,False,unresolved_with_missing_labels,1,0,0,,10,KCNH2;ADRB1;SLC6A3;CHRM1;CHRM3;DRD2;SLC6A2;SLC6A4;NR3C1;HRH1
assay_envelope,463,NCDNCNXCDXHOMX-XGKFQTDJSA-N,4,murcko:O=C(CNC(=O)NCc1cscn1)N[C@H](CC[C@H](Cc1ccccc1)NC(=O)OCc1cncs1)Cc1ccccc1,True,False,unresolved_interval_overlap,0,0,0,,10,KCNH2;ADRB1;SLC6A3;CHRM1;CHRM3;DRD2;SLC6A2;SLC6A4;NR3C1;HRH1
assay_envelope,464,NCLGDOBQAWBXRA-PGRDOPGGSA-N,1,murcko:c1ccc(-c2cc(OCc3ccccc3-n3cccn3)ncn2)cc1,True,False,unresolved_interval_overlap,0,0,0,,3,SLC6A3;SLC6A2;SLC6A4
assay_envelope,465,NDCUAPJVLWFHHB-UHNVWZDZSA-N,0,murcko:O=C1N[C@@H]2CCCN1C2,True,False,unresolved_with_missing_labels,6,0,0,,10,KCNH2;ADRB1;SLC6A3;CHRM1;CHRM3;DRD2;SLC6A2;SLC6A4;NR3C1;HRH1
assay_envelope,466,NEYNJQRKHLUJRU-DZUOILHNSA-N,0,murcko:O=C(CCc1c[nH]c2ccccc12)NCC(=O)NCC(=O)NCCc1ccccc1,True,False,unresolved_interval_overlap,0,0,0,,10,KCNH2;ADRB1;SLC6A3;CHRM1;CHRM3;DRD2;SLC6A2;SLC6A4;NR3C1;HRH1
assay_envelope,467,NFLWUMRGJYTJIN-PNIOQBSNSA-N,2,murcko:O=C1CNC(=O)[C@H](Cc2ccccc2)NC(=O)[C@H](Cc2ccccc2)NC(=O)CCSSC[C@@H](C(=O)N2CCCC2)NC(=O)CN1,True,False,unresolved_with_missing_labels,6,0,0,,10,KCNH2;ADRB1;SLC6A3;CHRM1;CHRM3;DRD2;SLC6A2;SLC6A4;NR3C1;HRH1
assay_envelope,468,NGOGFTYYXHNFQH-UHFFFAOYSA-N,1,murcko:O=S(=O)(c1cccc2cnccc12)N1CCCNCC1,True,True,eligible_certified_maximum,0,0,1,SLC6A4,1,SLC6A4
assay_envelope,469,NHUHCSRWZMLRLA-UHFFFAOYSA-N,3,murcko:O=S(=O)(Nc1ccno1)c1ccccc1,True,False,unresolved_interval_overlap,0,0,0,,10,KCNH2;ADRB1;SLC6A3;CHRM1;CHRM3;DRD2;SLC6A2;SLC6A4;NR3C1;HRH1
assay_envelope,470,NIJJYAXOARWZEE-UHFFFAOYSA-N,3,acyclic:CCCC(CCC)C(=O)O,True,True,eligible_certified_maximum,0,0,1,HRH1,1,HRH1
assay_envelope,471,NJCJBUHJQLFDSW-UHFFFAOYSA-N,1,murcko:O=c1ccn2c3c(c(N4CCNCC4)ccc13)SCC2,True,False,unresolved_with_missing_labels,1,0,0,,10,KCNH2;ADRB1;SLC6A3;CHRM1;CHRM3;DRD2;SLC6A2;SLC6A4;NR3C1;HRH1
assay_envelope,472,NMKSAYKQLCHXDK-UHFFFAOYSA-N,0,murcko:c1ccc(CNCCC(c2ccccc2)c2ccccc2)cc1,True,False,unresolved_with_missing_labels,6,0,0,,7,KCNH2;ADRB1;CHRM1;CHRM3;DRD2;NR3C1;HRH1
assay_envelope,473,NMTBSNPBIGRZBL-UHFFFAOYSA-N,0,murcko:c1ccc(-n2ccnc2)cc1,True,False,unresolved_with_missing_labels,1,0,0,,10,KCNH2;ADRB1;SLC6A3;CHRM1;CHRM3;DRD2;SLC6A2;SLC6A4;NR3C1;HRH1
assay_envelope,474,NMUSYJAQQFHJEW-KVTDHHQDSA-N,0,murcko:O=c1ncncn1[C@H]1CCCO1,True,False,unresolved_interval_overlap,0,0,0,,10,KCNH2;ADRB1;SLC6A3;CHRM1;CHRM3;DRD2;SLC6A2;SLC6A4;NR3C1;HRH1
assay_envelope,475,NOIIUHRQUVNIDD-UHFFFAOYSA-N,0,murcko:O=C(CCNNC(=O)c1ccncc1)NCc1ccccc1,True,False,unresolved_with_missing_labels,6,0,0,,10,KCNH2;ADRB1;SLC6A3;CHRM1;CHRM3;DRD2;SLC6A2;SLC6A4;NR3C1;HRH1
assay_envelope,476,NOOLISFMXDJSKH-KXUCPTDWSA-N,4,murcko:C1CCCCC1,True,False,unresolved_with_missing_labels,6,0,0,,10,KCNH2;ADRB1;SLC6A3;CHRM1;CHRM3;DRD2;SLC6A2;SLC6A4;NR3C1;HRH1
assay_envelope,477,NOSIYYJFMPDDSA-UHFFFAOYSA-N,1,murcko:c1ccc2c(c1)Nc1ccccc1S2,True,False,unresolved_with_missing_labels,5,0,0,,6,ADRB1;CHRM1;CHRM3;DRD2;NR3C1;HRH1
assay_envelope,478,NOYPYLRCIDNJJB-UHFFFAOYSA-N,1,murcko:c1ccc(NCc2ccc3ncncc3c2)cc1,True,False,unresolved_with_missing_labels,6,0,0,,7,KCNH2;ADRB1;CHRM1;CHRM3;DRD2;NR3C1;HRH1
assay_envelope,479,NOZIJMHMKORZBA-KJCUYJGMSA-N,4,murcko:O=C(Nc1nc(-c2ccccc2)cs1)c1ccccc1,True,False,unresolved_with_missing_labels,6,0,0,,7,KCNH2;ADRB1;CHRM1;CHRM3;DRD2;NR3C1;HRH1
assay_envelope,480,NPOAOTPXWNWTSH-UHFFFAOYSA-N,0,acyclic:CC(O)(CC(=O)O)CC(=O)O,True,False,unresolved_with_missing_labels,6,0,0,,10,KCNH2;ADRB1;SLC6A3;CHRM1;CHRM3;DRD2;SLC6A2;SLC6A4;NR3C1;HRH1
assay_envelope,481,NPPQSCRMBWNHMW-UHFFFAOYSA-N,2,acyclic:CCCC(C)(COC(N)=O)COC(N)=O,True,False,unresolved_interval_overlap,0,0,0,,10,KCNH2;ADRB1;SLC6A3;CHRM1;CHRM3;DRD2;SLC6A2;SLC6A4;NR3C1;HRH1
assay_envelope,482,NPUKDXXFDDZOKR-LLVKDONJSA-N,2,murcko:c1ccc(Cn2ccnc2)cc1,True,False,unresolved_interval_overlap,0,0,0,,10,KCNH2;ADRB1;SLC6A3;CHRM1;CHRM3;DRD2;SLC6A2;SLC6A4;NR3C1;HRH1
assay_envelope,483,NQHNLNLJPDMBFN-UHFFFAOYSA-O,4,murcko:O=C(Nc1ccccc1)c1ccccc1,True,True,eligible_certified_maximum,0,0,1,KCNH2,1,KCNH2
assay_envelope,484,NSQSAUGJQHDYNO-UHFFFAOYSA-N,2,murcko:O=C(NCc1ccc[nH]c1=O)c1cc(NC2CCOCC2)cc(-c2ccc(CN3CCOCC3)cc2)c1,True,False,unresolved_with_missing_labels,1,0,0,,2,KCNH2;NR3C1
assay_envelope,485,NUZWLKWWNNJHPT-UHFFFAOYSA-N,1,murcko:O=C1c2ccccc2Cc2ccccc21,True,False,unresolved_with_missing_labels,6,0,0,,10,KCNH2;ADRB1;SLC6A3;CHRM1;CHRM3;DRD2;SLC6A2;SLC6A4;NR3C1;HRH1
assay_envelope,486,NVKAWKQGWWIWPM-ABEVXSGRSA-N,1,murcko:O=C1CCC2[C@@H](CC[C@H]3[C@@H]4CCCC4CC[C@H]23)C1,True,True,eligible_certified_maximum,0,0,1,NR3C1,1,NR3C1
assay_envelope,487,NXFFJDQHYLNEJK-CYBMUJFWSA-N,0,murcko:c1ccc(Cn2c3c(c4ccccc42)CCC3)cc1,True,False,unresolved_with_missing_labels,1,0,0,,10,KCNH2;ADRB1;SLC6A3;CHRM1;CHRM3;DRD2;SLC6A2;SLC6A4;NR3C1;HRH1
assay_envelope,488,NXWGWUVGUSFQJC-UHFFFAOYSA-N,3,murcko:c1ccc2[nH]ccc2c1,True,False,unresolved_with_missing_labels,6,0,0,,7,ADRB1;CHRM1;CHRM3;DRD2;SLC6A2;NR3C1;HRH1
assay_envelope,489,NZHGWWWHIYHZNX-CSKARUKUSA-N,3,murcko:O=C(/C=C/c1ccccc1)Nc1ccccc1,True,False,unresolved_interval_overlap,0,0,0,,10,KCNH2;ADRB1;SLC6A3;CHRM1;CHRM3;DRD2;SLC6A2;SLC6A4;NR3C1;HRH1
assay_envelope,490,NZUPCNDJBJXXRF-UHFFFAOYSA-O,1,acyclic:CC(C[N+](C)(C)C)OC(N)=O,True,False,unresolved_interval_overlap,0,0,0,,10,KCNH2;ADRB1;SLC6A3;CHRM1;CHRM3;DRD2;SLC6A2;SLC6A4;NR3C1;HRH1
assay_envelope,491,NZWOPGCLSHLLPA-UHFFFAOYSA-N,1,acyclic:CC(=O)OC(C)C[N+](C)(C)C,True,False,unresolved_with_missing_labels,6,0,0,,10,KCNH2;ADRB1;SLC6A3;CHRM1;CHRM3;DRD2;SLC6A2;SLC6A4;NR3C1;HRH1
assay_envelope,492,OAIJSZIZWZSQBC-GYZMGTAESA-N,2,acyclic:CC(C)=CCC/C(C)=C/C=C/C(C)=C/C=C/C(C)=C/C=C/C=C(C)/C=C/C=C(C)/C=C/C=C(\C)CCC=C(C)C,True,False,unresolved_interval_overlap,0,0,0,,10,KCNH2;ADRB1;SLC6A3;CHRM1;CHRM3;DRD2;SLC6A2;SLC6A4;NR3C1;HRH1
assay_envelope,493,OCJYIGYOJCODJL-UHFFFAOYSA-N,0,murcko:c1ccc(CN2CCN(C(c3ccccc3)c3ccccc3)CC2)cc1,True,True,eligible_certified_maximum,0,0,1,KCNH2,1,KCNH2
assay_envelope,494,OCOKWVBYZHBHLU-UHFFFAOYSA-N,3,murcko:O=C1CN(CCN2CC(=O)NC(=O)C2)CC(=O)N1,True,False,unresolved_with_missing_labels,6,0,0,,10,KCNH2;ADRB1;SLC6A3;CHRM1;CHRM3;DRD2;SLC6A2;SLC6A4;NR3C1;HRH1
assay_envelope,495,ODKNJVUHOIMIIZ-RRKCRQDMSA-N,1,murcko:O=c1ccn([C@H]2CCCO2)c(=O)[nH]1,True,False,unresolved_with_missing_labels,6,0,0,,10,KCNH2;ADRB1;SLC6A3;CHRM1;CHRM3;DRD2;SLC6A2;SLC6A4;NR3C1;HRH1
assay_envelope,496,ODKSFYDXXFIFQN-BYPYZUCNSA-N,3,acyclic:N=C(N)NCCC[C@H](N)C(=O)O,True,False,unresolved_with_missing_labels,7,0,0,,10,KCNH2;ADRB1;SLC6A3;CHRM1;CHRM3;DRD2;SLC6A2;SLC6A4;NR3C1;HRH1
assay_envelope,497,OEBPANQZQGQPHF-UHFFFAOYSA-N,3,murcko:O=c1cc(NCCNCCCc2ccccc2)[nH]c(=O)[nH]1,True,True,eligible_certified_maximum,0,0,1,KCNH2,1,KCNH2
assay_envelope,498,OEKWJQXRCDYSHL-FNOIDJSQSA-N,2,murcko:c1ccc([C@@H]2C[C@H]2Nc2ncnc3c2nnn3C2CCCC2)cc1,True,False,unresolved_with_missing_labels,6,0,0,,7,ADRB1;SLC6A3;CHRM1;CHRM3;DRD2;NR3C1;HRH1
assay_envelope,499,OENHQHLEOONYIE-JLTXGRSLSA-N,4,murcko:C1=C(/C=C/C=C/C=C/C=C/C=C/C=C/C=C/C=C/C=C/C2=CCCCC2)CCCC1,True,False,unresolved_with_missing_labels,6,0,0,,10,KCNH2;ADRB1;SLC6A3;CHRM1;CHRM3;DRD2;SLC6A2;SLC6A4;NR3C1;HRH1
assay_envelope,500,OEYIOHPDSNJKLS-UHFFFAOYSA-N,2,acyclic:C[N+](C)(C)CCO,True,False,unresolved_with_missing_labels,7,0,0,,10,KCNH2;ADRB1;SLC6A3;CHRM1;CHRM3;DRD2;SLC6A2;SLC6A4;NR3C1;HRH1
assay_envelope,501,OFBIFZUFASYYRE-UHFFFAOYSA-N,3,murcko:O=C1NCc2cncn2-c2ccccc21,True,False,unresolved_interval_overlap,0,0,0,,10,KCNH2;ADRB1;SLC6A3;CHRM1;CHRM3;DRD2;SLC6A2;SLC6A4;NR3C1;HRH1
assay_envelope,502,OFCNXPDARWKPPY-UHFFFAOYSA-N,4,murcko:c1ncc2cn[nH]c2n1,True,False,unresolved_interval_overlap,0,0,0,,10,KCNH2;ADRB1;SLC6A3;CHRM1;CHRM3;DRD2;SLC6A2;SLC6A4;NR3C1;HRH1
assay_envelope,503,OFPXSFXSNFPTHF-UHFFFAOYSA-N,2,murcko:c1ccc(-c2ncoc2-c2ccccc2)cc1,True,True,eligible_certified_maximum,0,0,1,HRH1,1,HRH1
assay_envelope,504,OFVLGDICTFRJMM-WESIUVDSSA-N,0,murcko:O=C1C2=CC3C(=O)C=CC[C@@H]3C[C@@H]2Cc2ccccc21,True,False,unresolved_interval_overlap,0,0,0,,5,ADRB1;CHRM1;DRD2;SLC6A2;HRH1
assay_envelope,505,OFZCIYFFPZCNJE-UHFFFAOYSA-N,2,acyclic:CCCC(C)(COC(N)=O)COC(=O)NC(C)C,True,False,unresolved_interval_overlap,0,0,0,,10,KCNH2;ADRB1;SLC6A3;CHRM1;CHRM3;DRD2;SLC6A2;SLC6A4;NR3C1;HRH1
assay_envelope,506,OGAKLTJNUQRZJU-UHFFFAOYSA-N,0,murcko:c1ccc(C(CCCN2CCCCC2)c2ccccc2)cc1,True,False,unresolved_with_missing_labels,6,0,0,,7,KCNH2;ADRB1;CHRM1;CHRM3;DRD2;NR3C1;HRH1
assay_envelope,507,OGHNVEJMJSYVRP-UHFFFAOYSA-N,1,murcko:c1ccc(OCCNCCCOc2cccc3[nH]c4ccccc4c23)cc1,True,False,unresolved_with_missing_labels,1,0,0,,2,ADRB1;CHRM3
assay_envelope,508,OGJPXUAPXNRGGI-UHFFFAOYSA-N,1,murcko:O=c1cc[nH]c2cc(N3CCNCC3)ccc12,True,False,unresolved_interval_overlap,0,0,0,,10,KCNH2;ADRB1;SLC6A3;CHRM1;CHRM3;DRD2;SLC6A2;SLC6A4;NR3C1;HRH1
assay_envelope,509,OGQICQVSFDPSEI-UHFFFAOYSA-N,1,murcko:C(#Cc1ccccn1)c1ccc2c(c1)CCCS2,True,False,unresolved_interval_overlap,0,0,0,,10,KCNH2;ADRB1;SLC6A3;CHRM1;CHRM3;DRD2;SLC6A2;SLC6A4;NR3C1;HRH1
assay_envelope,510,OGSPWJRAVKPPFI-UHFFFAOYSA-N,0,acyclic:NCCCC(O)(P(=O)(O)O)P(=O)(O)O,True,False,unresolved_interval_overlap,0,0,0,,10,KCNH2;ADRB1;SLC6A3;CHRM1;CHRM3;DRD2;SLC6A2;SLC6A4;NR3C1;HRH1
assay_envelope,511,OHCQJHSOBUTRHG-KGGHGJDLSA-N,4,murcko:O=C1CCOC2CC[C@H]3CCCCC3C12,True,False,unresolved_interval_overlap,0,0,0,,10,KCNH2;ADRB1;SLC6A3;CHRM1;CHRM3;DRD2;SLC6A2;SLC6A4;NR3C1;HRH1
assay_envelope,512,OHRURASPPZQGQM-GCCNXGTGSA-N,1,murcko:C=C1NC(=O)[C@H]2CSSCC/C=C/[C@H](CC(=O)NCC(=O)N2)OC(=O)CNC1=O,True,False,unresolved_with_missing_labels,6,0,0,,10,KCNH2;ADRB1;SLC6A3;CHRM1;CHRM3;DRD2;SLC6A2;SLC6A4;NR3C1;HRH1
assay_envelope,513,OIPILFWXSMYKGL-UHFFFAOYSA-N,3,acyclic:CC(=O)OCC[N+](C)(C)C,True,False,unresolved_interval_overlap,0,0,0,,10,KCNH2;ADRB1;SLC6A3;CHRM1;CHRM3;DRD2;SLC6A2;SLC6A4;NR3C1;HRH1
assay_envelope,514,OIRDTQYFTABQOQ-KQYNXXCUSA-N,3,murcko:c1ncc2ncn([C@H]3CCCO3)c2n1,True,False,unresolved_interval_overlap,0,0,0,,10,KCNH2;ADRB1;SLC6A3;CHRM1;CHRM3;DRD2;SLC6A2;SLC6A4;NR3C1;HRH1
assay_envelope,515,OJZYRQPMEIEQFC-UAWLTFRCSA-N,4,murcko:O=C1CCCC1,True,False,unresolved_interval_overlap,0,0,0,,10,KCNH2;ADRB1;SLC6A3;CHRM1;CHRM3;DRD2;SLC6A2;SLC6A4;NR3C1;HRH1
assay_envelope,516,OKPNYGAWTYOBFZ-UHFFFAOYSA-N,1,murcko:O=c1cc2oc3ccccc3nc-2c2cccnc12,True,True,eligible_certified_maximum,0,0,1,CHRM3,1,CHRM3
assay_envelope,517,OLAHOMJCDNXHFI-UHFFFAOYSA-N,4,murcko:c1ccc(Nc2ccc3ncc(-c4cn[nH]c4)nc3c2)cc1,True,False,unresolved_with_missing_labels,4,0,0,,5,ADRB1;CHRM3;DRD2;SLC6A4;NR3C1
assay_envelope,518,OLVCFLKTBJRLHI-AXAPSJFSSA-N,2,murcko:O=C(Cc1ccccc1)N[C@@H]1C(=O)N2C=C(CSc3nnn[nH]3)CS[C@H]12,True,False,unresolved_interval_overlap,0,0,0,,10,KCNH2;ADRB1;SLC6A3;CHRM1;CHRM3;DRD2;SLC6A2;SLC6A4;NR3C1;HRH1
assay_envelope,519,ONIQOQHATWINJY-UHFFFAOYSA-N,2,murcko:O=C(Nc1ccccc1)C1(C(=O)Nc2ccc(Oc3ccnc4ccccc34)cc2)CC1,True,False,unresolved_with_missing_labels,1,0,0,,2,KCNH2;NR3C1
assay_envelope,520,ONNOFKFOZAJDHT-UHFFFAOYSA-N,3,murcko:c1ccc2c(c1)CCc1ccccc1C2,True,True,eligible_certified_maximum,0,0,1,SLC6A3,1,SLC6A3
assay_envelope,521,OOBHFESNSZDWIU-UHFFFAOYSA-N,0,murcko:c1ccc(C2CNCCO2)cc1,True,False,unresolved_interval_overlap,0,0,0,,5,ADRB1;CHRM1;DRD2;SLC6A2;HRH1
assay_envelope,522,OOLLAFOLCSJHRE-ZHAKMVSLSA-N,3,murcko:O=C1C=C2CC[C@@H]3C(=C2CC1)[C@@H](c1ccccc1)CC1CCC[C@H]13,True,False,unresolved_with_missing_labels,7,0,0,,10,KCNH2;ADRB1;SLC6A3;CHRM1;CHRM3;DRD2;SLC6A2;SLC6A4;NR3C1;HRH1
assay_envelope,523,OROGSEYTTFOCAN-DNJOTXNNSA-N,3,murcko:C1=C[C@H]2[C@H]3Cc4cccc5c4[C@@]2(CCN3)[C@H](C1)O5,True,True,eligible_certified_maximum,0,0,1,ADRB1,1,ADRB1
assay_envelope,524,OSASVXMJTNOKOY-UHFFFAOYSA-N,4,acyclic:CC(C)(O)C(Cl)(Cl)Cl,True,False,unresolved_interval_overlap,0,0,0,,10,KCNH2;ADRB1;SLC6A3;CHRM1;CHRM3;DRD2;SLC6A2;SLC6A4;NR3C1;HRH1
assay_envelope,525,OTBXOEAOVRKTNQ-UHFFFAOYSA-N,1,murcko:O=C1CN2Cc3ccccc3N=C2N1,True,False,unresolved_interval_overlap,0,0,0,,10,KCNH2;ADRB1;SLC6A3;CHRM1;CHRM3;DRD2;SLC6A2;SLC6A4;NR3C1;HRH1
assay_envelope,526,OUJTZYPIHDYQMC-LJQANCHMSA-N,1,murcko:c1ccc(C(COc2ncccn2)c2ccccc2)cc1,True,False,unresolved_with_missing_labels,6,0,0,,10,KCNH2;ADRB1;SLC6A3;CHRM1;CHRM3;DRD2;SLC6A2;SLC6A4;NR3C1;HRH1
assay_envelope,527,OVBPIULPVIDEAO-LBPRGKRZSA-N,2,murcko:O=c1ncnc2[nH]cc(CNc3ccccc3)nc1-2,True,False,unresolved_with_missing_labels,1,0,0,,10,KCNH2;ADRB1;SLC6A3;CHRM1;CHRM3;DRD2;SLC6A2;SLC6A4;NR3C1;HRH1
assay_envelope,528,OVCDSSHSILBFBN-UHFFFAOYSA-N,4,murcko:c1ccc(Nc2ccnc3ccccc23)cc1,True,True,eligible_certified_maximum,0,0,1,KCNH2,1,KCNH2
assay_envelope,529,OWQUZNMMYNAXSL-UHFFFAOYSA-N,2,murcko:c1ccc(C(OC2CCNCC2)c2ccccc2)cc1,True,False,unresolved_with_missing_labels,6,0,0,,7,ADRB1;SLC6A3;CHRM1;CHRM3;DRD2;NR3C1;HRH1
assay_envelope,530,OWYLAEYXIQKAOL-UHFFFAOYSA-N,0,murcko:O=C(CCCN1CCCC1)c1ccccc1,True,True,eligible_certified_maximum,0,0,1,KCNH2,1,KCNH2
assay_envelope,531,OZGNYLLQHRPOBR-DHZHZOJOSA-N,4,murcko:C(=C/c1ccccc1)\CNCc1cccc2ccccc12,True,True,eligible_certified_maximum,0,0,1,KCNH2,1,KCNH2
assay_envelope,532,OZWKMVRBQXNZKK-UHFFFAOYSA-N,2,murcko:O=C(c1ccccc1)c1ccc2n1CCC2,True,False,unresolved_interval_overlap,0,0,0,,6,ADRB1;SLC6A3;CHRM3;SLC6A2;SLC6A4;NR3C1
assay_envelope,533,PBMSWVPMRUJMPE-UHFFFAOYSA-N,4,murcko:O=C(Nc1ccc(S(=O)(=O)Nc2nccs2)cc1)c1ccccc1,True,False,unresolved_with_missing_labels,6,0,0,,10,KCNH2;ADRB1;SLC6A3;CHRM1;CHRM3;DRD2;SLC6A2;SLC6A4;NR3C1;HRH1
assay_envelope,534,PCZOHLXUXFIOCF-BXMDZJJMSA-N,2,murcko:O=C1CCC[C@@H](CC[C@H]2CC=CC3=CCCC[C@@H]32)O1,True,False,unresolved_interval_overlap,0,0,0,,10,KCNH2;ADRB1;SLC6A3;CHRM1;CHRM3;DRD2;SLC6A2;SLC6A4;NR3C1;HRH1
assay_envelope,535,PHLBKPHSAVXXEF-UHFFFAOYSA-N,1,murcko:O=c1n(CCCN2CCN(c3ccccc3)CC2)nc2ccccn12,True,True,eligible_certified_maximum,0,0,1,SLC6A4,1,SLC6A4
assay_envelope,536,PHWXUGHIIBDVKD-UHFFFAOYSA-N,0,murcko:O=C(Cc1ccc2c(c1)OCO2)c1sccc1S(=O)(=O)Nc1ccno1,True,False,unresolved_with_missing_labels,7,0,0,,10,KCNH2;ADRB1;SLC6A3;CHRM1;CHRM3;DRD2;SLC6A2;SLC6A4;NR3C1;HRH1
assay_envelope,537,PHXJVRSECIGDHY-UHFFFAOYSA-N,3,murcko:O=C(Nc1ccc(CN2CCNCC2)cc1)c1cccc(C#Cc2cnc3cccnn23)c1,True,True,eligible_certified_maximum,0,0,1,SLC6A4,1,SLC6A4
assay_envelope,538,PIDSZXPFGCURGN-UHFFFAOYSA-N,4,murcko:C1=CCN(c2ccccc2)C1,True,False,unresolved_interval_overlap,0,0,0,,10,KCNH2;ADRB1;SLC6A3;CHRM1;CHRM3;DRD2;SLC6A2;SLC6A4;NR3C1;HRH1
assay_envelope,539,PJDFLNIOAUIZSL-UHFFFAOYSA-N,0,acyclic:C=CC(N)CCC(=O)O,True,False,unresolved_interval_overlap,0,0,0,,6,ADRB1;CHRM1;DRD2;SLC6A4;NR3C1;HRH1
assay_envelope,540,PJMPHNIQZUBGLI-UHFFFAOYSA-N,2,murcko:c1ccc(CCN2CCC(Nc3ccccc3)CC2)cc1,True,False,unresolved_with_missing_labels,1,0,0,,2,CHRM3;NR3C1
assay_envelope,541,PJSFRIWCGOHTNF-UHFFFAOYSA-N,4,murcko:O=S(=O)(Nc1ccncn1)c1ccccc1,True,False,unresolved_with_missing_labels,6,0,0,,10,KCNH2;ADRB1;SLC6A3;CHRM1;CHRM3;DRD2;SLC6A2;SLC6A4;NR3C1;HRH1
assay_envelope,542,PJVWKTKQMONHTI-UHFFFAOYSA-N,2,murcko:O=c1oc2ccccc2cc1Cc1ccccc1,True,False,unresolved_interval_overlap,0,0,0,,10,KCNH2;ADRB1;SLC6A3;CHRM1;CHRM3;DRD2;SLC6A2;SLC6A4;NR3C1;HRH1
assay_envelope,543,PJWPNDMDCLXCOM-UHFFFAOYSA-N,2,murcko:O=C(Nc1ccccc1CCC1CCCCN1)c1ccccc1,True,True,eligible_certified_maximum,0,0,1,KCNH2,1,KCNH2
assay_envelope,544,PLDUPXSUYLZYBN-UHFFFAOYSA-N,3,murcko:c1ccc2c(c1)Sc1ccccc1N2CCCN1CCNCC1,True,True,eligible_certified_maximum,0,0,1,DRD2,1,DRD2
assay_envelope,545,PLIGPBGDXASWPX-UHFFFAOYSA-N,1,murcko:c1ccc2c3c([nH]c2c1)CCCCCC3,True,True,eligible_certified_maximum,0,0,1,HRH1,1,HRH1
assay_envelope,546,PMATZTZNYRCHOR-CGLBZJNRSA-N,4,murcko:O=C1CNC(=O)CNC(=O)CNC(=O)CNC(=O)CNC(=O)CNC(=O)CNC(=O)CNC(=O)CNC(=O)CNC(=O)CN1,True,False,unresolved_interval_overlap,0,0,0,,10,KCNH2;ADRB1;SLC6A3;CHRM1;CHRM3;DRD2;SLC6A2;SLC6A4;NR3C1;HRH1
assay_envelope,547,PMMYEEVYMWASQN-DMTCNVIQSA-N,0,murcko:C1CCNC1,True,False,unresolved_with_missing_labels,6,0,0,,10,KCNH2;ADRB1;SLC6A3;CHRM1;CHRM3;DRD2;SLC6A2;SLC6A4;NR3C1;HRH1
assay_envelope,548,POGQSBRIGCQNEG-UHFFFAOYSA-N,2,murcko:c1ccc(Cn2ccnn2)cc1,True,False,unresolved_with_missing_labels,1,0,0,,10,KCNH2;ADRB1;SLC6A3;CHRM1;CHRM3;DRD2;SLC6A2;SLC6A4;NR3C1;HRH1
assay_envelope,549,PPTYJKAXVCCBDU-UHFFFAOYSA-N,0,murcko:O=C1CN=C(c2ccccc2)c2ccccc2N1,True,False,unresolved_interval_overlap,0,0,0,,10,KCNH2;ADRB1;SLC6A3;CHRM1;CHRM3;DRD2;SLC6A2;SLC6A4;NR3C1;HRH1
assay_envelope,550,PQXKDMSYBGKCJA-CVTJIBDQSA-N,4,murcko:O=C1[C@@H]2[C@H]3CC[C@H](C3)[C@@H]2C(=O)N1C[C@@H]1CCCC[C@H]1CN1CCN(c2nsc3ccccc23)CC1,True,False,unresolved_with_missing_labels,1,0,0,,2,DRD2;NR3C1
assay_envelope,551,PRMWGUBFXWROHD-UHFFFAOYSA-N,1,murcko:O=c1c(-c2ccccc2)cc(-c2ccccn2)cn1-c1ccccc1,True,False,unresolved_interval_overlap,0,0,0,,10,KCNH2;ADRB1;SLC6A3;CHRM1;CHRM3;DRD2;SLC6A2;SLC6A4;NR3C1;HRH1
assay_envelope,552,PROQIPRRNZUXQM-ZXXIGWHRSA-N,1,murcko:c1ccc2c(c1)CC[C@@H]1[C@@H]2CCC2CCC[C@H]21,True,False,unresolved_with_missing_labels,6,0,0,,7,ADRB1;SLC6A3;CHRM1;CHRM3;DRD2;NR3C1;HRH1
assay_envelope,553,PSGAAPLEWMOORI-PEINSRQWSA-N,3,murcko:O=C1C=C2CC[C@H]3[C@@H]4CCCC4CC[C@@H]3C2CC1,True,False,unresolved_with_missing_labels,4,0,0,,5,CHRM1;CHRM3;DRD2;NR3C1;HRH1
assay_envelope,554,PSVDIHULUCLEJE-UHFFFAOYSA-N,2,murcko:O=C1OC(Oc2ccccc2)Oc2ccccc21,True,False,unresolved_with_missing_labels,4,0,0,,10,KCNH2;ADRB1;SLC6A3;CHRM1;CHRM3;DRD2;SLC6A2;SLC6A4;NR3C1;HRH1
assay_envelope,555,PTOAARAWEBMLNO-KVQBGUIXSA-N,3,murcko:c1ncc2ncn([C@H]3CCCO3)c2n1,True,False,unresolved_interval_overlap,0,0,0,,10,KCNH2;ADRB1;SLC6A3;CHRM1;CHRM3;DRD2;SLC6A2;SLC6A4;NR3C1;HRH1
assay_envelope,556,PTVWPYVOOKLBCG-ZDUSSCGKSA-N,2,murcko:c1ccc(N2CCNCC2)cc1,True,False,unresolved_interval_overlap,0,0,0,,10,KCNH2;ADRB1;SLC6A3;CHRM1;CHRM3;DRD2;SLC6A2;SLC6A4;NR3C1;HRH1
assay_envelope,557,PURKAOJPTOLRMP-UHFFFAOYSA-N,0,murcko:O=C(Nc1ccccc1)c1c[nH]c2ccccc2c1=O,True,True,eligible_certified_maximum,0,0,1,SLC6A2,1,SLC6A2
assay_envelope,558,PUXBGTOOZJQSKH-UHFFFAOYSA-N,1,murcko:c1ccc2c(c1)[nH]c1ccccc12,True,False,unresolved_interval_overlap,0,0,0,,10,KCNH2;ADRB1;SLC6A3;CHRM1;CHRM3;DRD2;SLC6A2;SLC6A4;NR3C1;HRH1
assay_envelope,559,PVHUJELLJLJGLN-UHFFFAOYSA-N,2,murcko:C1=CC(c2ccccc2)C=CN1,True,False,unresolved_interval_overlap,0,0,0,,5,ADRB1;CHRM1;DRD2;NR3C1;HRH1
assay_envelope,560,PVLJETXTTWAYEW-UHFFFAOYSA-N,0,murcko:O=c1ccnc(NC2CCN(c3nc4ccccc4n3Cc3ccccc3)CC2)[nH]1,True,True,eligible_certified_maximum,0,0,1,CHRM1,1,CHRM1
assay_envelope,561,PWACSDKDOHSSQD-IUTFFREVSA-N,1,murcko:C(\CN1CCCC1)=C(\c1ccccc1)c1ccccn1,True,True,eligible_certified_maximum,0,0,1,HRH1,1,HRH1
assay_envelope,562,PWAUCHMQEXVFJR-PMAPCBKXSA-N,0,murcko:O=C(N[C@@H](C(=O)N[C@@H]1C(=O)N2C=C(CSc3nnn[nH]3)CS[C@H]12)c1ccccc1)c1cccnc1,True,False,unresolved_interval_overlap,0,0,0,,10,KCNH2;ADRB1;SLC6A3;CHRM1;CHRM3;DRD2;SLC6A2;SLC6A4;NR3C1;HRH1
assay_envelope,563,PWHROYKAGRUWDQ-UHFFFAOYSA-N,2,murcko:O=C(Cc1ccc(-c2ccccc2)cc1)Nc1ccccn1,True,False,unresolved_with_missing_labels,2,0,0,,3,ADRB1;SLC6A3;NR3C1
assay_envelope,564,PWKSKIMOESPYIA-BYPYZUCNSA-N,1,acyclic:CC(=O)N[C@@H](CS)C(=O)O,True,False,unresolved_interval_overlap,0,0,0,,10,KCNH2;ADRB1;SLC6A3;CHRM1;CHRM3;DRD2;SLC6A2;SLC6A4;NR3C1;HRH1
assay_envelope,565,PWVXXGRKLHYWKM-LJQANCHMSA-N,0,murcko:O=S(=O)(CCc1ccc2[nH]cc(C[C@H]3CCCN3)c2c1)c1ccccc1,True,False,unresolved_with_missing_labels,7,0,0,,8,KCNH2;ADRB1;CHRM1;CHRM3;DRD2;SLC6A2;NR3C1;HRH1
assay_envelope,566,PWWVAXIEGOYWEE-UHFFFAOYSA-N,1,murcko:c1ccc2c(c1)Nc1ccccc1S2,True,True,eligible_certified_maximum,0,0,1,HRH1,1,HRH1
assay_envelope,567,PWZUUYSISTUNDW-VAFBSOEGSA-N,4,murcko:c1cc2c(cc1OC1CCCC1)CC[C@@H]1[C@@H]2CCC2CCC[C@H]21,True,True,eligible_certified_maximum,0,0,1,NR3C1,1,NR3C1
assay_envelope,568,PXBVEXGRHZFEOF-UHFFFAOYSA-N,0,murcko:O=C1CN=C(c2ccccc2)c2ccccc2N1,True,False,unresolved_interval_overlap,0,0,0,,10,KCNH2;ADRB1;SLC6A3;CHRM1;CHRM3;DRD2;SLC6A2;SLC6A4;NR3C1;HRH1
assay_envelope,569,PXGPLTODNUVGFL-YNNPMVKQSA-N,2,murcko:C1CCCC1,True,False,unresolved_with_missing_labels,7,0,0,,10,KCNH2;ADRB1;SLC6A3;CHRM1;CHRM3;DRD2;SLC6A2;SLC6A4;NR3C1;HRH1
assay_envelope,570,PZRHRDRVRGEVNW-UHFFFAOYSA-N,3,murcko:O=c1ccc(-c2ccncc2)c[nH]1,True,False,unresolved_interval_overlap,0,0,0,,10,KCNH2;ADRB1;SLC6A3;CHRM1;CHRM3;DRD2;SLC6A2;SLC6A4;NR3C1;HRH1
assay_envelope,571,QAGYKUNXZHXKMR-HKWSIXNMSA-N,3,murcko:O=C(N[C@H](CCN1CC[C@@H]2CCCC[C@@H]2C1)CSc1ccccc1)c1ccccc1,True,False,unresolved_with_missing_labels,6,0,0,,7,ADRB1;CHRM1;CHRM3;DRD2;SLC6A2;NR3C1;HRH1
assay_envelope,572,QANMHLXAZMSUEX-UHFFFAOYSA-N,2,murcko:c1coc(CNc2[nH]cnc3ncnc2-3)c1,True,False,unresolved_with_missing_labels,6,0,0,,10,KCNH2;ADRB1;SLC6A3;CHRM1;CHRM3;DRD2;SLC6A2;SLC6A4;NR3C1;HRH1
assay_envelope,573,QCHFTSOMWOSFHM-WPRPVWTQSA-N,3,murcko:O=C1C[C@@H](Cc2cnc[nH]2)CO1,True,False,unresolved_interval_overlap,0,0,0,,10,KCNH2;ADRB1;SLC6A3;CHRM1;CHRM3;DRD2;SLC6A2;SLC6A4;NR3C1;HRH1
assay_envelope,574,QDGZDCVAUDNJFG-FXQIFTODSA-N,0,murcko:C=C1CCC[C@@H]1n1cnc2c(=O)[nH]cnc21,True,False,unresolved_with_missing_labels,6,0,0,,10,KCNH2;ADRB1;SLC6A3;CHRM1;CHRM3;DRD2;SLC6A2;SLC6A4;NR3C1;HRH1
assay_envelope,575,QELUYTUMUWHWMC-UHFFFAOYSA-N,2,murcko:O=C1CC=NN1c1ccccc1,True,False,unresolved_with_missing_labels,6,0,0,,10,KCNH2;ADRB1;SLC6A3;CHRM1;CHRM3;DRD2;SLC6A2;SLC6A4;NR3C1;HRH1
assay_envelope,576,QEVHRUUCFGRFIF-MDEJGZGSSA-N,4,murcko:O=C(O[C@H]1CC[C@H]2C[C@@H]3c4[nH]c5ccccc5c4CCN3C[C@H]2C1)c1ccccc1,True,True,eligible_certified_maximum,0,0,1,KCNH2,1,KCNH2
assay_envelope,577,QGFORSXNKQLDNO-UHFFFAOYSA-N,2,murcko:O=C1CCCS1,True,False,unresolved_interval_overlap,0,0,0,,10,KCNH2;ADRB1;SLC6A3;CHRM1;CHRM3;DRD2;SLC6A2;SLC6A4;NR3C1;HRH1
assay_envelope,578,QGJUIPDUBHWZPV-SGTAVMJGSA-N,0,murcko:O=C(CC12CC3CC(CC(C3)C1)C2)N1CC[C@@H]2C[C@@H]21,True,False,unresolved_interval_overlap,0,0,0,,10,KCNH2;ADRB1;SLC6A3;CHRM1;CHRM3;DRD2;SLC6A2;SLC6A4;NR3C1;HRH1
assay_envelope,579,QGPKADBNRMWEQR-UHFFFAOYSA-N,3,murcko:O=c1ccn(C2CC2)c2cc(N3CCCC3)ccc12,True,False,unresolved_with_missing_labels,5,0,0,,10,KCNH2;ADRB1;SLC6A3;CHRM1;CHRM3;DRD2;SLC6A2;SLC6A4;NR3C1;HRH1
assay_envelope,580,QHMBSVQNZZTUGM-ZWKOTPCHSA-N,3,murcko:C1=C[C@@H](c2ccccc2)CCC1,True,False,unresolved_with_missing_labels,2,0,0,,3,KCNH2;SLC6A2;NR3C1
assay_envelope,581,QHMWCHQXCUNUAK-UHFFFAOYSA-N,0,murcko:c1ccc(C(c2ccccc2)(c2ccccc2)n2ccnc2)cc1,True,True,eligible_certified_maximum,0,0,1,KCNH2,1,KCNH2
assay_envelope,582,QIHLUZAFSSMXHQ-UHFFFAOYSA-N,1,murcko:c1ccc(C2(c3ccccc3)CCNCC2)cc1,True,False,unresolved_with_missing_labels,6,0,0,,7,KCNH2;ADRB1;CHRM1;CHRM3;DRD2;NR3C1;HRH1
assay_envelope,583,QIQXTHQIDYTFRH-UHFFFAOYSA-N,1,acyclic:CCCCCCCCCCCCCCCCCC(=O)O,True,False,unresolved_with_missing_labels,6,0,0,,10,KCNH2;ADRB1;SLC6A3;CHRM1;CHRM3;DRD2;SLC6A2;SLC6A4;NR3C1;HRH1
assay_envelope,584,QLTVVOATEHFXLT-UHFFFAOYSA-N,2,murcko:c1ccnnc1,True,False,unresolved_interval_overlap,0,0,0,,10,KCNH2;ADRB1;SLC6A3;CHRM1;CHRM3;DRD2;SLC6A2;SLC6A4;NR3C1;HRH1
assay_envelope,585,QOYHHIBFXOOADH-UHFFFAOYSA-N,3,murcko:O=C1NCN(c2ccccc2)C12CCN(CCCC(c1ccccc1)c1ccccc1)CC2,True,True,eligible_certified_maximum,0,0,1,KCNH2,1,KCNH2
assay_envelope,586,QPCDCPDFJACHGM-UHFFFAOYSA-N,3,acyclic:O=C(O)CN(CCN(CC(=O)O)CC(=O)O)CCN(CC(=O)O)CC(=O)O,True,False,unresolved_with_missing_labels,6,0,0,,7,ADRB1;CHRM1;CHRM3;DRD2;SLC6A4;NR3C1;HRH1
assay_envelope,587,QPFYXYFORQJZEC-FOCLMDBBSA-N,4,murcko:c1ccc(/N=N/c2cccnc2)cc1,True,False,unresolved_with_missing_labels,2,0,0,,3,ADRB1;DRD2;NR3C1
assay_envelope,588,QQHMKNYGKVVGCZ-UHFFFAOYSA-N,1,murcko:N=C1CCCN1Cc1cc(=O)[nH]c(=O)[nH]1,True,False,unresolved_with_missing_labels,6,0,0,,10,KCNH2;ADRB1;SLC6A3;CHRM1;CHRM3;DRD2;SLC6A2;SLC6A4;NR3C1;HRH1
assay_envelope,589,QQOBRRFOVWGIMD-OJAKKHQRSA-N,3,murcko:O=c1cnn([C@H]2CCCO2)c(=O)[nH]1,True,False,unresolved_with_missing_labels,6,0,0,,10,KCNH2;ADRB1;SLC6A3;CHRM1;CHRM3;DRD2;SLC6A2;SLC6A4;NR3C1;HRH1
assay_envelope,590,QQQIECGTIMUVDS-UHFFFAOYSA-N,3,murcko:O=C(NCc1ccccc1)c1ccccc1,True,True,eligible_certified_maximum,0,0,1,DRD2,1,DRD2
assay_envelope,591,QRZAKQDHEVVFRX-UHFFFAOYSA-N,0,murcko:c1ccc(-c2ccccc2)cc1,True,False,unresolved_interval_overlap,0,0,0,,10,KCNH2;ADRB1;SLC6A3;CHRM1;CHRM3;DRD2;SLC6A2;SLC6A4;NR3C1;HRH1
assay_envelope,592,QSLMDECMDJKHMQ-UHFFFAOYSA-N,3,murcko:c1ccc2c(c1)C1CCC2c2ccccc21,True,False,unresolved_with_missing_labels,1,0,0,,2,NR3C1;HRH1
assay_envelope,593,QTGIAADRBBLJGA-UHFFFAOYSA-N,4,murcko:c1ccsc1,True,False,unresolved_with_missing_labels,6,0,0,,10,KCNH2;ADRB1;SLC6A3;CHRM1;CHRM3;DRD2;SLC6A2;SLC6A4;NR3C1;HRH1
assay_envelope,594,QVZCXCJXTMIDME-UHFFFAOYSA-N,4,murcko:O=C(OCCCN1CCCN(CCCOC(=O)c2ccccc2)CC1)c1ccccc1,True,True,eligible_certified_maximum,0,0,1,KCNH2,1,KCNH2
assay_envelope,595,QWAXKHKRTORLEM-UGJKXSETSA-N,1,murcko:O=C(CNC(=O)c1ccc2ccccc2n1)N[C@H](CCN1CC[C@@H]2CCCC[C@@H]2C1)Cc1ccccc1,True,True,eligible_certified_maximum,0,0,1,KCNH2,1,KCNH2
assay_envelope,596,QWGDMFLQWFTERH-UHFFFAOYSA-N,3,murcko:c1ccc2c(c1)N=C(N1CCNCC1)c1ccccc1O2,True,True,eligible_certified_maximum,0,0,1,HRH1,1,HRH1
assay_envelope,597,QXHHHPZILQDDPS-UHFFFAOYSA-N,2,murcko:c1ccc(C(Cn2ccnc2)OCc2ccsc2)cc1,True,True,eligible_certified_maximum,0,0,1,SLC6A4,1,SLC6A4
assay_envelope,598,QXKHYNVANLEOEG-UHFFFAOYSA-N,1,murcko:O=c1ccc2cc3ccoc3cc2o1,True,False,unresolved_with_missing_labels,6,0,0,,7,ADRB1;SLC6A3;CHRM1;CHRM3;DRD2;NR3C1;HRH1
assay_envelope,599,QYQDKDWGWDOFFU-IUODEOHRSA-N,1,murcko:O=C(Cc1cscn1)N[C@@H]1C(=O)N2C=C(CSc3nnn[nH]3)CS[C@H]12,True,False,unresolved_with_missing_labels,7,0,0,,10,KCNH2;ADRB1;SLC6A3;CHRM1;CHRM3;DRD2;SLC6A2;SLC6A4;NR3C1;HRH1
assay_envelope,600,QYSXJUFSXHHAJI-YRZJJWOYSA-N,1,murcko:C=C1CCCC/C1=C/C=C1\CCCC2CCC[C@@H]12,True,False,unresolved_with_missing_labels,6,0,0,,10,KCNH2;ADRB1;SLC6A3;CHRM1;CHRM3;DRD2;SLC6A2;SLC6A4;NR3C1;HRH1
assay_envelope,601,RAGOYPUPXAKGKH-XAKZXMRKSA-N,0,murcko:O=c1[nH]ncn1-c1ccc(N2CCN(c3ccc(OC[C@@H]4CO[C@@](Cn5cncn5)(c5ccccc5)C4)cc3)CC2)cc1,True,False,unresolved_with_missing_labels,4,0,0,,10,KCNH2;ADRB1;SLC6A3;CHRM1;CHRM3;DRD2;SLC6A2;SLC6A4;NR3C1;HRH1
assay_envelope,602,RBKASMJPSJDQKY-RBFSKHHSSA-N,0,murcko:O=C1C=CC2C(=C1)CC[C@@H]1C2=CCC2[C@@H](C(=O)CN3CCN(c4cc(N5CCCC5)nc(N5CCCC5)n4)CC3)CC[C@H]21,True,False,unresolved_with_missing_labels,6,0,0,,7,KCNH2;ADRB1;CHRM1;CHRM3;DRD2;NR3C1;HRH1
assay_envelope,603,RBQOQRRFDPXAGN-UHFFFAOYSA-N,1,murcko:O=c1[nH]c(=O)c2[nH]cnc2[nH]1,True,False,unresolved_with_missing_labels,6,0,0,,10,KCNH2;ADRB1;SLC6A3;CHRM1;CHRM3;DRD2;SLC6A2;SLC6A4;NR3C1;HRH1
assay_envelope,604,RCKMWOKWVGPNJF-UHFFFAOYSA-N,4,murcko:C1CNCCN1,True,False,unresolved_with_missing_labels,6,0,0,,10,KCNH2;ADRB1;SLC6A3;CHRM1;CHRM3;DRD2;SLC6A2;SLC6A4;NR3C1;HRH1
assay_envelope,605,RDJGLLICXDHJDY-UHFFFAOYSA-N,3,murcko:c1ccc(Oc2ccccc2)cc1,True,False,unresolved_with_missing_labels,6,0,0,,10,KCNH2;ADRB1;SLC6A3;CHRM1;CHRM3;DRD2;SLC6A2;SLC6A4;NR3C1;HRH1
assay_envelope,606,RDLPVSKMFDYCOR-UEKVPHQBSA-N,0,murcko:O=C(CC1=CCC=CC1)N[C@@H]1C(=O)N2C=CCS[C@H]12,True,False,unresolved_interval_overlap,0,0,0,,10,KCNH2;ADRB1;SLC6A3;CHRM1;CHRM3;DRD2;SLC6A2;SLC6A4;NR3C1;HRH1
assay_envelope,607,RDOIQAHITMMDAJ-UHFFFAOYSA-N,1,murcko:c1ccc(C2CCN(CCC(c3ccccc3)c3ccccc3)CC2)cc1,True,False,unresolved_with_missing_labels,6,0,0,,7,KCNH2;ADRB1;CHRM1;CHRM3;DRD2;NR3C1;HRH1
assay_envelope,608,RDXLYGJSWZYTFJ-UHFFFAOYSA-N,2,murcko:O=C1NCCN1c1nccs1,True,False,unresolved_with_missing_labels,6,0,0,,10,KCNH2;ADRB1;SLC6A3;CHRM1;CHRM3;DRD2;SLC6A2;SLC6A4;NR3C1;HRH1
assay_envelope,609,REFJWTPEDVJJIY-UHFFFAOYSA-N,0,murcko:O=c1cc(-c2ccccc2)oc2ccccc12,True,False,unresolved_interval_overlap,0,0,0,,10,KCNH2;ADRB1;SLC6A3;CHRM1;CHRM3;DRD2;SLC6A2;SLC6A4;NR3C1;HRH1
assay_envelope,610,REYFJDPCWQRWAA-UHFFFAOYSA-N,4,murcko:c1ccc(CN(CC2=NCCN2)c2ccccc2)cc1,True,True,eligible_certified_maximum,0,0,1,HRH1,1,HRH1
assay_envelope,611,RFHAOTPXVQNOHP-UHFFFAOYSA-N,1,murcko:c1ccc(C(Cn2cncn2)Cn2cncn2)cc1,True,False,unresolved_interval_overlap,0,0,0,,10,KCNH2;ADRB1;SLC6A3;CHRM1;CHRM3;DRD2;SLC6A2;SLC6A4;NR3C1;HRH1
assay_envelope,612,RGCVKNLCSQQDEP-UHFFFAOYSA-N,3,murcko:c1ccc2c(c1)Sc1ccccc1N2CCCN1CCNCC1,True,True,eligible_certified_maximum,0,0,1,DRD2,1,DRD2
assay_envelope,613,RGPDEAGGEXEMMM-UHFFFAOYSA-N,0,murcko:c1ccc(C2OCCNCc3ccccc32)cc1,True,True,eligible_certified_maximum,0,0,1,SLC6A4,1,SLC6A4
assay_envelope,614,RHLJLALHBZGAFM-UHFFFAOYSA-N,0,murcko:c1ccc2nc(N3CCCNCC3)ncc2c1,True,True,eligible_certified_maximum,0,0,1,KCNH2,1,KCNH2
assay_envelope,615,RIGBPMDIGYBTBJ-UHFFFAOYSA-N,2,murcko:O=C(NC1CCCCC1)NS(=O)(=O)c1ccccc1,True,False,unresolved_with_missing_labels,6,0,0,,10,KCNH2;ADRB1;SLC6A3;CHRM1;CHRM3;DRD2;SLC6A2;SLC6A4;NR3C1;HRH1
assay_envelope,616,RJKFOVLPORLFTN-LEKSSAKUSA-N,3,murcko:O=C1C=C2CC[C@H]3[C@@H]4CCCC4CC[C@@H]3C2CC1,True,True,eligible_certified_maximum,0,0,1,NR3C1,1,NR3C1
assay_envelope,617,RJMIEHBSYVWVIN-UHFFFAOYSA-N,2,murcko:O=C1c2ccccc2CN1c1ccccc1,True,False,unresolved_interval_overlap,0,0,0,,10,KCNH2;ADRB1;SLC6A3;CHRM1;CHRM3;DRD2;SLC6A2;SLC6A4;NR3C1;HRH1
assay_envelope,618,RJMUSRYZPJIFPJ-UHFFFAOYSA-N,4,murcko:O=C(Nc1ccccc1)c1ccccc1,True,False,unresolved_interval_overlap,0,0,0,,10,KCNH2;ADRB1;SLC6A3;CHRM1;CHRM3;DRD2;SLC6A2;SLC6A4;NR3C1;HRH1
assay_envelope,619,RJURFGZVJUQBHK-IIXSONLDSA-N,4,murcko:O=C1CNC(=O)[C@@H]2CCCN2C(=O)CNC(=O)[C@@H](NC(=O)c2cc(=O)cc3oc4cccc(C(=O)N[C@H]5COC(=O)CNC(=O)CNC(=O)[C@@H]6CCCN6C(=O)CNC5=O)c4nc2-3)COC(=O)CN1,True,False,unresolved_with_missing_labels,6,0,0,,10,KCNH2;ADRB1;SLC6A3;CHRM1;CHRM3;DRD2;SLC6A2;SLC6A4;NR3C1;HRH1
assay_envelope,620,RKEWSXXUOLRFBX-UHFFFAOYSA-N,3,murcko:O=C(NCc1ccccc1)N(Cc1ccccc1)C1CCNCC1,True,False,unresolved_with_missing_labels,6,0,0,,7,KCNH2;ADRB1;CHRM1;CHRM3;DRD2;NR3C1;HRH1
assay_envelope,621,RKLNONIVDFXQRX-UHFFFAOYSA-N,3,murcko:O=C(CCCN1CCC(c2ccccc2)CC1)c1ccccc1,True,True,eligible_certified_maximum,0,0,1,DRD2,1,DRD2
assay_envelope,622,RMEDXOLNCUSCGS-UHFFFAOYSA-N,3,murcko:O=C(CCCN1CC=C(n2c(=O)[nH]c3ccccc32)CC1)c1ccccc1,True,False,unresolved_with_missing_labels,6,0,0,,7,KCNH2;ADRB1;CHRM1;CHRM3;DRD2;NR3C1;HRH1
assay_envelope,623,RNLQIBCLLYYYFJ-UHFFFAOYSA-N,3,murcko:O=c1ccc(-c2ccncc2)c[nH]1,True,False,unresolved_interval_overlap,0,0,0,,10,KCNH2;ADRB1;SLC6A3;CHRM1;CHRM3;DRD2;SLC6A2;SLC6A4;NR3C1;HRH1
assay_envelope,624,ROBVIMPUHSLWNV-UHFFFAOYSA-N,3,murcko:O=C1CCC(c2ccccc2)C(=O)N1,True,False,unresolved_interval_overlap,0,0,0,,10,KCNH2;ADRB1;SLC6A3;CHRM1;CHRM3;DRD2;SLC6A2;SLC6A4;NR3C1;HRH1
assay_envelope,625,RONZAEMNMFQXRA-UHFFFAOYSA-N,1,murcko:c1ccc2c(c1)Cc1cccnc1N1CCNCC21,True,False,unresolved_with_missing_labels,3,0,0,,4,CHRM3;DRD2;NR3C1;HRH1
assay_envelope,626,RPLCPCMSCLEKRS-BPIQYHPVSA-N,0,murcko:C=C1CC2CCC[C@H]2[C@@H]2CCC3=CCCC[C@@H]3[C@@H]12,True,True,eligible_certified_maximum,0,0,1,NR3C1,1,NR3C1
assay_envelope,627,RQTOOFIXOKYGAN-UHFFFAOYSA-N,3,murcko:O=c1cc[nH]c2cc3occc(=O)c3cc12,True,False,unresolved_with_missing_labels,6,0,0,,10,KCNH2;ADRB1;SLC6A3;CHRM1;CHRM3;DRD2;SLC6A2;SLC6A4;NR3C1;HRH1
assay_envelope,628,RQXCLMGKHJWMOA-UHFFFAOYSA-N,4,murcko:c1ccc(C(CCN2CCCCC2)c2ccccc2)cc1,True,False,unresolved_with_missing_labels,6,0,0,,7,KCNH2;ADRB1;CHRM1;CHRM3;DRD2;NR3C1;HRH1
assay_envelope,629,RRGUKTPIGVIEKM-UHFFFAOYSA-N,3,murcko:O=C1CCc2cc(OCCCCc3nnnn3C3CCCCC3)ccc2N1,True,False,unresolved_interval_overlap,0,0,0,,10,KCNH2;ADRB1;SLC6A3;CHRM1;CHRM3;DRD2;SLC6A2;SLC6A4;NR3C1;HRH1
assay_envelope,630,RRUDCFGSUDOHDG-UHFFFAOYSA-N,2,acyclic:CC(=O)NO,True,False,unresolved_with_missing_labels,7,0,0,,10,KCNH2;ADRB1;SLC6A3;CHRM1;CHRM3;DRD2;SLC6A2;SLC6A4;NR3C1;HRH1
assay_envelope,631,RRYMAQUWDLIUPV-BXKDBHETSA-N,0,murcko:O=C1C[C@H]2SCC=CN12,True,False,unresolved_with_missing_labels,1,0,0,,10,KCNH2;ADRB1;SLC6A3;CHRM1;CHRM3;DRD2;SLC6A2;SLC6A4;NR3C1;HRH1
assay_envelope,632,RSEPBGGWRJCQGY-RBRWEJTLSA-N,1,murcko:c1ccc2c(c1)CC[C@@H]1[C@@H]2CCC2CCC[C@H]21,True,False,unresolved_with_missing_labels,6,0,0,,10,KCNH2;ADRB1;SLC6A3;CHRM1;CHRM3;DRD2;SLC6A2;SLC6A4;NR3C1;HRH1
assay_envelope,633,RSOZZQTUMVBTMR-XGUNBQNXSA-N,4,murcko:O=C1CCOC2CC[C@H]3CCCCC3C12,True,True,eligible_certified_maximum,0,0,1,KCNH2,1,KCNH2
assay_envelope,634,RTGDFNSFWBGLEC-SYZQJQIISA-N,3,murcko:O=C(CCC=CCc1ccc2c(c1)C(=O)OC2)OCCN1CCOCC1,True,True,eligible_certified_maximum,0,0,1,KCNH2,1,KCNH2
assay_envelope,635,RTHCYVBBDHJXIQ-UHFFFAOYSA-N,2,murcko:c1ccc(COc2ccccc2)cc1,True,True,eligible_certified_maximum,0,0,1,SLC6A4,1,SLC6A4
assay_envelope,636,RTXOFQZKPXMALH-GHXIOONMSA-N,4,murcko:N=C(C(=O)N[C@@H]1C(=O)N2C=CCS[C@H]12)c1cscn1,True,False,unresolved_interval_overlap,0,0,0,,10,KCNH2;ADRB1;SLC6A3;CHRM1;CHRM3;DRD2;SLC6A2;SLC6A4;NR3C1;HRH1
assay_envelope,637,RUJBDQSFYCKFAA-UHFFFAOYSA-N,3,murcko:C1=NN=C(c2ccccc2)c2ccccc2C1,True,False,unresolved_with_missing_labels,6,0,0,,10,KCNH2;ADRB1;SLC6A3;CHRM1;CHRM3;DRD2;SLC6A2;SLC6A4;NR3C1;HRH1
assay_envelope,638,RUOKEQAAGRXIBM-GFCCVEGCSA-N,0,murcko:c1ccc2c(c1)CCC2,True,False,unresolved_interval_overlap,0,0,0,,10,KCNH2;ADRB1;SLC6A3;CHRM1;CHRM3;DRD2;SLC6A2;SLC6A4;NR3C1;HRH1
assay_envelope,639,RUZYUOTYCVRMRZ-UHFFFAOYSA-N,1,murcko:O=C(C1COc2ccccc2O1)N1CCN(c2ncc3ccccc3n2)CC1,True,False,unresolved_interval_overlap,0,0,0,,2,KCNH2;SLC6A3
assay_envelope,640,RWHUEXWOYVBUCI-ITQXDASVSA-N,0,murcko:O=C(CNC(=O)[C@@H](Cc1ccc2ccccc2c1)NC(=O)[C@H](Cc1ccccc1)NC(=O)CNC(=O)[C@H](Cc1c[nH]c2ccccc12)NC(=O)[C@H](Cc1c[nH]cn1)NC(=O)[C@@H]1CCC(=O)N1)NCC(=O)N1CCCC1,False,False,excluded_native_score_incomplete,0,10,0,,10,KCNH2;ADRB1;SLC6A3;CHRM1;CHRM3;DRD2;SLC6A2;SLC6A4;NR3C1;HRH1
assay_envelope,641,RXPRRQLKFXBCSJ-GIVPXCGWSA-N,1,murcko:c1ccc2c(c1)c1c3n2CCC2CCCN(CC1)[C@H]32,True,False,unresolved_with_missing_labels,6,0,0,,7,KCNH2;ADRB1;CHRM1;CHRM3;DRD2;NR3C1;HRH1
assay_envelope,642,RYBJORHCUPVNMB-UHFFFAOYSA-N,1,murcko:c1ccc(CCNCCCCCCNCCc2ccccc2)cc1,True,False,unresolved_with_missing_labels,1,0,0,,2,DRD2;SLC6A2
assay_envelope,643,RYMZZMVNJRMUDD-HGQWONQESA-N,2,murcko:O=C1CCC[C@@H](CC[C@H]2CC=CC3=CCCC[C@@H]32)O1,True,False,unresolved_interval_overlap,0,0,0,,2,SLC6A3;SLC6A2
assay_envelope,644,RYYVLZVUVIJVGH-UHFFFAOYSA-N,1,murcko:O=c1[nH]c(=O)c2[nH]cnc2[nH]1,True,False,unresolved_interval_overlap,0,0,0,,10,KCNH2;ADRB1;SLC6A3;CHRM1;CHRM3;DRD2;SLC6A2;SLC6A4;NR3C1;HRH1
assay_envelope,645,RZEKVGVHFLEQIL-UHFFFAOYSA-N,4,murcko:c1ccc(-c2ccnn2-c2ccccc2)cc1,True,True,eligible_certified_maximum,0,0,1,SLC6A4,1,SLC6A4
assay_envelope,646,RZJQGNCSTQAWON-UHFFFAOYSA-N,4,murcko:O=C1OCC(c2ccccc2)=C1c1ccccc1,True,False,unresolved_interval_overlap,0,0,0,,10,KCNH2;ADRB1;SLC6A3;CHRM1;CHRM3;DRD2;SLC6A2;SLC6A4;NR3C1;HRH1
assay_envelope,647,RZTAMFZIAATZDJ-UHFFFAOYSA-N,2,murcko:C1=CC(c2ccccc2)C=CN1,True,False,unresolved_with_missing_labels,1,0,0,,2,CHRM3;NR3C1
assay_envelope,648,SAADBVWGJQAEFS-UHFFFAOYSA-N,0,murcko:O=C1CN=C(c2ccccc2)c2ccccc2N1,True,True,eligible_certified_maximum,0,0,1,KCNH2,1,KCNH2
assay_envelope,649,SAMRUMKYXPVKPA-VFKOLLTISA-N,1,murcko:O=c1ncccn1[C@H]1CCCO1,True,False,unresolved_interval_overlap,0,0,0,,10,KCNH2;ADRB1;SLC6A3;CHRM1;CHRM3;DRD2;SLC6A2;SLC6A4;NR3C1;HRH1
assay_envelope,650,SAPNXPWPAUFAJU-UHFFFAOYSA-N,1,murcko:O=C(CNCCCN1c2ccccc2CCc2ccccc21)c1ccccc1,True,True,eligible_certified_maximum,0,0,1,SLC6A2,1,SLC6A2
assay_envelope,651,SBDNJUWAMKYJOX-UHFFFAOYSA-N,2,murcko:c1ccc(Nc2ccccc2)cc1,True,False,unresolved_with_missing_labels,6,0,0,,10,KCNH2;ADRB1;SLC6A3;CHRM1;CHRM3;DRD2;SLC6A2;SLC6A4;NR3C1;HRH1
assay_envelope,652,SBNPWPIBESPSIF-MHWMIDJBSA-N,0,murcko:O=C(CNC(=O)CNC(=O)[C@H](Cc1ccccc1)NC(=O)CNC(=O)[C@@H](Cc1cccnc1)NC(=O)[C@@H](Cc1ccccc1)NC(=O)CCc1ccc2ccccc2c1)NCC(=O)N1CCCC1,False,False,excluded_native_score_incomplete,7,10,0,,10,KCNH2;ADRB1;SLC6A3;CHRM1;CHRM3;DRD2;SLC6A2;SLC6A4;NR3C1;HRH1
assay_envelope,653,SBUJHOSQTJFQJX-NOAMYHISSA-N,4,murcko:C1CC[C@@H](O[C@@H]2CCC[C@H](O[C@@H]3CCCCO3)C2)OC1,True,False,unresolved_interval_overlap,0,0,0,,10,KCNH2;ADRB1;SLC6A3;CHRM1;CHRM3;DRD2;SLC6A2;SLC6A4;NR3C1;HRH1
assay_envelope,654,SCKYRAXSEDYPSA-UHFFFAOYSA-N,1,murcko:O=c1cccc(C2CCCCC2)[nH]1,True,False,unresolved_with_missing_labels,2,0,0,,10,KCNH2;ADRB1;SLC6A3;CHRM1;CHRM3;DRD2;SLC6A2;SLC6A4;NR3C1;HRH1
assay_envelope,655,SDUQYLNIPVEERB-QPPQHZFASA-N,1,murcko:O=c1ncccn1[C@H]1CCCO1,True,False,unresolved_interval_overlap,0,0,0,,10,KCNH2;ADRB1;SLC6A3;CHRM1;CHRM3;DRD2;SLC6A2;SLC6A4;NR3C1;HRH1
assay_envelope,656,SEBMTIQKRHYNIT-UHFFFAOYSA-N,0,murcko:c1ccc2c(c1)CCc1cccnc1C2=C1CCNCC1,True,True,eligible_certified_maximum,0,0,1,HRH1,1,HRH1
assay_envelope,657,SECKRCOLJRRGGV-UHFFFAOYSA-N,3,murcko:O=c1[nH]c(-c2cccc(S(=O)(=O)N3CCNCC3)c2)nn2cncc12,True,False,unresolved_with_missing_labels,6,0,0,,7,ADRB1;SLC6A3;CHRM1;CHRM3;DRD2;NR3C1;HRH1
assay_envelope,658,SEERZIQQUAZTOL-ANMDKAQQSA-N,3,murcko:c1ccc(-c2ccncc2)cc1,True,False,unresolved_with_missing_labels,7,0,0,,10,KCNH2;ADRB1;SLC6A3;CHRM1;CHRM3;DRD2;SLC6A2;SLC6A4;NR3C1;HRH1
assay_envelope,659,SEQDDYPDSLOBDC-UHFFFAOYSA-N,0,murcko:O=C1CN=C(c2ccccc2)c2ccccc2N1,True,False,unresolved_interval_overlap,0,0,0,,10,KCNH2;ADRB1;SLC6A3;CHRM1;CHRM3;DRD2;SLC6A2;SLC6A4;NR3C1;HRH1
assay_envelope,660,SFKQVVDKFKYTNA-DZCXQCEKSA-N,2,murcko:O=C1CNC(=O)[C@H](Cc2ccccc2)NC(=O)[C@H](Cc2ccccc2)NC(=O)CCSSC[C@@H](C(=O)N2CCCC2)NC(=O)CN1,True,False,unresolved_with_missing_labels,7,0,0,,10,KCNH2;ADRB1;SLC6A3;CHRM1;CHRM3;DRD2;SLC6A2;SLC6A4;NR3C1;HRH1
assay_envelope,661,SGOIRFVFHAKUTI-ZCFIWIBFSA-N,0,murcko:c1ncc2nc[nH]c2n1,True,False,unresolved_interval_overlap,0,0,0,,10,KCNH2;ADRB1;SLC6A3;CHRM1;CHRM3;DRD2;SLC6A2;SLC6A4;NR3C1;HRH1
assay_envelope,662,SGOOQMRIPALTEL-UHFFFAOYSA-N,1,murcko:O=C(Nc1ccccc1)c1cc2ccccc2[nH]c1=O,True,False,unresolved_with_missing_labels,4,0,0,,10,KCNH2;ADRB1;SLC6A3;CHRM1;CHRM3;DRD2;SLC6A2;SLC6A4;NR3C1;HRH1
assay_envelope,663,SGRYPYWGNKJSDL-UHFFFAOYSA-N,4,murcko:O=c1c2ccccc2oc2ncccc12,True,False,unresolved_interval_overlap,0,0,0,,10,KCNH2;ADRB1;SLC6A3;CHRM1;CHRM3;DRD2;SLC6A2;SLC6A4;NR3C1;HRH1
assay_envelope,664,SGTNSNPWRIOYBX-UHFFFAOYSA-N,2,murcko:c1ccc(CCCCNCCc2ccccc2)cc1,True,True,eligible_certified_maximum,0,0,1,SLC6A4,1,SLC6A4
assay_envelope,665,SHZKQBHERIJWAO-AATRIKPKSA-N,2,murcko:c1ccc(Cn2ccnc2)cc1,True,False,unresolved_with_missing_labels,2,0,0,,10,KCNH2;ADRB1;SLC6A3;CHRM1;CHRM3;DRD2;SLC6A2;SLC6A4;NR3C1;HRH1
assay_envelope,666,SIDLZWOQUZRBRU-UHFFFAOYSA-N,3,murcko:O=C1CCNC(=O)C1,True,False,unresolved_interval_overlap,0,0,0,,10,KCNH2;ADRB1;SLC6A3;CHRM1;CHRM3;DRD2;SLC6A2;SLC6A4;NR3C1;HRH1
assay_envelope,667,SJVQHLPISAIATJ-ZDUSSCGKSA-N,4,murcko:O=c1c2ccccc2cc(CNc2ncnc3[nH]cnc23)n1-c1ccccc1,True,False,unresolved_with_missing_labels,1,0,0,,10,KCNH2;ADRB1;SLC6A3;CHRM1;CHRM3;DRD2;SLC6A2;SLC6A4;NR3C1;HRH1
assay_envelope,668,SLVMESMUVMCQIY-UHFFFAOYSA-N,0,murcko:c1ccc2c(c1)Sc1ccccc1N2CCC1CCCCN1,False,False,excluded_native_score_incomplete,6,10,0,,7,KCNH2;ADRB1;CHRM1;CHRM3;DRD2;NR3C1;HRH1
assay_envelope,669,SLXKOJJOQWFEFD-UHFFFAOYSA-N,0,acyclic:NCCCCCC(=O)O,True,False,unresolved_interval_overlap,0,0,0,,6,ADRB1;SLC6A3;CHRM1;DRD2;NR3C1;HRH1
assay_envelope,670,SMANXXCATUTDDT-QPJJXVBHSA-N,3,murcko:C(=C/c1ccccc1)\CN1CCN(C(c2ccccc2)c2ccccc2)CC1,True,False,unresolved_with_missing_labels,6,0,0,,7,KCNH2;ADRB1;CHRM1;CHRM3;DRD2;NR3C1;HRH1
assay_envelope,671,SMTZFNFIKUPEJC-UHFFFAOYSA-N,0,murcko:c1ccc(CN2CCCCC2)cc1,True,False,unresolved_interval_overlap,0,0,0,,10,KCNH2;ADRB1;SLC6A3;CHRM1;CHRM3;DRD2;SLC6A2;SLC6A4;NR3C1;HRH1
assay_envelope,672,SNBUBQHDYVFSQF-HIFRSBDPSA-N,2,murcko:O=C1C[C@H]2SCC(CSc3nnn[nH]3)=CN12,True,False,unresolved_with_missing_labels,2,0,0,,10,KCNH2;ADRB1;SLC6A3;CHRM1;CHRM3;DRD2;SLC6A2;SLC6A4;NR3C1;HRH1
assay_envelope,673,SNICXCGAKADSCV-JTQLQIEISA-N,2,murcko:c1cncc([C@@H]2CCCN2)c1,True,False,unresolved_with_missing_labels,7,0,0,,10,KCNH2;ADRB1;SLC6A3;CHRM1;CHRM3;DRD2;SLC6A2;SLC6A4;NR3C1;HRH1
assay_envelope,674,SNPLKNRPJHDVJA-ZETCQYMHSA-N,4,acyclic:CC(C)(CO)[C@@H](O)C(=O)NCCCO,True,False,unresolved_with_missing_labels,6,0,0,,7,KCNH2;ADRB1;CHRM1;CHRM3;DRD2;NR3C1;HRH1
assay_envelope,675,SPIUTQOUKAMGCX-UHFFFAOYSA-N,3,murcko:O=C(OCCN1CCCCC1)c1cccc2c(=O)cc(-c3ccccc3)oc12,True,False,unresolved_with_missing_labels,6,0,0,,7,KCNH2;ADRB1;CHRM1;CHRM3;DRD2;NR3C1;HRH1
assay_envelope,676,SPMVMDHWKHCIDT-UHFFFAOYSA-N,4,murcko:O=C(Nc1ccc(Oc2ccnc3ccccc23)cc1)Nc1ccon1,True,False,unresolved_with_missing_labels,4,0,0,,6,KCNH2;ADRB1;SLC6A3;CHRM3;SLC6A4;NR3C1
assay_envelope,677,SPPTWHFVYKCNNK-FQEVSTJZSA-N,4,murcko:O=C(N[C@@H](Cc1ccccc1)C(=O)Nc1ccccc1)c1ccccc1,True,False,unresolved_interval_overlap,0,0,0,,10,KCNH2;ADRB1;SLC6A3;CHRM1;CHRM3;DRD2;SLC6A2;SLC6A4;NR3C1;HRH1
assay_envelope,678,SQUNAWUMZGQQJD-UHFFFAOYSA-N,2,murcko:O=C(CCN1CCCCC1)c1ccccc1,True,True,eligible_certified_maximum,0,0,1,KCNH2,1,KCNH2
assay_envelope,679,SSQPWTVBQMWLSZ-AAQCHOMXSA-N,1,acyclic:CC/C=C\C/C=C\C/C=C\C/C=C\C/C=C\CCCC(=O)OCC,True,False,unresolved_interval_overlap,0,0,0,,10,KCNH2;ADRB1;SLC6A3;CHRM1;CHRM3;DRD2;SLC6A2;SLC6A4;NR3C1;HRH1
assay_envelope,680,STDBAQMTJLUMFW-UHFFFAOYSA-N,4,murcko:O=C1CC(=O)NC(=O)N1,True,False,unresolved_interval_overlap,0,0,0,,10,KCNH2;ADRB1;SLC6A3;CHRM1;CHRM3;DRD2;SLC6A2;SLC6A4;NR3C1;HRH1
assay_envelope,681,SUBDBMMJDZJVOS-UHFFFAOYSA-N,3,murcko:O=S(Cc1ccccn1)c1nc2ccccc2[nH]1,False,False,excluded_native_score_incomplete,6,10,0,,7,KCNH2;ADRB1;CHRM1;CHRM3;DRD2;NR3C1;HRH1
assay_envelope,682,SUJUHGSWHZTSEU-FYBSXPHGSA-N,1,murcko:O=C1OC(CCc2ccccc2)CC=C1Cc1cccc(NS(=O)(=O)c2ccccn2)c1,True,False,unresolved_with_missing_labels,2,0,0,,3,KCNH2;SLC6A3;NR3C1
assay_envelope,683,SWLMUYACZKCSHZ-UHFFFAOYSA-N,4,murcko:c1ccc(CCC(Cn2ccnc2)Sc2ccccc2)cc1,True,True,eligible_certified_maximum,0,0,1,KCNH2,1,KCNH2
assay_envelope,684,SYOKIDBDQMKNDQ-XWTIBIIYSA-N,2,murcko:O=C(CNC12CC3CC(CC(C3)C1)C2)N1CCCC1,True,False,unresolved_interval_overlap,0,0,0,,10,KCNH2;ADRB1;SLC6A3;CHRM1;CHRM3;DRD2;SLC6A2;SLC6A4;NR3C1;HRH1
assay_envelope,685,SYTBZMRGLBWNTM-UHFFFAOYSA-N,0,murcko:c1ccc(-c2ccccc2)cc1,True,True,eligible_certified_maximum,0,0,1,CHRM3,1,CHRM3
assay_envelope,686,SZLZWPPUNLXJEA-QEGASFHISA-N,4,murcko:O=C(/C=C/c1ccccc1)O[C@H]1CC[C@H]2C[C@@H]3c4[nH]c5ccccc5c4CCN3C[C@H]2C1,True,True,eligible_certified_maximum,0,0,1,KCNH2,1,KCNH2
assay_envelope,687,TVHAZVBUYQMHBC-SNHXEXRGSA-N,2,murcko:C1CCCC1,True,False,unresolved_interval_overlap,0,0,0,,10,KCNH2;ADRB1;SLC6A3;CHRM1;CHRM3;DRD2;SLC6A2;SLC6A4;NR3C1;HRH1
assay_envelope,688,TVQZAMVBTVNYLA-UHFFFAOYSA-N,1,murcko:c1ccc2c(c1)Cc1cccnc1O2,True,False,unresolved_with_missing_labels,6,0,0,,10,KCNH2;ADRB1;SLC6A3;CHRM1;CHRM3;DRD2;SLC6A2;SLC6A4;NR3C1;HRH1
assay_envelope,689,TVURRHSHRRELCG-UHFFFAOYSA-N,2,murcko:c1ccc(C2CNCCc3ccccc32)cc1,True,False,unresolved_with_missing_labels,5,0,0,,6,ADRB1;CHRM1;CHRM3;SLC6A4;NR3C1;HRH1
assay_envelope,690,TVYLLZQTGLZFBW-ZBFHGGJFSA-N,4,murcko:c1ccc(C2CCCCC2)cc1,True,True,eligible_certified_maximum,0,0,1,SLC6A4,1,SLC6A4
assay_envelope,691,TYNLGDBUJLVSMA-UHFFFAOYSA-N,2,murcko:O=C1c2ccccc2C(=O)c2ccccc21,True,True,eligible_certified_maximum,0,0,1,SLC6A2,1,SLC6A2
assay_envelope,692,TYQXKHPOXXXCTP-CSLYCKPJSA-N,1,murcko:O=C1CCCCOC(=O)C[C@@H](O[C@H]2CCCCO2)C[C@@H](O[C@H]2CCCCO2)CCC1,True,False,unresolved_with_missing_labels,10,0,0,,10,KCNH2;ADRB1;SLC6A3;CHRM1;CHRM3;DRD2;SLC6A2;SLC6A4;NR3C1;HRH1
assay_envelope,693,TYYBFXNZMFNZJT-UHFFFAOYSA-N,2,murcko:O=C(CNC(=O)c1ccccc1)Nc1ccccc1,True,False,unresolved_with_missing_labels,6,0,0,,10,KCNH2;ADRB1;SLC6A3;CHRM1;CHRM3;DRD2;SLC6A2;SLC6A4;NR3C1;HRH1
assay_envelope,694,UBCHPRBFMUDMNC-UHFFFAOYSA-N,4,murcko:C1C2CC3CC1CC(C2)C3,True,False,unresolved_interval_overlap,0,0,0,,10,KCNH2;ADRB1;SLC6A3;CHRM1;CHRM3;DRD2;SLC6A2;SLC6A4;NR3C1;HRH1
assay_envelope,695,UBPYILGKFZZVDX-UHFFFAOYSA-N,2,murcko:c1ccc(Nc2ccnc3cc(OCCCN4CCNCC4)ccc23)cc1,True,False,unresolved_with_missing_labels,1,0,0,,2,CHRM3;DRD2
assay_envelope,696,UBQNRHZMVUUOMG-UHFFFAOYSA-N,4,murcko:c1ccc2oncc2c1,True,False,unresolved_interval_overlap,0,0,0,,10,KCNH2;ADRB1;SLC6A3;CHRM1;CHRM3;DRD2;SLC6A2;SLC6A4;NR3C1;HRH1
assay_envelope,697,UCHDWCPVSPXUMX-TZIWLTJVSA-N,0,murcko:C(=C/c1ccc2ccccc2n1)\c1cccc([C@@H](CCc2ccccc2)SCC2CC2)c1,True,False,unresolved_with_missing_labels,1,0,0,,3,ADRB1;SLC6A2;NR3C1
assay_envelope,698,UDMBCSSLTHHNCD-KQYNXXCUSA-N,3,murcko:c1ncc2ncn([C@H]3CCCO3)c2n1,True,True,eligible_certified_maximum,0,0,1,KCNH2,1,KCNH2
assay_envelope,699,UEJJHQNACJXSKW-UHFFFAOYSA-N,4,murcko:O=C1CCC(N2C(=O)c3ccccc3C2=O)C(=O)N1,True,False,unresolved_interval_overlap,0,0,0,,10,KCNH2;ADRB1;SLC6A3;CHRM1;CHRM3;DRD2;SLC6A2;SLC6A4;NR3C1;HRH1
assay_envelope,700,UGDPYGKWIHHBMB-UHFFFAOYSA-N,2,murcko:c1ccc(Nc2ccccc2)cc1,True,False,unresolved_interval_overlap,0,0,0,,10,KCNH2;ADRB1;SLC6A3;CHRM1;CHRM3;DRD2;SLC6A2;SLC6A4;NR3C1;HRH1
assay_envelope,701,UGJMXCAKCUNAIE-UHFFFAOYSA-N,4,murcko:C1CCCCC1,True,False,unresolved_interval_overlap,0,0,0,,10,KCNH2;ADRB1;SLC6A3;CHRM1;CHRM3;DRD2;SLC6A2;SLC6A4;NR3C1;HRH1
assay_envelope,702,UHDGCWIWMRVCDJ-CCXZUQQUSA-N,1,murcko:O=c1ncccn1[C@H]1CCCO1,True,False,unresolved_interval_overlap,0,0,0,,10,KCNH2;ADRB1;SLC6A3;CHRM1;CHRM3;DRD2;SLC6A2;SLC6A4;NR3C1;HRH1
assay_envelope,703,UHSKFQJFRQCDBE-UHFFFAOYSA-N,2,murcko:O=C1Cc2ccccc2N1,True,True,eligible_certified_maximum,0,0,1,DRD2,1,DRD2
assay_envelope,704,UHTHHESEBZOYNR-UHFFFAOYSA-N,0,murcko:c1ccc(Nc2ncnc3cc(OCC4CCNCC4)ccc23)cc1,True,True,eligible_certified_maximum,0,0,1,HRH1,1,HRH1
assay_envelope,705,UHWVSEOVJBQKBE-UHFFFAOYSA-N,1,murcko:c1ccc(CN2CCNCC2)cc1,True,True,eligible_certified_maximum,0,0,1,SLC6A4,1,SLC6A4
assay_envelope,706,UIAGMCDKSXEBJQ-UHFFFAOYSA-N,2,murcko:C1=CC(c2ccccc2)C=CN1,True,True,eligible_certified_maximum,0,0,1,NR3C1,1,NR3C1
assay_envelope,707,UIMOJFJSJSIGLV-JNHMLNOCSA-N,0,murcko:N=C(C(=O)N[C@H]1CNC1=O)c1cscn1,True,False,unresolved_with_missing_labels,1,0,0,,10,KCNH2;ADRB1;SLC6A3;CHRM1;CHRM3;DRD2;SLC6A2;SLC6A4;NR3C1;HRH1
assay_envelope,708,UJEWTUDSLQGTOA-UHFFFAOYSA-N,1,murcko:c1ccc(Oc2ccccc2N2CCCC2)cc1,True,True,eligible_certified_maximum,0,0,1,SLC6A4,1,SLC6A4
assay_envelope,709,UJLAWZDWDVHWOW-YPMHNXCESA-N,1,murcko:c1nc(N[C@@H]2CCCNC2)c2cc[nH]c2n1,True,False,unresolved_with_missing_labels,1,0,0,,10,KCNH2;ADRB1;SLC6A3;CHRM1;CHRM3;DRD2;SLC6A2;SLC6A4;NR3C1;HRH1
assay_envelope,710,UKTAZPQNNNJVKR-MMUVGSQPSA-N,0,murcko:O=C(O[C@H]1C[C@H]2CC3C[C@@H](C1)N2CC3=O)c1c[nH]c2ccccc12,True,False,unresolved_with_missing_labels,6,0,0,,7,ADRB1;CHRM1;CHRM3;DRD2;SLC6A4;NR3C1;HRH1
assay_envelope,711,ULFRLSNUDGIQQP-UHFFFAOYSA-N,3,murcko:c1ncn(Cc2ccc3[nH]ccc3c2)n1,True,True,eligible_certified_maximum,0,0,1,HRH1,1,HRH1
assay_envelope,712,ULSDMUVEXKOYBU-ZDUSSCGKSA-N,2,murcko:O=C1N[C@@H](Cc2ccc3[nH]ccc3c2)CO1,True,False,unresolved_interval_overlap,0,0,0,,10,KCNH2;ADRB1;SLC6A3;CHRM1;CHRM3;DRD2;SLC6A2;SLC6A4;NR3C1;HRH1
assay_envelope,713,ULXXDDBFHOBEHA-CWDCEQMOSA-N,4,murcko:c1ccc(Nc2ncnc3cc(O[C@H]4CCOC4)ccc23)cc1,True,True,eligible_certified_maximum,0,0,1,KCNH2,1,KCNH2
assay_envelope,714,UNAANXDKBXWMLN-UHFFFAOYSA-N,3,murcko:c1ccc(C2CCC2)cc1,True,False,unresolved_with_missing_labels,1,0,0,,2,CHRM3;SLC6A2
assay_envelope,715,UNFWWIHTNXNPBV-WXKVUWSESA-N,0,murcko:O=C1CCO[C@H]2O[C@@H]3CCCC[C@H]3OC12,True,False,unresolved_interval_overlap,0,0,0,,10,KCNH2;ADRB1;SLC6A3;CHRM1;CHRM3;DRD2;SLC6A2;SLC6A4;NR3C1;HRH1
assay_envelope,716,UOWZUVNAGUAEQC-UHFFFAOYSA-N,3,murcko:c1ccc(Oc2ccccc2)cc1,True,False,unresolved_with_missing_labels,1,0,0,,10,KCNH2;ADRB1;SLC6A3;CHRM1;CHRM3;DRD2;SLC6A2;SLC6A4;NR3C1;HRH1
assay_envelope,717,UOZODPSAJZTQNH-LSWIJEOBSA-N,4,murcko:C1CC[C@@H](O[C@@H]2CO[C@@H](O[C@@H]3CCCC[C@H]3O[C@@H]3CCCCO3)C2)OC1,True,False,unresolved_with_missing_labels,6,0,0,,10,KCNH2;ADRB1;SLC6A3;CHRM1;CHRM3;DRD2;SLC6A2;SLC6A4;NR3C1;HRH1
assay_envelope,718,UQZVCDCIMBLVNR-TWYODKAFSA-N,2,murcko:O=C1CC[C@H](/C=C/CCOc2ccccc2)C1,True,False,unresolved_interval_overlap,0,0,0,,10,KCNH2;ADRB1;SLC6A3;CHRM1;CHRM3;DRD2;SLC6A2;SLC6A4;NR3C1;HRH1
assay_envelope,719,URKOMYMAXPYINW-UHFFFAOYSA-N,2,murcko:c1ccc2c(c1)N=C(N1CCNCC1)c1ccccc1S2,True,True,eligible_certified_maximum,0,0,1,HRH1,1,HRH1
assay_envelope,720,USUZGMWDZDXMDG-CYBMUJFWSA-N,1,murcko:c1ccc([C@H]2CCc3cncn32)cc1,True,False,unresolved_with_missing_labels,1,0,0,,2,NR3C1;HRH1
assay_envelope,721,USZAGAREISWJDP-UHFFFAOYSA-N,1,murcko:B1OCc2cc(Oc3ccccc3)ccc21,False,False,excluded_native_score_incomplete,6,10,0,,10,KCNH2;ADRB1;SLC6A3;CHRM1;CHRM3;DRD2;SLC6A2;SLC6A4;NR3C1;HRH1
assay_envelope,722,USZYSDMBJDPRIF-SVEJIMAYSA-N,4,murcko:O=C1CC[C@H](O[C@H]2CC[C@H](O[C@H]3CC[C@H](O[C@H]4CCCc5cc6c(cc54)C(=O)c4ccccc4C6=O)OC3)OC2)OC1,True,False,unresolved_with_missing_labels,6,0,0,,10,KCNH2;ADRB1;SLC6A3;CHRM1;CHRM3;DRD2;SLC6A2;SLC6A4;NR3C1;HRH1
assay_envelope,723,UVIQSJCZCSLXRZ-UBUQANBQSA-N,3,murcko:C1=C2CCCCC2[C@H]2CCC3C(c4cccnc4)=CC[C@H]3[C@@H]2C1,True,False,unresolved_with_missing_labels,1,0,0,,10,KCNH2;ADRB1;SLC6A3;CHRM1;CHRM3;DRD2;SLC6A2;SLC6A4;NR3C1;HRH1
assay_envelope,724,UVOIBTBFPOZKGP-UHFFFAOYSA-N,1,murcko:c1ccc2c(c1)Nc1ccccc1S2,True,True,eligible_certified_maximum,0,0,1,HRH1,1,HRH1
assay_envelope,725,UVSMNLNDYGZFPF-UHFFFAOYSA-N,4,murcko:O=C1CCC(N2C(=O)c3ccccc3C2=O)C(=O)N1,True,False,unresolved_with_missing_labels,6,0,0,,10,KCNH2;ADRB1;SLC6A3;CHRM1;CHRM3;DRD2;SLC6A2;SLC6A4;NR3C1;HRH1
assay_envelope,726,UWFYSQMTEOIJJG-FDTZYFLXSA-N,4,murcko:O=C1C=C2C=C[C@H]3[C@@H]4CCCC4CC[C@@H]3C2[C@H]2C[C@@H]12,True,True,eligible_certified_maximum,0,0,1,NR3C1,1,NR3C1
assay_envelope,727,UWWDHYUMIORJTA-HSQYWUDLSA-N,3,murcko:O=C(CNCCCc1ccccc1)N1CCc2ccccc2C1,True,False,unresolved_with_missing_labels,6,0,0,,10,KCNH2;ADRB1;SLC6A3;CHRM1;CHRM3;DRD2;SLC6A2;SLC6A4;NR3C1;HRH1
assay_envelope,728,UXQDWARBDDDTKG-UHFFFAOYSA-N,4,murcko:C1C2CC3CC1CC(C2)C3,True,False,unresolved_interval_overlap,0,0,0,,10,KCNH2;ADRB1;SLC6A3;CHRM1;CHRM3;DRD2;SLC6A2;SLC6A4;NR3C1;HRH1
assay_envelope,729,UYNVMODNBIQBMV-UHFFFAOYSA-N,1,murcko:c1ccc(CCN2CCC(Cc3ccccc3)CC2)cc1,True,True,eligible_certified_maximum,0,0,1,SLC6A4,1,SLC6A4
assay_envelope,730,UZVHFVZFNXBMQJ-UHFFFAOYSA-N,4,murcko:O=C1CC(=O)NC(=O)N1,True,False,unresolved_interval_overlap,0,0,0,,10,KCNH2;ADRB1;SLC6A3;CHRM1;CHRM3;DRD2;SLC6A2;SLC6A4;NR3C1;HRH1
assay_envelope,731,UZWDCWONPYILKI-UHFFFAOYSA-N,4,murcko:c1cc(-c2ccc3nc[nH]c3c2)nc(Nc2ccc(CN3CCNCC3)cn2)n1,True,False,unresolved_with_missing_labels,1,0,0,,2,KCNH2;NR3C1
assay_envelope,732,VABCILAOYCMVPS-UHFFFAOYSA-N,2,murcko:O=c1oc2ccccc2cc1Cc1ccccc1,True,False,unresolved_interval_overlap,0,0,0,,8,KCNH2;ADRB1;SLC6A3;CHRM1;DRD2;SLC6A2;SLC6A4;HRH1
assay_envelope,733,VACCAVUAMIDAGB-UHFFFAOYSA-N,2,murcko:O=S(=O)(Nc1nncs1)c1ccccc1,True,False,unresolved_interval_overlap,0,0,0,,10,KCNH2;ADRB1;SLC6A3;CHRM1;CHRM3;DRD2;SLC6A2;SLC6A4;NR3C1;HRH1
assay_envelope,734,VBHQKCBVWWUUKN-KZNAEPCWSA-N,1,murcko:c1ccc(CCO[C@@H]2CCCC[C@H]2N2CCCC2)cc1,True,False,unresolved_with_missing_labels,7,0,0,,8,KCNH2;ADRB1;CHRM1;CHRM3;DRD2;SLC6A4;NR3C1;HRH1
assay_envelope,735,VCKUSRYTPJJLNI-UHFFFAOYSA-N,4,murcko:O=C(C1CCCO1)N1CCN(c2ncc3ccccc3n2)CC1,True,False,unresolved_interval_overlap,0,0,0,,10,KCNH2;ADRB1;SLC6A3;CHRM1;CHRM3;DRD2;SLC6A2;SLC6A4;NR3C1;HRH1
assay_envelope,736,VDHAWDNDOKGFTD-MRXNPFEDSA-N,3,murcko:c1ccc(CCCNCc2cccc3ccccc23)cc1,True,True,eligible_certified_maximum,0,0,1,KCNH2,1,KCNH2
assay_envelope,737,VDOSWXIDETXFET-UHFFFAOYSA-N,3,murcko:O=c1c2ccccc2ncn1-c1ccccc1,True,False,unresolved_interval_overlap,0,0,0,,10,KCNH2;ADRB1;SLC6A3;CHRM1;CHRM3;DRD2;SLC6A2;SLC6A4;NR3C1;HRH1
assay_envelope,738,VGKDLMBJGBXTGI-SJCJKPOMSA-N,1,murcko:c1ccc([C@@H]2CCCc3ccccc32)cc1,True,True,eligible_certified_maximum,0,0,1,SLC6A4,1,SLC6A4
assay_envelope,739,VGLGVJVUHYTIIU-UHFFFAOYSA-N,2,murcko:O=S1(=O)NCNc2ccccc21,True,False,unresolved_with_missing_labels,6,0,0,,10,KCNH2;ADRB1;SLC6A3;CHRM1;CHRM3;DRD2;SLC6A2;SLC6A4;NR3C1;HRH1
assay_envelope,740,VGYFMXBACGZSIL-MCBHFWOFSA-N,4,murcko:c1ccc(-c2cc(C3CC3)nc3ccccc23)cc1,True,False,unresolved_with_missing_labels,3,0,0,,10,KCNH2;ADRB1;SLC6A3;CHRM1;CHRM3;DRD2;SLC6A2;SLC6A4;NR3C1;HRH1
assay_envelope,741,VGZSUPCWNCWDAN-UHFFFAOYSA-N,2,murcko:O=C(NC1CCCCC1)NS(=O)(=O)c1ccccc1,True,False,unresolved_interval_overlap,0,0,0,,10,KCNH2;ADRB1;SLC6A3;CHRM1;CHRM3;DRD2;SLC6A2;SLC6A4;NR3C1;HRH1
assay_envelope,742,VHGCDTVCOLNTBX-QGZVFWFLSA-N,2,murcko:c1ccc(COc2ccccc2)cc1,True,True,eligible_certified_maximum,0,0,1,SLC6A2,1,SLC6A2
assay_envelope,743,VHXNKPBCCMUMSW-FQEVSTJZSA-N,0,murcko:O=C1Cc2cc3n(c(=O)c2CO1)Cc1cc2ccccc2nc1-3,True,False,unresolved_with_missing_labels,7,0,0,,10,KCNH2;ADRB1;SLC6A3;CHRM1;CHRM3;DRD2;SLC6A2;SLC6A4;NR3C1;HRH1
assay_envelope,744,VIKNJXKGJWUCNN-XGXHKTLJSA-N,4,murcko:O=C1C=C2CC[C@@H]3[C@H](CCC4CCC[C@H]43)[C@H]2CC1,True,True,eligible_certified_maximum,0,0,1,NR3C1,1,NR3C1
assay_envelope,745,VILCJCGEZXAXTO-UHFFFAOYSA-N,4,acyclic:NCCNCCNCCN,True,False,unresolved_with_missing_labels,1,0,0,,10,KCNH2;ADRB1;SLC6A3;CHRM1;CHRM3;DRD2;SLC6A2;SLC6A4;NR3C1;HRH1
assay_envelope,746,VIROVYVQCGLCII-UHFFFAOYSA-N,4,murcko:O=C1CC(=O)NC(=O)N1,True,False,unresolved_interval_overlap,0,0,0,,10,KCNH2;ADRB1;SLC6A3;CHRM1;CHRM3;DRD2;SLC6A2;SLC6A4;NR3C1;HRH1
assay_envelope,747,VKHAHZOOUSRJNA-GCNJZUOMSA-N,3,murcko:O=C1C=C2CC[C@@H]3C(=C2CC1)[C@@H](c1ccccc1)CC1CCC[C@H]13,True,True,eligible_certified_maximum,0,0,1,NR3C1,1,NR3C1
assay_envelope,748,VKQFCGNPDRICFG-UHFFFAOYSA-N,2,murcko:C1=CC(c2ccccc2)C=CN1,True,True,eligible_certified_maximum,0,0,1,NR3C1,1,NR3C1
assay_envelope,749,VLYWMPOKSSWJAL-UHFFFAOYSA-N,3,murcko:O=S(=O)(Nc1cccnn1)c1ccccc1,True,False,unresolved_interval_overlap,0,0,0,,10,KCNH2;ADRB1;SLC6A3;CHRM1;CHRM3;DRD2;SLC6A2;SLC6A4;NR3C1;HRH1
assay_envelope,750,VMWNQDUVQKEIOC-CYBMUJFWSA-N,3,murcko:c1ccc2c(c1)C[C@H]1NCCc3cccc-2c31,True,True,eligible_certified_maximum,0,0,1,DRD2,1,DRD2
assay_envelope,751,VMZUTJCNQWMAGF-UHFFFAOYSA-N,0,murcko:c1ccc(C2=NCc3nncn3-c3sccc32)cc1,True,False,unresolved_interval_overlap,0,0,0,,10,KCNH2;ADRB1;SLC6A3;CHRM1;CHRM3;DRD2;SLC6A2;SLC6A4;NR3C1;HRH1
assay_envelope,752,VNFPBHJOKIVQEB-UHFFFAOYSA-N,0,murcko:c1ccc(C(c2ccccc2)(c2ccccc2)n2ccnc2)cc1,True,True,eligible_certified_maximum,0,0,1,SLC6A4,1,SLC6A4
assay_envelope,753,VOXZDWNPVJITMN-ZBRFXRBCSA-N,1,murcko:c1ccc2c(c1)CC[C@@H]1[C@@H]2CCC2CCC[C@H]21,True,False,unresolved_interval_overlap,0,0,0,,2,SLC6A4;NR3C1
assay_envelope,754,VPJXQGSRWJZDOB-UHFFFAOYSA-O,2,acyclic:C[N+](C)(C)CCOC(N)=O,True,False,unresolved_interval_overlap,0,0,0,,10,KCNH2;ADRB1;SLC6A3;CHRM1;CHRM3;DRD2;SLC6A2;SLC6A4;NR3C1;HRH1
assay_envelope,755,VQHSOMBJVWLPSR-JVCRWLNRSA-N,1,murcko:C1CCOCC1,True,False,unresolved_interval_overlap,0,0,0,,10,KCNH2;ADRB1;SLC6A3;CHRM1;CHRM3;DRD2;SLC6A2;SLC6A4;NR3C1;HRH1
assay_envelope,756,VQKLRVZQQYVIJW-UHFFFAOYSA-N,2,murcko:N=c1[nH][nH]c(=N)c2ccccc12,True,False,unresolved_with_missing_labels,6,0,0,,7,KCNH2;ADRB1;CHRM1;CHRM3;DRD2;NR3C1;HRH1
assay_envelope,757,VRBKIVRKKCLPHA-UHFFFAOYSA-N,0,murcko:O=c1n(CCOc2ccccc2)cnn1CCCN1CCN(c2ccccc2)CC1,True,True,eligible_certified_maximum,0,0,1,DRD2,1,DRD2
assay_envelope,758,VREFGVBLTWBCJP-UHFFFAOYSA-N,2,murcko:c1ccc(C2=NCc3nncn3-c3ccccc32)cc1,True,False,unresolved_interval_overlap,0,0,0,,10,KCNH2;ADRB1;SLC6A3;CHRM1;CHRM3;DRD2;SLC6A2;SLC6A4;NR3C1;HRH1
assay_envelope,759,VRQVVMDWGGWHTJ-CQSZACIVSA-N,1,murcko:c1ccc2c(c1)Nc1ccccc1S2,True,False,unresolved_with_missing_labels,6,0,0,,7,KCNH2;ADRB1;CHRM1;CHRM3;DRD2;NR3C1;HRH1
assay_envelope,760,VRTWBAAJJOHBQU-KMWAZVGDSA-N,3,murcko:c1cc2c(cc1-c1ccc3[nH]c([C@H]4N[C@@H]5CC[C@H]4C5)nc3c1)Cc1cc(-c3c[nH]c([C@@H]4CC5(CC5)CN4)n3)ccc1-2,True,False,unresolved_with_missing_labels,6,0,0,,10,KCNH2;ADRB1;SLC6A3;CHRM1;CHRM3;DRD2;SLC6A2;SLC6A4;NR3C1;HRH1
assay_envelope,761,VSQQQLOSPVPRAZ-RRKCRQDMSA-N,1,murcko:O=c1ccn([C@H]2CCCO2)c(=O)[nH]1,True,False,unresolved_interval_overlap,0,0,0,,10,KCNH2;ADRB1;SLC6A3;CHRM1;CHRM3;DRD2;SLC6A2;SLC6A4;NR3C1;HRH1
assay_envelope,762,VVIAGPKUTFNRDU-ABLWVSNPSA-N,3,murcko:O=c1nc[nH]c2c1NC(CNc1ccccc1)CN2,True,False,unresolved_interval_overlap,0,0,0,,10,KCNH2;ADRB1;SLC6A3;CHRM1;CHRM3;DRD2;SLC6A2;SLC6A4;NR3C1;HRH1
assay_envelope,763,VVNCNSJFMMFHPL-VKHMYHEASA-N,3,acyclic:CC(C)(S)[C@@H](N)C(=O)O,True,False,unresolved_with_missing_labels,6,0,0,,10,KCNH2;ADRB1;SLC6A3;CHRM1;CHRM3;DRD2;SLC6A2;SLC6A4;NR3C1;HRH1
assay_envelope,764,VWFCHDSQECPREK-LURJTMIESA-N,0,murcko:O=c1nccc[nH]1,True,False,unresolved_with_missing_labels,6,0,0,,10,KCNH2;ADRB1;SLC6A3;CHRM1;CHRM3;DRD2;SLC6A2;SLC6A4;NR3C1;HRH1
assay_envelope,765,VWQWXZAWFPZJDA-CGVGKPPMSA-N,3,murcko:O=C1C=C2CC[C@H]3[C@@H]4CCCC4CC[C@@H]3C2CC1,True,False,unresolved_with_missing_labels,6,0,0,,10,KCNH2;ADRB1;SLC6A3;CHRM1;CHRM3;DRD2;SLC6A2;SLC6A4;NR3C1;HRH1
assay_envelope,766,VXKHXGOKWPXYNA-PGBVPBMZSA-N,4,murcko:O=C(CNC(=O)[C@@H](Cc1c[nH]c2ccccc12)NC(=O)[C@H](Cc1ccccc1)NC(=O)CNC(=O)[C@H](Cc1c[nH]c2ccccc12)NC(=O)[C@H](Cc1c[nH]cn1)NC(=O)[C@@H]1CCC(=O)N1)NCC(=O)N1CCCC1,False,False,excluded_native_score_incomplete,6,10,0,,10,KCNH2;ADRB1;SLC6A3;CHRM1;CHRM3;DRD2;SLC6A2;SLC6A4;NR3C1;HRH1
assay_envelope,767,VXROHTDSRBRJLN-UHFFFAOYSA-O,4,murcko:c1ccc(-[n+]2ccccn2)cc1,True,True,eligible_certified_maximum,0,0,1,KCNH2,1,KCNH2
assay_envelope,768,VYPSYNLAJGMNEJ-UHFFFAOYSA-N,2,acyclic:O=[Si]=O,False,False,excluded_native_score_incomplete,7,10,0,,10,KCNH2;ADRB1;SLC6A3;CHRM1;CHRM3;DRD2;SLC6A2;SLC6A4;NR3C1;HRH1
assay_envelope,769,VYQNWZOUAUKGHI-UHFFFAOYSA-N,2,murcko:c1ccc(COc2ccccc2)cc1,True,False,unresolved_with_missing_labels,6,0,0,,7,ADRB1;CHRM1;CHRM3;DRD2;SLC6A2;NR3C1;HRH1
assay_envelope,770,VYVKHNNGDFVQGA-UHFFFAOYSA-N,4,murcko:O=C(OCCCCNCCc1ccccc1)c1ccccc1,True,True,eligible_certified_maximum,0,0,1,SLC6A4,1,SLC6A4
assay_envelope,771,VYWWNRMSAPEJLS-MDWYKHENSA-N,1,murcko:O=C1CCC[C@@H](O[C@H]2CC[C@H](O[C@H]3CCCCO3)CO2)CCCC/C=C/C=C/CCO1,True,False,unresolved_with_missing_labels,6,0,0,,10,KCNH2;ADRB1;SLC6A3;CHRM1;CHRM3;DRD2;SLC6A2;SLC6A4;NR3C1;HRH1
assay_envelope,772,VZCCETWTMQHEPK-QNEBEIHSSA-N,0,acyclic:CCCCC/C=C\C/C=C\C/C=C\CCCCC(=O)O,True,False,unresolved_with_missing_labels,6,0,0,,10,KCNH2;ADRB1;SLC6A3;CHRM1;CHRM3;DRD2;SLC6A2;SLC6A4;NR3C1;HRH1
assay_envelope,773,VZCYOOQTPOCHFL-OWOJBTEDSA-N,2,acyclic:O=C(O)/C=C/C(=O)O,True,False,unresolved_with_missing_labels,2,0,0,,10,KCNH2;ADRB1;SLC6A3;CHRM1;CHRM3;DRD2;SLC6A2;SLC6A4;NR3C1;HRH1
assay_envelope,774,VZYCZNZBPPHOFY-UHFFFAOYSA-N,3,murcko:c1ccc2c(c1)Sc1ccccc1N2CCCN1CCNCC1,True,False,unresolved_with_missing_labels,2,0,0,,3,ADRB1;DRD2;NR3C1
assay_envelope,775,VZZJRYRQSPEMTK-CALCHBBNSA-N,3,murcko:O=C(Nc1ccc(N2CCOCC2)nc1)c1cccc(-c2ccccc2)c1,True,False,unresolved_with_missing_labels,1,0,0,,10,KCNH2;ADRB1;SLC6A3;CHRM1;CHRM3;DRD2;SLC6A2;SLC6A4;NR3C1;HRH1
assay_envelope,776,WDDPHFBMKLOVOX-AYQXTPAHSA-N,3,murcko:c1ncc2ncn([C@H]3CCCO3)c2n1,True,False,unresolved_interval_overlap,0,0,0,,10,KCNH2;ADRB1;SLC6A3;CHRM1;CHRM3;DRD2;SLC6A2;SLC6A4;NR3C1;HRH1
assay_envelope,777,WDQPAMHFFCXSNU-BGABXYSRSA-N,2,murcko:N=c1cc2n(-c3ccccc3)c3ccccc3nc-2cc1Nc1ccccc1,True,True,eligible_certified_maximum,0,0,1,NR3C1,1,NR3C1
assay_envelope,778,WDRYRZXSPDWGEB-UHFFFAOYSA-N,1,murcko:c1ccc(Cn2ncc3ccccc32)cc1,True,False,unresolved_interval_overlap,0,0,0,,10,KCNH2;ADRB1;SLC6A3;CHRM1;CHRM3;DRD2;SLC6A2;SLC6A4;NR3C1;HRH1
assay_envelope,779,WDSCBUNMANHPFH-UHFFFAOYSA-N,0,acyclic:CC(=O)NCCCCCC(=O)O,True,False,unresolved_with_missing_labels,6,0,0,,10,KCNH2;ADRB1;SLC6A3;CHRM1;CHRM3;DRD2;SLC6A2;SLC6A4;NR3C1;HRH1
assay_envelope,780,WDVSHHCDHLJJJR-UHFFFAOYSA-N,2,murcko:c1ccc2nc3ccccc3cc2c1,True,False,unresolved_with_missing_labels,6,0,0,,7,ADRB1;CHRM1;CHRM3;DRD2;SLC6A2;NR3C1;HRH1
assay_envelope,781,WEQAYVWKMWHEJO-UHFFFAOYSA-N,0,murcko:O=C1CCS(=O)(=O)C(c2ccccc2)N1,True,False,unresolved_interval_overlap,0,0,0,,10,KCNH2;ADRB1;SLC6A3;CHRM1;CHRM3;DRD2;SLC6A2;SLC6A4;NR3C1;HRH1
assay_envelope,782,WEUCDJCFJHYFRL-UHFFFAOYSA-N,0,murcko:c1ccc(C(c2ccccc2)N2CCCNCC2)cc1,True,False,unresolved_with_missing_labels,6,0,0,,7,ADRB1;SLC6A3;CHRM1;CHRM3;DRD2;NR3C1;HRH1
assay_envelope,783,WEXRUCMBJFQVBZ-UHFFFAOYSA-N,4,murcko:O=C1CC(=O)NC(=O)N1,True,False,unresolved_interval_overlap,0,0,0,,10,KCNH2;ADRB1;SLC6A3;CHRM1;CHRM3;DRD2;SLC6A2;SLC6A4;NR3C1;HRH1
assay_envelope,784,WFPIAZLQTJBIFN-DVZOWYKESA-N,4,murcko:C(CCN1CCNCC1)=C1c2ccccc2Sc2ccccc21,True,True,eligible_certified_maximum,0,0,1,HRH1,1,HRH1
assay_envelope,785,WFWLQNSHRPWKFK-UHFFFAOYSA-N,2,murcko:O=c1ccn(C2CCCO2)c(=O)[nH]1,True,False,unresolved_with_missing_labels,6,0,0,,10,KCNH2;ADRB1;SLC6A3;CHRM1;CHRM3;DRD2;SLC6A2;SLC6A4;NR3C1;HRH1
assay_envelope,786,WHBIGIKBNXZKFE-UHFFFAOYSA-N,1,murcko:O=C(c1cc2ccccc2[nH]1)N1CCN(c2ccccn2)CC1,True,False,unresolved_with_missing_labels,6,0,0,,7,KCNH2;ADRB1;CHRM1;CHRM3;DRD2;NR3C1;HRH1
assay_envelope,787,WHQCHUCQKNIQEC-UHFFFAOYSA-N,0,murcko:O=C(c1ccccc1)c1coc2ccccc12,True,True,eligible_certified_maximum,0,0,1,NR3C1,1,NR3C1
assay_envelope,788,WHWZLSFABNNENI-UHFFFAOYSA-N,3,murcko:C1=NCC2c3ccccc3Cc3ccccc3N12,True,False,unresolved_with_missing_labels,6,0,0,,7,ADRB1;CHRM1;CHRM3;DRD2;SLC6A2;NR3C1;HRH1
assay_envelope,789,WIKYUJGCLQQFNW-UHFFFAOYSA-N,3,murcko:c1ccc2c(c1)Sc1ccccc1N2CCCN1CCNCC1,True,True,eligible_certified_maximum,0,0,1,DRD2,1,DRD2
assay_envelope,790,WINHZLLDWRZWRT-ATVHPVEESA-N,2,murcko:O=C1Nc2ccccc2/C1=C/c1ccc[nH]1,True,True,eligible_certified_maximum,0,0,1,SLC6A4,1,SLC6A4
assay_envelope,791,WKEMJKQOLOHJLZ-UHFFFAOYSA-N,1,murcko:O=S(=O)(Cc1ccc2[nH]ccc2c1)N1CCCC1,True,True,eligible_certified_maximum,0,0,1,KCNH2,1,KCNH2
assay_envelope,792,WKSAUQYGYAYLPV-UHFFFAOYSA-N,1,murcko:c1ccc(-c2cncnc2)cc1,True,True,eligible_certified_maximum,0,0,1,KCNH2,1,KCNH2
assay_envelope,793,WLHQHAUOOXYABV-UHFFFAOYSA-N,3,murcko:O=C(Nc1ccccn1)C1=Cc2sccc2S(=O)(=O)N1,True,False,unresolved_interval_overlap,0,0,0,,10,KCNH2;ADRB1;SLC6A3;CHRM1;CHRM3;DRD2;SLC6A2;SLC6A4;NR3C1;HRH1
assay_envelope,794,WNTYBHLDCKXEOT-UHFFFAOYSA-N,3,murcko:c1ccc2c(c1)Sc1ccccc1N2CCCN1CCNCC1,True,False,unresolved_with_missing_labels,1,0,0,,2,DRD2;NR3C1
assay_envelope,795,WOFMFGQZHJDGCX-ZULDAHANSA-N,1,murcko:O=C1C=CC2C(=C1)CC[C@@H]1C2CCC2C(OC(=O)c3ccco3)CC[C@H]21,True,False,unresolved_with_missing_labels,5,0,0,,6,ADRB1;CHRM1;CHRM3;DRD2;NR3C1;HRH1
assay_envelope,796,WOSKHXYHFSIKNG-UHFFFAOYSA-N,0,murcko:O=C(Nc1ccc(Oc2ccnc3ccccc23)cc1)NC1CC1,True,False,unresolved_with_missing_labels,7,0,0,,8,KCNH2;ADRB1;SLC6A3;CHRM1;CHRM3;DRD2;NR3C1;HRH1
assay_envelope,797,WOUOLAUOZXOLJQ-MBSDFSHPSA-N,2,murcko:O=C(CNCCCc1ccccc1)NC1Cc2ccccc2C1,True,False,unresolved_with_missing_labels,6,0,0,,10,KCNH2;ADRB1;SLC6A3;CHRM1;CHRM3;DRD2;SLC6A2;SLC6A4;NR3C1;HRH1
assay_envelope,798,WOXKDUGGOYFFRN-IIBYNOLFSA-N,0,murcko:O=C1NCC(=O)N2[C@H](c3ccc4c(c3)OCO4)c3[nH]c4ccccc4c3C[C@H]12,True,False,unresolved_interval_overlap,0,0,0,,10,KCNH2;ADRB1;SLC6A3;CHRM1;CHRM3;DRD2;SLC6A2;SLC6A4;NR3C1;HRH1
assay_envelope,799,WOZSCQDILHKSGG-UHFFFAOYSA-N,0,murcko:c1ncc2nc[nH]c2n1,True,False,unresolved_interval_overlap,0,0,0,,10,KCNH2;ADRB1;SLC6A3;CHRM1;CHRM3;DRD2;SLC6A2;SLC6A4;NR3C1;HRH1
assay_envelope,800,WPGGHFDDFPHPOB-BBWFWOEESA-N,0,murcko:O=C(CCCc1ccccc1)N1C[C@H]2CCCC[C@H]2C1,True,False,unresolved_interval_overlap,0,0,0,,10,KCNH2;ADRB1;SLC6A3;CHRM1;CHRM3;DRD2;SLC6A2;SLC6A4;NR3C1;HRH1
assay_envelope,801,WPNJAUFVNXKLIM-UHFFFAOYSA-N,2,murcko:c1ncc(NC2=NCCN2)cn1,True,False,unresolved_with_missing_labels,1,0,0,,10,KCNH2;ADRB1;SLC6A3;CHRM1;CHRM3;DRD2;SLC6A2;SLC6A4;NR3C1;HRH1
assay_envelope,802,WPUKUEMZZRVAKZ-UHFFFAOYSA-N,4,murcko:O=C(OC1CCC[NH2+]C1)C(c1ccccc1)c1ccccc1,True,True,eligible_certified_maximum,0,0,1,CHRM3,1,CHRM3
assay_envelope,803,WPVFJKSGQUFQAP-GKAPJAKFSA-N,0,murcko:O=c1[nH]cnc2[nH]cnc12,True,False,unresolved_interval_overlap,0,0,0,,10,KCNH2;ADRB1;SLC6A3;CHRM1;CHRM3;DRD2;SLC6A2;SLC6A4;NR3C1;HRH1
assay_envelope,804,WREGKURFCTUGRC-POYBYMJQSA-N,1,murcko:O=c1ncccn1[C@H]1CCCO1,True,False,unresolved_interval_overlap,0,0,0,,10,KCNH2;ADRB1;SLC6A3;CHRM1;CHRM3;DRD2;SLC6A2;SLC6A4;NR3C1;HRH1
assay_envelope,805,WRJPSSPFHGNBMG-UHFFFAOYSA-N,0,murcko:C1CN2CCC1CC2,True,False,unresolved_with_missing_labels,7,0,0,,10,KCNH2;ADRB1;SLC6A3;CHRM1;CHRM3;DRD2;SLC6A2;SLC6A4;NR3C1;HRH1
assay_envelope,806,WRNXUQJJCIZICJ-UHFFFAOYSA-N,1,murcko:O=C(Nc1ccc(C(=O)N2CCCCc3ccccc32)cc1)c1ccccc1,True,False,unresolved_with_missing_labels,6,0,0,,7,ADRB1;CHRM1;CHRM3;DRD2;SLC6A4;NR3C1;HRH1
assay_envelope,807,WSEQXVZVJXJVFP-UHFFFAOYSA-N,3,murcko:c1ccc(C2OCc3ccccc32)cc1,True,True,eligible_certified_maximum,0,0,1,SLC6A4,1,SLC6A4
assay_envelope,808,WSNODXPBBALQOF-VEJSHDCNSA-N,0,murcko:C(=C/C1CCCC1)\CCOc1ccccc1,True,False,unresolved_with_missing_labels,6,0,0,,10,KCNH2;ADRB1;SLC6A3;CHRM1;CHRM3;DRD2;SLC6A2;SLC6A4;NR3C1;HRH1
assay_envelope,809,WSPOMRSOLSGNFJ-AUWJEWJLSA-N,0,murcko:C=C1c2ccccc2Sc2ccccc21,True,False,unresolved_with_missing_labels,4,0,0,,6,CHRM1;CHRM3;DRD2;SLC6A2;SLC6A4;HRH1
assay_envelope,810,WUWFMDMBOJLQIV-UHFFFAOYSA-N,0,murcko:O=c1ccn(-c2ccccc2)c2nc(N3CCCC3)ccc12,True,False,unresolved_interval_overlap,0,0,0,,10,KCNH2;ADRB1;SLC6A3;CHRM1;CHRM3;DRD2;SLC6A2;SLC6A4;NR3C1;HRH1
assay_envelope,811,WWYNJERNGUHSAO-XUDSTZEESA-N,4,murcko:O=C1C=C2CC[C@@H]3[C@H](CCC4CCC[C@H]43)[C@H]2CC1,True,False,unresolved_with_missing_labels,6,0,0,,7,ADRB1;CHRM1;CHRM3;DRD2;SLC6A4;NR3C1;HRH1
assay_envelope,812,WXCXUHSOUPDCQV-UHFFFAOYSA-N,0,murcko:O=C1CN(c2ccccc2)C(=S)N1c1ccccc1,True,False,unresolved_interval_overlap,0,0,0,,10,KCNH2;ADRB1;SLC6A3;CHRM1;CHRM3;DRD2;SLC6A2;SLC6A4;NR3C1;HRH1
assay_envelope,813,WXXSNCNJFUAIDG-UHFFFAOYSA-N,2,murcko:c1ccc(Cn2nc(-c3ncccn3)c3cccnc32)cc1,True,False,unresolved_with_missing_labels,6,0,0,,7,KCNH2;ADRB1;CHRM1;CHRM3;DRD2;NR3C1;HRH1
assay_envelope,814,WYCLKVQLVUQKNZ-UHFFFAOYSA-N,0,murcko:O=C1CN=C(c2ccccc2)c2ccccc2N1,True,False,unresolved_interval_overlap,0,0,0,,10,KCNH2;ADRB1;SLC6A3;CHRM1;CHRM3;DRD2;SLC6A2;SLC6A4;NR3C1;HRH1
assay_envelope,815,WYDUSKDSKCASEF-UHFFFAOYSA-N,3,murcko:c1ccc(C(CCN2CCCC2)C2CCCCC2)cc1,True,True,eligible_certified_maximum,0,0,1,CHRM3,1,CHRM3
assay_envelope,816,WYUSVOMTXWRGEK-HBWVYFAYSA-N,4,murcko:N=C(C(=O)N[C@@H]1C(=O)N2C=CCS[C@H]12)c1cscn1,True,False,unresolved_interval_overlap,0,0,0,,10,KCNH2;ADRB1;SLC6A3;CHRM1;CHRM3;DRD2;SLC6A2;SLC6A4;NR3C1;HRH1
assay_envelope,817,WYWHKKSPHMUBEB-UHFFFAOYSA-N,4,murcko:S=c1[nH]cnc2nc[nH]c12,True,False,unresolved_with_missing_labels,7,0,0,,10,KCNH2;ADRB1;SLC6A3;CHRM1;CHRM3;DRD2;SLC6A2;SLC6A4;NR3C1;HRH1
assay_envelope,818,WZHJKEUHNJHDLS-QTGUNEKASA-N,3,murcko:O=C(NC[C@H]1CN[C@@H]2Cc3c[nH]c4cccc(c34)[C@H]2C1)OCc1ccccc1,True,False,unresolved_with_missing_labels,6,0,0,,7,ADRB1;SLC6A3;CHRM1;CHRM3;DRD2;NR3C1;HRH1
assay_envelope,819,WZPBZJONDBGPKJ-VEHQQRBSSA-N,0,murcko:N=C(C(=O)N[C@H]1CNC1=O)c1cscn1,True,False,unresolved_with_missing_labels,1,0,0,,10,KCNH2;ADRB1;SLC6A3;CHRM1;CHRM3;DRD2;SLC6A2;SLC6A4;NR3C1;HRH1
assay_envelope,820,XAGMUUZPGZWTRP-ZETCQYMHSA-N,1,murcko:O=c1ccn2c3c(c(C4CC4)ccc13)OCC2,True,False,unresolved_interval_overlap,0,0,0,,10,KCNH2;ADRB1;SLC6A3;CHRM1;CHRM3;DRD2;SLC6A2;SLC6A4;NR3C1;HRH1
assay_envelope,821,XAUDJQYHKZQPEU-KVQBGUIXSA-N,0,murcko:O=c1ncncn1[C@H]1CCCO1,True,True,eligible_certified_maximum,0,0,1,ADRB1,1,ADRB1
assay_envelope,822,XBJBPGROQZJDOJ-UHFFFAOYSA-N,1,murcko:O=c1cc[nH]c2cc(N3CCNCC3)ccc12,True,False,unresolved_interval_overlap,0,0,0,,10,KCNH2;ADRB1;SLC6A3;CHRM1;CHRM3;DRD2;SLC6A2;SLC6A4;NR3C1;HRH1
assay_envelope,823,XCGSFFUVFURLIX-VFGNJEKYSA-N,2,murcko:O=C(NC1OC2[C@@H]3CCCN3C(=O)[C@H](Cc3ccccc3)N2C1=O)[C@@H]1C=C2c3cccc4[nH]cc(c34)C[C@H]2NC1,True,False,unresolved_with_missing_labels,1,0,0,,2,DRD2;NR3C1
assay_envelope,824,XCPGHVQEEXUHNC-UHFFFAOYSA-N,3,murcko:c1ccc(Nc2c3ccccc3nc3ccccc23)cc1,True,True,eligible_certified_maximum,0,0,1,KCNH2,1,KCNH2
assay_envelope,825,XCTYLCDETUVOIP-UHFFFAOYSA-N,3,murcko:c1ccc2c(c1)Sc1ccccc1N2CCCN1CCNCC1,True,False,unresolved_with_missing_labels,2,0,0,,3,CHRM3;DRD2;NR3C1
assay_envelope,826,XCWPUUGSGHNIDZ-UHFFFAOYSA-N,0,murcko:c1ccc(N2CCN(CCc3c[nH]c4ccccc34)CC2)cc1,True,True,eligible_certified_maximum,0,0,1,DRD2,1,DRD2
assay_envelope,827,XDRYMKDFEDOLFX-UHFFFAOYSA-N,2,murcko:c1ccc(OCCCCCOc2ccccc2)cc1,True,False,unresolved_with_missing_labels,6,0,0,,7,ADRB1;CHRM1;CHRM3;DRD2;SLC6A2;NR3C1;HRH1
assay_envelope,828,XEEQGYMUWCZPDN-DOMZBBRYSA-N,1,murcko:c1ccc2c(C[C@H]3CCCCN3)ccnc2c1,True,True,eligible_certified_maximum,0,0,1,SLC6A4,1,SLC6A4
assay_envelope,829,XEFQLINVKFYRCS-UHFFFAOYSA-N,3,murcko:c1ccc(Oc2ccccc2)cc1,True,True,eligible_certified_maximum,0,0,1,SLC6A2,1,SLC6A2
assay_envelope,830,XEYBRNLFEZDVAW-ARSRFYASSA-N,4,murcko:O=C1CCCC1,True,False,unresolved_interval_overlap,0,0,0,,10,KCNH2;ADRB1;SLC6A3;CHRM1;CHRM3;DRD2;SLC6A2;SLC6A4;NR3C1;HRH1
assay_envelope,831,XFDJYSQDBULQSI-UHFFFAOYSA-N,4,murcko:O=C1NCC(CCN2CCOCC2)C1(c1ccccc1)c1ccccc1,True,True,eligible_certified_maximum,0,0,1,KCNH2,1,KCNH2
assay_envelope,832,XGALLCVXEZPNRQ-UHFFFAOYSA-N,4,murcko:c1ccc(Nc2ncnc3ccc(OCCCN4CCOCC4)cc23)cc1,True,True,eligible_certified_maximum,0,0,1,KCNH2,1,KCNH2
assay_envelope,833,XGGHHHBGPSNXFE-ZSHCYNCHSA-N,3,murcko:C1C[C@@H]2CC[C@H](C1)[NH2+]2,True,False,unresolved_with_missing_labels,1,0,0,,2,CHRM3;SLC6A2
assay_envelope,834,XIURVHNZVLADCM-IUODEOHRSA-N,3,murcko:O=C(Cc1cccs1)N[C@@H]1C(=O)N2C=CCS[C@H]12,True,False,unresolved_interval_overlap,0,0,0,,10,KCNH2;ADRB1;SLC6A3;CHRM1;CHRM3;DRD2;SLC6A2;SLC6A4;NR3C1;HRH1
assay_envelope,835,XIUUSFJTJXFNGH-UHFFFAOYSA-N,2,murcko:O=C1NC2NC(=O)NC2N1,True,False,unresolved_with_missing_labels,2,0,0,,10,KCNH2;ADRB1;SLC6A3;CHRM1;CHRM3;DRD2;SLC6A2;SLC6A4;NR3C1;HRH1
assay_envelope,836,XJGFWWJLMVZSIG-UHFFFAOYSA-N,2,murcko:c1ccc2nc3ccccc3cc2c1,True,False,unresolved_with_missing_labels,6,0,0,,7,ADRB1;CHRM1;CHRM3;DRD2;SLC6A2;NR3C1;HRH1
assay_envelope,837,XJGVXQDUIWGIRW-UHFFFAOYSA-N,3,murcko:c1ccc2c(c1)N=C(N1CCNCC1)c1ccccc1O2,True,True,eligible_certified_maximum,0,0,1,HRH1,1,HRH1
assay_envelope,838,XKFIQZCHJUUSBA-UHFFFAOYSA-N,2,murcko:c1ccc(-c2cc(CCN3CCCCC3)no2)cc1,True,False,unresolved_with_missing_labels,7,0,0,,8,KCNH2;ADRB1;CHRM1;CHRM3;DRD2;SLC6A2;NR3C1;HRH1
assay_envelope,839,XKLMZUWKNUAPSZ-UHFFFAOYSA-N,1,murcko:O=C(CN1CCN(CCCOc2ccccc2)CC1)Nc1ccccc1,True,True,eligible_certified_maximum,0,0,1,KCNH2,1,KCNH2
assay_envelope,840,XMXHEBAFVSFQEX-UHFFFAOYSA-N,4,murcko:c1ccc(OCCCN2CCC(c3noc4ccccc34)CC2)cc1,True,False,unresolved_with_missing_labels,1,0,0,,2,NR3C1;HRH1
assay_envelope,841,XPCFTKFZXHTYIP-PMACEKPBSA-N,3,murcko:O=C1Nc2ccccc2CC[C@@H]1NCCCc1ccccc1,True,False,unresolved_interval_overlap,0,0,0,,10,KCNH2;ADRB1;SLC6A3;CHRM1;CHRM3;DRD2;SLC6A2;SLC6A4;NR3C1;HRH1
assay_envelope,842,XQLWNAFCTODIRK-UHFFFAOYSA-N,2,murcko:c1ccc(CCCCNCCc2ccccc2)cc1,True,True,eligible_certified_maximum,0,0,1,KCNH2,1,KCNH2
assay_envelope,843,XQTARQNQIVVBRX-UHFFFAOYSA-N,0,murcko:c1ccc(-c2nnn[nH]2)cc1,True,False,unresolved_interval_overlap,0,0,0,,10,KCNH2;ADRB1;SLC6A3;CHRM1;CHRM3;DRD2;SLC6A2;SLC6A4;NR3C1;HRH1
assay_envelope,844,XRECTZIEBJDKEO-UHFFFAOYSA-N,0,murcko:O=c1nccc[nH]1,True,False,unresolved_interval_overlap,0,0,0,,10,KCNH2;ADRB1;SLC6A3;CHRM1;CHRM3;DRD2;SLC6A2;SLC6A4;NR3C1;HRH1
assay_envelope,845,XSBSKEQEUFOSDD-UHFFFAOYSA-N,0,murcko:C(CC[NH+]1CCCC1)CC[NH+]1CCCC1,True,False,unresolved_with_missing_labels,6,0,0,,10,KCNH2;ADRB1;SLC6A3;CHRM1;CHRM3;DRD2;SLC6A2;SLC6A4;NR3C1;HRH1
assay_envelope,846,XSCGXQMFQXDFCW-UHFFFAOYSA-N,1,murcko:c1ccc2c(c1)Nc1ccccc1S2,True,False,unresolved_with_missing_labels,6,0,0,,7,ADRB1;CHRM1;CHRM3;DRD2;SLC6A4;NR3C1;HRH1
assay_envelope,847,XSDQTOBWRPYKKA-UHFFFAOYSA-N,0,murcko:c1cnccn1,True,False,unresolved_interval_overlap,0,0,0,,10,KCNH2;ADRB1;SLC6A3;CHRM1;CHRM3;DRD2;SLC6A2;SLC6A4;NR3C1;HRH1
assay_envelope,848,XSEUMFJMFFMCIU-UHFFFAOYSA-N,1,acyclic:CCCCNC(=N)NC(=N)N,True,False,unresolved_interval_overlap,0,0,0,,10,KCNH2;ADRB1;SLC6A3;CHRM1;CHRM3;DRD2;SLC6A2;SLC6A4;NR3C1;HRH1
assay_envelope,849,XTNGUQKDFGDXSJ-ZXGKGEBGSA-N,1,murcko:c1ccc(-c2ccc(Cc3cccc([C@H]4CCCCO4)c3)s2)cc1,True,False,unresolved_with_missing_labels,6,0,0,,7,ADRB1;SLC6A3;CHRM1;CHRM3;DRD2;NR3C1;HRH1
assay_envelope,850,XTTZERNUQAFMOF-QMMMGPOBSA-N,3,murcko:c1ccc2c(c1)CCNCC2,True,False,unresolved_with_missing_labels,1,0,0,,2,KCNH2;NR3C1
assay_envelope,851,XUBOMFCQGDBHNK-UHFFFAOYSA-N,4,murcko:O=c1ccn(C2CC2)c2cc(N3CCNCC3)ccc12,True,False,unresolved_interval_overlap,0,0,0,,9,KCNH2;ADRB1;SLC6A3;CHRM1;DRD2;SLC6A2;SLC6A4;NR3C1;HRH1
assay_envelope,852,XUIIKFGFIJCVMT-LBPRGKRZSA-N,3,murcko:c1ccc(Oc2ccccc2)cc1,True,False,unresolved_interval_overlap,0,0,0,,10,KCNH2;ADRB1;SLC6A3;CHRM1;CHRM3;DRD2;SLC6A2;SLC6A4;NR3C1;HRH1
assay_envelope,853,XUKUURHRXDUEBC-KAYWLYCHSA-N,0,murcko:O=C(Nc1ccccc1)c1c[nH]c(-c2ccccc2)c1-c1ccccc1,True,False,unresolved_interval_overlap,0,0,0,,10,KCNH2;ADRB1;SLC6A3;CHRM1;CHRM3;DRD2;SLC6A2;SLC6A4;NR3C1;HRH1
assay_envelope,854,XUZMWHLSFXCVMG-UHFFFAOYSA-N,3,murcko:c1nc(-c2cnn(C3CNC3)c2)c2cc[nH]c2n1,True,False,unresolved_with_missing_labels,7,0,0,,10,KCNH2;ADRB1;SLC6A3;CHRM1;CHRM3;DRD2;SLC6A2;SLC6A4;NR3C1;HRH1
assay_envelope,855,XVUQHFRQHBLHQD-UHFFFAOYSA-N,2,murcko:c1ccc(-c2ccn(-c3ccccc3)n2)cc1,True,True,eligible_certified_maximum,0,0,1,DRD2,1,DRD2
assay_envelope,856,XWXYUMMDTVBTOU-UHFFFAOYSA-N,1,murcko:O=C1CNC(=O)N1c1ccccc1,True,False,unresolved_interval_overlap,0,0,0,,10,KCNH2;ADRB1;SLC6A3;CHRM1;CHRM3;DRD2;SLC6A2;SLC6A4;NR3C1;HRH1
assay_envelope,857,XXPANQJNYNUNES-UHFFFAOYSA-N,2,murcko:c1ccc(C2CNCc3ccccc32)cc1,True,True,eligible_certified_maximum,0,0,1,SLC6A3,1,SLC6A3
assay_envelope,858,XXUPXHKCPIKWLR-JHUOEJJVSA-N,2,murcko:C1CCCC1,True,False,unresolved_with_missing_labels,5,0,0,,7,KCNH2;ADRB1;SLC6A3;CHRM3;DRD2;SLC6A2;NR3C1
assay_envelope,859,XYFPWWZEPKGCCK-GOSISDBHSA-N,3,murcko:c1ccc(Oc2ccc(-c3nn([C@@H]4CCCNC4)c4ncncc34)cc2)cc1,True,False,unresolved_with_missing_labels,7,0,0,,8,KCNH2;ADRB1;SLC6A3;CHRM1;CHRM3;DRD2;NR3C1;HRH1
assay_envelope,860,XYWJNTOURDMTPI-UHFFFAOYSA-N,0,murcko:c1ccc2[nH]cnc2c1,True,False,unresolved_with_missing_labels,6,0,0,,10,KCNH2;ADRB1;SLC6A3;CHRM1;CHRM3;DRD2;SLC6A2;SLC6A4;NR3C1;HRH1
assay_envelope,861,XZXHXSATPCNXJR-ZIADKAODSA-N,0,murcko:O=C(CN1CCNCC1)Nc1ccc(N/C(=C2\C(=O)Nc3ccccc32)c2ccccc2)cc1,True,True,eligible_certified_maximum,0,0,1,KCNH2,1,KCNH2
assay_envelope,862,YAPQBXQYLJRXSA-UHFFFAOYSA-N,1,murcko:O=c1[nH]c(=O)c2[nH]cnc2[nH]1,True,False,unresolved_with_missing_labels,1,0,0,,10,KCNH2;ADRB1;SLC6A3;CHRM1;CHRM3;DRD2;SLC6A2;SLC6A4;NR3C1;HRH1
assay_envelope,863,YASAKCUCGLMORW-UHFFFAOYSA-N,1,murcko:O=C1NC(=O)C(Cc2ccc(OCCNc3ccccn3)cc2)S1,True,True,eligible_certified_maximum,0,0,1,KCNH2,1,KCNH2
assay_envelope,864,YBBLVLTVTVSKRW-UHFFFAOYSA-N,1,murcko:c1ccc(Cn2cncn2)cc1,True,False,unresolved_with_missing_labels,5,0,0,,10,KCNH2;ADRB1;SLC6A3;CHRM1;CHRM3;DRD2;SLC6A2;SLC6A4;NR3C1;HRH1
assay_envelope,865,YEHCICAEULNIGD-MZMPZRCHSA-N,1,murcko:c1cc2c3c(c[nH]c3c1)C[C@H]1NCCC[C@H]21,True,True,eligible_certified_maximum,0,0,1,DRD2,1,DRD2
assay_envelope,866,YEZNLOUZAIOMLT-UHFFFAOYSA-N,2,murcko:c1ccc(Nc2ccccc2)cc1,True,False,unresolved_with_missing_labels,1,0,0,,10,KCNH2;ADRB1;SLC6A3;CHRM1;CHRM3;DRD2;SLC6A2;SLC6A4;NR3C1;HRH1
assay_envelope,867,YHXISWVBGDMDLQ-UHFFFAOYSA-N,3,murcko:O=C(NCCN1CCOCC1)c1ccccc1,True,False,unresolved_interval_overlap,0,0,0,,10,KCNH2;ADRB1;SLC6A3;CHRM1;CHRM3;DRD2;SLC6A2;SLC6A4;NR3C1;HRH1
assay_envelope,868,YIQPUIGJQJDJOS-UHFFFAOYSA-N,1,murcko:c1cc(CN2CCCNCCNCCCNCC2)ccc1CN1CCCNCCNCCCNCC1,True,False,unresolved_with_missing_labels,7,0,0,,10,KCNH2;ADRB1;SLC6A3;CHRM1;CHRM3;DRD2;SLC6A2;SLC6A4;NR3C1;HRH1
assay_envelope,869,YLCXGBZIZBEVPZ-UHFFFAOYSA-N,4,murcko:c1ccc(C2=NCCNc3ccccc32)cc1,True,False,unresolved_with_missing_labels,1,0,0,,2,KCNH2;SLC6A3
assay_envelope,870,YLJREFDVOIBQDA-UHFFFAOYSA-N,3,murcko:c1ccc2nc3c(cc2c1)CCCC3,True,False,unresolved_with_missing_labels,6,0,0,,7,ADRB1;CHRM1;CHRM3;DRD2;SLC6A2;NR3C1;HRH1
assay_envelope,871,YMARZQAQMVYCKC-OEMFJLHTSA-N,0,murcko:O=C(N[C@H](CCNS(=O)(=O)c1ccccc1)Cc1ccccc1)O[C@H]1CCOC1,True,False,unresolved_interval_overlap,0,0,0,,10,KCNH2;ADRB1;SLC6A3;CHRM1;CHRM3;DRD2;SLC6A2;SLC6A4;NR3C1;HRH1
assay_envelope,872,YMTINGFKWWXKFG-UHFFFAOYSA-N,4,murcko:O=C(c1ccccc1)c1ccccc1,True,False,unresolved_interval_overlap,0,0,0,,10,KCNH2;ADRB1;SLC6A3;CHRM1;CHRM3;DRD2;SLC6A2;SLC6A4;NR3C1;HRH1
assay_envelope,873,YMVWGSQGCWCDGW-UHFFFAOYSA-N,2,murcko:c1ccc2nc3ccccc3cc2c1,True,True,eligible_certified_maximum,0,0,1,KCNH2,1,KCNH2
assay_envelope,874,YNNUSGIPVFPVBX-NHCUHLMSSA-N,1,murcko:c1ccc(C(OCC[C@H]2CCCN2)c2ccccc2)cc1,True,True,eligible_certified_maximum,0,0,1,HRH1,1,HRH1
assay_envelope,875,YNZXWQJZEDLQEG-UHFFFAOYSA-N,1,murcko:c1ccc2nc(N3CCNCC3)ncc2c1,True,True,eligible_certified_maximum,0,0,1,KCNH2,1,KCNH2
assay_envelope,876,YOSHYTLCDANDAN-UHFFFAOYSA-N,1,murcko:O=C1N(Cc2ccc(-c3ccccc3-c3nnn[nH]3)cc2)C=NC12CCCC2,True,False,unresolved_interval_overlap,0,0,0,,10,KCNH2;ADRB1;SLC6A3;CHRM1;CHRM3;DRD2;SLC6A2;SLC6A4;NR3C1;HRH1
assay_envelope,877,YOZBGTLTNGAVFU-UHFFFAOYSA-N,0,murcko:c1ccc(Oc2ccc3ccncc3c2)cc1,True,False,unresolved_with_missing_labels,7,0,0,,8,KCNH2;ADRB1;SLC6A3;CHRM1;CHRM3;DRD2;NR3C1;HRH1
assay_envelope,878,YPBATNHYBCGSSN-VWPFQQQWSA-N,3,murcko:O=C(N[C@@H]1C(=O)N2CCS[C@H]12)[C@H](NC(=O)N1CCNC1=O)c1ccccc1,True,False,unresolved_with_missing_labels,7,0,0,,10,KCNH2;ADRB1;SLC6A3;CHRM1;CHRM3;DRD2;SLC6A2;SLC6A4;NR3C1;HRH1
assay_envelope,879,YPELFRMCRYSPKZ-UHFFFAOYSA-N,0,murcko:O=C(NCC1CN(Cc2ccccc2)CCO1)c1ccccc1,True,False,unresolved_with_missing_labels,6,0,0,,10,KCNH2;ADRB1;SLC6A3;CHRM1;CHRM3;DRD2;SLC6A2;SLC6A4;NR3C1;HRH1
assay_envelope,880,YPIQVCUJEKAZCP-UHFFFAOYSA-N,4,murcko:C=C1SC=CS1,True,False,unresolved_interval_overlap,0,0,0,,10,KCNH2;ADRB1;SLC6A3;CHRM1;CHRM3;DRD2;SLC6A2;SLC6A4;NR3C1;HRH1
assay_envelope,881,YQNQNVDNTFHQSW-UHFFFAOYSA-N,4,murcko:O=C(Nc1nccs1)c1ccccc1,True,False,unresolved_interval_overlap,0,0,0,,4,ADRB1;SLC6A3;SLC6A2;SLC6A4
assay_envelope,882,YREYEVIYCVEVJK-UHFFFAOYSA-N,3,murcko:O=S(Cc1ccccn1)c1nc2ccccc2[nH]1,False,False,excluded_native_score_incomplete,0,10,1,KCNH2,1,KCNH2
assay_envelope,883,YSAUAVHXTIETRK-AATRIKPKSA-N,3,murcko:C(=C/c1cccs1)\C1=NCCCN1,True,False,unresolved_with_missing_labels,6,0,0,,10,KCNH2;ADRB1;SLC6A3;CHRM1;CHRM3;DRD2;SLC6A2;SLC6A4;NR3C1;HRH1
assay_envelope,884,YSEXMKHXIOCEJA-FVFQAYNVSA-N,1,murcko:O=C(OC[C@H]1CN[C@@H]2Cc3c[nH]c4cccc(c34)C2C1)c1cccnc1,True,False,unresolved_with_missing_labels,6,0,0,,7,KCNH2;ADRB1;CHRM1;CHRM3;DRD2;NR3C1;HRH1
assay_envelope,885,YSIITVVESCNIPR-UHFFFAOYSA-N,1,murcko:O=C(NC1CCCNC1)c1ccccc1,True,False,unresolved_interval_overlap,0,0,0,,10,KCNH2;ADRB1;SLC6A3;CHRM1;CHRM3;DRD2;SLC6A2;SLC6A4;NR3C1;HRH1
assay_envelope,886,YTGJWQPHMWSCST-UHFFFAOYSA-N,3,acyclic:CC(S)C(=O)NCC(=O)O,True,False,unresolved_with_missing_labels,1,0,0,,10,KCNH2;ADRB1;SLC6A3;CHRM1;CHRM3;DRD2;SLC6A2;SLC6A4;NR3C1;HRH1
assay_envelope,887,YTKUWDBFDASYHO-UHFFFAOYSA-N,0,murcko:c1ccc2[nH]cnc2c1,True,False,unresolved_with_missing_labels,7,0,0,,10,KCNH2;ADRB1;SLC6A3;CHRM1;CHRM3;DRD2;SLC6A2;SLC6A4;NR3C1;HRH1
assay_envelope,888,YTRMTPPVNRALON-UHFFFAOYSA-N,3,murcko:c1ccc(-c2ccc3ccccc3n2)cc1,True,False,unresolved_with_missing_labels,6,0,0,,10,KCNH2;ADRB1;SLC6A3;CHRM1;CHRM3;DRD2;SLC6A2;SLC6A4;NR3C1;HRH1
assay_envelope,889,YUGZHQHSNYIFLG-UHFFFAOYSA-N,2,murcko:O=C(Nc1ccccc1)OCC(CN1CCCCC1)OC(=O)Nc1ccccc1,True,False,unresolved_interval_overlap,0,0,0,,2,KCNH2;SLC6A2
assay_envelope,890,YWGDOWXRIALTES-NRFANRHFSA-N,1,murcko:c1ccc([C@H](OC2CCNCC2)c2ccccn2)cc1,True,False,unresolved_with_missing_labels,6,0,0,,10,KCNH2;ADRB1;SLC6A3;CHRM1;CHRM3;DRD2;SLC6A2;SLC6A4;NR3C1;HRH1
assay_envelope,891,YWPHCCPCQOJSGZ-UHFFFAOYSA-N,4,murcko:c1ccc(OCC2CNCCO2)cc1,True,True,eligible_certified_maximum,0,0,1,SLC6A2,1,SLC6A2
assay_envelope,892,YXSLJKQTIDHPOT-UHFFFAOYSA-N,2,murcko:O=C(CC[NH+]1CCc2ccccc2C1Cc1ccccc1)OCCCCCOC(=O)CC[NH+]1CCc2ccccc2C1Cc1ccccc1,True,True,eligible_certified_maximum,0,0,1,KCNH2,1,KCNH2
assay_envelope,893,YYUAYBYLJSNDCX-UHFFFAOYSA-N,1,murcko:O=C(Nc1ccon1)C1=Cc2ccccc2S(=O)(=O)N1,True,False,unresolved_with_missing_labels,6,0,0,,10,KCNH2;ADRB1;SLC6A3;CHRM1;CHRM3;DRD2;SLC6A2;SLC6A4;NR3C1;HRH1
assay_envelope,894,YZMCKZRAOLZXAZ-UHFFFAOYSA-N,4,murcko:O=S(=O)(Nc1ccncn1)c1ccccc1,True,False,unresolved_with_missing_labels,6,0,0,,10,KCNH2;ADRB1;SLC6A3;CHRM1;CHRM3;DRD2;SLC6A2;SLC6A4;NR3C1;HRH1
assay_envelope,895,ZAKOWWREFLAJOT-CEFNRUSXSA-N,3,murcko:c1ccc2c(c1)CCCO2,True,False,unresolved_with_missing_labels,6,0,0,,10,KCNH2;ADRB1;SLC6A3;CHRM1;CHRM3;DRD2;SLC6A2;SLC6A4;NR3C1;HRH1
assay_envelope,896,ZBGXUVOIWDMMJE-QHNZEKIYSA-N,4,murcko:O=C1OC[C@H]2[C@@H](/C=C/c3ccc(-c4ccccc4)cn3)[C@@H]3CCCC[C@H]3C[C@@H]12,True,False,unresolved_with_missing_labels,6,0,0,,7,KCNH2;ADRB1;CHRM1;CHRM3;DRD2;NR3C1;HRH1
assay_envelope,897,ZBIAKUMOEKILTF-UHFFFAOYSA-N,4,murcko:O=C(CN1CCN(CCCC(c2ccccc2)c2ccccc2)CC1)Nc1ccccc1,True,True,eligible_certified_maximum,0,0,1,KCNH2,1,KCNH2
assay_envelope,898,ZBNZXTGUTAYRHI-UHFFFAOYSA-N,0,murcko:O=C(Nc1ccccc1)c1cnc(Nc2cc(N3CCNCC3)ncn2)s1,True,True,eligible_certified_maximum,0,0,1,SLC6A2,1,SLC6A2
assay_envelope,899,ZBPLOVFIXSTCRZ-UHFFFAOYSA-N,4,murcko:O=C(c1ccccc1)c1ccccc1,True,False,unresolved_with_missing_labels,6,0,0,,10,KCNH2;ADRB1;SLC6A3;CHRM1;CHRM3;DRD2;SLC6A2;SLC6A4;NR3C1;HRH1
assay_envelope,900,ZBVKEHDGYSLCCC-UHFFFAOYSA-N,1,murcko:O=C1C=CC(=O)C(Cc2ccccc2)=C1,True,False,unresolved_interval_overlap,0,0,0,,10,KCNH2;ADRB1;SLC6A3;CHRM1;CHRM3;DRD2;SLC6A2;SLC6A4;NR3C1;HRH1
assay_envelope,901,ZCGNOVWYSGBHAU-UHFFFAOYSA-N,0,murcko:c1cnccn1,True,False,unresolved_with_missing_labels,6,0,0,,10,KCNH2;ADRB1;SLC6A3;CHRM1;CHRM3;DRD2;SLC6A2;SLC6A4;NR3C1;HRH1
assay_envelope,902,ZCJYUTQZBAIHBS-UHFFFAOYSA-N,4,murcko:c1ccc(Sc2ccc(COC(Cn3ccnc3)c3ccccc3)cc2)cc1,True,True,eligible_certified_maximum,0,0,1,KCNH2,1,KCNH2
assay_envelope,903,ZCVMWBYGMWKGHF-UHFFFAOYSA-N,4,murcko:O=C1Cc2ccccc2C(=C2CCNCC2)c2ccsc21,True,False,unresolved_with_missing_labels,1,0,0,,2,CHRM3;HRH1
assay_envelope,904,ZDXUKAKRHYTAKV-UHFFFAOYSA-N,3,murcko:O=C(OCCNCCC(c1ccccc1)c1ccccc1)C1=CNC=CC1c1ccccc1,True,True,eligible_certified_maximum,0,0,1,HRH1,1,HRH1
assay_envelope,905,ZEKZLJVOYLTDKK-UHFFFAOYSA-N,1,murcko:O=c1cc[nH]c2cc(N3CCNCC3)ccc12,True,False,unresolved_interval_overlap,0,0,0,,10,KCNH2;ADRB1;SLC6A3;CHRM1;CHRM3;DRD2;SLC6A2;SLC6A4;NR3C1;HRH1
assay_envelope,906,ZEUITGRIYCTCEM-KRWDZBQOSA-N,3,murcko:c1csc(COc2cccc3ccccc23)c1,True,True,eligible_certified_maximum,0,0,1,SLC6A4,1,SLC6A4
assay_envelope,907,ZEWQUBUPAILYHI-UHFFFAOYSA-N,3,murcko:c1ccc2c(c1)Sc1ccccc1N2CCCN1CCNCC1,True,True,eligible_certified_maximum,0,0,1,DRD2,1,DRD2
assay_envelope,908,ZFMITUMMTDLWHR-UHFFFAOYSA-N,4,murcko:c1cc(N2CCCCC2)nc[nH+]1,True,False,unresolved_interval_overlap,0,0,0,,10,KCNH2;ADRB1;SLC6A3;CHRM1;CHRM3;DRD2;SLC6A2;SLC6A4;NR3C1;HRH1
assay_envelope,909,ZGUGWUXLJSTTMA-UHFFFAOYSA-N,1,murcko:c1ccc2c(c1)Nc1ccccc1S2,True,True,eligible_certified_maximum,0,0,1,HRH1,1,HRH1
assay_envelope,910,ZJAOAACCNHFJAH-UHFFFAOYSA-N,3,acyclic:O=C(O)P(=O)(O)O,True,False,unresolved_with_missing_labels,6,0,0,,10,KCNH2;ADRB1;SLC6A3;CHRM1;CHRM3;DRD2;SLC6A2;SLC6A4;NR3C1;HRH1
assay_envelope,911,ZJKNESGOIKRXQY-UHFFFAOYSA-N,2,murcko:O=C(c1ccccc1)c1c[nH]c(=O)[nH]1,True,False,unresolved_interval_overlap,0,0,0,,10,KCNH2;ADRB1;SLC6A3;CHRM1;CHRM3;DRD2;SLC6A2;SLC6A4;NR3C1;HRH1
assay_envelope,912,ZJVFLBOZORBYFE-UHFFFAOYSA-N,4,murcko:c1ccn2nccc2c1,True,False,unresolved_interval_overlap,0,0,0,,10,KCNH2;ADRB1;SLC6A3;CHRM1;CHRM3;DRD2;SLC6A2;SLC6A4;NR3C1;HRH1
assay_envelope,913,ZKFQEACEUNWPMT-UHFFFAOYSA-N,1,murcko:O=C(OC1CN(C(c2ccccc2)c2ccccc2)C1)C1=CNC=CC1c1ccccc1,True,True,eligible_certified_maximum,0,0,1,SLC6A2,1,SLC6A2
assay_envelope,914,ZLHZLMOSPGACSZ-NSHDSACASA-N,4,murcko:c1ccc(CO[C@@H]2COc3nccn3C2)cc1,True,False,unresolved_with_missing_labels,1,0,0,,10,KCNH2;ADRB1;SLC6A3;CHRM1;CHRM3;DRD2;SLC6A2;SLC6A4;NR3C1;HRH1
assay_envelope,915,ZNEWHQLOPFWXOF-UHFFFAOYSA-N,4,acyclic:O=S(=O)(O)CCS,True,False,unresolved_with_missing_labels,6,0,0,,10,KCNH2;ADRB1;SLC6A3;CHRM1;CHRM3;DRD2;SLC6A2;SLC6A4;NR3C1;HRH1
assay_envelope,916,ZPAKPRAICRBAOD-UHFFFAOYSA-N,0,murcko:c1ccc(-c2ccccc2)cc1,True,False,unresolved_interval_overlap,0,0,0,,10,KCNH2;ADRB1;SLC6A3;CHRM1;CHRM3;DRD2;SLC6A2;SLC6A4;NR3C1;HRH1
assay_envelope,917,ZPEIMTDSQAKGNT-UHFFFAOYSA-N,1,murcko:c1ccc2c(c1)Nc1ccccc1S2,True,True,eligible_certified_maximum,0,0,1,HRH1,1,HRH1
assay_envelope,918,ZPFXAOWNKLFJDN-UHFFFAOYSA-N,1,murcko:c1ccc(CCCNCCCc2ccccc2)cc1,True,False,unresolved_with_missing_labels,6,0,0,,7,ADRB1;SLC6A3;CHRM1;CHRM3;DRD2;NR3C1;HRH1
assay_envelope,919,ZPLQIPFOCGIIHV-UHFFFAOYSA-N,4,murcko:O=c1cccc[nH]1,True,False,unresolved_interval_overlap,0,0,0,,10,KCNH2;ADRB1;SLC6A3;CHRM1;CHRM3;DRD2;SLC6A2;SLC6A4;NR3C1;HRH1
assay_envelope,920,ZQTNQVWKHCQYLQ-UHFFFAOYSA-N,0,murcko:O=C(c1ccccc1)c1coc2ccccc12,True,False,unresolved_with_missing_labels,7,0,0,,8,KCNH2;ADRB1;SLC6A3;CHRM1;CHRM3;DRD2;NR3C1;HRH1
assay_envelope,921,ZRIHAIZYIMGOAB-UHFFFAOYSA-N,4,murcko:O=C1CC(=O)NC(=O)N1,True,False,unresolved_with_missing_labels,1,0,0,,10,KCNH2;ADRB1;SLC6A3;CHRM1;CHRM3;DRD2;SLC6A2;SLC6A4;NR3C1;HRH1
assay_envelope,922,ZRVUJXDFFKFLMG-UHFFFAOYSA-N,2,murcko:O=C(Nc1nccs1)C1=Cc2ccccc2S(=O)(=O)N1,True,False,unresolved_interval_overlap,0,0,0,,10,KCNH2;ADRB1;SLC6A3;CHRM1;CHRM3;DRD2;SLC6A2;SLC6A4;NR3C1;HRH1
assay_envelope,923,ZRYHPQCHHOKSMD-UHFFFAOYSA-N,2,murcko:c1ccc(C(CN2CC[NH2+]CC2)C2CCCCC2)cc1,True,False,unresolved_with_missing_labels,6,0,0,,7,KCNH2;ADRB1;CHRM1;CHRM3;DRD2;NR3C1;HRH1
assay_envelope,924,ZSKVGTPCRGIANV-ZXFLCMHBSA-N,2,murcko:O=C1C[C@H]2CC=CN12,True,False,unresolved_with_missing_labels,1,0,0,,3,KCNH2;CHRM1;NR3C1
assay_envelope,925,ZWAOHEXOSAUJHY-ZIYNGMLESA-N,1,murcko:O=c1ccn([C@H]2CCCO2)c(=O)[nH]1,True,False,unresolved_with_missing_labels,6,0,0,,10,KCNH2;ADRB1;SLC6A3;CHRM1;CHRM3;DRD2;SLC6A2;SLC6A4;NR3C1;HRH1
assay_envelope,926,ZXIBCJHYVWYIKI-PZJWPPBQSA-N,3,murcko:O=C(NCc1ccccc1)[C@@H]1CCN1C(=O)CC1CCCCC1,True,False,unresolved_with_missing_labels,7,0,0,,10,KCNH2;ADRB1;SLC6A3;CHRM1;CHRM3;DRD2;SLC6A2;SLC6A4;NR3C1;HRH1
assay_envelope,927,ZZHLYYDVIOPZBE-UHFFFAOYSA-N,1,murcko:c1ccc2c(c1)Nc1ccccc1S2,True,False,unresolved_with_missing_labels,6,0,0,,7,ADRB1;CHRM1;CHRM3;DRD2;SLC6A2;NR3C1;HRH1
assay_envelope,928,ZZORFUFYDOWNEF-UHFFFAOYSA-N,4,murcko:O=S(=O)(Nc1ccncn1)c1ccccc1,True,False,unresolved_with_missing_labels,6,0,0,,10,KCNH2;ADRB1;SLC6A3;CHRM1;CHRM3;DRD2;SLC6A2;SLC6A4;NR3C1;HRH1
assay_envelope,929,ZZUFCTLCJUWOSV-UHFFFAOYSA-N,2,murcko:c1ccc(NCc2ccco2)cc1,True,False,unresolved_interval_overlap,0,0,0,,10,KCNH2;ADRB1;SLC6A3;CHRM1;CHRM3;DRD2;SLC6A2;SLC6A4;NR3C1;HRH1
