dataset,policy,fraction,method,stratum,queries,evaluable_queries,unavailable_queries,eligible_pairs,pairs,credit,macro_concordance,pooled_concordance,labels,exact_labels,error_queries,exact_error_queries,macro_interval_mae,pooled_interval_mae,macro_exact_mae,pooled_exact_mae
SPD,assay_envelope,0.125,target_prior,all_determinate,930,377,0,6362,6362,4004.0,0.6150986626719517,0.6293618359006602,7016,1138,908,378,0.27789824844439814,0.273670912746583,0.8187862444866508,0.9060600655190734
SPD,assay_envelope,0.125,target_prior,both_exact,930,252,0,1976,1976,1217.0,0.6023128106461441,0.6158906882591093,,,,,,,,
SPD,assay_envelope,0.125,target_prior,one_bounded,930,341,0,4165,4165,2678.0,0.6303947914715469,0.6429771908763505,,,,,,,,
SPD,assay_envelope,0.125,target_prior,both_bounded,930,30,0,221,221,109.0,0.5562275687275686,0.49321266968325794,,,,,,,,
SPD,assay_envelope,0.125,chemistry,all_determinate,930,377,0,6362,6362,4173.0,0.6447340435524054,0.6559258094938698,7016,1138,908,378,0.2386649148708146,0.23767149889404182,0.7625947434115644,0.8266442665976516
SPD,assay_envelope,0.125,chemistry,both_exact,930,252,0,1976,1976,1245.0,0.6160333493666826,0.6300607287449392,,,,,,,,
SPD,assay_envelope,0.125,chemistry,one_bounded,930,341,0,4165,4165,2809.0,0.6652420468684068,0.6744297719087635,,,,,,,,
SPD,assay_envelope,0.125,chemistry,both_bounded,930,30,0,221,221,119.0,0.6063057313057313,0.5384615384615384,,,,,,,,
SPD,assay_envelope,0.125,calibrated__boltz_affinity,all_determinate,930,377,0,6362,6362,4314.0,0.65261686870073,0.6780886513674945,7016,1138,908,378,0.2228973499279026,0.21751108198534755,0.7797270168321142,0.801920485900883
SPD,assay_envelope,0.125,calibrated__boltz_affinity,both_exact,930,252,0,1976,1976,1265.0,0.6025106507249365,0.6401821862348178,,,,,,,,
SPD,assay_envelope,0.125,calibrated__boltz_affinity,one_bounded,930,341,0,4165,4165,2889.0,0.6639110583565687,0.6936374549819928,,,,,,,,
SPD,assay_envelope,0.125,calibrated__boltz_affinity,both_bounded,930,30,0,221,221,160.0,0.7677733377733379,0.7239819004524887,,,,,,,,
SPD,assay_envelope,0.125,availability__boltz_affinity,all_determinate,930,377,0,6362,6362,4173.0,0.6447340435524054,0.6559258094938698,7016,1138,908,378,0.2386649148708146,0.23767149889404182,0.7625947434115644,0.8266442665976516
SPD,assay_envelope,0.125,availability__boltz_affinity,both_exact,930,252,0,1976,1976,1245.0,0.6160333493666826,0.6300607287449392,,,,,,,,
SPD,assay_envelope,0.125,availability__boltz_affinity,one_bounded,930,341,0,4165,4165,2809.0,0.6652420468684068,0.6744297719087635,,,,,,,,
SPD,assay_envelope,0.125,availability__boltz_affinity,both_bounded,930,30,0,221,221,119.0,0.6063057313057313,0.5384615384615384,,,,,,,,
SPD,assay_envelope,0.125,plus__boltz_affinity,all_determinate,930,377,0,6362,6362,4416.0,0.6694343618853199,0.69412134548884,7016,1138,908,378,0.21305028461096104,0.2096088487874956,0.7431990065102654,0.7619268403537769
SPD,assay_envelope,0.125,plus__boltz_affinity,both_exact,930,252,0,1976,1976,1311.0,0.621564568588378,0.6634615384615384,,,,,,,,
SPD,assay_envelope,0.125,plus__boltz_affinity,one_bounded,930,341,0,4165,4165,2947.0,0.6803192397850637,0.7075630252100841,,,,,,,,
SPD,assay_envelope,0.125,plus__boltz_affinity,both_bounded,930,30,0,221,221,158.0,0.7481866281866283,0.7149321266968326,,,,,,,,
SPD,assay_envelope,0.125,calibrated__boltz_binary,all_determinate,930,377,0,6362,6362,4122.0,0.6471072389730945,0.6479094624331971,7016,1138,908,378,0.24453107195399842,0.23865355445335615,0.7414804633311615,0.7936392682284557
SPD,assay_envelope,0.125,calibrated__boltz_binary,both_exact,930,252,0,1976,1976,1227.0,0.6068946265374836,0.6209514170040485,,,,,,,,
SPD,assay_envelope,0.125,calibrated__boltz_binary,one_bounded,930,341,0,4165,4165,2763.0,0.6627468437755953,0.6633853541416567,,,,,,,,
SPD,assay_envelope,0.125,calibrated__boltz_binary,both_bounded,930,30,0,221,221,132.0,0.6261936211936213,0.5972850678733032,,,,,,,,
SPD,assay_envelope,0.125,availability__boltz_binary,all_determinate,930,377,0,6362,6362,4173.0,0.6447340435524054,0.6559258094938698,7016,1138,908,378,0.2386649148708146,0.23767149889404182,0.7625947434115644,0.8266442665976516
SPD,assay_envelope,0.125,availability__boltz_binary,both_exact,930,252,0,1976,1976,1245.0,0.6160333493666826,0.6300607287449392,,,,,,,,
SPD,assay_envelope,0.125,availability__boltz_binary,one_bounded,930,341,0,4165,4165,2809.0,0.6652420468684068,0.6744297719087635,,,,,,,,
SPD,assay_envelope,0.125,availability__boltz_binary,both_bounded,930,30,0,221,221,119.0,0.6063057313057313,0.5384615384615384,,,,,,,,
SPD,assay_envelope,0.125,plus__boltz_binary,all_determinate,930,377,0,6362,6362,4290.0,0.663850956493761,0.6743162527507073,7016,1138,908,378,0.2181894417383896,0.2158648485524853,0.7076336331404333,0.7435986702462416
SPD,assay_envelope,0.125,plus__boltz_binary,both_exact,930,252,0,1976,1976,1252.0,0.6062761019110225,0.6336032388663968,,,,,,,,
SPD,assay_envelope,0.125,plus__boltz_binary,one_bounded,930,341,0,4165,4165,2897.0,0.6864760177387309,0.6955582232893157,,,,,,,,
SPD,assay_envelope,0.125,plus__boltz_binary,both_bounded,930,30,0,221,221,141.0,0.6805851555851556,0.6380090497737556,,,,,,,,
SPD,assay_envelope,0.125,calibrated__boltzina_vina_far_affinity,all_determinate,930,377,0,6362,6362,4315.0,0.6493683395052277,0.678245834643194,7016,1138,908,378,0.22363519622683203,0.2192483802400183,0.7784064464231935,0.800817918950495
SPD,assay_envelope,0.125,calibrated__boltzina_vina_far_affinity,both_exact,930,252,0,1976,1976,1292.0,0.6360632019362178,0.6538461538461539,,,,,,,,
SPD,assay_envelope,0.125,calibrated__boltzina_vina_far_affinity,one_bounded,930,341,0,4165,4165,2870.0,0.6588427548249968,0.6890756302521008,,,,,,,,
SPD,assay_envelope,0.125,calibrated__boltzina_vina_far_affinity,both_bounded,930,30,0,221,221,153.0,0.7151626151626151,0.6923076923076923,,,,,,,,
SPD,assay_envelope,0.125,availability__boltzina_vina_far_affinity,all_determinate,930,377,0,6362,6362,4177.0,0.6450744190835077,0.6565545425966677,7016,1138,908,378,0.2388343026357126,0.23793425597044285,0.7623720674877048,0.8262680582441903
SPD,assay_envelope,0.125,availability__boltzina_vina_far_affinity,both_exact,930,252,0,1976,1976,1247.0,0.621324354657688,0.6310728744939271,,,,,,,,
SPD,assay_envelope,0.125,availability__boltzina_vina_far_affinity,one_bounded,930,341,0,4165,4165,2812.0,0.6655154025449884,0.6751500600240096,,,,,,,,
SPD,assay_envelope,0.125,availability__boltzina_vina_far_affinity,both_bounded,930,30,0,221,221,118.0,0.6015438265438265,0.5339366515837104,,,,,,,,
SPD,assay_envelope,0.125,plus__boltzina_vina_far_affinity,all_determinate,930,377,0,6362,6362,4393.0,0.6686028175223167,0.6905061301477523,7016,1138,908,378,0.21005194085601372,0.20859461093783088,0.7400256241170241,0.7659504192450706
SPD,assay_envelope,0.125,plus__boltzina_vina_far_affinity,both_exact,930,252,0,1976,1976,1319.0,0.6466042702153814,0.6675101214574899,,,,,,,,
SPD,assay_envelope,0.125,plus__boltzina_vina_far_affinity,one_bounded,930,341,0,4165,4165,2921.0,0.676897499770055,0.7013205282112845,,,,,,,,
SPD,assay_envelope,0.125,plus__boltzina_vina_far_affinity,both_bounded,930,30,0,221,221,153.0,0.7140106190106191,0.6923076923076923,,,,,,,,
SPD,assay_envelope,0.125,calibrated__boltzina_vina_far_binary,all_determinate,930,377,0,6362,6362,4195.0,0.6471899417948257,0.6593838415592581,7016,1138,908,378,0.24263719963796526,0.23729590615626836,0.7516235709461554,0.8038272964749678
SPD,assay_envelope,0.125,calibrated__boltzina_vina_far_binary,both_exact,930,252,0,1976,1976,1259.0,0.6133314436885865,0.6371457489878543,,,,,,,,
SPD,assay_envelope,0.125,calibrated__boltzina_vina_far_binary,one_bounded,930,341,0,4165,4165,2804.0,0.6628399447054513,0.6732292917166867,,,,,,,,
SPD,assay_envelope,0.125,calibrated__boltzina_vina_far_binary,both_bounded,930,30,0,221,221,132.0,0.6328747178747178,0.5972850678733032,,,,,,,,
SPD,assay_envelope,0.125,availability__boltzina_vina_far_binary,all_determinate,930,377,0,6362,6362,4177.0,0.6450744190835077,0.6565545425966677,7016,1138,908,378,0.2388343026357126,0.23793425597044285,0.7623720674877048,0.8262680582441903
SPD,assay_envelope,0.125,availability__boltzina_vina_far_binary,both_exact,930,252,0,1976,1976,1247.0,0.621324354657688,0.6310728744939271,,,,,,,,
SPD,assay_envelope,0.125,availability__boltzina_vina_far_binary,one_bounded,930,341,0,4165,4165,2812.0,0.6655154025449884,0.6751500600240096,,,,,,,,
SPD,assay_envelope,0.125,availability__boltzina_vina_far_binary,both_bounded,930,30,0,221,221,118.0,0.6015438265438265,0.5339366515837104,,,,,,,,
SPD,assay_envelope,0.125,plus__boltzina_vina_far_binary,all_determinate,930,377,0,6362,6362,4294.0,0.6631404065106002,0.6749449858535052,7016,1138,908,378,0.21934129232521454,0.21695166062563126,0.7161049260204312,0.7536703352686024
SPD,assay_envelope,0.125,plus__boltzina_vina_far_binary,both_exact,930,252,0,1976,1976,1266.0,0.6212892339876467,0.6406882591093117,,,,,,,,
SPD,assay_envelope,0.125,plus__boltzina_vina_far_binary,one_bounded,930,341,0,4165,4165,2883.0,0.6812047562994444,0.6921968787515006,,,,,,,,
SPD,assay_envelope,0.125,plus__boltzina_vina_far_binary,both_bounded,930,30,0,221,221,145.0,0.6798018648018648,0.6561085972850679,,,,,,,,
SPD,assay_envelope,0.125,calibrated__boltzina_vina_zero_affinity,all_determinate,930,377,0,6362,6362,4315.0,0.6493683395052277,0.678245834643194,7016,1138,908,378,0.22363465796140056,0.21924782133976775,0.7783996738743543,0.8008118183596868
SPD,assay_envelope,0.125,calibrated__boltzina_vina_zero_affinity,both_exact,930,252,0,1976,1976,1292.0,0.6360632019362178,0.6538461538461539,,,,,,,,
SPD,assay_envelope,0.125,calibrated__boltzina_vina_zero_affinity,one_bounded,930,341,0,4165,4165,2870.0,0.6588427548249968,0.6890756302521008,,,,,,,,
SPD,assay_envelope,0.125,calibrated__boltzina_vina_zero_affinity,both_bounded,930,30,0,221,221,153.0,0.7151626151626151,0.6923076923076923,,,,,,,,
SPD,assay_envelope,0.125,availability__boltzina_vina_zero_affinity,all_determinate,930,377,0,6362,6362,4177.0,0.6450744190835077,0.6565545425966677,7016,1138,908,378,0.2388343026357126,0.23793425597044285,0.7623720674877048,0.8262680582441903
SPD,assay_envelope,0.125,availability__boltzina_vina_zero_affinity,both_exact,930,252,0,1976,1976,1247.0,0.621324354657688,0.6310728744939271,,,,,,,,
SPD,assay_envelope,0.125,availability__boltzina_vina_zero_affinity,one_bounded,930,341,0,4165,4165,2812.0,0.6655154025449884,0.6751500600240096,,,,,,,,
SPD,assay_envelope,0.125,availability__boltzina_vina_zero_affinity,both_bounded,930,30,0,221,221,118.0,0.6015438265438265,0.5339366515837104,,,,,,,,
SPD,assay_envelope,0.125,plus__boltzina_vina_zero_affinity,all_determinate,930,377,0,6362,6362,4393.0,0.6686028175223167,0.6905061301477523,7016,1138,908,378,0.21005001742350934,0.20859218418257755,0.7400193107562116,0.7659440071126777
SPD,assay_envelope,0.125,plus__boltzina_vina_zero_affinity,both_exact,930,252,0,1976,1976,1319.0,0.6466042702153814,0.6675101214574899,,,,,,,,
SPD,assay_envelope,0.125,plus__boltzina_vina_zero_affinity,one_bounded,930,341,0,4165,4165,2921.0,0.676897499770055,0.7013205282112845,,,,,,,,
SPD,assay_envelope,0.125,plus__boltzina_vina_zero_affinity,both_bounded,930,30,0,221,221,153.0,0.7140106190106191,0.6923076923076923,,,,,,,,
SPD,assay_envelope,0.125,calibrated__boltzina_vina_zero_binary,all_determinate,930,377,0,6362,6362,4195.0,0.6471899417948257,0.6593838415592581,7016,1138,908,378,0.24263676342931298,0.23729570416844434,0.7516207437722762,0.8038261692324361
SPD,assay_envelope,0.125,calibrated__boltzina_vina_zero_binary,both_exact,930,252,0,1976,1976,1259.0,0.6133314436885865,0.6371457489878543,,,,,,,,
SPD,assay_envelope,0.125,calibrated__boltzina_vina_zero_binary,one_bounded,930,341,0,4165,4165,2804.0,0.6628399447054513,0.6732292917166867,,,,,,,,
SPD,assay_envelope,0.125,calibrated__boltzina_vina_zero_binary,both_bounded,930,30,0,221,221,132.0,0.6328747178747178,0.5972850678733032,,,,,,,,
SPD,assay_envelope,0.125,availability__boltzina_vina_zero_binary,all_determinate,930,377,0,6362,6362,4177.0,0.6450744190835077,0.6565545425966677,7016,1138,908,378,0.2388343026357126,0.23793425597044285,0.7623720674877048,0.8262680582441903
SPD,assay_envelope,0.125,availability__boltzina_vina_zero_binary,both_exact,930,252,0,1976,1976,1247.0,0.621324354657688,0.6310728744939271,,,,,,,,
SPD,assay_envelope,0.125,availability__boltzina_vina_zero_binary,one_bounded,930,341,0,4165,4165,2812.0,0.6655154025449884,0.6751500600240096,,,,,,,,
SPD,assay_envelope,0.125,availability__boltzina_vina_zero_binary,both_bounded,930,30,0,221,221,118.0,0.6015438265438265,0.5339366515837104,,,,,,,,
SPD,assay_envelope,0.125,plus__boltzina_vina_zero_binary,all_determinate,930,377,0,6362,6362,4294.0,0.6631404065106002,0.6749449858535052,7016,1138,908,378,0.21934078583168182,0.21695140180804456,0.7160993248799059,0.7536676705750982
SPD,assay_envelope,0.125,plus__boltzina_vina_zero_binary,both_exact,930,252,0,1976,1976,1266.0,0.6212892339876467,0.6406882591093117,,,,,,,,
SPD,assay_envelope,0.125,plus__boltzina_vina_zero_binary,one_bounded,930,341,0,4165,4165,2883.0,0.6812047562994444,0.6921968787515006,,,,,,,,
SPD,assay_envelope,0.125,plus__boltzina_vina_zero_binary,both_bounded,930,30,0,221,221,145.0,0.6798018648018648,0.6561085972850679,,,,,,,,
SPD,assay_envelope,0.125,calibrated__gnina,all_determinate,930,377,0,6362,6362,4083.0,0.6337302530070422,0.641779314680918,7016,1138,908,378,0.25433410159093417,0.24955318163496112,0.7963675636563908,0.8740717856924407
SPD,assay_envelope,0.125,calibrated__gnina,both_exact,930,252,0,1976,1976,1222.0,0.6101445291921482,0.618421052631579,,,,,,,,
SPD,assay_envelope,0.125,calibrated__gnina,one_bounded,930,341,0,4165,4165,2728.0,0.645716236540725,0.6549819927971189,,,,,,,,
SPD,assay_envelope,0.125,calibrated__gnina,both_bounded,930,30,0,221,221,133.0,0.6737019462019461,0.6018099547511312,,,,,,,,
SPD,assay_envelope,0.125,availability__gnina,all_determinate,930,377,0,6362,6362,4172.0,0.6448475658027665,0.6557686262181703,7016,1138,908,378,0.2385007976096805,0.23752622609899476,0.7626967396445978,0.8268033432578483
SPD,assay_envelope,0.125,availability__gnina,both_exact,930,252,0,1976,1976,1245.0,0.6197370530703864,0.6300607287449392,,,,,,,,
SPD,assay_envelope,0.125,availability__gnina,one_bounded,930,341,0,4165,4165,2808.0,0.6651634963866306,0.6741896758703482,,,,,,,,
SPD,assay_envelope,0.125,availability__gnina,both_bounded,930,30,0,221,221,119.0,0.6063057313057313,0.5384615384615384,,,,,,,,
SPD,assay_envelope,0.125,plus__gnina,all_determinate,930,377,0,6362,6362,4205.0,0.6455656739729491,0.6609556743162528,7016,1138,908,378,0.23037527416397163,0.22910293785208968,0.7683672070347508,0.828588390773617
SPD,assay_envelope,0.125,plus__gnina,both_exact,930,252,0,1976,1976,1261.0,0.6247983424570726,0.6381578947368421,,,,,,,,
SPD,assay_envelope,0.125,plus__gnina,one_bounded,930,341,0,4165,4165,2822.0,0.6611671285727423,0.6775510204081633,,,,,,,,
SPD,assay_envelope,0.125,plus__gnina,both_bounded,930,30,0,221,221,122.0,0.6290614940614941,0.5520361990950227,,,,,,,,
SPD,assay_envelope,0.125,calibrated__nesso_affinity,all_determinate,930,377,0,6362,6362,4372.0,0.6662326201062735,0.6872052813580635,7016,1138,908,378,0.2304689639976742,0.22691025123819966,0.7682942160491398,0.8117782037570632
SPD,assay_envelope,0.125,calibrated__nesso_affinity,both_exact,930,252,0,1976,1976,1278.0,0.6164013529092894,0.6467611336032388,,,,,,,,
SPD,assay_envelope,0.125,calibrated__nesso_affinity,one_bounded,930,341,0,4165,4165,2956.0,0.6901306204293368,0.7097238895558223,,,,,,,,
SPD,assay_envelope,0.125,calibrated__nesso_affinity,both_bounded,930,30,0,221,221,138.0,0.6791489991489993,0.6244343891402715,,,,,,,,
SPD,assay_envelope,0.125,availability__nesso_affinity,all_determinate,930,377,0,6362,6362,4172.0,0.6448475658027665,0.6557686262181703,7016,1138,908,378,0.2385007976096805,0.23752622609899476,0.7626967396445978,0.8268033432578483
SPD,assay_envelope,0.125,availability__nesso_affinity,both_exact,930,252,0,1976,1976,1245.0,0.6197370530703864,0.6300607287449392,,,,,,,,
SPD,assay_envelope,0.125,availability__nesso_affinity,one_bounded,930,341,0,4165,4165,2808.0,0.6651634963866306,0.6741896758703482,,,,,,,,
SPD,assay_envelope,0.125,availability__nesso_affinity,both_bounded,930,30,0,221,221,119.0,0.6063057313057313,0.5384615384615384,,,,,,,,
SPD,assay_envelope,0.125,plus__nesso_affinity,all_determinate,930,377,0,6362,6362,4436.0,0.6771931633761561,0.6972650110028293,7016,1138,908,378,0.21670691547286358,0.21501897771212233,0.7283072129130169,0.7688257921187898
SPD,assay_envelope,0.125,plus__nesso_affinity,both_exact,930,252,0,1976,1976,1311.0,0.6172863365323683,0.6634615384615384,,,,,,,,
SPD,assay_envelope,0.125,plus__nesso_affinity,one_bounded,930,341,0,4165,4165,2994.0,0.7016048919698612,0.7188475390156063,,,,,,,,
SPD,assay_envelope,0.125,plus__nesso_affinity,both_bounded,930,30,0,221,221,131.0,0.6633309283309284,0.5927601809954751,,,,,,,,
SPD,assay_envelope,0.125,calibrated__nesso_binary,all_determinate,930,377,0,6362,6362,4183.0,0.6471339095455841,0.6574976422508645,7016,1138,908,378,0.24705069377769212,0.24278785684864648,0.750388490443075,0.8075064895445354
SPD,assay_envelope,0.125,calibrated__nesso_binary,both_exact,930,252,0,1976,1976,1239.0,0.6183469235056538,0.6270242914979757,,,,,,,,
SPD,assay_envelope,0.125,calibrated__nesso_binary,one_bounded,930,341,0,4165,4165,2813.0,0.6697530991379472,0.6753901560624249,,,,,,,,
SPD,assay_envelope,0.125,calibrated__nesso_binary,both_bounded,930,30,0,221,221,131.0,0.6487686387686387,0.5927601809954751,,,,,,,,
SPD,assay_envelope,0.125,availability__nesso_binary,all_determinate,930,377,0,6362,6362,4172.0,0.6448475658027665,0.6557686262181703,7016,1138,908,378,0.2385007976096805,0.23752622609899476,0.7626967396445978,0.8268033432578483
SPD,assay_envelope,0.125,availability__nesso_binary,both_exact,930,252,0,1976,1976,1245.0,0.6197370530703864,0.6300607287449392,,,,,,,,
SPD,assay_envelope,0.125,availability__nesso_binary,one_bounded,930,341,0,4165,4165,2808.0,0.6651634963866306,0.6741896758703482,,,,,,,,
SPD,assay_envelope,0.125,availability__nesso_binary,both_bounded,930,30,0,221,221,119.0,0.6063057313057313,0.5384615384615384,,,,,,,,
SPD,assay_envelope,0.125,plus__nesso_binary,all_determinate,930,377,0,6362,6362,4295.0,0.6612274874122355,0.6751021691292046,7016,1138,908,378,0.22130599409374033,0.21929941751687065,0.7306310721839424,0.754810817608835
SPD,assay_envelope,0.125,plus__nesso_binary,both_exact,930,252,0,1976,1976,1252.0,0.6057576902814997,0.6336032388663968,,,,,,,,
SPD,assay_envelope,0.125,plus__nesso_binary,one_bounded,930,341,0,4165,4165,2896.0,0.6867749614920318,0.6953181272509004,,,,,,,,
SPD,assay_envelope,0.125,plus__nesso_binary,both_bounded,930,30,0,221,221,147.0,0.7069471269471269,0.665158371040724,,,,,,,,
SPD,assay_envelope,0.125,calibrated__raw_ad4,all_determinate,930,377,0,6362,6362,4044.0,0.6279020106696493,0.6356491669286388,7016,1138,908,378,0.25816583086720357,0.25587435861688357,0.8156469186418772,0.8957996791471228
SPD,assay_envelope,0.125,calibrated__raw_ad4,both_exact,930,252,0,1976,1976,1198.0,0.6073601662887378,0.6062753036437247,,,,,,,,
SPD,assay_envelope,0.125,calibrated__raw_ad4,one_bounded,930,341,0,4165,4165,2727.0,0.6464056385267418,0.6547418967587035,,,,,,,,
SPD,assay_envelope,0.125,calibrated__raw_ad4,both_bounded,930,30,0,221,221,119.0,0.6208391608391608,0.5384615384615384,,,,,,,,
SPD,assay_envelope,0.125,availability__raw_ad4,all_determinate,930,377,0,6362,6362,4172.0,0.6448475658027665,0.6557686262181703,7016,1138,908,378,0.2385007976096805,0.23752622609899476,0.7626967396445978,0.8268033432578483
SPD,assay_envelope,0.125,availability__raw_ad4,both_exact,930,252,0,1976,1976,1245.0,0.6197370530703864,0.6300607287449392,,,,,,,,
SPD,assay_envelope,0.125,availability__raw_ad4,one_bounded,930,341,0,4165,4165,2808.0,0.6651634963866306,0.6741896758703482,,,,,,,,
SPD,assay_envelope,0.125,availability__raw_ad4,both_bounded,930,30,0,221,221,119.0,0.6063057313057313,0.5384615384615384,,,,,,,,
SPD,assay_envelope,0.125,plus__raw_ad4,all_determinate,930,377,0,6362,6362,4207.0,0.6470310338713193,0.6612700408676517,7016,1138,908,378,0.22867655855283875,0.22773038672554127,0.7463193353466214,0.8077741018983389
SPD,assay_envelope,0.125,plus__raw_ad4,both_exact,930,252,0,1976,1976,1236.0,0.6056674072547087,0.6255060728744939,,,,,,,,
SPD,assay_envelope,0.125,plus__raw_ad4,one_bounded,930,341,0,4165,4165,2851.0,0.6690301993453953,0.6845138055222089,,,,,,,,
SPD,assay_envelope,0.125,plus__raw_ad4,both_bounded,930,30,0,221,221,120.0,0.6171022496022496,0.5429864253393665,,,,,,,,
SPD,assay_envelope,0.125,calibrated__raw_gnina_own,all_determinate,930,377,0,6362,6362,4124.0,0.6427705544938105,0.6482238289845961,7016,1138,908,378,0.25715546897480357,0.2534047124259466,0.8038143275731348,0.8834396736892266
SPD,assay_envelope,0.125,calibrated__raw_gnina_own,both_exact,930,252,0,1976,1976,1216.0,0.5861400284019332,0.6153846153846154,,,,,,,,
SPD,assay_envelope,0.125,calibrated__raw_gnina_own,one_bounded,930,341,0,4165,4165,2788.0,0.6584708141553491,0.6693877551020408,,,,,,,,
SPD,assay_envelope,0.125,calibrated__raw_gnina_own,both_bounded,930,30,0,221,221,120.0,0.6005967180967181,0.5429864253393665,,,,,,,,
SPD,assay_envelope,0.125,availability__raw_gnina_own,all_determinate,930,377,0,6362,6362,4172.0,0.6448475658027665,0.6557686262181703,7016,1138,908,378,0.23850396832341822,0.23752888486238902,0.7626907924955791,0.8267964905612424
SPD,assay_envelope,0.125,availability__raw_gnina_own,both_exact,930,252,0,1976,1976,1245.0,0.6197370530703864,0.6300607287449392,,,,,,,,
SPD,assay_envelope,0.125,availability__raw_gnina_own,one_bounded,930,341,0,4165,4165,2808.0,0.6651634963866306,0.6741896758703482,,,,,,,,
SPD,assay_envelope,0.125,availability__raw_gnina_own,both_bounded,930,30,0,221,221,119.0,0.6063057313057313,0.5384615384615384,,,,,,,,
SPD,assay_envelope,0.125,plus__raw_gnina_own,all_determinate,930,377,0,6362,6362,4239.0,0.6588509084354305,0.6662999056900346,7016,1138,908,378,0.22832237724262341,0.22642681905499218,0.7448603101204069,0.7942226343853843
SPD,assay_envelope,0.125,plus__raw_gnina_own,both_exact,930,252,0,1976,1976,1224.0,0.6075299480061386,0.6194331983805668,,,,,,,,
SPD,assay_envelope,0.125,plus__raw_gnina_own,one_bounded,930,341,0,4165,4165,2881.0,0.6777068976004125,0.6917166866746699,,,,,,,,
SPD,assay_envelope,0.125,plus__raw_gnina_own,both_bounded,930,30,0,221,221,134.0,0.6623763273763273,0.6063348416289592,,,,,,,,
SPD,assay_envelope,0.125,calibrated__vina,all_determinate,930,377,0,6362,6362,4000.0,0.6143712778865695,0.6287331027978623,7016,1138,908,378,0.26368816225478525,0.2636590734535088,0.8256451620286264,0.8971884345009921
SPD,assay_envelope,0.125,calibrated__vina,both_exact,930,252,0,1976,1976,1162.0,0.6089600655076847,0.5880566801619433,,,,,,,,
SPD,assay_envelope,0.125,calibrated__vina,one_bounded,930,341,0,4165,4165,2724.0,0.6374079697659015,0.6540216086434574,,,,,,,,
SPD,assay_envelope,0.125,calibrated__vina,both_bounded,930,30,0,221,221,114.0,0.5809470159470159,0.5158371040723982,,,,,,,,
SPD,assay_envelope,0.125,availability__vina,all_determinate,930,377,0,6362,6362,4172.0,0.6448475658027665,0.6557686262181703,7016,1138,908,378,0.2385007976096805,0.23752622609899476,0.7626967396445978,0.8268033432578483
SPD,assay_envelope,0.125,availability__vina,both_exact,930,252,0,1976,1976,1245.0,0.6197370530703864,0.6300607287449392,,,,,,,,
SPD,assay_envelope,0.125,availability__vina,one_bounded,930,341,0,4165,4165,2808.0,0.6651634963866306,0.6741896758703482,,,,,,,,
SPD,assay_envelope,0.125,availability__vina,both_bounded,930,30,0,221,221,119.0,0.6063057313057313,0.5384615384615384,,,,,,,,
SPD,assay_envelope,0.125,plus__vina,all_determinate,930,377,0,6362,6362,4165.0,0.6368530535977222,0.6546683432882742,7016,1138,908,378,0.22864537999098422,0.2300521539395396,0.7642915591173091,0.8222504621856034
SPD,assay_envelope,0.125,plus__vina,both_exact,930,252,0,1976,1976,1234.0,0.6150758339250403,0.6244939271255061,,,,,,,,
SPD,assay_envelope,0.125,plus__vina,one_bounded,930,341,0,4165,4165,2809.0,0.659962345108649,0.6744297719087635,,,,,,,,
SPD,assay_envelope,0.125,plus__vina,both_bounded,930,30,0,221,221,122.0,0.6094038369038369,0.5520361990950227,,,,,,,,
SPD,assay_envelope,0.125,native__boltz_affinity,all_determinate,930,377,0,6362,6362,3811.0,0.5657790968737226,0.5990254636906633,,,,,,,,
SPD,assay_envelope,0.125,native__boltz_affinity,both_exact,930,252,0,1976,1976,1201.0,0.5909877306702703,0.6077935222672065,,,,,,,,
SPD,assay_envelope,0.125,native__boltz_affinity,one_bounded,930,341,0,4165,4165,2481.0,0.561792076614662,0.5956782713085234,,,,,,,,
SPD,assay_envelope,0.125,native__boltz_affinity,both_bounded,930,30,0,221,221,129.0,0.5785669885669886,0.583710407239819,,,,,,,,
SPD,assay_envelope,0.125,native__boltz_binary,all_determinate,930,377,0,6362,6362,4382.0,0.6687217269754823,0.6887771141150582,,,,,,,,
SPD,assay_envelope,0.125,native__boltz_binary,both_exact,930,252,0,1976,1976,1304.0,0.611235369568703,0.659919028340081,,,,,,,,
SPD,assay_envelope,0.125,native__boltz_binary,one_bounded,930,341,0,4165,4165,2930.0,0.6791693533149108,0.7034813925570228,,,,,,,,
SPD,assay_envelope,0.125,native__boltz_binary,both_bounded,930,30,0,221,221,148.0,0.6921355496355498,0.669683257918552,,,,,,,,
SPD,assay_envelope,0.125,native__boltzina_vina_far_affinity,all_determinate,930,377,0,6362,6362,3762.0,0.5679041420989718,0.5913234831813895,,,,,,,,
SPD,assay_envelope,0.125,native__boltzina_vina_far_affinity,both_exact,930,252,0,1976,1976,1193.0,0.5729262580453057,0.603744939271255,,,,,,,,
SPD,assay_envelope,0.125,native__boltzina_vina_far_affinity,one_bounded,930,341,0,4165,4165,2444.0,0.5699969496392506,0.5867947178871549,,,,,,,,
SPD,assay_envelope,0.125,native__boltzina_vina_far_affinity,both_bounded,930,30,0,221,221,125.0,0.5510397010397009,0.5656108597285068,,,,,,,,
SPD,assay_envelope,0.125,native__boltzina_vina_far_binary,all_determinate,930,377,0,6362,6362,4440.0,0.6768577604394237,0.6978937441056272,,,,,,,,
SPD,assay_envelope,0.125,native__boltzina_vina_far_binary,both_exact,930,252,0,1976,1976,1331.0,0.6294187147361751,0.673582995951417,,,,,,,,
SPD,assay_envelope,0.125,native__boltzina_vina_far_binary,one_bounded,930,341,0,4165,4165,2955.0,0.6897882314826562,0.709483793517407,,,,,,,,
SPD,assay_envelope,0.125,native__boltzina_vina_far_binary,both_bounded,930,30,0,221,221,154.0,0.6863795463795465,0.6968325791855203,,,,,,,,
SPD,assay_envelope,0.125,native__boltzina_vina_zero_affinity,all_determinate,930,377,0,6362,6362,3762.0,0.5679041420989718,0.5913234831813895,,,,,,,,
SPD,assay_envelope,0.125,native__boltzina_vina_zero_affinity,both_exact,930,252,0,1976,1976,1193.0,0.5729262580453057,0.603744939271255,,,,,,,,
SPD,assay_envelope,0.125,native__boltzina_vina_zero_affinity,one_bounded,930,341,0,4165,4165,2444.0,0.5699969496392506,0.5867947178871549,,,,,,,,
SPD,assay_envelope,0.125,native__boltzina_vina_zero_affinity,both_bounded,930,30,0,221,221,125.0,0.5510397010397009,0.5656108597285068,,,,,,,,
SPD,assay_envelope,0.125,native__boltzina_vina_zero_binary,all_determinate,930,377,0,6362,6362,4440.0,0.6768577604394237,0.6978937441056272,,,,,,,,
SPD,assay_envelope,0.125,native__boltzina_vina_zero_binary,both_exact,930,252,0,1976,1976,1331.0,0.6294187147361751,0.673582995951417,,,,,,,,
SPD,assay_envelope,0.125,native__boltzina_vina_zero_binary,one_bounded,930,341,0,4165,4165,2955.0,0.6897882314826562,0.709483793517407,,,,,,,,
SPD,assay_envelope,0.125,native__boltzina_vina_zero_binary,both_bounded,930,30,0,221,221,154.0,0.6863795463795465,0.6968325791855203,,,,,,,,
SPD,assay_envelope,0.125,native__gnina,all_determinate,930,377,0,6362,6362,3850.0,0.6171693297360323,0.6051556114429425,,,,,,,,
SPD,assay_envelope,0.125,native__gnina,both_exact,930,252,0,1976,1976,1156.0,0.5852580033135589,0.5850202429149798,,,,,,,,
SPD,assay_envelope,0.125,native__gnina,one_bounded,930,341,0,4165,4165,2562.0,0.6193636154074491,0.6151260504201681,,,,,,,,
SPD,assay_envelope,0.125,native__gnina,both_bounded,930,30,0,221,221,132.0,0.6253950678950679,0.5972850678733032,,,,,,,,
SPD,assay_envelope,0.125,native__nesso_affinity,all_determinate,930,377,0,6362,6362,3719.0,0.5553065569079979,0.5845646023263125,,,,,,,,
SPD,assay_envelope,0.125,native__nesso_affinity,both_exact,930,252,0,1976,1976,1120.0,0.5430473480076655,0.5668016194331984,,,,,,,,
SPD,assay_envelope,0.125,native__nesso_affinity,one_bounded,930,341,0,4165,4165,2493.0,0.5717197654340219,0.5985594237695078,,,,,,,,
SPD,assay_envelope,0.125,native__nesso_affinity,both_bounded,930,30,0,221,221,106.0,0.5002080327080327,0.4796380090497738,,,,,,,,
SPD,assay_envelope,0.125,native__nesso_binary,all_determinate,930,377,0,6362,6362,4106.0,0.6241108114447099,0.6453945300220056,,,,,,,,
SPD,assay_envelope,0.125,native__nesso_binary,both_exact,930,252,0,1976,1976,1195.0,0.5981290608274734,0.604757085020243,,,,,,,,
SPD,assay_envelope,0.125,native__nesso_binary,one_bounded,930,341,0,4165,4165,2772.0,0.6485275481897146,0.6655462184873949,,,,,,,,
SPD,assay_envelope,0.125,native__nesso_binary,both_bounded,930,30,0,221,221,139.0,0.6675372775372775,0.6289592760180995,,,,,,,,
SPD,assay_envelope,0.125,native__raw_ad4,all_determinate,930,377,0,6362,6362,3523.0,0.5446264237695985,0.5537566802892172,,,,,,,,
SPD,assay_envelope,0.125,native__raw_ad4,both_exact,930,252,0,1976,1976,1054.5,0.5171640822434473,0.5336538461538461,,,,,,,,
SPD,assay_envelope,0.125,native__raw_ad4,one_bounded,930,341,0,4165,4165,2324.5,0.557069880410956,0.5581032412965186,,,,,,,,
SPD,assay_envelope,0.125,native__raw_ad4,both_bounded,930,30,0,221,221,144.0,0.7042196692196693,0.6515837104072398,,,,,,,,
SPD,assay_envelope,0.125,native__raw_gnina_own,all_determinate,930,377,0,6362,6362,3828.0,0.631072966096694,0.6016975793775542,,,,,,,,
SPD,assay_envelope,0.125,native__raw_gnina_own,both_exact,930,252,0,1976,1976,1164.0,0.6043293860754178,0.5890688259109311,,,,,,,,
SPD,assay_envelope,0.125,native__raw_gnina_own,one_bounded,930,341,0,4165,4165,2553.0,0.6357324856486293,0.6129651860744297,,,,,,,,
SPD,assay_envelope,0.125,native__raw_gnina_own,both_bounded,930,30,0,221,221,111.0,0.4795088245088245,0.502262443438914,,,,,,,,
SPD,assay_envelope,0.125,native__vina,all_determinate,930,377,0,6362,6362,3807.5,0.5814841965842665,0.5984753222257152,,,,,,,,
SPD,assay_envelope,0.125,native__vina,both_exact,930,252,0,1976,1976,1044.0,0.5085217729066935,0.52834008097166,,,,,,,,
SPD,assay_envelope,0.125,native__vina,one_bounded,930,341,0,4165,4165,2599.0,0.608529829001379,0.6240096038415366,,,,,,,,
SPD,assay_envelope,0.125,native__vina,both_bounded,930,30,0,221,221,164.5,0.7757657157657157,0.744343891402715,,,,,,,,
SPD,assay_envelope,0.25,target_prior,all_determinate,930,377,0,6362,6362,4009.0,0.5988151174497908,0.6301477522791575,7016,1138,908,378,0.2725468461170297,0.26848798585016775,0.8232208362501656,0.912668568355038
SPD,assay_envelope,0.25,target_prior,both_exact,930,252,0,1976,1976,1205.0,0.5994028531726944,0.6098178137651822,,,,,,,,
SPD,assay_envelope,0.25,target_prior,one_bounded,930,341,0,4165,4165,2696.0,0.6108721479036314,0.6472989195678271,,,,,,,,
SPD,assay_envelope,0.25,target_prior,both_bounded,930,30,0,221,221,108.0,0.5777896177896177,0.48868778280542985,,,,,,,,
SPD,assay_envelope,0.25,chemistry,all_determinate,930,377,0,6362,6362,4294.0,0.6620169598315174,0.6749449858535052,7016,1138,908,378,0.22570544713887225,0.22676168642745315,0.7303189920969047,0.7897913464175332
SPD,assay_envelope,0.25,chemistry,both_exact,930,252,0,1976,1976,1252.0,0.6165299060140329,0.6336032388663968,,,,,,,,
SPD,assay_envelope,0.25,chemistry,one_bounded,930,341,0,4165,4165,2923.0,0.6846775100737134,0.7018007202881152,,,,,,,,
SPD,assay_envelope,0.25,chemistry,both_bounded,930,30,0,221,221,119.0,0.6305429755429756,0.5384615384615384,,,,,,,,
SPD,assay_envelope,0.25,calibrated__boltz_affinity,all_determinate,930,377,0,6362,6362,4267.0,0.6444181141304245,0.6707010374096196,7016,1138,908,378,0.22507007978381333,0.22091469142559214,0.817484795276582,0.8295537348456364
SPD,assay_envelope,0.25,calibrated__boltz_affinity,both_exact,930,252,0,1976,1976,1254.0,0.6122487154233186,0.6346153846153846,,,,,,,,
SPD,assay_envelope,0.25,calibrated__boltz_affinity,one_bounded,930,341,0,4165,4165,2866.0,0.6533183223733344,0.6881152460984393,,,,,,,,
SPD,assay_envelope,0.25,calibrated__boltz_affinity,both_bounded,930,30,0,221,221,147.0,0.7303883153883155,0.665158371040724,,,,,,,,
SPD,assay_envelope,0.25,availability__boltz_affinity,all_determinate,930,377,0,6362,6362,4294.0,0.6620169598315174,0.6749449858535052,7016,1138,908,378,0.22570544713885737,0.22676168642743894,0.7303189920969282,0.7897913464175635
SPD,assay_envelope,0.25,availability__boltz_affinity,both_exact,930,252,0,1976,1976,1252.0,0.6165299060140329,0.6336032388663968,,,,,,,,
SPD,assay_envelope,0.25,availability__boltz_affinity,one_bounded,930,341,0,4165,4165,2923.0,0.6846775100737134,0.7018007202881152,,,,,,,,
SPD,assay_envelope,0.25,availability__boltz_affinity,both_bounded,930,30,0,221,221,119.0,0.6305429755429756,0.5384615384615384,,,,,,,,
SPD,assay_envelope,0.25,plus__boltz_affinity,all_determinate,930,377,0,6362,6362,4439.0,0.6727526088860032,0.6977365608299277,7016,1138,908,378,0.20624985256315045,0.20483153587464228,0.7310788093082503,0.7498708862933308
SPD,assay_envelope,0.25,plus__boltz_affinity,both_exact,930,252,0,1976,1976,1344.0,0.6468816089847835,0.680161943319838,,,,,,,,
SPD,assay_envelope,0.25,plus__boltz_affinity,one_bounded,930,341,0,4165,4165,2946.0,0.6799529940664982,0.7073229291716686,,,,,,,,
SPD,assay_envelope,0.25,plus__boltz_affinity,both_bounded,930,30,0,221,221,149.0,0.7188298738298738,0.6742081447963801,,,,,,,,
SPD,assay_envelope,0.25,calibrated__boltz_binary,all_determinate,930,377,0,6362,6362,4166.0,0.6470226650039707,0.6548255265639736,7016,1138,908,378,0.23973889941117368,0.23393030370929788,0.7606347352110455,0.8144614833296895
SPD,assay_envelope,0.25,calibrated__boltz_binary,both_exact,930,252,0,1976,1976,1210.0,0.5860709323010911,0.6123481781376519,,,,,,,,
SPD,assay_envelope,0.25,calibrated__boltz_binary,one_bounded,930,341,0,4165,4165,2803.0,0.6604937223305074,0.6729891956782713,,,,,,,,
SPD,assay_envelope,0.25,calibrated__boltz_binary,both_bounded,930,30,0,221,221,153.0,0.7132578532578532,0.6923076923076923,,,,,,,,
SPD,assay_envelope,0.25,availability__boltz_binary,all_determinate,930,377,0,6362,6362,4294.0,0.6620169598315174,0.6749449858535052,7016,1138,908,378,0.22570544713885737,0.22676168642743894,0.7303189920969282,0.7897913464175635
SPD,assay_envelope,0.25,availability__boltz_binary,both_exact,930,252,0,1976,1976,1252.0,0.6165299060140329,0.6336032388663968,,,,,,,,
SPD,assay_envelope,0.25,availability__boltz_binary,one_bounded,930,341,0,4165,4165,2923.0,0.6846775100737134,0.7018007202881152,,,,,,,,
SPD,assay_envelope,0.25,availability__boltz_binary,both_bounded,930,30,0,221,221,119.0,0.6305429755429756,0.5384615384615384,,,,,,,,
SPD,assay_envelope,0.25,plus__boltz_binary,all_determinate,930,377,0,6362,6362,4417.0,0.6848580377238692,0.6942785287645394,7016,1138,908,378,0.20203539591992745,0.20076782245270355,0.681572995000722,0.7171987781526672
SPD,assay_envelope,0.25,plus__boltz_binary,both_exact,930,252,0,1976,1976,1281.0,0.6028465875688098,0.6482793522267206,,,,,,,,
SPD,assay_envelope,0.25,plus__boltz_binary,one_bounded,930,341,0,4165,4165,2980.0,0.7039578271834401,0.7154861944777912,,,,,,,,
SPD,assay_envelope,0.25,plus__boltz_binary,both_bounded,930,30,0,221,221,156.0,0.734989824989825,0.7058823529411765,,,,,,,,
SPD,assay_envelope,0.25,calibrated__boltzina_vina_far_affinity,all_determinate,930,377,0,6362,6362,4309.0,0.6499742405679366,0.6773027349889972,7016,1138,908,378,0.22005660026575086,0.21531648373401224,0.8047089440698781,0.8022945655427136
SPD,assay_envelope,0.25,calibrated__boltzina_vina_far_affinity,both_exact,930,252,0,1976,1976,1278.0,0.6201407499026547,0.6467611336032388,,,,,,,,
SPD,assay_envelope,0.25,calibrated__boltzina_vina_far_affinity,one_bounded,930,341,0,4165,4165,2875.0,0.6590920215034657,0.6902761104441777,,,,,,,,
SPD,assay_envelope,0.25,calibrated__boltzina_vina_far_affinity,both_bounded,930,30,0,221,221,156.0,0.7571711621711621,0.7058823529411765,,,,,,,,
SPD,assay_envelope,0.25,availability__boltzina_vina_far_affinity,all_determinate,930,377,0,6362,6362,4298.0,0.6618964157503321,0.675573718956303,7016,1138,908,378,0.2256583478233946,0.22670827642887698,0.7305612712544679,0.7898913375353
SPD,assay_envelope,0.25,availability__boltzina_vina_far_affinity,both_exact,930,252,0,1976,1976,1254.0,0.6172889133206593,0.6346153846153846,,,,,,,,
SPD,assay_envelope,0.25,availability__boltzina_vina_far_affinity,one_bounded,930,341,0,4165,4165,2926.0,0.6845703957803821,0.7025210084033613,,,,,,,,
SPD,assay_envelope,0.25,availability__boltzina_vina_far_affinity,both_bounded,930,30,0,221,221,118.0,0.6281620231620232,0.5339366515837104,,,,,,,,
SPD,assay_envelope,0.25,plus__boltzina_vina_far_affinity,all_determinate,930,377,0,6362,6362,4369.0,0.668507510458142,0.6867337315309651,7016,1138,908,378,0.20656796759059085,0.20646500242181132,0.7377425982736441,0.7588325253286528
SPD,assay_envelope,0.25,plus__boltzina_vina_far_affinity,both_exact,930,252,0,1976,1976,1330.0,0.6450097154462233,0.6730769230769231,,,,,,,,
SPD,assay_envelope,0.25,plus__boltzina_vina_far_affinity,one_bounded,930,341,0,4165,4165,2887.0,0.6736258680634313,0.6931572629051621,,,,,,,,
SPD,assay_envelope,0.25,plus__boltzina_vina_far_affinity,both_bounded,930,30,0,221,221,152.0,0.7391452991452993,0.6877828054298643,,,,,,,,
SPD,assay_envelope,0.25,calibrated__boltzina_vina_far_binary,all_determinate,930,377,0,6362,6362,4250.0,0.6545584172822967,0.6680289217227287,7016,1138,908,378,0.2366868506291565,0.2309965608958574,0.7590287870720595,0.8091181031438632
SPD,assay_envelope,0.25,calibrated__boltzina_vina_far_binary,both_exact,930,252,0,1976,1976,1224.0,0.5768425945013246,0.6194331983805668,,,,,,,,
SPD,assay_envelope,0.25,calibrated__boltzina_vina_far_binary,one_bounded,930,341,0,4165,4165,2869.0,0.6742420696307363,0.6888355342136855,,,,,,,,
SPD,assay_envelope,0.25,calibrated__boltzina_vina_far_binary,both_bounded,930,30,0,221,221,157.0,0.7363610463610465,0.7104072398190046,,,,,,,,
SPD,assay_envelope,0.25,availability__boltzina_vina_far_binary,all_determinate,930,377,0,6362,6362,4298.0,0.6618964157503321,0.675573718956303,7016,1138,908,378,0.2256583478233946,0.22670827642887698,0.7305612712544679,0.7898913375353
SPD,assay_envelope,0.25,availability__boltzina_vina_far_binary,both_exact,930,252,0,1976,1976,1254.0,0.6172889133206593,0.6346153846153846,,,,,,,,
SPD,assay_envelope,0.25,availability__boltzina_vina_far_binary,one_bounded,930,341,0,4165,4165,2926.0,0.6845703957803821,0.7025210084033613,,,,,,,,
SPD,assay_envelope,0.25,availability__boltzina_vina_far_binary,both_bounded,930,30,0,221,221,118.0,0.6281620231620232,0.5339366515837104,,,,,,,,
SPD,assay_envelope,0.25,plus__boltzina_vina_far_binary,all_determinate,930,377,0,6362,6362,4436.0,0.6743953937976976,0.6972650110028293,7016,1138,908,378,0.19963132051191024,0.1984954471272041,0.6817219559883676,0.7084247719138207
SPD,assay_envelope,0.25,plus__boltzina_vina_far_binary,both_exact,930,252,0,1976,1976,1294.0,0.6101130351130352,0.6548582995951417,,,,,,,,
SPD,assay_envelope,0.25,plus__boltzina_vina_far_binary,one_bounded,930,341,0,4165,4165,2976.0,0.6925991533987621,0.7145258103241297,,,,,,,,
SPD,assay_envelope,0.25,plus__boltzina_vina_far_binary,both_bounded,930,30,0,221,221,166.0,0.7606980056980057,0.751131221719457,,,,,,,,
SPD,assay_envelope,0.25,calibrated__boltzina_vina_zero_affinity,all_determinate,930,377,0,6362,6362,4309.0,0.6499742405679366,0.6773027349889972,7016,1138,908,378,0.2200559598293413,0.21531564523403782,0.8046995298860543,0.8022889806880361
SPD,assay_envelope,0.25,calibrated__boltzina_vina_zero_affinity,both_exact,930,252,0,1976,1976,1278.0,0.6201407499026547,0.6467611336032388,,,,,,,,
SPD,assay_envelope,0.25,calibrated__boltzina_vina_zero_affinity,one_bounded,930,341,0,4165,4165,2875.0,0.6590920215034657,0.6902761104441777,,,,,,,,
SPD,assay_envelope,0.25,calibrated__boltzina_vina_zero_affinity,both_bounded,930,30,0,221,221,156.0,0.7571711621711621,0.7058823529411765,,,,,,,,
SPD,assay_envelope,0.25,availability__boltzina_vina_zero_affinity,all_determinate,930,377,0,6362,6362,4298.0,0.6618964157503321,0.675573718956303,7016,1138,908,378,0.2256583478233946,0.22670827642887698,0.7305612712544679,0.7898913375353
SPD,assay_envelope,0.25,availability__boltzina_vina_zero_affinity,both_exact,930,252,0,1976,1976,1254.0,0.6172889133206593,0.6346153846153846,,,,,,,,
SPD,assay_envelope,0.25,availability__boltzina_vina_zero_affinity,one_bounded,930,341,0,4165,4165,2926.0,0.6845703957803821,0.7025210084033613,,,,,,,,
SPD,assay_envelope,0.25,availability__boltzina_vina_zero_affinity,both_bounded,930,30,0,221,221,118.0,0.6281620231620232,0.5339366515837104,,,,,,,,
SPD,assay_envelope,0.25,plus__boltzina_vina_zero_affinity,all_determinate,930,377,0,6362,6362,4369.0,0.668507510458142,0.6867337315309651,7016,1138,908,378,0.20656857256167102,0.20646531908342788,0.7377396027401125,0.7588314002460951
SPD,assay_envelope,0.25,plus__boltzina_vina_zero_affinity,both_exact,930,252,0,1976,1976,1330.0,0.6450097154462233,0.6730769230769231,,,,,,,,
SPD,assay_envelope,0.25,plus__boltzina_vina_zero_affinity,one_bounded,930,341,0,4165,4165,2887.0,0.6736258680634313,0.6931572629051621,,,,,,,,
SPD,assay_envelope,0.25,plus__boltzina_vina_zero_affinity,both_bounded,930,30,0,221,221,152.0,0.7391452991452993,0.6877828054298643,,,,,,,,
SPD,assay_envelope,0.25,calibrated__boltzina_vina_zero_binary,all_determinate,930,377,0,6362,6362,4250.0,0.6545584172822967,0.6680289217227287,7016,1138,908,378,0.23668715289105938,0.23099684774135715,0.759031001463382,0.8091199614050774
SPD,assay_envelope,0.25,calibrated__boltzina_vina_zero_binary,both_exact,930,252,0,1976,1976,1224.0,0.5768425945013246,0.6194331983805668,,,,,,,,
SPD,assay_envelope,0.25,calibrated__boltzina_vina_zero_binary,one_bounded,930,341,0,4165,4165,2869.0,0.6742420696307363,0.6888355342136855,,,,,,,,
SPD,assay_envelope,0.25,calibrated__boltzina_vina_zero_binary,both_bounded,930,30,0,221,221,157.0,0.7363610463610465,0.7104072398190046,,,,,,,,
SPD,assay_envelope,0.25,availability__boltzina_vina_zero_binary,all_determinate,930,377,0,6362,6362,4298.0,0.6618964157503321,0.675573718956303,7016,1138,908,378,0.2256583478233946,0.22670827642887698,0.7305612712544679,0.7898913375353
SPD,assay_envelope,0.25,availability__boltzina_vina_zero_binary,both_exact,930,252,0,1976,1976,1254.0,0.6172889133206593,0.6346153846153846,,,,,,,,
SPD,assay_envelope,0.25,availability__boltzina_vina_zero_binary,one_bounded,930,341,0,4165,4165,2926.0,0.6845703957803821,0.7025210084033613,,,,,,,,
SPD,assay_envelope,0.25,availability__boltzina_vina_zero_binary,both_bounded,930,30,0,221,221,118.0,0.6281620231620232,0.5339366515837104,,,,,,,,
SPD,assay_envelope,0.25,plus__boltzina_vina_zero_binary,all_determinate,930,377,0,6362,6362,4436.0,0.6743953937976976,0.6972650110028293,7016,1138,908,378,0.19963103464508908,0.19849516108466686,0.6817229155477883,0.7084245962107679
SPD,assay_envelope,0.25,plus__boltzina_vina_zero_binary,both_exact,930,252,0,1976,1976,1294.0,0.6101130351130352,0.6548582995951417,,,,,,,,
SPD,assay_envelope,0.25,plus__boltzina_vina_zero_binary,one_bounded,930,341,0,4165,4165,2976.0,0.6925991533987621,0.7145258103241297,,,,,,,,
SPD,assay_envelope,0.25,plus__boltzina_vina_zero_binary,both_bounded,930,30,0,221,221,166.0,0.7606980056980057,0.751131221719457,,,,,,,,
SPD,assay_envelope,0.25,calibrated__gnina,all_determinate,930,377,0,6362,6362,4052.0,0.6267572564030194,0.6369066331342346,7016,1138,908,378,0.25144703788321643,0.24757123107904455,0.7976166888802926,0.8766994511414188
SPD,assay_envelope,0.25,calibrated__gnina,both_exact,930,252,0,1976,1976,1218.0,0.595612015850111,0.6163967611336032,,,,,,,,
SPD,assay_envelope,0.25,calibrated__gnina,one_bounded,930,341,0,4165,4165,2702.0,0.6357897658348968,0.6487394957983194,,,,,,,,
SPD,assay_envelope,0.25,calibrated__gnina,both_bounded,930,30,0,221,221,132.0,0.6777222777222778,0.5972850678733032,,,,,,,,
SPD,assay_envelope,0.25,availability__gnina,all_determinate,930,377,0,6362,6362,4289.0,0.6601380915733388,0.6741590694750078,7016,1138,908,378,0.2254766457421293,0.22654881528400903,0.7311827367349389,0.790637392865499
SPD,assay_envelope,0.25,availability__gnina,both_exact,930,252,0,1976,1976,1252.0,0.6164070791054918,0.6336032388663968,,,,,,,,
SPD,assay_envelope,0.25,availability__gnina,one_bounded,930,341,0,4165,4165,2917.0,0.6823559069456586,0.700360144057623,,,,,,,,
SPD,assay_envelope,0.25,availability__gnina,both_bounded,930,30,0,221,221,120.0,0.6372096422096422,0.5429864253393665,,,,,,,,
SPD,assay_envelope,0.25,plus__gnina,all_determinate,930,377,0,6362,6362,4335.0,0.667237963862565,0.6813895001571832,7016,1138,908,378,0.21632854251455574,0.21652814300539272,0.7224961492911987,0.7740596859827856
SPD,assay_envelope,0.25,plus__gnina,both_exact,930,252,0,1976,1976,1281.0,0.6071022011498203,0.6482793522267206,,,,,,,,
SPD,assay_envelope,0.25,plus__gnina,one_bounded,930,341,0,4165,4165,2921.0,0.6842409197323116,0.7013205282112845,,,,,,,,
SPD,assay_envelope,0.25,plus__gnina,both_bounded,930,30,0,221,221,133.0,0.6825130425130426,0.6018099547511312,,,,,,,,
SPD,assay_envelope,0.25,calibrated__nesso_affinity,all_determinate,930,377,0,6362,6362,4374.0,0.6698385171144503,0.6875196479094624,7016,1138,908,378,0.2303493924116727,0.22718091147440814,0.7726482988812556,0.8179651165970011
SPD,assay_envelope,0.25,calibrated__nesso_affinity,both_exact,930,252,0,1976,1976,1274.0,0.615832359879979,0.6447368421052632,,,,,,,,
SPD,assay_envelope,0.25,calibrated__nesso_affinity,one_bounded,930,341,0,4165,4165,2971.0,0.6943886129480222,0.7133253301320528,,,,,,,,
SPD,assay_envelope,0.25,calibrated__nesso_affinity,both_bounded,930,30,0,221,221,129.0,0.6501675176675177,0.583710407239819,,,,,,,,
SPD,assay_envelope,0.25,availability__nesso_affinity,all_determinate,930,377,0,6362,6362,4289.0,0.6601380915733388,0.6741590694750078,7016,1138,908,378,0.2254766457421293,0.22654881528400903,0.7311827367349389,0.790637392865499
SPD,assay_envelope,0.25,availability__nesso_affinity,both_exact,930,252,0,1976,1976,1252.0,0.6164070791054918,0.6336032388663968,,,,,,,,
SPD,assay_envelope,0.25,availability__nesso_affinity,one_bounded,930,341,0,4165,4165,2917.0,0.6823559069456586,0.700360144057623,,,,,,,,
SPD,assay_envelope,0.25,availability__nesso_affinity,both_bounded,930,30,0,221,221,120.0,0.6372096422096422,0.5429864253393665,,,,,,,,
SPD,assay_envelope,0.25,plus__nesso_affinity,all_determinate,930,377,0,6362,6362,4603.0,0.7040763862205154,0.72351461804464,7016,1138,908,378,0.1955923782672849,0.19539415001224864,0.6865198921708231,0.7106515229965172
SPD,assay_envelope,0.25,plus__nesso_affinity,both_exact,930,252,0,1976,1976,1317.0,0.6095859387526054,0.666497975708502,,,,,,,,
SPD,assay_envelope,0.25,plus__nesso_affinity,one_bounded,930,341,0,4165,4165,3139.0,0.7365467410546397,0.7536614645858344,,,,,,,,
SPD,assay_envelope,0.25,plus__nesso_affinity,both_bounded,930,30,0,221,221,147.0,0.6884286084286084,0.665158371040724,,,,,,,,
SPD,assay_envelope,0.25,calibrated__nesso_binary,all_determinate,930,377,0,6362,6362,4291.0,0.6513149359192467,0.6744734360264067,7016,1138,908,378,0.22545066894106455,0.22260831327791672,0.7476813667034664,0.7847441101534522
SPD,assay_envelope,0.25,calibrated__nesso_binary,both_exact,930,252,0,1976,1976,1273.0,0.5951328286645747,0.6442307692307693,,,,,,,,
SPD,assay_envelope,0.25,calibrated__nesso_binary,one_bounded,930,341,0,4165,4165,2864.0,0.6737630049380623,0.6876350540216086,,,,,,,,
SPD,assay_envelope,0.25,calibrated__nesso_binary,both_bounded,930,30,0,221,221,154.0,0.7396164021164021,0.6968325791855203,,,,,,,,
SPD,assay_envelope,0.25,availability__nesso_binary,all_determinate,930,377,0,6362,6362,4289.0,0.6601380915733388,0.6741590694750078,7016,1138,908,378,0.2254766457421293,0.22654881528400903,0.7311827367349389,0.790637392865499
SPD,assay_envelope,0.25,availability__nesso_binary,both_exact,930,252,0,1976,1976,1252.0,0.6164070791054918,0.6336032388663968,,,,,,,,
SPD,assay_envelope,0.25,availability__nesso_binary,one_bounded,930,341,0,4165,4165,2917.0,0.6823559069456586,0.700360144057623,,,,,,,,
SPD,assay_envelope,0.25,availability__nesso_binary,both_bounded,930,30,0,221,221,120.0,0.6372096422096422,0.5429864253393665,,,,,,,,
SPD,assay_envelope,0.25,plus__nesso_binary,all_determinate,930,377,0,6362,6362,4470.0,0.6919574835852099,0.7026092423766112,7016,1138,908,378,0.19840767820965854,0.19823902782244407,0.6955139117928103,0.7167726605152636
SPD,assay_envelope,0.25,plus__nesso_binary,both_exact,930,252,0,1976,1976,1292.0,0.601532425540362,0.6538461538461539,,,,,,,,
SPD,assay_envelope,0.25,plus__nesso_binary,one_bounded,930,341,0,4165,4165,3012.0,0.7158181365660842,0.7231692677070828,,,,,,,,
SPD,assay_envelope,0.25,plus__nesso_binary,both_bounded,930,30,0,221,221,166.0,0.7748840048840049,0.751131221719457,,,,,,,,
SPD,assay_envelope,0.25,calibrated__raw_ad4,all_determinate,930,377,0,6362,6362,4013.0,0.6025092980400486,0.6307764853819554,7016,1138,908,378,0.2642342829916068,0.2623686117934309,0.812858116159933,0.9020736694856548
SPD,assay_envelope,0.25,calibrated__raw_ad4,both_exact,930,252,0,1976,1976,1177.0,0.5913194683035953,0.5956477732793523,,,,,,,,
SPD,assay_envelope,0.25,calibrated__raw_ad4,one_bounded,930,341,0,4165,4165,2726.0,0.6179733002716868,0.6545018007202881,,,,,,,,
SPD,assay_envelope,0.25,calibrated__raw_ad4,both_bounded,930,30,0,221,221,110.0,0.5998927923927925,0.497737556561086,,,,,,,,
SPD,assay_envelope,0.25,availability__raw_ad4,all_determinate,930,377,0,6362,6362,4289.0,0.6601380915733388,0.6741590694750078,7016,1138,908,378,0.2254766457421293,0.22654881528400903,0.7311827367349389,0.790637392865499
SPD,assay_envelope,0.25,availability__raw_ad4,both_exact,930,252,0,1976,1976,1252.0,0.6164070791054918,0.6336032388663968,,,,,,,,
SPD,assay_envelope,0.25,availability__raw_ad4,one_bounded,930,341,0,4165,4165,2917.0,0.6823559069456586,0.700360144057623,,,,,,,,
SPD,assay_envelope,0.25,availability__raw_ad4,both_bounded,930,30,0,221,221,120.0,0.6372096422096422,0.5429864253393665,,,,,,,,
SPD,assay_envelope,0.25,plus__raw_ad4,all_determinate,930,377,0,6362,6362,4335.0,0.6663939291476952,0.6813895001571832,7016,1138,908,378,0.22119301829458388,0.22258258523431393,0.7171130557646728,0.7734508720180097
SPD,assay_envelope,0.25,plus__raw_ad4,both_exact,930,252,0,1976,1976,1269.0,0.6169032540064286,0.6422064777327935,,,,,,,,
SPD,assay_envelope,0.25,plus__raw_ad4,one_bounded,930,341,0,4165,4165,2946.0,0.687767384454387,0.7073229291716686,,,,,,,,
SPD,assay_envelope,0.25,plus__raw_ad4,both_bounded,930,30,0,221,221,120.0,0.6405694305694306,0.5429864253393665,,,,,,,,
SPD,assay_envelope,0.25,calibrated__raw_gnina_own,all_determinate,930,377,0,6362,6362,4095.0,0.6388188845071413,0.6436655139893115,7016,1138,908,378,0.25107349370272625,0.2476804490886253,0.7926852244157416,0.874212998053378
SPD,assay_envelope,0.25,calibrated__raw_gnina_own,both_exact,930,252,0,1976,1976,1187.0,0.5827549875168923,0.6007085020242915,,,,,,,,
SPD,assay_envelope,0.25,calibrated__raw_gnina_own,one_bounded,930,341,0,4165,4165,2782.0,0.6564644712947522,0.6679471788715486,,,,,,,,
SPD,assay_envelope,0.25,calibrated__raw_gnina_own,both_bounded,930,30,0,221,221,126.0,0.6360042735042735,0.5701357466063348,,,,,,,,
SPD,assay_envelope,0.25,availability__raw_gnina_own,all_determinate,930,377,0,6362,6362,4291.0,0.6603401883271597,0.6744734360264067,7016,1138,908,378,0.22548943475177438,0.22655721460344688,0.7311632956884573,0.7906119948704704
SPD,assay_envelope,0.25,availability__raw_gnina_own,both_exact,930,252,0,1976,1976,1252.0,0.6164070791054918,0.6336032388663968,,,,,,,,
SPD,assay_envelope,0.25,availability__raw_gnina_own,one_bounded,930,341,0,4165,4165,2919.0,0.6826361285162027,0.7008403361344537,,,,,,,,
SPD,assay_envelope,0.25,availability__raw_gnina_own,both_bounded,930,30,0,221,221,120.0,0.6372096422096422,0.5429864253393665,,,,,,,,
SPD,assay_envelope,0.25,plus__raw_gnina_own,all_determinate,930,377,0,6362,6362,4317.0,0.6712793300370613,0.6785602011945929,7016,1138,908,378,0.21757333083231228,0.21833943086016952,0.7258098507812675,0.780588052699495
SPD,assay_envelope,0.25,plus__raw_gnina_own,both_exact,930,252,0,1976,1976,1265.0,0.6127226535956694,0.6401821862348178,,,,,,,,
SPD,assay_envelope,0.25,plus__raw_gnina_own,one_bounded,930,341,0,4165,4165,2917.0,0.691122434631455,0.700360144057623,,,,,,,,
SPD,assay_envelope,0.25,plus__raw_gnina_own,both_bounded,930,30,0,221,221,135.0,0.6962187812187811,0.6108597285067874,,,,,,,,
SPD,assay_envelope,0.25,calibrated__vina,all_determinate,930,377,0,6362,6362,3993.0,0.6025129918637647,0.627632819867966,7016,1138,908,378,0.2650342423385193,0.2646943120861005,0.8226164481019909,0.9087987553885991
SPD,assay_envelope,0.25,calibrated__vina,both_exact,930,252,0,1976,1976,1169.0,0.5832064980874505,0.5915991902834008,,,,,,,,
SPD,assay_envelope,0.25,calibrated__vina,one_bounded,930,341,0,4165,4165,2687.0,0.6147062316917394,0.6451380552220889,,,,,,,,
SPD,assay_envelope,0.25,calibrated__vina,both_bounded,930,30,0,221,221,137.0,0.6823337773337774,0.6199095022624435,,,,,,,,
SPD,assay_envelope,0.25,availability__vina,all_determinate,930,377,0,6362,6362,4289.0,0.6601380915733388,0.6741590694750078,7016,1138,908,378,0.2254766457421293,0.22654881528400903,0.7311827367349389,0.790637392865499
SPD,assay_envelope,0.25,availability__vina,both_exact,930,252,0,1976,1976,1252.0,0.6164070791054918,0.6336032388663968,,,,,,,,
SPD,assay_envelope,0.25,availability__vina,one_bounded,930,341,0,4165,4165,2917.0,0.6823559069456586,0.700360144057623,,,,,,,,
SPD,assay_envelope,0.25,availability__vina,both_bounded,930,30,0,221,221,120.0,0.6372096422096422,0.5429864253393665,,,,,,,,
SPD,assay_envelope,0.25,plus__vina,all_determinate,930,377,0,6362,6362,4348.0,0.6689383800262434,0.6834328827412763,7016,1138,908,378,0.21760550895498695,0.22020048724598956,0.7276010415476163,0.7779072517901408
SPD,assay_envelope,0.25,plus__vina,both_exact,930,252,0,1976,1976,1280.0,0.6315334944303198,0.6477732793522267,,,,,,,,
SPD,assay_envelope,0.25,plus__vina,one_bounded,930,341,0,4165,4165,2937.0,0.687087789960203,0.7051620648259304,,,,,,,,
SPD,assay_envelope,0.25,plus__vina,both_bounded,930,30,0,221,221,131.0,0.6702723202723202,0.5927601809954751,,,,,,,,
SPD,assay_envelope,0.25,native__boltz_affinity,all_determinate,930,377,0,6362,6362,3811.0,0.5657790968737226,0.5990254636906633,,,,,,,,
SPD,assay_envelope,0.25,native__boltz_affinity,both_exact,930,252,0,1976,1976,1201.0,0.5909877306702703,0.6077935222672065,,,,,,,,
SPD,assay_envelope,0.25,native__boltz_affinity,one_bounded,930,341,0,4165,4165,2481.0,0.561792076614662,0.5956782713085234,,,,,,,,
SPD,assay_envelope,0.25,native__boltz_affinity,both_bounded,930,30,0,221,221,129.0,0.5785669885669886,0.583710407239819,,,,,,,,
SPD,assay_envelope,0.25,native__boltz_binary,all_determinate,930,377,0,6362,6362,4382.0,0.6687217269754823,0.6887771141150582,,,,,,,,
SPD,assay_envelope,0.25,native__boltz_binary,both_exact,930,252,0,1976,1976,1304.0,0.611235369568703,0.659919028340081,,,,,,,,
SPD,assay_envelope,0.25,native__boltz_binary,one_bounded,930,341,0,4165,4165,2930.0,0.6791693533149108,0.7034813925570228,,,,,,,,
SPD,assay_envelope,0.25,native__boltz_binary,both_bounded,930,30,0,221,221,148.0,0.6921355496355498,0.669683257918552,,,,,,,,
SPD,assay_envelope,0.25,native__boltzina_vina_far_affinity,all_determinate,930,377,0,6362,6362,3762.0,0.5679041420989718,0.5913234831813895,,,,,,,,
SPD,assay_envelope,0.25,native__boltzina_vina_far_affinity,both_exact,930,252,0,1976,1976,1193.0,0.5729262580453057,0.603744939271255,,,,,,,,
SPD,assay_envelope,0.25,native__boltzina_vina_far_affinity,one_bounded,930,341,0,4165,4165,2444.0,0.5699969496392506,0.5867947178871549,,,,,,,,
SPD,assay_envelope,0.25,native__boltzina_vina_far_affinity,both_bounded,930,30,0,221,221,125.0,0.5510397010397009,0.5656108597285068,,,,,,,,
SPD,assay_envelope,0.25,native__boltzina_vina_far_binary,all_determinate,930,377,0,6362,6362,4440.0,0.6768577604394237,0.6978937441056272,,,,,,,,
SPD,assay_envelope,0.25,native__boltzina_vina_far_binary,both_exact,930,252,0,1976,1976,1331.0,0.6294187147361751,0.673582995951417,,,,,,,,
SPD,assay_envelope,0.25,native__boltzina_vina_far_binary,one_bounded,930,341,0,4165,4165,2955.0,0.6897882314826562,0.709483793517407,,,,,,,,
SPD,assay_envelope,0.25,native__boltzina_vina_far_binary,both_bounded,930,30,0,221,221,154.0,0.6863795463795465,0.6968325791855203,,,,,,,,
SPD,assay_envelope,0.25,native__boltzina_vina_zero_affinity,all_determinate,930,377,0,6362,6362,3762.0,0.5679041420989718,0.5913234831813895,,,,,,,,
SPD,assay_envelope,0.25,native__boltzina_vina_zero_affinity,both_exact,930,252,0,1976,1976,1193.0,0.5729262580453057,0.603744939271255,,,,,,,,
SPD,assay_envelope,0.25,native__boltzina_vina_zero_affinity,one_bounded,930,341,0,4165,4165,2444.0,0.5699969496392506,0.5867947178871549,,,,,,,,
SPD,assay_envelope,0.25,native__boltzina_vina_zero_affinity,both_bounded,930,30,0,221,221,125.0,0.5510397010397009,0.5656108597285068,,,,,,,,
SPD,assay_envelope,0.25,native__boltzina_vina_zero_binary,all_determinate,930,377,0,6362,6362,4440.0,0.6768577604394237,0.6978937441056272,,,,,,,,
SPD,assay_envelope,0.25,native__boltzina_vina_zero_binary,both_exact,930,252,0,1976,1976,1331.0,0.6294187147361751,0.673582995951417,,,,,,,,
SPD,assay_envelope,0.25,native__boltzina_vina_zero_binary,one_bounded,930,341,0,4165,4165,2955.0,0.6897882314826562,0.709483793517407,,,,,,,,
SPD,assay_envelope,0.25,native__boltzina_vina_zero_binary,both_bounded,930,30,0,221,221,154.0,0.6863795463795465,0.6968325791855203,,,,,,,,
SPD,assay_envelope,0.25,native__gnina,all_determinate,930,377,0,6362,6362,3850.0,0.6171693297360323,0.6051556114429425,,,,,,,,
SPD,assay_envelope,0.25,native__gnina,both_exact,930,252,0,1976,1976,1156.0,0.5852580033135589,0.5850202429149798,,,,,,,,
SPD,assay_envelope,0.25,native__gnina,one_bounded,930,341,0,4165,4165,2562.0,0.6193636154074491,0.6151260504201681,,,,,,,,
SPD,assay_envelope,0.25,native__gnina,both_bounded,930,30,0,221,221,132.0,0.6253950678950679,0.5972850678733032,,,,,,,,
SPD,assay_envelope,0.25,native__nesso_affinity,all_determinate,930,377,0,6362,6362,3719.0,0.5553065569079979,0.5845646023263125,,,,,,,,
SPD,assay_envelope,0.25,native__nesso_affinity,both_exact,930,252,0,1976,1976,1120.0,0.5430473480076655,0.5668016194331984,,,,,,,,
SPD,assay_envelope,0.25,native__nesso_affinity,one_bounded,930,341,0,4165,4165,2493.0,0.5717197654340219,0.5985594237695078,,,,,,,,
SPD,assay_envelope,0.25,native__nesso_affinity,both_bounded,930,30,0,221,221,106.0,0.5002080327080327,0.4796380090497738,,,,,,,,
SPD,assay_envelope,0.25,native__nesso_binary,all_determinate,930,377,0,6362,6362,4106.0,0.6241108114447099,0.6453945300220056,,,,,,,,
SPD,assay_envelope,0.25,native__nesso_binary,both_exact,930,252,0,1976,1976,1195.0,0.5981290608274734,0.604757085020243,,,,,,,,
SPD,assay_envelope,0.25,native__nesso_binary,one_bounded,930,341,0,4165,4165,2772.0,0.6485275481897146,0.6655462184873949,,,,,,,,
SPD,assay_envelope,0.25,native__nesso_binary,both_bounded,930,30,0,221,221,139.0,0.6675372775372775,0.6289592760180995,,,,,,,,
SPD,assay_envelope,0.25,native__raw_ad4,all_determinate,930,377,0,6362,6362,3523.0,0.5446264237695985,0.5537566802892172,,,,,,,,
SPD,assay_envelope,0.25,native__raw_ad4,both_exact,930,252,0,1976,1976,1054.5,0.5171640822434473,0.5336538461538461,,,,,,,,
SPD,assay_envelope,0.25,native__raw_ad4,one_bounded,930,341,0,4165,4165,2324.5,0.557069880410956,0.5581032412965186,,,,,,,,
SPD,assay_envelope,0.25,native__raw_ad4,both_bounded,930,30,0,221,221,144.0,0.7042196692196693,0.6515837104072398,,,,,,,,
SPD,assay_envelope,0.25,native__raw_gnina_own,all_determinate,930,377,0,6362,6362,3828.0,0.631072966096694,0.6016975793775542,,,,,,,,
SPD,assay_envelope,0.25,native__raw_gnina_own,both_exact,930,252,0,1976,1976,1164.0,0.6043293860754178,0.5890688259109311,,,,,,,,
SPD,assay_envelope,0.25,native__raw_gnina_own,one_bounded,930,341,0,4165,4165,2553.0,0.6357324856486293,0.6129651860744297,,,,,,,,
SPD,assay_envelope,0.25,native__raw_gnina_own,both_bounded,930,30,0,221,221,111.0,0.4795088245088245,0.502262443438914,,,,,,,,
SPD,assay_envelope,0.25,native__vina,all_determinate,930,377,0,6362,6362,3807.5,0.5814841965842665,0.5984753222257152,,,,,,,,
SPD,assay_envelope,0.25,native__vina,both_exact,930,252,0,1976,1976,1044.0,0.5085217729066935,0.52834008097166,,,,,,,,
SPD,assay_envelope,0.25,native__vina,one_bounded,930,341,0,4165,4165,2599.0,0.608529829001379,0.6240096038415366,,,,,,,,
SPD,assay_envelope,0.25,native__vina,both_bounded,930,30,0,221,221,164.5,0.7757657157657157,0.744343891402715,,,,,,,,
SPD,assay_envelope,0.5,target_prior,all_determinate,930,377,0,6362,6362,4103.0,0.6009198211648693,0.6449229801949072,7016,1138,908,378,0.2839157311013159,0.27843169260196726,0.8052879659908275,0.8931623117178422
SPD,assay_envelope,0.5,target_prior,both_exact,930,252,0,1976,1976,1207.0,0.5907362552203823,0.6108299595141701,,,,,,,,
SPD,assay_envelope,0.5,target_prior,one_bounded,930,341,0,4165,4165,2776.0,0.6187574466474505,0.6665066026410564,,,,,,,,
SPD,assay_envelope,0.5,target_prior,both_bounded,930,30,0,221,221,120.0,0.6290462315462315,0.5429864253393665,,,,,,,,
SPD,assay_envelope,0.5,chemistry,all_determinate,930,377,0,6362,6362,4528.0,0.6941999860895925,0.7117258723671801,7016,1138,908,378,0.2172328734553845,0.21726826795978546,0.6852638354871848,0.7312056867587872
SPD,assay_envelope,0.5,chemistry,both_exact,930,252,0,1976,1976,1299.0,0.624562614046741,0.6573886639676113,,,,,,,,
SPD,assay_envelope,0.5,chemistry,one_bounded,930,341,0,4165,4165,3091.0,0.7228032169885843,0.7421368547418967,,,,,,,,
SPD,assay_envelope,0.5,chemistry,both_bounded,930,30,0,221,221,138.0,0.7047993672993673,0.6244343891402715,,,,,,,,
SPD,assay_envelope,0.5,calibrated__boltz_affinity,all_determinate,930,377,0,6362,6362,4332.0,0.6523547590104473,0.6809179503300848,7016,1138,908,378,0.22400068272678852,0.2169417562921554,0.7678194129338854,0.7638414155338433
SPD,assay_envelope,0.5,calibrated__boltz_affinity,both_exact,930,252,0,1976,1976,1273.0,0.6117341212579308,0.6442307692307693,,,,,,,,
SPD,assay_envelope,0.5,calibrated__boltz_affinity,one_bounded,930,341,0,4165,4165,2897.0,0.6602394698925652,0.6955582232893157,,,,,,,,
SPD,assay_envelope,0.5,calibrated__boltz_affinity,both_bounded,930,30,0,221,221,162.0,0.7442173567173568,0.7330316742081447,,,,,,,,
SPD,assay_envelope,0.5,availability__boltz_affinity,all_determinate,930,377,0,6362,6362,4528.0,0.6941999860895925,0.7117258723671801,7016,1138,908,378,0.21723954510434315,0.21727112210613223,0.6852568599445745,0.7311992915538427
SPD,assay_envelope,0.5,availability__boltz_affinity,both_exact,930,252,0,1976,1976,1299.0,0.624562614046741,0.6573886639676113,,,,,,,,
SPD,assay_envelope,0.5,availability__boltz_affinity,one_bounded,930,341,0,4165,4165,3091.0,0.7228032169885843,0.7421368547418967,,,,,,,,
SPD,assay_envelope,0.5,availability__boltz_affinity,both_bounded,930,30,0,221,221,138.0,0.7047993672993673,0.6244343891402715,,,,,,,,
SPD,assay_envelope,0.5,plus__boltz_affinity,all_determinate,930,377,0,6362,6362,4659.0,0.714526713391386,0.7323168814838101,7016,1138,908,378,0.18957477663076483,0.18743202892309355,0.684843028662395,0.6697064927899788
SPD,assay_envelope,0.5,plus__boltz_affinity,both_exact,930,252,0,1976,1976,1369.0,0.6565424654710368,0.6928137651821862,,,,,,,,
SPD,assay_envelope,0.5,plus__boltz_affinity,one_bounded,930,341,0,4165,4165,3118.0,0.7264629352981402,0.7486194477791116,,,,,,,,
SPD,assay_envelope,0.5,plus__boltz_affinity,both_bounded,930,30,0,221,221,172.0,0.8122557997557998,0.7782805429864253,,,,,,,,
SPD,assay_envelope,0.5,calibrated__boltz_binary,all_determinate,930,377,0,6362,6362,4240.0,0.6595275694211716,0.6664570889657341,7016,1138,908,378,0.246294147726854,0.23913060959739268,0.7481289502062434,0.7973144692265371
SPD,assay_envelope,0.5,calibrated__boltz_binary,both_exact,930,252,0,1976,1976,1227.0,0.5959998702062194,0.6209514170040485,,,,,,,,
SPD,assay_envelope,0.5,calibrated__boltz_binary,one_bounded,930,341,0,4165,4165,2851.0,0.6740146880000427,0.6845138055222089,,,,,,,,
SPD,assay_envelope,0.5,calibrated__boltz_binary,both_bounded,930,30,0,221,221,162.0,0.7395512820512821,0.7330316742081447,,,,,,,,
SPD,assay_envelope,0.5,availability__boltz_binary,all_determinate,930,377,0,6362,6362,4528.0,0.6941999860895925,0.7117258723671801,7016,1138,908,378,0.21723954510434315,0.21727112210613223,0.6852568599445745,0.7311992915538427
SPD,assay_envelope,0.5,availability__boltz_binary,both_exact,930,252,0,1976,1976,1299.0,0.624562614046741,0.6573886639676113,,,,,,,,
SPD,assay_envelope,0.5,availability__boltz_binary,one_bounded,930,341,0,4165,4165,3091.0,0.7228032169885843,0.7421368547418967,,,,,,,,
SPD,assay_envelope,0.5,availability__boltz_binary,both_bounded,930,30,0,221,221,138.0,0.7047993672993673,0.6244343891402715,,,,,,,,
SPD,assay_envelope,0.5,plus__boltz_binary,all_determinate,930,377,0,6362,6362,4634.0,0.7199029458782096,0.7283872995913235,7016,1138,908,378,0.19598916546375258,0.19298227087528094,0.647651417570702,0.673740512662618
SPD,assay_envelope,0.5,plus__boltz_binary,both_exact,930,252,0,1976,1976,1327.0,0.6138810630874122,0.6715587044534413,,,,,,,,
SPD,assay_envelope,0.5,plus__boltz_binary,one_bounded,930,341,0,4165,4165,3132.0,0.7467357638941042,0.7519807923169267,,,,,,,,
SPD,assay_envelope,0.5,plus__boltz_binary,both_bounded,930,30,0,221,221,175.0,0.7955881155881157,0.7918552036199095,,,,,,,,
SPD,assay_envelope,0.5,calibrated__boltzina_vina_far_affinity,all_determinate,930,377,0,6362,6362,4383.0,0.6599457221986015,0.6889342973907576,7016,1138,908,378,0.2221347492489056,0.21544306259805726,0.7667690395274809,0.7608861527543453
SPD,assay_envelope,0.5,calibrated__boltzina_vina_far_affinity,both_exact,930,252,0,1976,1976,1308.0,0.6282668903700649,0.6619433198380567,,,,,,,,
SPD,assay_envelope,0.5,calibrated__boltzina_vina_far_affinity,one_bounded,930,341,0,4165,4165,2916.0,0.6666229261761305,0.7001200480192077,,,,,,,,
SPD,assay_envelope,0.5,calibrated__boltzina_vina_far_affinity,both_bounded,930,30,0,221,221,159.0,0.753933658933659,0.7194570135746606,,,,,,,,
SPD,assay_envelope,0.5,availability__boltzina_vina_far_affinity,all_determinate,930,377,0,6362,6362,4529.0,0.6942686711491522,0.7118830556428796,7016,1138,908,378,0.21734060524481794,0.21734755793718052,0.6854211291696946,0.7313527299798734
SPD,assay_envelope,0.5,availability__boltzina_vina_far_affinity,both_exact,930,252,0,1976,1976,1299.0,0.6278694923536193,0.6573886639676113,,,,,,,,
SPD,assay_envelope,0.5,availability__boltzina_vina_far_affinity,one_bounded,930,341,0,4165,4165,3092.0,0.7228039519638524,0.7423769507803121,,,,,,,,
SPD,assay_envelope,0.5,availability__boltzina_vina_far_affinity,both_bounded,930,30,0,221,221,138.0,0.7047993672993673,0.6244343891402715,,,,,,,,
SPD,assay_envelope,0.5,plus__boltzina_vina_far_affinity,all_determinate,930,377,0,6362,6362,4644.0,0.7058895099683788,0.7299591323483181,7016,1138,908,378,0.188607428025454,0.18741571355097789,0.6875678343943261,0.6703241684485339
SPD,assay_envelope,0.5,plus__boltzina_vina_far_affinity,both_exact,930,252,0,1976,1976,1384.0,0.6635215534025058,0.7004048582995951,,,,,,,,
SPD,assay_envelope,0.5,plus__boltzina_vina_far_affinity,one_bounded,930,341,0,4165,4165,3091.0,0.7172100196289295,0.7421368547418967,,,,,,,,
SPD,assay_envelope,0.5,plus__boltzina_vina_far_affinity,both_bounded,930,30,0,221,221,169.0,0.8080891330891332,0.7647058823529411,,,,,,,,
SPD,assay_envelope,0.5,calibrated__boltzina_vina_far_binary,all_determinate,930,377,0,6362,6362,4356.0,0.6754198113421218,0.6846903489468721,7016,1138,908,378,0.23693340659618858,0.22954972567611212,0.7214151343699167,0.7653131840227666
SPD,assay_envelope,0.5,calibrated__boltzina_vina_far_binary,both_exact,930,252,0,1976,1976,1245.0,0.6052995945853089,0.6300607287449392,,,,,,,,
SPD,assay_envelope,0.5,calibrated__boltzina_vina_far_binary,one_bounded,930,341,0,4165,4165,2939.0,0.6935085315793419,0.7056422569027611,,,,,,,,
SPD,assay_envelope,0.5,calibrated__boltzina_vina_far_binary,both_bounded,930,30,0,221,221,172.0,0.763456450956451,0.7782805429864253,,,,,,,,
SPD,assay_envelope,0.5,availability__boltzina_vina_far_binary,all_determinate,930,377,0,6362,6362,4529.0,0.6942686711491522,0.7118830556428796,7016,1138,908,378,0.21734060524481794,0.21734755793718052,0.6854211291696946,0.7313527299798734
SPD,assay_envelope,0.5,availability__boltzina_vina_far_binary,both_exact,930,252,0,1976,1976,1299.0,0.6278694923536193,0.6573886639676113,,,,,,,,
SPD,assay_envelope,0.5,availability__boltzina_vina_far_binary,one_bounded,930,341,0,4165,4165,3092.0,0.7228039519638524,0.7423769507803121,,,,,,,,
SPD,assay_envelope,0.5,availability__boltzina_vina_far_binary,both_bounded,930,30,0,221,221,138.0,0.7047993672993673,0.6244343891402715,,,,,,,,
SPD,assay_envelope,0.5,plus__boltzina_vina_far_binary,all_determinate,930,377,0,6362,6362,4629.0,0.7132241696732267,0.7276013832128262,7016,1138,908,378,0.19483461727059434,0.19222895945222734,0.6480995082836203,0.6713974523851809
SPD,assay_envelope,0.5,plus__boltzina_vina_far_binary,both_exact,930,252,0,1976,1976,1329.0,0.6351696290188353,0.6725708502024291,,,,,,,,
SPD,assay_envelope,0.5,plus__boltzina_vina_far_binary,one_bounded,930,341,0,4165,4165,3121.0,0.7341159748701408,0.7493397358943578,,,,,,,,
SPD,assay_envelope,0.5,plus__boltzina_vina_far_binary,both_bounded,930,30,0,221,221,179.0,0.8123626373626374,0.8099547511312217,,,,,,,,
SPD,assay_envelope,0.5,calibrated__boltzina_vina_zero_affinity,all_determinate,930,377,0,6362,6362,4383.0,0.6599457221986015,0.6889342973907576,7016,1138,908,378,0.2221340466305367,0.21544239187116898,0.7667666739475142,0.7608840204215274
SPD,assay_envelope,0.5,calibrated__boltzina_vina_zero_affinity,both_exact,930,252,0,1976,1976,1308.0,0.6282668903700649,0.6619433198380567,,,,,,,,
SPD,assay_envelope,0.5,calibrated__boltzina_vina_zero_affinity,one_bounded,930,341,0,4165,4165,2916.0,0.6666229261761305,0.7001200480192077,,,,,,,,
SPD,assay_envelope,0.5,calibrated__boltzina_vina_zero_affinity,both_bounded,930,30,0,221,221,159.0,0.753933658933659,0.7194570135746606,,,,,,,,
SPD,assay_envelope,0.5,availability__boltzina_vina_zero_affinity,all_determinate,930,377,0,6362,6362,4529.0,0.6942686711491522,0.7118830556428796,7016,1138,908,378,0.21734060524481794,0.21734755793718052,0.6854211291696946,0.7313527299798734
SPD,assay_envelope,0.5,availability__boltzina_vina_zero_affinity,both_exact,930,252,0,1976,1976,1299.0,0.6278694923536193,0.6573886639676113,,,,,,,,
SPD,assay_envelope,0.5,availability__boltzina_vina_zero_affinity,one_bounded,930,341,0,4165,4165,3092.0,0.7228039519638524,0.7423769507803121,,,,,,,,
SPD,assay_envelope,0.5,availability__boltzina_vina_zero_affinity,both_bounded,930,30,0,221,221,138.0,0.7047993672993673,0.6244343891402715,,,,,,,,
SPD,assay_envelope,0.5,plus__boltzina_vina_zero_affinity,all_determinate,930,377,0,6362,6362,4644.0,0.7058895099683788,0.7299591323483181,7016,1138,908,378,0.18860611080709525,0.18741455440456417,0.6875697795697281,0.6703243179802454
SPD,assay_envelope,0.5,plus__boltzina_vina_zero_affinity,both_exact,930,252,0,1976,1976,1384.0,0.6635215534025058,0.7004048582995951,,,,,,,,
SPD,assay_envelope,0.5,plus__boltzina_vina_zero_affinity,one_bounded,930,341,0,4165,4165,3091.0,0.7172100196289295,0.7421368547418967,,,,,,,,
SPD,assay_envelope,0.5,plus__boltzina_vina_zero_affinity,both_bounded,930,30,0,221,221,169.0,0.8080891330891332,0.7647058823529411,,,,,,,,
SPD,assay_envelope,0.5,calibrated__boltzina_vina_zero_binary,all_determinate,930,377,0,6362,6362,4356.0,0.6754198113421218,0.6846903489468721,7016,1138,908,378,0.23693369292720814,0.22954998272261107,0.721416275683171,0.7653153686518025
SPD,assay_envelope,0.5,calibrated__boltzina_vina_zero_binary,both_exact,930,252,0,1976,1976,1245.0,0.6052995945853089,0.6300607287449392,,,,,,,,
SPD,assay_envelope,0.5,calibrated__boltzina_vina_zero_binary,one_bounded,930,341,0,4165,4165,2939.0,0.6935085315793419,0.7056422569027611,,,,,,,,
SPD,assay_envelope,0.5,calibrated__boltzina_vina_zero_binary,both_bounded,930,30,0,221,221,172.0,0.763456450956451,0.7782805429864253,,,,,,,,
SPD,assay_envelope,0.5,availability__boltzina_vina_zero_binary,all_determinate,930,377,0,6362,6362,4529.0,0.6942686711491522,0.7118830556428796,7016,1138,908,378,0.21734060524481794,0.21734755793718052,0.6854211291696946,0.7313527299798734
SPD,assay_envelope,0.5,availability__boltzina_vina_zero_binary,both_exact,930,252,0,1976,1976,1299.0,0.6278694923536193,0.6573886639676113,,,,,,,,
SPD,assay_envelope,0.5,availability__boltzina_vina_zero_binary,one_bounded,930,341,0,4165,4165,3092.0,0.7228039519638524,0.7423769507803121,,,,,,,,
SPD,assay_envelope,0.5,availability__boltzina_vina_zero_binary,both_bounded,930,30,0,221,221,138.0,0.7047993672993673,0.6244343891402715,,,,,,,,
SPD,assay_envelope,0.5,plus__boltzina_vina_zero_binary,all_determinate,930,377,0,6362,6362,4629.0,0.7132241696732267,0.7276013832128262,7016,1138,908,378,0.19483492588148965,0.19222922851470933,0.6480980683921773,0.6713974490035826
SPD,assay_envelope,0.5,plus__boltzina_vina_zero_binary,both_exact,930,252,0,1976,1976,1329.0,0.6351696290188353,0.6725708502024291,,,,,,,,
SPD,assay_envelope,0.5,plus__boltzina_vina_zero_binary,one_bounded,930,341,0,4165,4165,3121.0,0.7341159748701408,0.7493397358943578,,,,,,,,
SPD,assay_envelope,0.5,plus__boltzina_vina_zero_binary,both_bounded,930,30,0,221,221,179.0,0.8123626373626374,0.8099547511312217,,,,,,,,
SPD,assay_envelope,0.5,calibrated__gnina,all_determinate,930,377,0,6362,6362,4197.0,0.638029393523382,0.659698208110657,7016,1138,908,378,0.2633483066767138,0.2584046996894164,0.7889104746742358,0.8624484123131027
SPD,assay_envelope,0.5,calibrated__gnina,both_exact,930,252,0,1976,1976,1227.0,0.5993049352176336,0.6209514170040485,,,,,,,,
SPD,assay_envelope,0.5,calibrated__gnina,one_bounded,930,341,0,4165,4165,2834.0,0.652266923076126,0.6804321728691477,,,,,,,,
SPD,assay_envelope,0.5,calibrated__gnina,both_bounded,930,30,0,221,221,136.0,0.6807240907240908,0.6153846153846154,,,,,,,,
SPD,assay_envelope,0.5,availability__gnina,all_determinate,930,377,0,6362,6362,4526.0,0.6937916911212499,0.7114115058157812,7016,1138,908,378,0.21698490626721614,0.21711061389480288,0.6857953487768081,0.7317525623687041
SPD,assay_envelope,0.5,availability__gnina,both_exact,930,252,0,1976,1976,1298.0,0.6239012383853654,0.6568825910931174,,,,,,,,
SPD,assay_envelope,0.5,availability__gnina,one_bounded,930,341,0,4165,4165,3090.0,0.7224541037362453,0.7418967587034814,,,,,,,,
SPD,assay_envelope,0.5,availability__gnina,both_bounded,930,30,0,221,221,138.0,0.7047993672993673,0.6244343891402715,,,,,,,,
SPD,assay_envelope,0.5,plus__gnina,all_determinate,930,377,0,6362,6362,4590.0,0.7056442591403222,0.721471235460547,7016,1138,908,378,0.2043626060725763,0.20384710431465097,0.6842482148421318,0.7096426291207185
SPD,assay_envelope,0.5,plus__gnina,both_exact,930,252,0,1976,1976,1338.0,0.6241299999236507,0.6771255060728745,,,,,,,,
SPD,assay_envelope,0.5,plus__gnina,one_bounded,930,341,0,4165,4165,3099.0,0.7299285367033244,0.7440576230492197,,,,,,,,
SPD,assay_envelope,0.5,plus__gnina,both_bounded,930,30,0,221,221,153.0,0.7513449513449514,0.6923076923076923,,,,,,,,
SPD,assay_envelope,0.5,calibrated__nesso_affinity,all_determinate,930,377,0,6362,6362,4441.0,0.6719148940029804,0.6980509273813267,7016,1138,908,378,0.23133515285368025,0.2258239537089065,0.7480232231665473,0.7806284555673482
SPD,assay_envelope,0.5,calibrated__nesso_affinity,both_exact,930,252,0,1976,1976,1289.0,0.6076700489398902,0.6523279352226721,,,,,,,,
SPD,assay_envelope,0.5,calibrated__nesso_affinity,one_bounded,930,341,0,4165,4165,3010.0,0.6955279692660583,0.7226890756302521,,,,,,,,
SPD,assay_envelope,0.5,calibrated__nesso_affinity,both_bounded,930,30,0,221,221,142.0,0.6812409812409812,0.6425339366515838,,,,,,,,
SPD,assay_envelope,0.5,availability__nesso_affinity,all_determinate,930,377,0,6362,6362,4526.0,0.6937916911212499,0.7114115058157812,7016,1138,908,378,0.21698490626721614,0.21711061389480288,0.6857953487768081,0.7317525623687041
SPD,assay_envelope,0.5,availability__nesso_affinity,both_exact,930,252,0,1976,1976,1298.0,0.6239012383853654,0.6568825910931174,,,,,,,,
SPD,assay_envelope,0.5,availability__nesso_affinity,one_bounded,930,341,0,4165,4165,3090.0,0.7224541037362453,0.7418967587034814,,,,,,,,
SPD,assay_envelope,0.5,availability__nesso_affinity,both_bounded,930,30,0,221,221,138.0,0.7047993672993673,0.6244343891402715,,,,,,,,
SPD,assay_envelope,0.5,plus__nesso_affinity,all_determinate,930,377,0,6362,6362,4707.0,0.7218289801663016,0.7398616787173845,7016,1138,908,378,0.1872894811488552,0.18592195449882415,0.6568393789708762,0.6671449080049676
SPD,assay_envelope,0.5,plus__nesso_affinity,both_exact,930,252,0,1976,1976,1382.0,0.6540245615642439,0.6993927125506073,,,,,,,,
SPD,assay_envelope,0.5,plus__nesso_affinity,one_bounded,930,341,0,4165,4165,3180.0,0.7450026566681596,0.7635054021608644,,,,,,,,
SPD,assay_envelope,0.5,plus__nesso_affinity,both_bounded,930,30,0,221,221,145.0,0.7083177008177007,0.6561085972850679,,,,,,,,
SPD,assay_envelope,0.5,calibrated__nesso_binary,all_determinate,930,377,0,6362,6362,4412.0,0.6733890061797521,0.6934926123860421,7016,1138,908,378,0.22629866501578444,0.22164355512055373,0.7346150716682462,0.7556876676810956
SPD,assay_envelope,0.5,calibrated__nesso_binary,both_exact,930,252,0,1976,1976,1279.0,0.609161245867595,0.6472672064777328,,,,,,,,
SPD,assay_envelope,0.5,calibrated__nesso_binary,one_bounded,930,341,0,4165,4165,2963.0,0.6943306848847955,0.7114045618247299,,,,,,,,
SPD,assay_envelope,0.5,calibrated__nesso_binary,both_bounded,930,30,0,221,221,170.0,0.7947466422466422,0.7692307692307693,,,,,,,,
SPD,assay_envelope,0.5,availability__nesso_binary,all_determinate,930,377,0,6362,6362,4526.0,0.6937916911212499,0.7114115058157812,7016,1138,908,378,0.21698490626721614,0.21711061389480288,0.6857953487768081,0.7317525623687041
SPD,assay_envelope,0.5,availability__nesso_binary,both_exact,930,252,0,1976,1976,1298.0,0.6239012383853654,0.6568825910931174,,,,,,,,
SPD,assay_envelope,0.5,availability__nesso_binary,one_bounded,930,341,0,4165,4165,3090.0,0.7224541037362453,0.7418967587034814,,,,,,,,
SPD,assay_envelope,0.5,availability__nesso_binary,both_bounded,930,30,0,221,221,138.0,0.7047993672993673,0.6244343891402715,,,,,,,,
SPD,assay_envelope,0.5,plus__nesso_binary,all_determinate,930,377,0,6362,6362,4651.0,0.716532160054104,0.7310594152782144,7016,1138,908,378,0.19228438521950775,0.19100635634370783,0.6672303704093224,0.6773629194616608
SPD,assay_envelope,0.5,plus__nesso_binary,both_exact,930,252,0,1976,1976,1356.0,0.6381619482809958,0.6862348178137652,,,,,,,,
SPD,assay_envelope,0.5,plus__nesso_binary,one_bounded,930,341,0,4165,4165,3132.0,0.7379200800907236,0.7519807923169267,,,,,,,,
SPD,assay_envelope,0.5,plus__nesso_binary,both_bounded,930,30,0,221,221,163.0,0.7790059015059015,0.7375565610859729,,,,,,,,
SPD,assay_envelope,0.5,calibrated__raw_ad4,all_determinate,930,377,0,6362,6362,4129.0,0.6142217122047525,0.6490097453630934,7016,1138,908,378,0.27579069275917545,0.2718847241851883,0.7952113258404886,0.8839054613426597
SPD,assay_envelope,0.5,calibrated__raw_ad4,both_exact,930,252,0,1976,1976,1216.0,0.6143115776052284,0.6153846153846154,,,,,,,,
SPD,assay_envelope,0.5,calibrated__raw_ad4,one_bounded,930,341,0,4165,4165,2792.0,0.6279792234506225,0.6703481392557022,,,,,,,,
SPD,assay_envelope,0.5,calibrated__raw_ad4,both_bounded,930,30,0,221,221,121.0,0.6365991415991415,0.5475113122171946,,,,,,,,
SPD,assay_envelope,0.5,availability__raw_ad4,all_determinate,930,377,0,6362,6362,4526.0,0.6937916911212499,0.7114115058157812,7016,1138,908,378,0.21698490626721614,0.21711061389480288,0.6857953487768081,0.7317525623687041
SPD,assay_envelope,0.5,availability__raw_ad4,both_exact,930,252,0,1976,1976,1298.0,0.6239012383853654,0.6568825910931174,,,,,,,,
SPD,assay_envelope,0.5,availability__raw_ad4,one_bounded,930,341,0,4165,4165,3090.0,0.7224541037362453,0.7418967587034814,,,,,,,,
SPD,assay_envelope,0.5,availability__raw_ad4,both_bounded,930,30,0,221,221,138.0,0.7047993672993673,0.6244343891402715,,,,,,,,
SPD,assay_envelope,0.5,plus__raw_ad4,all_determinate,930,377,0,6362,6362,4609.0,0.7137807674142342,0.7244577176988368,7016,1138,908,378,0.20746034772774227,0.20806513759228248,0.6709360844484913,0.7058520239602585
SPD,assay_envelope,0.5,plus__raw_ad4,both_exact,930,252,0,1976,1976,1326.0,0.6489946708200676,0.6710526315789473,,,,,,,,
SPD,assay_envelope,0.5,plus__raw_ad4,one_bounded,930,341,0,4165,4165,3130.0,0.7407645056617854,0.751500600240096,,,,,,,,
SPD,assay_envelope,0.5,plus__raw_ad4,both_bounded,930,30,0,221,221,153.0,0.7461424686424688,0.6923076923076923,,,,,,,,
SPD,assay_envelope,0.5,calibrated__raw_gnina_own,all_determinate,930,377,0,6362,6362,4194.0,0.6387109015172339,0.6592266582835586,7016,1138,908,378,0.2650564750490057,0.2605531846298738,0.7874258033120386,0.861853810407658
SPD,assay_envelope,0.5,calibrated__raw_gnina_own,both_exact,930,252,0,1976,1976,1224.0,0.5862124647838933,0.6194331983805668,,,,,,,,
SPD,assay_envelope,0.5,calibrated__raw_gnina_own,one_bounded,930,341,0,4165,4165,2846.0,0.6580072803554895,0.683313325330132,,,,,,,,
SPD,assay_envelope,0.5,calibrated__raw_gnina_own,both_bounded,930,30,0,221,221,124.0,0.6349448699448698,0.5610859728506787,,,,,,,,
SPD,assay_envelope,0.5,availability__raw_gnina_own,all_determinate,930,377,0,6362,6362,4526.0,0.6937916911212499,0.7114115058157812,7016,1138,908,378,0.2170000825497263,0.2171225254916604,0.6857834348602188,0.7317397380687369
SPD,assay_envelope,0.5,availability__raw_gnina_own,both_exact,930,252,0,1976,1976,1298.0,0.6239012383853654,0.6568825910931174,,,,,,,,
SPD,assay_envelope,0.5,availability__raw_gnina_own,one_bounded,930,341,0,4165,4165,3090.0,0.7224541037362453,0.7418967587034814,,,,,,,,
SPD,assay_envelope,0.5,availability__raw_gnina_own,both_bounded,930,30,0,221,221,138.0,0.7047993672993673,0.6244343891402715,,,,,,,,
SPD,assay_envelope,0.5,plus__raw_gnina_own,all_determinate,930,377,0,6362,6362,4604.0,0.7110106159716796,0.7236718013203395,7016,1138,908,378,0.20291371201147373,0.20237253996576413,0.680122204753331,0.7033883066652786
SPD,assay_envelope,0.5,plus__raw_gnina_own,both_exact,930,252,0,1976,1976,1311.0,0.6183331806347679,0.6634615384615384,,,,,,,,
SPD,assay_envelope,0.5,plus__raw_gnina_own,one_bounded,930,341,0,4165,4165,3139.0,0.7416030717415371,0.7536614645858344,,,,,,,,
SPD,assay_envelope,0.5,plus__raw_gnina_own,both_bounded,930,30,0,221,221,154.0,0.7481939356939357,0.6968325791855203,,,,,,,,
SPD,assay_envelope,0.5,calibrated__vina,all_determinate,930,377,0,6362,6362,4112.0,0.6099669708703279,0.6463376296762025,7016,1138,908,378,0.27453262266999157,0.27103354291245146,0.7972102172452464,0.8821031423166773
SPD,assay_envelope,0.5,calibrated__vina,both_exact,930,252,0,1976,1976,1185.0,0.5973058246867772,0.5996963562753036,,,,,,,,
SPD,assay_envelope,0.5,calibrated__vina,one_bounded,930,341,0,4165,4165,2796.0,0.6273273247318983,0.6713085234093638,,,,,,,,
SPD,assay_envelope,0.5,calibrated__vina,both_bounded,930,30,0,221,221,131.0,0.6705918155918156,0.5927601809954751,,,,,,,,
SPD,assay_envelope,0.5,availability__vina,all_determinate,930,377,0,6362,6362,4526.0,0.6937916911212499,0.7114115058157812,7016,1138,908,378,0.21698490626721614,0.21711061389480288,0.6857953487768081,0.7317525623687041
SPD,assay_envelope,0.5,availability__vina,both_exact,930,252,0,1976,1976,1298.0,0.6239012383853654,0.6568825910931174,,,,,,,,
SPD,assay_envelope,0.5,availability__vina,one_bounded,930,341,0,4165,4165,3090.0,0.7224541037362453,0.7418967587034814,,,,,,,,
SPD,assay_envelope,0.5,availability__vina,both_bounded,930,30,0,221,221,138.0,0.7047993672993673,0.6244343891402715,,,,,,,,
SPD,assay_envelope,0.5,plus__vina,all_determinate,930,377,0,6362,6362,4624.0,0.7189698468183515,0.7268154668343288,7016,1138,908,378,0.2040331494902405,0.20538499307196767,0.6739773866529474,0.7067598994699651
SPD,assay_envelope,0.5,plus__vina,both_exact,930,252,0,1976,1976,1317.0,0.6472467494292891,0.666497975708502,,,,,,,,
SPD,assay_envelope,0.5,plus__vina,one_bounded,930,341,0,4165,4165,3153.0,0.7455600446197996,0.7570228091236495,,,,,,,,
SPD,assay_envelope,0.5,plus__vina,both_bounded,930,30,0,221,221,154.0,0.7525842675842677,0.6968325791855203,,,,,,,,
SPD,assay_envelope,0.5,native__boltz_affinity,all_determinate,930,377,0,6362,6362,3811.0,0.5657790968737226,0.5990254636906633,,,,,,,,
SPD,assay_envelope,0.5,native__boltz_affinity,both_exact,930,252,0,1976,1976,1201.0,0.5909877306702703,0.6077935222672065,,,,,,,,
SPD,assay_envelope,0.5,native__boltz_affinity,one_bounded,930,341,0,4165,4165,2481.0,0.561792076614662,0.5956782713085234,,,,,,,,
SPD,assay_envelope,0.5,native__boltz_affinity,both_bounded,930,30,0,221,221,129.0,0.5785669885669886,0.583710407239819,,,,,,,,
SPD,assay_envelope,0.5,native__boltz_binary,all_determinate,930,377,0,6362,6362,4382.0,0.6687217269754823,0.6887771141150582,,,,,,,,
SPD,assay_envelope,0.5,native__boltz_binary,both_exact,930,252,0,1976,1976,1304.0,0.611235369568703,0.659919028340081,,,,,,,,
SPD,assay_envelope,0.5,native__boltz_binary,one_bounded,930,341,0,4165,4165,2930.0,0.6791693533149108,0.7034813925570228,,,,,,,,
SPD,assay_envelope,0.5,native__boltz_binary,both_bounded,930,30,0,221,221,148.0,0.6921355496355498,0.669683257918552,,,,,,,,
SPD,assay_envelope,0.5,native__boltzina_vina_far_affinity,all_determinate,930,377,0,6362,6362,3762.0,0.5679041420989718,0.5913234831813895,,,,,,,,
SPD,assay_envelope,0.5,native__boltzina_vina_far_affinity,both_exact,930,252,0,1976,1976,1193.0,0.5729262580453057,0.603744939271255,,,,,,,,
SPD,assay_envelope,0.5,native__boltzina_vina_far_affinity,one_bounded,930,341,0,4165,4165,2444.0,0.5699969496392506,0.5867947178871549,,,,,,,,
SPD,assay_envelope,0.5,native__boltzina_vina_far_affinity,both_bounded,930,30,0,221,221,125.0,0.5510397010397009,0.5656108597285068,,,,,,,,
SPD,assay_envelope,0.5,native__boltzina_vina_far_binary,all_determinate,930,377,0,6362,6362,4440.0,0.6768577604394237,0.6978937441056272,,,,,,,,
SPD,assay_envelope,0.5,native__boltzina_vina_far_binary,both_exact,930,252,0,1976,1976,1331.0,0.6294187147361751,0.673582995951417,,,,,,,,
SPD,assay_envelope,0.5,native__boltzina_vina_far_binary,one_bounded,930,341,0,4165,4165,2955.0,0.6897882314826562,0.709483793517407,,,,,,,,
SPD,assay_envelope,0.5,native__boltzina_vina_far_binary,both_bounded,930,30,0,221,221,154.0,0.6863795463795465,0.6968325791855203,,,,,,,,
SPD,assay_envelope,0.5,native__boltzina_vina_zero_affinity,all_determinate,930,377,0,6362,6362,3762.0,0.5679041420989718,0.5913234831813895,,,,,,,,
SPD,assay_envelope,0.5,native__boltzina_vina_zero_affinity,both_exact,930,252,0,1976,1976,1193.0,0.5729262580453057,0.603744939271255,,,,,,,,
SPD,assay_envelope,0.5,native__boltzina_vina_zero_affinity,one_bounded,930,341,0,4165,4165,2444.0,0.5699969496392506,0.5867947178871549,,,,,,,,
SPD,assay_envelope,0.5,native__boltzina_vina_zero_affinity,both_bounded,930,30,0,221,221,125.0,0.5510397010397009,0.5656108597285068,,,,,,,,
SPD,assay_envelope,0.5,native__boltzina_vina_zero_binary,all_determinate,930,377,0,6362,6362,4440.0,0.6768577604394237,0.6978937441056272,,,,,,,,
SPD,assay_envelope,0.5,native__boltzina_vina_zero_binary,both_exact,930,252,0,1976,1976,1331.0,0.6294187147361751,0.673582995951417,,,,,,,,
SPD,assay_envelope,0.5,native__boltzina_vina_zero_binary,one_bounded,930,341,0,4165,4165,2955.0,0.6897882314826562,0.709483793517407,,,,,,,,
SPD,assay_envelope,0.5,native__boltzina_vina_zero_binary,both_bounded,930,30,0,221,221,154.0,0.6863795463795465,0.6968325791855203,,,,,,,,
SPD,assay_envelope,0.5,native__gnina,all_determinate,930,377,0,6362,6362,3850.0,0.6171693297360323,0.6051556114429425,,,,,,,,
SPD,assay_envelope,0.5,native__gnina,both_exact,930,252,0,1976,1976,1156.0,0.5852580033135589,0.5850202429149798,,,,,,,,
SPD,assay_envelope,0.5,native__gnina,one_bounded,930,341,0,4165,4165,2562.0,0.6193636154074491,0.6151260504201681,,,,,,,,
SPD,assay_envelope,0.5,native__gnina,both_bounded,930,30,0,221,221,132.0,0.6253950678950679,0.5972850678733032,,,,,,,,
SPD,assay_envelope,0.5,native__nesso_affinity,all_determinate,930,377,0,6362,6362,3719.0,0.5553065569079979,0.5845646023263125,,,,,,,,
SPD,assay_envelope,0.5,native__nesso_affinity,both_exact,930,252,0,1976,1976,1120.0,0.5430473480076655,0.5668016194331984,,,,,,,,
SPD,assay_envelope,0.5,native__nesso_affinity,one_bounded,930,341,0,4165,4165,2493.0,0.5717197654340219,0.5985594237695078,,,,,,,,
SPD,assay_envelope,0.5,native__nesso_affinity,both_bounded,930,30,0,221,221,106.0,0.5002080327080327,0.4796380090497738,,,,,,,,
SPD,assay_envelope,0.5,native__nesso_binary,all_determinate,930,377,0,6362,6362,4106.0,0.6241108114447099,0.6453945300220056,,,,,,,,
SPD,assay_envelope,0.5,native__nesso_binary,both_exact,930,252,0,1976,1976,1195.0,0.5981290608274734,0.604757085020243,,,,,,,,
SPD,assay_envelope,0.5,native__nesso_binary,one_bounded,930,341,0,4165,4165,2772.0,0.6485275481897146,0.6655462184873949,,,,,,,,
SPD,assay_envelope,0.5,native__nesso_binary,both_bounded,930,30,0,221,221,139.0,0.6675372775372775,0.6289592760180995,,,,,,,,
SPD,assay_envelope,0.5,native__raw_ad4,all_determinate,930,377,0,6362,6362,3523.0,0.5446264237695985,0.5537566802892172,,,,,,,,
SPD,assay_envelope,0.5,native__raw_ad4,both_exact,930,252,0,1976,1976,1054.5,0.5171640822434473,0.5336538461538461,,,,,,,,
SPD,assay_envelope,0.5,native__raw_ad4,one_bounded,930,341,0,4165,4165,2324.5,0.557069880410956,0.5581032412965186,,,,,,,,
SPD,assay_envelope,0.5,native__raw_ad4,both_bounded,930,30,0,221,221,144.0,0.7042196692196693,0.6515837104072398,,,,,,,,
SPD,assay_envelope,0.5,native__raw_gnina_own,all_determinate,930,377,0,6362,6362,3828.0,0.631072966096694,0.6016975793775542,,,,,,,,
SPD,assay_envelope,0.5,native__raw_gnina_own,both_exact,930,252,0,1976,1976,1164.0,0.6043293860754178,0.5890688259109311,,,,,,,,
SPD,assay_envelope,0.5,native__raw_gnina_own,one_bounded,930,341,0,4165,4165,2553.0,0.6357324856486293,0.6129651860744297,,,,,,,,
SPD,assay_envelope,0.5,native__raw_gnina_own,both_bounded,930,30,0,221,221,111.0,0.4795088245088245,0.502262443438914,,,,,,,,
SPD,assay_envelope,0.5,native__vina,all_determinate,930,377,0,6362,6362,3807.5,0.5814841965842665,0.5984753222257152,,,,,,,,
SPD,assay_envelope,0.5,native__vina,both_exact,930,252,0,1976,1976,1044.0,0.5085217729066935,0.52834008097166,,,,,,,,
SPD,assay_envelope,0.5,native__vina,one_bounded,930,341,0,4165,4165,2599.0,0.608529829001379,0.6240096038415366,,,,,,,,
SPD,assay_envelope,0.5,native__vina,both_bounded,930,30,0,221,221,164.5,0.7757657157657157,0.744343891402715,,,,,,,,
SPD,assay_envelope,1.0,target_prior,all_determinate,930,377,0,6362,6362,4027.0,0.5980369754905411,0.6329770512417479,7016,1138,908,378,0.29069992685420215,0.2856225973329204,0.7929166269523927,0.8784312219398184
SPD,assay_envelope,1.0,target_prior,both_exact,930,252,0,1976,1976,1215.0,0.6000626064118126,0.6148785425101214,,,,,,,,
SPD,assay_envelope,1.0,target_prior,one_bounded,930,341,0,4165,4165,2694.0,0.6117381743185579,0.6468187274909964,,,,,,,,
SPD,assay_envelope,1.0,target_prior,both_bounded,930,30,0,221,221,118.0,0.6071546971546972,0.5339366515837104,,,,,,,,
SPD,assay_envelope,1.0,chemistry,all_determinate,930,377,0,6362,6362,4689.0,0.7162980519483535,0.7370323797547941,7016,1138,908,378,0.2020923241348697,0.2019910106305477,0.6343758074025513,0.6707610500455725
SPD,assay_envelope,1.0,chemistry,both_exact,930,252,0,1976,1976,1335.0,0.6389709643677898,0.6756072874493927,,,,,,,,
SPD,assay_envelope,1.0,chemistry,one_bounded,930,341,0,4165,4165,3194.0,0.7476338969643651,0.7668667466986795,,,,,,,,
SPD,assay_envelope,1.0,chemistry,both_bounded,930,30,0,221,221,160.0,0.7800362600362601,0.7239819004524887,,,,,,,,
SPD,assay_envelope,1.0,calibrated__boltz_affinity,all_determinate,930,377,0,6362,6362,4365.0,0.6611814931714242,0.6861049984281672,7016,1138,908,378,0.2240371965914223,0.2169774112683374,0.72978299091801,0.738498329620572
SPD,assay_envelope,1.0,calibrated__boltz_affinity,both_exact,930,252,0,1976,1976,1296.0,0.6230632095711461,0.6558704453441295,,,,,,,,
SPD,assay_envelope,1.0,calibrated__boltz_affinity,one_bounded,930,341,0,4165,4165,2908.0,0.6643954610762158,0.6981992797118848,,,,,,,,
SPD,assay_envelope,1.0,calibrated__boltz_affinity,both_bounded,930,30,0,221,221,161.0,0.7329900654900655,0.7285067873303167,,,,,,,,
SPD,assay_envelope,1.0,availability__boltz_affinity,all_determinate,930,377,0,6362,6362,4690.0,0.7168285559271335,0.7371895630304935,7016,1138,908,378,0.20211234124264968,0.20200252065610685,0.6343688802936644,0.6707525364342849
SPD,assay_envelope,1.0,availability__boltz_affinity,both_exact,930,252,0,1976,1976,1335.0,0.6389709643677898,0.6756072874493927,,,,,,,,
SPD,assay_envelope,1.0,availability__boltz_affinity,one_bounded,930,341,0,4165,4165,3195.0,0.7483670347942771,0.7671068427370948,,,,,,,,
SPD,assay_envelope,1.0,availability__boltz_affinity,both_bounded,930,30,0,221,221,160.0,0.7800362600362601,0.7239819004524887,,,,,,,,
SPD,assay_envelope,1.0,plus__boltz_affinity,all_determinate,930,377,0,6362,6362,4728.0,0.7180976708290507,0.7431625275070732,7016,1138,908,378,0.1823545433230567,0.1802191925121158,0.6394611016850998,0.6368248905458064
SPD,assay_envelope,1.0,plus__boltz_affinity,both_exact,930,252,0,1976,1976,1373.0,0.6523454499644976,0.694838056680162,,,,,,,,
SPD,assay_envelope,1.0,plus__boltz_affinity,one_bounded,930,341,0,4165,4165,3176.0,0.7320793166033297,0.7625450180072029,,,,,,,,
SPD,assay_envelope,1.0,plus__boltz_affinity,both_bounded,930,30,0,221,221,179.0,0.8472313797313797,0.8099547511312217,,,,,,,,
SPD,assay_envelope,1.0,calibrated__boltz_binary,all_determinate,930,377,0,6362,6362,4241.0,0.657930163523113,0.6666142722414335,7016,1138,908,378,0.2381265213047902,0.23049007554846065,0.711488233783723,0.7665227462674831
SPD,assay_envelope,1.0,calibrated__boltz_binary,both_exact,930,252,0,1976,1976,1227.0,0.5867702917306091,0.6209514170040485,,,,,,,,
SPD,assay_envelope,1.0,calibrated__boltz_binary,one_bounded,930,341,0,4165,4165,2846.0,0.6708222966181602,0.683313325330132,,,,,,,,
SPD,assay_envelope,1.0,calibrated__boltz_binary,both_bounded,930,30,0,221,221,168.0,0.7436292411292412,0.7601809954751131,,,,,,,,
SPD,assay_envelope,1.0,availability__boltz_binary,all_determinate,930,377,0,6362,6362,4690.0,0.7168285559271335,0.7371895630304935,7016,1138,908,378,0.20211234124264968,0.20200252065610685,0.6343688802936644,0.6707525364342849
SPD,assay_envelope,1.0,availability__boltz_binary,both_exact,930,252,0,1976,1976,1335.0,0.6389709643677898,0.6756072874493927,,,,,,,,
SPD,assay_envelope,1.0,availability__boltz_binary,one_bounded,930,341,0,4165,4165,3195.0,0.7483670347942771,0.7671068427370948,,,,,,,,
SPD,assay_envelope,1.0,availability__boltz_binary,both_bounded,930,30,0,221,221,160.0,0.7800362600362601,0.7239819004524887,,,,,,,,
SPD,assay_envelope,1.0,plus__boltz_binary,all_determinate,930,377,0,6362,6362,4728.0,0.7235474960355741,0.7431625275070732,7016,1138,908,378,0.18234932756275485,0.1806697747115067,0.6123162692432459,0.6413610604342456
SPD,assay_envelope,1.0,plus__boltz_binary,both_exact,930,252,0,1976,1976,1356.0,0.6281153370439084,0.6862348178137652,,,,,,,,
SPD,assay_envelope,1.0,plus__boltz_binary,one_bounded,930,341,0,4165,4165,3181.0,0.7451656984600837,0.7637454981992797,,,,,,,,
SPD,assay_envelope,1.0,plus__boltz_binary,both_bounded,930,30,0,221,221,191.0,0.8624155474155476,0.8642533936651584,,,,,,,,
SPD,assay_envelope,1.0,calibrated__boltzina_vina_far_affinity,all_determinate,930,377,0,6362,6362,4400.0,0.6623398165130931,0.6916064130776486,7016,1138,908,378,0.22413051161852068,0.21750136191342267,0.7292359126046747,0.7336220865133645
SPD,assay_envelope,1.0,calibrated__boltzina_vina_far_affinity,both_exact,930,252,0,1976,1976,1314.0,0.6258163647052536,0.6649797570850202,,,,,,,,
SPD,assay_envelope,1.0,calibrated__boltzina_vina_far_affinity,one_bounded,930,341,0,4165,4165,2927.0,0.6681297539124508,0.7027611044417768,,,,,,,,
SPD,assay_envelope,1.0,calibrated__boltzina_vina_far_affinity,both_bounded,930,30,0,221,221,159.0,0.7302684352684354,0.7194570135746606,,,,,,,,
SPD,assay_envelope,1.0,availability__boltzina_vina_far_affinity,all_determinate,930,377,0,6362,6362,4687.0,0.7184057638430836,0.7367180132033951,7016,1138,908,378,0.20260353694208952,0.2023670422738099,0.633575674908583,0.6700198484955565
SPD,assay_envelope,1.0,availability__boltzina_vina_far_affinity,both_exact,930,252,0,1976,1976,1336.0,0.6451784473609868,0.6761133603238867,,,,,,,,
SPD,assay_envelope,1.0,availability__boltzina_vina_far_affinity,one_bounded,930,341,0,4165,4165,3192.0,0.7496059618326432,0.7663865546218488,,,,,,,,
SPD,assay_envelope,1.0,availability__boltzina_vina_far_affinity,both_bounded,930,30,0,221,221,159.0,0.7717029267029268,0.7194570135746606,,,,,,,,
SPD,assay_envelope,1.0,plus__boltzina_vina_far_affinity,all_determinate,930,377,0,6362,6362,4747.0,0.7184962327205482,0.7461490097453631,7016,1138,908,378,0.18182701416457844,0.18038350179570026,0.6401037394719143,0.6358051334653853
SPD,assay_envelope,1.0,plus__boltzina_vina_far_affinity,both_exact,930,252,0,1976,1976,1414.0,0.675328397352207,0.7155870445344129,,,,,,,,
SPD,assay_envelope,1.0,plus__boltzina_vina_far_affinity,one_bounded,930,341,0,4165,4165,3158.0,0.7285541985383406,0.7582232893157262,,,,,,,,
SPD,assay_envelope,1.0,plus__boltzina_vina_far_affinity,both_bounded,930,30,0,221,221,175.0,0.8286467236467236,0.7918552036199095,,,,,,,,
SPD,assay_envelope,1.0,calibrated__boltzina_vina_far_binary,all_determinate,930,377,0,6362,6362,4368.0,0.673479713843093,0.6865765482552656,7016,1138,908,378,0.23446546136146057,0.2271577342549751,0.705801436470774,0.7576538451890382
SPD,assay_envelope,1.0,calibrated__boltzina_vina_far_binary,both_exact,930,252,0,1976,1976,1277.0,0.6191746451667086,0.646255060728745,,,,,,,,
SPD,assay_envelope,1.0,calibrated__boltzina_vina_far_binary,one_bounded,930,341,0,4165,4165,2921.0,0.682965575363467,0.7013205282112845,,,,,,,,
SPD,assay_envelope,1.0,calibrated__boltzina_vina_far_binary,both_bounded,930,30,0,221,221,170.0,0.7518402893402892,0.7692307692307693,,,,,,,,
SPD,assay_envelope,1.0,availability__boltzina_vina_far_binary,all_determinate,930,377,0,6362,6362,4687.0,0.7184057638430836,0.7367180132033951,7016,1138,908,378,0.20260353694208952,0.2023670422738099,0.633575674908583,0.6700198484955565
SPD,assay_envelope,1.0,availability__boltzina_vina_far_binary,both_exact,930,252,0,1976,1976,1336.0,0.6451784473609868,0.6761133603238867,,,,,,,,
SPD,assay_envelope,1.0,availability__boltzina_vina_far_binary,one_bounded,930,341,0,4165,4165,3192.0,0.7496059618326432,0.7663865546218488,,,,,,,,
SPD,assay_envelope,1.0,availability__boltzina_vina_far_binary,both_bounded,930,30,0,221,221,159.0,0.7717029267029268,0.7194570135746606,,,,,,,,
SPD,assay_envelope,1.0,plus__boltzina_vina_far_binary,all_determinate,930,377,0,6362,6362,4735.0,0.7142469727637364,0.7442628104369695,7016,1138,908,378,0.18126513089257135,0.17969227250783712,0.6102967263059438,0.6370546007364472
SPD,assay_envelope,1.0,plus__boltzina_vina_far_binary,both_exact,930,252,0,1976,1976,1371.0,0.6379858677477726,0.6938259109311741,,,,,,,,
SPD,assay_envelope,1.0,plus__boltzina_vina_far_binary,one_bounded,930,341,0,4165,4165,3175.0,0.7328085408933577,0.7623049219687875,,,,,,,,
SPD,assay_envelope,1.0,plus__boltzina_vina_far_binary,both_bounded,930,30,0,221,221,189.0,0.8433638583638584,0.8552036199095022,,,,,,,,
SPD,assay_envelope,1.0,calibrated__boltzina_vina_zero_affinity,all_determinate,930,377,0,6362,6362,4400.0,0.6623398165130931,0.6916064130776486,7016,1138,908,378,0.22412915482763726,0.21749988798876943,0.7292327846603538,0.7336178246529015
SPD,assay_envelope,1.0,calibrated__boltzina_vina_zero_affinity,both_exact,930,252,0,1976,1976,1314.0,0.6258163647052536,0.6649797570850202,,,,,,,,
SPD,assay_envelope,1.0,calibrated__boltzina_vina_zero_affinity,one_bounded,930,341,0,4165,4165,2927.0,0.6681297539124508,0.7027611044417768,,,,,,,,
SPD,assay_envelope,1.0,calibrated__boltzina_vina_zero_affinity,both_bounded,930,30,0,221,221,159.0,0.7302684352684354,0.7194570135746606,,,,,,,,
SPD,assay_envelope,1.0,availability__boltzina_vina_zero_affinity,all_determinate,930,377,0,6362,6362,4687.0,0.7184057638430836,0.7367180132033951,7016,1138,908,378,0.20260353694208952,0.2023670422738099,0.633575674908583,0.6700198484955565
SPD,assay_envelope,1.0,availability__boltzina_vina_zero_affinity,both_exact,930,252,0,1976,1976,1336.0,0.6451784473609868,0.6761133603238867,,,,,,,,
SPD,assay_envelope,1.0,availability__boltzina_vina_zero_affinity,one_bounded,930,341,0,4165,4165,3192.0,0.7496059618326432,0.7663865546218488,,,,,,,,
SPD,assay_envelope,1.0,availability__boltzina_vina_zero_affinity,both_bounded,930,30,0,221,221,159.0,0.7717029267029268,0.7194570135746606,,,,,,,,
SPD,assay_envelope,1.0,plus__boltzina_vina_zero_affinity,all_determinate,930,377,0,6362,6362,4747.0,0.7184962327205482,0.7461490097453631,7016,1138,908,378,0.1818254611538766,0.1803821940059689,0.6401085905029847,0.6358071562639224
SPD,assay_envelope,1.0,plus__boltzina_vina_zero_affinity,both_exact,930,252,0,1976,1976,1414.0,0.675328397352207,0.7155870445344129,,,,,,,,
SPD,assay_envelope,1.0,plus__boltzina_vina_zero_affinity,one_bounded,930,341,0,4165,4165,3158.0,0.7285541985383406,0.7582232893157262,,,,,,,,
SPD,assay_envelope,1.0,plus__boltzina_vina_zero_affinity,both_bounded,930,30,0,221,221,175.0,0.8286467236467236,0.7918552036199095,,,,,,,,
SPD,assay_envelope,1.0,calibrated__boltzina_vina_zero_binary,all_determinate,930,377,0,6362,6362,4368.0,0.673479713843093,0.6865765482552656,7016,1138,908,378,0.23446551090904075,0.22715784630657856,0.7058014543823157,0.757654719855275
SPD,assay_envelope,1.0,calibrated__boltzina_vina_zero_binary,both_exact,930,252,0,1976,1976,1277.0,0.6191746451667086,0.646255060728745,,,,,,,,
SPD,assay_envelope,1.0,calibrated__boltzina_vina_zero_binary,one_bounded,930,341,0,4165,4165,2921.0,0.682965575363467,0.7013205282112845,,,,,,,,
SPD,assay_envelope,1.0,calibrated__boltzina_vina_zero_binary,both_bounded,930,30,0,221,221,170.0,0.7518402893402892,0.7692307692307693,,,,,,,,
SPD,assay_envelope,1.0,availability__boltzina_vina_zero_binary,all_determinate,930,377,0,6362,6362,4687.0,0.7184057638430836,0.7367180132033951,7016,1138,908,378,0.20260353694208952,0.2023670422738099,0.633575674908583,0.6700198484955565
SPD,assay_envelope,1.0,availability__boltzina_vina_zero_binary,both_exact,930,252,0,1976,1976,1336.0,0.6451784473609868,0.6761133603238867,,,,,,,,
SPD,assay_envelope,1.0,availability__boltzina_vina_zero_binary,one_bounded,930,341,0,4165,4165,3192.0,0.7496059618326432,0.7663865546218488,,,,,,,,
SPD,assay_envelope,1.0,availability__boltzina_vina_zero_binary,both_bounded,930,30,0,221,221,159.0,0.7717029267029268,0.7194570135746606,,,,,,,,
SPD,assay_envelope,1.0,plus__boltzina_vina_zero_binary,all_determinate,930,377,0,6362,6362,4735.0,0.7142469727637364,0.7442628104369695,7016,1138,908,378,0.18126519694909032,0.17969233996245373,0.6102962430491243,0.6370538491389796
SPD,assay_envelope,1.0,plus__boltzina_vina_zero_binary,both_exact,930,252,0,1976,1976,1371.0,0.6379858677477726,0.6938259109311741,,,,,,,,
SPD,assay_envelope,1.0,plus__boltzina_vina_zero_binary,one_bounded,930,341,0,4165,4165,3175.0,0.7328085408933577,0.7623049219687875,,,,,,,,
SPD,assay_envelope,1.0,plus__boltzina_vina_zero_binary,both_bounded,930,30,0,221,221,189.0,0.8433638583638584,0.8552036199095022,,,,,,,,
SPD,assay_envelope,1.0,calibrated__gnina,all_determinate,930,377,0,6362,6362,4132.0,0.6434062075639133,0.6494812951901917,7016,1138,908,378,0.26772494883063314,0.2632254374309394,0.753194297102812,0.8271028289590685
SPD,assay_envelope,1.0,calibrated__gnina,both_exact,930,252,0,1976,1976,1237.0,0.6090287798621132,0.6260121457489879,,,,,,,,
SPD,assay_envelope,1.0,calibrated__gnina,one_bounded,930,341,0,4165,4165,2765.0,0.652503282815152,0.6638655462184874,,,,,,,,
SPD,assay_envelope,1.0,calibrated__gnina,both_bounded,930,30,0,221,221,130.0,0.6604206904206904,0.5882352941176471,,,,,,,,
SPD,assay_envelope,1.0,availability__gnina,all_determinate,930,377,0,6362,6362,4688.0,0.7178129520433754,0.7368751964790946,7016,1138,908,378,0.20219330184886505,0.202062446849509,0.6344428288412327,0.6708396131417668
SPD,assay_envelope,1.0,availability__gnina,both_exact,930,252,0,1976,1976,1338.0,0.6449233453201707,0.6771255060728745,,,,,,,,
SPD,assay_envelope,1.0,availability__gnina,one_bounded,930,341,0,4165,4165,3191.0,0.7482623008185755,0.7661464585834333,,,,,,,,
SPD,assay_envelope,1.0,availability__gnina,both_bounded,930,30,0,221,221,159.0,0.7717029267029268,0.7194570135746606,,,,,,,,
SPD,assay_envelope,1.0,plus__gnina,all_determinate,930,377,0,6362,6362,4680.0,0.7144367812777039,0.7356177302734989,7016,1138,908,378,0.1988642235842057,0.19808912813822205,0.6287608806828872,0.664879373811973
SPD,assay_envelope,1.0,plus__gnina,both_exact,930,252,0,1976,1976,1365.0,0.656701081105843,0.6907894736842105,,,,,,,,
SPD,assay_envelope,1.0,plus__gnina,one_bounded,930,341,0,4165,4165,3151.0,0.73773133864738,0.7565426170468187,,,,,,,,
SPD,assay_envelope,1.0,plus__gnina,both_bounded,930,30,0,221,221,164.0,0.7997952972952973,0.7420814479638009,,,,,,,,
SPD,assay_envelope,1.0,calibrated__nesso_affinity,all_determinate,930,377,0,6362,6362,4435.0,0.6711662517667918,0.6971078277271299,7016,1138,908,378,0.23061310092539963,0.22504218911428223,0.6928086881066956,0.7405822759252751
SPD,assay_envelope,1.0,calibrated__nesso_affinity,both_exact,930,252,0,1976,1976,1280.0,0.6207337929560152,0.6477732793522267,,,,,,,,
SPD,assay_envelope,1.0,calibrated__nesso_affinity,one_bounded,930,341,0,4165,4165,3018.0,0.6945086253708118,0.724609843937575,,,,,,,,
SPD,assay_envelope,1.0,calibrated__nesso_affinity,both_bounded,930,30,0,221,221,137.0,0.6596801346801348,0.6199095022624435,,,,,,,,
SPD,assay_envelope,1.0,availability__nesso_affinity,all_determinate,930,377,0,6362,6362,4688.0,0.7178129520433754,0.7368751964790946,7016,1138,908,378,0.20219330184886505,0.202062446849509,0.6344428288412327,0.6708396131417668
SPD,assay_envelope,1.0,availability__nesso_affinity,both_exact,930,252,0,1976,1976,1338.0,0.6449233453201707,0.6771255060728745,,,,,,,,
SPD,assay_envelope,1.0,availability__nesso_affinity,one_bounded,930,341,0,4165,4165,3191.0,0.7482623008185755,0.7661464585834333,,,,,,,,
SPD,assay_envelope,1.0,availability__nesso_affinity,both_bounded,930,30,0,221,221,159.0,0.7717029267029268,0.7194570135746606,,,,,,,,
SPD,assay_envelope,1.0,plus__nesso_affinity,all_determinate,930,377,0,6362,6362,4763.0,0.7265781795435357,0.7486639421565545,7016,1138,908,378,0.18107025982327188,0.1794464943664773,0.5984254403224684,0.622379187763801
SPD,assay_envelope,1.0,plus__nesso_affinity,both_exact,930,252,0,1976,1976,1379.0,0.6591955076082059,0.6978744939271255,,,,,,,,
SPD,assay_envelope,1.0,plus__nesso_affinity,one_bounded,930,341,0,4165,4165,3225.0,0.7536457868211223,0.7743097238895558,,,,,,,,
SPD,assay_envelope,1.0,plus__nesso_affinity,both_bounded,930,30,0,221,221,159.0,0.7675087875087876,0.7194570135746606,,,,,,,,
SPD,assay_envelope,1.0,calibrated__nesso_binary,all_determinate,930,377,0,6362,6362,4445.0,0.6769223003546141,0.6986796604841244,7016,1138,908,378,0.22290398260398392,0.2181758296756692,0.7047618308553508,0.7349040228322077
SPD,assay_envelope,1.0,calibrated__nesso_binary,both_exact,930,252,0,1976,1976,1296.0,0.626373809905556,0.6558704453441295,,,,,,,,
SPD,assay_envelope,1.0,calibrated__nesso_binary,one_bounded,930,341,0,4165,4165,2979.0,0.6957873195131459,0.7152460984393757,,,,,,,,
SPD,assay_envelope,1.0,calibrated__nesso_binary,both_bounded,930,30,0,221,221,170.0,0.7850885225885225,0.7692307692307693,,,,,,,,
SPD,assay_envelope,1.0,availability__nesso_binary,all_determinate,930,377,0,6362,6362,4688.0,0.7178129520433754,0.7368751964790946,7016,1138,908,378,0.20219330184886505,0.202062446849509,0.6344428288412327,0.6708396131417668
SPD,assay_envelope,1.0,availability__nesso_binary,both_exact,930,252,0,1976,1976,1338.0,0.6449233453201707,0.6771255060728745,,,,,,,,
SPD,assay_envelope,1.0,availability__nesso_binary,one_bounded,930,341,0,4165,4165,3191.0,0.7482623008185755,0.7661464585834333,,,,,,,,
SPD,assay_envelope,1.0,availability__nesso_binary,both_bounded,930,30,0,221,221,159.0,0.7717029267029268,0.7194570135746606,,,,,,,,
SPD,assay_envelope,1.0,plus__nesso_binary,all_determinate,930,377,0,6362,6362,4700.0,0.7202640026156838,0.7387613957874882,7016,1138,908,378,0.18068200832524628,0.18011938355430446,0.619902850480983,0.6358638103459963
SPD,assay_envelope,1.0,plus__nesso_binary,both_exact,930,252,0,1976,1976,1363.0,0.6509474945982883,0.6897773279352226,,,,,,,,
SPD,assay_envelope,1.0,plus__nesso_binary,one_bounded,930,341,0,4165,4165,3164.0,0.7432948361853837,0.7596638655462185,,,,,,,,
SPD,assay_envelope,1.0,plus__nesso_binary,both_bounded,930,30,0,221,221,173.0,0.8159615384615384,0.7828054298642534,,,,,,,,
SPD,assay_envelope,1.0,calibrated__raw_ad4,all_determinate,930,377,0,6362,6362,4119.0,0.6096545924192855,0.6474379126060987,7016,1138,908,378,0.2829081636942801,0.27943735355554644,0.7799509941196112,0.8627985570209138
SPD,assay_envelope,1.0,calibrated__raw_ad4,both_exact,930,252,0,1976,1976,1229.0,0.6022651877810608,0.6219635627530364,,,,,,,,
SPD,assay_envelope,1.0,calibrated__raw_ad4,one_bounded,930,341,0,4165,4165,2763.0,0.6208481476770744,0.6633853541416567,,,,,,,,
SPD,assay_envelope,1.0,calibrated__raw_ad4,both_bounded,930,30,0,221,221,127.0,0.6565053465053464,0.5746606334841629,,,,,,,,
SPD,assay_envelope,1.0,availability__raw_ad4,all_determinate,930,377,0,6362,6362,4688.0,0.7178129520433754,0.7368751964790946,7016,1138,908,378,0.20219330184886505,0.202062446849509,0.6344428288412327,0.6708396131417668
SPD,assay_envelope,1.0,availability__raw_ad4,both_exact,930,252,0,1976,1976,1338.0,0.6449233453201707,0.6771255060728745,,,,,,,,
SPD,assay_envelope,1.0,availability__raw_ad4,one_bounded,930,341,0,4165,4165,3191.0,0.7482623008185755,0.7661464585834333,,,,,,,,
SPD,assay_envelope,1.0,availability__raw_ad4,both_bounded,930,30,0,221,221,159.0,0.7717029267029268,0.7194570135746606,,,,,,,,
SPD,assay_envelope,1.0,plus__raw_ad4,all_determinate,930,377,0,6362,6362,4688.0,0.717798439530813,0.7368751964790946,7016,1138,908,378,0.20166321363228584,0.2015964312121263,0.6326387064511021,0.6698912527968786
SPD,assay_envelope,1.0,plus__raw_ad4,both_exact,930,252,0,1976,1976,1343.0,0.6481085419577483,0.6796558704453441,,,,,,,,
SPD,assay_envelope,1.0,plus__raw_ad4,one_bounded,930,341,0,4165,4165,3185.0,0.7474170565625152,0.7647058823529411,,,,,,,,
SPD,assay_envelope,1.0,plus__raw_ad4,both_bounded,930,30,0,221,221,160.0,0.7758695933695935,0.7239819004524887,,,,,,,,
SPD,assay_envelope,1.0,calibrated__raw_gnina_own,all_determinate,930,377,0,6362,6362,4169.0,0.6510741897825023,0.655297076391072,7016,1138,908,378,0.26725334747907703,0.26350974070654615,0.7587184494344756,0.827973781175211
SPD,assay_envelope,1.0,calibrated__raw_gnina_own,both_exact,930,252,0,1976,1976,1225.0,0.5873862395687791,0.6199392712550608,,,,,,,,
SPD,assay_envelope,1.0,calibrated__raw_gnina_own,one_bounded,930,341,0,4165,4165,2820.0,0.6656933650821467,0.6770708283313326,,,,,,,,
SPD,assay_envelope,1.0,calibrated__raw_gnina_own,both_bounded,930,30,0,221,221,124.0,0.6111185111185111,0.5610859728506787,,,,,,,,
SPD,assay_envelope,1.0,availability__raw_gnina_own,all_determinate,930,377,0,6362,6362,4688.0,0.7178129520433754,0.7368751964790946,7016,1138,908,378,0.20220325180132198,0.20207007119524634,0.6344266009809948,0.6708277553675828
SPD,assay_envelope,1.0,availability__raw_gnina_own,both_exact,930,252,0,1976,1976,1338.0,0.6449233453201707,0.6771255060728745,,,,,,,,
SPD,assay_envelope,1.0,availability__raw_gnina_own,one_bounded,930,341,0,4165,4165,3191.0,0.7482623008185755,0.7661464585834333,,,,,,,,
SPD,assay_envelope,1.0,availability__raw_gnina_own,both_bounded,930,30,0,221,221,159.0,0.7717029267029268,0.7194570135746606,,,,,,,,
SPD,assay_envelope,1.0,plus__raw_gnina_own,all_determinate,930,377,0,6362,6362,4719.0,0.7237595702983733,0.741747878025778,7016,1138,908,378,0.197832056461392,0.19709317933941997,0.6339722338127962,0.6627940676458796
SPD,assay_envelope,1.0,plus__raw_gnina_own,both_exact,930,252,0,1976,1976,1357.0,0.6598118371927896,0.6867408906882592,,,,,,,,
SPD,assay_envelope,1.0,plus__raw_gnina_own,one_bounded,930,341,0,4165,4165,3201.0,0.7502814143941202,0.768547418967587,,,,,,,,
SPD,assay_envelope,1.0,plus__raw_gnina_own,both_bounded,930,30,0,221,221,161.0,0.7759328634328635,0.7285067873303167,,,,,,,,
SPD,assay_envelope,1.0,calibrated__vina,all_determinate,930,377,0,6362,6362,4037.0,0.6089303767363762,0.6345488839987425,7016,1138,908,378,0.27723594227737614,0.27673536799314075,0.7762217086458981,0.85940280175783
SPD,assay_envelope,1.0,calibrated__vina,both_exact,930,252,0,1976,1976,1185.0,0.6118855791474839,0.5996963562753036,,,,,,,,
SPD,assay_envelope,1.0,calibrated__vina,one_bounded,930,341,0,4165,4165,2711.0,0.6198991451788862,0.6509003601440576,,,,,,,,
SPD,assay_envelope,1.0,calibrated__vina,both_bounded,930,30,0,221,221,141.0,0.707056832056832,0.6380090497737556,,,,,,,,
SPD,assay_envelope,1.0,availability__vina,all_determinate,930,377,0,6362,6362,4688.0,0.7178129520433754,0.7368751964790946,7016,1138,908,378,0.20219330184886505,0.202062446849509,0.6344428288412327,0.6708396131417668
SPD,assay_envelope,1.0,availability__vina,both_exact,930,252,0,1976,1976,1338.0,0.6449233453201707,0.6771255060728745,,,,,,,,
SPD,assay_envelope,1.0,availability__vina,one_bounded,930,341,0,4165,4165,3191.0,0.7482623008185755,0.7661464585834333,,,,,,,,
SPD,assay_envelope,1.0,availability__vina,both_bounded,930,30,0,221,221,159.0,0.7717029267029268,0.7194570135746606,,,,,,,,
SPD,assay_envelope,1.0,plus__vina,all_determinate,930,377,0,6362,6362,4707.0,0.7250825523261146,0.7398616787173845,7016,1138,908,378,0.19870964349338044,0.199530055584962,0.630593809553771,0.6675257898016088
SPD,assay_envelope,1.0,plus__vina,both_exact,930,252,0,1976,1976,1336.0,0.6485368614336868,0.6761133603238867,,,,,,,,
SPD,assay_envelope,1.0,plus__vina,one_bounded,930,341,0,4165,4165,3208.0,0.7548108758858035,0.7702280912364946,,,,,,,,
SPD,assay_envelope,1.0,plus__vina,both_bounded,930,30,0,221,221,163.0,0.7836160136160136,0.7375565610859729,,,,,,,,
SPD,assay_envelope,1.0,native__boltz_affinity,all_determinate,930,377,0,6362,6362,3811.0,0.5657790968737226,0.5990254636906633,,,,,,,,
SPD,assay_envelope,1.0,native__boltz_affinity,both_exact,930,252,0,1976,1976,1201.0,0.5909877306702703,0.6077935222672065,,,,,,,,
SPD,assay_envelope,1.0,native__boltz_affinity,one_bounded,930,341,0,4165,4165,2481.0,0.561792076614662,0.5956782713085234,,,,,,,,
SPD,assay_envelope,1.0,native__boltz_affinity,both_bounded,930,30,0,221,221,129.0,0.5785669885669886,0.583710407239819,,,,,,,,
SPD,assay_envelope,1.0,native__boltz_binary,all_determinate,930,377,0,6362,6362,4382.0,0.6687217269754823,0.6887771141150582,,,,,,,,
SPD,assay_envelope,1.0,native__boltz_binary,both_exact,930,252,0,1976,1976,1304.0,0.611235369568703,0.659919028340081,,,,,,,,
SPD,assay_envelope,1.0,native__boltz_binary,one_bounded,930,341,0,4165,4165,2930.0,0.6791693533149108,0.7034813925570228,,,,,,,,
SPD,assay_envelope,1.0,native__boltz_binary,both_bounded,930,30,0,221,221,148.0,0.6921355496355498,0.669683257918552,,,,,,,,
SPD,assay_envelope,1.0,native__boltzina_vina_far_affinity,all_determinate,930,377,0,6362,6362,3762.0,0.5679041420989718,0.5913234831813895,,,,,,,,
SPD,assay_envelope,1.0,native__boltzina_vina_far_affinity,both_exact,930,252,0,1976,1976,1193.0,0.5729262580453057,0.603744939271255,,,,,,,,
SPD,assay_envelope,1.0,native__boltzina_vina_far_affinity,one_bounded,930,341,0,4165,4165,2444.0,0.5699969496392506,0.5867947178871549,,,,,,,,
SPD,assay_envelope,1.0,native__boltzina_vina_far_affinity,both_bounded,930,30,0,221,221,125.0,0.5510397010397009,0.5656108597285068,,,,,,,,
SPD,assay_envelope,1.0,native__boltzina_vina_far_binary,all_determinate,930,377,0,6362,6362,4440.0,0.6768577604394237,0.6978937441056272,,,,,,,,
SPD,assay_envelope,1.0,native__boltzina_vina_far_binary,both_exact,930,252,0,1976,1976,1331.0,0.6294187147361751,0.673582995951417,,,,,,,,
SPD,assay_envelope,1.0,native__boltzina_vina_far_binary,one_bounded,930,341,0,4165,4165,2955.0,0.6897882314826562,0.709483793517407,,,,,,,,
SPD,assay_envelope,1.0,native__boltzina_vina_far_binary,both_bounded,930,30,0,221,221,154.0,0.6863795463795465,0.6968325791855203,,,,,,,,
SPD,assay_envelope,1.0,native__boltzina_vina_zero_affinity,all_determinate,930,377,0,6362,6362,3762.0,0.5679041420989718,0.5913234831813895,,,,,,,,
SPD,assay_envelope,1.0,native__boltzina_vina_zero_affinity,both_exact,930,252,0,1976,1976,1193.0,0.5729262580453057,0.603744939271255,,,,,,,,
SPD,assay_envelope,1.0,native__boltzina_vina_zero_affinity,one_bounded,930,341,0,4165,4165,2444.0,0.5699969496392506,0.5867947178871549,,,,,,,,
SPD,assay_envelope,1.0,native__boltzina_vina_zero_affinity,both_bounded,930,30,0,221,221,125.0,0.5510397010397009,0.5656108597285068,,,,,,,,
SPD,assay_envelope,1.0,native__boltzina_vina_zero_binary,all_determinate,930,377,0,6362,6362,4440.0,0.6768577604394237,0.6978937441056272,,,,,,,,
SPD,assay_envelope,1.0,native__boltzina_vina_zero_binary,both_exact,930,252,0,1976,1976,1331.0,0.6294187147361751,0.673582995951417,,,,,,,,
SPD,assay_envelope,1.0,native__boltzina_vina_zero_binary,one_bounded,930,341,0,4165,4165,2955.0,0.6897882314826562,0.709483793517407,,,,,,,,
SPD,assay_envelope,1.0,native__boltzina_vina_zero_binary,both_bounded,930,30,0,221,221,154.0,0.6863795463795465,0.6968325791855203,,,,,,,,
SPD,assay_envelope,1.0,native__gnina,all_determinate,930,377,0,6362,6362,3850.0,0.6171693297360323,0.6051556114429425,,,,,,,,
SPD,assay_envelope,1.0,native__gnina,both_exact,930,252,0,1976,1976,1156.0,0.5852580033135589,0.5850202429149798,,,,,,,,
SPD,assay_envelope,1.0,native__gnina,one_bounded,930,341,0,4165,4165,2562.0,0.6193636154074491,0.6151260504201681,,,,,,,,
SPD,assay_envelope,1.0,native__gnina,both_bounded,930,30,0,221,221,132.0,0.6253950678950679,0.5972850678733032,,,,,,,,
SPD,assay_envelope,1.0,native__nesso_affinity,all_determinate,930,377,0,6362,6362,3719.0,0.5553065569079979,0.5845646023263125,,,,,,,,
SPD,assay_envelope,1.0,native__nesso_affinity,both_exact,930,252,0,1976,1976,1120.0,0.5430473480076655,0.5668016194331984,,,,,,,,
SPD,assay_envelope,1.0,native__nesso_affinity,one_bounded,930,341,0,4165,4165,2493.0,0.5717197654340219,0.5985594237695078,,,,,,,,
SPD,assay_envelope,1.0,native__nesso_affinity,both_bounded,930,30,0,221,221,106.0,0.5002080327080327,0.4796380090497738,,,,,,,,
SPD,assay_envelope,1.0,native__nesso_binary,all_determinate,930,377,0,6362,6362,4106.0,0.6241108114447099,0.6453945300220056,,,,,,,,
SPD,assay_envelope,1.0,native__nesso_binary,both_exact,930,252,0,1976,1976,1195.0,0.5981290608274734,0.604757085020243,,,,,,,,
SPD,assay_envelope,1.0,native__nesso_binary,one_bounded,930,341,0,4165,4165,2772.0,0.6485275481897146,0.6655462184873949,,,,,,,,
SPD,assay_envelope,1.0,native__nesso_binary,both_bounded,930,30,0,221,221,139.0,0.6675372775372775,0.6289592760180995,,,,,,,,
SPD,assay_envelope,1.0,native__raw_ad4,all_determinate,930,377,0,6362,6362,3523.0,0.5446264237695985,0.5537566802892172,,,,,,,,
SPD,assay_envelope,1.0,native__raw_ad4,both_exact,930,252,0,1976,1976,1054.5,0.5171640822434473,0.5336538461538461,,,,,,,,
SPD,assay_envelope,1.0,native__raw_ad4,one_bounded,930,341,0,4165,4165,2324.5,0.557069880410956,0.5581032412965186,,,,,,,,
SPD,assay_envelope,1.0,native__raw_ad4,both_bounded,930,30,0,221,221,144.0,0.7042196692196693,0.6515837104072398,,,,,,,,
SPD,assay_envelope,1.0,native__raw_gnina_own,all_determinate,930,377,0,6362,6362,3828.0,0.631072966096694,0.6016975793775542,,,,,,,,
SPD,assay_envelope,1.0,native__raw_gnina_own,both_exact,930,252,0,1976,1976,1164.0,0.6043293860754178,0.5890688259109311,,,,,,,,
SPD,assay_envelope,1.0,native__raw_gnina_own,one_bounded,930,341,0,4165,4165,2553.0,0.6357324856486293,0.6129651860744297,,,,,,,,
SPD,assay_envelope,1.0,native__raw_gnina_own,both_bounded,930,30,0,221,221,111.0,0.4795088245088245,0.502262443438914,,,,,,,,
SPD,assay_envelope,1.0,native__vina,all_determinate,930,377,0,6362,6362,3807.5,0.5814841965842665,0.5984753222257152,,,,,,,,
SPD,assay_envelope,1.0,native__vina,both_exact,930,252,0,1976,1976,1044.0,0.5085217729066935,0.52834008097166,,,,,,,,
SPD,assay_envelope,1.0,native__vina,one_bounded,930,341,0,4165,4165,2599.0,0.608529829001379,0.6240096038415366,,,,,,,,
SPD,assay_envelope,1.0,native__vina,both_bounded,930,30,0,221,221,164.5,0.7757657157657157,0.744343891402715,,,,,,,,
