fraction,stratum,method,comparison,mean,low,high,queries,groups,policy
0.125,all_determinate,availability__boltz_affinity,absolute,0.6351065021307705,0.6037653757801982,0.667484990292042,373,302,source_representative
0.125,all_determinate,availability__boltz_affinity,minus_chemistry,0.0,0.0,0.0,373,302,source_representative
0.125,all_determinate,availability__boltz_binary,absolute,0.6351065021307705,0.6037653757801982,0.667484990292042,373,302,source_representative
0.125,all_determinate,availability__boltz_binary,minus_chemistry,0.0,0.0,0.0,373,302,source_representative
0.125,all_determinate,availability__boltzina_vina_far_affinity,absolute,0.6368181580649467,0.6061101035482608,0.6686080759082105,373,302,source_representative
0.125,all_determinate,availability__boltzina_vina_far_affinity,minus_chemistry,0.0017116559341760415,0.00022958832385200709,0.003972113241891721,373,302,source_representative
0.125,all_determinate,availability__boltzina_vina_far_binary,absolute,0.6368181580649467,0.6061101035482608,0.6686080759082105,373,302,source_representative
0.125,all_determinate,availability__boltzina_vina_far_binary,minus_chemistry,0.0017116559341760415,0.00022958832385200709,0.003972113241891721,373,302,source_representative
0.125,all_determinate,availability__boltzina_vina_zero_affinity,absolute,0.6368181580649467,0.6061101035482608,0.6686080759082105,373,302,source_representative
0.125,all_determinate,availability__boltzina_vina_zero_affinity,minus_chemistry,0.0017116559341760415,0.00022958832385200709,0.003972113241891721,373,302,source_representative
0.125,all_determinate,availability__boltzina_vina_zero_binary,absolute,0.6368181580649467,0.6061101035482608,0.6686080759082105,373,302,source_representative
0.125,all_determinate,availability__boltzina_vina_zero_binary,minus_chemistry,0.0017116559341760415,0.00022958832385200709,0.003972113241891721,373,302,source_representative
0.125,all_determinate,availability__gnina,absolute,0.6350681931929653,0.6039535656587682,0.6672978558587767,373,302,source_representative
0.125,all_determinate,availability__gnina,minus_chemistry,-3.830893780543906e-05,-0.0007305106967947409,0.0007089592959713354,373,302,source_representative
0.125,all_determinate,availability__nesso_affinity,absolute,0.6350681931929653,0.6039535656587682,0.6672978558587767,373,302,source_representative
0.125,all_determinate,availability__nesso_affinity,minus_chemistry,-3.830893780543906e-05,-0.0007305106967947409,0.0007089592959713354,373,302,source_representative
0.125,all_determinate,availability__nesso_binary,absolute,0.6350681931929653,0.6039535656587682,0.6672978558587767,373,302,source_representative
0.125,all_determinate,availability__nesso_binary,minus_chemistry,-3.830893780543906e-05,-0.0007305106967947409,0.0007089592959713354,373,302,source_representative
0.125,all_determinate,availability__raw_ad4,absolute,0.6350681931929653,0.6039535656587682,0.6672978558587767,373,302,source_representative
0.125,all_determinate,availability__raw_ad4,minus_chemistry,-3.830893780543906e-05,-0.0007305106967947409,0.0007089592959713354,373,302,source_representative
0.125,all_determinate,availability__raw_gnina_own,absolute,0.6350681931929653,0.6039535656587682,0.6672978558587767,373,302,source_representative
0.125,all_determinate,availability__raw_gnina_own,minus_chemistry,-3.830893780543906e-05,-0.0007305106967947409,0.0007089592959713354,373,302,source_representative
0.125,all_determinate,availability__vina,absolute,0.6350681931929653,0.6039535656587682,0.6672978558587767,373,302,source_representative
0.125,all_determinate,availability__vina,minus_chemistry,-3.830893780543906e-05,-0.0007305106967947409,0.0007089592959713354,373,302,source_representative
0.125,all_determinate,calibrated__boltz_affinity,absolute,0.6390327095745492,0.6071449722443558,0.6716004388116835,373,302,source_representative
0.125,all_determinate,calibrated__boltz_affinity,minus_chemistry,0.003926207443778573,-0.027726248160317303,0.03258098910622985,373,302,source_representative
0.125,all_determinate,calibrated__boltz_binary,absolute,0.6402945091916566,0.6131946533281847,0.6675638360684553,373,302,source_representative
0.125,all_determinate,calibrated__boltz_binary,minus_chemistry,0.005188007060886018,-0.02766428707589312,0.03750894541210189,373,302,source_representative
0.125,all_determinate,calibrated__boltzina_vina_far_affinity,absolute,0.6345487792252489,0.5992434169826275,0.6684224573936711,373,302,source_representative
0.125,all_determinate,calibrated__boltzina_vina_far_affinity,minus_chemistry,-0.0005577229055217474,-0.03073726556436593,0.027371232143871244,373,302,source_representative
0.125,all_determinate,calibrated__boltzina_vina_far_binary,absolute,0.642604729015963,0.613394208893621,0.6696253792589474,373,302,source_representative
0.125,all_determinate,calibrated__boltzina_vina_far_binary,minus_chemistry,0.00749822688519236,-0.025331754419771098,0.04013574973043747,373,302,source_representative
0.125,all_determinate,calibrated__boltzina_vina_zero_affinity,absolute,0.6345487792252489,0.5992434169826275,0.6684224573936711,373,302,source_representative
0.125,all_determinate,calibrated__boltzina_vina_zero_affinity,minus_chemistry,-0.0005577229055217474,-0.03073726556436593,0.027371232143871244,373,302,source_representative
0.125,all_determinate,calibrated__boltzina_vina_zero_binary,absolute,0.642604729015963,0.613394208893621,0.6696253792589474,373,302,source_representative
0.125,all_determinate,calibrated__boltzina_vina_zero_binary,minus_chemistry,0.00749822688519236,-0.025331754419771098,0.04013574973043747,373,302,source_representative
0.125,all_determinate,calibrated__gnina,absolute,0.629449612573132,0.5985102399174693,0.6592921725338267,373,302,source_representative
0.125,all_determinate,calibrated__gnina,minus_chemistry,-0.005656889557638656,-0.03517369297480664,0.021787950869440378,373,302,source_representative
0.125,all_determinate,calibrated__nesso_affinity,absolute,0.6558897106651277,0.625934576802434,0.684421482019953,373,302,source_representative
0.125,all_determinate,calibrated__nesso_affinity,minus_chemistry,0.020783208534357105,-0.013888716151607194,0.05455608590904294,373,302,source_representative
0.125,all_determinate,calibrated__nesso_binary,absolute,0.6427849969453469,0.6125901140421698,0.6714519619757319,373,302,source_representative
0.125,all_determinate,calibrated__nesso_binary,minus_chemistry,0.007678494814576254,-0.02839295309794921,0.044282752908489376,373,302,source_representative
0.125,all_determinate,calibrated__raw_ad4,absolute,0.6195708098273907,0.5855676377355709,0.6517594189935105,373,302,source_representative
0.125,all_determinate,calibrated__raw_ad4,minus_chemistry,-0.01553569230338004,-0.036198137193870744,0.004571889792280441,373,302,source_representative
0.125,all_determinate,calibrated__raw_gnina_own,absolute,0.6356002578091228,0.6057488582980763,0.6655855361060187,373,302,source_representative
0.125,all_determinate,calibrated__raw_gnina_own,minus_chemistry,0.0004937556783521358,-0.023786037254227378,0.02409662273792995,373,302,source_representative
0.125,all_determinate,calibrated__vina,absolute,0.6245961535696917,0.5937605505345804,0.6547909575926147,373,302,source_representative
0.125,all_determinate,calibrated__vina,minus_chemistry,-0.010510348561079005,-0.03135756398167157,0.01063414165279679,373,302,source_representative
0.125,all_determinate,chemistry,absolute,0.6351065021307705,0.6037653757801982,0.667484990292042,373,302,source_representative
0.125,all_determinate,chemistry,minus_chemistry,0.0,0.0,0.0,373,302,source_representative
0.125,all_determinate,native__boltz_affinity,absolute,0.5620658891389908,0.5306195186395781,0.5950039217281708,373,302,source_representative
0.125,all_determinate,native__boltz_affinity,minus_chemistry,-0.07304061299177993,-0.1136730789144198,-0.027785775695035278,373,302,source_representative
0.125,all_determinate,native__boltz_binary,absolute,0.6588247248321865,0.6297312867940191,0.6873600756642689,373,302,source_representative
0.125,all_determinate,native__boltz_binary,minus_chemistry,0.023718222701415825,-0.014732726602019951,0.06561693886053353,373,302,source_representative
0.125,all_determinate,native__boltzina_vina_far_affinity,absolute,0.5633429089572257,0.5313736541223599,0.5940832324979629,373,302,source_representative
0.125,all_determinate,native__boltzina_vina_far_affinity,minus_chemistry,-0.07176359317354493,-0.11600294029853324,-0.023871736165532398,373,302,source_representative
0.125,all_determinate,native__boltzina_vina_far_binary,absolute,0.6701386313571763,0.6410947087337179,0.6996128043708669,373,302,source_representative
0.125,all_determinate,native__boltzina_vina_far_binary,minus_chemistry,0.03503212922640583,-0.0038053429483137333,0.07536221984764442,373,302,source_representative
0.125,all_determinate,native__boltzina_vina_zero_affinity,absolute,0.5633429089572257,0.5313736541223599,0.5940832324979629,373,302,source_representative
0.125,all_determinate,native__boltzina_vina_zero_affinity,minus_chemistry,-0.07176359317354493,-0.11600294029853324,-0.023871736165532398,373,302,source_representative
0.125,all_determinate,native__boltzina_vina_zero_binary,absolute,0.6701386313571763,0.6410947087337179,0.6996128043708669,373,302,source_representative
0.125,all_determinate,native__boltzina_vina_zero_binary,minus_chemistry,0.03503212922640583,-0.0038053429483137333,0.07536221984764442,373,302,source_representative
0.125,all_determinate,native__gnina,absolute,0.6129066023803486,0.5829671230737947,0.6413613794375398,373,302,source_representative
0.125,all_determinate,native__gnina,minus_chemistry,-0.02219989975042202,-0.06793994756112523,0.020771976227819403,373,302,source_representative
0.125,all_determinate,native__nesso_affinity,absolute,0.5552116258945798,0.5235033848396822,0.5866435798017461,373,302,source_representative
0.125,all_determinate,native__nesso_affinity,minus_chemistry,-0.0798948762361907,-0.1294545352438889,-0.030902437265267573,373,302,source_representative
0.125,all_determinate,native__nesso_binary,absolute,0.6190976568175236,0.5904018678644665,0.6490006559302616,373,302,source_representative
0.125,all_determinate,native__nesso_binary,minus_chemistry,-0.01600884531324697,-0.060613218600210156,0.029497789004208325,373,302,source_representative
0.125,all_determinate,native__raw_ad4,absolute,0.5432162975080075,0.5144769004928883,0.5728101265426065,373,302,source_representative
0.125,all_determinate,native__raw_ad4,minus_chemistry,-0.09189020462276318,-0.13997170711146037,-0.04517348400068112,373,302,source_representative
0.125,all_determinate,native__raw_gnina_own,absolute,0.62776057059596,0.6003248712407191,0.6564828463896231,373,302,source_representative
0.125,all_determinate,native__raw_gnina_own,minus_chemistry,-0.007345931534810649,-0.04977299343494327,0.03376313691642419,373,302,source_representative
0.125,all_determinate,native__vina,absolute,0.5804399141812817,0.5493677508137353,0.6111268822093138,373,302,source_representative
0.125,all_determinate,native__vina,minus_chemistry,-0.054666587949488823,-0.0997279355917098,-0.009403129247612468,373,302,source_representative
0.125,all_determinate,plus__boltz_affinity,absolute,0.6481177511264291,0.6145875232983512,0.6833086025947769,373,302,source_representative
0.125,all_determinate,plus__boltz_affinity,minus_chemistry,0.013011248995658501,-0.010985878550763927,0.036303176425453415,373,302,source_representative
0.125,all_determinate,plus__boltz_binary,absolute,0.6571424485204345,0.6287768417796863,0.6860392253602187,373,302,source_representative
0.125,all_determinate,plus__boltz_binary,minus_chemistry,0.02203594638966392,-0.006026923416358015,0.0506570943607283,373,302,source_representative
0.125,all_determinate,plus__boltzina_vina_far_affinity,absolute,0.6435249998186937,0.6082317450600282,0.6793246624707558,373,302,source_representative
0.125,all_determinate,plus__boltzina_vina_far_affinity,minus_chemistry,0.008418497687923155,-0.019011672039141385,0.034759244770165704,373,302,source_representative
0.125,all_determinate,plus__boltzina_vina_far_binary,absolute,0.6617139382017763,0.633079955421496,0.6916047915140815,373,302,source_representative
0.125,all_determinate,plus__boltzina_vina_far_binary,minus_chemistry,0.026607436071005644,-0.0045637520344725445,0.05831200183316753,373,302,source_representative
0.125,all_determinate,plus__boltzina_vina_zero_affinity,absolute,0.6435249998186937,0.6082317450600282,0.6793246624707558,373,302,source_representative
0.125,all_determinate,plus__boltzina_vina_zero_affinity,minus_chemistry,0.008418497687923155,-0.019011672039141385,0.034759244770165704,373,302,source_representative
0.125,all_determinate,plus__boltzina_vina_zero_binary,absolute,0.6617139382017763,0.633079955421496,0.6916047915140815,373,302,source_representative
0.125,all_determinate,plus__boltzina_vina_zero_binary,minus_chemistry,0.026607436071005644,-0.0045637520344725445,0.05831200183316753,373,302,source_representative
0.125,all_determinate,plus__gnina,absolute,0.6313038450002412,0.5991920951090103,0.6631617441953418,373,302,source_representative
0.125,all_determinate,plus__gnina,minus_chemistry,-0.003802657130529515,-0.029134074014560453,0.020454433804322963,373,302,source_representative
0.125,all_determinate,plus__nesso_affinity,absolute,0.6660907897169858,0.6381987808404398,0.6957258827527156,373,302,source_representative
0.125,all_determinate,plus__nesso_affinity,minus_chemistry,0.030984287586215183,0.0010287362734018677,0.0613819969102611,373,302,source_representative
0.125,all_determinate,plus__nesso_binary,absolute,0.652948117624183,0.6246213975367202,0.6814079661979814,373,302,source_representative
0.125,all_determinate,plus__nesso_binary,minus_chemistry,0.017841615493412403,-0.014989918439766398,0.05137438978464186,373,302,source_representative
0.125,all_determinate,plus__raw_ad4,absolute,0.6426183374723158,0.6115428956930903,0.6751723738957824,373,302,source_representative
0.125,all_determinate,plus__raw_ad4,minus_chemistry,0.00751183534154512,-0.006377082903677085,0.02170444458832188,373,302,source_representative
0.125,all_determinate,plus__raw_gnina_own,absolute,0.6501879925312944,0.6201567625126571,0.6825432186879847,373,302,source_representative
0.125,all_determinate,plus__raw_gnina_own,minus_chemistry,0.015081490400523846,-0.005391531448804714,0.03534385593279667,373,302,source_representative
0.125,all_determinate,plus__vina,absolute,0.6310353324931606,0.6000856594313626,0.6611065604002172,373,302,source_representative
0.125,all_determinate,plus__vina,minus_chemistry,-0.004071169637610029,-0.02285068993817571,0.014482389842104924,373,302,source_representative
0.125,all_determinate,target_prior,absolute,0.6148104689909353,0.5822963067768979,0.6469020750706733,373,302,source_representative
0.125,all_determinate,target_prior,minus_chemistry,-0.020296033139835266,-0.03865267536904213,-0.002234875906111904,373,302,source_representative
0.125,both_exact,availability__boltz_affinity,absolute,0.6067765780409458,0.5656815809793542,0.6467393313385958,261,211,source_representative
0.125,both_exact,availability__boltz_affinity,minus_chemistry,0.0,0.0,0.0,261,211,source_representative
0.125,both_exact,availability__boltz_binary,absolute,0.6067765780409458,0.5656815809793542,0.6467393313385958,261,211,source_representative
0.125,both_exact,availability__boltz_binary,minus_chemistry,0.0,0.0,0.0,261,211,source_representative
0.125,both_exact,availability__boltzina_vina_far_affinity,absolute,0.6101883642113527,0.5698978296183115,0.6517709306760275,261,211,source_representative
0.125,both_exact,availability__boltzina_vina_far_affinity,minus_chemistry,0.00341178617040686,-0.0027707817474354446,0.01272743302747455,261,211,source_representative
0.125,both_exact,availability__boltzina_vina_far_binary,absolute,0.6101883642113527,0.5698978296183115,0.6517709306760275,261,211,source_representative
0.125,both_exact,availability__boltzina_vina_far_binary,minus_chemistry,0.00341178617040686,-0.0027707817474354446,0.01272743302747455,261,211,source_representative
0.125,both_exact,availability__boltzina_vina_zero_affinity,absolute,0.6101883642113527,0.5698978296183115,0.6517709306760275,261,211,source_representative
0.125,both_exact,availability__boltzina_vina_zero_affinity,minus_chemistry,0.00341178617040686,-0.0027707817474354446,0.01272743302747455,261,211,source_representative
0.125,both_exact,availability__boltzina_vina_zero_binary,absolute,0.6101883642113527,0.5698978296183115,0.6517709306760275,261,211,source_representative
0.125,both_exact,availability__boltzina_vina_zero_binary,minus_chemistry,0.00341178617040686,-0.0027707817474354446,0.01272743302747455,261,211,source_representative
0.125,both_exact,availability__gnina,absolute,0.6054994388327721,0.5646271493062136,0.6462710854517245,261,211,source_representative
0.125,both_exact,availability__gnina,minus_chemistry,-0.001277139208173691,-0.004393239854081168,0.0005229272811486795,261,211,source_representative
0.125,both_exact,availability__nesso_affinity,absolute,0.6054994388327721,0.5646271493062136,0.6462710854517245,261,211,source_representative
0.125,both_exact,availability__nesso_affinity,minus_chemistry,-0.001277139208173691,-0.004393239854081168,0.0005229272811486795,261,211,source_representative
0.125,both_exact,availability__nesso_binary,absolute,0.6054994388327721,0.5646271493062136,0.6462710854517245,261,211,source_representative
0.125,both_exact,availability__nesso_binary,minus_chemistry,-0.001277139208173691,-0.004393239854081168,0.0005229272811486795,261,211,source_representative
0.125,both_exact,availability__raw_ad4,absolute,0.6054994388327721,0.5646271493062136,0.6462710854517245,261,211,source_representative
0.125,both_exact,availability__raw_ad4,minus_chemistry,-0.001277139208173691,-0.004393239854081168,0.0005229272811486795,261,211,source_representative
0.125,both_exact,availability__raw_gnina_own,absolute,0.6054994388327721,0.5646271493062136,0.6462710854517245,261,211,source_representative
0.125,both_exact,availability__raw_gnina_own,minus_chemistry,-0.001277139208173691,-0.004393239854081168,0.0005229272811486795,261,211,source_representative
0.125,both_exact,availability__vina,absolute,0.6054994388327721,0.5646271493062136,0.6462710854517245,261,211,source_representative
0.125,both_exact,availability__vina,minus_chemistry,-0.001277139208173691,-0.004393239854081168,0.0005229272811486795,261,211,source_representative
0.125,both_exact,calibrated__boltz_affinity,absolute,0.5764697697647889,0.5306955289959637,0.6183552615538379,261,211,source_representative
0.125,both_exact,calibrated__boltz_affinity,minus_chemistry,-0.030306808276156935,-0.07033251955641799,0.009768772411501515,261,211,source_representative
0.125,both_exact,calibrated__boltz_binary,absolute,0.5953642426822503,0.5497465777438525,0.6369558734284858,261,211,source_representative
0.125,both_exact,calibrated__boltz_binary,minus_chemistry,-0.011412335358695512,-0.05029706867873655,0.023651062456938928,261,211,source_representative
0.125,both_exact,calibrated__boltzina_vina_far_affinity,absolute,0.6134478335627761,0.5699836952294248,0.6552042624364052,261,211,source_representative
0.125,both_exact,calibrated__boltzina_vina_far_affinity,minus_chemistry,0.006671255521830235,-0.03434455611134055,0.049983931955323815,261,211,source_representative
0.125,both_exact,calibrated__boltzina_vina_far_binary,absolute,0.6120537614790489,0.5691388098180267,0.6539031933394827,261,211,source_representative
0.125,both_exact,calibrated__boltzina_vina_far_binary,minus_chemistry,0.005277183438102982,-0.034471821711947,0.04831075542713707,261,211,source_representative
0.125,both_exact,calibrated__boltzina_vina_zero_affinity,absolute,0.6134478335627761,0.5699836952294248,0.6552042624364052,261,211,source_representative
0.125,both_exact,calibrated__boltzina_vina_zero_affinity,minus_chemistry,0.006671255521830235,-0.03434455611134055,0.049983931955323815,261,211,source_representative
0.125,both_exact,calibrated__boltzina_vina_zero_binary,absolute,0.6120537614790489,0.5691388098180267,0.6539031933394827,261,211,source_representative
0.125,both_exact,calibrated__boltzina_vina_zero_binary,minus_chemistry,0.005277183438102982,-0.034471821711947,0.04831075542713707,261,211,source_representative
0.125,both_exact,calibrated__gnina,absolute,0.6121471972046685,0.57049115379831,0.6521677791551741,261,211,source_representative
0.125,both_exact,calibrated__gnina,minus_chemistry,0.00537061916372261,-0.037495112496040255,0.04598754560309269,261,211,source_representative
0.125,both_exact,calibrated__nesso_affinity,absolute,0.6126338185725159,0.5654686316556105,0.654718321602473,261,211,source_representative
0.125,both_exact,calibrated__nesso_affinity,minus_chemistry,0.005857240531570035,-0.041753372013788675,0.05374338275328204,261,211,source_representative
0.125,both_exact,calibrated__nesso_binary,absolute,0.6100119052226332,0.5670236833621125,0.6527107303731491,261,211,source_representative
0.125,both_exact,calibrated__nesso_binary,minus_chemistry,0.0032353271816873354,-0.04098563998547442,0.05045871437242777,261,211,source_representative
0.125,both_exact,calibrated__raw_ad4,absolute,0.6109377850757161,0.5677980278121788,0.6521116684138557,261,211,source_representative
0.125,both_exact,calibrated__raw_ad4,minus_chemistry,0.004161207034770254,-0.026327471524980824,0.03530709487285946,261,211,source_representative
0.125,both_exact,calibrated__raw_gnina_own,absolute,0.606311242326568,0.562633442709741,0.6480243019291625,261,211,source_representative
0.125,both_exact,calibrated__raw_gnina_own,minus_chemistry,-0.0004653357143778558,-0.03807557063612099,0.03577861533269989,261,211,source_representative
0.125,both_exact,calibrated__vina,absolute,0.6007906099860122,0.5600983191469414,0.6392855900660397,261,211,source_representative
0.125,both_exact,calibrated__vina,minus_chemistry,-0.005985968054933573,-0.03706208269183479,0.02622578810078808,261,211,source_representative
0.125,both_exact,chemistry,absolute,0.6067765780409458,0.5656815809793542,0.6467393313385958,261,211,source_representative
0.125,both_exact,chemistry,minus_chemistry,0.0,0.0,0.0,261,211,source_representative
0.125,both_exact,native__boltz_affinity,absolute,0.5827234210375972,0.5428853847496684,0.6266509717888006,261,211,source_representative
0.125,both_exact,native__boltz_affinity,minus_chemistry,-0.02405315700334858,-0.07231073758251279,0.031863021815948876,261,211,source_representative
0.125,both_exact,native__boltz_binary,absolute,0.6193682860349525,0.5792578953315876,0.6576471099053718,261,211,source_representative
0.125,both_exact,native__boltz_binary,minus_chemistry,0.012591707994006851,-0.03222480566544174,0.05891381605586242,261,211,source_representative
0.125,both_exact,native__boltzina_vina_far_affinity,absolute,0.5747355879539787,0.5357267884924855,0.6152129296476386,261,211,source_representative
0.125,both_exact,native__boltzina_vina_far_affinity,minus_chemistry,-0.03204099008696709,-0.08960223700966874,0.025017109692581262,261,211,source_representative
0.125,both_exact,native__boltzina_vina_far_binary,absolute,0.6373898628687901,0.5974069812844295,0.6743724876314162,261,211,source_representative
0.125,both_exact,native__boltzina_vina_far_binary,minus_chemistry,0.030613284827844218,-0.02040771167665108,0.08254268404456956,261,211,source_representative
0.125,both_exact,native__boltzina_vina_zero_affinity,absolute,0.5747355879539787,0.5357267884924855,0.6152129296476386,261,211,source_representative
0.125,both_exact,native__boltzina_vina_zero_affinity,minus_chemistry,-0.03204099008696709,-0.08960223700966874,0.025017109692581262,261,211,source_representative
0.125,both_exact,native__boltzina_vina_zero_binary,absolute,0.6373898628687901,0.5974069812844295,0.6743724876314162,261,211,source_representative
0.125,both_exact,native__boltzina_vina_zero_binary,minus_chemistry,0.030613284827844218,-0.02040771167665108,0.08254268404456956,261,211,source_representative
0.125,both_exact,native__gnina,absolute,0.5876546895703982,0.5477903015495779,0.6283815790212914,261,211,source_representative
0.125,both_exact,native__gnina,minus_chemistry,-0.01912188847054748,-0.06817405286051466,0.0320060450202302,261,211,source_representative
0.125,both_exact,native__nesso_affinity,absolute,0.5424660765656933,0.5011360889318238,0.5839411515418167,261,211,source_representative
0.125,both_exact,native__nesso_affinity,minus_chemistry,-0.06431050147525244,-0.12606060252687978,-0.0031558846054278306,261,211,source_representative
0.125,both_exact,native__nesso_binary,absolute,0.5881406659184436,0.5468252039879313,0.6307909365998925,261,211,source_representative
0.125,both_exact,native__nesso_binary,minus_chemistry,-0.018635912122502166,-0.07193217215274356,0.03756027617860291,261,211,source_representative
0.125,both_exact,native__raw_ad4,absolute,0.5072764683875794,0.46610143649744284,0.5470317978679827,261,211,source_representative
0.125,both_exact,native__raw_ad4,minus_chemistry,-0.09950010965336636,-0.15627333347480407,-0.045722203545185955,261,211,source_representative
0.125,both_exact,native__raw_gnina_own,absolute,0.6045267489711934,0.5637713502021587,0.6448157890959266,261,211,source_representative
0.125,both_exact,native__raw_gnina_own,minus_chemistry,-0.0022498290697524417,-0.05299890499212046,0.047531985156767036,261,211,source_representative
0.125,both_exact,native__vina,absolute,0.4954656490097103,0.45436888238692663,0.5387201207924247,261,211,source_representative
0.125,both_exact,native__vina,minus_chemistry,-0.11131092903123553,-0.17170971740267377,-0.05198455757980088,261,211,source_representative
0.125,both_exact,plus__boltz_affinity,absolute,0.603442747120908,0.5592076948780044,0.6486022941529616,261,211,source_representative
0.125,both_exact,plus__boltz_affinity,minus_chemistry,-0.003333830920037818,-0.03916160488457139,0.033111524927488936,261,211,source_representative
0.125,both_exact,plus__boltz_binary,absolute,0.5964049360601085,0.5513628408580254,0.6388730705504553,261,211,source_representative
0.125,both_exact,plus__boltz_binary,minus_chemistry,-0.010371641980837386,-0.04798625441160195,0.024191710033465316,261,211,source_representative
0.125,both_exact,plus__boltzina_vina_far_affinity,absolute,0.630630239634071,0.5873611839121613,0.6732514978139604,261,211,source_representative
0.125,both_exact,plus__boltzina_vina_far_affinity,minus_chemistry,0.023853661593125193,-0.014295055131516155,0.06276950958729138,261,211,source_representative
0.125,both_exact,plus__boltzina_vina_far_binary,absolute,0.6084614619097377,0.5624670455154145,0.6530072764834,261,211,source_representative
0.125,both_exact,plus__boltzina_vina_far_binary,minus_chemistry,0.0016848838687919191,-0.036939062232494435,0.040872829646046056,261,211,source_representative
0.125,both_exact,plus__boltzina_vina_zero_affinity,absolute,0.630630239634071,0.5873611839121613,0.6732514978139604,261,211,source_representative
0.125,both_exact,plus__boltzina_vina_zero_affinity,minus_chemistry,0.023853661593125193,-0.014295055131516155,0.06276950958729138,261,211,source_representative
0.125,both_exact,plus__boltzina_vina_zero_binary,absolute,0.6084614619097377,0.5624670455154145,0.6530072764834,261,211,source_representative
0.125,both_exact,plus__boltzina_vina_zero_binary,minus_chemistry,0.0016848838687919191,-0.036939062232494435,0.040872829646046056,261,211,source_representative
0.125,both_exact,plus__gnina,absolute,0.6005285476549844,0.5593140316604299,0.643054601507761,261,211,source_representative
0.125,both_exact,plus__gnina,minus_chemistry,-0.006248030385961422,-0.04521905707900893,0.033518644890888454,261,211,source_representative
0.125,both_exact,plus__nesso_affinity,absolute,0.6072687281499541,0.5618957414472951,0.6509147946577727,261,211,source_representative
0.125,both_exact,plus__nesso_affinity,minus_chemistry,0.0004921501090083463,-0.04199418140702678,0.04309553897840909,261,211,source_representative
0.125,both_exact,plus__nesso_binary,absolute,0.613848206568513,0.5733230373168586,0.6552429893310616,261,211,source_representative
0.125,both_exact,plus__nesso_binary,minus_chemistry,0.0070716285275672225,-0.035792918044988374,0.05283173424986873,261,211,source_representative
0.125,both_exact,plus__raw_ad4,absolute,0.6068311282870669,0.5615296780366162,0.6506200299082116,261,211,source_representative
0.125,both_exact,plus__raw_ad4,minus_chemistry,5.455024612113045e-05,-0.029955636970167114,0.028711595614530395,261,211,source_representative
0.125,both_exact,plus__raw_gnina_own,absolute,0.6077739629463766,0.5655010953248708,0.6493107431314277,261,211,source_representative
0.125,both_exact,plus__raw_gnina_own,minus_chemistry,0.0009973849054308822,-0.032372435884731245,0.03548193081303767,261,211,source_representative
0.125,both_exact,plus__vina,absolute,0.6126720590322122,0.5727947304043057,0.6541447672703815,261,211,source_representative
0.125,both_exact,plus__vina,minus_chemistry,0.005895480991266429,-0.026619973254045835,0.040167112820142396,261,211,source_representative
0.125,both_exact,target_prior,absolute,0.6014363669536084,0.5608261816679367,0.6412849182822008,261,211,source_representative
0.125,both_exact,target_prior,minus_chemistry,-0.005340211087337519,-0.03408197421557135,0.02509663223101958,261,211,source_representative
0.25,all_determinate,availability__boltz_affinity,absolute,0.6581115196897699,0.628303295721744,0.6885251318058311,373,302,source_representative
0.25,all_determinate,availability__boltz_affinity,minus_chemistry,0.0,0.0,0.0,373,302,source_representative
0.25,all_determinate,availability__boltz_binary,absolute,0.6581115196897699,0.628303295721744,0.6885251318058311,373,302,source_representative
0.25,all_determinate,availability__boltz_binary,minus_chemistry,0.0,0.0,0.0,373,302,source_representative
0.25,all_determinate,availability__boltzina_vina_far_affinity,absolute,0.6586343938218933,0.6288075599877828,0.6892485856768102,373,302,source_representative
0.25,all_determinate,availability__boltzina_vina_far_affinity,minus_chemistry,0.0005228741321234617,-0.002153642155598557,0.0029096442983286984,373,302,source_representative
0.25,all_determinate,availability__boltzina_vina_far_binary,absolute,0.6586343938218933,0.6288075599877828,0.6892485856768102,373,302,source_representative
0.25,all_determinate,availability__boltzina_vina_far_binary,minus_chemistry,0.0005228741321234617,-0.002153642155598557,0.0029096442983286984,373,302,source_representative
0.25,all_determinate,availability__boltzina_vina_zero_affinity,absolute,0.6586343938218933,0.6288075599877828,0.6892485856768102,373,302,source_representative
0.25,all_determinate,availability__boltzina_vina_zero_affinity,minus_chemistry,0.0005228741321234617,-0.002153642155598557,0.0029096442983286984,373,302,source_representative
0.25,all_determinate,availability__boltzina_vina_zero_binary,absolute,0.6586343938218933,0.6288075599877828,0.6892485856768102,373,302,source_representative
0.25,all_determinate,availability__boltzina_vina_zero_binary,minus_chemistry,0.0005228741321234617,-0.002153642155598557,0.0029096442983286984,373,302,source_representative
0.25,all_determinate,availability__gnina,absolute,0.6570706406998291,0.627438873286628,0.6880430419063586,373,302,source_representative
0.25,all_determinate,availability__gnina,minus_chemistry,-0.0010408789899406527,-0.0037110948293144273,0.0011339037111767708,373,302,source_representative
0.25,all_determinate,availability__nesso_affinity,absolute,0.6570706406998291,0.627438873286628,0.6880430419063586,373,302,source_representative
0.25,all_determinate,availability__nesso_affinity,minus_chemistry,-0.0010408789899406527,-0.0037110948293144273,0.0011339037111767708,373,302,source_representative
0.25,all_determinate,availability__nesso_binary,absolute,0.6570706406998291,0.627438873286628,0.6880430419063586,373,302,source_representative
0.25,all_determinate,availability__nesso_binary,minus_chemistry,-0.0010408789899406527,-0.0037110948293144273,0.0011339037111767708,373,302,source_representative
0.25,all_determinate,availability__raw_ad4,absolute,0.6570706406998291,0.627438873286628,0.6880430419063586,373,302,source_representative
0.25,all_determinate,availability__raw_ad4,minus_chemistry,-0.0010408789899406527,-0.0037110948293144273,0.0011339037111767708,373,302,source_representative
0.25,all_determinate,availability__raw_gnina_own,absolute,0.6573100125879946,0.6276962453376477,0.6882551979572499,373,302,source_representative
0.25,all_determinate,availability__raw_gnina_own,minus_chemistry,-0.0008015071017751988,-0.0035284033776680837,0.001388917396460499,373,302,source_representative
0.25,all_determinate,availability__vina,absolute,0.6570706406998291,0.627438873286628,0.6880430419063586,373,302,source_representative
0.25,all_determinate,availability__vina,minus_chemistry,-0.0010408789899406527,-0.0037110948293144273,0.0011339037111767708,373,302,source_representative
0.25,all_determinate,calibrated__boltz_affinity,absolute,0.6296025333780833,0.5952995787899055,0.6652627370780784,373,302,source_representative
0.25,all_determinate,calibrated__boltz_affinity,minus_chemistry,-0.028508986311686496,-0.06005495732180049,0.003346870180446817,373,302,source_representative
0.25,all_determinate,calibrated__boltz_binary,absolute,0.6358808008599752,0.6049758351173127,0.666049297645741,373,302,source_representative
0.25,all_determinate,calibrated__boltz_binary,minus_chemistry,-0.022230718829794546,-0.05426397981975407,0.009748161084985852,373,302,source_representative
0.25,all_determinate,calibrated__boltzina_vina_far_affinity,absolute,0.6337585727604668,0.6004452316022268,0.6681587204389124,373,302,source_representative
0.25,all_determinate,calibrated__boltzina_vina_far_affinity,minus_chemistry,-0.024352946929303034,-0.0586999794949371,0.00849986379938452,373,302,source_representative
0.25,all_determinate,calibrated__boltzina_vina_far_binary,absolute,0.6371534877089362,0.6039517596638213,0.6688263134099119,373,302,source_representative
0.25,all_determinate,calibrated__boltzina_vina_far_binary,minus_chemistry,-0.020958031980833663,-0.052032052700035226,0.009759860098716752,373,302,source_representative
0.25,all_determinate,calibrated__boltzina_vina_zero_affinity,absolute,0.6337585727604668,0.6004452316022268,0.6681587204389124,373,302,source_representative
0.25,all_determinate,calibrated__boltzina_vina_zero_affinity,minus_chemistry,-0.024352946929303034,-0.0586999794949371,0.00849986379938452,373,302,source_representative
0.25,all_determinate,calibrated__boltzina_vina_zero_binary,absolute,0.6371534877089362,0.6039517596638213,0.6688263134099119,373,302,source_representative
0.25,all_determinate,calibrated__boltzina_vina_zero_binary,minus_chemistry,-0.020958031980833663,-0.052032052700035226,0.009759860098716752,373,302,source_representative
0.25,all_determinate,calibrated__gnina,absolute,0.6219845611505391,0.5885218385055322,0.655256583023744,373,302,source_representative
0.25,all_determinate,calibrated__gnina,minus_chemistry,-0.03612695853923063,-0.06845525737004303,-0.004597668834255317,373,302,source_representative
0.25,all_determinate,calibrated__nesso_affinity,absolute,0.6666059301243117,0.6346546143334669,0.6969207232545405,373,302,source_representative
0.25,all_determinate,calibrated__nesso_affinity,minus_chemistry,0.00849441043454194,-0.027962180501763217,0.044366103106855105,373,302,source_representative
0.25,all_determinate,calibrated__nesso_binary,absolute,0.6429057791664123,0.6103953738477484,0.6749787274620188,373,302,source_representative
0.25,all_determinate,calibrated__nesso_binary,minus_chemistry,-0.01520574052335754,-0.053411436789948176,0.021238901330076967,373,302,source_representative
0.25,all_determinate,calibrated__raw_ad4,absolute,0.6063476878920241,0.5697019084827524,0.640469197441866,373,302,source_representative
0.25,all_determinate,calibrated__raw_ad4,minus_chemistry,-0.05176383179774579,-0.08418387269119106,-0.021867973189129284,373,302,source_representative
0.25,all_determinate,calibrated__raw_gnina_own,absolute,0.6274162808873922,0.5945483156172424,0.6600475239481494,373,302,source_representative
0.25,all_determinate,calibrated__raw_gnina_own,minus_chemistry,-0.030695238802377577,-0.06408908942482977,0.0006480282010508803,373,302,source_representative
0.25,all_determinate,calibrated__vina,absolute,0.6107634504095206,0.577557652314572,0.6429906521746034,373,302,source_representative
0.25,all_determinate,calibrated__vina,minus_chemistry,-0.04734806928024922,-0.08017431940483752,-0.017863091882960886,373,302,source_representative
0.25,all_determinate,chemistry,absolute,0.6581115196897699,0.628303295721744,0.6885251318058311,373,302,source_representative
0.25,all_determinate,chemistry,minus_chemistry,0.0,0.0,0.0,373,302,source_representative
0.25,all_determinate,native__boltz_affinity,absolute,0.5620658891389908,0.5306195186395781,0.5950039217281708,373,302,source_representative
0.25,all_determinate,native__boltz_affinity,minus_chemistry,-0.09604563055077912,-0.13473514452767602,-0.05699944410356836,373,302,source_representative
0.25,all_determinate,native__boltz_binary,absolute,0.6588247248321865,0.6297312867940191,0.6873600756642689,373,302,source_representative
0.25,all_determinate,native__boltz_binary,minus_chemistry,0.0007132051424166386,-0.03409385005254391,0.034517175688508595,373,302,source_representative
0.25,all_determinate,native__boltzina_vina_far_affinity,absolute,0.5633429089572257,0.5313736541223599,0.5940832324979629,373,302,source_representative
0.25,all_determinate,native__boltzina_vina_far_affinity,minus_chemistry,-0.09476861073254413,-0.13509887624528333,-0.05424491152087586,373,302,source_representative
0.25,all_determinate,native__boltzina_vina_far_binary,absolute,0.6701386313571763,0.6410947087337179,0.6996128043708669,373,302,source_representative
0.25,all_determinate,native__boltzina_vina_far_binary,minus_chemistry,0.012027111667406644,-0.021994287965621216,0.04649914056365425,373,302,source_representative
0.25,all_determinate,native__boltzina_vina_zero_affinity,absolute,0.5633429089572257,0.5313736541223599,0.5940832324979629,373,302,source_representative
0.25,all_determinate,native__boltzina_vina_zero_affinity,minus_chemistry,-0.09476861073254413,-0.13509887624528333,-0.05424491152087586,373,302,source_representative
0.25,all_determinate,native__boltzina_vina_zero_binary,absolute,0.6701386313571763,0.6410947087337179,0.6996128043708669,373,302,source_representative
0.25,all_determinate,native__boltzina_vina_zero_binary,minus_chemistry,0.012027111667406644,-0.021994287965621216,0.04649914056365425,373,302,source_representative
0.25,all_determinate,native__gnina,absolute,0.6129066023803486,0.5829671230737947,0.6413613794375398,373,302,source_representative
0.25,all_determinate,native__gnina,minus_chemistry,-0.045204917309421215,-0.08617102860383011,-0.009290253230322312,373,302,source_representative
0.25,all_determinate,native__nesso_affinity,absolute,0.5552116258945798,0.5235033848396822,0.5866435798017461,373,302,source_representative
0.25,all_determinate,native__nesso_affinity,minus_chemistry,-0.10289989379518988,-0.14851808476628228,-0.056466077305078716,373,302,source_representative
0.25,all_determinate,native__nesso_binary,absolute,0.6190976568175236,0.5904018678644665,0.6490006559302616,373,302,source_representative
0.25,all_determinate,native__nesso_binary,minus_chemistry,-0.03901386287224616,-0.08141919528851313,0.0032989774801608193,373,302,source_representative
0.25,all_determinate,native__raw_ad4,absolute,0.5432162975080075,0.5144769004928883,0.5728101265426065,373,302,source_representative
0.25,all_determinate,native__raw_ad4,minus_chemistry,-0.11489522218176236,-0.1595134416988726,-0.07148043648987688,373,302,source_representative
0.25,all_determinate,native__raw_gnina_own,absolute,0.62776057059596,0.6003248712407191,0.6564828463896231,373,302,source_representative
0.25,all_determinate,native__raw_gnina_own,minus_chemistry,-0.03035094909380983,-0.06852576057612564,0.007122455178973928,373,302,source_representative
0.25,all_determinate,native__vina,absolute,0.5804399141812817,0.5493677508137353,0.6111268822093138,373,302,source_representative
0.25,all_determinate,native__vina,minus_chemistry,-0.07767160550848799,-0.12133329014326404,-0.03531687041639036,373,302,source_representative
0.25,all_determinate,plus__boltz_affinity,absolute,0.6607073347153561,0.6267019239398601,0.6947813938220808,373,302,source_representative
0.25,all_determinate,plus__boltz_affinity,minus_chemistry,0.002595815025586369,-0.024835809951697502,0.02897662910260183,373,302,source_representative
0.25,all_determinate,plus__boltz_binary,absolute,0.6843055584421006,0.6549962118879757,0.714435609495059,373,302,source_representative
0.25,all_determinate,plus__boltz_binary,minus_chemistry,0.026194038752330798,0.0005540067268297876,0.05089690863889466,373,302,source_representative
0.25,all_determinate,plus__boltzina_vina_far_affinity,absolute,0.6676145877706782,0.6333888308064232,0.7025866827001909,373,302,source_representative
0.25,all_determinate,plus__boltzina_vina_far_affinity,minus_chemistry,0.009503068080908337,-0.018731322416234857,0.0355250648224537,373,302,source_representative
0.25,all_determinate,plus__boltzina_vina_far_binary,absolute,0.6609288261667358,0.6303399011028525,0.6924749511938939,373,302,source_representative
0.25,all_determinate,plus__boltzina_vina_far_binary,minus_chemistry,0.00281730647696603,-0.025707176225506348,0.029238001620550513,373,302,source_representative
0.25,all_determinate,plus__boltzina_vina_zero_affinity,absolute,0.6676145877706782,0.6333888308064232,0.7025866827001909,373,302,source_representative
0.25,all_determinate,plus__boltzina_vina_zero_affinity,minus_chemistry,0.009503068080908337,-0.018731322416234857,0.0355250648224537,373,302,source_representative
0.25,all_determinate,plus__boltzina_vina_zero_binary,absolute,0.6609288261667358,0.6303399011028525,0.6924749511938939,373,302,source_representative
0.25,all_determinate,plus__boltzina_vina_zero_binary,minus_chemistry,0.00281730647696603,-0.025707176225506348,0.029238001620550513,373,302,source_representative
0.25,all_determinate,plus__gnina,absolute,0.65172123084953,0.6203156336650437,0.6852545976119666,373,302,source_representative
0.25,all_determinate,plus__gnina,minus_chemistry,-0.006390288840239754,-0.031504429557957375,0.01586920709859019,373,302,source_representative
0.25,all_determinate,plus__nesso_affinity,absolute,0.6973837375910842,0.6668411170591967,0.7277154923576254,373,302,source_representative
0.25,all_determinate,plus__nesso_affinity,minus_chemistry,0.03927221790131435,0.010099190266066567,0.06917265864592172,373,302,source_representative
0.25,all_determinate,plus__nesso_binary,absolute,0.6844913448562718,0.6532395832017331,0.7173310559710339,373,302,source_representative
0.25,all_determinate,plus__nesso_binary,minus_chemistry,0.026379825166502092,-0.00288025373186366,0.05518952888606701,373,302,source_representative
0.25,all_determinate,plus__raw_ad4,absolute,0.6576221866513514,0.6281739485285239,0.6889909674125263,373,302,source_representative
0.25,all_determinate,plus__raw_ad4,minus_chemistry,-0.0004893330384183571,-0.006323422730875361,0.005281066964477965,373,302,source_representative
0.25,all_determinate,plus__raw_gnina_own,absolute,0.6497254243346011,0.6189307649032691,0.6823308512983881,373,302,source_representative
0.25,all_determinate,plus__raw_gnina_own,minus_chemistry,-0.008386095355168701,-0.032473692255163264,0.013674780509025502,373,302,source_representative
0.25,all_determinate,plus__vina,absolute,0.6513143452060621,0.6189243430642332,0.6839382073404766,373,302,source_representative
0.25,all_determinate,plus__vina,minus_chemistry,-0.006797174483707672,-0.029115730940623037,0.012690443833791696,373,302,source_representative
0.25,all_determinate,target_prior,absolute,0.6044918392032099,0.5681304382875652,0.6394002562795476,373,302,source_representative
0.25,all_determinate,target_prior,minus_chemistry,-0.053619680486559906,-0.08641885477161769,-0.023949641364244375,373,302,source_representative
0.25,both_exact,availability__boltz_affinity,absolute,0.6294895681868862,0.5879428592979125,0.6713600491758174,261,211,source_representative
0.25,both_exact,availability__boltz_affinity,minus_chemistry,0.0,0.0,0.0,261,211,source_representative
0.25,both_exact,availability__boltz_binary,absolute,0.6294895681868862,0.5879428592979125,0.6713600491758174,261,211,source_representative
0.25,both_exact,availability__boltz_binary,minus_chemistry,0.0,0.0,0.0,261,211,source_representative
0.25,both_exact,availability__boltzina_vina_far_affinity,absolute,0.6316181335338424,0.5902158794012632,0.6739490184359588,261,211,source_representative
0.25,both_exact,availability__boltzina_vina_far_affinity,minus_chemistry,0.002128565346956152,-0.0019158930150309456,0.006574254061945253,261,211,source_representative
0.25,both_exact,availability__boltzina_vina_far_binary,absolute,0.6316181335338424,0.5902158794012632,0.6739490184359588,261,211,source_representative
0.25,both_exact,availability__boltzina_vina_far_binary,minus_chemistry,0.002128565346956152,-0.0019158930150309456,0.006574254061945253,261,211,source_representative
0.25,both_exact,availability__boltzina_vina_zero_affinity,absolute,0.6316181335338424,0.5902158794012632,0.6739490184359588,261,211,source_representative
0.25,both_exact,availability__boltzina_vina_zero_affinity,minus_chemistry,0.002128565346956152,-0.0019158930150309456,0.006574254061945253,261,211,source_representative
0.25,both_exact,availability__boltzina_vina_zero_binary,absolute,0.6316181335338424,0.5902158794012632,0.6739490184359588,261,211,source_representative
0.25,both_exact,availability__boltzina_vina_zero_binary,minus_chemistry,0.002128565346956152,-0.0019158930150309456,0.006574254061945253,261,211,source_representative
0.25,both_exact,availability__gnina,absolute,0.6301281377909731,0.5888645915762851,0.6729773129439482,261,211,source_representative
0.25,both_exact,availability__gnina,minus_chemistry,0.0006385696040868456,-0.0029345315118034475,0.004611330698287221,261,211,source_representative
0.25,both_exact,availability__nesso_affinity,absolute,0.6301281377909731,0.5888645915762851,0.6729773129439482,261,211,source_representative
0.25,both_exact,availability__nesso_affinity,minus_chemistry,0.0006385696040868456,-0.0029345315118034475,0.004611330698287221,261,211,source_representative
0.25,both_exact,availability__nesso_binary,absolute,0.6301281377909731,0.5888645915762851,0.6729773129439482,261,211,source_representative
0.25,both_exact,availability__nesso_binary,minus_chemistry,0.0006385696040868456,-0.0029345315118034475,0.004611330698287221,261,211,source_representative
0.25,both_exact,availability__raw_ad4,absolute,0.6301281377909731,0.5888645915762851,0.6729773129439482,261,211,source_representative
0.25,both_exact,availability__raw_ad4,minus_chemistry,0.0006385696040868456,-0.0029345315118034475,0.004611330698287221,261,211,source_representative
0.25,both_exact,availability__raw_gnina_own,absolute,0.6301281377909731,0.5888645915762851,0.6729773129439482,261,211,source_representative
0.25,both_exact,availability__raw_gnina_own,minus_chemistry,0.0006385696040868456,-0.0029345315118034475,0.004611330698287221,261,211,source_representative
0.25,both_exact,availability__vina,absolute,0.6301281377909731,0.5888645915762851,0.6729773129439482,261,211,source_representative
0.25,both_exact,availability__vina,minus_chemistry,0.0006385696040868456,-0.0029345315118034475,0.004611330698287221,261,211,source_representative
0.25,both_exact,calibrated__boltz_affinity,absolute,0.5997969109080221,0.5561436243295999,0.6430797786286231,261,211,source_representative
0.25,both_exact,calibrated__boltz_affinity,minus_chemistry,-0.029692657278864172,-0.07683879133900005,0.015984100119738394,261,211,source_representative
0.25,both_exact,calibrated__boltz_binary,absolute,0.5754047499258227,0.5291294993527401,0.6183593248655133,261,211,source_representative
0.25,both_exact,calibrated__boltz_binary,minus_chemistry,-0.05408481826106346,-0.09966201747540661,-0.01054221708862724,261,211,source_representative
0.25,both_exact,calibrated__boltzina_vina_far_affinity,absolute,0.614834441845936,0.5711964963155343,0.6572131069834558,261,211,source_representative
0.25,both_exact,calibrated__boltzina_vina_far_affinity,minus_chemistry,-0.014655126340950092,-0.06262551564448483,0.03052967875383672,261,211,source_representative
0.25,both_exact,calibrated__boltzina_vina_far_binary,absolute,0.5812205248986859,0.5339319038894059,0.6257992724498236,261,211,source_representative
0.25,both_exact,calibrated__boltzina_vina_far_binary,minus_chemistry,-0.04826904328820038,-0.08919948525286224,-0.009608874970075868,261,211,source_representative
0.25,both_exact,calibrated__boltzina_vina_zero_affinity,absolute,0.614834441845936,0.5711964963155343,0.6572131069834558,261,211,source_representative
0.25,both_exact,calibrated__boltzina_vina_zero_affinity,minus_chemistry,-0.014655126340950092,-0.06262551564448483,0.03052967875383672,261,211,source_representative
0.25,both_exact,calibrated__boltzina_vina_zero_binary,absolute,0.5812205248986859,0.5339319038894059,0.6257992724498236,261,211,source_representative
0.25,both_exact,calibrated__boltzina_vina_zero_binary,minus_chemistry,-0.04826904328820038,-0.08919948525286224,-0.009608874970075868,261,211,source_representative
0.25,both_exact,calibrated__gnina,absolute,0.6103702597955472,0.5691132175263532,0.6510959871353085,261,211,source_representative
0.25,both_exact,calibrated__gnina,minus_chemistry,-0.019119308391339046,-0.06182963211538993,0.023402781828669953,261,211,source_representative
0.25,both_exact,calibrated__nesso_affinity,absolute,0.625902981650108,0.5805713855486077,0.6650280677247655,261,211,source_representative
0.25,both_exact,calibrated__nesso_affinity,minus_chemistry,-0.0035865865367781078,-0.05290943711368639,0.04819514851355934,261,211,source_representative
0.25,both_exact,calibrated__nesso_binary,absolute,0.5917185907607364,0.5487354027818058,0.6350590984675534,261,211,source_representative
0.25,both_exact,calibrated__nesso_binary,minus_chemistry,-0.03777097742614983,-0.0867044809844118,0.014572934040984621,261,211,source_representative
0.25,both_exact,calibrated__raw_ad4,absolute,0.5804275191248371,0.5381915619575406,0.6230878844537991,261,211,source_representative
0.25,both_exact,calibrated__raw_ad4,minus_chemistry,-0.049062049062049064,-0.08819495527248729,-0.010305406049180012,261,211,source_representative
0.25,both_exact,calibrated__raw_gnina_own,absolute,0.5964881436145805,0.5560196522058166,0.6373710812825226,261,211,source_representative
0.25,both_exact,calibrated__raw_gnina_own,minus_chemistry,-0.0330014245723058,-0.0747781405244236,0.01157990131337587,261,211,source_representative
0.25,both_exact,calibrated__vina,absolute,0.5812138904092927,0.5391840419695765,0.6197410533043003,261,211,source_representative
0.25,both_exact,calibrated__vina,minus_chemistry,-0.04827567777759348,-0.09145889452772386,-0.004961993938406067,261,211,source_representative
0.25,both_exact,chemistry,absolute,0.6294895681868862,0.5879428592979125,0.6713600491758174,261,211,source_representative
0.25,both_exact,chemistry,minus_chemistry,0.0,0.0,0.0,261,211,source_representative
0.25,both_exact,native__boltz_affinity,absolute,0.5827234210375972,0.5428853847496684,0.6266509717888006,261,211,source_representative
0.25,both_exact,native__boltz_affinity,minus_chemistry,-0.04676614714928891,-0.1028418522822019,0.01210509281937854,261,211,source_representative
0.25,both_exact,native__boltz_binary,absolute,0.6193682860349525,0.5792578953315876,0.6576471099053718,261,211,source_representative
0.25,both_exact,native__boltz_binary,minus_chemistry,-0.010121282151933485,-0.06087224785669835,0.03818398575394727,261,211,source_representative
0.25,both_exact,native__boltzina_vina_far_affinity,absolute,0.5747355879539787,0.5357267884924855,0.6152129296476386,261,211,source_representative
0.25,both_exact,native__boltzina_vina_far_affinity,minus_chemistry,-0.05475398023290743,-0.11238929764521231,0.0019077684653779523,261,211,source_representative
0.25,both_exact,native__boltzina_vina_far_binary,absolute,0.6373898628687901,0.5974069812844295,0.6743724876314162,261,211,source_representative
0.25,both_exact,native__boltzina_vina_far_binary,minus_chemistry,0.007900294681903883,-0.042836274621892656,0.05544519702071909,261,211,source_representative
0.25,both_exact,native__boltzina_vina_zero_affinity,absolute,0.5747355879539787,0.5357267884924855,0.6152129296476386,261,211,source_representative
0.25,both_exact,native__boltzina_vina_zero_affinity,minus_chemistry,-0.05475398023290743,-0.11238929764521231,0.0019077684653779523,261,211,source_representative
0.25,both_exact,native__boltzina_vina_zero_binary,absolute,0.6373898628687901,0.5974069812844295,0.6743724876314162,261,211,source_representative
0.25,both_exact,native__boltzina_vina_zero_binary,minus_chemistry,0.007900294681903883,-0.042836274621892656,0.05544519702071909,261,211,source_representative
0.25,both_exact,native__gnina,absolute,0.5876546895703982,0.5477903015495779,0.6283815790212914,261,211,source_representative
0.25,both_exact,native__gnina,minus_chemistry,-0.04183487861648781,-0.09420378743463557,0.012791897896523432,261,211,source_representative
0.25,both_exact,native__nesso_affinity,absolute,0.5424660765656933,0.5011360889318238,0.5839411515418167,261,211,source_representative
0.25,both_exact,native__nesso_affinity,minus_chemistry,-0.08702349162119277,-0.1509100221099189,-0.022793704112100344,261,211,source_representative
0.25,both_exact,native__nesso_binary,absolute,0.5881406659184436,0.5468252039879313,0.6307909365998925,261,211,source_representative
0.25,both_exact,native__nesso_binary,minus_chemistry,-0.0413489022684425,-0.09377100126992106,0.013657956056753164,261,211,source_representative
0.25,both_exact,native__raw_ad4,absolute,0.5072764683875794,0.46610143649744284,0.5470317978679827,261,211,source_representative
0.25,both_exact,native__raw_ad4,minus_chemistry,-0.12221309979930668,-0.18220308089342122,-0.0640102805271578,261,211,source_representative
0.25,both_exact,native__raw_gnina_own,absolute,0.6045267489711934,0.5637713502021587,0.6448157890959266,261,211,source_representative
0.25,both_exact,native__raw_gnina_own,minus_chemistry,-0.024962819215692777,-0.0782037662957121,0.028719281733800173,261,211,source_representative
0.25,both_exact,native__vina,absolute,0.4954656490097103,0.45436888238692663,0.5387201207924247,261,211,source_representative
0.25,both_exact,native__vina,minus_chemistry,-0.13402391917717588,-0.19679537586619694,-0.07149489454148551,261,211,source_representative
0.25,both_exact,plus__boltz_affinity,absolute,0.6230043548051212,0.5767211005573499,0.668218994945605,261,211,source_representative
0.25,both_exact,plus__boltz_affinity,minus_chemistry,-0.006485213381765104,-0.045119141866235786,0.03162976080966073,261,211,source_representative
0.25,both_exact,plus__boltz_binary,absolute,0.6085560955292756,0.5620563449093283,0.6548564763861373,261,211,source_representative
0.25,both_exact,plus__boltz_binary,minus_chemistry,-0.02093347265761059,-0.06149290889907371,0.01688322168762048,261,211,source_representative
0.25,both_exact,plus__boltzina_vina_far_affinity,absolute,0.6601325239256274,0.6164758391484138,0.7015321373853823,261,211,source_representative
0.25,both_exact,plus__boltzina_vina_far_affinity,minus_chemistry,0.030642955738741182,-0.006730210419517101,0.06523528490513497,261,211,source_representative
0.25,both_exact,plus__boltzina_vina_far_binary,absolute,0.6052809614112296,0.5574786377039121,0.6523573149033105,261,211,source_representative
0.25,both_exact,plus__boltzina_vina_far_binary,minus_chemistry,-0.024208606775656585,-0.06231587425676765,0.012579364121451208,261,211,source_representative
0.25,both_exact,plus__boltzina_vina_zero_affinity,absolute,0.6601325239256274,0.6164758391484138,0.7015321373853823,261,211,source_representative
0.25,both_exact,plus__boltzina_vina_zero_affinity,minus_chemistry,0.030642955738741182,-0.006730210419517101,0.06523528490513497,261,211,source_representative
0.25,both_exact,plus__boltzina_vina_zero_binary,absolute,0.6052809614112296,0.5574786377039121,0.6523573149033105,261,211,source_representative
0.25,both_exact,plus__boltzina_vina_zero_binary,minus_chemistry,-0.024208606775656585,-0.06231587425676765,0.012579364121451208,261,211,source_representative
0.25,both_exact,plus__gnina,absolute,0.6152084611854728,0.5714056946357551,0.6558419032789616,261,211,source_representative
0.25,both_exact,plus__gnina,minus_chemistry,-0.014281107001413515,-0.04700773891483078,0.0174296927882902,261,211,source_representative
0.25,both_exact,plus__nesso_affinity,absolute,0.6346563610931427,0.5916264429317876,0.6771760241960918,261,211,source_representative
0.25,both_exact,plus__nesso_affinity,minus_chemistry,0.005166792906256508,-0.03411582463804893,0.04513689097423359,261,211,source_representative
0.25,both_exact,plus__nesso_binary,absolute,0.5938349928771384,0.5469526099438596,0.6362218059299191,261,211,source_representative
0.25,both_exact,plus__nesso_binary,minus_chemistry,-0.03565457530974772,-0.08651328476195967,0.012459112446844419,261,211,source_representative
0.25,both_exact,plus__raw_ad4,absolute,0.6245239293132013,0.5826772868737216,0.6670209392927992,261,211,source_representative
0.25,both_exact,plus__raw_ad4,minus_chemistry,-0.004965638873684851,-0.015267406527696436,0.0029452079087337415,261,211,source_representative
0.25,both_exact,plus__raw_gnina_own,absolute,0.6093335286821877,0.5682425353304287,0.6499509197535438,261,211,source_representative
0.25,both_exact,plus__raw_gnina_own,minus_chemistry,-0.02015603950469851,-0.043255019215478405,0.0009579263674412573,261,211,source_representative
0.25,both_exact,plus__vina,absolute,0.631024438878845,0.5899576944994088,0.6733587566234831,261,211,source_representative
0.25,both_exact,plus__vina,minus_chemistry,0.0015348706919588173,-0.023820818307835296,0.027666472664199512,261,211,source_representative
0.25,both_exact,target_prior,absolute,0.6002839930042995,0.558811243797888,0.6406493272004736,261,211,source_representative
0.25,both_exact,target_prior,minus_chemistry,-0.029205575182586676,-0.06873437088576112,0.01174183446051771,261,211,source_representative
0.5,all_determinate,availability__boltz_affinity,absolute,0.6916130195058066,0.6615363119413655,0.723126767606431,373,302,source_representative
0.5,all_determinate,availability__boltz_affinity,minus_chemistry,0.0,0.0,0.0,373,302,source_representative
0.5,all_determinate,availability__boltz_binary,absolute,0.6916130195058066,0.6615363119413655,0.723126767606431,373,302,source_representative
0.5,all_determinate,availability__boltz_binary,minus_chemistry,0.0,0.0,0.0,373,302,source_representative
0.5,all_determinate,availability__boltzina_vina_far_affinity,absolute,0.6889382386582636,0.6583763258940828,0.7215850758455493,373,302,source_representative
0.5,all_determinate,availability__boltzina_vina_far_affinity,minus_chemistry,-0.00267478084754293,-0.006026830622871173,5.4763942264020414e-05,373,302,source_representative
0.5,all_determinate,availability__boltzina_vina_far_binary,absolute,0.6889382386582636,0.6583763258940828,0.7215850758455493,373,302,source_representative
0.5,all_determinate,availability__boltzina_vina_far_binary,minus_chemistry,-0.00267478084754293,-0.006026830622871173,5.4763942264020414e-05,373,302,source_representative
0.5,all_determinate,availability__boltzina_vina_zero_affinity,absolute,0.6889382386582636,0.6583763258940828,0.7215850758455493,373,302,source_representative
0.5,all_determinate,availability__boltzina_vina_zero_affinity,minus_chemistry,-0.00267478084754293,-0.006026830622871173,5.4763942264020414e-05,373,302,source_representative
0.5,all_determinate,availability__boltzina_vina_zero_binary,absolute,0.6889382386582636,0.6583763258940828,0.7215850758455493,373,302,source_representative
0.5,all_determinate,availability__boltzina_vina_zero_binary,minus_chemistry,-0.00267478084754293,-0.006026830622871173,5.4763942264020414e-05,373,302,source_representative
0.5,all_determinate,availability__gnina,absolute,0.690310472346354,0.66011669945633,0.7218695986948331,373,302,source_representative
0.5,all_determinate,availability__gnina,minus_chemistry,-0.0013025471594526176,-0.0042884167015920585,0.0016133839226823892,373,302,source_representative
0.5,all_determinate,availability__nesso_affinity,absolute,0.690310472346354,0.66011669945633,0.7218695986948331,373,302,source_representative
0.5,all_determinate,availability__nesso_affinity,minus_chemistry,-0.0013025471594526176,-0.0042884167015920585,0.0016133839226823892,373,302,source_representative
0.5,all_determinate,availability__nesso_binary,absolute,0.690310472346354,0.66011669945633,0.7218695986948331,373,302,source_representative
0.5,all_determinate,availability__nesso_binary,minus_chemistry,-0.0013025471594526176,-0.0042884167015920585,0.0016133839226823892,373,302,source_representative
0.5,all_determinate,availability__raw_ad4,absolute,0.690310472346354,0.66011669945633,0.7218695986948331,373,302,source_representative
0.5,all_determinate,availability__raw_ad4,minus_chemistry,-0.0013025471594526176,-0.0042884167015920585,0.0016133839226823892,373,302,source_representative
0.5,all_determinate,availability__raw_gnina_own,absolute,0.6894168172972029,0.6590418627574313,0.7208413787785274,373,302,source_representative
0.5,all_determinate,availability__raw_gnina_own,minus_chemistry,-0.0021962022086036456,-0.005685140775827732,0.0009511060144549136,373,302,source_representative
0.5,all_determinate,availability__vina,absolute,0.690310472346354,0.66011669945633,0.7218695986948331,373,302,source_representative
0.5,all_determinate,availability__vina,minus_chemistry,-0.0013025471594526176,-0.0042884167015920585,0.0016133839226823892,373,302,source_representative
0.5,all_determinate,calibrated__boltz_affinity,absolute,0.6432846896979331,0.6086715375450478,0.6757594480853996,373,302,source_representative
0.5,all_determinate,calibrated__boltz_affinity,minus_chemistry,-0.04832832980787354,-0.08716302441243083,-0.012217215963307626,373,302,source_representative
0.5,all_determinate,calibrated__boltz_binary,absolute,0.6602205941295136,0.6327854968878966,0.6895866947910148,373,302,source_representative
0.5,all_determinate,calibrated__boltz_binary,minus_chemistry,-0.031392425376292984,-0.06667460944731073,0.003829605334497142,373,302,source_representative
0.5,all_determinate,calibrated__boltzina_vina_far_affinity,absolute,0.6511582454905134,0.618287943311275,0.6811999430788193,373,302,source_representative
0.5,all_determinate,calibrated__boltzina_vina_far_affinity,minus_chemistry,-0.04045477401529327,-0.07835895085005552,-0.005310025946847356,373,302,source_representative
0.5,all_determinate,calibrated__boltzina_vina_far_binary,absolute,0.6667080184097599,0.6384628103998882,0.6969658035927642,373,302,source_representative
0.5,all_determinate,calibrated__boltzina_vina_far_binary,minus_chemistry,-0.02490500109604677,-0.05883402632099133,0.008828205328717954,373,302,source_representative
0.5,all_determinate,calibrated__boltzina_vina_zero_affinity,absolute,0.6511582454905134,0.618287943311275,0.6811999430788193,373,302,source_representative
0.5,all_determinate,calibrated__boltzina_vina_zero_affinity,minus_chemistry,-0.04045477401529327,-0.07835895085005552,-0.005310025946847356,373,302,source_representative
0.5,all_determinate,calibrated__boltzina_vina_zero_binary,absolute,0.6667080184097599,0.6384628103998882,0.6969658035927642,373,302,source_representative
0.5,all_determinate,calibrated__boltzina_vina_zero_binary,minus_chemistry,-0.02490500109604677,-0.05883402632099133,0.008828205328717954,373,302,source_representative
0.5,all_determinate,calibrated__gnina,absolute,0.6356506342153324,0.6019735090282692,0.6690033132128299,373,302,source_representative
0.5,all_determinate,calibrated__gnina,minus_chemistry,-0.05596238529047425,-0.09355224038995767,-0.021206649011163592,373,302,source_representative
0.5,all_determinate,calibrated__nesso_affinity,absolute,0.6669304665590589,0.6336853254635525,0.698807464047097,373,302,source_representative
0.5,all_determinate,calibrated__nesso_affinity,minus_chemistry,-0.024682552946747777,-0.06663741162289673,0.015440435974618036,373,302,source_representative
0.5,all_determinate,calibrated__nesso_binary,absolute,0.6664245494365837,0.6353639924800112,0.6956721394591,373,302,source_representative
0.5,all_determinate,calibrated__nesso_binary,minus_chemistry,-0.025188470069222976,-0.06630941580016916,0.01492217974025391,373,302,source_representative
0.5,all_determinate,calibrated__raw_ad4,absolute,0.6145983391051277,0.577305471969792,0.6498435408754427,373,302,source_representative
0.5,all_determinate,calibrated__raw_ad4,minus_chemistry,-0.0770146804006789,-0.11481651928022053,-0.04403267819313865,373,302,source_representative
0.5,all_determinate,calibrated__raw_gnina_own,absolute,0.6369841691681558,0.6034786174209674,0.6711189169213899,373,302,source_representative
0.5,all_determinate,calibrated__raw_gnina_own,minus_chemistry,-0.054628850337650726,-0.09397651287282212,-0.019833194282834674,373,302,source_representative
0.5,all_determinate,calibrated__vina,absolute,0.6143895045822343,0.5792456872642262,0.6479647159706944,373,302,source_representative
0.5,all_determinate,calibrated__vina,minus_chemistry,-0.07722351492357227,-0.11349592347354893,-0.04391578953093396,373,302,source_representative
0.5,all_determinate,chemistry,absolute,0.6916130195058066,0.6615363119413655,0.723126767606431,373,302,source_representative
0.5,all_determinate,chemistry,minus_chemistry,0.0,0.0,0.0,373,302,source_representative
0.5,all_determinate,native__boltz_affinity,absolute,0.5620658891389908,0.5306195186395781,0.5950039217281708,373,302,source_representative
0.5,all_determinate,native__boltz_affinity,minus_chemistry,-0.12954713036681595,-0.16961534592409377,-0.0893681483619792,373,302,source_representative
0.5,all_determinate,native__boltz_binary,absolute,0.6588247248321865,0.6297312867940191,0.6873600756642689,373,302,source_representative
0.5,all_determinate,native__boltz_binary,minus_chemistry,-0.032788294673620176,-0.06569373371901151,0.0003741188492818511,373,302,source_representative
0.5,all_determinate,native__boltzina_vina_far_affinity,absolute,0.5633429089572257,0.5313736541223599,0.5940832324979629,373,302,source_representative
0.5,all_determinate,native__boltzina_vina_far_affinity,minus_chemistry,-0.12827011054858092,-0.1688522914310534,-0.08686263112524456,373,302,source_representative
0.5,all_determinate,native__boltzina_vina_far_binary,absolute,0.6701386313571763,0.6410947087337179,0.6996128043708669,373,302,source_representative
0.5,all_determinate,native__boltzina_vina_far_binary,minus_chemistry,-0.021474388148630164,-0.055549359770819304,0.01350396908564682,373,302,source_representative
0.5,all_determinate,native__boltzina_vina_zero_affinity,absolute,0.5633429089572257,0.5313736541223599,0.5940832324979629,373,302,source_representative
0.5,all_determinate,native__boltzina_vina_zero_affinity,minus_chemistry,-0.12827011054858092,-0.1688522914310534,-0.08686263112524456,373,302,source_representative
0.5,all_determinate,native__boltzina_vina_zero_binary,absolute,0.6701386313571763,0.6410947087337179,0.6996128043708669,373,302,source_representative
0.5,all_determinate,native__boltzina_vina_zero_binary,minus_chemistry,-0.021474388148630164,-0.055549359770819304,0.01350396908564682,373,302,source_representative
0.5,all_determinate,native__gnina,absolute,0.6129066023803486,0.5829671230737947,0.6413613794375398,373,302,source_representative
0.5,all_determinate,native__gnina,minus_chemistry,-0.07870641712545802,-0.11807351811784828,-0.04110720351708187,373,302,source_representative
0.5,all_determinate,native__nesso_affinity,absolute,0.5552116258945798,0.5235033848396822,0.5866435798017461,373,302,source_representative
0.5,all_determinate,native__nesso_affinity,minus_chemistry,-0.1364013936112267,-0.1834967236072168,-0.09099982190316032,373,302,source_representative
0.5,all_determinate,native__nesso_binary,absolute,0.6190976568175236,0.5904018678644665,0.6490006559302616,373,302,source_representative
0.5,all_determinate,native__nesso_binary,minus_chemistry,-0.07251536268828297,-0.11612938640357692,-0.029641964293662365,373,302,source_representative
0.5,all_determinate,native__raw_ad4,absolute,0.5432162975080075,0.5144769004928883,0.5728101265426065,373,302,source_representative
0.5,all_determinate,native__raw_ad4,minus_chemistry,-0.14839672199779916,-0.19246241763635108,-0.10543589811838215,373,302,source_representative
0.5,all_determinate,native__raw_gnina_own,absolute,0.62776057059596,0.6003248712407191,0.6564828463896231,373,302,source_representative
0.5,all_determinate,native__raw_gnina_own,minus_chemistry,-0.06385244890984665,-0.10235855242529757,-0.024448542131362674,373,302,source_representative
0.5,all_determinate,native__vina,absolute,0.5804399141812817,0.5493677508137353,0.6111268822093138,373,302,source_representative
0.5,all_determinate,native__vina,minus_chemistry,-0.11117310532452482,-0.1559201684709891,-0.06776715320235281,373,302,source_representative
0.5,all_determinate,plus__boltz_affinity,absolute,0.7028401742729702,0.6695660703229461,0.7350328159520947,373,302,source_representative
0.5,all_determinate,plus__boltz_affinity,minus_chemistry,0.011227154767163468,-0.022563535089684675,0.0424768713887779,373,302,source_representative
0.5,all_determinate,plus__boltz_binary,absolute,0.7157912934945635,0.6874844967614335,0.7451693580902854,373,302,source_representative
0.5,all_determinate,plus__boltz_binary,minus_chemistry,0.024178273988756865,-0.006663440613409645,0.05366034899100615,373,302,source_representative
0.5,all_determinate,plus__boltzina_vina_far_affinity,absolute,0.6972032474844481,0.6636913777358903,0.7304563825644741,373,302,source_representative
0.5,all_determinate,plus__boltzina_vina_far_affinity,minus_chemistry,0.00559022797864132,-0.028281234733347094,0.0372276314078727,373,302,source_representative
0.5,all_determinate,plus__boltzina_vina_far_binary,absolute,0.7085170318263061,0.6798389329296047,0.7385527011229738,373,302,source_representative
0.5,all_determinate,plus__boltzina_vina_far_binary,minus_chemistry,0.016904012320499415,-0.009280525072231878,0.04590657429845438,373,302,source_representative
0.5,all_determinate,plus__boltzina_vina_zero_affinity,absolute,0.6973149543655918,0.6639247154045559,0.730459136945863,373,302,source_representative
0.5,all_determinate,plus__boltzina_vina_zero_affinity,minus_chemistry,0.0057019348597851975,-0.028173476112657435,0.03728490751256122,373,302,source_representative
0.5,all_determinate,plus__boltzina_vina_zero_binary,absolute,0.7086659743344979,0.6801145661164929,0.7386013709759255,373,302,source_representative
0.5,all_determinate,plus__boltzina_vina_zero_binary,minus_chemistry,0.01705295482869125,-0.009177663579496663,0.046082767754679586,373,302,source_representative
0.5,all_determinate,plus__gnina,absolute,0.700190397356195,0.6661020228008575,0.7315196212127787,373,302,source_representative
0.5,all_determinate,plus__gnina,minus_chemistry,0.008577377850388333,-0.02290572900774719,0.03578125294130166,373,302,source_representative
0.5,all_determinate,plus__nesso_affinity,absolute,0.7163046685919814,0.684763831550495,0.747794782035714,373,302,source_representative
0.5,all_determinate,plus__nesso_affinity,minus_chemistry,0.02469164908617468,-0.009679987495100755,0.056023955187778196,373,302,source_representative
0.5,all_determinate,plus__nesso_binary,absolute,0.70470311652783,0.6739432740930313,0.7357207106633369,373,302,source_representative
0.5,all_determinate,plus__nesso_binary,minus_chemistry,0.013090097022023376,-0.020641023166872132,0.04715833870827522,373,302,source_representative
0.5,all_determinate,plus__raw_ad4,absolute,0.7078469692701219,0.6804500337034635,0.7360704751814964,373,302,source_representative
0.5,all_determinate,plus__raw_ad4,minus_chemistry,0.016233949764315327,0.002045927085734818,0.0313834035700299,373,302,source_representative
0.5,all_determinate,plus__raw_gnina_own,absolute,0.6911204484554664,0.661402191369854,0.722938748047311,373,302,source_representative
0.5,all_determinate,plus__raw_gnina_own,minus_chemistry,-0.0004925710503401686,-0.02398459526286465,0.021011539816874644,373,302,source_representative
0.5,all_determinate,plus__vina,absolute,0.6809554936326366,0.6501184104673935,0.7127099371632772,373,302,source_representative
0.5,all_determinate,plus__vina,minus_chemistry,-0.01065752587316999,-0.03320693675586714,0.009899323925784801,373,302,source_representative
0.5,all_determinate,target_prior,absolute,0.6054735098898006,0.5666185846999993,0.6424719000817721,373,302,source_representative
0.5,all_determinate,target_prior,minus_chemistry,-0.08613950961600596,-0.12669239129454804,-0.04937356713073359,373,302,source_representative
0.5,both_exact,availability__boltz_affinity,absolute,0.6341212710944512,0.5911517516730985,0.6770338429001396,261,211,source_representative
0.5,both_exact,availability__boltz_affinity,minus_chemistry,0.0,0.0,0.0,261,211,source_representative
0.5,both_exact,availability__boltz_binary,absolute,0.6341212710944512,0.5911517516730985,0.6770338429001396,261,211,source_representative
0.5,both_exact,availability__boltz_binary,minus_chemistry,0.0,0.0,0.0,261,211,source_representative
0.5,both_exact,availability__boltzina_vina_far_affinity,absolute,0.6319045223259783,0.5878543831351404,0.6739445267415116,261,211,source_representative
0.5,both_exact,availability__boltzina_vina_far_affinity,minus_chemistry,-0.0022167487684729066,-0.006191205053449953,0.0008112428845677897,261,211,source_representative
0.5,both_exact,availability__boltzina_vina_far_binary,absolute,0.6319045223259783,0.5878543831351404,0.6739445267415116,261,211,source_representative
0.5,both_exact,availability__boltzina_vina_far_binary,minus_chemistry,-0.0022167487684729066,-0.006191205053449953,0.0008112428845677897,261,211,source_representative
0.5,both_exact,availability__boltzina_vina_zero_affinity,absolute,0.6319045223259783,0.5878543831351404,0.6739445267415116,261,211,source_representative
0.5,both_exact,availability__boltzina_vina_zero_affinity,minus_chemistry,-0.0022167487684729066,-0.006191205053449953,0.0008112428845677897,261,211,source_representative
0.5,both_exact,availability__boltzina_vina_zero_binary,absolute,0.6319045223259783,0.5878543831351404,0.6739445267415116,261,211,source_representative
0.5,both_exact,availability__boltzina_vina_zero_binary,minus_chemistry,-0.0022167487684729066,-0.006191205053449953,0.0008112428845677897,261,211,source_representative
0.5,both_exact,availability__gnina,absolute,0.630271608624099,0.5876588341902089,0.6726084512426046,261,211,source_representative
0.5,both_exact,availability__gnina,minus_chemistry,-0.0038496624703521255,-0.01282152508753012,0.001098919487473704,261,211,source_representative
0.5,both_exact,availability__nesso_affinity,absolute,0.630271608624099,0.5876588341902089,0.6726084512426046,261,211,source_representative
0.5,both_exact,availability__nesso_affinity,minus_chemistry,-0.0038496624703521255,-0.01282152508753012,0.001098919487473704,261,211,source_representative
0.5,both_exact,availability__nesso_binary,absolute,0.630271608624099,0.5876588341902089,0.6726084512426046,261,211,source_representative
0.5,both_exact,availability__nesso_binary,minus_chemistry,-0.0038496624703521255,-0.01282152508753012,0.001098919487473704,261,211,source_representative
0.5,both_exact,availability__raw_ad4,absolute,0.630271608624099,0.5876588341902089,0.6726084512426046,261,211,source_representative
0.5,both_exact,availability__raw_ad4,minus_chemistry,-0.0038496624703521255,-0.01282152508753012,0.001098919487473704,261,211,source_representative
0.5,both_exact,availability__raw_gnina_own,absolute,0.630271608624099,0.5876588341902089,0.6726084512426046,261,211,source_representative
0.5,both_exact,availability__raw_gnina_own,minus_chemistry,-0.0038496624703521255,-0.01282152508753012,0.001098919487473704,261,211,source_representative
0.5,both_exact,availability__vina,absolute,0.630271608624099,0.5876588341902089,0.6726084512426046,261,211,source_representative
0.5,both_exact,availability__vina,minus_chemistry,-0.0038496624703521255,-0.01282152508753012,0.001098919487473704,261,211,source_representative
0.5,both_exact,calibrated__boltz_affinity,absolute,0.6019971655986982,0.5603674333093153,0.6439025417491275,261,211,source_representative
0.5,both_exact,calibrated__boltz_affinity,minus_chemistry,-0.03212410549575301,-0.08779046827064158,0.02080751933206358,261,211,source_representative
0.5,both_exact,calibrated__boltz_binary,absolute,0.6015158886806397,0.5559562515031266,0.6449151638728298,261,211,source_representative
0.5,both_exact,calibrated__boltz_binary,minus_chemistry,-0.032605382413811536,-0.08708225761819204,0.017336794005037598,261,211,source_representative
0.5,both_exact,calibrated__boltzina_vina_far_affinity,absolute,0.6255448113685662,0.5827995430495431,0.6687552179644604,261,211,source_representative
0.5,both_exact,calibrated__boltzina_vina_far_affinity,minus_chemistry,-0.008576459725885006,-0.06383337765346038,0.046920070457663055,261,211,source_representative
0.5,both_exact,calibrated__boltzina_vina_far_binary,absolute,0.6116364336670849,0.5686892603881888,0.6531451746199403,261,211,source_representative
0.5,both_exact,calibrated__boltzina_vina_far_binary,minus_chemistry,-0.02248483742736616,-0.07358147519653055,0.027316067198917198,261,211,source_representative
0.5,both_exact,calibrated__boltzina_vina_zero_affinity,absolute,0.6255448113685662,0.5827995430495431,0.6687552179644604,261,211,source_representative
0.5,both_exact,calibrated__boltzina_vina_zero_affinity,minus_chemistry,-0.008576459725885006,-0.06383337765346038,0.046920070457663055,261,211,source_representative
0.5,both_exact,calibrated__boltzina_vina_zero_binary,absolute,0.6116364336670849,0.5686892603881888,0.6531451746199403,261,211,source_representative
0.5,both_exact,calibrated__boltzina_vina_zero_binary,minus_chemistry,-0.02248483742736616,-0.07358147519653055,0.027316067198917198,261,211,source_representative
0.5,both_exact,calibrated__gnina,absolute,0.607076327957554,0.5633297305171661,0.648525193800501,261,211,source_representative
0.5,both_exact,calibrated__gnina,minus_chemistry,-0.02704494313689716,-0.0755376832666909,0.01731804602084921,261,211,source_representative
0.5,both_exact,calibrated__nesso_affinity,absolute,0.6279970845104944,0.5823485931950578,0.6693552983011349,261,211,source_representative
0.5,both_exact,calibrated__nesso_affinity,minus_chemistry,-0.0061241865839566974,-0.06274575876186782,0.04972657074797714,261,211,source_representative
0.5,both_exact,calibrated__nesso_binary,absolute,0.6159964910922765,0.571180865465957,0.6595023577305014,261,211,source_representative
0.5,both_exact,calibrated__nesso_binary,minus_chemistry,-0.018124780002174632,-0.07018280109584457,0.030746561632669905,261,211,source_representative
0.5,both_exact,calibrated__raw_ad4,absolute,0.6186520376175547,0.5782727452907513,0.659317255678843,261,211,source_representative
0.5,both_exact,calibrated__raw_ad4,minus_chemistry,-0.01546923347689631,-0.060974360040978254,0.0280337007192251,261,211,source_representative
0.5,both_exact,calibrated__raw_gnina_own,absolute,0.5912602581184956,0.5485224562071211,0.6325485748918525,261,211,source_representative
0.5,both_exact,calibrated__raw_gnina_own,minus_chemistry,-0.0428610129759555,-0.08606968148758308,0.0006083578034797355,261,211,source_representative
0.5,both_exact,calibrated__vina,absolute,0.5998556998557,0.5573811029398461,0.6425214343717872,261,211,source_representative
0.5,both_exact,calibrated__vina,minus_chemistry,-0.03426557123875131,-0.07691196722991148,0.011753687321043886,261,211,source_representative
0.5,both_exact,chemistry,absolute,0.6341212710944512,0.5911517516730985,0.6770338429001396,261,211,source_representative
0.5,both_exact,chemistry,minus_chemistry,0.0,0.0,0.0,261,211,source_representative
0.5,both_exact,native__boltz_affinity,absolute,0.5827234210375972,0.5428853847496684,0.6266509717888006,261,211,source_representative
0.5,both_exact,native__boltz_affinity,minus_chemistry,-0.0513978500568539,-0.1108179612050152,0.007464244334323022,261,211,source_representative
0.5,both_exact,native__boltz_binary,absolute,0.6193682860349525,0.5792578953315876,0.6576471099053718,261,211,source_representative
0.5,both_exact,native__boltz_binary,minus_chemistry,-0.014752985059498468,-0.0630240929362883,0.031724631952087884,261,211,source_representative
0.5,both_exact,native__boltzina_vina_far_affinity,absolute,0.5747355879539787,0.5357267884924855,0.6152129296476386,261,211,source_representative
0.5,both_exact,native__boltzina_vina_far_affinity,minus_chemistry,-0.0593856831404724,-0.11754988027080777,-0.002389811071895771,261,211,source_representative
0.5,both_exact,native__boltzina_vina_far_binary,absolute,0.6373898628687901,0.5974069812844295,0.6743724876314162,261,211,source_representative
0.5,both_exact,native__boltzina_vina_far_binary,minus_chemistry,0.0032685917743389024,-0.04633211899120923,0.05079948053497999,261,211,source_representative
0.5,both_exact,native__boltzina_vina_zero_affinity,absolute,0.5747355879539787,0.5357267884924855,0.6152129296476386,261,211,source_representative
0.5,both_exact,native__boltzina_vina_zero_affinity,minus_chemistry,-0.0593856831404724,-0.11754988027080777,-0.002389811071895771,261,211,source_representative
0.5,both_exact,native__boltzina_vina_zero_binary,absolute,0.6373898628687901,0.5974069812844295,0.6743724876314162,261,211,source_representative
0.5,both_exact,native__boltzina_vina_zero_binary,minus_chemistry,0.0032685917743389024,-0.04633211899120923,0.05079948053497999,261,211,source_representative
0.5,both_exact,native__gnina,absolute,0.5876546895703982,0.5477903015495779,0.6283815790212914,261,211,source_representative
0.5,both_exact,native__gnina,minus_chemistry,-0.04646658152405279,-0.10257035445757251,0.01078471100845537,261,211,source_representative
0.5,both_exact,native__nesso_affinity,absolute,0.5424660765656933,0.5011360889318238,0.5839411515418167,261,211,source_representative
0.5,both_exact,native__nesso_affinity,minus_chemistry,-0.09165519452875776,-0.15760620816654117,-0.026186733801845406,261,211,source_representative
0.5,both_exact,native__nesso_binary,absolute,0.5881406659184436,0.5468252039879313,0.6307909365998925,261,211,source_representative
0.5,both_exact,native__nesso_binary,minus_chemistry,-0.04598060517600749,-0.09913867632400702,0.008447657465189861,261,211,source_representative
0.5,both_exact,native__raw_ad4,absolute,0.5072764683875794,0.46610143649744284,0.5470317978679827,261,211,source_representative
0.5,both_exact,native__raw_ad4,minus_chemistry,-0.12684480270687168,-0.18630463116053791,-0.06689574907145837,261,211,source_representative
0.5,both_exact,native__raw_gnina_own,absolute,0.6045267489711934,0.5637713502021587,0.6448157890959266,261,211,source_representative
0.5,both_exact,native__raw_gnina_own,minus_chemistry,-0.029594522123257753,-0.08715052591603656,0.0245784237651607,261,211,source_representative
0.5,both_exact,native__vina,absolute,0.4954656490097103,0.45436888238692663,0.5387201207924247,261,211,source_representative
0.5,both_exact,native__vina,minus_chemistry,-0.13865562208474086,-0.20163438403683426,-0.0768873463699543,261,211,source_representative
0.5,both_exact,plus__boltz_affinity,absolute,0.6513036771657461,0.6078450049663248,0.6928872543386261,261,211,source_representative
0.5,both_exact,plus__boltz_affinity,minus_chemistry,0.01718240607129496,-0.024867447690210404,0.060276223942845264,261,211,source_representative
0.5,both_exact,plus__boltz_binary,absolute,0.6258077951564541,0.5823988935972582,0.6694217811393564,261,211,source_representative
0.5,both_exact,plus__boltz_binary,minus_chemistry,-0.008313475937997014,-0.051036548390080816,0.03523851195128674,261,211,source_representative
0.5,both_exact,plus__boltzina_vina_far_affinity,absolute,0.674074074074074,0.632731398884397,0.7148219710000603,261,211,source_representative
0.5,both_exact,plus__boltzina_vina_far_affinity,minus_chemistry,0.0399528029796229,-0.0021897046016707586,0.07990280384555969,261,211,source_representative
0.5,both_exact,plus__boltzina_vina_far_binary,absolute,0.6343864663788035,0.589081729377911,0.678156494285801,261,211,source_representative
0.5,both_exact,plus__boltzina_vina_far_binary,minus_chemistry,0.00026519528435237446,-0.044903577306300645,0.04398382571762391,261,211,source_representative
0.5,both_exact,plus__boltzina_vina_zero_affinity,absolute,0.674074074074074,0.632731398884397,0.7148219710000603,261,211,source_representative
0.5,both_exact,plus__boltzina_vina_zero_affinity,minus_chemistry,0.0399528029796229,-0.0021897046016707586,0.07990280384555969,261,211,source_representative
0.5,both_exact,plus__boltzina_vina_zero_binary,absolute,0.6343864663788035,0.589081729377911,0.678156494285801,261,211,source_representative
0.5,both_exact,plus__boltzina_vina_zero_binary,minus_chemistry,0.00026519528435237446,-0.044903577306300645,0.04398382571762391,261,211,source_representative
0.5,both_exact,plus__gnina,absolute,0.6497184027835369,0.6079390839843426,0.6913613803066718,261,211,source_representative
0.5,both_exact,plus__gnina,minus_chemistry,0.01559713168908571,-0.026138571346500418,0.05748782795141471,261,211,source_representative
0.5,both_exact,plus__nesso_affinity,absolute,0.6576978506097281,0.6144459331394737,0.698321786100804,261,211,source_representative
0.5,both_exact,plus__nesso_affinity,minus_chemistry,0.023576579515276832,-0.01643130510261781,0.06299940434985525,261,211,source_representative
0.5,both_exact,plus__nesso_binary,absolute,0.632093328836624,0.5885191125012553,0.673908297737555,261,211,source_representative
0.5,both_exact,plus__nesso_binary,minus_chemistry,-0.002027942257827313,-0.0539777044597496,0.04739829412043647,261,211,source_representative
0.5,both_exact,plus__raw_ad4,absolute,0.6587325545179951,0.6189885465321435,0.6979198651562597,261,211,source_representative
0.5,both_exact,plus__raw_ad4,minus_chemistry,0.02461128342354396,0.003634231402794146,0.049702534259397954,261,211,source_representative
0.5,both_exact,plus__raw_gnina_own,absolute,0.6193500411891216,0.5760842296110807,0.6626056662244472,261,211,source_representative
0.5,both_exact,plus__raw_gnina_own,minus_chemistry,-0.014771229905329523,-0.04572750257510411,0.014149008691299151,261,211,source_representative
0.5,both_exact,plus__vina,absolute,0.6315478263754126,0.5886552577901838,0.6728211859821226,261,211,source_representative
0.5,both_exact,plus__vina,minus_chemistry,-0.0025734447190385885,-0.032128248095259916,0.025156673769773267,261,211,source_representative
0.5,both_exact,target_prior,absolute,0.6008996183325684,0.5588080679620839,0.6430121602631662,261,211,source_representative
0.5,both_exact,target_prior,minus_chemistry,-0.03322165276188266,-0.07872619730209128,0.012690048691107934,261,211,source_representative
1.0,all_determinate,availability__boltz_affinity,absolute,0.7112178424751265,0.6827621699977388,0.7394679659635519,373,302,source_representative
1.0,all_determinate,availability__boltz_affinity,minus_chemistry,0.0,0.0,0.0,373,302,source_representative
1.0,all_determinate,availability__boltz_binary,absolute,0.7112178424751265,0.6827621699977388,0.7394679659635519,373,302,source_representative
1.0,all_determinate,availability__boltz_binary,minus_chemistry,0.0,0.0,0.0,373,302,source_representative
1.0,all_determinate,availability__boltzina_vina_far_affinity,absolute,0.7101481688206347,0.6821135732338242,0.7381372805845527,373,302,source_representative
1.0,all_determinate,availability__boltzina_vina_far_affinity,minus_chemistry,-0.0010696736544921115,-0.002748064401693443,0.0005227367433052771,373,302,source_representative
1.0,all_determinate,availability__boltzina_vina_far_binary,absolute,0.7101481688206347,0.6821135732338242,0.7381372805845527,373,302,source_representative
1.0,all_determinate,availability__boltzina_vina_far_binary,minus_chemistry,-0.0010696736544921115,-0.002748064401693443,0.0005227367433052771,373,302,source_representative
1.0,all_determinate,availability__boltzina_vina_zero_affinity,absolute,0.7101481688206347,0.6821135732338242,0.7381372805845527,373,302,source_representative
1.0,all_determinate,availability__boltzina_vina_zero_affinity,minus_chemistry,-0.0010696736544921115,-0.002748064401693443,0.0005227367433052771,373,302,source_representative
1.0,all_determinate,availability__boltzina_vina_zero_binary,absolute,0.7101481688206347,0.6821135732338242,0.7381372805845527,373,302,source_representative
1.0,all_determinate,availability__boltzina_vina_zero_binary,minus_chemistry,-0.0010696736544921115,-0.002748064401693443,0.0005227367433052771,373,302,source_representative
1.0,all_determinate,availability__gnina,absolute,0.7083460888878774,0.6799254810959111,0.7369418803125625,373,302,source_representative
1.0,all_determinate,availability__gnina,minus_chemistry,-0.002871753587249208,-0.006055435431532357,-0.00017283285158383358,373,302,source_representative
1.0,all_determinate,availability__nesso_affinity,absolute,0.7083460888878774,0.6799254810959111,0.7369418803125625,373,302,source_representative
1.0,all_determinate,availability__nesso_affinity,minus_chemistry,-0.002871753587249208,-0.006055435431532357,-0.00017283285158383358,373,302,source_representative
1.0,all_determinate,availability__nesso_binary,absolute,0.7083460888878774,0.6799254810959111,0.7369418803125625,373,302,source_representative
1.0,all_determinate,availability__nesso_binary,minus_chemistry,-0.002871753587249208,-0.006055435431532357,-0.00017283285158383358,373,302,source_representative
1.0,all_determinate,availability__raw_ad4,absolute,0.7083460888878774,0.6799254810959111,0.7369418803125625,373,302,source_representative
1.0,all_determinate,availability__raw_ad4,minus_chemistry,-0.002871753587249208,-0.006055435431532357,-0.00017283285158383358,373,302,source_representative
1.0,all_determinate,availability__raw_gnina_own,absolute,0.7083567558579602,0.6799257605046078,0.7369695276277045,373,302,source_representative
1.0,all_determinate,availability__raw_gnina_own,minus_chemistry,-0.0028610866171665038,-0.006128245636469377,-0.00015349018947058752,373,302,source_representative
1.0,all_determinate,availability__vina,absolute,0.7083460888878774,0.6799254810959111,0.7369418803125625,373,302,source_representative
1.0,all_determinate,availability__vina,minus_chemistry,-0.002871753587249208,-0.006055435431532357,-0.00017283285158383358,373,302,source_representative
1.0,all_determinate,calibrated__boltz_affinity,absolute,0.6581132600717224,0.6255503472293894,0.690360778473952,373,302,source_representative
1.0,all_determinate,calibrated__boltz_affinity,minus_chemistry,-0.05310458240340413,-0.09093877814113269,-0.01830123873657491,373,302,source_representative
1.0,all_determinate,calibrated__boltz_binary,absolute,0.655416531724933,0.6290363205723116,0.6828246913122389,373,302,source_representative
1.0,all_determinate,calibrated__boltz_binary,minus_chemistry,-0.05580131075019369,-0.08668178959559565,-0.02549482540491398,373,302,source_representative
1.0,all_determinate,calibrated__boltzina_vina_far_affinity,absolute,0.6579393744800349,0.6256770977934456,0.6883130460397292,373,302,source_representative
1.0,all_determinate,calibrated__boltzina_vina_far_affinity,minus_chemistry,-0.053278467995091665,-0.09066277398995731,-0.018396639775122365,373,302,source_representative
1.0,all_determinate,calibrated__boltzina_vina_far_binary,absolute,0.6658297669732881,0.6381364991293226,0.6946730475776706,373,302,source_representative
1.0,all_determinate,calibrated__boltzina_vina_far_binary,minus_chemistry,-0.04538807550183855,-0.07633005945232528,-0.014881785903992749,373,302,source_representative
1.0,all_determinate,calibrated__boltzina_vina_zero_affinity,absolute,0.6579393744800349,0.6256770977934456,0.6883130460397292,373,302,source_representative
1.0,all_determinate,calibrated__boltzina_vina_zero_affinity,minus_chemistry,-0.053278467995091665,-0.09066277398995731,-0.018396639775122365,373,302,source_representative
1.0,all_determinate,calibrated__boltzina_vina_zero_binary,absolute,0.6658297669732881,0.6381364991293226,0.6946730475776706,373,302,source_representative
1.0,all_determinate,calibrated__boltzina_vina_zero_binary,minus_chemistry,-0.04538807550183855,-0.07633005945232528,-0.014881785903992749,373,302,source_representative
1.0,all_determinate,calibrated__gnina,absolute,0.6458607130865919,0.6120520688564932,0.6778606502273375,373,302,source_representative
1.0,all_determinate,calibrated__gnina,minus_chemistry,-0.06535712938853472,-0.10250499956925661,-0.03243536577870725,373,302,source_representative
1.0,all_determinate,calibrated__nesso_affinity,absolute,0.6704305572726119,0.6384834977851727,0.7015123357337051,373,302,source_representative
1.0,all_determinate,calibrated__nesso_affinity,minus_chemistry,-0.040787285202514706,-0.0794233965999799,-0.0041625365539295295,373,302,source_representative
1.0,all_determinate,calibrated__nesso_binary,absolute,0.670588879001183,0.6399226836713472,0.699799884410879,373,302,source_representative
1.0,all_determinate,calibrated__nesso_binary,minus_chemistry,-0.04062896347394362,-0.0779443988965454,-0.005656536599399741,373,302,source_representative
1.0,all_determinate,calibrated__raw_ad4,absolute,0.6093746540342965,0.5736734988497018,0.6435119263447482,373,302,source_representative
1.0,all_determinate,calibrated__raw_ad4,minus_chemistry,-0.1018431884408301,-0.1398266445839248,-0.06628180504144068,373,302,source_representative
1.0,all_determinate,calibrated__raw_gnina_own,absolute,0.6532537888582065,0.6226841734892072,0.6846408313430491,373,302,source_representative
1.0,all_determinate,calibrated__raw_gnina_own,minus_chemistry,-0.0579640536169201,-0.09401726254116691,-0.023557667166820947,373,302,source_representative
1.0,all_determinate,calibrated__vina,absolute,0.6068985808686248,0.5754370026232376,0.6387030072705095,373,302,source_representative
1.0,all_determinate,calibrated__vina,minus_chemistry,-0.1043192616065018,-0.1402382063208197,-0.07022282060413435,373,302,source_representative
1.0,all_determinate,chemistry,absolute,0.7112178424751265,0.6827621699977388,0.7394679659635519,373,302,source_representative
1.0,all_determinate,chemistry,minus_chemistry,0.0,0.0,0.0,373,302,source_representative
1.0,all_determinate,native__boltz_affinity,absolute,0.5620658891389908,0.5306195186395781,0.5950039217281708,373,302,source_representative
1.0,all_determinate,native__boltz_affinity,minus_chemistry,-0.14915195333613596,-0.18528303985498923,-0.11398288422590075,373,302,source_representative
1.0,all_determinate,native__boltz_binary,absolute,0.6588247248321865,0.6297312867940191,0.6873600756642689,373,302,source_representative
1.0,all_determinate,native__boltz_binary,minus_chemistry,-0.05239311764294017,-0.08357856941791555,-0.021249064463211745,373,302,source_representative
1.0,all_determinate,native__boltzina_vina_far_affinity,absolute,0.5633429089572257,0.5313736541223599,0.5940832324979629,373,302,source_representative
1.0,all_determinate,native__boltzina_vina_far_affinity,minus_chemistry,-0.14787493351790093,-0.18512395434360604,-0.11220313976440266,373,302,source_representative
1.0,all_determinate,native__boltzina_vina_far_binary,absolute,0.6701386313571763,0.6410947087337179,0.6996128043708669,373,302,source_representative
1.0,all_determinate,native__boltzina_vina_far_binary,minus_chemistry,-0.04107921111795017,-0.06937959523046477,-0.01103324409160142,373,302,source_representative
1.0,all_determinate,native__boltzina_vina_zero_affinity,absolute,0.5633429089572257,0.5313736541223599,0.5940832324979629,373,302,source_representative
1.0,all_determinate,native__boltzina_vina_zero_affinity,minus_chemistry,-0.14787493351790093,-0.18512395434360604,-0.11220313976440266,373,302,source_representative
1.0,all_determinate,native__boltzina_vina_zero_binary,absolute,0.6701386313571763,0.6410947087337179,0.6996128043708669,373,302,source_representative
1.0,all_determinate,native__boltzina_vina_zero_binary,minus_chemistry,-0.04107921111795017,-0.06937959523046477,-0.01103324409160142,373,302,source_representative
1.0,all_determinate,native__gnina,absolute,0.6129066023803486,0.5829671230737947,0.6413613794375398,373,302,source_representative
1.0,all_determinate,native__gnina,minus_chemistry,-0.09831124009477801,-0.13363008179559316,-0.06708859429174915,373,302,source_representative
1.0,all_determinate,native__nesso_affinity,absolute,0.5552116258945798,0.5235033848396822,0.5866435798017461,373,302,source_representative
1.0,all_determinate,native__nesso_affinity,minus_chemistry,-0.1560062165805467,-0.1958683118338627,-0.11644820861593334,373,302,source_representative
1.0,all_determinate,native__nesso_binary,absolute,0.6190976568175236,0.5904018678644665,0.6490006559302616,373,302,source_representative
1.0,all_determinate,native__nesso_binary,minus_chemistry,-0.09212018565760295,-0.12987410018342121,-0.054064711570965006,373,302,source_representative
1.0,all_determinate,native__raw_ad4,absolute,0.5432162975080075,0.5144769004928883,0.5728101265426065,373,302,source_representative
1.0,all_determinate,native__raw_ad4,minus_chemistry,-0.16800154496711917,-0.20671813119437063,-0.12955115098535666,373,302,source_representative
1.0,all_determinate,native__raw_gnina_own,absolute,0.62776057059596,0.6003248712407191,0.6564828463896231,373,302,source_representative
1.0,all_determinate,native__raw_gnina_own,minus_chemistry,-0.08345727187916666,-0.11925220987849178,-0.04748201865162429,373,302,source_representative
1.0,all_determinate,native__vina,absolute,0.5804399141812817,0.5493677508137353,0.6111268822093138,373,302,source_representative
1.0,all_determinate,native__vina,minus_chemistry,-0.1307779282938448,-0.17430165755360288,-0.09026791296201536,373,302,source_representative
1.0,all_determinate,plus__boltz_affinity,absolute,0.7173513333315308,0.6844847041534616,0.7486740012621793,373,302,source_representative
1.0,all_determinate,plus__boltz_affinity,minus_chemistry,0.006133490856404192,-0.025251085039741262,0.0342220367889068,373,302,source_representative
1.0,all_determinate,plus__boltz_binary,absolute,0.7174514819317427,0.6889679808066606,0.7461446112517702,373,302,source_representative
1.0,all_determinate,plus__boltz_binary,minus_chemistry,0.006233639456616143,-0.018254435602406107,0.029582209644857797,373,302,source_representative
1.0,all_determinate,plus__boltzina_vina_far_affinity,absolute,0.7067441680443404,0.6731874769049916,0.7397141628879997,373,302,source_representative
1.0,all_determinate,plus__boltzina_vina_far_affinity,minus_chemistry,-0.004473674430786266,-0.03340486899260366,0.022187738798964993,373,302,source_representative
1.0,all_determinate,plus__boltzina_vina_far_binary,absolute,0.711766299772666,0.6832838612884525,0.7424933207325394,373,302,source_representative
1.0,all_determinate,plus__boltzina_vina_far_binary,minus_chemistry,0.0005484572975394202,-0.024340683594273074,0.024273917980174593,373,302,source_representative
1.0,all_determinate,plus__boltzina_vina_zero_affinity,absolute,0.7067441680443404,0.6731874769049916,0.7397141628879997,373,302,source_representative
1.0,all_determinate,plus__boltzina_vina_zero_affinity,minus_chemistry,-0.004473674430786266,-0.03340486899260366,0.022187738798964993,373,302,source_representative
1.0,all_determinate,plus__boltzina_vina_zero_binary,absolute,0.711766299772666,0.6832838612884525,0.7424933207325394,373,302,source_representative
1.0,all_determinate,plus__boltzina_vina_zero_binary,minus_chemistry,0.0005484572975394202,-0.024340683594273074,0.024273917980174593,373,302,source_representative
1.0,all_determinate,plus__gnina,absolute,0.7090329356317051,0.6785781220916943,0.7378108684663253,373,302,source_representative
1.0,all_determinate,plus__gnina,minus_chemistry,-0.0021849068434215075,-0.019169849294956846,0.013833254461522771,373,302,source_representative
1.0,all_determinate,plus__nesso_affinity,absolute,0.7217196986584287,0.6910937922398545,0.7523295734811164,373,302,source_representative
1.0,all_determinate,plus__nesso_affinity,minus_chemistry,0.010501856183302105,-0.018451499137743292,0.037588342091232955,373,302,source_representative
1.0,all_determinate,plus__nesso_binary,absolute,0.7179494477843655,0.6859265786370145,0.749095725685576,373,302,source_representative
1.0,all_determinate,plus__nesso_binary,minus_chemistry,0.006731605309238913,-0.025703114268564933,0.03427479884936552,373,302,source_representative
1.0,all_determinate,plus__raw_ad4,absolute,0.7078163775120849,0.6794646127423777,0.7358008158814126,373,302,source_representative
1.0,all_determinate,plus__raw_ad4,minus_chemistry,-0.0034014649630416437,-0.007387592048740606,0.0002324905017844516,373,302,source_representative
1.0,all_determinate,plus__raw_gnina_own,absolute,0.7174302884172464,0.6886338862069016,0.7463712435676609,373,302,source_representative
1.0,all_determinate,plus__raw_gnina_own,minus_chemistry,0.0062124459421197846,-0.014626017563654285,0.025249121874061222,373,302,source_representative
1.0,all_determinate,plus__vina,absolute,0.7192328237437047,0.6917244558377771,0.7472360986742257,373,302,source_representative
1.0,all_determinate,plus__vina,minus_chemistry,0.008014981268578145,-0.0025276981877201785,0.019628975779647714,373,302,source_representative
1.0,all_determinate,target_prior,absolute,0.5984607084139935,0.5645334856870319,0.6321657939918522,373,302,source_representative
1.0,all_determinate,target_prior,minus_chemistry,-0.11275713406113319,-0.15144971013638364,-0.07672523921995304,373,302,source_representative
1.0,both_exact,availability__boltz_affinity,absolute,0.6497143483733523,0.607843357441906,0.6895898685911023,261,211,source_representative
1.0,both_exact,availability__boltz_affinity,minus_chemistry,0.0,0.0,0.0,261,211,source_representative
1.0,both_exact,availability__boltz_binary,absolute,0.6497143483733523,0.607843357441906,0.6895898685911023,261,211,source_representative
1.0,both_exact,availability__boltz_binary,minus_chemistry,0.0,0.0,0.0,261,211,source_representative
1.0,both_exact,availability__boltzina_vina_far_affinity,absolute,0.650759280452767,0.6094067078041021,0.6901967679807338,261,211,source_representative
1.0,both_exact,availability__boltzina_vina_far_affinity,minus_chemistry,0.0010449320794148377,-0.002222313119950916,0.006236764706995518,261,211,source_representative
1.0,both_exact,availability__boltzina_vina_far_binary,absolute,0.650759280452767,0.6094067078041021,0.6901967679807338,261,211,source_representative
1.0,both_exact,availability__boltzina_vina_far_binary,minus_chemistry,0.0010449320794148377,-0.002222313119950916,0.006236764706995518,261,211,source_representative
1.0,both_exact,availability__boltzina_vina_zero_affinity,absolute,0.650759280452767,0.6094067078041021,0.6901967679807338,261,211,source_representative
1.0,both_exact,availability__boltzina_vina_zero_affinity,minus_chemistry,0.0010449320794148377,-0.002222313119950916,0.006236764706995518,261,211,source_representative
1.0,both_exact,availability__boltzina_vina_zero_binary,absolute,0.650759280452767,0.6094067078041021,0.6901967679807338,261,211,source_representative
1.0,both_exact,availability__boltzina_vina_zero_binary,minus_chemistry,0.0010449320794148377,-0.002222313119950916,0.006236764706995518,261,211,source_representative
1.0,both_exact,availability__gnina,absolute,0.6487960244665226,0.6070141800738822,0.6884540319359735,261,211,source_representative
1.0,both_exact,availability__gnina,minus_chemistry,-0.0009183239068296539,-0.005607604412222862,0.0045399514405277544,261,211,source_representative
1.0,both_exact,availability__nesso_affinity,absolute,0.6487960244665226,0.6070141800738822,0.6884540319359735,261,211,source_representative
1.0,both_exact,availability__nesso_affinity,minus_chemistry,-0.0009183239068296539,-0.005607604412222862,0.0045399514405277544,261,211,source_representative
1.0,both_exact,availability__nesso_binary,absolute,0.6487960244665226,0.6070141800738822,0.6884540319359735,261,211,source_representative
1.0,both_exact,availability__nesso_binary,minus_chemistry,-0.0009183239068296539,-0.005607604412222862,0.0045399514405277544,261,211,source_representative
1.0,both_exact,availability__raw_ad4,absolute,0.6487960244665226,0.6070141800738822,0.6884540319359735,261,211,source_representative
1.0,both_exact,availability__raw_ad4,minus_chemistry,-0.0009183239068296539,-0.005607604412222862,0.0045399514405277544,261,211,source_representative
1.0,both_exact,availability__raw_gnina_own,absolute,0.6491791662289746,0.6071851303590275,0.6891502888607304,261,211,source_representative
1.0,both_exact,availability__raw_gnina_own,minus_chemistry,-0.0005351821443775465,-0.005072134647463726,0.0049951052341694595,261,211,source_representative
1.0,both_exact,availability__vina,absolute,0.6487960244665226,0.6070141800738822,0.6884540319359735,261,211,source_representative
1.0,both_exact,availability__vina,minus_chemistry,-0.0009183239068296539,-0.005607604412222862,0.0045399514405277544,261,211,source_representative
1.0,both_exact,calibrated__boltz_affinity,absolute,0.6166272283130521,0.5741140405294232,0.6587469687435681,261,211,source_representative
1.0,both_exact,calibrated__boltz_affinity,minus_chemistry,-0.03308712006030014,-0.08683265057268805,0.017298403692232112,261,211,source_representative
1.0,both_exact,calibrated__boltz_binary,absolute,0.6008986047300224,0.5569119200131113,0.6427101652096029,261,211,source_representative
1.0,both_exact,calibrated__boltz_binary,minus_chemistry,-0.04881574364332985,-0.10053156815187447,-0.0010730696998803451,261,211,source_representative
1.0,both_exact,calibrated__boltzina_vina_far_affinity,absolute,0.6431314605644107,0.5997100804216339,0.6844353910501499,261,211,source_representative
1.0,both_exact,calibrated__boltzina_vina_far_affinity,minus_chemistry,-0.006582887808941449,-0.05926313541933331,0.04316605511903863,261,211,source_representative
1.0,both_exact,calibrated__boltzina_vina_far_binary,absolute,0.6211852146718048,0.5767229660944793,0.663109865317963,261,211,source_representative
1.0,both_exact,calibrated__boltzina_vina_far_binary,minus_chemistry,-0.028529133701547495,-0.07867271185194225,0.019556907456030625,261,211,source_representative
1.0,both_exact,calibrated__boltzina_vina_zero_affinity,absolute,0.6431314605644107,0.5997100804216339,0.6844353910501499,261,211,source_representative
1.0,both_exact,calibrated__boltzina_vina_zero_affinity,minus_chemistry,-0.006582887808941449,-0.05926313541933331,0.04316605511903863,261,211,source_representative
1.0,both_exact,calibrated__boltzina_vina_zero_binary,absolute,0.6211852146718048,0.5767229660944793,0.663109865317963,261,211,source_representative
1.0,both_exact,calibrated__boltzina_vina_zero_binary,minus_chemistry,-0.028529133701547495,-0.07867271185194225,0.019556907456030625,261,211,source_representative
1.0,both_exact,calibrated__gnina,absolute,0.613704367152643,0.5688167002876569,0.6565063656151267,261,211,source_representative
1.0,both_exact,calibrated__gnina,minus_chemistry,-0.036009981220709184,-0.08646847308936453,0.014683120918546715,261,211,source_representative
1.0,both_exact,calibrated__nesso_affinity,absolute,0.6333497352654441,0.5904305161908084,0.675813407981625,261,211,source_representative
1.0,both_exact,calibrated__nesso_affinity,minus_chemistry,-0.016364613107908127,-0.07491146660090851,0.04062921337095443,261,211,source_representative
1.0,both_exact,calibrated__nesso_binary,absolute,0.6298157639153807,0.5843040666842926,0.6727441038642893,261,211,source_representative
1.0,both_exact,calibrated__nesso_binary,minus_chemistry,-0.019898584457971425,-0.07116894884526394,0.03223393294416013,261,211,source_representative
1.0,both_exact,calibrated__raw_ad4,absolute,0.6080417383099376,0.5652588361965396,0.6513495899017548,261,211,source_representative
1.0,both_exact,calibrated__raw_ad4,minus_chemistry,-0.04167261006341467,-0.09283787905709547,0.00626852688412396,261,211,source_representative
1.0,both_exact,calibrated__raw_gnina_own,absolute,0.6093045027910927,0.5669942684474507,0.6497053544652228,261,211,source_representative
1.0,both_exact,calibrated__raw_gnina_own,minus_chemistry,-0.04040984558225937,-0.08923003213424499,0.005804208843056652,261,211,source_representative
1.0,both_exact,calibrated__vina,absolute,0.593623149944989,0.552177584760918,0.6345534720524338,261,211,source_representative
1.0,both_exact,calibrated__vina,minus_chemistry,-0.05609119842836319,-0.1040371066241533,-0.009940696380055443,261,211,source_representative
1.0,both_exact,chemistry,absolute,0.6497143483733523,0.607843357441906,0.6895898685911023,261,211,source_representative
1.0,both_exact,chemistry,minus_chemistry,0.0,0.0,0.0,261,211,source_representative
1.0,both_exact,native__boltz_affinity,absolute,0.5827234210375972,0.5428853847496684,0.6266509717888006,261,211,source_representative
1.0,both_exact,native__boltz_affinity,minus_chemistry,-0.06699092733575493,-0.1208878769062386,-0.011242099894504823,261,211,source_representative
1.0,both_exact,native__boltz_binary,absolute,0.6193682860349525,0.5792578953315876,0.6576471099053718,261,211,source_representative
1.0,both_exact,native__boltz_binary,minus_chemistry,-0.0303460623383995,-0.07964283735650647,0.01533157601595692,261,211,source_representative
1.0,both_exact,native__boltzina_vina_far_affinity,absolute,0.5747355879539787,0.5357267884924855,0.6152129296476386,261,211,source_representative
1.0,both_exact,native__boltzina_vina_far_affinity,minus_chemistry,-0.07497876041937344,-0.12647115174999624,-0.022205591864845154,261,211,source_representative
1.0,both_exact,native__boltzina_vina_far_binary,absolute,0.6373898628687901,0.5974069812844295,0.6743724876314162,261,211,source_representative
1.0,both_exact,native__boltzina_vina_far_binary,minus_chemistry,-0.012324485504562123,-0.0584308083703703,0.03230786561705375,261,211,source_representative
1.0,both_exact,native__boltzina_vina_zero_affinity,absolute,0.5747355879539787,0.5357267884924855,0.6152129296476386,261,211,source_representative
1.0,both_exact,native__boltzina_vina_zero_affinity,minus_chemistry,-0.07497876041937344,-0.12647115174999624,-0.022205591864845154,261,211,source_representative
1.0,both_exact,native__boltzina_vina_zero_binary,absolute,0.6373898628687901,0.5974069812844295,0.6743724876314162,261,211,source_representative
1.0,both_exact,native__boltzina_vina_zero_binary,minus_chemistry,-0.012324485504562123,-0.0584308083703703,0.03230786561705375,261,211,source_representative
1.0,both_exact,native__gnina,absolute,0.5876546895703982,0.5477903015495779,0.6283815790212914,261,211,source_representative
1.0,both_exact,native__gnina,minus_chemistry,-0.062059658802953825,-0.11322290721844294,-0.010965457614203172,261,211,source_representative
1.0,both_exact,native__nesso_affinity,absolute,0.5424660765656933,0.5011360889318238,0.5839411515418167,261,211,source_representative
1.0,both_exact,native__nesso_affinity,minus_chemistry,-0.10724827180765878,-0.1676942381768225,-0.04698208851419067,261,211,source_representative
1.0,both_exact,native__nesso_binary,absolute,0.5881406659184436,0.5468252039879313,0.6307909365998925,261,211,source_representative
1.0,both_exact,native__nesso_binary,minus_chemistry,-0.06157368245490851,-0.11655204486714035,-0.007159434540672469,261,211,source_representative
1.0,both_exact,native__raw_ad4,absolute,0.5072764683875794,0.46610143649744284,0.5470317978679827,261,211,source_representative
1.0,both_exact,native__raw_ad4,minus_chemistry,-0.14243787998577273,-0.1991895316670451,-0.0839258688059849,261,211,source_representative
1.0,both_exact,native__raw_gnina_own,absolute,0.6045267489711934,0.5637713502021587,0.6448157890959266,261,211,source_representative
1.0,both_exact,native__raw_gnina_own,minus_chemistry,-0.045187599402158794,-0.09907245393096664,0.009046636962865954,261,211,source_representative
1.0,both_exact,native__vina,absolute,0.4954656490097103,0.45436888238692663,0.5387201207924247,261,211,source_representative
1.0,both_exact,native__vina,minus_chemistry,-0.1542486993636419,-0.2162309286600587,-0.08960046524716853,261,211,source_representative
1.0,both_exact,plus__boltz_affinity,absolute,0.6541924444223295,0.611863802577129,0.695673663324979,261,211,source_representative
1.0,both_exact,plus__boltz_affinity,minus_chemistry,0.0044780960489772745,-0.038548407324549325,0.04350891585266584,261,211,source_representative
1.0,both_exact,plus__boltz_binary,absolute,0.6327893052030984,0.5863662761047723,0.6799814847540488,261,211,source_representative
1.0,both_exact,plus__boltz_binary,minus_chemistry,-0.0169250431702539,-0.06139078898743534,0.022481694339624995,261,211,source_representative
1.0,both_exact,plus__boltzina_vina_far_affinity,absolute,0.6678138804575585,0.6271207253971406,0.7093868428287441,261,211,source_representative
1.0,both_exact,plus__boltzina_vina_far_affinity,minus_chemistry,0.018099532084206418,-0.01984236826662674,0.05383587153447846,261,211,source_representative
1.0,both_exact,plus__boltzina_vina_far_binary,absolute,0.6460133168945429,0.6014420348594318,0.6902339324013798,261,211,source_representative
1.0,both_exact,plus__boltzina_vina_far_binary,minus_chemistry,-0.0037010314788092544,-0.04027085115874125,0.031110872211854414,261,211,source_representative
1.0,both_exact,plus__boltzina_vina_zero_affinity,absolute,0.6678138804575585,0.6271207253971406,0.7093868428287441,261,211,source_representative
1.0,both_exact,plus__boltzina_vina_zero_affinity,minus_chemistry,0.018099532084206418,-0.01984236826662674,0.05383587153447846,261,211,source_representative
1.0,both_exact,plus__boltzina_vina_zero_binary,absolute,0.6460133168945429,0.6014420348594318,0.6902339324013798,261,211,source_representative
1.0,both_exact,plus__boltzina_vina_zero_binary,minus_chemistry,-0.0037010314788092544,-0.04027085115874125,0.031110872211854414,261,211,source_representative
1.0,both_exact,plus__gnina,absolute,0.6622121599133094,0.6222189259719039,0.7003367305465957,261,211,source_representative
1.0,both_exact,plus__gnina,minus_chemistry,0.012497811539957136,-0.011737539640487932,0.03658245354321051,261,211,source_representative
1.0,both_exact,plus__nesso_affinity,absolute,0.6701476542472711,0.6301701125110658,0.7115873113556141,261,211,source_representative
1.0,both_exact,plus__nesso_affinity,minus_chemistry,0.0204333058739189,-0.01765648644670158,0.05608927317783204,261,211,source_representative
1.0,both_exact,plus__nesso_binary,absolute,0.6562940110832831,0.6146303940942098,0.6976052157106689,261,211,source_representative
1.0,both_exact,plus__nesso_binary,minus_chemistry,0.006579662709930913,-0.03890027529561959,0.049191042740122155,261,211,source_representative
1.0,both_exact,plus__raw_ad4,absolute,0.652025362178619,0.6104567992837604,0.6909986416453497,261,211,source_representative
1.0,both_exact,plus__raw_ad4,minus_chemistry,0.002311013805266679,-0.0019688395094880056,0.007855695550111017,261,211,source_representative
1.0,both_exact,plus__raw_gnina_own,absolute,0.6632581977409564,0.6234135216998065,0.7015802195259366,261,211,source_representative
1.0,both_exact,plus__raw_gnina_own,minus_chemistry,0.013543849367604157,-0.010012219632631202,0.036013060853182045,261,211,source_representative
1.0,both_exact,plus__vina,absolute,0.6493890741017178,0.6069886477018385,0.6889324551824552,261,211,source_representative
1.0,both_exact,plus__vina,minus_chemistry,-0.00032527427163442623,-0.018248761028354838,0.017096442261297754,261,211,source_representative
1.0,both_exact,target_prior,absolute,0.5972416188891284,0.5569332684482414,0.6400418936719768,261,211,source_representative
1.0,both_exact,target_prior,minus_chemistry,-0.05247272948422373,-0.10272477179806726,-0.004987887709661973,261,211,source_representative
0.125,all_determinate,availability__boltz_affinity,absolute,0.6447340435524054,0.612930465972788,0.676989969820847,377,304,assay_envelope
0.125,all_determinate,availability__boltz_affinity,minus_chemistry,0.0,0.0,0.0,377,304,assay_envelope
0.125,all_determinate,availability__boltz_binary,absolute,0.6447340435524054,0.612930465972788,0.676989969820847,377,304,assay_envelope
0.125,all_determinate,availability__boltz_binary,minus_chemistry,0.0,0.0,0.0,377,304,assay_envelope
0.125,all_determinate,availability__boltzina_vina_far_affinity,absolute,0.6450744190835077,0.6132410852115954,0.6774984652143419,377,304,assay_envelope
0.125,all_determinate,availability__boltzina_vina_far_affinity,minus_chemistry,0.0003403755311023873,-0.0009444864659827214,0.0018031800656851057,377,304,assay_envelope
0.125,all_determinate,availability__boltzina_vina_far_binary,absolute,0.6450744190835077,0.6132410852115954,0.6774984652143419,377,304,assay_envelope
0.125,all_determinate,availability__boltzina_vina_far_binary,minus_chemistry,0.0003403755311023873,-0.0009444864659827214,0.0018031800656851057,377,304,assay_envelope
0.125,all_determinate,availability__boltzina_vina_zero_affinity,absolute,0.6450744190835077,0.6132410852115954,0.6774984652143419,377,304,assay_envelope
0.125,all_determinate,availability__boltzina_vina_zero_affinity,minus_chemistry,0.0003403755311023873,-0.0009444864659827214,0.0018031800656851057,377,304,assay_envelope
0.125,all_determinate,availability__boltzina_vina_zero_binary,absolute,0.6450744190835077,0.6132410852115954,0.6774984652143419,377,304,assay_envelope
0.125,all_determinate,availability__boltzina_vina_zero_binary,minus_chemistry,0.0003403755311023873,-0.0009444864659827214,0.0018031800656851057,377,304,assay_envelope
0.125,all_determinate,availability__gnina,absolute,0.6448475658027665,0.612845363271517,0.6771424404116045,377,304,assay_envelope
0.125,all_determinate,availability__gnina,minus_chemistry,0.00011352225036107088,-0.0004105132515608635,0.0007822624144248069,377,304,assay_envelope
0.125,all_determinate,availability__nesso_affinity,absolute,0.6448475658027665,0.612845363271517,0.6771424404116045,377,304,assay_envelope
0.125,all_determinate,availability__nesso_affinity,minus_chemistry,0.00011352225036107088,-0.0004105132515608635,0.0007822624144248069,377,304,assay_envelope
0.125,all_determinate,availability__nesso_binary,absolute,0.6448475658027665,0.612845363271517,0.6771424404116045,377,304,assay_envelope
0.125,all_determinate,availability__nesso_binary,minus_chemistry,0.00011352225036107088,-0.0004105132515608635,0.0007822624144248069,377,304,assay_envelope
0.125,all_determinate,availability__raw_ad4,absolute,0.6448475658027665,0.612845363271517,0.6771424404116045,377,304,assay_envelope
0.125,all_determinate,availability__raw_ad4,minus_chemistry,0.00011352225036107088,-0.0004105132515608635,0.0007822624144248069,377,304,assay_envelope
0.125,all_determinate,availability__raw_gnina_own,absolute,0.6448475658027665,0.612845363271517,0.6771424404116045,377,304,assay_envelope
0.125,all_determinate,availability__raw_gnina_own,minus_chemistry,0.00011352225036107088,-0.0004105132515608635,0.0007822624144248069,377,304,assay_envelope
0.125,all_determinate,availability__vina,absolute,0.6448475658027665,0.612845363271517,0.6771424404116045,377,304,assay_envelope
0.125,all_determinate,availability__vina,minus_chemistry,0.00011352225036107088,-0.0004105132515608635,0.0007822624144248069,377,304,assay_envelope
0.125,all_determinate,calibrated__boltz_affinity,absolute,0.6526168687007301,0.6239606202720919,0.6840578675021861,377,304,assay_envelope
0.125,all_determinate,calibrated__boltz_affinity,minus_chemistry,0.007882825148324741,-0.02318092896893576,0.0369961096603098,377,304,assay_envelope
0.125,all_determinate,calibrated__boltz_binary,absolute,0.6471072389730945,0.6192312650516454,0.6759172502006469,377,304,assay_envelope
0.125,all_determinate,calibrated__boltz_binary,minus_chemistry,0.002373195420689189,-0.027213024667688972,0.03266711491437249,377,304,assay_envelope
0.125,all_determinate,calibrated__boltzina_vina_far_affinity,absolute,0.6493683395052275,0.618755800519331,0.6788565984640548,377,304,assay_envelope
0.125,all_determinate,calibrated__boltzina_vina_far_affinity,minus_chemistry,0.004634295952822244,-0.02690314817545304,0.03483159050401579,377,304,assay_envelope
0.125,all_determinate,calibrated__boltzina_vina_far_binary,absolute,0.6471899417948257,0.6179050663459383,0.6777826263577801,377,304,assay_envelope
0.125,all_determinate,calibrated__boltzina_vina_far_binary,minus_chemistry,0.002455898242420464,-0.027501086711271185,0.03251662767529516,377,304,assay_envelope
0.125,all_determinate,calibrated__boltzina_vina_zero_affinity,absolute,0.6493683395052275,0.618755800519331,0.6788565984640548,377,304,assay_envelope
0.125,all_determinate,calibrated__boltzina_vina_zero_affinity,minus_chemistry,0.004634295952822244,-0.02690314817545304,0.03483159050401579,377,304,assay_envelope
0.125,all_determinate,calibrated__boltzina_vina_zero_binary,absolute,0.6471899417948257,0.6179050663459383,0.6777826263577801,377,304,assay_envelope
0.125,all_determinate,calibrated__boltzina_vina_zero_binary,minus_chemistry,0.002455898242420464,-0.027501086711271185,0.03251662767529516,377,304,assay_envelope
0.125,all_determinate,calibrated__gnina,absolute,0.6337302530070422,0.6017155700951643,0.6636193196856491,377,304,assay_envelope
0.125,all_determinate,calibrated__gnina,minus_chemistry,-0.011003790545363093,-0.040671260774681785,0.017019769038896734,377,304,assay_envelope
0.125,all_determinate,calibrated__nesso_affinity,absolute,0.6662326201062736,0.6363226859917422,0.695585286051686,377,304,assay_envelope
0.125,all_determinate,calibrated__nesso_affinity,minus_chemistry,0.021498576553868266,-0.01044122745019348,0.0540040011295129,377,304,assay_envelope
0.125,all_determinate,calibrated__nesso_binary,absolute,0.6471339095455841,0.6154371738440224,0.6777771683778964,377,304,assay_envelope
0.125,all_determinate,calibrated__nesso_binary,minus_chemistry,0.0023998659931788245,-0.032437080677899764,0.037343325999127534,377,304,assay_envelope
0.125,all_determinate,calibrated__raw_ad4,absolute,0.6279020106696493,0.5948674715747891,0.6598568180653498,377,304,assay_envelope
0.125,all_determinate,calibrated__raw_ad4,minus_chemistry,-0.016832032882755976,-0.038737155685766224,0.004570617461140501,377,304,assay_envelope
0.125,all_determinate,calibrated__raw_gnina_own,absolute,0.6427705544938106,0.6130678755484121,0.6715381580823246,377,304,assay_envelope
0.125,all_determinate,calibrated__raw_gnina_own,minus_chemistry,-0.001963489058594794,-0.028083158575041695,0.023009368077643737,377,304,assay_envelope
0.125,all_determinate,calibrated__vina,absolute,0.6143712778865696,0.5838362130360628,0.6447796076842731,377,304,assay_envelope
0.125,all_determinate,calibrated__vina,minus_chemistry,-0.03036276566583573,-0.05627559162324099,-0.005703670429963325,377,304,assay_envelope
0.125,all_determinate,chemistry,absolute,0.6447340435524054,0.612930465972788,0.676989969820847,377,304,assay_envelope
0.125,all_determinate,chemistry,minus_chemistry,0.0,0.0,0.0,377,304,assay_envelope
0.125,all_determinate,native__boltz_affinity,absolute,0.5657790968737226,0.534757509557003,0.5996051888092291,377,304,assay_envelope
0.125,all_determinate,native__boltz_affinity,minus_chemistry,-0.07895494667868262,-0.11556462476084857,-0.04095352801454057,377,304,assay_envelope
0.125,all_determinate,native__boltz_binary,absolute,0.6687217269754823,0.6400707217460658,0.6966266209937962,377,304,assay_envelope
0.125,all_determinate,native__boltz_binary,minus_chemistry,0.023987683423076923,-0.010312175175063103,0.05690575529130185,377,304,assay_envelope
0.125,all_determinate,native__boltzina_vina_far_affinity,absolute,0.5679041420989718,0.5340366787635001,0.6003409935332069,377,304,assay_envelope
0.125,all_determinate,native__boltzina_vina_far_affinity,minus_chemistry,-0.07682990145343346,-0.11904385352953252,-0.03451563487712431,377,304,assay_envelope
0.125,all_determinate,native__boltzina_vina_far_binary,absolute,0.6768577604394237,0.648599780736564,0.7059848503436298,377,304,assay_envelope
0.125,all_determinate,native__boltzina_vina_far_binary,minus_chemistry,0.03212371688701839,-0.003446635973561794,0.06681602447560477,377,304,assay_envelope
0.125,all_determinate,native__boltzina_vina_zero_affinity,absolute,0.5679041420989718,0.5340366787635001,0.6003409935332069,377,304,assay_envelope
0.125,all_determinate,native__boltzina_vina_zero_affinity,minus_chemistry,-0.07682990145343346,-0.11904385352953252,-0.03451563487712431,377,304,assay_envelope
0.125,all_determinate,native__boltzina_vina_zero_binary,absolute,0.6768577604394237,0.648599780736564,0.7059848503436298,377,304,assay_envelope
0.125,all_determinate,native__boltzina_vina_zero_binary,minus_chemistry,0.03212371688701839,-0.003446635973561794,0.06681602447560477,377,304,assay_envelope
0.125,all_determinate,native__gnina,absolute,0.6171693297360324,0.5862861902241856,0.6461028409969515,377,304,assay_envelope
0.125,all_determinate,native__gnina,minus_chemistry,-0.027564713816372925,-0.06964201046060085,0.011193381809965383,377,304,assay_envelope
0.125,all_determinate,native__nesso_affinity,absolute,0.5553065569079979,0.5239468711674758,0.5873403599707645,377,304,assay_envelope
0.125,all_determinate,native__nesso_affinity,minus_chemistry,-0.08942748664440747,-0.13625670882118357,-0.04502025902051664,377,304,assay_envelope
0.125,all_determinate,native__nesso_binary,absolute,0.6241108114447099,0.593385204889019,0.6554237241585208,377,304,assay_envelope
0.125,all_determinate,native__nesso_binary,minus_chemistry,-0.02062323210769546,-0.06162900626386411,0.022556192278570458,377,304,assay_envelope
0.125,all_determinate,native__raw_ad4,absolute,0.5446264237695985,0.5160774822474097,0.5750154741205658,377,304,assay_envelope
0.125,all_determinate,native__raw_ad4,minus_chemistry,-0.10010761978280686,-0.14364138417630565,-0.05763480050506002,377,304,assay_envelope
0.125,all_determinate,native__raw_gnina_own,absolute,0.631072966096694,0.6019453595650982,0.6599396851787804,377,304,assay_envelope
0.125,all_determinate,native__raw_gnina_own,minus_chemistry,-0.013661077455711254,-0.05086981377428764,0.022401982804457633,377,304,assay_envelope
0.125,all_determinate,native__vina,absolute,0.5814841965842665,0.5502655030291546,0.6131411730805502,377,304,assay_envelope
0.125,all_determinate,native__vina,minus_chemistry,-0.06324984696813876,-0.1054946694359562,-0.02339717373021738,377,304,assay_envelope
0.125,all_determinate,plus__boltz_affinity,absolute,0.6694343618853199,0.6393586990884454,0.7005626132972275,377,304,assay_envelope
0.125,all_determinate,plus__boltz_affinity,minus_chemistry,0.0247003183329146,0.002836474932735838,0.04530780957665643,377,304,assay_envelope
0.125,all_determinate,plus__boltz_binary,absolute,0.6638509564937609,0.6342628417143972,0.6940341799004427,377,304,assay_envelope
0.125,all_determinate,plus__boltz_binary,minus_chemistry,0.01911691294135568,-0.006890763330203638,0.04484169247722101,377,304,assay_envelope
0.125,all_determinate,plus__boltzina_vina_far_affinity,absolute,0.6686028175223167,0.6361688964820544,0.701750393561008,377,304,assay_envelope
0.125,all_determinate,plus__boltzina_vina_far_affinity,minus_chemistry,0.02386877396991127,-0.0025367873487546115,0.050449839641994405,377,304,assay_envelope
0.125,all_determinate,plus__boltzina_vina_far_binary,absolute,0.6631404065106002,0.6331285467491556,0.6945823716673059,377,304,assay_envelope
0.125,all_determinate,plus__boltzina_vina_far_binary,minus_chemistry,0.01840636295819495,-0.010651974406422389,0.046959562177983735,377,304,assay_envelope
0.125,all_determinate,plus__boltzina_vina_zero_affinity,absolute,0.6686028175223167,0.6361688964820544,0.701750393561008,377,304,assay_envelope
0.125,all_determinate,plus__boltzina_vina_zero_affinity,minus_chemistry,0.02386877396991127,-0.0025367873487546115,0.050449839641994405,377,304,assay_envelope
0.125,all_determinate,plus__boltzina_vina_zero_binary,absolute,0.6631404065106002,0.6331285467491556,0.6945823716673059,377,304,assay_envelope
0.125,all_determinate,plus__boltzina_vina_zero_binary,minus_chemistry,0.01840636295819495,-0.010651974406422389,0.046959562177983735,377,304,assay_envelope
0.125,all_determinate,plus__gnina,absolute,0.6455656739729491,0.609936188510266,0.6789076244463097,377,304,assay_envelope
0.125,all_determinate,plus__gnina,minus_chemistry,0.0008316304205436887,-0.022537998659256316,0.022364821463179405,377,304,assay_envelope
0.125,all_determinate,plus__nesso_affinity,absolute,0.677193163376156,0.647624017621277,0.7068396505327021,377,304,assay_envelope
0.125,all_determinate,plus__nesso_affinity,minus_chemistry,0.03245911982375075,0.003786092407634205,0.0625941697667187,377,304,assay_envelope
0.125,all_determinate,plus__nesso_binary,absolute,0.6612274874122355,0.6330451712062226,0.6911792532726941,377,304,assay_envelope
0.125,all_determinate,plus__nesso_binary,minus_chemistry,0.01649344385983009,-0.012022827069304772,0.04588837957340434,377,304,assay_envelope
0.125,all_determinate,plus__raw_ad4,absolute,0.6470310338713193,0.6129614010644301,0.6818423239288546,377,304,assay_envelope
0.125,all_determinate,plus__raw_ad4,minus_chemistry,0.002296990318913986,-0.011879363233997131,0.016388866316039013,377,304,assay_envelope
0.125,all_determinate,plus__raw_gnina_own,absolute,0.6588509084354305,0.6276120854148265,0.689709336384184,377,304,assay_envelope
0.125,all_determinate,plus__raw_gnina_own,minus_chemistry,0.014116864883025177,-0.00827442640662396,0.03529199829863851,377,304,assay_envelope
0.125,all_determinate,plus__vina,absolute,0.636853053597722,0.6042112492896483,0.6702134346331771,377,304,assay_envelope
0.125,all_determinate,plus__vina,minus_chemistry,-0.007880989954683209,-0.027809359127188772,0.011698352046312201,377,304,assay_envelope
0.125,all_determinate,target_prior,absolute,0.6150986626719517,0.58236500900016,0.6485815110352037,377,304,assay_envelope
0.125,all_determinate,target_prior,minus_chemistry,-0.029635380880453626,-0.059908105734188546,-0.004067401058714177,377,304,assay_envelope
0.125,both_exact,availability__boltz_affinity,absolute,0.6160333493666826,0.5737686510098923,0.6608981259625791,252,207,assay_envelope
0.125,both_exact,availability__boltz_affinity,minus_chemistry,0.0,0.0,0.0,252,207,assay_envelope
0.125,both_exact,availability__boltz_binary,absolute,0.6160333493666826,0.5737686510098923,0.6608981259625791,252,207,assay_envelope
0.125,both_exact,availability__boltz_binary,minus_chemistry,0.0,0.0,0.0,252,207,assay_envelope
0.125,both_exact,availability__boltzina_vina_far_affinity,absolute,0.621324354657688,0.5795862329645662,0.6657010148109215,252,207,assay_envelope
0.125,both_exact,availability__boltzina_vina_far_affinity,minus_chemistry,0.005291005291005292,0.0,0.015384615384615385,252,207,assay_envelope
0.125,both_exact,availability__boltzina_vina_far_binary,absolute,0.621324354657688,0.5795862329645662,0.6657010148109215,252,207,assay_envelope
0.125,both_exact,availability__boltzina_vina_far_binary,minus_chemistry,0.005291005291005292,0.0,0.015384615384615385,252,207,assay_envelope
0.125,both_exact,availability__boltzina_vina_zero_affinity,absolute,0.621324354657688,0.5795862329645662,0.6657010148109215,252,207,assay_envelope
0.125,both_exact,availability__boltzina_vina_zero_affinity,minus_chemistry,0.005291005291005292,0.0,0.015384615384615385,252,207,assay_envelope
0.125,both_exact,availability__boltzina_vina_zero_binary,absolute,0.621324354657688,0.5795862329645662,0.6657010148109215,252,207,assay_envelope
0.125,both_exact,availability__boltzina_vina_zero_binary,minus_chemistry,0.005291005291005292,0.0,0.015384615384615385,252,207,assay_envelope
0.125,both_exact,availability__gnina,absolute,0.6197370530703864,0.577856922880223,0.6647504755131874,252,207,assay_envelope
0.125,both_exact,availability__gnina,minus_chemistry,0.003703703703703704,-0.0007408095828170176,0.012913144421954993,252,207,assay_envelope
0.125,both_exact,availability__nesso_affinity,absolute,0.6197370530703864,0.577856922880223,0.6647504755131874,252,207,assay_envelope
0.125,both_exact,availability__nesso_affinity,minus_chemistry,0.003703703703703704,-0.0007408095828170176,0.012913144421954993,252,207,assay_envelope
0.125,both_exact,availability__nesso_binary,absolute,0.6197370530703864,0.577856922880223,0.6647504755131874,252,207,assay_envelope
0.125,both_exact,availability__nesso_binary,minus_chemistry,0.003703703703703704,-0.0007408095828170176,0.012913144421954993,252,207,assay_envelope
0.125,both_exact,availability__raw_ad4,absolute,0.6197370530703864,0.577856922880223,0.6647504755131874,252,207,assay_envelope
0.125,both_exact,availability__raw_ad4,minus_chemistry,0.003703703703703704,-0.0007408095828170176,0.012913144421954993,252,207,assay_envelope
0.125,both_exact,availability__raw_gnina_own,absolute,0.6197370530703864,0.577856922880223,0.6647504755131874,252,207,assay_envelope
0.125,both_exact,availability__raw_gnina_own,minus_chemistry,0.003703703703703704,-0.0007408095828170176,0.012913144421954993,252,207,assay_envelope
0.125,both_exact,availability__vina,absolute,0.6197370530703864,0.577856922880223,0.6647504755131874,252,207,assay_envelope
0.125,both_exact,availability__vina,minus_chemistry,0.003703703703703704,-0.0007408095828170176,0.012913144421954993,252,207,assay_envelope
0.125,both_exact,calibrated__boltz_affinity,absolute,0.6025106507249365,0.5575079904370186,0.6437540705044146,252,207,assay_envelope
0.125,both_exact,calibrated__boltz_affinity,minus_chemistry,-0.013522698641746265,-0.05268985047559422,0.02781652265283216,252,207,assay_envelope
0.125,both_exact,calibrated__boltz_binary,absolute,0.6068946265374836,0.5629905937252712,0.6486796824790522,252,207,assay_envelope
0.125,both_exact,calibrated__boltz_binary,minus_chemistry,-0.00913872282919902,-0.05153848244240806,0.030386413693803384,252,207,assay_envelope
0.125,both_exact,calibrated__boltzina_vina_far_affinity,absolute,0.6360632019362178,0.5941948883653245,0.6759930408626655,252,207,assay_envelope
0.125,both_exact,calibrated__boltzina_vina_far_affinity,minus_chemistry,0.020029852569535107,-0.020077260465734107,0.062266064697208745,252,207,assay_envelope
0.125,both_exact,calibrated__boltzina_vina_far_binary,absolute,0.6133314436885865,0.5680348543129805,0.6572648042785431,252,207,assay_envelope
0.125,both_exact,calibrated__boltzina_vina_far_binary,minus_chemistry,-0.0027019056780961536,-0.04415073641636142,0.03833319290145688,252,207,assay_envelope
0.125,both_exact,calibrated__boltzina_vina_zero_affinity,absolute,0.6360632019362178,0.5941948883653245,0.6759930408626655,252,207,assay_envelope
0.125,both_exact,calibrated__boltzina_vina_zero_affinity,minus_chemistry,0.020029852569535107,-0.020077260465734107,0.062266064697208745,252,207,assay_envelope
0.125,both_exact,calibrated__boltzina_vina_zero_binary,absolute,0.6133314436885865,0.5680348543129805,0.6572648042785431,252,207,assay_envelope
0.125,both_exact,calibrated__boltzina_vina_zero_binary,minus_chemistry,-0.0027019056780961536,-0.04415073641636142,0.03833319290145688,252,207,assay_envelope
0.125,both_exact,calibrated__gnina,absolute,0.6101445291921482,0.5661979856768745,0.6528856757938766,252,207,assay_envelope
0.125,both_exact,calibrated__gnina,minus_chemistry,-0.005888820174534465,-0.04998958135266313,0.0351428782667387,252,207,assay_envelope
0.125,both_exact,calibrated__nesso_affinity,absolute,0.6164013529092895,0.5713330205601236,0.6590526230162955,252,207,assay_envelope
0.125,both_exact,calibrated__nesso_affinity,minus_chemistry,0.0003680035426067174,-0.04642134817606223,0.04752948313902211,252,207,assay_envelope
0.125,both_exact,calibrated__nesso_binary,absolute,0.6183469235056537,0.5752919824852072,0.6620300413153674,252,207,assay_envelope
0.125,both_exact,calibrated__nesso_binary,minus_chemistry,0.002313574138970966,-0.040615850852125365,0.04825354506604505,252,207,assay_envelope
0.125,both_exact,calibrated__raw_ad4,absolute,0.6073601662887377,0.5622500277211059,0.6522507118135474,252,207,assay_envelope
0.125,both_exact,calibrated__raw_ad4,minus_chemistry,-0.008673183077944981,-0.04417441458335461,0.026634795213459225,252,207,assay_envelope
0.125,both_exact,calibrated__raw_gnina_own,absolute,0.5861400284019331,0.5418212498037087,0.6285068647263921,252,207,assay_envelope
0.125,both_exact,calibrated__raw_gnina_own,minus_chemistry,-0.02989332096474954,-0.06941281567221418,0.008796077120150701,252,207,assay_envelope
0.125,both_exact,calibrated__vina,absolute,0.6089600655076846,0.564107116942015,0.6516621584402406,252,207,assay_envelope
0.125,both_exact,calibrated__vina,minus_chemistry,-0.007073283858998149,-0.04128829503829504,0.029638335658633892,252,207,assay_envelope
0.125,both_exact,chemistry,absolute,0.6160333493666826,0.5737686510098923,0.6608981259625791,252,207,assay_envelope
0.125,both_exact,chemistry,minus_chemistry,0.0,0.0,0.0,252,207,assay_envelope
0.125,both_exact,native__boltz_affinity,absolute,0.5909877306702703,0.5476089701645046,0.6380931652900905,252,207,assay_envelope
0.125,both_exact,native__boltz_affinity,minus_chemistry,-0.02504561869641235,-0.08059176573121149,0.032644659707322186,252,207,assay_envelope
0.125,both_exact,native__boltz_binary,absolute,0.611235369568703,0.5677186395872713,0.6519065665539917,252,207,assay_envelope
0.125,both_exact,native__boltz_binary,minus_chemistry,-0.004797979797979799,-0.05491197080222401,0.04487984324920416,252,207,assay_envelope
0.125,both_exact,native__boltzina_vina_far_affinity,absolute,0.5729262580453057,0.5313814794133261,0.6147731265479617,252,207,assay_envelope
0.125,both_exact,native__boltzina_vina_far_affinity,minus_chemistry,-0.04310709132137704,-0.10456363256028872,0.01637031657621246,252,207,assay_envelope
0.125,both_exact,native__boltzina_vina_far_binary,absolute,0.629418714736175,0.5858151918934622,0.6689906683868548,252,207,assay_envelope
0.125,both_exact,native__boltzina_vina_far_binary,minus_chemistry,0.013385365369492355,-0.04188243159912175,0.06755927828757327,252,207,assay_envelope
0.125,both_exact,native__boltzina_vina_zero_affinity,absolute,0.5729262580453057,0.5313814794133261,0.6147731265479617,252,207,assay_envelope
0.125,both_exact,native__boltzina_vina_zero_affinity,minus_chemistry,-0.04310709132137704,-0.10456363256028872,0.01637031657621246,252,207,assay_envelope
0.125,both_exact,native__boltzina_vina_zero_binary,absolute,0.629418714736175,0.5858151918934622,0.6689906683868548,252,207,assay_envelope
0.125,both_exact,native__boltzina_vina_zero_binary,minus_chemistry,0.013385365369492355,-0.04188243159912175,0.06755927828757327,252,207,assay_envelope
0.125,both_exact,native__gnina,absolute,0.5852580033135589,0.543589343137096,0.6278443870712566,252,207,assay_envelope
0.125,both_exact,native__gnina,minus_chemistry,-0.03077534605312384,-0.08605918070004759,0.026331099448683823,252,207,assay_envelope
0.125,both_exact,native__nesso_affinity,absolute,0.5430473480076655,0.49979602068099954,0.5867918941150679,252,207,assay_envelope
0.125,both_exact,native__nesso_affinity,minus_chemistry,-0.07298600135901724,-0.13771417028578867,-0.010409148609753451,252,207,assay_envelope
0.125,both_exact,native__nesso_binary,absolute,0.5981290608274736,0.5525816450210328,0.6421616814163935,252,207,assay_envelope
0.125,both_exact,native__nesso_binary,minus_chemistry,-0.01790428853920917,-0.07154569494590242,0.03569548291150987,252,207,assay_envelope
0.125,both_exact,native__raw_ad4,absolute,0.5171640822434473,0.4741788443736557,0.5580181349365044,252,207,assay_envelope
0.125,both_exact,native__raw_ad4,minus_chemistry,-0.09886926712323539,-0.1621642261280419,-0.0388420213054241,252,207,assay_envelope
0.125,both_exact,native__raw_gnina_own,absolute,0.6043293860754178,0.5638375075706703,0.6440255086338199,252,207,assay_envelope
0.125,both_exact,native__raw_gnina_own,minus_chemistry,-0.011703963291264876,-0.06508850354569236,0.04060764481082922,252,207,assay_envelope
0.125,both_exact,native__vina,absolute,0.5085217729066936,0.46572104340221426,0.5549446245967008,252,207,assay_envelope
0.125,both_exact,native__vina,minus_chemistry,-0.10751157645998916,-0.17168567596111145,-0.04262993035449187,252,207,assay_envelope
0.125,both_exact,plus__boltz_affinity,absolute,0.621564568588378,0.576803874494944,0.666285638942278,252,207,assay_envelope
0.125,both_exact,plus__boltz_affinity,minus_chemistry,0.005531219221695411,-0.030037839845331253,0.042301393526089984,252,207,assay_envelope
0.125,both_exact,plus__boltz_binary,absolute,0.6062761019110225,0.5634544865356979,0.6482407437984314,252,207,assay_envelope
0.125,both_exact,plus__boltz_binary,minus_chemistry,-0.00975724745566016,-0.045838209677778484,0.02703067321898667,252,207,assay_envelope
0.125,both_exact,plus__boltzina_vina_far_affinity,absolute,0.6466042702153814,0.6038229544150042,0.6900810756499746,252,207,assay_envelope
0.125,both_exact,plus__boltzina_vina_far_affinity,minus_chemistry,0.03057092084869863,-0.006195900006372795,0.06951082852774708,252,207,assay_envelope
0.125,both_exact,plus__boltzina_vina_far_binary,absolute,0.6212892339876467,0.5758164518080303,0.6640237130423399,252,207,assay_envelope
0.125,both_exact,plus__boltzina_vina_far_binary,minus_chemistry,0.005255884620963986,-0.03253583243797962,0.04356457183010693,252,207,assay_envelope
0.125,both_exact,plus__boltzina_vina_zero_affinity,absolute,0.6466042702153814,0.6038229544150042,0.6900810756499746,252,207,assay_envelope
0.125,both_exact,plus__boltzina_vina_zero_affinity,minus_chemistry,0.03057092084869863,-0.006195900006372795,0.06951082852774708,252,207,assay_envelope
0.125,both_exact,plus__boltzina_vina_zero_binary,absolute,0.6212892339876467,0.5758164518080303,0.6640237130423399,252,207,assay_envelope
0.125,both_exact,plus__boltzina_vina_zero_binary,minus_chemistry,0.005255884620963986,-0.03253583243797962,0.04356457183010693,252,207,assay_envelope
0.125,both_exact,plus__gnina,absolute,0.6247983424570726,0.5819653968877556,0.6688383544361978,252,207,assay_envelope
0.125,both_exact,plus__gnina,minus_chemistry,0.008764993090389911,-0.028809675809356936,0.046299900267243295,252,207,assay_envelope
0.125,both_exact,plus__nesso_affinity,absolute,0.6172863365323683,0.5722155199100343,0.6615609447385138,252,207,assay_envelope
0.125,both_exact,plus__nesso_affinity,minus_chemistry,0.0012529871656855771,-0.03975664548928438,0.042570475519369134,252,207,assay_envelope
0.125,both_exact,plus__nesso_binary,absolute,0.6057576902814997,0.5631090365667196,0.6490457651915985,252,207,assay_envelope
0.125,both_exact,plus__nesso_binary,minus_chemistry,-0.010275659085182902,-0.05126734945647694,0.02846375682658866,252,207,assay_envelope
0.125,both_exact,plus__raw_ad4,absolute,0.6056674072547088,0.5597064367575882,0.6507071209176312,252,207,assay_envelope
0.125,both_exact,plus__raw_ad4,minus_chemistry,-0.010365942111973859,-0.03789850756597438,0.01641762284069672,252,207,assay_envelope
0.125,both_exact,plus__raw_gnina_own,absolute,0.6075299480061385,0.5638856028731724,0.6508849880159491,252,207,assay_envelope
0.125,both_exact,plus__raw_gnina_own,minus_chemistry,-0.008503401360544218,-0.04110687329674972,0.024035581075775424,252,207,assay_envelope
0.125,both_exact,plus__vina,absolute,0.6150758339250403,0.5714448754142666,0.6586541804147782,252,207,assay_envelope
0.125,both_exact,plus__vina,minus_chemistry,-0.0009575154416424277,-0.031536407597719036,0.030956399747001012,252,207,assay_envelope
0.125,both_exact,target_prior,absolute,0.6023128106461441,0.55831777187459,0.6448655222148473,252,207,assay_envelope
0.125,both_exact,target_prior,minus_chemistry,-0.01372053872053872,-0.04762362041170634,0.019114318111690343,252,207,assay_envelope
0.25,all_determinate,availability__boltz_affinity,absolute,0.6620169598315174,0.630276775849386,0.6943090924021186,377,304,assay_envelope
0.25,all_determinate,availability__boltz_affinity,minus_chemistry,0.0,0.0,0.0,377,304,assay_envelope
0.25,all_determinate,availability__boltz_binary,absolute,0.6620169598315174,0.630276775849386,0.6943090924021186,377,304,assay_envelope
0.25,all_determinate,availability__boltz_binary,minus_chemistry,0.0,0.0,0.0,377,304,assay_envelope
0.25,all_determinate,availability__boltzina_vina_far_affinity,absolute,0.661896415750332,0.630250267559675,0.6941017029342835,377,304,assay_envelope
0.25,all_determinate,availability__boltzina_vina_far_affinity,minus_chemistry,-0.00012054408118536713,-0.0022263270189862524,0.0020595776231409554,377,304,assay_envelope
0.25,all_determinate,availability__boltzina_vina_far_binary,absolute,0.661896415750332,0.630250267559675,0.6941017029342835,377,304,assay_envelope
0.25,all_determinate,availability__boltzina_vina_far_binary,minus_chemistry,-0.00012054408118536713,-0.0022263270189862524,0.0020595776231409554,377,304,assay_envelope
0.25,all_determinate,availability__boltzina_vina_zero_affinity,absolute,0.661896415750332,0.630250267559675,0.6941017029342835,377,304,assay_envelope
0.25,all_determinate,availability__boltzina_vina_zero_affinity,minus_chemistry,-0.00012054408118536713,-0.0022263270189862524,0.0020595776231409554,377,304,assay_envelope
0.25,all_determinate,availability__boltzina_vina_zero_binary,absolute,0.661896415750332,0.630250267559675,0.6941017029342835,377,304,assay_envelope
0.25,all_determinate,availability__boltzina_vina_zero_binary,minus_chemistry,-0.00012054408118536713,-0.0022263270189862524,0.0020595776231409554,377,304,assay_envelope
0.25,all_determinate,availability__gnina,absolute,0.6601380915733388,0.629202265778853,0.6929279651028714,377,304,assay_envelope
0.25,all_determinate,availability__gnina,minus_chemistry,-0.0018788682581786043,-0.0051247351661114745,0.0007985450029353699,377,304,assay_envelope
0.25,all_determinate,availability__nesso_affinity,absolute,0.6601380915733388,0.629202265778853,0.6929279651028714,377,304,assay_envelope
0.25,all_determinate,availability__nesso_affinity,minus_chemistry,-0.0018788682581786043,-0.0051247351661114745,0.0007985450029353699,377,304,assay_envelope
0.25,all_determinate,availability__nesso_binary,absolute,0.6601380915733388,0.629202265778853,0.6929279651028714,377,304,assay_envelope
0.25,all_determinate,availability__nesso_binary,minus_chemistry,-0.0018788682581786043,-0.0051247351661114745,0.0007985450029353699,377,304,assay_envelope
0.25,all_determinate,availability__raw_ad4,absolute,0.6601380915733388,0.629202265778853,0.6929279651028714,377,304,assay_envelope
0.25,all_determinate,availability__raw_ad4,minus_chemistry,-0.0018788682581786043,-0.0051247351661114745,0.0007985450029353699,377,304,assay_envelope
0.25,all_determinate,availability__raw_gnina_own,absolute,0.6603401883271598,0.6296307192034403,0.6933441236607758,377,304,assay_envelope
0.25,all_determinate,availability__raw_gnina_own,minus_chemistry,-0.0016767715043577124,-0.0050211083411248495,0.0010390617931428617,377,304,assay_envelope
0.25,all_determinate,availability__vina,absolute,0.6601380915733388,0.629202265778853,0.6929279651028714,377,304,assay_envelope
0.25,all_determinate,availability__vina,minus_chemistry,-0.0018788682581786043,-0.0051247351661114745,0.0007985450029353699,377,304,assay_envelope
0.25,all_determinate,calibrated__boltz_affinity,absolute,0.6444181141304246,0.6105964538664518,0.6802990815317621,377,304,assay_envelope
0.25,all_determinate,calibrated__boltz_affinity,minus_chemistry,-0.017598845701092887,-0.048680068666900896,0.013784279827159207,377,304,assay_envelope
0.25,all_determinate,calibrated__boltz_binary,absolute,0.6470226650039707,0.6174481710793623,0.6759363054664129,377,304,assay_envelope
0.25,all_determinate,calibrated__boltz_binary,minus_chemistry,-0.014994294827546823,-0.04429380429717361,0.015840200316937496,377,304,assay_envelope
0.25,all_determinate,calibrated__boltzina_vina_far_affinity,absolute,0.6499742405679366,0.6155210171836285,0.6831165475500091,377,304,assay_envelope
0.25,all_determinate,calibrated__boltzina_vina_far_affinity,minus_chemistry,-0.012042719263580838,-0.047327583218396085,0.021100114624793984,377,304,assay_envelope
0.25,all_determinate,calibrated__boltzina_vina_far_binary,absolute,0.6545584172822966,0.6245804061043583,0.6845981056085877,377,304,assay_envelope
0.25,all_determinate,calibrated__boltzina_vina_far_binary,minus_chemistry,-0.0074585425492207525,-0.03818906966642225,0.021686221891733838,377,304,assay_envelope
0.25,all_determinate,calibrated__boltzina_vina_zero_affinity,absolute,0.6499742405679366,0.6155210171836285,0.6831165475500091,377,304,assay_envelope
0.25,all_determinate,calibrated__boltzina_vina_zero_affinity,minus_chemistry,-0.012042719263580838,-0.047327583218396085,0.021100114624793984,377,304,assay_envelope
0.25,all_determinate,calibrated__boltzina_vina_zero_binary,absolute,0.6545584172822966,0.6245804061043583,0.6845981056085877,377,304,assay_envelope
0.25,all_determinate,calibrated__boltzina_vina_zero_binary,minus_chemistry,-0.0074585425492207525,-0.03818906966642225,0.021686221891733838,377,304,assay_envelope
0.25,all_determinate,calibrated__gnina,absolute,0.6267572564030194,0.5924286304127269,0.6585601257679468,377,304,assay_envelope
0.25,all_determinate,calibrated__gnina,minus_chemistry,-0.03525970342849799,-0.06766686591760573,-0.0045854575037729915,377,304,assay_envelope
0.25,all_determinate,calibrated__nesso_affinity,absolute,0.6698385171144503,0.6369357634875586,0.7015475170896939,377,304,assay_envelope
0.25,all_determinate,calibrated__nesso_affinity,minus_chemistry,0.007821557282932908,-0.028690073542950775,0.04272727359654265,377,304,assay_envelope
0.25,all_determinate,calibrated__nesso_binary,absolute,0.6513149359192467,0.6193379562857969,0.6838758939658968,377,304,assay_envelope
0.25,all_determinate,calibrated__nesso_binary,minus_chemistry,-0.01070202391227075,-0.04844486001566906,0.026262434102326492,377,304,assay_envelope
0.25,all_determinate,calibrated__raw_ad4,absolute,0.6025092980400485,0.5652369430035349,0.6400293221485683,377,304,assay_envelope
0.25,all_determinate,calibrated__raw_ad4,minus_chemistry,-0.05950766179146889,-0.09476286079629147,-0.028355079755964976,377,304,assay_envelope
0.25,all_determinate,calibrated__raw_gnina_own,absolute,0.6388188845071413,0.6067250513338995,0.6700680594938923,377,304,assay_envelope
0.25,all_determinate,calibrated__raw_gnina_own,minus_chemistry,-0.023198075324376125,-0.057801409446791435,0.008883292946390516,377,304,assay_envelope
0.25,all_determinate,calibrated__vina,absolute,0.602512991863765,0.5676828953024281,0.6367028857104196,377,304,assay_envelope
0.25,all_determinate,calibrated__vina,minus_chemistry,-0.05950396796775261,-0.09756701115940859,-0.02590582416173282,377,304,assay_envelope
0.25,all_determinate,chemistry,absolute,0.6620169598315174,0.630276775849386,0.6943090924021186,377,304,assay_envelope
0.25,all_determinate,chemistry,minus_chemistry,0.0,0.0,0.0,377,304,assay_envelope
0.25,all_determinate,native__boltz_affinity,absolute,0.5657790968737226,0.534757509557003,0.5996051888092291,377,304,assay_envelope
0.25,all_determinate,native__boltz_affinity,minus_chemistry,-0.09623786295779474,-0.13525577100459377,-0.05868400773940693,377,304,assay_envelope
0.25,all_determinate,native__boltz_binary,absolute,0.6687217269754823,0.6400707217460658,0.6966266209937962,377,304,assay_envelope
0.25,all_determinate,native__boltz_binary,minus_chemistry,0.00670476714396482,-0.02608574738502524,0.03985667278595425,377,304,assay_envelope
0.25,all_determinate,native__boltzina_vina_far_affinity,absolute,0.5679041420989718,0.5340366787635001,0.6003409935332069,377,304,assay_envelope
0.25,all_determinate,native__boltzina_vina_far_affinity,minus_chemistry,-0.09411281773254557,-0.13648858276371215,-0.05256762816525406,377,304,assay_envelope
0.25,all_determinate,native__boltzina_vina_far_binary,absolute,0.6768577604394237,0.648599780736564,0.7059848503436298,377,304,assay_envelope
0.25,all_determinate,native__boltzina_vina_far_binary,minus_chemistry,0.01484080060790628,-0.01950635770390821,0.048278392227531046,377,304,assay_envelope
0.25,all_determinate,native__boltzina_vina_zero_affinity,absolute,0.5679041420989718,0.5340366787635001,0.6003409935332069,377,304,assay_envelope
0.25,all_determinate,native__boltzina_vina_zero_affinity,minus_chemistry,-0.09411281773254557,-0.13648858276371215,-0.05256762816525406,377,304,assay_envelope
0.25,all_determinate,native__boltzina_vina_zero_binary,absolute,0.6768577604394237,0.648599780736564,0.7059848503436298,377,304,assay_envelope
0.25,all_determinate,native__boltzina_vina_zero_binary,minus_chemistry,0.01484080060790628,-0.01950635770390821,0.048278392227531046,377,304,assay_envelope
0.25,all_determinate,native__gnina,absolute,0.6171693297360324,0.5862861902241856,0.6461028409969515,377,304,assay_envelope
0.25,all_determinate,native__gnina,minus_chemistry,-0.04484763009548505,-0.08521417697838107,-0.007878750320708835,377,304,assay_envelope
0.25,all_determinate,native__nesso_affinity,absolute,0.5553065569079979,0.5239468711674758,0.5873403599707645,377,304,assay_envelope
0.25,all_determinate,native__nesso_affinity,minus_chemistry,-0.10671040292351958,-0.15204200595919432,-0.0620113280279642,377,304,assay_envelope
0.25,all_determinate,native__nesso_binary,absolute,0.6241108114447099,0.593385204889019,0.6554237241585208,377,304,assay_envelope
0.25,all_determinate,native__nesso_binary,minus_chemistry,-0.03790614838680755,-0.08073809347166856,0.006065264687005293,377,304,assay_envelope
0.25,all_determinate,native__raw_ad4,absolute,0.5446264237695985,0.5160774822474097,0.5750154741205658,377,304,assay_envelope
0.25,all_determinate,native__raw_ad4,minus_chemistry,-0.11739053606191896,-0.1626485866251857,-0.07237988924476872,377,304,assay_envelope
0.25,all_determinate,native__raw_gnina_own,absolute,0.631072966096694,0.6019453595650982,0.6599396851787804,377,304,assay_envelope
0.25,all_determinate,native__raw_gnina_own,minus_chemistry,-0.030943993734823358,-0.06984244585142814,0.005630004654896565,377,304,assay_envelope
0.25,all_determinate,native__vina,absolute,0.5814841965842665,0.5502655030291546,0.6131411730805502,377,304,assay_envelope
0.25,all_determinate,native__vina,minus_chemistry,-0.08053276324725087,-0.12509339765435365,-0.03640790683162936,377,304,assay_envelope
0.25,all_determinate,plus__boltz_affinity,absolute,0.6727526088860031,0.6374595641798464,0.7084071345840667,377,304,assay_envelope
0.25,all_determinate,plus__boltz_affinity,minus_chemistry,0.010735649054485753,-0.017130699728313784,0.03630396096611407,377,304,assay_envelope
0.25,all_determinate,plus__boltz_binary,absolute,0.6848580377238692,0.6558921187887996,0.7159044819333323,377,304,assay_envelope
0.25,all_determinate,plus__boltz_binary,minus_chemistry,0.022841077892351867,-0.0013364992090400024,0.04586109197202094,377,304,assay_envelope
0.25,all_determinate,plus__boltzina_vina_far_affinity,absolute,0.668507510458142,0.633348070927953,0.7040869560629487,377,304,assay_envelope
0.25,all_determinate,plus__boltzina_vina_far_affinity,minus_chemistry,0.0064905506266247194,-0.02167952954896042,0.03351689296643129,377,304,assay_envelope
0.25,all_determinate,plus__boltzina_vina_far_binary,absolute,0.6743953937976975,0.6441090386706235,0.7070991677679579,377,304,assay_envelope
0.25,all_determinate,plus__boltzina_vina_far_binary,minus_chemistry,0.012378433966180154,-0.014594952026325063,0.03909581169352079,377,304,assay_envelope
0.25,all_determinate,plus__boltzina_vina_zero_affinity,absolute,0.668507510458142,0.633348070927953,0.7040869560629487,377,304,assay_envelope
0.25,all_determinate,plus__boltzina_vina_zero_affinity,minus_chemistry,0.0064905506266247194,-0.02167952954896042,0.03351689296643129,377,304,assay_envelope
0.25,all_determinate,plus__boltzina_vina_zero_binary,absolute,0.6743953937976975,0.6441090386706235,0.7070991677679579,377,304,assay_envelope
0.25,all_determinate,plus__boltzina_vina_zero_binary,minus_chemistry,0.012378433966180154,-0.014594952026325063,0.03909581169352079,377,304,assay_envelope
0.25,all_determinate,plus__gnina,absolute,0.6672379638625648,0.6344950901873012,0.7004794131459436,377,304,assay_envelope
0.25,all_determinate,plus__gnina,minus_chemistry,0.005221004031047475,-0.01612106978247485,0.02524298623582869,377,304,assay_envelope
0.25,all_determinate,plus__nesso_affinity,absolute,0.7040763862205154,0.6738588573404091,0.7340854356513976,377,304,assay_envelope
0.25,all_determinate,plus__nesso_affinity,minus_chemistry,0.042059426388997914,0.01439212953172165,0.07019197280530655,377,304,assay_envelope
0.25,all_determinate,plus__nesso_binary,absolute,0.6919574835852099,0.6605361859798011,0.7240107957909543,377,304,assay_envelope
0.25,all_determinate,plus__nesso_binary,minus_chemistry,0.029940523753692536,0.0010190563817378136,0.05864960491917666,377,304,assay_envelope
0.25,all_determinate,plus__raw_ad4,absolute,0.6663939291476951,0.6353060647066393,0.6998334914187708,377,304,assay_envelope
0.25,all_determinate,plus__raw_ad4,minus_chemistry,0.004376969316177701,-0.005267595712405523,0.014443844145918015,377,304,assay_envelope
0.25,all_determinate,plus__raw_gnina_own,absolute,0.6712793300370612,0.640489880174191,0.7028718365495279,377,304,assay_envelope
0.25,all_determinate,plus__raw_gnina_own,minus_chemistry,0.009262370205543834,-0.009317622887559395,0.026515528369279954,377,304,assay_envelope
0.25,all_determinate,plus__vina,absolute,0.6689383800262434,0.6384181761635085,0.7019948873632801,377,304,assay_envelope
0.25,all_determinate,plus__vina,minus_chemistry,0.0069214201947259656,-0.012564087731091793,0.025798560281068045,377,304,assay_envelope
0.25,all_determinate,target_prior,absolute,0.5988151174497907,0.5618271202330881,0.6352698603701036,377,304,assay_envelope
0.25,all_determinate,target_prior,minus_chemistry,-0.06320184238172667,-0.09873915160578106,-0.03200009390890081,377,304,assay_envelope
0.25,both_exact,availability__boltz_affinity,absolute,0.6165299060140329,0.5739110599329451,0.6588925811317169,252,207,assay_envelope
0.25,both_exact,availability__boltz_affinity,minus_chemistry,0.0,0.0,0.0,252,207,assay_envelope
0.25,both_exact,availability__boltz_binary,absolute,0.6165299060140329,0.5739110599329451,0.6588925811317169,252,207,assay_envelope
0.25,both_exact,availability__boltz_binary,minus_chemistry,0.0,0.0,0.0,252,207,assay_envelope
0.25,both_exact,availability__boltzina_vina_far_affinity,absolute,0.6172889133206593,0.5745959722348613,0.6600555845238395,252,207,assay_envelope
0.25,both_exact,availability__boltzina_vina_far_affinity,minus_chemistry,0.0007590073066263542,-0.0005901021913190054,0.002789605748157002,252,207,assay_envelope
0.25,both_exact,availability__boltzina_vina_far_binary,absolute,0.6172889133206593,0.5745959722348613,0.6600555845238395,252,207,assay_envelope
0.25,both_exact,availability__boltzina_vina_far_binary,minus_chemistry,0.0007590073066263542,-0.0005901021913190054,0.002789605748157002,252,207,assay_envelope
0.25,both_exact,availability__boltzina_vina_zero_affinity,absolute,0.6172889133206593,0.5745959722348613,0.6600555845238395,252,207,assay_envelope
0.25,both_exact,availability__boltzina_vina_zero_affinity,minus_chemistry,0.0007590073066263542,-0.0005901021913190054,0.002789605748157002,252,207,assay_envelope
0.25,both_exact,availability__boltzina_vina_zero_binary,absolute,0.6172889133206593,0.5745959722348613,0.6600555845238395,252,207,assay_envelope
0.25,both_exact,availability__boltzina_vina_zero_binary,minus_chemistry,0.0007590073066263542,-0.0005901021913190054,0.002789605748157002,252,207,assay_envelope
0.25,both_exact,availability__gnina,absolute,0.6164070791054918,0.573681616265233,0.6587086835940544,252,207,assay_envelope
0.25,both_exact,availability__gnina,minus_chemistry,-0.00012282690854119427,-0.0007664087976132656,0.0004105485032209166,252,207,assay_envelope
0.25,both_exact,availability__nesso_affinity,absolute,0.6164070791054918,0.573681616265233,0.6587086835940544,252,207,assay_envelope
0.25,both_exact,availability__nesso_affinity,minus_chemistry,-0.00012282690854119427,-0.0007664087976132656,0.0004105485032209166,252,207,assay_envelope
0.25,both_exact,availability__nesso_binary,absolute,0.6164070791054918,0.573681616265233,0.6587086835940544,252,207,assay_envelope
0.25,both_exact,availability__nesso_binary,minus_chemistry,-0.00012282690854119427,-0.0007664087976132656,0.0004105485032209166,252,207,assay_envelope
0.25,both_exact,availability__raw_ad4,absolute,0.6164070791054918,0.573681616265233,0.6587086835940544,252,207,assay_envelope
0.25,both_exact,availability__raw_ad4,minus_chemistry,-0.00012282690854119427,-0.0007664087976132656,0.0004105485032209166,252,207,assay_envelope
0.25,both_exact,availability__raw_gnina_own,absolute,0.6164070791054918,0.573681616265233,0.6587086835940544,252,207,assay_envelope
0.25,both_exact,availability__raw_gnina_own,minus_chemistry,-0.00012282690854119427,-0.0007664087976132656,0.0004105485032209166,252,207,assay_envelope
0.25,both_exact,availability__vina,absolute,0.6164070791054918,0.573681616265233,0.6587086835940544,252,207,assay_envelope
0.25,both_exact,availability__vina,minus_chemistry,-0.00012282690854119427,-0.0007664087976132656,0.0004105485032209166,252,207,assay_envelope
0.25,both_exact,calibrated__boltz_affinity,absolute,0.6122487154233186,0.5696456887578071,0.6559316139452436,252,207,assay_envelope
0.25,both_exact,calibrated__boltz_affinity,minus_chemistry,-0.0042811905907144,-0.05079802558063428,0.04078551779526226,252,207,assay_envelope
0.25,both_exact,calibrated__boltz_binary,absolute,0.586070932301091,0.5421008589566334,0.6297882252019265,252,207,assay_envelope
0.25,both_exact,calibrated__boltz_binary,minus_chemistry,-0.030458973712941966,-0.07303633097383098,0.010631099227885563,252,207,assay_envelope
0.25,both_exact,calibrated__boltzina_vina_far_affinity,absolute,0.6201407499026547,0.5768452251073939,0.6639756894158712,252,207,assay_envelope
0.25,both_exact,calibrated__boltzina_vina_far_affinity,minus_chemistry,0.0036108438886216765,-0.045671931582714514,0.0526889827757663,252,207,assay_envelope
0.25,both_exact,calibrated__boltzina_vina_far_binary,absolute,0.5768425945013246,0.530017238804058,0.6220161271037996,252,207,assay_envelope
0.25,both_exact,calibrated__boltzina_vina_far_binary,minus_chemistry,-0.03968731151270834,-0.08068231222128204,-0.002244887572428684,252,207,assay_envelope
0.25,both_exact,calibrated__boltzina_vina_zero_affinity,absolute,0.6201407499026547,0.5768452251073939,0.6639756894158712,252,207,assay_envelope
0.25,both_exact,calibrated__boltzina_vina_zero_affinity,minus_chemistry,0.0036108438886216765,-0.045671931582714514,0.0526889827757663,252,207,assay_envelope
0.25,both_exact,calibrated__boltzina_vina_zero_binary,absolute,0.5768425945013246,0.530017238804058,0.6220161271037996,252,207,assay_envelope
0.25,both_exact,calibrated__boltzina_vina_zero_binary,minus_chemistry,-0.03968731151270834,-0.08068231222128204,-0.002244887572428684,252,207,assay_envelope
0.25,both_exact,calibrated__gnina,absolute,0.595612015850111,0.5532271688954227,0.6365594239108072,252,207,assay_envelope
0.25,both_exact,calibrated__gnina,minus_chemistry,-0.02091789016392191,-0.06237524396366562,0.02034138004349026,252,207,assay_envelope
0.25,both_exact,calibrated__nesso_affinity,absolute,0.615832359879979,0.5689207562321699,0.6606909198958101,252,207,assay_envelope
0.25,both_exact,calibrated__nesso_affinity,minus_chemistry,-0.000697546134054068,-0.05122843066054452,0.05037446844829675,252,207,assay_envelope
0.25,both_exact,calibrated__nesso_binary,absolute,0.5951328286645746,0.5498575251135206,0.6420033271245006,252,207,assay_envelope
0.25,both_exact,calibrated__nesso_binary,minus_chemistry,-0.021397077349458303,-0.07208213204866902,0.031012794118997107,252,207,assay_envelope
0.25,both_exact,calibrated__raw_ad4,absolute,0.5913194683035953,0.5462420712902386,0.6358939383097775,252,207,assay_envelope
0.25,both_exact,calibrated__raw_ad4,minus_chemistry,-0.02521043771043771,-0.06403491633593858,0.013374285816490843,252,207,assay_envelope
0.25,both_exact,calibrated__raw_gnina_own,absolute,0.5827549875168923,0.5389143223573751,0.6261492928286065,252,207,assay_envelope
0.25,both_exact,calibrated__raw_gnina_own,minus_chemistry,-0.03377491849714072,-0.07426055528833306,0.00684740754043017,252,207,assay_envelope
0.25,both_exact,calibrated__vina,absolute,0.5832064980874505,0.5393068624486884,0.6272734067879217,252,207,assay_envelope
0.25,both_exact,calibrated__vina,minus_chemistry,-0.033323407926582525,-0.07726462607909092,0.009374545921640309,252,207,assay_envelope
0.25,both_exact,chemistry,absolute,0.6165299060140329,0.5739110599329451,0.6588925811317169,252,207,assay_envelope
0.25,both_exact,chemistry,minus_chemistry,0.0,0.0,0.0,252,207,assay_envelope
0.25,both_exact,native__boltz_affinity,absolute,0.5909877306702703,0.5476089701645046,0.6380931652900905,252,207,assay_envelope
0.25,both_exact,native__boltz_affinity,minus_chemistry,-0.02554217534376264,-0.08371470734428818,0.03290951206383841,252,207,assay_envelope
0.25,both_exact,native__boltz_binary,absolute,0.611235369568703,0.5677186395872713,0.6519065665539917,252,207,assay_envelope
0.25,both_exact,native__boltz_binary,minus_chemistry,-0.0052945364453300895,-0.05547574149184432,0.04272223127085587,252,207,assay_envelope
0.25,both_exact,native__boltzina_vina_far_affinity,absolute,0.5729262580453057,0.5313814794133261,0.6147731265479617,252,207,assay_envelope
0.25,both_exact,native__boltzina_vina_far_affinity,minus_chemistry,-0.04360364796872733,-0.10337510201850565,0.013546300829802104,252,207,assay_envelope
0.25,both_exact,native__boltzina_vina_far_binary,absolute,0.629418714736175,0.5858151918934622,0.6689906683868548,252,207,assay_envelope
0.25,both_exact,native__boltzina_vina_far_binary,minus_chemistry,0.012888808722142061,-0.03975162160823926,0.06313158350632324,252,207,assay_envelope
0.25,both_exact,native__boltzina_vina_zero_affinity,absolute,0.5729262580453057,0.5313814794133261,0.6147731265479617,252,207,assay_envelope
0.25,both_exact,native__boltzina_vina_zero_affinity,minus_chemistry,-0.04360364796872733,-0.10337510201850565,0.013546300829802104,252,207,assay_envelope
0.25,both_exact,native__boltzina_vina_zero_binary,absolute,0.629418714736175,0.5858151918934622,0.6689906683868548,252,207,assay_envelope
0.25,both_exact,native__boltzina_vina_zero_binary,minus_chemistry,0.012888808722142061,-0.03975162160823926,0.06313158350632324,252,207,assay_envelope
0.25,both_exact,native__gnina,absolute,0.5852580033135589,0.543589343137096,0.6278443870712566,252,207,assay_envelope
0.25,both_exact,native__gnina,minus_chemistry,-0.03127190270047413,-0.08246654643040012,0.019498128476092055,252,207,assay_envelope
0.25,both_exact,native__nesso_affinity,absolute,0.5430473480076655,0.49979602068099954,0.5867918941150679,252,207,assay_envelope
0.25,both_exact,native__nesso_affinity,minus_chemistry,-0.07348255800636753,-0.13694193891878395,-0.007050075951701535,252,207,assay_envelope
0.25,both_exact,native__nesso_binary,absolute,0.5981290608274736,0.5525816450210328,0.6421616814163935,252,207,assay_envelope
0.25,both_exact,native__nesso_binary,minus_chemistry,-0.018400845186559472,-0.07319049607435434,0.039112045290057545,252,207,assay_envelope
0.25,both_exact,native__raw_ad4,absolute,0.5171640822434473,0.4741788443736557,0.5580181349365044,252,207,assay_envelope
0.25,both_exact,native__raw_ad4,minus_chemistry,-0.09936582377058567,-0.1606211528785542,-0.03910699269302287,252,207,assay_envelope
0.25,both_exact,native__raw_gnina_own,absolute,0.6043293860754178,0.5638375075706703,0.6440255086338199,252,207,assay_envelope
0.25,both_exact,native__raw_gnina_own,minus_chemistry,-0.012200519938615173,-0.06779317886515185,0.040502402423051295,252,207,assay_envelope
0.25,both_exact,native__vina,absolute,0.5085217729066936,0.46572104340221426,0.5549446245967008,252,207,assay_envelope
0.25,both_exact,native__vina,minus_chemistry,-0.10800813310733945,-0.1726702981910515,-0.04266490890880763,252,207,assay_envelope
0.25,both_exact,plus__boltz_affinity,absolute,0.6468816089847836,0.6016960759418657,0.6921863835967659,252,207,assay_envelope
0.25,both_exact,plus__boltz_affinity,minus_chemistry,0.030351702970750592,-0.0046758109809580395,0.0662453368762323,252,207,assay_envelope
0.25,both_exact,plus__boltz_binary,absolute,0.6028465875688098,0.5581234104503505,0.6486579460844168,252,207,assay_envelope
0.25,both_exact,plus__boltz_binary,minus_chemistry,-0.013683318445223205,-0.05002653724394164,0.021318509151151282,252,207,assay_envelope
0.25,both_exact,plus__boltzina_vina_far_affinity,absolute,0.6450097154462233,0.6022370275061548,0.6896792572965833,252,207,assay_envelope
0.25,both_exact,plus__boltzina_vina_far_affinity,minus_chemistry,0.028479809432190386,-0.009602070799910871,0.06450447771058457,252,207,assay_envelope
0.25,both_exact,plus__boltzina_vina_far_binary,absolute,0.6101130351130352,0.5635079570770359,0.655021000485754,252,207,assay_envelope
0.25,both_exact,plus__boltzina_vina_far_binary,minus_chemistry,-0.006416870900997882,-0.04264345134187227,0.03142692742955017,252,207,assay_envelope
0.25,both_exact,plus__boltzina_vina_zero_affinity,absolute,0.6450097154462233,0.6022370275061548,0.6896792572965833,252,207,assay_envelope
0.25,both_exact,plus__boltzina_vina_zero_affinity,minus_chemistry,0.028479809432190386,-0.009602070799910871,0.06450447771058457,252,207,assay_envelope
0.25,both_exact,plus__boltzina_vina_zero_binary,absolute,0.6101130351130352,0.5635079570770359,0.655021000485754,252,207,assay_envelope
0.25,both_exact,plus__boltzina_vina_zero_binary,minus_chemistry,-0.006416870900997882,-0.04264345134187227,0.03142692742955017,252,207,assay_envelope
0.25,both_exact,plus__gnina,absolute,0.6071022011498203,0.5634716705106418,0.6522506586438247,252,207,assay_envelope
0.25,both_exact,plus__gnina,minus_chemistry,-0.0094277048642128,-0.0412090447867091,0.019729708542139,252,207,assay_envelope
0.25,both_exact,plus__nesso_affinity,absolute,0.6095859387526054,0.5645644636712563,0.6543030661680606,252,207,assay_envelope
0.25,both_exact,plus__nesso_affinity,minus_chemistry,-0.006943967261427574,-0.04521943392845355,0.035282254589546196,252,207,assay_envelope
0.25,both_exact,plus__nesso_binary,absolute,0.6015324255403621,0.5555609682245655,0.6465902693604966,252,207,assay_envelope
0.25,both_exact,plus__nesso_binary,minus_chemistry,-0.014997480473670947,-0.06248054084385284,0.03446982935132723,252,207,assay_envelope
0.25,both_exact,plus__raw_ad4,absolute,0.6169032540064285,0.574112162660035,0.6594775412348846,252,207,assay_envelope
0.25,both_exact,plus__raw_ad4,minus_chemistry,0.0003733479923956113,-0.010881550528324721,0.010286939701194625,252,207,assay_envelope
0.25,both_exact,plus__raw_gnina_own,absolute,0.6127226535956694,0.5699215561917175,0.656070936689353,252,207,assay_envelope
0.25,both_exact,plus__raw_gnina_own,minus_chemistry,-0.003807252418363529,-0.026505629634060016,0.017925491015287672,252,207,assay_envelope
0.25,both_exact,plus__vina,absolute,0.6315334944303198,0.5873890481313059,0.6751931000257266,252,207,assay_envelope
0.25,both_exact,plus__vina,minus_chemistry,0.01500358841628683,-0.009144943883088787,0.04099946817443523,252,207,assay_envelope
0.25,both_exact,target_prior,absolute,0.5994028531726944,0.5559529938477568,0.642139083880731,252,207,assay_envelope
0.25,both_exact,target_prior,minus_chemistry,-0.017127052841338555,-0.06091401310898919,0.024183861285640793,252,207,assay_envelope
0.5,all_determinate,availability__boltz_affinity,absolute,0.6941999860895924,0.6609349883034823,0.7283416106563338,377,304,assay_envelope
0.5,all_determinate,availability__boltz_affinity,minus_chemistry,0.0,0.0,0.0,377,304,assay_envelope
0.5,all_determinate,availability__boltz_binary,absolute,0.6941999860895924,0.6609349883034823,0.7283416106563338,377,304,assay_envelope
0.5,all_determinate,availability__boltz_binary,minus_chemistry,0.0,0.0,0.0,377,304,assay_envelope
0.5,all_determinate,availability__boltzina_vina_far_affinity,absolute,0.6942686711491521,0.660955466209554,0.7285162395554561,377,304,assay_envelope
0.5,all_determinate,availability__boltzina_vina_far_affinity,minus_chemistry,6.868505955971005e-05,-0.0008561599458137409,0.0009993153893147152,377,304,assay_envelope
0.5,all_determinate,availability__boltzina_vina_far_binary,absolute,0.6942686711491521,0.660955466209554,0.7285162395554561,377,304,assay_envelope
0.5,all_determinate,availability__boltzina_vina_far_binary,minus_chemistry,6.868505955971005e-05,-0.0008561599458137409,0.0009993153893147152,377,304,assay_envelope
0.5,all_determinate,availability__boltzina_vina_zero_affinity,absolute,0.6942686711491521,0.660955466209554,0.7285162395554561,377,304,assay_envelope
0.5,all_determinate,availability__boltzina_vina_zero_affinity,minus_chemistry,6.868505955971005e-05,-0.0008561599458137409,0.0009993153893147152,377,304,assay_envelope
0.5,all_determinate,availability__boltzina_vina_zero_binary,absolute,0.6942686711491521,0.660955466209554,0.7285162395554561,377,304,assay_envelope
0.5,all_determinate,availability__boltzina_vina_zero_binary,minus_chemistry,6.868505955971005e-05,-0.0008561599458137409,0.0009993153893147152,377,304,assay_envelope
0.5,all_determinate,availability__gnina,absolute,0.6937916911212499,0.660413291475535,0.7280787658002166,377,304,assay_envelope
0.5,all_determinate,availability__gnina,minus_chemistry,-0.0004082949683425313,-0.0011846086997983208,0.0001814014271490192,377,304,assay_envelope
0.5,all_determinate,availability__nesso_affinity,absolute,0.6937916911212499,0.660413291475535,0.7280787658002166,377,304,assay_envelope
0.5,all_determinate,availability__nesso_affinity,minus_chemistry,-0.0004082949683425313,-0.0011846086997983208,0.0001814014271490192,377,304,assay_envelope
0.5,all_determinate,availability__nesso_binary,absolute,0.6937916911212499,0.660413291475535,0.7280787658002166,377,304,assay_envelope
0.5,all_determinate,availability__nesso_binary,minus_chemistry,-0.0004082949683425313,-0.0011846086997983208,0.0001814014271490192,377,304,assay_envelope
0.5,all_determinate,availability__raw_ad4,absolute,0.6937916911212499,0.660413291475535,0.7280787658002166,377,304,assay_envelope
0.5,all_determinate,availability__raw_ad4,minus_chemistry,-0.0004082949683425313,-0.0011846086997983208,0.0001814014271490192,377,304,assay_envelope
0.5,all_determinate,availability__raw_gnina_own,absolute,0.6937916911212499,0.660413291475535,0.7280787658002166,377,304,assay_envelope
0.5,all_determinate,availability__raw_gnina_own,minus_chemistry,-0.0004082949683425313,-0.0011846086997983208,0.0001814014271490192,377,304,assay_envelope
0.5,all_determinate,availability__vina,absolute,0.6937916911212499,0.660413291475535,0.7280787658002166,377,304,assay_envelope
0.5,all_determinate,availability__vina,minus_chemistry,-0.0004082949683425313,-0.0011846086997983208,0.0001814014271490192,377,304,assay_envelope
0.5,all_determinate,calibrated__boltz_affinity,absolute,0.6523547590104473,0.618098717959883,0.6850134224629647,377,304,assay_envelope
0.5,all_determinate,calibrated__boltz_affinity,minus_chemistry,-0.041845227079145224,-0.08116265017289358,-0.005440284351971278,377,304,assay_envelope
0.5,all_determinate,calibrated__boltz_binary,absolute,0.6595275694211716,0.6315519829933571,0.6880679642444316,377,304,assay_envelope
0.5,all_determinate,calibrated__boltz_binary,minus_chemistry,-0.03467241666842081,-0.0668528395285587,-0.0019793674057768224,377,304,assay_envelope
0.5,all_determinate,calibrated__boltzina_vina_far_affinity,absolute,0.6599457221986014,0.6274293445685302,0.6911081911520219,377,304,assay_envelope
0.5,all_determinate,calibrated__boltzina_vina_far_affinity,minus_chemistry,-0.03425426389099106,-0.07574017502174954,0.003647398477588053,377,304,assay_envelope
0.5,all_determinate,calibrated__boltzina_vina_far_binary,absolute,0.6754198113421218,0.6492175168296367,0.7040207292733147,377,304,assay_envelope
0.5,all_determinate,calibrated__boltzina_vina_far_binary,minus_chemistry,-0.01878017474747065,-0.05091954906843462,0.015386965424077914,377,304,assay_envelope
0.5,all_determinate,calibrated__boltzina_vina_zero_affinity,absolute,0.6599457221986014,0.6274293445685302,0.6911081911520219,377,304,assay_envelope
0.5,all_determinate,calibrated__boltzina_vina_zero_affinity,minus_chemistry,-0.03425426389099106,-0.07574017502174954,0.003647398477588053,377,304,assay_envelope
0.5,all_determinate,calibrated__boltzina_vina_zero_binary,absolute,0.6754198113421218,0.6492175168296367,0.7040207292733147,377,304,assay_envelope
0.5,all_determinate,calibrated__boltzina_vina_zero_binary,minus_chemistry,-0.01878017474747065,-0.05091954906843462,0.015386965424077914,377,304,assay_envelope
0.5,all_determinate,calibrated__gnina,absolute,0.638029393523382,0.6042390945393677,0.6708050543284595,377,304,assay_envelope
0.5,all_determinate,calibrated__gnina,minus_chemistry,-0.05617059256621048,-0.09358507629239077,-0.02129555001731247,377,304,assay_envelope
0.5,all_determinate,calibrated__nesso_affinity,absolute,0.6719148940029804,0.6380633647762166,0.7038345312691123,377,304,assay_envelope
0.5,all_determinate,calibrated__nesso_affinity,minus_chemistry,-0.022285092086612036,-0.06557478290341762,0.01939122916180289,377,304,assay_envelope
0.5,all_determinate,calibrated__nesso_binary,absolute,0.6733890061797521,0.6418601333641526,0.7030841359679687,377,304,assay_envelope
0.5,all_determinate,calibrated__nesso_binary,minus_chemistry,-0.02081097990984044,-0.06341534249458401,0.021036687387582288,377,304,assay_envelope
0.5,all_determinate,calibrated__raw_ad4,absolute,0.6142217122047525,0.5775658392753535,0.6520048091439169,377,304,assay_envelope
0.5,all_determinate,calibrated__raw_ad4,minus_chemistry,-0.07997827388483998,-0.11747191877500476,-0.04526149001682175,377,304,assay_envelope
0.5,all_determinate,calibrated__raw_gnina_own,absolute,0.6387109015172339,0.6052104372055597,0.6726061760675013,377,304,assay_envelope
0.5,all_determinate,calibrated__raw_gnina_own,minus_chemistry,-0.05548908457235865,-0.09595768485069017,-0.017283245374531974,377,304,assay_envelope
0.5,all_determinate,calibrated__vina,absolute,0.6099669708703279,0.5757488067723341,0.6449597624854434,377,304,assay_envelope
0.5,all_determinate,calibrated__vina,minus_chemistry,-0.08423301521926452,-0.12214933371329026,-0.04886168644501441,377,304,assay_envelope
0.5,all_determinate,chemistry,absolute,0.6941999860895924,0.6609349883034823,0.7283416106563338,377,304,assay_envelope
0.5,all_determinate,chemistry,minus_chemistry,0.0,0.0,0.0,377,304,assay_envelope
0.5,all_determinate,native__boltz_affinity,absolute,0.5657790968737226,0.534757509557003,0.5996051888092291,377,304,assay_envelope
0.5,all_determinate,native__boltz_affinity,minus_chemistry,-0.1284208892158698,-0.17001242335221173,-0.08851595513606034,377,304,assay_envelope
0.5,all_determinate,native__boltz_binary,absolute,0.6687217269754823,0.6400707217460658,0.6966266209937962,377,304,assay_envelope
0.5,all_determinate,native__boltz_binary,minus_chemistry,-0.02547825911411023,-0.05828511515513112,0.008645678597055386,377,304,assay_envelope
0.5,all_determinate,native__boltzina_vina_far_affinity,absolute,0.5679041420989718,0.5340366787635001,0.6003409935332069,377,304,assay_envelope
0.5,all_determinate,native__boltzina_vina_far_affinity,minus_chemistry,-0.12629584399062063,-0.17036322786004135,-0.08144651224640152,377,304,assay_envelope
0.5,all_determinate,native__boltzina_vina_far_binary,absolute,0.6768577604394237,0.648599780736564,0.7059848503436298,377,304,assay_envelope
0.5,all_determinate,native__boltzina_vina_far_binary,minus_chemistry,-0.01734222565016877,-0.05296779583464437,0.019694416158001958,377,304,assay_envelope
0.5,all_determinate,native__boltzina_vina_zero_affinity,absolute,0.5679041420989718,0.5340366787635001,0.6003409935332069,377,304,assay_envelope
0.5,all_determinate,native__boltzina_vina_zero_affinity,minus_chemistry,-0.12629584399062063,-0.17036322786004135,-0.08144651224640152,377,304,assay_envelope
0.5,all_determinate,native__boltzina_vina_zero_binary,absolute,0.6768577604394237,0.648599780736564,0.7059848503436298,377,304,assay_envelope
0.5,all_determinate,native__boltzina_vina_zero_binary,minus_chemistry,-0.01734222565016877,-0.05296779583464437,0.019694416158001958,377,304,assay_envelope
0.5,all_determinate,native__gnina,absolute,0.6171693297360324,0.5862861902241856,0.6461028409969515,377,304,assay_envelope
0.5,all_determinate,native__gnina,minus_chemistry,-0.07703065635356009,-0.11805580815473203,-0.035886665763605836,377,304,assay_envelope
0.5,all_determinate,native__nesso_affinity,absolute,0.5553065569079979,0.5239468711674758,0.5873403599707645,377,304,assay_envelope
0.5,all_determinate,native__nesso_affinity,minus_chemistry,-0.13889342918159464,-0.18829455776733114,-0.09069283307586716,377,304,assay_envelope
0.5,all_determinate,native__nesso_binary,absolute,0.6241108114447099,0.593385204889019,0.6554237241585208,377,304,assay_envelope
0.5,all_determinate,native__nesso_binary,minus_chemistry,-0.07008917464488261,-0.11512582164790348,-0.023346857776809254,377,304,assay_envelope
0.5,all_determinate,native__raw_ad4,absolute,0.5446264237695985,0.5160774822474097,0.5750154741205658,377,304,assay_envelope
0.5,all_determinate,native__raw_ad4,minus_chemistry,-0.149573562319994,-0.1963843695407405,-0.1038938737498909,377,304,assay_envelope
0.5,all_determinate,native__raw_gnina_own,absolute,0.631072966096694,0.6019453595650982,0.6599396851787804,377,304,assay_envelope
0.5,all_determinate,native__raw_gnina_own,minus_chemistry,-0.06312701999289841,-0.1033830668078491,-0.023385378146285538,377,304,assay_envelope
0.5,all_determinate,native__vina,absolute,0.5814841965842665,0.5502655030291546,0.6131411730805502,377,304,assay_envelope
0.5,all_determinate,native__vina,minus_chemistry,-0.11271578950532594,-0.16016888415280497,-0.06781167634340371,377,304,assay_envelope
0.5,all_determinate,plus__boltz_affinity,absolute,0.714526713391386,0.6809130949291914,0.747271329431194,377,304,assay_envelope
0.5,all_determinate,plus__boltz_affinity,minus_chemistry,0.020326727301793503,-0.01615533917620671,0.052780841987016734,377,304,assay_envelope
0.5,all_determinate,plus__boltz_binary,absolute,0.7199029458782096,0.6928796297033569,0.748365305841877,377,304,assay_envelope
0.5,all_determinate,plus__boltz_binary,minus_chemistry,0.025702959788617114,-0.0026994340886209354,0.05710372771381704,377,304,assay_envelope
0.5,all_determinate,plus__boltzina_vina_far_affinity,absolute,0.7058895099683788,0.6718171297775195,0.7406487882049853,377,304,assay_envelope
0.5,all_determinate,plus__boltzina_vina_far_affinity,minus_chemistry,0.01168952387878635,-0.025051300510912977,0.04643741490532219,377,304,assay_envelope
0.5,all_determinate,plus__boltzina_vina_far_binary,absolute,0.7132241696732267,0.6854304755258636,0.7427898862936075,377,304,assay_envelope
0.5,all_determinate,plus__boltzina_vina_far_binary,minus_chemistry,0.01902418358363423,-0.008302777592205962,0.05170569464001263,377,304,assay_envelope
0.5,all_determinate,plus__boltzina_vina_zero_affinity,absolute,0.7058895099683788,0.6718171297775195,0.7406487882049853,377,304,assay_envelope
0.5,all_determinate,plus__boltzina_vina_zero_affinity,minus_chemistry,0.01168952387878635,-0.025051300510912977,0.04643741490532219,377,304,assay_envelope
0.5,all_determinate,plus__boltzina_vina_zero_binary,absolute,0.7132241696732267,0.6854304755258636,0.7427898862936075,377,304,assay_envelope
0.5,all_determinate,plus__boltzina_vina_zero_binary,minus_chemistry,0.01902418358363423,-0.008302777592205962,0.05170569464001263,377,304,assay_envelope
0.5,all_determinate,plus__gnina,absolute,0.7056442591403221,0.6714456634355763,0.7371316978311568,377,304,assay_envelope
0.5,all_determinate,plus__gnina,minus_chemistry,0.011444273050729745,-0.021424704060460147,0.041644629950669386,377,304,assay_envelope
0.5,all_determinate,plus__nesso_affinity,absolute,0.7218289801663016,0.6894354660628865,0.7537624122523051,377,304,assay_envelope
0.5,all_determinate,plus__nesso_affinity,minus_chemistry,0.02762899407670918,-0.007688282089270421,0.06078083755459224,377,304,assay_envelope
0.5,all_determinate,plus__nesso_binary,absolute,0.716532160054104,0.6850914405386958,0.7474505771045764,377,304,assay_envelope
0.5,all_determinate,plus__nesso_binary,minus_chemistry,0.022332173964511662,-0.01310178189318463,0.06063132301220007,377,304,assay_envelope
0.5,all_determinate,plus__raw_ad4,absolute,0.7137807674142342,0.6849100599168239,0.7439931411007363,377,304,assay_envelope
0.5,all_determinate,plus__raw_ad4,minus_chemistry,0.01958078132464175,0.003844757386471755,0.0376747946946741,377,304,assay_envelope
0.5,all_determinate,plus__raw_gnina_own,absolute,0.7110106159716794,0.6801012030468416,0.7416115131588339,377,304,assay_envelope
0.5,all_determinate,plus__raw_gnina_own,minus_chemistry,0.016810629882087022,-0.012645295061201104,0.04608419550011629,377,304,assay_envelope
0.5,all_determinate,plus__vina,absolute,0.7189698468183514,0.6906480931070138,0.7479220167652786,377,304,assay_envelope
0.5,all_determinate,plus__vina,minus_chemistry,0.02476986072875895,0.003640537022006281,0.04903445171366853,377,304,assay_envelope
0.5,all_determinate,target_prior,absolute,0.6009198211648693,0.5628095495381868,0.6387591546546125,377,304,assay_envelope
0.5,all_determinate,target_prior,minus_chemistry,-0.09328016492472317,-0.13268439521706563,-0.05677636752468267,377,304,assay_envelope
0.5,both_exact,availability__boltz_affinity,absolute,0.6245626140467411,0.580345986940327,0.6685119567735965,252,207,assay_envelope
0.5,both_exact,availability__boltz_affinity,minus_chemistry,0.0,0.0,0.0,252,207,assay_envelope
0.5,both_exact,availability__boltz_binary,absolute,0.6245626140467411,0.580345986940327,0.6685119567735965,252,207,assay_envelope
0.5,both_exact,availability__boltz_binary,minus_chemistry,0.0,0.0,0.0,252,207,assay_envelope
0.5,both_exact,availability__boltzina_vina_far_affinity,absolute,0.6278694923536193,0.5838789072069739,0.6707467729958605,252,207,assay_envelope
0.5,both_exact,availability__boltzina_vina_far_affinity,minus_chemistry,0.003306878306878307,-0.0017921146953405014,0.012762842629863906,252,207,assay_envelope
0.5,both_exact,availability__boltzina_vina_far_binary,absolute,0.6278694923536193,0.5838789072069739,0.6707467729958605,252,207,assay_envelope
0.5,both_exact,availability__boltzina_vina_far_binary,minus_chemistry,0.003306878306878307,-0.0017921146953405014,0.012762842629863906,252,207,assay_envelope
0.5,both_exact,availability__boltzina_vina_zero_affinity,absolute,0.6278694923536193,0.5838789072069739,0.6707467729958605,252,207,assay_envelope
0.5,both_exact,availability__boltzina_vina_zero_affinity,minus_chemistry,0.003306878306878307,-0.0017921146953405014,0.012762842629863906,252,207,assay_envelope
0.5,both_exact,availability__boltzina_vina_zero_binary,absolute,0.6278694923536193,0.5838789072069739,0.6707467729958605,252,207,assay_envelope
0.5,both_exact,availability__boltzina_vina_zero_binary,minus_chemistry,0.003306878306878307,-0.0017921146953405014,0.012762842629863906,252,207,assay_envelope
0.5,both_exact,availability__gnina,absolute,0.6239012383853654,0.5796633737205388,0.6680283454838952,252,207,assay_envelope
0.5,both_exact,availability__gnina,minus_chemistry,-0.0006613756613756612,-0.002127886888525186,0.0,252,207,assay_envelope
0.5,both_exact,availability__nesso_affinity,absolute,0.6239012383853654,0.5796633737205388,0.6680283454838952,252,207,assay_envelope
0.5,both_exact,availability__nesso_affinity,minus_chemistry,-0.0006613756613756612,-0.002127886888525186,0.0,252,207,assay_envelope
0.5,both_exact,availability__nesso_binary,absolute,0.6239012383853654,0.5796633737205388,0.6680283454838952,252,207,assay_envelope
0.5,both_exact,availability__nesso_binary,minus_chemistry,-0.0006613756613756612,-0.002127886888525186,0.0,252,207,assay_envelope
0.5,both_exact,availability__raw_ad4,absolute,0.6239012383853654,0.5796633737205388,0.6680283454838952,252,207,assay_envelope
0.5,both_exact,availability__raw_ad4,minus_chemistry,-0.0006613756613756612,-0.002127886888525186,0.0,252,207,assay_envelope
0.5,both_exact,availability__raw_gnina_own,absolute,0.6239012383853654,0.5796633737205388,0.6680283454838952,252,207,assay_envelope
0.5,both_exact,availability__raw_gnina_own,minus_chemistry,-0.0006613756613756612,-0.002127886888525186,0.0,252,207,assay_envelope
0.5,both_exact,availability__vina,absolute,0.6239012383853654,0.5796633737205388,0.6680283454838952,252,207,assay_envelope
0.5,both_exact,availability__vina,minus_chemistry,-0.0006613756613756612,-0.002127886888525186,0.0,252,207,assay_envelope
0.5,both_exact,calibrated__boltz_affinity,absolute,0.6117341212579309,0.5670734953846548,0.6578666280314668,252,207,assay_envelope
0.5,both_exact,calibrated__boltz_affinity,minus_chemistry,-0.012828492788810252,-0.06997189751962309,0.04396714434316054,252,207,assay_envelope
0.5,both_exact,calibrated__boltz_binary,absolute,0.5959998702062194,0.5495477569066858,0.638329633587359,252,207,assay_envelope
0.5,both_exact,calibrated__boltz_binary,minus_chemistry,-0.02856274384052162,-0.08111375778456326,0.020668323167578672,252,207,assay_envelope
0.5,both_exact,calibrated__boltzina_vina_far_affinity,absolute,0.6282668903700649,0.5850773411164357,0.6741422832525874,252,207,assay_envelope
0.5,both_exact,calibrated__boltzina_vina_far_affinity,minus_chemistry,0.0037042763233239473,-0.054419949628407495,0.06190035782015265,252,207,assay_envelope
0.5,both_exact,calibrated__boltzina_vina_far_binary,absolute,0.6052995945853089,0.56196273360618,0.6489022302102659,252,207,assay_envelope
0.5,both_exact,calibrated__boltzina_vina_far_binary,minus_chemistry,-0.01926301946143216,-0.06990449336987233,0.02860721750516435,252,207,assay_envelope
0.5,both_exact,calibrated__boltzina_vina_zero_affinity,absolute,0.6282668903700649,0.5850773411164357,0.6741422832525874,252,207,assay_envelope
0.5,both_exact,calibrated__boltzina_vina_zero_affinity,minus_chemistry,0.0037042763233239473,-0.054419949628407495,0.06190035782015265,252,207,assay_envelope
0.5,both_exact,calibrated__boltzina_vina_zero_binary,absolute,0.6052995945853089,0.56196273360618,0.6489022302102659,252,207,assay_envelope
0.5,both_exact,calibrated__boltzina_vina_zero_binary,minus_chemistry,-0.01926301946143216,-0.06990449336987233,0.02860721750516435,252,207,assay_envelope
0.5,both_exact,calibrated__gnina,absolute,0.5993049352176335,0.552092733135706,0.64196774911368,252,207,assay_envelope
0.5,both_exact,calibrated__gnina,minus_chemistry,-0.025257678829107406,-0.07456788533365585,0.020791562281595007,252,207,assay_envelope
0.5,both_exact,calibrated__nesso_affinity,absolute,0.6076700489398902,0.5603484728373691,0.6521055810839435,252,207,assay_envelope
0.5,both_exact,calibrated__nesso_affinity,minus_chemistry,-0.016892565106850818,-0.07379325264483678,0.040174735105874715,252,207,assay_envelope
0.5,both_exact,calibrated__nesso_binary,absolute,0.609161245867595,0.562895085605462,0.6565814897754538,252,207,assay_envelope
0.5,both_exact,calibrated__nesso_binary,minus_chemistry,-0.015401368179145964,-0.07273379841061489,0.03905198832123692,252,207,assay_envelope
0.5,both_exact,calibrated__raw_ad4,absolute,0.6143115776052284,0.5709650192958525,0.6586204525233418,252,207,assay_envelope
0.5,both_exact,calibrated__raw_ad4,minus_chemistry,-0.010251036441512632,-0.05857604432604432,0.0365497512453215,252,207,assay_envelope
0.5,both_exact,calibrated__raw_gnina_own,absolute,0.5862124647838933,0.543325038756391,0.6302178974448951,252,207,assay_envelope
0.5,both_exact,calibrated__raw_gnina_own,minus_chemistry,-0.038350149262847674,-0.08491189768442209,0.006201102663287522,252,207,assay_envelope
0.5,both_exact,calibrated__vina,absolute,0.5973058246867771,0.5511978483136898,0.6446120564703153,252,207,assay_envelope
0.5,both_exact,calibrated__vina,minus_chemistry,-0.027256789359963965,-0.07688391169806845,0.022096072870825087,252,207,assay_envelope
0.5,both_exact,chemistry,absolute,0.6245626140467411,0.580345986940327,0.6685119567735965,252,207,assay_envelope
0.5,both_exact,chemistry,minus_chemistry,0.0,0.0,0.0,252,207,assay_envelope
0.5,both_exact,native__boltz_affinity,absolute,0.5909877306702703,0.5476089701645046,0.6380931652900905,252,207,assay_envelope
0.5,both_exact,native__boltz_affinity,minus_chemistry,-0.03357488337647069,-0.09633972786660143,0.02762765570243245,252,207,assay_envelope
0.5,both_exact,native__boltz_binary,absolute,0.611235369568703,0.5677186395872713,0.6519065665539917,252,207,assay_envelope
0.5,both_exact,native__boltz_binary,minus_chemistry,-0.013327244478038125,-0.06374472328493175,0.03366365479437996,252,207,assay_envelope
0.5,both_exact,native__boltzina_vina_far_affinity,absolute,0.5729262580453057,0.5313814794133261,0.6147731265479617,252,207,assay_envelope
0.5,both_exact,native__boltzina_vina_far_affinity,minus_chemistry,-0.05163635600143536,-0.11209535067143872,0.008621214630779772,252,207,assay_envelope
0.5,both_exact,native__boltzina_vina_far_binary,absolute,0.629418714736175,0.5858151918934622,0.6689906683868548,252,207,assay_envelope
0.5,both_exact,native__boltzina_vina_far_binary,minus_chemistry,0.004856100689434027,-0.04630186411188093,0.05189483560786652,252,207,assay_envelope
0.5,both_exact,native__boltzina_vina_zero_affinity,absolute,0.5729262580453057,0.5313814794133261,0.6147731265479617,252,207,assay_envelope
0.5,both_exact,native__boltzina_vina_zero_affinity,minus_chemistry,-0.05163635600143536,-0.11209535067143872,0.008621214630779772,252,207,assay_envelope
0.5,both_exact,native__boltzina_vina_zero_binary,absolute,0.629418714736175,0.5858151918934622,0.6689906683868548,252,207,assay_envelope
0.5,both_exact,native__boltzina_vina_zero_binary,minus_chemistry,0.004856100689434027,-0.04630186411188093,0.05189483560786652,252,207,assay_envelope
0.5,both_exact,native__gnina,absolute,0.5852580033135589,0.543589343137096,0.6278443870712566,252,207,assay_envelope
0.5,both_exact,native__gnina,minus_chemistry,-0.03930461073318217,-0.09513354710869476,0.016915036414402538,252,207,assay_envelope
0.5,both_exact,native__nesso_affinity,absolute,0.5430473480076655,0.49979602068099954,0.5867918941150679,252,207,assay_envelope
0.5,both_exact,native__nesso_affinity,minus_chemistry,-0.08151526603907558,-0.14915591142997037,-0.01475486768358019,252,207,assay_envelope
0.5,both_exact,native__nesso_binary,absolute,0.5981290608274736,0.5525816450210328,0.6421616814163935,252,207,assay_envelope
0.5,both_exact,native__nesso_binary,minus_chemistry,-0.026433553219267502,-0.08344216375695249,0.02908873756787151,252,207,assay_envelope
0.5,both_exact,native__raw_ad4,absolute,0.5171640822434473,0.4741788443736557,0.5580181349365044,252,207,assay_envelope
0.5,both_exact,native__raw_ad4,minus_chemistry,-0.10739853180329371,-0.16945914436804135,-0.04698686787081194,252,207,assay_envelope
0.5,both_exact,native__raw_gnina_own,absolute,0.6043293860754178,0.5638375075706703,0.6440255086338199,252,207,assay_envelope
0.5,both_exact,native__raw_gnina_own,minus_chemistry,-0.020233227971323216,-0.07628995057365844,0.038237139352982286,252,207,assay_envelope
0.5,both_exact,native__vina,absolute,0.5085217729066936,0.46572104340221426,0.5549446245967008,252,207,assay_envelope
0.5,both_exact,native__vina,minus_chemistry,-0.1160408411400475,-0.17949022946648663,-0.05280877895156845,252,207,assay_envelope
0.5,both_exact,plus__boltz_affinity,absolute,0.6565424654710368,0.6109680413794013,0.701745461646197,252,207,assay_envelope
0.5,both_exact,plus__boltz_affinity,minus_chemistry,0.03197985142429587,-0.010073244229917042,0.07186509182804221,252,207,assay_envelope
0.5,both_exact,plus__boltz_binary,absolute,0.6138810630874123,0.5671269614108361,0.6610836504632324,252,207,assay_envelope
0.5,both_exact,plus__boltz_binary,minus_chemistry,-0.010681550959328738,-0.05508659566520211,0.03253172234867593,252,207,assay_envelope
0.5,both_exact,plus__boltzina_vina_far_affinity,absolute,0.6635215534025056,0.6195386309920125,0.7054734992464379,252,207,assay_envelope
0.5,both_exact,plus__boltzina_vina_far_affinity,minus_chemistry,0.03895893935576475,-0.002716703640276175,0.07874809389677989,252,207,assay_envelope
0.5,both_exact,plus__boltzina_vina_far_binary,absolute,0.6351696290188353,0.5902232353023642,0.682013196143631,252,207,assay_envelope
0.5,both_exact,plus__boltzina_vina_far_binary,minus_chemistry,0.010607014972094337,-0.029678642947062524,0.0514257031675064,252,207,assay_envelope
0.5,both_exact,plus__boltzina_vina_zero_affinity,absolute,0.6635215534025056,0.6195386309920125,0.7054734992464379,252,207,assay_envelope
0.5,both_exact,plus__boltzina_vina_zero_affinity,minus_chemistry,0.03895893935576475,-0.002716703640276175,0.07874809389677989,252,207,assay_envelope
0.5,both_exact,plus__boltzina_vina_zero_binary,absolute,0.6351696290188353,0.5902232353023642,0.682013196143631,252,207,assay_envelope
0.5,both_exact,plus__boltzina_vina_zero_binary,minus_chemistry,0.010607014972094337,-0.029678642947062524,0.0514257031675064,252,207,assay_envelope
0.5,both_exact,plus__gnina,absolute,0.6241299999236507,0.5791167214012041,0.669089650368871,252,207,assay_envelope
0.5,both_exact,plus__gnina,minus_chemistry,-0.0004326141230903144,-0.03805798105238946,0.035721154674482364,252,207,assay_envelope
0.5,both_exact,plus__nesso_affinity,absolute,0.654024561564244,0.6089664780070018,0.6955611801063322,252,207,assay_envelope
0.5,both_exact,plus__nesso_affinity,minus_chemistry,0.029461947517503077,-0.011057870499011873,0.06992382898655759,252,207,assay_envelope
0.5,both_exact,plus__nesso_binary,absolute,0.6381619482809958,0.5936924394731028,0.6803289453627667,252,207,assay_envelope
0.5,both_exact,plus__nesso_binary,minus_chemistry,0.013599334234254868,-0.03491912399149133,0.059286992076261966,252,207,assay_envelope
0.5,both_exact,plus__raw_ad4,absolute,0.6489946708200677,0.6059491197921834,0.6906079784748264,252,207,assay_envelope
0.5,both_exact,plus__raw_ad4,minus_chemistry,0.024432056773326615,0.0051325399192207535,0.04535760375943264,252,207,assay_envelope
0.5,both_exact,plus__raw_gnina_own,absolute,0.6183331806347679,0.5732392299541944,0.6632078339942035,252,207,assay_envelope
0.5,both_exact,plus__raw_gnina_own,minus_chemistry,-0.006229433411973095,-0.036150848716443175,0.020662278534927834,252,207,assay_envelope
0.5,both_exact,plus__vina,absolute,0.6472467494292891,0.6046158824257329,0.6870397619906549,252,207,assay_envelope
0.5,both_exact,plus__vina,minus_chemistry,0.022684135382548078,4.0255177309682975e-05,0.04613984040120403,252,207,assay_envelope
0.5,both_exact,target_prior,absolute,0.5907362552203822,0.5459793148970639,0.6355593703434613,252,207,assay_envelope
0.5,both_exact,target_prior,minus_chemistry,-0.033826358826358836,-0.08430373786346569,0.018329302648280237,252,207,assay_envelope
1.0,all_determinate,availability__boltz_affinity,absolute,0.7168285559271335,0.6883404358623649,0.7456112728867432,377,304,assay_envelope
1.0,all_determinate,availability__boltz_affinity,minus_chemistry,0.0005305039787798409,0.0,0.0016855119480930524,377,304,assay_envelope
1.0,all_determinate,availability__boltz_binary,absolute,0.7168285559271335,0.6883404358623649,0.7456112728867432,377,304,assay_envelope
1.0,all_determinate,availability__boltz_binary,minus_chemistry,0.0005305039787798409,0.0,0.0016855119480930524,377,304,assay_envelope
1.0,all_determinate,availability__boltzina_vina_far_affinity,absolute,0.7184057638430836,0.69029874385717,0.7468821909046154,377,304,assay_envelope
1.0,all_determinate,availability__boltzina_vina_far_affinity,minus_chemistry,0.00210771189473015,-0.0007094235073779296,0.005811493915730597,377,304,assay_envelope
1.0,all_determinate,availability__boltzina_vina_far_binary,absolute,0.7184057638430836,0.69029874385717,0.7468821909046154,377,304,assay_envelope
1.0,all_determinate,availability__boltzina_vina_far_binary,minus_chemistry,0.00210771189473015,-0.0007094235073779296,0.005811493915730597,377,304,assay_envelope
1.0,all_determinate,availability__boltzina_vina_zero_affinity,absolute,0.7184057638430836,0.69029874385717,0.7468821909046154,377,304,assay_envelope
1.0,all_determinate,availability__boltzina_vina_zero_affinity,minus_chemistry,0.00210771189473015,-0.0007094235073779296,0.005811493915730597,377,304,assay_envelope
1.0,all_determinate,availability__boltzina_vina_zero_binary,absolute,0.7184057638430836,0.69029874385717,0.7468821909046154,377,304,assay_envelope
1.0,all_determinate,availability__boltzina_vina_zero_binary,minus_chemistry,0.00210771189473015,-0.0007094235073779296,0.005811493915730597,377,304,assay_envelope
1.0,all_determinate,availability__gnina,absolute,0.7178129520433753,0.6891648041997216,0.7463212483699349,377,304,assay_envelope
1.0,all_determinate,availability__gnina,minus_chemistry,0.0015149000950217986,-0.0006818982250353518,0.004862000645165468,377,304,assay_envelope
1.0,all_determinate,availability__nesso_affinity,absolute,0.7178129520433753,0.6891648041997216,0.7463212483699349,377,304,assay_envelope
1.0,all_determinate,availability__nesso_affinity,minus_chemistry,0.0015149000950217986,-0.0006818982250353518,0.004862000645165468,377,304,assay_envelope
1.0,all_determinate,availability__nesso_binary,absolute,0.7178129520433753,0.6891648041997216,0.7463212483699349,377,304,assay_envelope
1.0,all_determinate,availability__nesso_binary,minus_chemistry,0.0015149000950217986,-0.0006818982250353518,0.004862000645165468,377,304,assay_envelope
1.0,all_determinate,availability__raw_ad4,absolute,0.7178129520433753,0.6891648041997216,0.7463212483699349,377,304,assay_envelope
1.0,all_determinate,availability__raw_ad4,minus_chemistry,0.0015149000950217986,-0.0006818982250353518,0.004862000645165468,377,304,assay_envelope
1.0,all_determinate,availability__raw_gnina_own,absolute,0.7178129520433753,0.6891648041997216,0.7463212483699349,377,304,assay_envelope
1.0,all_determinate,availability__raw_gnina_own,minus_chemistry,0.0015149000950217986,-0.0006818982250353518,0.004862000645165468,377,304,assay_envelope
1.0,all_determinate,availability__vina,absolute,0.7178129520433753,0.6891648041997216,0.7463212483699349,377,304,assay_envelope
1.0,all_determinate,availability__vina,minus_chemistry,0.0015149000950217986,-0.0006818982250353518,0.004862000645165468,377,304,assay_envelope
1.0,all_determinate,calibrated__boltz_affinity,absolute,0.6611814931714242,0.6284168241347529,0.6940816943830124,377,304,assay_envelope
1.0,all_determinate,calibrated__boltz_affinity,minus_chemistry,-0.055116558776929336,-0.09131452976954707,-0.022054887935365097,377,304,assay_envelope
1.0,all_determinate,calibrated__boltz_binary,absolute,0.657930163523113,0.6318101997809257,0.6851075202085314,377,304,assay_envelope
1.0,all_determinate,calibrated__boltz_binary,minus_chemistry,-0.05836788842524041,-0.08899673975934842,-0.02814842662488896,377,304,assay_envelope
1.0,all_determinate,calibrated__boltzina_vina_far_affinity,absolute,0.6623398165130931,0.6294684500492211,0.6924618359364018,377,304,assay_envelope
1.0,all_determinate,calibrated__boltzina_vina_far_affinity,minus_chemistry,-0.0539582354352603,-0.09053553643109817,-0.01999977266485964,377,304,assay_envelope
1.0,all_determinate,calibrated__boltzina_vina_far_binary,absolute,0.673479713843093,0.6467830100504554,0.7025476729638291,377,304,assay_envelope
1.0,all_determinate,calibrated__boltzina_vina_far_binary,minus_chemistry,-0.04281833810526049,-0.07208371793329141,-0.012485154122062248,377,304,assay_envelope
1.0,all_determinate,calibrated__boltzina_vina_zero_affinity,absolute,0.6623398165130931,0.6294684500492211,0.6924618359364018,377,304,assay_envelope
1.0,all_determinate,calibrated__boltzina_vina_zero_affinity,minus_chemistry,-0.0539582354352603,-0.09053553643109817,-0.01999977266485964,377,304,assay_envelope
1.0,all_determinate,calibrated__boltzina_vina_zero_binary,absolute,0.673479713843093,0.6467830100504554,0.7025476729638291,377,304,assay_envelope
1.0,all_determinate,calibrated__boltzina_vina_zero_binary,minus_chemistry,-0.04281833810526049,-0.07208371793329141,-0.012485154122062248,377,304,assay_envelope
1.0,all_determinate,calibrated__gnina,absolute,0.6434062075639132,0.6096013140139228,0.6762160430006379,377,304,assay_envelope
1.0,all_determinate,calibrated__gnina,minus_chemistry,-0.07289184438444019,-0.11049298553204227,-0.03905023826282008,377,304,assay_envelope
1.0,all_determinate,calibrated__nesso_affinity,absolute,0.6711662517667918,0.6385648375914056,0.7033637670281685,377,304,assay_envelope
1.0,all_determinate,calibrated__nesso_affinity,minus_chemistry,-0.04513180018156161,-0.08360018528714191,-0.010262064107199658,377,304,assay_envelope
1.0,all_determinate,calibrated__nesso_binary,absolute,0.6769223003546141,0.64493762600095,0.7071676789175093,377,304,assay_envelope
1.0,all_determinate,calibrated__nesso_binary,minus_chemistry,-0.039375751593739385,-0.07481344173902965,-0.005676601575721447,377,304,assay_envelope
1.0,all_determinate,calibrated__raw_ad4,absolute,0.6096545924192855,0.5736246881805919,0.644465492357075,377,304,assay_envelope
1.0,all_determinate,calibrated__raw_ad4,minus_chemistry,-0.10664345952906787,-0.14296713427975902,-0.07192870982969032,377,304,assay_envelope
1.0,all_determinate,calibrated__raw_gnina_own,absolute,0.6510741897825023,0.6195507306925119,0.6827074685601856,377,304,assay_envelope
1.0,all_determinate,calibrated__raw_gnina_own,minus_chemistry,-0.06522386216585112,-0.09982521195499512,-0.030608387069429185,377,304,assay_envelope
1.0,all_determinate,calibrated__vina,absolute,0.6089303767363762,0.5758785892557435,0.6416109166473474,377,304,assay_envelope
1.0,all_determinate,calibrated__vina,minus_chemistry,-0.1073676752119773,-0.1420950396732883,-0.07343877363923294,377,304,assay_envelope
1.0,all_determinate,chemistry,absolute,0.7162980519483535,0.68735703491646,0.7455454305206038,377,304,assay_envelope
1.0,all_determinate,chemistry,minus_chemistry,0.0,0.0,0.0,377,304,assay_envelope
1.0,all_determinate,native__boltz_affinity,absolute,0.5657790968737226,0.534757509557003,0.5996051888092291,377,304,assay_envelope
1.0,all_determinate,native__boltz_affinity,minus_chemistry,-0.15051895507463078,-0.18639069425631707,-0.11524720703937748,377,304,assay_envelope
1.0,all_determinate,native__boltz_binary,absolute,0.6687217269754823,0.6400707217460658,0.6966266209937962,377,304,assay_envelope
1.0,all_determinate,native__boltz_binary,minus_chemistry,-0.04757632497287122,-0.07902567397884677,-0.016759506739725635,377,304,assay_envelope
1.0,all_determinate,native__boltzina_vina_far_affinity,absolute,0.5679041420989718,0.5340366787635001,0.6003409935332069,377,304,assay_envelope
1.0,all_determinate,native__boltzina_vina_far_affinity,minus_chemistry,-0.1483939098493816,-0.18721821668084657,-0.11063406247495136,377,304,assay_envelope
1.0,all_determinate,native__boltzina_vina_far_binary,absolute,0.6768577604394237,0.648599780736564,0.7059848503436298,377,304,assay_envelope
1.0,all_determinate,native__boltzina_vina_far_binary,minus_chemistry,-0.03944029150892977,-0.06983950477586912,-0.009494524439076309,377,304,assay_envelope
1.0,all_determinate,native__boltzina_vina_zero_affinity,absolute,0.5679041420989718,0.5340366787635001,0.6003409935332069,377,304,assay_envelope
1.0,all_determinate,native__boltzina_vina_zero_affinity,minus_chemistry,-0.1483939098493816,-0.18721821668084657,-0.11063406247495136,377,304,assay_envelope
1.0,all_determinate,native__boltzina_vina_zero_binary,absolute,0.6768577604394237,0.648599780736564,0.7059848503436298,377,304,assay_envelope
1.0,all_determinate,native__boltzina_vina_zero_binary,minus_chemistry,-0.03944029150892977,-0.06983950477586912,-0.009494524439076309,377,304,assay_envelope
1.0,all_determinate,native__gnina,absolute,0.6171693297360324,0.5862861902241856,0.6461028409969515,377,304,assay_envelope
1.0,all_determinate,native__gnina,minus_chemistry,-0.09912872221232108,-0.13365124519554586,-0.06810797742378989,377,304,assay_envelope
1.0,all_determinate,native__nesso_affinity,absolute,0.5553065569079979,0.5239468711674758,0.5873403599707645,377,304,assay_envelope
1.0,all_determinate,native__nesso_affinity,minus_chemistry,-0.16099149504035565,-0.20306167313250467,-0.12007480224170504,377,304,assay_envelope
1.0,all_determinate,native__nesso_binary,absolute,0.6241108114447099,0.593385204889019,0.6554237241585208,377,304,assay_envelope
1.0,all_determinate,native__nesso_binary,minus_chemistry,-0.0921872405036436,-0.13032941658353284,-0.05411972690279156,377,304,assay_envelope
1.0,all_determinate,native__raw_ad4,absolute,0.5446264237695985,0.5160774822474097,0.5750154741205658,377,304,assay_envelope
1.0,all_determinate,native__raw_ad4,minus_chemistry,-0.171671628178755,-0.21168361947800318,-0.13332872556203218,377,304,assay_envelope
1.0,all_determinate,native__raw_gnina_own,absolute,0.631072966096694,0.6019453595650982,0.6599396851787804,377,304,assay_envelope
1.0,all_determinate,native__raw_gnina_own,minus_chemistry,-0.08522508585165942,-0.12191387689126537,-0.04949774662916347,377,304,assay_envelope
1.0,all_determinate,native__vina,absolute,0.5814841965842665,0.5502655030291546,0.6131411730805502,377,304,assay_envelope
1.0,all_determinate,native__vina,minus_chemistry,-0.1348138553640869,-0.1773939501753827,-0.09304963544955366,377,304,assay_envelope
1.0,all_determinate,plus__boltz_affinity,absolute,0.7180976708290507,0.6851092524428396,0.7506033029917073,377,304,assay_envelope
1.0,all_determinate,plus__boltz_affinity,minus_chemistry,0.0017996188806973304,-0.02768030448476119,0.027850068005813997,377,304,assay_envelope
1.0,all_determinate,plus__boltz_binary,absolute,0.7235474960355741,0.6964881656146379,0.7516035586330143,377,304,assay_envelope
1.0,all_determinate,plus__boltz_binary,minus_chemistry,0.0072494440872206065,-0.01385774297060684,0.028713209621106486,377,304,assay_envelope
1.0,all_determinate,plus__boltzina_vina_far_affinity,absolute,0.7184962327205482,0.684525030696588,0.7522247206137024,377,304,assay_envelope
1.0,all_determinate,plus__boltzina_vina_far_affinity,minus_chemistry,0.002198180772194706,-0.026982828726435693,0.02922997820765301,377,304,assay_envelope
1.0,all_determinate,plus__boltzina_vina_far_binary,absolute,0.7142469727637364,0.6862480566388718,0.7451672489347241,377,304,assay_envelope
1.0,all_determinate,plus__boltzina_vina_far_binary,minus_chemistry,-0.002051079184617086,-0.024183559402676077,0.019483677763087365,377,304,assay_envelope
1.0,all_determinate,plus__boltzina_vina_zero_affinity,absolute,0.7184962327205482,0.684525030696588,0.7522247206137024,377,304,assay_envelope
1.0,all_determinate,plus__boltzina_vina_zero_affinity,minus_chemistry,0.002198180772194706,-0.026982828726435693,0.02922997820765301,377,304,assay_envelope
1.0,all_determinate,plus__boltzina_vina_zero_binary,absolute,0.7142469727637364,0.6862480566388718,0.7451672489347241,377,304,assay_envelope
1.0,all_determinate,plus__boltzina_vina_zero_binary,minus_chemistry,-0.002051079184617086,-0.024183559402676077,0.019483677763087365,377,304,assay_envelope
1.0,all_determinate,plus__gnina,absolute,0.7144367812777037,0.6841888749347368,0.7435314073370444,377,304,assay_envelope
1.0,all_determinate,plus__gnina,minus_chemistry,-0.0018612706706496373,-0.019611180493149902,0.014295635637552529,377,304,assay_envelope
1.0,all_determinate,plus__nesso_affinity,absolute,0.7265781795435357,0.694819666567257,0.7582587150769639,377,304,assay_envelope
1.0,all_determinate,plus__nesso_affinity,minus_chemistry,0.010280127595182247,-0.017464881127334218,0.03654520129931219,377,304,assay_envelope
1.0,all_determinate,plus__nesso_binary,absolute,0.7202640026156838,0.6868255693570289,0.7535792902843259,377,304,assay_envelope
1.0,all_determinate,plus__nesso_binary,minus_chemistry,0.003965950667330303,-0.028014053138469067,0.03162990006172795,377,304,assay_envelope
1.0,all_determinate,plus__raw_ad4,absolute,0.7177984395308132,0.6895198424225345,0.7457128854655046,377,304,assay_envelope
1.0,all_determinate,plus__raw_ad4,minus_chemistry,0.0015003875824596692,-0.001753745680970151,0.005292811576583587,377,304,assay_envelope
1.0,all_determinate,plus__raw_gnina_own,absolute,0.7237595702983733,0.693644450663268,0.7528717485061093,377,304,assay_envelope
1.0,all_determinate,plus__raw_gnina_own,minus_chemistry,0.007461518350019875,-0.01378237247884144,0.02666775527311847,377,304,assay_envelope
1.0,all_determinate,plus__vina,absolute,0.7250825523261146,0.6968519263784725,0.7526882986800111,377,304,assay_envelope
1.0,all_determinate,plus__vina,minus_chemistry,0.008784500377761077,-0.004095813503661653,0.02223480384401588,377,304,assay_envelope
1.0,all_determinate,target_prior,absolute,0.5980369754905411,0.5634324826671643,0.6333505437777573,377,304,assay_envelope
1.0,all_determinate,target_prior,minus_chemistry,-0.11826107645781232,-0.1557679450083215,-0.08256582647498295,377,304,assay_envelope
1.0,both_exact,availability__boltz_affinity,absolute,0.6389709643677898,0.5956956868219676,0.6820165688368068,252,207,assay_envelope
1.0,both_exact,availability__boltz_affinity,minus_chemistry,0.0,0.0,0.0,252,207,assay_envelope
1.0,both_exact,availability__boltz_binary,absolute,0.6389709643677898,0.5956956868219676,0.6820165688368068,252,207,assay_envelope
1.0,both_exact,availability__boltz_binary,minus_chemistry,0.0,0.0,0.0,252,207,assay_envelope
1.0,both_exact,availability__boltzina_vina_far_affinity,absolute,0.6451784473609872,0.6037122200975463,0.6866248854265181,252,207,assay_envelope
1.0,both_exact,availability__boltzina_vina_far_affinity,minus_chemistry,0.006207482993197278,-0.0007093720512586377,0.01640553102933262,252,207,assay_envelope
1.0,both_exact,availability__boltzina_vina_far_binary,absolute,0.6451784473609872,0.6037122200975463,0.6866248854265181,252,207,assay_envelope
1.0,both_exact,availability__boltzina_vina_far_binary,minus_chemistry,0.006207482993197278,-0.0007093720512586377,0.01640553102933262,252,207,assay_envelope
1.0,both_exact,availability__boltzina_vina_zero_affinity,absolute,0.6451784473609872,0.6037122200975463,0.6866248854265181,252,207,assay_envelope
1.0,both_exact,availability__boltzina_vina_zero_affinity,minus_chemistry,0.006207482993197278,-0.0007093720512586377,0.01640553102933262,252,207,assay_envelope
1.0,both_exact,availability__boltzina_vina_zero_binary,absolute,0.6451784473609872,0.6037122200975463,0.6866248854265181,252,207,assay_envelope
1.0,both_exact,availability__boltzina_vina_zero_binary,minus_chemistry,0.006207482993197278,-0.0007093720512586377,0.01640553102933262,252,207,assay_envelope
1.0,both_exact,availability__gnina,absolute,0.6449233453201708,0.6032674122225999,0.6861645431596103,252,207,assay_envelope
1.0,both_exact,availability__gnina,minus_chemistry,0.005952380952380951,0.0,0.015664713253722536,252,207,assay_envelope
1.0,both_exact,availability__nesso_affinity,absolute,0.6449233453201708,0.6032674122225999,0.6861645431596103,252,207,assay_envelope
1.0,both_exact,availability__nesso_affinity,minus_chemistry,0.005952380952380951,0.0,0.015664713253722536,252,207,assay_envelope
1.0,both_exact,availability__nesso_binary,absolute,0.6449233453201708,0.6032674122225999,0.6861645431596103,252,207,assay_envelope
1.0,both_exact,availability__nesso_binary,minus_chemistry,0.005952380952380951,0.0,0.015664713253722536,252,207,assay_envelope
1.0,both_exact,availability__raw_ad4,absolute,0.6449233453201708,0.6032674122225999,0.6861645431596103,252,207,assay_envelope
1.0,both_exact,availability__raw_ad4,minus_chemistry,0.005952380952380951,0.0,0.015664713253722536,252,207,assay_envelope
1.0,both_exact,availability__raw_gnina_own,absolute,0.6449233453201708,0.6032674122225999,0.6861645431596103,252,207,assay_envelope
1.0,both_exact,availability__raw_gnina_own,minus_chemistry,0.005952380952380951,0.0,0.015664713253722536,252,207,assay_envelope
1.0,both_exact,availability__vina,absolute,0.6449233453201708,0.6032674122225999,0.6861645431596103,252,207,assay_envelope
1.0,both_exact,availability__vina,minus_chemistry,0.005952380952380951,0.0,0.015664713253722536,252,207,assay_envelope
1.0,both_exact,calibrated__boltz_affinity,absolute,0.623063209571146,0.5775417365735994,0.6663511918707623,252,207,assay_envelope
1.0,both_exact,calibrated__boltz_affinity,minus_chemistry,-0.01590775479664369,-0.06977311734561734,0.036102922527291435,252,207,assay_envelope
1.0,both_exact,calibrated__boltz_binary,absolute,0.5867702917306092,0.5403179325998075,0.6300981617083155,252,207,assay_envelope
1.0,both_exact,calibrated__boltz_binary,minus_chemistry,-0.052200672637180576,-0.10459147117928647,-0.0002038643427003337,252,207,assay_envelope
1.0,both_exact,calibrated__boltzina_vina_far_affinity,absolute,0.6258163647052535,0.5819931785269037,0.6686581389827898,252,207,assay_envelope
1.0,both_exact,calibrated__boltzina_vina_far_affinity,minus_chemistry,-0.013154599662536173,-0.06758832634750478,0.03948164782748116,252,207,assay_envelope
1.0,both_exact,calibrated__boltzina_vina_far_binary,absolute,0.6191746451667087,0.5727215769776745,0.6632450384798396,252,207,assay_envelope
1.0,both_exact,calibrated__boltzina_vina_far_binary,minus_chemistry,-0.019796319201081106,-0.06947047522235492,0.02998198360445572,252,207,assay_envelope
1.0,both_exact,calibrated__boltzina_vina_zero_affinity,absolute,0.6258163647052535,0.5819931785269037,0.6686581389827898,252,207,assay_envelope
1.0,both_exact,calibrated__boltzina_vina_zero_affinity,minus_chemistry,-0.013154599662536173,-0.06758832634750478,0.03948164782748116,252,207,assay_envelope
1.0,both_exact,calibrated__boltzina_vina_zero_binary,absolute,0.6191746451667087,0.5727215769776745,0.6632450384798396,252,207,assay_envelope
1.0,both_exact,calibrated__boltzina_vina_zero_binary,minus_chemistry,-0.019796319201081106,-0.06947047522235492,0.02998198360445572,252,207,assay_envelope
1.0,both_exact,calibrated__gnina,absolute,0.6090287798621132,0.5635451407919297,0.6550222191077653,252,207,assay_envelope
1.0,both_exact,calibrated__gnina,minus_chemistry,-0.029942184505676574,-0.07900599378822619,0.021259737827573365,252,207,assay_envelope
1.0,both_exact,calibrated__nesso_affinity,absolute,0.6207337929560153,0.5735509584590665,0.6665619239938972,252,207,assay_envelope
1.0,both_exact,calibrated__nesso_affinity,minus_chemistry,-0.01823717141177459,-0.07572542503406408,0.039204939514236904,252,207,assay_envelope
1.0,both_exact,calibrated__nesso_binary,absolute,0.6263738099055559,0.5807935982396953,0.6725889848653055,252,207,assay_envelope
1.0,both_exact,calibrated__nesso_binary,minus_chemistry,-0.01259715446223383,-0.06993476631684178,0.04327154313526492,252,207,assay_envelope
1.0,both_exact,calibrated__raw_ad4,absolute,0.6022651877810606,0.5575647393823246,0.6454925112365588,252,207,assay_envelope
1.0,both_exact,calibrated__raw_ad4,minus_chemistry,-0.03670577658672896,-0.08574231633336764,0.013850461485387402,252,207,assay_envelope
1.0,both_exact,calibrated__raw_gnina_own,absolute,0.5873862395687792,0.543765891041414,0.6317316303625827,252,207,assay_envelope
1.0,both_exact,calibrated__raw_gnina_own,minus_chemistry,-0.05158472479901051,-0.10024461119237356,-0.004090822510822538,252,207,assay_envelope
1.0,both_exact,calibrated__vina,absolute,0.6118855791474839,0.5689344859001639,0.6527938903556366,252,207,assay_envelope
1.0,both_exact,calibrated__vina,minus_chemistry,-0.027085385220305864,-0.07450765211795828,0.02312483236399764,252,207,assay_envelope
1.0,both_exact,chemistry,absolute,0.6389709643677898,0.5956956868219676,0.6820165688368068,252,207,assay_envelope
1.0,both_exact,chemistry,minus_chemistry,0.0,0.0,0.0,252,207,assay_envelope
1.0,both_exact,native__boltz_affinity,absolute,0.5909877306702703,0.5476089701645046,0.6380931652900905,252,207,assay_envelope
1.0,both_exact,native__boltz_affinity,minus_chemistry,-0.04798323369751941,-0.10712482813575926,0.010999408799391989,252,207,assay_envelope
1.0,both_exact,native__boltz_binary,absolute,0.611235369568703,0.5677186395872713,0.6519065665539917,252,207,assay_envelope
1.0,both_exact,native__boltz_binary,minus_chemistry,-0.027735594799086865,-0.07901090674982394,0.019488999294957232,252,207,assay_envelope
1.0,both_exact,native__boltzina_vina_far_affinity,absolute,0.5729262580453057,0.5313814794133261,0.6147731265479617,252,207,assay_envelope
1.0,both_exact,native__boltzina_vina_far_affinity,minus_chemistry,-0.06604470632248409,-0.12334981735237642,-0.011757305682986725,252,207,assay_envelope
1.0,both_exact,native__boltzina_vina_far_binary,absolute,0.629418714736175,0.5858151918934622,0.6689906683868548,252,207,assay_envelope
1.0,both_exact,native__boltzina_vina_far_binary,minus_chemistry,-0.00955224963161471,-0.05918149988933899,0.03853546939277532,252,207,assay_envelope
1.0,both_exact,native__boltzina_vina_zero_affinity,absolute,0.5729262580453057,0.5313814794133261,0.6147731265479617,252,207,assay_envelope
1.0,both_exact,native__boltzina_vina_zero_affinity,minus_chemistry,-0.06604470632248409,-0.12334981735237642,-0.011757305682986725,252,207,assay_envelope
1.0,both_exact,native__boltzina_vina_zero_binary,absolute,0.629418714736175,0.5858151918934622,0.6689906683868548,252,207,assay_envelope
1.0,both_exact,native__boltzina_vina_zero_binary,minus_chemistry,-0.00955224963161471,-0.05918149988933899,0.03853546939277532,252,207,assay_envelope
1.0,both_exact,native__gnina,absolute,0.5852580033135589,0.543589343137096,0.6278443870712566,252,207,assay_envelope
1.0,both_exact,native__gnina,minus_chemistry,-0.0537129610542309,-0.10619413012270157,-0.0017769399549318948,252,207,assay_envelope
1.0,both_exact,native__nesso_affinity,absolute,0.5430473480076655,0.49979602068099954,0.5867918941150679,252,207,assay_envelope
1.0,both_exact,native__nesso_affinity,minus_chemistry,-0.09592361636012431,-0.157542145357231,-0.036582349806214075,252,207,assay_envelope
1.0,both_exact,native__nesso_binary,absolute,0.5981290608274736,0.5525816450210328,0.6421616814163935,252,207,assay_envelope
1.0,both_exact,native__nesso_binary,minus_chemistry,-0.040841903540316235,-0.10309927399498056,0.016026399324556198,252,207,assay_envelope
1.0,both_exact,native__raw_ad4,absolute,0.5171640822434473,0.4741788443736557,0.5580181349365044,252,207,assay_envelope
1.0,both_exact,native__raw_ad4,minus_chemistry,-0.12180688212434246,-0.1854283016252859,-0.05840435964694447,252,207,assay_envelope
1.0,both_exact,native__raw_gnina_own,absolute,0.6043293860754178,0.5638375075706703,0.6440255086338199,252,207,assay_envelope
1.0,both_exact,native__raw_gnina_own,minus_chemistry,-0.034641578292371945,-0.08921865161217016,0.019942087870931734,252,207,assay_envelope
1.0,both_exact,native__vina,absolute,0.5085217729066936,0.46572104340221426,0.5549446245967008,252,207,assay_envelope
1.0,both_exact,native__vina,minus_chemistry,-0.13044919146109624,-0.19391052707133266,-0.06395176817043148,252,207,assay_envelope
1.0,both_exact,plus__boltz_affinity,absolute,0.6523454499644976,0.6079769006390434,0.6962446212662944,252,207,assay_envelope
1.0,both_exact,plus__boltz_affinity,minus_chemistry,0.013374485596707822,-0.02826074735449735,0.052088785098536844,252,207,assay_envelope
1.0,both_exact,plus__boltz_binary,absolute,0.6281153370439085,0.5816360714126602,0.6767449947720526,252,207,assay_envelope
1.0,both_exact,plus__boltz_binary,minus_chemistry,-0.010855627323881293,-0.05228728430460034,0.02859679640568373,252,207,assay_envelope
1.0,both_exact,plus__boltzina_vina_far_affinity,absolute,0.675328397352207,0.6320710961999644,0.7176630130713055,252,207,assay_envelope
1.0,both_exact,plus__boltzina_vina_far_affinity,minus_chemistry,0.03635743298441711,-0.001499709639953542,0.07204048344000495,252,207,assay_envelope
1.0,both_exact,plus__boltzina_vina_far_binary,absolute,0.6379858677477726,0.5917677203338968,0.6843470568783069,252,207,assay_envelope
1.0,both_exact,plus__boltzina_vina_far_binary,minus_chemistry,-0.0009850966200172554,-0.0387769852129082,0.03460942085218459,252,207,assay_envelope
1.0,both_exact,plus__boltzina_vina_zero_affinity,absolute,0.675328397352207,0.6320710961999644,0.7176630130713055,252,207,assay_envelope
1.0,both_exact,plus__boltzina_vina_zero_affinity,minus_chemistry,0.03635743298441711,-0.001499709639953542,0.07204048344000495,252,207,assay_envelope
1.0,both_exact,plus__boltzina_vina_zero_binary,absolute,0.6379858677477726,0.5917677203338968,0.6843470568783069,252,207,assay_envelope
1.0,both_exact,plus__boltzina_vina_zero_binary,minus_chemistry,-0.0009850966200172554,-0.0387769852129082,0.03460942085218459,252,207,assay_envelope
1.0,both_exact,plus__gnina,absolute,0.656701081105843,0.6151870756280952,0.6985165664298627,252,207,assay_envelope
1.0,both_exact,plus__gnina,minus_chemistry,0.017730116738053244,-0.010507121699123967,0.04660109718741297,252,207,assay_envelope
1.0,both_exact,plus__nesso_affinity,absolute,0.659195507608206,0.6174455881910296,0.702637275898221,252,207,assay_envelope
1.0,both_exact,plus__nesso_affinity,minus_chemistry,0.020224543240416257,-0.02008034193435653,0.057863911916543484,252,207,assay_envelope
1.0,both_exact,plus__nesso_binary,absolute,0.6509474945982884,0.6085334887984681,0.6938754804037106,252,207,assay_envelope
1.0,both_exact,plus__nesso_binary,minus_chemistry,0.011976530230498486,-0.03384729511523814,0.05673935881817992,252,207,assay_envelope
1.0,both_exact,plus__raw_ad4,absolute,0.6481085419577483,0.6071775321157122,0.6893508102142043,252,207,assay_envelope
1.0,both_exact,plus__raw_ad4,minus_chemistry,0.009137577589958543,0.0019040224831290186,0.019494356330788287,252,207,assay_envelope
1.0,both_exact,plus__raw_gnina_own,absolute,0.6598118371927896,0.6166821406893686,0.7020845838114971,252,207,assay_envelope
1.0,both_exact,plus__raw_gnina_own,minus_chemistry,0.020840872824999808,-0.0041520335793845545,0.047031752847862256,252,207,assay_envelope
1.0,both_exact,plus__vina,absolute,0.6485368614336868,0.6074139411970881,0.6883458810394487,252,207,assay_envelope
1.0,both_exact,plus__vina,minus_chemistry,0.009565897065897064,-0.009737448368068414,0.029909356142594757,252,207,assay_envelope
1.0,both_exact,target_prior,absolute,0.6000626064118127,0.5571803389439691,0.643113953104913,252,207,assay_envelope
1.0,both_exact,target_prior,minus_chemistry,-0.038908357955977,-0.08771323205926865,0.012706207052199554,252,207,assay_envelope
