dataset,policy,fraction,method,stratum,queries,evaluable_queries,unavailable_queries,eligible_pairs,pairs,credit,macro_concordance,pooled_concordance,labels,exact_labels,error_queries,exact_error_queries,macro_interval_mae,pooled_interval_mae,macro_exact_mae,pooled_exact_mae
SPD,source_representative,0.125,target_prior,all_determinate,930,373,0,6496,6496,4069.0,0.6148104689909354,0.6263854679802956,6833,1207,887,378,0.28648994470305794,0.28439711935393747,0.8038207662817621,0.8984685896271801
SPD,source_representative,0.125,target_prior,both_exact,930,261,0,2235,2235,1383.0,0.6014363669536084,0.6187919463087248,,,,,,,,
SPD,source_representative,0.125,target_prior,one_bounded,930,340,0,4261,4261,2686.0,0.6231080846599234,0.6303684581084252,,,,,,,,
SPD,source_representative,0.125,target_prior,both_bounded,930,0,0,0,0,0.0,,,,,,,,,,
SPD,source_representative,0.125,chemistry,all_determinate,930,373,0,6496,6496,4219.0,0.6351065021307706,0.6494766009852216,6833,1207,887,378,0.24486081004419494,0.2460416480347006,0.7539682360745472,0.8212886507425333
SPD,source_representative,0.125,chemistry,both_exact,930,261,0,2235,2235,1388.0,0.6067765780409459,0.6210290827740492,,,,,,,,
SPD,source_representative,0.125,chemistry,one_bounded,930,340,0,4261,4261,2831.0,0.6585396742273963,0.6643980286317765,,,,,,,,
SPD,source_representative,0.125,chemistry,both_bounded,930,0,0,0,0,0.0,,,,,,,,,,
SPD,source_representative,0.125,calibrated__boltz_affinity,all_determinate,930,373,0,6496,6496,4369.0,0.6390327095745492,0.6725677339901478,6833,1207,887,378,0.2314260617975357,0.22772689977670185,0.7676727247564384,0.7929225670427972
SPD,source_representative,0.125,calibrated__boltz_affinity,both_exact,930,261,0,2235,2235,1412.0,0.576469769764789,0.6317673378076063,,,,,,,,
SPD,source_representative,0.125,calibrated__boltz_affinity,one_bounded,930,340,0,4261,4261,2957.0,0.6621086723050431,0.6939685519831026,,,,,,,,
SPD,source_representative,0.125,calibrated__boltz_affinity,both_bounded,930,0,0,0,0,0.0,,,,,,,,,,
SPD,source_representative,0.125,availability__boltz_affinity,all_determinate,930,373,0,6496,6496,4219.0,0.6351065021307706,0.6494766009852216,6833,1207,887,378,0.24486081004419472,0.24604164803470044,0.7539682360745473,0.8212886507425333
SPD,source_representative,0.125,availability__boltz_affinity,both_exact,930,261,0,2235,2235,1388.0,0.6067765780409459,0.6210290827740492,,,,,,,,
SPD,source_representative,0.125,availability__boltz_affinity,one_bounded,930,340,0,4261,4261,2831.0,0.6585396742273963,0.6643980286317765,,,,,,,,
SPD,source_representative,0.125,availability__boltz_affinity,both_bounded,930,0,0,0,0,0.0,,,,,,,,,,
SPD,source_representative,0.125,plus__boltz_affinity,all_determinate,930,373,0,6496,6496,4455.0,0.6481177511264291,0.6858066502463054,6833,1207,887,378,0.21975687127994697,0.21830458929864893,0.7429232579111299,0.7575562681046016
SPD,source_representative,0.125,plus__boltz_affinity,both_exact,930,261,0,2235,2235,1464.0,0.603442747120908,0.6550335570469799,,,,,,,,
SPD,source_representative,0.125,plus__boltz_affinity,one_bounded,930,340,0,4261,4261,2991.0,0.6721513288564401,0.7019478995540953,,,,,,,,
SPD,source_representative,0.125,plus__boltz_affinity,both_bounded,930,0,0,0,0,0.0,,,,,,,,,,
SPD,source_representative,0.125,calibrated__boltz_binary,all_determinate,930,373,0,6496,6496,4174.0,0.6402945091916566,0.6425492610837439,6833,1207,887,378,0.2555138500305259,0.2516224867365633,0.7418029963047704,0.7908956977702295
SPD,source_representative,0.125,calibrated__boltz_binary,both_exact,930,261,0,2235,2235,1391.0,0.5953642426822503,0.6223713646532438,,,,,,,,
SPD,source_representative,0.125,calibrated__boltz_binary,one_bounded,930,340,0,4261,4261,2783.0,0.6557203329681298,0.6531330673550809,,,,,,,,
SPD,source_representative,0.125,calibrated__boltz_binary,both_bounded,930,0,0,0,0,0.0,,,,,,,,,,
SPD,source_representative,0.125,availability__boltz_binary,all_determinate,930,373,0,6496,6496,4219.0,0.6351065021307706,0.6494766009852216,6833,1207,887,378,0.24486081004419472,0.24604164803470044,0.7539682360745473,0.8212886507425333
SPD,source_representative,0.125,availability__boltz_binary,both_exact,930,261,0,2235,2235,1388.0,0.6067765780409459,0.6210290827740492,,,,,,,,
SPD,source_representative,0.125,availability__boltz_binary,one_bounded,930,340,0,4261,4261,2831.0,0.6585396742273963,0.6643980286317765,,,,,,,,
SPD,source_representative,0.125,availability__boltz_binary,both_bounded,930,0,0,0,0,0.0,,,,,,,,,,
SPD,source_representative,0.125,plus__boltz_binary,all_determinate,930,373,0,6496,6496,4340.0,0.6571424485204345,0.6681034482758621,6833,1207,887,378,0.23280447702993037,0.23180434642703135,0.7082900485099582,0.7442573584604987
SPD,source_representative,0.125,plus__boltz_binary,both_exact,930,261,0,2235,2235,1411.0,0.5964049360601085,0.6313199105145414,,,,,,,,
SPD,source_representative,0.125,plus__boltz_binary,one_bounded,930,340,0,4261,4261,2929.0,0.6811814280312771,0.6873973245716968,,,,,,,,
SPD,source_representative,0.125,plus__boltz_binary,both_bounded,930,0,0,0,0,0.0,,,,,,,,,,
SPD,source_representative,0.125,calibrated__boltzina_vina_far_affinity,all_determinate,930,373,0,6496,6496,4318.0,0.6345487792252489,0.6647167487684729,6833,1207,887,378,0.24384454328538022,0.2414435378257696,0.7655756482011603,0.8100468394171159
SPD,source_representative,0.125,calibrated__boltzina_vina_far_affinity,both_exact,930,261,0,2235,2235,1442.0,0.6134478335627761,0.6451901565995526,,,,,,,,
SPD,source_representative,0.125,calibrated__boltzina_vina_far_affinity,one_bounded,930,340,0,4261,4261,2876.0,0.649011826781433,0.6749589298286787,,,,,,,,
SPD,source_representative,0.125,calibrated__boltzina_vina_far_affinity,both_bounded,930,0,0,0,0,0.0,,,,,,,,,,
SPD,source_representative,0.125,availability__boltzina_vina_far_affinity,all_determinate,930,373,0,6496,6496,4227.0,0.6368181580649467,0.6507081280788177,6833,1207,887,378,0.2450722180705671,0.24634539199073502,0.7537927162599198,0.8209666777676294
SPD,source_representative,0.125,availability__boltzina_vina_far_affinity,both_exact,930,261,0,2235,2235,1393.0,0.6101883642113527,0.6232662192393736,,,,,,,,
SPD,source_representative,0.125,availability__boltzina_vina_far_affinity,one_bounded,930,340,0,4261,4261,2834.0,0.6599575080275831,0.6651020887115701,,,,,,,,
SPD,source_representative,0.125,availability__boltzina_vina_far_affinity,both_bounded,930,0,0,0,0,0.0,,,,,,,,,,
SPD,source_representative,0.125,plus__boltzina_vina_far_affinity,all_determinate,930,373,0,6496,6496,4400.0,0.6435249998186938,0.6773399014778325,6833,1207,887,378,0.22128847355297765,0.22095793445176573,0.7321232147421852,0.7590096709484508
SPD,source_representative,0.125,plus__boltzina_vina_far_affinity,both_exact,930,261,0,2235,2235,1465.0,0.630630239634071,0.6554809843400448,,,,,,,,
SPD,source_representative,0.125,plus__boltzina_vina_far_affinity,one_bounded,930,340,0,4261,4261,2935.0,0.6594708827993788,0.6888054447312837,,,,,,,,
SPD,source_representative,0.125,plus__boltzina_vina_far_affinity,both_bounded,930,0,0,0,0,0.0,,,,,,,,,,
SPD,source_representative,0.125,calibrated__boltzina_vina_far_binary,all_determinate,930,373,0,6496,6496,4251.0,0.6426047290159629,0.6544027093596059,6833,1207,887,378,0.2603384352437319,0.2553456026379792,0.7469339810976438,0.8077404877682112
SPD,source_representative,0.125,calibrated__boltzina_vina_far_binary,both_exact,930,261,0,2235,2235,1403.0,0.6120537614790489,0.6277404921700224,,,,,,,,
SPD,source_representative,0.125,calibrated__boltzina_vina_far_binary,one_bounded,930,340,0,4261,4261,2848.0,0.6587727803885212,0.668387702417273,,,,,,,,
SPD,source_representative,0.125,calibrated__boltzina_vina_far_binary,both_bounded,930,0,0,0,0,0.0,,,,,,,,,,
SPD,source_representative,0.125,availability__boltzina_vina_far_binary,all_determinate,930,373,0,6496,6496,4227.0,0.6368181580649467,0.6507081280788177,6833,1207,887,378,0.2450722180705671,0.24634539199073502,0.7537927162599198,0.8209666777676294
SPD,source_representative,0.125,availability__boltzina_vina_far_binary,both_exact,930,261,0,2235,2235,1393.0,0.6101883642113527,0.6232662192393736,,,,,,,,
SPD,source_representative,0.125,availability__boltzina_vina_far_binary,one_bounded,930,340,0,4261,4261,2834.0,0.6599575080275831,0.6651020887115701,,,,,,,,
SPD,source_representative,0.125,availability__boltzina_vina_far_binary,both_bounded,930,0,0,0,0,0.0,,,,,,,,,,
SPD,source_representative,0.125,plus__boltzina_vina_far_binary,all_determinate,930,373,0,6496,6496,4389.0,0.6617139382017763,0.6756465517241379,6833,1207,887,378,0.22456514774378206,0.22381306502047227,0.715585988137972,0.740553512200937
SPD,source_representative,0.125,plus__boltzina_vina_far_binary,both_exact,930,261,0,2235,2235,1427.0,0.6084614619097379,0.6384787472035794,,,,,,,,
SPD,source_representative,0.125,plus__boltzina_vina_far_binary,one_bounded,930,340,0,4261,4261,2962.0,0.6886054365480521,0.6951419854494251,,,,,,,,
SPD,source_representative,0.125,plus__boltzina_vina_far_binary,both_bounded,930,0,0,0,0,0.0,,,,,,,,,,
SPD,source_representative,0.125,calibrated__boltzina_vina_zero_affinity,all_determinate,930,373,0,6496,6496,4318.0,0.6345487792252489,0.6647167487684729,6833,1207,887,378,0.24384466390058002,0.24144372689655494,0.7655729063013083,0.8100419641610721
SPD,source_representative,0.125,calibrated__boltzina_vina_zero_affinity,both_exact,930,261,0,2235,2235,1442.0,0.6134478335627761,0.6451901565995526,,,,,,,,
SPD,source_representative,0.125,calibrated__boltzina_vina_zero_affinity,one_bounded,930,340,0,4261,4261,2876.0,0.649011826781433,0.6749589298286787,,,,,,,,
SPD,source_representative,0.125,calibrated__boltzina_vina_zero_affinity,both_bounded,930,0,0,0,0,0.0,,,,,,,,,,
SPD,source_representative,0.125,availability__boltzina_vina_zero_affinity,all_determinate,930,373,0,6496,6496,4227.0,0.6368181580649467,0.6507081280788177,6833,1207,887,378,0.2450722180705671,0.24634539199073502,0.7537927162599198,0.8209666777676294
SPD,source_representative,0.125,availability__boltzina_vina_zero_affinity,both_exact,930,261,0,2235,2235,1393.0,0.6101883642113527,0.6232662192393736,,,,,,,,
SPD,source_representative,0.125,availability__boltzina_vina_zero_affinity,one_bounded,930,340,0,4261,4261,2834.0,0.6599575080275831,0.6651020887115701,,,,,,,,
SPD,source_representative,0.125,availability__boltzina_vina_zero_affinity,both_bounded,930,0,0,0,0,0.0,,,,,,,,,,
SPD,source_representative,0.125,plus__boltzina_vina_zero_affinity,all_determinate,930,373,0,6496,6496,4400.0,0.6435249998186938,0.6773399014778325,6833,1207,887,378,0.22129101195143414,0.22096034153784086,0.7321199662151481,0.7590039147759606
SPD,source_representative,0.125,plus__boltzina_vina_zero_affinity,both_exact,930,261,0,2235,2235,1465.0,0.630630239634071,0.6554809843400448,,,,,,,,
SPD,source_representative,0.125,plus__boltzina_vina_zero_affinity,one_bounded,930,340,0,4261,4261,2935.0,0.6594708827993788,0.6888054447312837,,,,,,,,
SPD,source_representative,0.125,plus__boltzina_vina_zero_affinity,both_bounded,930,0,0,0,0,0.0,,,,,,,,,,
SPD,source_representative,0.125,calibrated__boltzina_vina_zero_binary,all_determinate,930,373,0,6496,6496,4251.0,0.6426047290159629,0.6544027093596059,6833,1207,887,378,0.26033864366578274,0.2553460572638124,0.7469320841755502,0.807739602717033
SPD,source_representative,0.125,calibrated__boltzina_vina_zero_binary,both_exact,930,261,0,2235,2235,1403.0,0.6120537614790489,0.6277404921700224,,,,,,,,
SPD,source_representative,0.125,calibrated__boltzina_vina_zero_binary,one_bounded,930,340,0,4261,4261,2848.0,0.6587727803885212,0.668387702417273,,,,,,,,
SPD,source_representative,0.125,calibrated__boltzina_vina_zero_binary,both_bounded,930,0,0,0,0,0.0,,,,,,,,,,
SPD,source_representative,0.125,availability__boltzina_vina_zero_binary,all_determinate,930,373,0,6496,6496,4227.0,0.6368181580649467,0.6507081280788177,6833,1207,887,378,0.2450722180705671,0.24634539199073502,0.7537927162599198,0.8209666777676294
SPD,source_representative,0.125,availability__boltzina_vina_zero_binary,both_exact,930,261,0,2235,2235,1393.0,0.6101883642113527,0.6232662192393736,,,,,,,,
SPD,source_representative,0.125,availability__boltzina_vina_zero_binary,one_bounded,930,340,0,4261,4261,2834.0,0.6599575080275831,0.6651020887115701,,,,,,,,
SPD,source_representative,0.125,availability__boltzina_vina_zero_binary,both_bounded,930,0,0,0,0,0.0,,,,,,,,,,
SPD,source_representative,0.125,plus__boltzina_vina_zero_binary,all_determinate,930,373,0,6496,6496,4389.0,0.6617139382017763,0.6756465517241379,6833,1207,887,378,0.22456467281101278,0.2238122074659438,0.7155925716511539,0.740559418493229
SPD,source_representative,0.125,plus__boltzina_vina_zero_binary,both_exact,930,261,0,2235,2235,1427.0,0.6084614619097379,0.6384787472035794,,,,,,,,
SPD,source_representative,0.125,plus__boltzina_vina_zero_binary,one_bounded,930,340,0,4261,4261,2962.0,0.6886054365480521,0.6951419854494251,,,,,,,,
SPD,source_representative,0.125,plus__boltzina_vina_zero_binary,both_bounded,930,0,0,0,0,0.0,,,,,,,,,,
SPD,source_representative,0.125,calibrated__gnina,all_determinate,930,373,0,6496,6496,4171.0,0.6294496125731319,0.6420874384236454,6833,1207,887,378,0.2629902257083894,0.25977007758332465,0.7910600536413441,0.8704251076472846
SPD,source_representative,0.125,calibrated__gnina,both_exact,930,261,0,2235,2235,1388.0,0.6121471972046685,0.6210290827740492,,,,,,,,
SPD,source_representative,0.125,calibrated__gnina,one_bounded,930,340,0,4261,4261,2783.0,0.6441879868053666,0.6531330673550809,,,,,,,,
SPD,source_representative,0.125,calibrated__gnina,both_bounded,930,0,0,0,0,0.0,,,,,,,,,,
SPD,source_representative,0.125,availability__gnina,all_determinate,930,373,0,6496,6496,4217.0,0.6350681931929653,0.6491687192118226,6833,1207,887,378,0.24473297829761617,0.2459215273856568,0.754103889971185,0.8214769906328068
SPD,source_representative,0.125,availability__gnina,both_exact,930,261,0,2235,2235,1387.0,0.6054994388327721,0.6205816554809843,,,,,,,,
SPD,source_representative,0.125,availability__gnina,one_bounded,930,340,0,4261,4261,2830.0,0.6585355892600762,0.6641633419385121,,,,,,,,
SPD,source_representative,0.125,availability__gnina,both_bounded,930,0,0,0,0,0.0,,,,,,,,,,
SPD,source_representative,0.125,plus__gnina,all_determinate,930,373,0,6496,6496,4193.0,0.6313038450002411,0.6454741379310345,6833,1207,887,378,0.2571622167356442,0.2564407748902217,0.7660592093610752,0.846533526743579
SPD,source_representative,0.125,plus__gnina,both_exact,930,261,0,2235,2235,1370.0,0.6005285476549844,0.6129753914988815,,,,,,,,
SPD,source_representative,0.125,plus__gnina,one_bounded,930,340,0,4261,4261,2823.0,0.651328234427948,0.6625205350856607,,,,,,,,
SPD,source_representative,0.125,plus__gnina,both_bounded,930,0,0,0,0,0.0,,,,,,,,,,
SPD,source_representative,0.125,calibrated__nesso_affinity,all_determinate,930,373,0,6496,6496,4415.0,0.6558897106651277,0.6796490147783252,6833,1207,887,378,0.23916494541442745,0.23747729921901842,0.7713375945723531,0.810029293494617
SPD,source_representative,0.125,calibrated__nesso_affinity,both_exact,930,261,0,2235,2235,1438.0,0.6126338185725159,0.6434004474272931,,,,,,,,
SPD,source_representative,0.125,calibrated__nesso_affinity,one_bounded,930,340,0,4261,4261,2977.0,0.6832308479317271,0.6986622858483924,,,,,,,,
SPD,source_representative,0.125,calibrated__nesso_affinity,both_bounded,930,0,0,0,0,0.0,,,,,,,,,,
SPD,source_representative,0.125,availability__nesso_affinity,all_determinate,930,373,0,6496,6496,4217.0,0.6350681931929653,0.6491687192118226,6833,1207,887,378,0.24473297829761617,0.2459215273856568,0.754103889971185,0.8214769906328068
SPD,source_representative,0.125,availability__nesso_affinity,both_exact,930,261,0,2235,2235,1387.0,0.6054994388327721,0.6205816554809843,,,,,,,,
SPD,source_representative,0.125,availability__nesso_affinity,one_bounded,930,340,0,4261,4261,2830.0,0.6585355892600762,0.6641633419385121,,,,,,,,
SPD,source_representative,0.125,availability__nesso_affinity,both_bounded,930,0,0,0,0,0.0,,,,,,,,,,
SPD,source_representative,0.125,plus__nesso_affinity,all_determinate,930,373,0,6496,6496,4466.0,0.6660907897169858,0.6875,6833,1207,887,378,0.22195534655844734,0.22251316930359924,0.7219618545982366,0.7567800025041966
SPD,source_representative,0.125,plus__nesso_affinity,both_exact,930,261,0,2235,2235,1475.0,0.6072687281499543,0.6599552572706935,,,,,,,,
SPD,source_representative,0.125,plus__nesso_affinity,one_bounded,930,340,0,4261,4261,2991.0,0.6911368602536007,0.7019478995540953,,,,,,,,
SPD,source_representative,0.125,plus__nesso_affinity,both_bounded,930,0,0,0,0,0.0,,,,,,,,,,
SPD,source_representative,0.125,calibrated__nesso_binary,all_determinate,930,373,0,6496,6496,4248.0,0.6427849969453469,0.6539408866995073,6833,1207,887,378,0.2577254559034269,0.25579466923841837,0.7598084922749891,0.8091002086041881
SPD,source_representative,0.125,calibrated__nesso_binary,both_exact,930,261,0,2235,2235,1383.0,0.6100119052226332,0.6187919463087248,,,,,,,,
SPD,source_representative,0.125,calibrated__nesso_binary,one_bounded,930,340,0,4261,4261,2865.0,0.6711298862498385,0.6723773762027693,,,,,,,,
SPD,source_representative,0.125,calibrated__nesso_binary,both_bounded,930,0,0,0,0,0.0,,,,,,,,,,
SPD,source_representative,0.125,availability__nesso_binary,all_determinate,930,373,0,6496,6496,4217.0,0.6350681931929653,0.6491687192118226,6833,1207,887,378,0.24473297829761617,0.2459215273856568,0.754103889971185,0.8214769906328068
SPD,source_representative,0.125,availability__nesso_binary,both_exact,930,261,0,2235,2235,1387.0,0.6054994388327721,0.6205816554809843,,,,,,,,
SPD,source_representative,0.125,availability__nesso_binary,one_bounded,930,340,0,4261,4261,2830.0,0.6585355892600762,0.6641633419385121,,,,,,,,
SPD,source_representative,0.125,availability__nesso_binary,both_bounded,930,0,0,0,0,0.0,,,,,,,,,,
SPD,source_representative,0.125,plus__nesso_binary,all_determinate,930,373,0,6496,6496,4365.0,0.652948117624183,0.6719519704433498,6833,1207,887,378,0.23536562675881853,0.2346538536008923,0.729019487757211,0.7535254132571964
SPD,source_representative,0.125,plus__nesso_binary,both_exact,930,261,0,2235,2235,1422.0,0.613848206568513,0.636241610738255,,,,,,,,
SPD,source_representative,0.125,plus__nesso_binary,one_bounded,930,340,0,4261,4261,2943.0,0.6809884011609859,0.6906829382773997,,,,,,,,
SPD,source_representative,0.125,plus__nesso_binary,both_bounded,930,0,0,0,0,0.0,,,,,,,,,,
SPD,source_representative,0.125,calibrated__raw_ad4,all_determinate,930,373,0,6496,6496,4114.0,0.6195708098273907,0.6333128078817734,6833,1207,887,378,0.2656078379369959,0.26513243101346434,0.801502072000515,0.8860518613471426
SPD,source_representative,0.125,calibrated__raw_ad4,both_exact,930,261,0,2235,2235,1358.0,0.6109377850757162,0.6076062639821029,,,,,,,,
SPD,source_representative,0.125,calibrated__raw_ad4,one_bounded,930,340,0,4261,4261,2756.0,0.638180231518451,0.6467965266369397,,,,,,,,
SPD,source_representative,0.125,calibrated__raw_ad4,both_bounded,930,0,0,0,0,0.0,,,,,,,,,,
SPD,source_representative,0.125,availability__raw_ad4,all_determinate,930,373,0,6496,6496,4217.0,0.6350681931929653,0.6491687192118226,6833,1207,887,378,0.24473297829761617,0.2459215273856568,0.754103889971185,0.8214769906328068
SPD,source_representative,0.125,availability__raw_ad4,both_exact,930,261,0,2235,2235,1387.0,0.6054994388327721,0.6205816554809843,,,,,,,,
SPD,source_representative,0.125,availability__raw_ad4,one_bounded,930,340,0,4261,4261,2830.0,0.6585355892600762,0.6641633419385121,,,,,,,,
SPD,source_representative,0.125,availability__raw_ad4,both_bounded,930,0,0,0,0,0.0,,,,,,,,,,
SPD,source_representative,0.125,plus__raw_ad4,all_determinate,930,373,0,6496,6496,4258.0,0.6426183374723158,0.6554802955665024,6833,1207,887,378,0.23478744916334082,0.235820332455231,0.7399483223079766,0.7982680026929874
SPD,source_representative,0.125,plus__raw_ad4,both_exact,930,261,0,2235,2235,1389.0,0.6068311282870669,0.6214765100671141,,,,,,,,
SPD,source_representative,0.125,plus__raw_ad4,one_bounded,930,340,0,4261,4261,2869.0,0.6667317499851686,0.6733161229758273,,,,,,,,
SPD,source_representative,0.125,plus__raw_ad4,both_bounded,930,0,0,0,0,0.0,,,,,,,,,,
SPD,source_representative,0.125,calibrated__raw_gnina_own,all_determinate,930,373,0,6496,6496,4170.0,0.6356002578091228,0.6419334975369458,6833,1207,887,378,0.26539798089018446,0.26344846681691697,0.7942627475347587,0.8770709061246325
SPD,source_representative,0.125,calibrated__raw_gnina_own,both_exact,930,261,0,2235,2235,1386.0,0.606311242326568,0.6201342281879194,,,,,,,,
SPD,source_representative,0.125,calibrated__raw_gnina_own,one_bounded,930,340,0,4261,4261,2784.0,0.646461928867073,0.6533677540483455,,,,,,,,
SPD,source_representative,0.125,calibrated__raw_gnina_own,both_bounded,930,0,0,0,0,0.0,,,,,,,,,,
SPD,source_representative,0.125,availability__raw_gnina_own,all_determinate,930,373,0,6496,6496,4217.0,0.6350681931929653,0.6491687192118226,6833,1207,887,378,0.24473620448263994,0.24592417643539444,0.7540974616289143,0.8214695929110127
SPD,source_representative,0.125,availability__raw_gnina_own,both_exact,930,261,0,2235,2235,1387.0,0.6054994388327721,0.6205816554809843,,,,,,,,
SPD,source_representative,0.125,availability__raw_gnina_own,one_bounded,930,340,0,4261,4261,2830.0,0.6585355892600762,0.6641633419385121,,,,,,,,
SPD,source_representative,0.125,availability__raw_gnina_own,both_bounded,930,0,0,0,0,0.0,,,,,,,,,,
SPD,source_representative,0.125,plus__raw_gnina_own,all_determinate,930,373,0,6496,6496,4285.0,0.6501879925312944,0.6596366995073891,6833,1207,887,378,0.23507086264229665,0.23521804498792354,0.7358342731829335,0.7885324525077673
SPD,source_representative,0.125,plus__raw_gnina_own,both_exact,930,261,0,2235,2235,1388.0,0.6077739629463766,0.6210290827740492,,,,,,,,
SPD,source_representative,0.125,plus__raw_gnina_own,one_bounded,930,340,0,4261,4261,2897.0,0.6725013283997807,0.679887350387233,,,,,,,,
SPD,source_representative,0.125,plus__raw_gnina_own,both_bounded,930,0,0,0,0,0.0,,,,,,,,,,
SPD,source_representative,0.125,calibrated__vina,all_determinate,930,373,0,6496,6496,4109.0,0.6245961535696917,0.6325431034482759,6833,1207,887,378,0.2775623050293625,0.2778849546300875,0.8041089197791171,0.8858676390527592
SPD,source_representative,0.125,calibrated__vina,both_exact,930,261,0,2235,2235,1343.0,0.6007906099860123,0.6008948545861298,,,,,,,,
SPD,source_representative,0.125,calibrated__vina,one_bounded,930,340,0,4261,4261,2766.0,0.6428934962252733,0.6491433935695846,,,,,,,,
SPD,source_representative,0.125,calibrated__vina,both_bounded,930,0,0,0,0,0.0,,,,,,,,,,
SPD,source_representative,0.125,availability__vina,all_determinate,930,373,0,6496,6496,4217.0,0.6350681931929653,0.6491687192118226,6833,1207,887,378,0.24473297829761617,0.2459215273856568,0.754103889971185,0.8214769906328068
SPD,source_representative,0.125,availability__vina,both_exact,930,261,0,2235,2235,1387.0,0.6054994388327721,0.6205816554809843,,,,,,,,
SPD,source_representative,0.125,availability__vina,one_bounded,930,340,0,4261,4261,2830.0,0.6585355892600762,0.6641633419385121,,,,,,,,
SPD,source_representative,0.125,availability__vina,both_bounded,930,0,0,0,0,0.0,,,,,,,,,,
SPD,source_representative,0.125,plus__vina,all_determinate,930,373,0,6496,6496,4144.0,0.6310353324931606,0.6379310344827587,6833,1207,887,378,0.2557794039854563,0.2569578010687697,0.7834086763083091,0.8596740011755811
SPD,source_representative,0.125,plus__vina,both_exact,930,261,0,2235,2235,1370.0,0.6126720590322122,0.6129753914988815,,,,,,,,
SPD,source_representative,0.125,plus__vina,one_bounded,930,340,0,4261,4261,2774.0,0.6511083214447208,0.6510208871157005,,,,,,,,
SPD,source_representative,0.125,plus__vina,both_bounded,930,0,0,0,0,0.0,,,,,,,,,,
SPD,source_representative,0.125,native__boltz_affinity,all_determinate,930,373,0,6496,6496,3863.0,0.5620658891389907,0.5946736453201971,,,,,,,,
SPD,source_representative,0.125,native__boltz_affinity,both_exact,930,261,0,2235,2235,1349.0,0.5827234210375972,0.603579418344519,,,,,,,,
SPD,source_representative,0.125,native__boltz_affinity,one_bounded,930,340,0,4261,4261,2514.0,0.5584008730119223,0.5900023468669326,,,,,,,,
SPD,source_representative,0.125,native__boltz_affinity,both_bounded,930,0,0,0,0,0.0,,,,,,,,,,
SPD,source_representative,0.125,native__boltz_binary,all_determinate,930,373,0,6496,6496,4428.0,0.6588247248321865,0.6816502463054187,,,,,,,,
SPD,source_representative,0.125,native__boltz_binary,both_exact,930,261,0,2235,2235,1467.0,0.6193682860349526,0.6563758389261745,,,,,,,,
SPD,source_representative,0.125,native__boltz_binary,one_bounded,930,340,0,4261,4261,2961.0,0.669977022623152,0.6949072987561605,,,,,,,,
SPD,source_representative,0.125,native__boltz_binary,both_bounded,930,0,0,0,0,0.0,,,,,,,,,,
SPD,source_representative,0.125,native__boltzina_vina_far_affinity,all_determinate,930,373,0,6496,6496,3812.0,0.5633429089572257,0.5868226600985221,,,,,,,,
SPD,source_representative,0.125,native__boltzina_vina_far_affinity,both_exact,930,261,0,2235,2235,1355.0,0.5747355879539788,0.6062639821029083,,,,,,,,
SPD,source_representative,0.125,native__boltzina_vina_far_affinity,one_bounded,930,340,0,4261,4261,2457.0,0.5609944838593803,0.5766252053508566,,,,,,,,
SPD,source_representative,0.125,native__boltzina_vina_far_affinity,both_bounded,930,0,0,0,0,0.0,,,,,,,,,,
SPD,source_representative,0.125,native__boltzina_vina_far_binary,all_determinate,930,373,0,6496,6496,4495.0,0.6701386313571764,0.6919642857142857,,,,,,,,
SPD,source_representative,0.125,native__boltzina_vina_far_binary,both_exact,930,261,0,2235,2235,1503.0,0.6373898628687901,0.6724832214765101,,,,,,,,
SPD,source_representative,0.125,native__boltzina_vina_far_binary,one_bounded,930,340,0,4261,4261,2992.0,0.6848865517360594,0.7021825862473597,,,,,,,,
SPD,source_representative,0.125,native__boltzina_vina_far_binary,both_bounded,930,0,0,0,0,0.0,,,,,,,,,,
SPD,source_representative,0.125,native__boltzina_vina_zero_affinity,all_determinate,930,373,0,6496,6496,3812.0,0.5633429089572257,0.5868226600985221,,,,,,,,
SPD,source_representative,0.125,native__boltzina_vina_zero_affinity,both_exact,930,261,0,2235,2235,1355.0,0.5747355879539788,0.6062639821029083,,,,,,,,
SPD,source_representative,0.125,native__boltzina_vina_zero_affinity,one_bounded,930,340,0,4261,4261,2457.0,0.5609944838593803,0.5766252053508566,,,,,,,,
SPD,source_representative,0.125,native__boltzina_vina_zero_affinity,both_bounded,930,0,0,0,0,0.0,,,,,,,,,,
SPD,source_representative,0.125,native__boltzina_vina_zero_binary,all_determinate,930,373,0,6496,6496,4495.0,0.6701386313571764,0.6919642857142857,,,,,,,,
SPD,source_representative,0.125,native__boltzina_vina_zero_binary,both_exact,930,261,0,2235,2235,1503.0,0.6373898628687901,0.6724832214765101,,,,,,,,
SPD,source_representative,0.125,native__boltzina_vina_zero_binary,one_bounded,930,340,0,4261,4261,2992.0,0.6848865517360594,0.7021825862473597,,,,,,,,
SPD,source_representative,0.125,native__boltzina_vina_zero_binary,both_bounded,930,0,0,0,0,0.0,,,,,,,,,,
SPD,source_representative,0.125,native__gnina,all_determinate,930,373,0,6496,6496,3918.0,0.6129066023803486,0.6031403940886699,,,,,,,,
SPD,source_representative,0.125,native__gnina,both_exact,930,261,0,2235,2235,1317.0,0.5876546895703983,0.5892617449664429,,,,,,,,
SPD,source_representative,0.125,native__gnina,one_bounded,930,340,0,4261,4261,2601.0,0.6096930109173158,0.6104200891809435,,,,,,,,
SPD,source_representative,0.125,native__gnina,both_bounded,930,0,0,0,0,0.0,,,,,,,,,,
SPD,source_representative,0.125,native__nesso_affinity,all_determinate,930,373,0,6496,6496,3788.0,0.55521162589458,0.583128078817734,,,,,,,,
SPD,source_representative,0.125,native__nesso_affinity,both_exact,930,261,0,2235,2235,1283.0,0.5424660765656935,0.5740492170022371,,,,,,,,
SPD,source_representative,0.125,native__nesso_affinity,one_bounded,930,340,0,4261,4261,2505.0,0.5676277551262378,0.5878901666275522,,,,,,,,
SPD,source_representative,0.125,native__nesso_affinity,both_bounded,930,0,0,0,0,0.0,,,,,,,,,,
SPD,source_representative,0.125,native__nesso_binary,all_determinate,930,373,0,6496,6496,4183.0,0.6190976568175237,0.6439347290640394,,,,,,,,
SPD,source_representative,0.125,native__nesso_binary,both_exact,930,261,0,2235,2235,1338.0,0.5881406659184437,0.5986577181208054,,,,,,,,
SPD,source_representative,0.125,native__nesso_binary,one_bounded,930,340,0,4261,4261,2845.0,0.6501608491366812,0.6676836423374795,,,,,,,,
SPD,source_representative,0.125,native__nesso_binary,both_bounded,930,0,0,0,0,0.0,,,,,,,,,,
SPD,source_representative,0.125,native__raw_ad4,all_determinate,930,373,0,6496,6496,3602.0,0.5432162975080075,0.5544950738916257,,,,,,,,
SPD,source_representative,0.125,native__raw_ad4,both_exact,930,261,0,2235,2235,1179.5,0.5072764683875794,0.5277404921700224,,,,,,,,
SPD,source_representative,0.125,native__raw_ad4,one_bounded,930,340,0,4261,4261,2422.5,0.5596458954862389,0.5685285144332316,,,,,,,,
SPD,source_representative,0.125,native__raw_ad4,both_bounded,930,0,0,0,0,0.0,,,,,,,,,,
SPD,source_representative,0.125,native__raw_gnina_own,all_determinate,930,373,0,6496,6496,3885.0,0.62776057059596,0.5980603448275862,,,,,,,,
SPD,source_representative,0.125,native__raw_gnina_own,both_exact,930,261,0,2235,2235,1339.0,0.6045267489711934,0.5991051454138703,,,,,,,,
SPD,source_representative,0.125,native__raw_gnina_own,one_bounded,930,340,0,4261,4261,2546.0,0.620668381156207,0.5975123210513964,,,,,,,,
SPD,source_representative,0.125,native__raw_gnina_own,both_bounded,930,0,0,0,0,0.0,,,,,,,,,,
SPD,source_representative,0.125,native__vina,all_determinate,930,373,0,6496,6496,3903.5,0.5804399141812819,0.6009082512315271,,,,,,,,
SPD,source_representative,0.125,native__vina,both_exact,930,261,0,2235,2235,1163.0,0.4954656490097103,0.5203579418344519,,,,,,,,
SPD,source_representative,0.125,native__vina,one_bounded,930,340,0,4261,4261,2740.5,0.6211274507583027,0.64315888289134,,,,,,,,
SPD,source_representative,0.125,native__vina,both_bounded,930,0,0,0,0,0.0,,,,,,,,,,
SPD,source_representative,0.25,target_prior,all_determinate,930,373,0,6496,6496,4085.0,0.6044918392032099,0.6288485221674877,6833,1207,887,378,0.2829978950853995,0.28046919494084954,0.8048686523762878,0.9045305191246621
SPD,source_representative,0.25,target_prior,both_exact,930,261,0,2235,2235,1370.0,0.6002839930042996,0.6129753914988815,,,,,,,,
SPD,source_representative,0.25,target_prior,one_bounded,930,340,0,4261,4261,2715.0,0.6171154707031369,0.6371743722130955,,,,,,,,
SPD,source_representative,0.25,target_prior,both_bounded,930,0,0,0,0,0.0,,,,,,,,,,
SPD,source_representative,0.25,chemistry,all_determinate,930,373,0,6496,6496,4371.0,0.6581115196897699,0.6728756157635468,6833,1207,887,378,0.23321917664219324,0.2360031182807614,0.7173997536758349,0.7831507436973116
SPD,source_representative,0.25,chemistry,both_exact,930,261,0,2235,2235,1432.0,0.6294895681868862,0.6407158836689038,,,,,,,,
SPD,source_representative,0.25,chemistry,one_bounded,930,340,0,4261,4261,2939.0,0.6770982858357,0.6897441915043417,,,,,,,,
SPD,source_representative,0.25,chemistry,both_bounded,930,0,0,0,0,0.0,,,,,,,,,,
SPD,source_representative,0.25,calibrated__boltz_affinity,all_determinate,930,373,0,6496,6496,4318.0,0.6296025333780834,0.6647167487684729,6833,1207,887,378,0.23373225184499863,0.2308936961000215,0.8073500575102807,0.8199427456949184
SPD,source_representative,0.25,calibrated__boltz_affinity,both_exact,930,261,0,2235,2235,1414.0,0.599796910908022,0.632662192393736,,,,,,,,
SPD,source_representative,0.25,calibrated__boltz_affinity,one_bounded,930,340,0,4261,4261,2904.0,0.6475106035206456,0.6815301572400845,,,,,,,,
SPD,source_representative,0.25,calibrated__boltz_affinity,both_bounded,930,0,0,0,0,0.0,,,,,,,,,,
SPD,source_representative,0.25,availability__boltz_affinity,all_determinate,930,373,0,6496,6496,4371.0,0.6581115196897699,0.6728756157635468,6833,1207,887,378,0.2332191766421933,0.2360031182807614,0.7173997536758349,0.7831507436973113
SPD,source_representative,0.25,availability__boltz_affinity,both_exact,930,261,0,2235,2235,1432.0,0.6294895681868862,0.6407158836689038,,,,,,,,
SPD,source_representative,0.25,availability__boltz_affinity,one_bounded,930,340,0,4261,4261,2939.0,0.6770982858357,0.6897441915043417,,,,,,,,
SPD,source_representative,0.25,availability__boltz_affinity,both_bounded,930,0,0,0,0,0.0,,,,,,,,,,
SPD,source_representative,0.25,plus__boltz_affinity,all_determinate,930,373,0,6496,6496,4471.0,0.6607073347153561,0.6882697044334976,6833,1207,887,378,0.2157914004818215,0.21615314305515718,0.7295401544189213,0.7524036045319267
SPD,source_representative,0.25,plus__boltz_affinity,both_exact,930,261,0,2235,2235,1480.0,0.6230043548051212,0.6621923937360179,,,,,,,,
SPD,source_representative,0.25,plus__boltz_affinity,one_bounded,930,340,0,4261,4261,2991.0,0.6769448522234919,0.7019478995540953,,,,,,,,
SPD,source_representative,0.25,plus__boltz_affinity,both_bounded,930,0,0,0,0,0.0,,,,,,,,,,
SPD,source_representative,0.25,calibrated__boltz_binary,all_determinate,930,373,0,6496,6496,4217.0,0.6358808008599752,0.6491687192118226,6833,1207,887,378,0.25192526269583837,0.24818273542363425,0.7852835251171766,0.8268737249726185
SPD,source_representative,0.25,calibrated__boltz_binary,both_exact,930,261,0,2235,2235,1376.0,0.5754047499258228,0.6156599552572707,,,,,,,,
SPD,source_representative,0.25,calibrated__boltz_binary,one_bounded,930,340,0,4261,4261,2841.0,0.6543981536658685,0.6667448955644215,,,,,,,,
SPD,source_representative,0.25,calibrated__boltz_binary,both_bounded,930,0,0,0,0,0.0,,,,,,,,,,
SPD,source_representative,0.25,availability__boltz_binary,all_determinate,930,373,0,6496,6496,4371.0,0.6581115196897699,0.6728756157635468,6833,1207,887,378,0.2332191766421933,0.2360031182807614,0.7173997536758349,0.7831507436973113
SPD,source_representative,0.25,availability__boltz_binary,both_exact,930,261,0,2235,2235,1432.0,0.6294895681868862,0.6407158836689038,,,,,,,,
SPD,source_representative,0.25,availability__boltz_binary,one_bounded,930,340,0,4261,4261,2939.0,0.6770982858357,0.6897441915043417,,,,,,,,
SPD,source_representative,0.25,availability__boltz_binary,both_bounded,930,0,0,0,0,0.0,,,,,,,,,,
SPD,source_representative,0.25,plus__boltz_binary,all_determinate,930,373,0,6496,6496,4511.0,0.6843055584421006,0.6944273399014779,6833,1207,887,378,0.20984880204813988,0.210657914754152,0.6860863903935254,0.7179477479903739
SPD,source_representative,0.25,plus__boltz_binary,both_exact,930,261,0,2235,2235,1479.0,0.6085560955292756,0.661744966442953,,,,,,,,
SPD,source_representative,0.25,plus__boltz_binary,one_bounded,930,340,0,4261,4261,3032.0,0.7065402397991446,0.7115700539779395,,,,,,,,
SPD,source_representative,0.25,plus__boltz_binary,both_bounded,930,0,0,0,0,0.0,,,,,,,,,,
SPD,source_representative,0.25,calibrated__boltzina_vina_far_affinity,all_determinate,930,373,0,6496,6496,4345.0,0.6337585727604668,0.6688731527093597,6833,1207,887,378,0.22854274435876748,0.22510843634638375,0.7924984737680854,0.7934298686936199
SPD,source_representative,0.25,calibrated__boltzina_vina_far_affinity,both_exact,930,261,0,2235,2235,1444.0,0.6148344418459359,0.6460850111856823,,,,,,,,
SPD,source_representative,0.25,calibrated__boltzina_vina_far_affinity,one_bounded,930,340,0,4261,4261,2901.0,0.6478306287017618,0.680826097160291,,,,,,,,
SPD,source_representative,0.25,calibrated__boltzina_vina_far_affinity,both_bounded,930,0,0,0,0,0.0,,,,,,,,,,
SPD,source_representative,0.25,availability__boltzina_vina_far_affinity,all_determinate,930,373,0,6496,6496,4380.0,0.6586343938218934,0.6742610837438424,6833,1207,887,378,0.23320135152951643,0.23596994070702307,0.7177462684824141,0.7833182207420113
SPD,source_representative,0.25,availability__boltzina_vina_far_affinity,both_exact,930,261,0,2235,2235,1436.0,0.6316181335338423,0.6425055928411633,,,,,,,,
SPD,source_representative,0.25,availability__boltzina_vina_far_affinity,one_bounded,930,340,0,4261,4261,2944.0,0.6777494932883781,0.6909176249706641,,,,,,,,
SPD,source_representative,0.25,availability__boltzina_vina_far_affinity,both_bounded,930,0,0,0,0,0.0,,,,,,,,,,
SPD,source_representative,0.25,plus__boltzina_vina_far_affinity,all_determinate,930,373,0,6496,6496,4488.0,0.6676145877706782,0.6908866995073891,6833,1207,887,378,0.2091841173533519,0.2100230127491001,0.7129615805850611,0.7231302806599265
SPD,source_representative,0.25,plus__boltzina_vina_far_affinity,both_exact,930,261,0,2235,2235,1515.0,0.6601325239256274,0.6778523489932886,,,,,,,,
SPD,source_representative,0.25,plus__boltzina_vina_far_affinity,one_bounded,930,340,0,4261,4261,2973.0,0.6772769387916922,0.6977235390753345,,,,,,,,
SPD,source_representative,0.25,plus__boltzina_vina_far_affinity,both_bounded,930,0,0,0,0,0.0,,,,,,,,,,
SPD,source_representative,0.25,calibrated__boltzina_vina_far_binary,all_determinate,930,373,0,6496,6496,4270.0,0.6371534877089361,0.6573275862068966,6833,1207,887,378,0.24850509388711822,0.24496758859914947,0.7809101046362372,0.8200785184345845
SPD,source_representative,0.25,calibrated__boltzina_vina_far_binary,both_exact,930,261,0,2235,2235,1398.0,0.5812205248986858,0.625503355704698,,,,,,,,
SPD,source_representative,0.25,calibrated__boltzina_vina_far_binary,one_bounded,930,340,0,4261,4261,2872.0,0.6579408537418503,0.6740201830556207,,,,,,,,
SPD,source_representative,0.25,calibrated__boltzina_vina_far_binary,both_bounded,930,0,0,0,0,0.0,,,,,,,,,,
SPD,source_representative,0.25,availability__boltzina_vina_far_binary,all_determinate,930,373,0,6496,6496,4380.0,0.6586343938218934,0.6742610837438424,6833,1207,887,378,0.23320135152951643,0.23596994070702307,0.7177462684824141,0.7833182207420113
SPD,source_representative,0.25,availability__boltzina_vina_far_binary,both_exact,930,261,0,2235,2235,1436.0,0.6316181335338423,0.6425055928411633,,,,,,,,
SPD,source_representative,0.25,availability__boltzina_vina_far_binary,one_bounded,930,340,0,4261,4261,2944.0,0.6777494932883781,0.6909176249706641,,,,,,,,
SPD,source_representative,0.25,availability__boltzina_vina_far_binary,both_bounded,930,0,0,0,0,0.0,,,,,,,,,,
SPD,source_representative,0.25,plus__boltzina_vina_far_binary,all_determinate,930,373,0,6496,6496,4451.0,0.6609288261667359,0.6851908866995073,6833,1207,887,378,0.21605887548542796,0.21646144936244308,0.6968616369929278,0.7217444046334078
SPD,source_representative,0.25,plus__boltzina_vina_far_binary,both_exact,930,261,0,2235,2235,1460.0,0.6052809614112297,0.6532438478747203,,,,,,,,
SPD,source_representative,0.25,plus__boltzina_vina_far_binary,one_bounded,930,340,0,4261,4261,2991.0,0.6850855784347902,0.7019478995540953,,,,,,,,
SPD,source_representative,0.25,plus__boltzina_vina_far_binary,both_bounded,930,0,0,0,0,0.0,,,,,,,,,,
SPD,source_representative,0.25,calibrated__boltzina_vina_zero_affinity,all_determinate,930,373,0,6496,6496,4345.0,0.6337585727604668,0.6688731527093597,6833,1207,887,378,0.22854352004067718,0.22510960900061291,0.7925142081711762,0.7934381991487596
SPD,source_representative,0.25,calibrated__boltzina_vina_zero_affinity,both_exact,930,261,0,2235,2235,1444.0,0.6148344418459359,0.6460850111856823,,,,,,,,
SPD,source_representative,0.25,calibrated__boltzina_vina_zero_affinity,one_bounded,930,340,0,4261,4261,2901.0,0.6478306287017618,0.680826097160291,,,,,,,,
SPD,source_representative,0.25,calibrated__boltzina_vina_zero_affinity,both_bounded,930,0,0,0,0,0.0,,,,,,,,,,
SPD,source_representative,0.25,availability__boltzina_vina_zero_affinity,all_determinate,930,373,0,6496,6496,4380.0,0.6586343938218934,0.6742610837438424,6833,1207,887,378,0.23320135152951643,0.23596994070702307,0.7177462684824141,0.7833182207420113
SPD,source_representative,0.25,availability__boltzina_vina_zero_affinity,both_exact,930,261,0,2235,2235,1436.0,0.6316181335338423,0.6425055928411633,,,,,,,,
SPD,source_representative,0.25,availability__boltzina_vina_zero_affinity,one_bounded,930,340,0,4261,4261,2944.0,0.6777494932883781,0.6909176249706641,,,,,,,,
SPD,source_representative,0.25,availability__boltzina_vina_zero_affinity,both_bounded,930,0,0,0,0,0.0,,,,,,,,,,
SPD,source_representative,0.25,plus__boltzina_vina_zero_affinity,all_determinate,930,373,0,6496,6496,4488.0,0.6676145877706782,0.6908866995073891,6833,1207,887,378,0.2091831743874093,0.21002215122634973,0.7129724047974149,0.723133786513067
SPD,source_representative,0.25,plus__boltzina_vina_zero_affinity,both_exact,930,261,0,2235,2235,1515.0,0.6601325239256274,0.6778523489932886,,,,,,,,
SPD,source_representative,0.25,plus__boltzina_vina_zero_affinity,one_bounded,930,340,0,4261,4261,2973.0,0.6772769387916922,0.6977235390753345,,,,,,,,
SPD,source_representative,0.25,plus__boltzina_vina_zero_affinity,both_bounded,930,0,0,0,0,0.0,,,,,,,,,,
SPD,source_representative,0.25,calibrated__boltzina_vina_zero_binary,all_determinate,930,373,0,6496,6496,4270.0,0.6371534877089361,0.6573275862068966,6833,1207,887,378,0.24850519771929888,0.2449677400047701,0.7809129188012672,0.8200811284965863
SPD,source_representative,0.25,calibrated__boltzina_vina_zero_binary,both_exact,930,261,0,2235,2235,1398.0,0.5812205248986858,0.625503355704698,,,,,,,,
SPD,source_representative,0.25,calibrated__boltzina_vina_zero_binary,one_bounded,930,340,0,4261,4261,2872.0,0.6579408537418503,0.6740201830556207,,,,,,,,
SPD,source_representative,0.25,calibrated__boltzina_vina_zero_binary,both_bounded,930,0,0,0,0,0.0,,,,,,,,,,
SPD,source_representative,0.25,availability__boltzina_vina_zero_binary,all_determinate,930,373,0,6496,6496,4380.0,0.6586343938218934,0.6742610837438424,6833,1207,887,378,0.23320135152951643,0.23596994070702307,0.7177462684824141,0.7833182207420113
SPD,source_representative,0.25,availability__boltzina_vina_zero_binary,both_exact,930,261,0,2235,2235,1436.0,0.6316181335338423,0.6425055928411633,,,,,,,,
SPD,source_representative,0.25,availability__boltzina_vina_zero_binary,one_bounded,930,340,0,4261,4261,2944.0,0.6777494932883781,0.6909176249706641,,,,,,,,
SPD,source_representative,0.25,availability__boltzina_vina_zero_binary,both_bounded,930,0,0,0,0,0.0,,,,,,,,,,
SPD,source_representative,0.25,plus__boltzina_vina_zero_binary,all_determinate,930,373,0,6496,6496,4451.0,0.6609288261667359,0.6851908866995073,6833,1207,887,378,0.21605819344489857,0.21646063792887485,0.6968621745659764,0.7217456629055449
SPD,source_representative,0.25,plus__boltzina_vina_zero_binary,both_exact,930,261,0,2235,2235,1460.0,0.6052809614112297,0.6532438478747203,,,,,,,,
SPD,source_representative,0.25,plus__boltzina_vina_zero_binary,one_bounded,930,340,0,4261,4261,2991.0,0.6850855784347902,0.7019478995540953,,,,,,,,
SPD,source_representative,0.25,plus__boltzina_vina_zero_binary,both_bounded,930,0,0,0,0,0.0,,,,,,,,,,
SPD,source_representative,0.25,calibrated__gnina,all_determinate,930,373,0,6496,6496,4145.0,0.6219845611505392,0.6380849753694581,6833,1207,887,378,0.26048720609573855,0.2580838560196818,0.7871071865124805,0.869376485254652
SPD,source_representative,0.25,calibrated__gnina,both_exact,930,261,0,2235,2235,1395.0,0.6103702597955472,0.6241610738255033,,,,,,,,
SPD,source_representative,0.25,calibrated__gnina,one_bounded,930,340,0,4261,4261,2750.0,0.6340765657978152,0.6453884064773527,,,,,,,,
SPD,source_representative,0.25,calibrated__gnina,both_bounded,930,0,0,0,0,0.0,,,,,,,,,,
SPD,source_representative,0.25,availability__gnina,all_determinate,930,373,0,6496,6496,4371.0,0.6570706406998292,0.6728756157635468,6833,1207,887,378,0.2330297253172015,0.23582193355438733,0.7182168893415337,0.7839479793002317
SPD,source_representative,0.25,availability__gnina,both_exact,930,261,0,2235,2235,1433.0,0.630128137790973,0.6411633109619687,,,,,,,,
SPD,source_representative,0.25,availability__gnina,one_bounded,930,340,0,4261,4261,2938.0,0.6766080897572686,0.6895095048110772,,,,,,,,
SPD,source_representative,0.25,availability__gnina,both_bounded,930,0,0,0,0,0.0,,,,,,,,,,
SPD,source_representative,0.25,plus__gnina,all_determinate,930,373,0,6496,6496,4348.0,0.65172123084953,0.6693349753694581,6833,1207,887,378,0.22970521341677488,0.23124097149888442,0.7289405240669248,0.7869005946963394
SPD,source_representative,0.25,plus__gnina,both_exact,930,261,0,2235,2235,1436.0,0.6152084611854726,0.6425055928411633,,,,,,,,
SPD,source_representative,0.25,plus__gnina,one_bounded,930,340,0,4261,4261,2912.0,0.6711583909612067,0.6834076507862005,,,,,,,,
SPD,source_representative,0.25,plus__gnina,both_bounded,930,0,0,0,0,0.0,,,,,,,,,,
SPD,source_representative,0.25,calibrated__nesso_affinity,all_determinate,930,373,0,6496,6496,4445.0,0.6666059301243118,0.6842672413793104,6833,1207,887,378,0.24073962495196213,0.2397755858703071,0.7994039972706962,0.8267439992950862
SPD,source_representative,0.25,calibrated__nesso_affinity,both_exact,930,261,0,2235,2235,1450.0,0.625902981650108,0.6487695749440716,,,,,,,,
SPD,source_representative,0.25,calibrated__nesso_affinity,one_bounded,930,340,0,4261,4261,2995.0,0.6921947198346802,0.7028866463271533,,,,,,,,
SPD,source_representative,0.25,calibrated__nesso_affinity,both_bounded,930,0,0,0,0,0.0,,,,,,,,,,
SPD,source_representative,0.25,availability__nesso_affinity,all_determinate,930,373,0,6496,6496,4371.0,0.6570706406998292,0.6728756157635468,6833,1207,887,378,0.2330297253172015,0.23582193355438733,0.7182168893415337,0.7839479793002317
SPD,source_representative,0.25,availability__nesso_affinity,both_exact,930,261,0,2235,2235,1433.0,0.630128137790973,0.6411633109619687,,,,,,,,
SPD,source_representative,0.25,availability__nesso_affinity,one_bounded,930,340,0,4261,4261,2938.0,0.6766080897572686,0.6895095048110772,,,,,,,,
SPD,source_representative,0.25,availability__nesso_affinity,both_bounded,930,0,0,0,0,0.0,,,,,,,,,,
SPD,source_representative,0.25,plus__nesso_affinity,all_determinate,930,373,0,6496,6496,4647.0,0.6973837375910842,0.7153633004926109,6833,1207,887,378,0.2118361453256124,0.21337697976153888,0.7063616584380482,0.7303316954330847
SPD,source_representative,0.25,plus__nesso_affinity,both_exact,930,261,0,2235,2235,1510.0,0.6346563610931427,0.6756152125279642,,,,,,,,
SPD,source_representative,0.25,plus__nesso_affinity,one_bounded,930,340,0,4261,4261,3137.0,0.7259215250237645,0.7362121567707111,,,,,,,,
SPD,source_representative,0.25,plus__nesso_affinity,both_bounded,930,0,0,0,0,0.0,,,,,,,,,,
SPD,source_representative,0.25,calibrated__nesso_binary,all_determinate,930,373,0,6496,6496,4352.0,0.6429057791664123,0.6699507389162561,6833,1207,887,378,0.23723524936838908,0.23615747583299673,0.7611219521439031,0.7935288904199468
SPD,source_representative,0.25,calibrated__nesso_binary,both_exact,930,261,0,2235,2235,1421.0,0.5917185907607364,0.6357941834451901,,,,,,,,
SPD,source_representative,0.25,calibrated__nesso_binary,one_bounded,930,340,0,4261,4261,2931.0,0.6729266838713235,0.6878666979582257,,,,,,,,
SPD,source_representative,0.25,calibrated__nesso_binary,both_bounded,930,0,0,0,0,0.0,,,,,,,,,,
SPD,source_representative,0.25,availability__nesso_binary,all_determinate,930,373,0,6496,6496,4371.0,0.6570706406998292,0.6728756157635468,6833,1207,887,378,0.2330297253172015,0.23582193355438733,0.7182168893415337,0.7839479793002317
SPD,source_representative,0.25,availability__nesso_binary,both_exact,930,261,0,2235,2235,1433.0,0.630128137790973,0.6411633109619687,,,,,,,,
SPD,source_representative,0.25,availability__nesso_binary,one_bounded,930,340,0,4261,4261,2938.0,0.6766080897572686,0.6895095048110772,,,,,,,,
SPD,source_representative,0.25,availability__nesso_binary,both_bounded,930,0,0,0,0,0.0,,,,,,,,,,
SPD,source_representative,0.25,plus__nesso_binary,all_determinate,930,373,0,6496,6496,4509.0,0.6844913448562719,0.6941194581280788,6833,1207,887,378,0.20963852697856106,0.21096998836168948,0.6957817203886746,0.7213270985178016
SPD,source_representative,0.25,plus__nesso_binary,both_exact,930,261,0,2235,2235,1449.0,0.5938349928771385,0.6483221476510067,,,,,,,,
SPD,source_representative,0.25,plus__nesso_binary,one_bounded,930,340,0,4261,4261,3060.0,0.7171499560866738,0.7181412813893452,,,,,,,,
SPD,source_representative,0.25,plus__nesso_binary,both_bounded,930,0,0,0,0,0.0,,,,,,,,,,
SPD,source_representative,0.25,calibrated__raw_ad4,all_determinate,930,373,0,6496,6496,4081.0,0.606347687892024,0.6282327586206896,6833,1207,887,378,0.27284421983407353,0.27229167247387354,0.7932429805038289,0.8880397070487713
SPD,source_representative,0.25,calibrated__raw_ad4,both_exact,930,261,0,2235,2235,1329.0,0.580427519124837,0.5946308724832214,,,,,,,,
SPD,source_representative,0.25,calibrated__raw_ad4,one_bounded,930,340,0,4261,4261,2752.0,0.6217371844701566,0.6458577798638817,,,,,,,,
SPD,source_representative,0.25,calibrated__raw_ad4,both_bounded,930,0,0,0,0,0.0,,,,,,,,,,
SPD,source_representative,0.25,availability__raw_ad4,all_determinate,930,373,0,6496,6496,4371.0,0.6570706406998292,0.6728756157635468,6833,1207,887,378,0.2330297253172015,0.23582193355438733,0.7182168893415337,0.7839479793002317
SPD,source_representative,0.25,availability__raw_ad4,both_exact,930,261,0,2235,2235,1433.0,0.630128137790973,0.6411633109619687,,,,,,,,
SPD,source_representative,0.25,availability__raw_ad4,one_bounded,930,340,0,4261,4261,2938.0,0.6766080897572686,0.6895095048110772,,,,,,,,
SPD,source_representative,0.25,availability__raw_ad4,both_bounded,930,0,0,0,0,0.0,,,,,,,,,,
SPD,source_representative,0.25,plus__raw_ad4,all_determinate,930,373,0,6496,6496,4380.0,0.6576221866513515,0.6742610837438424,6833,1207,887,378,0.23241912568228207,0.23529550714295328,0.717639079050368,0.7831817661890971
SPD,source_representative,0.25,plus__raw_ad4,both_exact,930,261,0,2235,2235,1435.0,0.6245239293132013,0.6420581655480985,,,,,,,,
SPD,source_representative,0.25,plus__raw_ad4,one_bounded,930,340,0,4261,4261,2945.0,0.6768170359917339,0.6911523116639287,,,,,,,,
SPD,source_representative,0.25,plus__raw_ad4,both_bounded,930,0,0,0,0,0.0,,,,,,,,,,
SPD,source_representative,0.25,calibrated__raw_gnina_own,all_determinate,930,373,0,6496,6496,4140.0,0.6274162808873922,0.6373152709359606,6833,1207,887,378,0.26294566161673655,0.2611295516899327,0.7866575095990612,0.8741935075378958
SPD,source_representative,0.25,calibrated__raw_gnina_own,both_exact,930,261,0,2235,2235,1369.0,0.5964881436145804,0.6125279642058166,,,,,,,,
SPD,source_representative,0.25,calibrated__raw_gnina_own,one_bounded,930,340,0,4261,4261,2771.0,0.6418492906882585,0.6503168270359071,,,,,,,,
SPD,source_representative,0.25,calibrated__raw_gnina_own,both_bounded,930,0,0,0,0,0.0,,,,,,,,,,
SPD,source_representative,0.25,availability__raw_gnina_own,all_determinate,930,373,0,6496,6496,4373.0,0.6573100125879947,0.6731834975369458,6833,1207,887,378,0.23304208941778493,0.23582974497068104,0.7181948248347748,0.7839209866686679
SPD,source_representative,0.25,availability__raw_gnina_own,both_exact,930,261,0,2235,2235,1433.0,0.630128137790973,0.6411633109619687,,,,,,,,
SPD,source_representative,0.25,availability__raw_gnina_own,one_bounded,930,340,0,4261,4261,2940.0,0.676911544472488,0.6899788781976062,,,,,,,,
SPD,source_representative,0.25,availability__raw_gnina_own,both_bounded,930,0,0,0,0,0.0,,,,,,,,,,
SPD,source_representative,0.25,plus__raw_gnina_own,all_determinate,930,373,0,6496,6496,4280.0,0.6497254243346011,0.6588669950738916,6833,1207,887,378,0.23543694408953125,0.23762651879428867,0.7372427217425552,0.8037661726128125
SPD,source_representative,0.25,plus__raw_gnina_own,both_exact,930,261,0,2235,2235,1409.0,0.6093335286821878,0.6304250559284116,,,,,,,,
SPD,source_representative,0.25,plus__raw_gnina_own,one_bounded,930,340,0,4261,4261,2871.0,0.669924064593505,0.6737854963623563,,,,,,,,
SPD,source_representative,0.25,plus__raw_gnina_own,both_bounded,930,0,0,0,0,0.0,,,,,,,,,,
SPD,source_representative,0.25,calibrated__vina,all_determinate,930,373,0,6496,6496,4073.0,0.6107634504095206,0.6270012315270936,6833,1207,887,378,0.2658131541806002,0.26876753841822354,0.813614277233171,0.8883996600485207
SPD,source_representative,0.25,calibrated__vina,both_exact,930,261,0,2235,2235,1305.0,0.5812138904092926,0.5838926174496645,,,,,,,,
SPD,source_representative,0.25,calibrated__vina,one_bounded,930,340,0,4261,4261,2768.0,0.6327651595629957,0.6496127669561136,,,,,,,,
SPD,source_representative,0.25,calibrated__vina,both_bounded,930,0,0,0,0,0.0,,,,,,,,,,
SPD,source_representative,0.25,availability__vina,all_determinate,930,373,0,6496,6496,4371.0,0.6570706406998292,0.6728756157635468,6833,1207,887,378,0.2330297253172015,0.23582193355438733,0.7182168893415337,0.7839479793002317
SPD,source_representative,0.25,availability__vina,both_exact,930,261,0,2235,2235,1433.0,0.630128137790973,0.6411633109619687,,,,,,,,
SPD,source_representative,0.25,availability__vina,one_bounded,930,340,0,4261,4261,2938.0,0.6766080897572686,0.6895095048110772,,,,,,,,
SPD,source_representative,0.25,availability__vina,both_bounded,930,0,0,0,0,0.0,,,,,,,,,,
SPD,source_representative,0.25,plus__vina,all_determinate,930,373,0,6496,6496,4329.0,0.6513143452060621,0.6664100985221675,6833,1207,887,378,0.23457859458370517,0.23901271778731317,0.7448757650752514,0.8040075356636002
SPD,source_representative,0.25,plus__vina,both_exact,930,261,0,2235,2235,1424.0,0.631024438878845,0.6371364653243848,,,,,,,,
SPD,source_representative,0.25,plus__vina,one_bounded,930,340,0,4261,4261,2905.0,0.6683040314992155,0.681764843933349,,,,,,,,
SPD,source_representative,0.25,plus__vina,both_bounded,930,0,0,0,0,0.0,,,,,,,,,,
SPD,source_representative,0.25,native__boltz_affinity,all_determinate,930,373,0,6496,6496,3863.0,0.5620658891389907,0.5946736453201971,,,,,,,,
SPD,source_representative,0.25,native__boltz_affinity,both_exact,930,261,0,2235,2235,1349.0,0.5827234210375972,0.603579418344519,,,,,,,,
SPD,source_representative,0.25,native__boltz_affinity,one_bounded,930,340,0,4261,4261,2514.0,0.5584008730119223,0.5900023468669326,,,,,,,,
SPD,source_representative,0.25,native__boltz_affinity,both_bounded,930,0,0,0,0,0.0,,,,,,,,,,
SPD,source_representative,0.25,native__boltz_binary,all_determinate,930,373,0,6496,6496,4428.0,0.6588247248321865,0.6816502463054187,,,,,,,,
SPD,source_representative,0.25,native__boltz_binary,both_exact,930,261,0,2235,2235,1467.0,0.6193682860349526,0.6563758389261745,,,,,,,,
SPD,source_representative,0.25,native__boltz_binary,one_bounded,930,340,0,4261,4261,2961.0,0.669977022623152,0.6949072987561605,,,,,,,,
SPD,source_representative,0.25,native__boltz_binary,both_bounded,930,0,0,0,0,0.0,,,,,,,,,,
SPD,source_representative,0.25,native__boltzina_vina_far_affinity,all_determinate,930,373,0,6496,6496,3812.0,0.5633429089572257,0.5868226600985221,,,,,,,,
SPD,source_representative,0.25,native__boltzina_vina_far_affinity,both_exact,930,261,0,2235,2235,1355.0,0.5747355879539788,0.6062639821029083,,,,,,,,
SPD,source_representative,0.25,native__boltzina_vina_far_affinity,one_bounded,930,340,0,4261,4261,2457.0,0.5609944838593803,0.5766252053508566,,,,,,,,
SPD,source_representative,0.25,native__boltzina_vina_far_affinity,both_bounded,930,0,0,0,0,0.0,,,,,,,,,,
SPD,source_representative,0.25,native__boltzina_vina_far_binary,all_determinate,930,373,0,6496,6496,4495.0,0.6701386313571764,0.6919642857142857,,,,,,,,
SPD,source_representative,0.25,native__boltzina_vina_far_binary,both_exact,930,261,0,2235,2235,1503.0,0.6373898628687901,0.6724832214765101,,,,,,,,
SPD,source_representative,0.25,native__boltzina_vina_far_binary,one_bounded,930,340,0,4261,4261,2992.0,0.6848865517360594,0.7021825862473597,,,,,,,,
SPD,source_representative,0.25,native__boltzina_vina_far_binary,both_bounded,930,0,0,0,0,0.0,,,,,,,,,,
SPD,source_representative,0.25,native__boltzina_vina_zero_affinity,all_determinate,930,373,0,6496,6496,3812.0,0.5633429089572257,0.5868226600985221,,,,,,,,
SPD,source_representative,0.25,native__boltzina_vina_zero_affinity,both_exact,930,261,0,2235,2235,1355.0,0.5747355879539788,0.6062639821029083,,,,,,,,
SPD,source_representative,0.25,native__boltzina_vina_zero_affinity,one_bounded,930,340,0,4261,4261,2457.0,0.5609944838593803,0.5766252053508566,,,,,,,,
SPD,source_representative,0.25,native__boltzina_vina_zero_affinity,both_bounded,930,0,0,0,0,0.0,,,,,,,,,,
SPD,source_representative,0.25,native__boltzina_vina_zero_binary,all_determinate,930,373,0,6496,6496,4495.0,0.6701386313571764,0.6919642857142857,,,,,,,,
SPD,source_representative,0.25,native__boltzina_vina_zero_binary,both_exact,930,261,0,2235,2235,1503.0,0.6373898628687901,0.6724832214765101,,,,,,,,
SPD,source_representative,0.25,native__boltzina_vina_zero_binary,one_bounded,930,340,0,4261,4261,2992.0,0.6848865517360594,0.7021825862473597,,,,,,,,
SPD,source_representative,0.25,native__boltzina_vina_zero_binary,both_bounded,930,0,0,0,0,0.0,,,,,,,,,,
SPD,source_representative,0.25,native__gnina,all_determinate,930,373,0,6496,6496,3918.0,0.6129066023803486,0.6031403940886699,,,,,,,,
SPD,source_representative,0.25,native__gnina,both_exact,930,261,0,2235,2235,1317.0,0.5876546895703983,0.5892617449664429,,,,,,,,
SPD,source_representative,0.25,native__gnina,one_bounded,930,340,0,4261,4261,2601.0,0.6096930109173158,0.6104200891809435,,,,,,,,
SPD,source_representative,0.25,native__gnina,both_bounded,930,0,0,0,0,0.0,,,,,,,,,,
SPD,source_representative,0.25,native__nesso_affinity,all_determinate,930,373,0,6496,6496,3788.0,0.55521162589458,0.583128078817734,,,,,,,,
SPD,source_representative,0.25,native__nesso_affinity,both_exact,930,261,0,2235,2235,1283.0,0.5424660765656935,0.5740492170022371,,,,,,,,
SPD,source_representative,0.25,native__nesso_affinity,one_bounded,930,340,0,4261,4261,2505.0,0.5676277551262378,0.5878901666275522,,,,,,,,
SPD,source_representative,0.25,native__nesso_affinity,both_bounded,930,0,0,0,0,0.0,,,,,,,,,,
SPD,source_representative,0.25,native__nesso_binary,all_determinate,930,373,0,6496,6496,4183.0,0.6190976568175237,0.6439347290640394,,,,,,,,
SPD,source_representative,0.25,native__nesso_binary,both_exact,930,261,0,2235,2235,1338.0,0.5881406659184437,0.5986577181208054,,,,,,,,
SPD,source_representative,0.25,native__nesso_binary,one_bounded,930,340,0,4261,4261,2845.0,0.6501608491366812,0.6676836423374795,,,,,,,,
SPD,source_representative,0.25,native__nesso_binary,both_bounded,930,0,0,0,0,0.0,,,,,,,,,,
SPD,source_representative,0.25,native__raw_ad4,all_determinate,930,373,0,6496,6496,3602.0,0.5432162975080075,0.5544950738916257,,,,,,,,
SPD,source_representative,0.25,native__raw_ad4,both_exact,930,261,0,2235,2235,1179.5,0.5072764683875794,0.5277404921700224,,,,,,,,
SPD,source_representative,0.25,native__raw_ad4,one_bounded,930,340,0,4261,4261,2422.5,0.5596458954862389,0.5685285144332316,,,,,,,,
SPD,source_representative,0.25,native__raw_ad4,both_bounded,930,0,0,0,0,0.0,,,,,,,,,,
SPD,source_representative,0.25,native__raw_gnina_own,all_determinate,930,373,0,6496,6496,3885.0,0.62776057059596,0.5980603448275862,,,,,,,,
SPD,source_representative,0.25,native__raw_gnina_own,both_exact,930,261,0,2235,2235,1339.0,0.6045267489711934,0.5991051454138703,,,,,,,,
SPD,source_representative,0.25,native__raw_gnina_own,one_bounded,930,340,0,4261,4261,2546.0,0.620668381156207,0.5975123210513964,,,,,,,,
SPD,source_representative,0.25,native__raw_gnina_own,both_bounded,930,0,0,0,0,0.0,,,,,,,,,,
SPD,source_representative,0.25,native__vina,all_determinate,930,373,0,6496,6496,3903.5,0.5804399141812819,0.6009082512315271,,,,,,,,
SPD,source_representative,0.25,native__vina,both_exact,930,261,0,2235,2235,1163.0,0.4954656490097103,0.5203579418344519,,,,,,,,
SPD,source_representative,0.25,native__vina,one_bounded,930,340,0,4261,4261,2740.5,0.6211274507583027,0.64315888289134,,,,,,,,
SPD,source_representative,0.25,native__vina,both_bounded,930,0,0,0,0,0.0,,,,,,,,,,
SPD,source_representative,0.5,target_prior,all_determinate,930,373,0,6496,6496,4213.0,0.6054735098898008,0.6485529556650246,6833,1207,887,378,0.29562566888811526,0.29167502205723883,0.7898911078789035,0.8876648915985514
SPD,source_representative,0.5,target_prior,both_exact,930,261,0,2235,2235,1377.0,0.6008996183325684,0.6161073825503356,,,,,,,,
SPD,source_representative,0.5,target_prior,one_bounded,930,340,0,4261,4261,2836.0,0.626607982101518,0.665571462098099,,,,,,,,
SPD,source_representative,0.5,target_prior,both_bounded,930,0,0,0,0,0.0,,,,,,,,,,
SPD,source_representative,0.5,chemistry,all_determinate,930,373,0,6496,6496,4603.0,0.6916130195058066,0.7085899014778325,6833,1207,887,378,0.22407046893137075,0.2258949701882799,0.6728694541377628,0.7243165314992802
SPD,source_representative,0.5,chemistry,both_exact,930,261,0,2235,2235,1472.0,0.6341212710944512,0.6586129753914989,,,,,,,,
SPD,source_representative,0.5,chemistry,one_bounded,930,340,0,4261,4261,3131.0,0.7231162097996255,0.7348040366111241,,,,,,,,
SPD,source_representative,0.5,chemistry,both_bounded,930,0,0,0,0,0.0,,,,,,,,,,
SPD,source_representative,0.5,calibrated__boltz_affinity,all_determinate,930,373,0,6496,6496,4415.0,0.6432846896979331,0.6796490147783252,6833,1207,887,378,0.23125476648952017,0.22538288093017628,0.748648171014971,0.7501805920857498
SPD,source_representative,0.5,calibrated__boltz_affinity,both_exact,930,261,0,2235,2235,1424.0,0.6019971655986982,0.6371364653243848,,,,,,,,
SPD,source_representative,0.5,calibrated__boltz_affinity,one_bounded,930,340,0,4261,4261,2991.0,0.6620754266303148,0.7019478995540953,,,,,,,,
SPD,source_representative,0.5,calibrated__boltz_affinity,both_bounded,930,0,0,0,0,0.0,,,,,,,,,,
SPD,source_representative,0.5,availability__boltz_affinity,all_determinate,930,373,0,6496,6496,4603.0,0.6916130195058066,0.7085899014778325,6833,1207,887,378,0.2240778295786907,0.2258983207568822,0.6728631903472182,0.7243102071782495
SPD,source_representative,0.5,availability__boltz_affinity,both_exact,930,261,0,2235,2235,1472.0,0.6341212710944512,0.6586129753914989,,,,,,,,
SPD,source_representative,0.5,availability__boltz_affinity,one_bounded,930,340,0,4261,4261,3131.0,0.7231162097996255,0.7348040366111241,,,,,,,,
SPD,source_representative,0.5,availability__boltz_affinity,both_bounded,930,0,0,0,0,0.0,,,,,,,,,,
SPD,source_representative,0.5,plus__boltz_affinity,all_determinate,930,373,0,6496,6496,4730.0,0.7028401742729701,0.7281403940886699,6833,1207,887,378,0.19712551651948373,0.19662714757528235,0.6762476551208765,0.6638985306241777
SPD,source_representative,0.5,plus__boltz_affinity,both_exact,930,261,0,2235,2235,1540.0,0.6513036771657462,0.6890380313199105,,,,,,,,
SPD,source_representative,0.5,plus__boltz_affinity,one_bounded,930,340,0,4261,4261,3190.0,0.7236577476037749,0.7486505515137292,,,,,,,,
SPD,source_representative,0.5,plus__boltz_affinity,both_bounded,930,0,0,0,0,0.0,,,,,,,,,,
SPD,source_representative,0.5,calibrated__boltz_binary,all_determinate,930,373,0,6496,6496,4337.0,0.6602205941295136,0.6676416256157636,6833,1207,887,378,0.2534526581850456,0.2480247423903438,0.7327507417373803,0.780246888189508
SPD,source_representative,0.5,calibrated__boltz_binary,both_exact,930,261,0,2235,2235,1396.0,0.6015158886806397,0.6246085011185682,,,,,,,,
SPD,source_representative,0.5,calibrated__boltz_binary,one_bounded,930,340,0,4261,4261,2941.0,0.6814098515161192,0.6902135648908707,,,,,,,,
SPD,source_representative,0.5,calibrated__boltz_binary,both_bounded,930,0,0,0,0,0.0,,,,,,,,,,
SPD,source_representative,0.5,availability__boltz_binary,all_determinate,930,373,0,6496,6496,4603.0,0.6916130195058066,0.7085899014778325,6833,1207,887,378,0.2240778295786907,0.2258983207568822,0.6728631903472182,0.7243102071782495
SPD,source_representative,0.5,availability__boltz_binary,both_exact,930,261,0,2235,2235,1472.0,0.6341212710944512,0.6586129753914989,,,,,,,,
SPD,source_representative,0.5,availability__boltz_binary,one_bounded,930,340,0,4261,4261,3131.0,0.7231162097996255,0.7348040366111241,,,,,,,,
SPD,source_representative,0.5,availability__boltz_binary,both_bounded,930,0,0,0,0,0.0,,,,,,,,,,
SPD,source_representative,0.5,plus__boltz_binary,all_determinate,930,373,0,6496,6496,4736.0,0.7157912934945636,0.729064039408867,6833,1207,887,378,0.1968387840392638,0.19734463518800585,0.6495875203611411,0.6655410889803864
SPD,source_representative,0.5,plus__boltz_binary,both_exact,930,261,0,2235,2235,1522.0,0.6258077951564541,0.6809843400447427,,,,,,,,
SPD,source_representative,0.5,plus__boltz_binary,one_bounded,930,340,0,4261,4261,3214.0,0.7490393474855578,0.7542830321520769,,,,,,,,
SPD,source_representative,0.5,plus__boltz_binary,both_bounded,930,0,0,0,0,0.0,,,,,,,,,,
SPD,source_representative,0.5,calibrated__boltzina_vina_far_affinity,all_determinate,930,373,0,6496,6496,4450.0,0.6511582454905134,0.6850369458128078,6833,1207,887,378,0.23059215681552198,0.2251442012891507,0.7494872100917253,0.7498057322962388
SPD,source_representative,0.5,calibrated__boltzina_vina_far_affinity,both_exact,930,261,0,2235,2235,1469.0,0.6255448113685661,0.6572706935123043,,,,,,,,
SPD,source_representative,0.5,calibrated__boltzina_vina_far_affinity,one_bounded,930,340,0,4261,4261,2981.0,0.6662360135595232,0.6996010326214503,,,,,,,,
SPD,source_representative,0.5,calibrated__boltzina_vina_far_affinity,both_bounded,930,0,0,0,0,0.0,,,,,,,,,,
SPD,source_representative,0.5,availability__boltzina_vina_far_affinity,all_determinate,930,373,0,6496,6496,4604.0,0.6889382386582638,0.708743842364532,6833,1207,887,378,0.22419246805826692,0.2259791039396957,0.6729054935036813,0.7242956837676752
SPD,source_representative,0.5,availability__boltzina_vina_far_affinity,both_exact,930,261,0,2235,2235,1474.0,0.6319045223259783,0.6595078299776287,,,,,,,,
SPD,source_representative,0.5,availability__boltzina_vina_far_affinity,one_bounded,930,340,0,4261,4261,3130.0,0.7214741024684816,0.7345693499178596,,,,,,,,
SPD,source_representative,0.5,availability__boltzina_vina_far_affinity,both_bounded,930,0,0,0,0,0.0,,,,,,,,,,
SPD,source_representative,0.5,plus__boltzina_vina_far_affinity,all_determinate,930,373,0,6496,6496,4728.0,0.6972032474844481,0.7278325123152709,6833,1207,887,378,0.1965480399693209,0.1969310798774897,0.6792777794201382,0.665459638790187
SPD,source_representative,0.5,plus__boltzina_vina_far_affinity,both_exact,930,261,0,2235,2235,1579.0,0.674074074074074,0.7064876957494407,,,,,,,,
SPD,source_representative,0.5,plus__boltzina_vina_far_affinity,one_bounded,930,340,0,4261,4261,3149.0,0.7127731870799183,0.739028397089885,,,,,,,,
SPD,source_representative,0.5,plus__boltzina_vina_far_affinity,both_bounded,930,0,0,0,0,0.0,,,,,,,,,,
SPD,source_representative,0.5,calibrated__boltzina_vina_far_binary,all_determinate,930,373,0,6496,6496,4402.0,0.6667080184097599,0.6776477832512315,6833,1207,887,378,0.2473380834756183,0.24149511498154072,0.7229425454930087,0.764551206381753
SPD,source_representative,0.5,calibrated__boltzina_vina_far_binary,both_exact,930,261,0,2235,2235,1418.0,0.6116364336670849,0.6344519015659955,,,,,,,,
SPD,source_representative,0.5,calibrated__boltzina_vina_far_binary,one_bounded,930,340,0,4261,4261,2984.0,0.6900845382768788,0.7003050927012439,,,,,,,,
SPD,source_representative,0.5,calibrated__boltzina_vina_far_binary,both_bounded,930,0,0,0,0,0.0,,,,,,,,,,
SPD,source_representative,0.5,availability__boltzina_vina_far_binary,all_determinate,930,373,0,6496,6496,4604.0,0.6889382386582638,0.708743842364532,6833,1207,887,378,0.22419246805826692,0.2259791039396957,0.6729054935036813,0.7242956837676752
SPD,source_representative,0.5,availability__boltzina_vina_far_binary,both_exact,930,261,0,2235,2235,1474.0,0.6319045223259783,0.6595078299776287,,,,,,,,
SPD,source_representative,0.5,availability__boltzina_vina_far_binary,one_bounded,930,340,0,4261,4261,3130.0,0.7214741024684816,0.7345693499178596,,,,,,,,
SPD,source_representative,0.5,availability__boltzina_vina_far_binary,both_bounded,930,0,0,0,0,0.0,,,,,,,,,,
SPD,source_representative,0.5,plus__boltzina_vina_far_binary,all_determinate,930,373,0,6496,6496,4714.0,0.7085170318263062,0.7256773399014779,6833,1207,887,378,0.20246672086862552,0.2014824694822563,0.6453197359182783,0.6663824659635107
SPD,source_representative,0.5,plus__boltzina_vina_far_binary,both_exact,930,261,0,2235,2235,1516.0,0.6343864663788035,0.6782997762863535,,,,,,,,
SPD,source_representative,0.5,plus__boltzina_vina_far_binary,one_bounded,930,340,0,4261,4261,3198.0,0.7382310949264858,0.7505280450598452,,,,,,,,
SPD,source_representative,0.5,plus__boltzina_vina_far_binary,both_bounded,930,0,0,0,0,0.0,,,,,,,,,,
SPD,source_representative,0.5,calibrated__boltzina_vina_zero_affinity,all_determinate,930,373,0,6496,6496,4450.0,0.6511582454905134,0.6850369458128078,6833,1207,887,378,0.23059103208682397,0.2251430463543573,0.749486492929056,0.7498043853803887
SPD,source_representative,0.5,calibrated__boltzina_vina_zero_affinity,both_exact,930,261,0,2235,2235,1469.0,0.6255448113685661,0.6572706935123043,,,,,,,,
SPD,source_representative,0.5,calibrated__boltzina_vina_zero_affinity,one_bounded,930,340,0,4261,4261,2981.0,0.6662360135595232,0.6996010326214503,,,,,,,,
SPD,source_representative,0.5,calibrated__boltzina_vina_zero_affinity,both_bounded,930,0,0,0,0,0.0,,,,,,,,,,
SPD,source_representative,0.5,availability__boltzina_vina_zero_affinity,all_determinate,930,373,0,6496,6496,4604.0,0.6889382386582638,0.708743842364532,6833,1207,887,378,0.22419246805826692,0.2259791039396957,0.6729054935036813,0.7242956837676752
SPD,source_representative,0.5,availability__boltzina_vina_zero_affinity,both_exact,930,261,0,2235,2235,1474.0,0.6319045223259783,0.6595078299776287,,,,,,,,
SPD,source_representative,0.5,availability__boltzina_vina_zero_affinity,one_bounded,930,340,0,4261,4261,3130.0,0.7214741024684816,0.7345693499178596,,,,,,,,
SPD,source_representative,0.5,availability__boltzina_vina_zero_affinity,both_bounded,930,0,0,0,0,0.0,,,,,,,,,,
SPD,source_representative,0.5,plus__boltzina_vina_zero_affinity,all_determinate,930,373,0,6496,6496,4729.0,0.6973149543655918,0.7279864532019704,6833,1207,887,378,0.19654789438221373,0.19693053032778737,0.6792708795632244,0.6654530413484399
SPD,source_representative,0.5,plus__boltzina_vina_zero_affinity,both_exact,930,261,0,2235,2235,1579.0,0.674074074074074,0.7064876957494407,,,,,,,,
SPD,source_representative,0.5,plus__boltzina_vina_zero_affinity,one_bounded,930,340,0,4261,4261,3150.0,0.7129132431023272,0.7392630837831495,,,,,,,,
SPD,source_representative,0.5,plus__boltzina_vina_zero_affinity,both_bounded,930,0,0,0,0,0.0,,,,,,,,,,
SPD,source_representative,0.5,calibrated__boltzina_vina_zero_binary,all_determinate,930,373,0,6496,6496,4402.0,0.6667080184097599,0.6776477832512315,6833,1207,887,378,0.24733812399475696,0.2414951952901722,0.7229443232937289,0.7645539702516556
SPD,source_representative,0.5,calibrated__boltzina_vina_zero_binary,both_exact,930,261,0,2235,2235,1418.0,0.6116364336670849,0.6344519015659955,,,,,,,,
SPD,source_representative,0.5,calibrated__boltzina_vina_zero_binary,one_bounded,930,340,0,4261,4261,2984.0,0.6900845382768788,0.7003050927012439,,,,,,,,
SPD,source_representative,0.5,calibrated__boltzina_vina_zero_binary,both_bounded,930,0,0,0,0,0.0,,,,,,,,,,
SPD,source_representative,0.5,availability__boltzina_vina_zero_binary,all_determinate,930,373,0,6496,6496,4604.0,0.6889382386582638,0.708743842364532,6833,1207,887,378,0.22419246805826692,0.2259791039396957,0.6729054935036813,0.7242956837676752
SPD,source_representative,0.5,availability__boltzina_vina_zero_binary,both_exact,930,261,0,2235,2235,1474.0,0.6319045223259783,0.6595078299776287,,,,,,,,
SPD,source_representative,0.5,availability__boltzina_vina_zero_binary,one_bounded,930,340,0,4261,4261,3130.0,0.7214741024684816,0.7345693499178596,,,,,,,,
SPD,source_representative,0.5,availability__boltzina_vina_zero_binary,both_bounded,930,0,0,0,0,0.0,,,,,,,,,,
SPD,source_representative,0.5,plus__boltzina_vina_zero_binary,all_determinate,930,373,0,6496,6496,4715.0,0.708665974334498,0.7258312807881774,6833,1207,887,378,0.2024675947301066,0.2014832057487309,0.6453199964023799,0.6663831971605035
SPD,source_representative,0.5,plus__boltzina_vina_zero_binary,both_exact,930,261,0,2235,2235,1516.0,0.6343864663788035,0.6782997762863535,,,,,,,,
SPD,source_representative,0.5,plus__boltzina_vina_zero_binary,one_bounded,930,340,0,4261,4261,3199.0,0.7384271733578583,0.7507627317531096,,,,,,,,
SPD,source_representative,0.5,plus__boltzina_vina_zero_binary,both_bounded,930,0,0,0,0,0.0,,,,,,,,,,
SPD,source_representative,0.5,calibrated__gnina,all_determinate,930,373,0,6496,6496,4279.0,0.6356506342153324,0.6587130541871922,6833,1207,887,378,0.27252367820063095,0.26908785651101874,0.771860625502516,0.8520390749131818
SPD,source_representative,0.5,calibrated__gnina,both_exact,930,261,0,2235,2235,1400.0,0.607076327957554,0.6263982102908278,,,,,,,,
SPD,source_representative,0.5,calibrated__gnina,one_bounded,930,340,0,4261,4261,2879.0,0.6531767861215614,0.6756629899084722,,,,,,,,
SPD,source_representative,0.5,calibrated__gnina,both_bounded,930,0,0,0,0,0.0,,,,,,,,,,
SPD,source_representative,0.5,availability__gnina,all_determinate,930,373,0,6496,6496,4599.0,0.690310472346354,0.7079741379310345,6833,1207,887,378,0.22381840538852396,0.22573463833542223,0.673280696901941,0.7247445445043154
SPD,source_representative,0.5,availability__gnina,both_exact,930,261,0,2235,2235,1472.0,0.630271608624099,0.6586129753914989,,,,,,,,
SPD,source_representative,0.5,availability__gnina,one_bounded,930,340,0,4261,4261,3127.0,0.7214399314451464,0.7338652898380662,,,,,,,,
SPD,source_representative,0.5,availability__gnina,both_bounded,930,0,0,0,0,0.0,,,,,,,,,,
SPD,source_representative,0.5,plus__gnina,all_determinate,930,373,0,6496,6496,4669.0,0.700190397356195,0.71875,6833,1207,887,378,0.21158950431730247,0.21276770025082745,0.6744949988041766,0.7038964416009924
SPD,source_representative,0.5,plus__gnina,both_exact,930,261,0,2235,2235,1534.0,0.6497184027835368,0.6863534675615213,,,,,,,,
SPD,source_representative,0.5,plus__gnina,one_bounded,930,340,0,4261,4261,3135.0,0.7226204373553919,0.7357427833841821,,,,,,,,
SPD,source_representative,0.5,plus__gnina,both_bounded,930,0,0,0,0,0.0,,,,,,,,,,
SPD,source_representative,0.5,calibrated__nesso_affinity,all_determinate,930,373,0,6496,6496,4514.0,0.6669304665590589,0.6948891625615764,6833,1207,887,378,0.24154748052545952,0.2382783028496215,0.7570451337237124,0.7808078845749891
SPD,source_representative,0.5,calibrated__nesso_affinity,both_exact,930,261,0,2235,2235,1465.0,0.6279970845104943,0.6554809843400448,,,,,,,,
SPD,source_representative,0.5,calibrated__nesso_affinity,one_bounded,930,340,0,4261,4261,3049.0,0.6930232330510572,0.7155597277634358,,,,,,,,
SPD,source_representative,0.5,calibrated__nesso_affinity,both_bounded,930,0,0,0,0,0.0,,,,,,,,,,
SPD,source_representative,0.5,availability__nesso_affinity,all_determinate,930,373,0,6496,6496,4599.0,0.690310472346354,0.7079741379310345,6833,1207,887,378,0.22381840538852396,0.22573463833542223,0.673280696901941,0.7247445445043154
SPD,source_representative,0.5,availability__nesso_affinity,both_exact,930,261,0,2235,2235,1472.0,0.630271608624099,0.6586129753914989,,,,,,,,
SPD,source_representative,0.5,availability__nesso_affinity,one_bounded,930,340,0,4261,4261,3127.0,0.7214399314451464,0.7338652898380662,,,,,,,,
SPD,source_representative,0.5,availability__nesso_affinity,both_bounded,930,0,0,0,0,0.0,,,,,,,,,,
SPD,source_representative,0.5,plus__nesso_affinity,all_determinate,930,373,0,6496,6496,4772.0,0.7163046685919814,0.7346059113300493,6833,1207,887,378,0.19477875422154292,0.19537129509500734,0.6584400773498214,0.6649085213497209
SPD,source_representative,0.5,plus__nesso_affinity,both_exact,930,261,0,2235,2235,1560.0,0.657697850609728,0.697986577181208,,,,,,,,
SPD,source_representative,0.5,plus__nesso_affinity,one_bounded,930,340,0,4261,4261,3212.0,0.7448823082408306,0.753813658765548,,,,,,,,
SPD,source_representative,0.5,plus__nesso_affinity,both_bounded,930,0,0,0,0,0.0,,,,,,,,,,
SPD,source_representative,0.5,calibrated__nesso_binary,all_determinate,930,373,0,6496,6496,4459.0,0.6664245494365837,0.6864224137931034,6833,1207,887,378,0.24227467727527782,0.2397586577144468,0.7315204767018587,0.7606223376803455
SPD,source_representative,0.5,calibrated__nesso_binary,both_exact,930,261,0,2235,2235,1428.0,0.6159964910922765,0.6389261744966444,,,,,,,,
SPD,source_representative,0.5,calibrated__nesso_binary,one_bounded,930,340,0,4261,4261,3031.0,0.7004996185482455,0.711335367284675,,,,,,,,
SPD,source_representative,0.5,calibrated__nesso_binary,both_bounded,930,0,0,0,0,0.0,,,,,,,,,,
SPD,source_representative,0.5,availability__nesso_binary,all_determinate,930,373,0,6496,6496,4599.0,0.690310472346354,0.7079741379310345,6833,1207,887,378,0.22381840538852396,0.22573463833542223,0.673280696901941,0.7247445445043154
SPD,source_representative,0.5,availability__nesso_binary,both_exact,930,261,0,2235,2235,1472.0,0.630271608624099,0.6586129753914989,,,,,,,,
SPD,source_representative,0.5,availability__nesso_binary,one_bounded,930,340,0,4261,4261,3127.0,0.7214399314451464,0.7338652898380662,,,,,,,,
SPD,source_representative,0.5,availability__nesso_binary,both_bounded,930,0,0,0,0,0.0,,,,,,,,,,
SPD,source_representative,0.5,plus__nesso_binary,all_determinate,930,373,0,6496,6496,4652.0,0.70470311652783,0.7161330049261084,6833,1207,887,378,0.20641941781526787,0.20693544683972206,0.6747914600835738,0.6909122367405804
SPD,source_representative,0.5,plus__nesso_binary,both_exact,930,261,0,2235,2235,1493.0,0.6320933288366238,0.6680089485458613,,,,,,,,
SPD,source_representative,0.5,plus__nesso_binary,one_bounded,930,340,0,4261,4261,3159.0,0.7358239592370472,0.74137526402253,,,,,,,,
SPD,source_representative,0.5,plus__nesso_binary,both_bounded,930,0,0,0,0,0.0,,,,,,,,,,
SPD,source_representative,0.5,calibrated__raw_ad4,all_determinate,930,373,0,6496,6496,4212.0,0.6145983391051277,0.6483990147783252,6833,1207,887,378,0.2815985939045899,0.27970390209440543,0.7740516145572846,0.8668323575241023
SPD,source_representative,0.5,calibrated__raw_ad4,both_exact,930,261,0,2235,2235,1391.0,0.6186520376175548,0.6223713646532438,,,,,,,,
SPD,source_representative,0.5,calibrated__raw_ad4,one_bounded,930,340,0,4261,4261,2821.0,0.6269125706581564,0.6620511616991317,,,,,,,,
SPD,source_representative,0.5,calibrated__raw_ad4,both_bounded,930,0,0,0,0,0.0,,,,,,,,,,
SPD,source_representative,0.5,availability__raw_ad4,all_determinate,930,373,0,6496,6496,4599.0,0.690310472346354,0.7079741379310345,6833,1207,887,378,0.22381840538852396,0.22573463833542223,0.673280696901941,0.7247445445043154
SPD,source_representative,0.5,availability__raw_ad4,both_exact,930,261,0,2235,2235,1472.0,0.630271608624099,0.6586129753914989,,,,,,,,
SPD,source_representative,0.5,availability__raw_ad4,one_bounded,930,340,0,4261,4261,3127.0,0.7214399314451464,0.7338652898380662,,,,,,,,
SPD,source_representative,0.5,availability__raw_ad4,both_bounded,930,0,0,0,0,0.0,,,,,,,,,,
SPD,source_representative,0.5,plus__raw_ad4,all_determinate,930,373,0,6496,6496,4669.0,0.707846969270122,0.71875,6833,1207,887,378,0.2147235995568176,0.21716005869257365,0.6613594867409046,0.7009223852462994
SPD,source_representative,0.5,plus__raw_ad4,both_exact,930,261,0,2235,2235,1503.0,0.6587325545179951,0.6724832214765101,,,,,,,,
SPD,source_representative,0.5,plus__raw_ad4,one_bounded,930,340,0,4261,4261,3166.0,0.7371255719924016,0.7430180708753814,,,,,,,,
SPD,source_representative,0.5,plus__raw_ad4,both_bounded,930,0,0,0,0,0.0,,,,,,,,,,
SPD,source_representative,0.5,calibrated__raw_gnina_own,all_determinate,930,373,0,6496,6496,4276.0,0.6369841691681558,0.6582512315270936,6833,1207,887,378,0.2752139167215571,0.2726552841246604,0.7740218699218305,0.8582999559720789
SPD,source_representative,0.5,calibrated__raw_gnina_own,both_exact,930,261,0,2235,2235,1401.0,0.5912602581184957,0.6268456375838927,,,,,,,,
SPD,source_representative,0.5,calibrated__raw_gnina_own,one_bounded,930,340,0,4261,4261,2875.0,0.65836582669662,0.6747242431354142,,,,,,,,
SPD,source_representative,0.5,calibrated__raw_gnina_own,both_bounded,930,0,0,0,0,0.0,,,,,,,,,,
SPD,source_representative,0.5,availability__raw_gnina_own,all_determinate,930,373,0,6496,6496,4598.0,0.6894168172972029,0.707820197044335,6833,1207,887,378,0.22383510312853738,0.22574792246869627,0.6732652592807975,0.7247296412097346
SPD,source_representative,0.5,availability__raw_gnina_own,both_exact,930,261,0,2235,2235,1472.0,0.630271608624099,0.6586129753914989,,,,,,,,
SPD,source_representative,0.5,availability__raw_gnina_own,one_bounded,930,340,0,4261,4261,3126.0,0.7204595392882838,0.7336306031448017,,,,,,,,
SPD,source_representative,0.5,availability__raw_gnina_own,both_bounded,930,0,0,0,0,0.0,,,,,,,,,,
SPD,source_representative,0.5,plus__raw_gnina_own,all_determinate,930,373,0,6496,6496,4596.0,0.6911204484554664,0.7075123152709359,6833,1207,887,378,0.22164266718474507,0.2230936248931338,0.6917664534731881,0.7372852922118523
SPD,source_representative,0.5,plus__raw_gnina_own,both_exact,930,261,0,2235,2235,1478.0,0.6193500411891216,0.6612975391498881,,,,,,,,
SPD,source_representative,0.5,plus__raw_gnina_own,one_bounded,930,340,0,4261,4261,3118.0,0.7218630211452597,0.7317531095986858,,,,,,,,
SPD,source_representative,0.5,plus__raw_gnina_own,both_bounded,930,0,0,0,0,0.0,,,,,,,,,,
SPD,source_representative,0.5,calibrated__vina,all_determinate,930,373,0,6496,6496,4230.0,0.6143895045822344,0.6511699507389163,6833,1207,887,378,0.288366969473776,0.28543517847384425,0.7820916859671028,0.876499474739489
SPD,source_representative,0.5,calibrated__vina,both_exact,930,261,0,2235,2235,1373.0,0.5998556998556999,0.6143176733780761,,,,,,,,
SPD,source_representative,0.5,calibrated__vina,one_bounded,930,340,0,4261,4261,2857.0,0.6341104428829589,0.6704998826566534,,,,,,,,
SPD,source_representative,0.5,calibrated__vina,both_bounded,930,0,0,0,0,0.0,,,,,,,,,,
SPD,source_representative,0.5,availability__vina,all_determinate,930,373,0,6496,6496,4599.0,0.690310472346354,0.7079741379310345,6833,1207,887,378,0.22381840538852396,0.22573463833542223,0.673280696901941,0.7247445445043154
SPD,source_representative,0.5,availability__vina,both_exact,930,261,0,2235,2235,1472.0,0.630271608624099,0.6586129753914989,,,,,,,,
SPD,source_representative,0.5,availability__vina,one_bounded,930,340,0,4261,4261,3127.0,0.7214399314451464,0.7338652898380662,,,,,,,,
SPD,source_representative,0.5,availability__vina,both_bounded,930,0,0,0,0,0.0,,,,,,,,,,
SPD,source_representative,0.5,plus__vina,all_determinate,930,373,0,6496,6496,4548.0,0.6809554936326365,0.7001231527093597,6833,1207,887,378,0.22947450168393294,0.23247266771879593,0.697574771094967,0.7575242366609517
SPD,source_representative,0.5,plus__vina,both_exact,930,261,0,2235,2235,1454.0,0.6315478263754126,0.6505592841163311,,,,,,,,
SPD,source_representative,0.5,plus__vina,one_bounded,930,340,0,4261,4261,3094.0,0.7065139022641328,0.7261206289603379,,,,,,,,
SPD,source_representative,0.5,plus__vina,both_bounded,930,0,0,0,0,0.0,,,,,,,,,,
SPD,source_representative,0.5,native__boltz_affinity,all_determinate,930,373,0,6496,6496,3863.0,0.5620658891389907,0.5946736453201971,,,,,,,,
SPD,source_representative,0.5,native__boltz_affinity,both_exact,930,261,0,2235,2235,1349.0,0.5827234210375972,0.603579418344519,,,,,,,,
SPD,source_representative,0.5,native__boltz_affinity,one_bounded,930,340,0,4261,4261,2514.0,0.5584008730119223,0.5900023468669326,,,,,,,,
SPD,source_representative,0.5,native__boltz_affinity,both_bounded,930,0,0,0,0,0.0,,,,,,,,,,
SPD,source_representative,0.5,native__boltz_binary,all_determinate,930,373,0,6496,6496,4428.0,0.6588247248321865,0.6816502463054187,,,,,,,,
SPD,source_representative,0.5,native__boltz_binary,both_exact,930,261,0,2235,2235,1467.0,0.6193682860349526,0.6563758389261745,,,,,,,,
SPD,source_representative,0.5,native__boltz_binary,one_bounded,930,340,0,4261,4261,2961.0,0.669977022623152,0.6949072987561605,,,,,,,,
SPD,source_representative,0.5,native__boltz_binary,both_bounded,930,0,0,0,0,0.0,,,,,,,,,,
SPD,source_representative,0.5,native__boltzina_vina_far_affinity,all_determinate,930,373,0,6496,6496,3812.0,0.5633429089572257,0.5868226600985221,,,,,,,,
SPD,source_representative,0.5,native__boltzina_vina_far_affinity,both_exact,930,261,0,2235,2235,1355.0,0.5747355879539788,0.6062639821029083,,,,,,,,
SPD,source_representative,0.5,native__boltzina_vina_far_affinity,one_bounded,930,340,0,4261,4261,2457.0,0.5609944838593803,0.5766252053508566,,,,,,,,
SPD,source_representative,0.5,native__boltzina_vina_far_affinity,both_bounded,930,0,0,0,0,0.0,,,,,,,,,,
SPD,source_representative,0.5,native__boltzina_vina_far_binary,all_determinate,930,373,0,6496,6496,4495.0,0.6701386313571764,0.6919642857142857,,,,,,,,
SPD,source_representative,0.5,native__boltzina_vina_far_binary,both_exact,930,261,0,2235,2235,1503.0,0.6373898628687901,0.6724832214765101,,,,,,,,
SPD,source_representative,0.5,native__boltzina_vina_far_binary,one_bounded,930,340,0,4261,4261,2992.0,0.6848865517360594,0.7021825862473597,,,,,,,,
SPD,source_representative,0.5,native__boltzina_vina_far_binary,both_bounded,930,0,0,0,0,0.0,,,,,,,,,,
SPD,source_representative,0.5,native__boltzina_vina_zero_affinity,all_determinate,930,373,0,6496,6496,3812.0,0.5633429089572257,0.5868226600985221,,,,,,,,
SPD,source_representative,0.5,native__boltzina_vina_zero_affinity,both_exact,930,261,0,2235,2235,1355.0,0.5747355879539788,0.6062639821029083,,,,,,,,
SPD,source_representative,0.5,native__boltzina_vina_zero_affinity,one_bounded,930,340,0,4261,4261,2457.0,0.5609944838593803,0.5766252053508566,,,,,,,,
SPD,source_representative,0.5,native__boltzina_vina_zero_affinity,both_bounded,930,0,0,0,0,0.0,,,,,,,,,,
SPD,source_representative,0.5,native__boltzina_vina_zero_binary,all_determinate,930,373,0,6496,6496,4495.0,0.6701386313571764,0.6919642857142857,,,,,,,,
SPD,source_representative,0.5,native__boltzina_vina_zero_binary,both_exact,930,261,0,2235,2235,1503.0,0.6373898628687901,0.6724832214765101,,,,,,,,
SPD,source_representative,0.5,native__boltzina_vina_zero_binary,one_bounded,930,340,0,4261,4261,2992.0,0.6848865517360594,0.7021825862473597,,,,,,,,
SPD,source_representative,0.5,native__boltzina_vina_zero_binary,both_bounded,930,0,0,0,0,0.0,,,,,,,,,,
SPD,source_representative,0.5,native__gnina,all_determinate,930,373,0,6496,6496,3918.0,0.6129066023803486,0.6031403940886699,,,,,,,,
SPD,source_representative,0.5,native__gnina,both_exact,930,261,0,2235,2235,1317.0,0.5876546895703983,0.5892617449664429,,,,,,,,
SPD,source_representative,0.5,native__gnina,one_bounded,930,340,0,4261,4261,2601.0,0.6096930109173158,0.6104200891809435,,,,,,,,
SPD,source_representative,0.5,native__gnina,both_bounded,930,0,0,0,0,0.0,,,,,,,,,,
SPD,source_representative,0.5,native__nesso_affinity,all_determinate,930,373,0,6496,6496,3788.0,0.55521162589458,0.583128078817734,,,,,,,,
SPD,source_representative,0.5,native__nesso_affinity,both_exact,930,261,0,2235,2235,1283.0,0.5424660765656935,0.5740492170022371,,,,,,,,
SPD,source_representative,0.5,native__nesso_affinity,one_bounded,930,340,0,4261,4261,2505.0,0.5676277551262378,0.5878901666275522,,,,,,,,
SPD,source_representative,0.5,native__nesso_affinity,both_bounded,930,0,0,0,0,0.0,,,,,,,,,,
SPD,source_representative,0.5,native__nesso_binary,all_determinate,930,373,0,6496,6496,4183.0,0.6190976568175237,0.6439347290640394,,,,,,,,
SPD,source_representative,0.5,native__nesso_binary,both_exact,930,261,0,2235,2235,1338.0,0.5881406659184437,0.5986577181208054,,,,,,,,
SPD,source_representative,0.5,native__nesso_binary,one_bounded,930,340,0,4261,4261,2845.0,0.6501608491366812,0.6676836423374795,,,,,,,,
SPD,source_representative,0.5,native__nesso_binary,both_bounded,930,0,0,0,0,0.0,,,,,,,,,,
SPD,source_representative,0.5,native__raw_ad4,all_determinate,930,373,0,6496,6496,3602.0,0.5432162975080075,0.5544950738916257,,,,,,,,
SPD,source_representative,0.5,native__raw_ad4,both_exact,930,261,0,2235,2235,1179.5,0.5072764683875794,0.5277404921700224,,,,,,,,
SPD,source_representative,0.5,native__raw_ad4,one_bounded,930,340,0,4261,4261,2422.5,0.5596458954862389,0.5685285144332316,,,,,,,,
SPD,source_representative,0.5,native__raw_ad4,both_bounded,930,0,0,0,0,0.0,,,,,,,,,,
SPD,source_representative,0.5,native__raw_gnina_own,all_determinate,930,373,0,6496,6496,3885.0,0.62776057059596,0.5980603448275862,,,,,,,,
SPD,source_representative,0.5,native__raw_gnina_own,both_exact,930,261,0,2235,2235,1339.0,0.6045267489711934,0.5991051454138703,,,,,,,,
SPD,source_representative,0.5,native__raw_gnina_own,one_bounded,930,340,0,4261,4261,2546.0,0.620668381156207,0.5975123210513964,,,,,,,,
SPD,source_representative,0.5,native__raw_gnina_own,both_bounded,930,0,0,0,0,0.0,,,,,,,,,,
SPD,source_representative,0.5,native__vina,all_determinate,930,373,0,6496,6496,3903.5,0.5804399141812819,0.6009082512315271,,,,,,,,
SPD,source_representative,0.5,native__vina,both_exact,930,261,0,2235,2235,1163.0,0.4954656490097103,0.5203579418344519,,,,,,,,
SPD,source_representative,0.5,native__vina,one_bounded,930,340,0,4261,4261,2740.5,0.6211274507583027,0.64315888289134,,,,,,,,
SPD,source_representative,0.5,native__vina,both_bounded,930,0,0,0,0,0.0,,,,,,,,,,
SPD,source_representative,1.0,target_prior,all_determinate,930,373,0,6496,6496,4103.0,0.5984607084139935,0.6316194581280788,6833,1207,887,378,0.3019942805582153,0.2983325566143941,0.7760050164197586,0.8715544445017637
SPD,source_representative,1.0,target_prior,both_exact,930,261,0,2235,2235,1384.0,0.5972416188891285,0.6192393736017897,,,,,,,,
SPD,source_representative,1.0,target_prior,one_bounded,930,340,0,4261,4261,2719.0,0.6125712077101634,0.6381131189861535,,,,,,,,
SPD,source_representative,1.0,target_prior,both_bounded,930,0,0,0,0,0.0,,,,,,,,,,
SPD,source_representative,1.0,chemistry,all_determinate,930,373,0,6496,6496,4751.0,0.7112178424751265,0.7313731527093597,6833,1207,887,378,0.20877879368980667,0.21080933481792327,0.6283901757000584,0.6681646990055796
SPD,source_representative,1.0,chemistry,both_exact,930,261,0,2235,2235,1529.0,0.6497143483733522,0.6841163310961969,,,,,,,,
SPD,source_representative,1.0,chemistry,one_bounded,930,340,0,4261,4261,3222.0,0.7453871146242774,0.7561605256981929,,,,,,,,
SPD,source_representative,1.0,chemistry,both_bounded,930,0,0,0,0,0.0,,,,,,,,,,
SPD,source_representative,1.0,calibrated__boltz_affinity,all_determinate,930,373,0,6496,6496,4440.0,0.6581132600717224,0.6834975369458128,6833,1207,887,378,0.23181583948930531,0.22623682688002741,0.7172038897658084,0.7281315968540965
SPD,source_representative,1.0,calibrated__boltz_affinity,both_exact,930,261,0,2235,2235,1446.0,0.6166272283130521,0.6469798657718121,,,,,,,,
SPD,source_representative,1.0,calibrated__boltz_affinity,one_bounded,930,340,0,4261,4261,2994.0,0.6691714496360754,0.7026519596338887,,,,,,,,
SPD,source_representative,1.0,calibrated__boltz_affinity,both_bounded,930,0,0,0,0,0.0,,,,,,,,,,
SPD,source_representative,1.0,availability__boltz_affinity,all_determinate,930,373,0,6496,6496,4751.0,0.7112178424751265,0.7313731527093597,6833,1207,887,378,0.20879947864088552,0.21082090122514818,0.6283808002016771,0.6681553349422484
SPD,source_representative,1.0,availability__boltz_affinity,both_exact,930,261,0,2235,2235,1529.0,0.6497143483733522,0.6841163310961969,,,,,,,,
SPD,source_representative,1.0,availability__boltz_affinity,one_bounded,930,340,0,4261,4261,3222.0,0.7453871146242774,0.7561605256981929,,,,,,,,
SPD,source_representative,1.0,availability__boltz_affinity,both_bounded,930,0,0,0,0,0.0,,,,,,,,,,
SPD,source_representative,1.0,plus__boltz_affinity,all_determinate,930,373,0,6496,6496,4832.0,0.7173513333315308,0.7438423645320197,6833,1207,887,378,0.18847151562767275,0.18835330349364734,0.6338700758212793,0.6319874748477439
SPD,source_representative,1.0,plus__boltz_affinity,both_exact,930,261,0,2235,2235,1562.0,0.6541924444223295,0.6988814317673379,,,,,,,,
SPD,source_representative,1.0,plus__boltz_affinity,one_bounded,930,340,0,4261,4261,3270.0,0.7389539824121887,0.7674254869748885,,,,,,,,
SPD,source_representative,1.0,plus__boltz_affinity,both_bounded,930,0,0,0,0,0.0,,,,,,,,,,
SPD,source_representative,1.0,calibrated__boltz_binary,all_determinate,930,373,0,6496,6496,4318.0,0.6554165317249329,0.6647167487684729,6833,1207,887,378,0.24780959061592206,0.24189131225360677,0.7028664598269525,0.7606358307661479
SPD,source_representative,1.0,calibrated__boltz_binary,both_exact,930,261,0,2235,2235,1407.0,0.6008986047300224,0.6295302013422819,,,,,,,,
SPD,source_representative,1.0,calibrated__boltz_binary,one_bounded,930,340,0,4261,4261,2911.0,0.6705294535595968,0.6831729640929359,,,,,,,,
SPD,source_representative,1.0,calibrated__boltz_binary,both_bounded,930,0,0,0,0,0.0,,,,,,,,,,
SPD,source_representative,1.0,availability__boltz_binary,all_determinate,930,373,0,6496,6496,4751.0,0.7112178424751265,0.7313731527093597,6833,1207,887,378,0.20879947864088552,0.21082090122514818,0.6283808002016771,0.6681553349422484
SPD,source_representative,1.0,availability__boltz_binary,both_exact,930,261,0,2235,2235,1529.0,0.6497143483733522,0.6841163310961969,,,,,,,,
SPD,source_representative,1.0,availability__boltz_binary,one_bounded,930,340,0,4261,4261,3222.0,0.7453871146242774,0.7561605256981929,,,,,,,,
SPD,source_representative,1.0,availability__boltz_binary,both_bounded,930,0,0,0,0,0.0,,,,,,,,,,
SPD,source_representative,1.0,plus__boltz_binary,all_determinate,930,373,0,6496,6496,4798.0,0.7174514819317427,0.7386083743842364,6833,1207,887,378,0.18878990742186286,0.18933530947621127,0.6101528636837241,0.6370437494261769
SPD,source_representative,1.0,plus__boltz_binary,both_exact,930,261,0,2235,2235,1541.0,0.6327893052030983,0.6894854586129754,,,,,,,,
SPD,source_representative,1.0,plus__boltz_binary,one_bounded,930,340,0,4261,4261,3257.0,0.7463229917568174,0.7643745599624502,,,,,,,,
SPD,source_representative,1.0,plus__boltz_binary,both_bounded,930,0,0,0,0,0.0,,,,,,,,,,
SPD,source_representative,1.0,calibrated__boltzina_vina_far_affinity,all_determinate,930,373,0,6496,6496,4480.0,0.6579393744800349,0.6896551724137931,6833,1207,887,378,0.23242769723152762,0.22710951907812787,0.7170006799480043,0.7243860700404456
SPD,source_representative,1.0,calibrated__boltzina_vina_far_affinity,both_exact,930,261,0,2235,2235,1490.0,0.6431314605644108,0.6666666666666666,,,,,,,,
SPD,source_representative,1.0,calibrated__boltzina_vina_far_affinity,one_bounded,930,340,0,4261,4261,2990.0,0.6680360631831022,0.7017132128608308,,,,,,,,
SPD,source_representative,1.0,calibrated__boltzina_vina_far_affinity,both_bounded,930,0,0,0,0,0.0,,,,,,,,,,
SPD,source_representative,1.0,availability__boltzina_vina_far_affinity,all_determinate,930,373,0,6496,6496,4748.0,0.7101481688206347,0.7309113300492611,6833,1207,887,378,0.20938709777854503,0.21125925675818724,0.6274830350968125,0.6673345396179594
SPD,source_representative,1.0,availability__boltzina_vina_far_affinity,both_exact,930,261,0,2235,2235,1528.0,0.6507592804527669,0.6836689038031319,,,,,,,,
SPD,source_representative,1.0,availability__boltzina_vina_far_affinity,one_bounded,930,340,0,4261,4261,3220.0,0.7447872554621117,0.755691152311664,,,,,,,,
SPD,source_representative,1.0,availability__boltzina_vina_far_affinity,both_bounded,930,0,0,0,0,0.0,,,,,,,,,,
SPD,source_representative,1.0,plus__boltzina_vina_far_affinity,all_determinate,930,373,0,6496,6496,4814.0,0.7067441680443405,0.7410714285714286,6833,1207,887,378,0.18843311387680886,0.18887646801060723,0.6351251364513393,0.6323864949745749
SPD,source_representative,1.0,plus__boltzina_vina_far_affinity,both_exact,930,261,0,2235,2235,1590.0,0.6678138804575585,0.7114093959731543,,,,,,,,
SPD,source_representative,1.0,plus__boltzina_vina_far_affinity,one_bounded,930,340,0,4261,4261,3224.0,0.7262522620529833,0.7566298990847219,,,,,,,,
SPD,source_representative,1.0,plus__boltzina_vina_far_affinity,both_bounded,930,0,0,0,0,0.0,,,,,,,,,,
SPD,source_representative,1.0,calibrated__boltzina_vina_far_binary,all_determinate,930,373,0,6496,6496,4433.0,0.6658297669732881,0.6824199507389163,6833,1207,887,378,0.24465860369258488,0.23901988024983725,0.699012669843452,0.7525698875365485
SPD,source_representative,1.0,calibrated__boltzina_vina_far_binary,both_exact,930,261,0,2235,2235,1447.0,0.6211852146718048,0.647427293064877,,,,,,,,
SPD,source_representative,1.0,calibrated__boltzina_vina_far_binary,one_bounded,930,340,0,4261,4261,2986.0,0.6818701365188601,0.7007744660877728,,,,,,,,
SPD,source_representative,1.0,calibrated__boltzina_vina_far_binary,both_bounded,930,0,0,0,0,0.0,,,,,,,,,,
SPD,source_representative,1.0,availability__boltzina_vina_far_binary,all_determinate,930,373,0,6496,6496,4748.0,0.7101481688206347,0.7309113300492611,6833,1207,887,378,0.20938709777854503,0.21125925675818724,0.6274830350968125,0.6673345396179594
SPD,source_representative,1.0,availability__boltzina_vina_far_binary,both_exact,930,261,0,2235,2235,1528.0,0.6507592804527669,0.6836689038031319,,,,,,,,
SPD,source_representative,1.0,availability__boltzina_vina_far_binary,one_bounded,930,340,0,4261,4261,3220.0,0.7447872554621117,0.755691152311664,,,,,,,,
SPD,source_representative,1.0,availability__boltzina_vina_far_binary,both_bounded,930,0,0,0,0,0.0,,,,,,,,,,
SPD,source_representative,1.0,plus__boltzina_vina_far_binary,all_determinate,930,373,0,6496,6496,4819.0,0.711766299772666,0.7418411330049262,6833,1207,887,378,0.1878021057803398,0.18827155497082346,0.6079896877706044,0.6328816572935515
SPD,source_representative,1.0,plus__boltzina_vina_far_binary,both_exact,930,261,0,2235,2235,1561.0,0.6460133168945429,0.698434004474273,,,,,,,,
SPD,source_representative,1.0,plus__boltzina_vina_far_binary,one_bounded,930,340,0,4261,4261,3258.0,0.7388027454078284,0.7646092466557146,,,,,,,,
SPD,source_representative,1.0,plus__boltzina_vina_far_binary,both_bounded,930,0,0,0,0,0.0,,,,,,,,,,
SPD,source_representative,1.0,calibrated__boltzina_vina_zero_affinity,all_determinate,930,373,0,6496,6496,4480.0,0.6579393744800349,0.6896551724137931,6833,1207,887,378,0.23242618088509936,0.22710794427708575,0.7170001976987955,0.7243834075488325
SPD,source_representative,1.0,calibrated__boltzina_vina_zero_affinity,both_exact,930,261,0,2235,2235,1490.0,0.6431314605644108,0.6666666666666666,,,,,,,,
SPD,source_representative,1.0,calibrated__boltzina_vina_zero_affinity,one_bounded,930,340,0,4261,4261,2990.0,0.6680360631831022,0.7017132128608308,,,,,,,,
SPD,source_representative,1.0,calibrated__boltzina_vina_zero_affinity,both_bounded,930,0,0,0,0,0.0,,,,,,,,,,
SPD,source_representative,1.0,availability__boltzina_vina_zero_affinity,all_determinate,930,373,0,6496,6496,4748.0,0.7101481688206347,0.7309113300492611,6833,1207,887,378,0.20938709777854503,0.21125925675818724,0.6274830350968125,0.6673345396179594
SPD,source_representative,1.0,availability__boltzina_vina_zero_affinity,both_exact,930,261,0,2235,2235,1528.0,0.6507592804527669,0.6836689038031319,,,,,,,,
SPD,source_representative,1.0,availability__boltzina_vina_zero_affinity,one_bounded,930,340,0,4261,4261,3220.0,0.7447872554621117,0.755691152311664,,,,,,,,
SPD,source_representative,1.0,availability__boltzina_vina_zero_affinity,both_bounded,930,0,0,0,0,0.0,,,,,,,,,,
SPD,source_representative,1.0,plus__boltzina_vina_zero_affinity,all_determinate,930,373,0,6496,6496,4814.0,0.7067441680443405,0.7410714285714286,6833,1207,887,378,0.18843396768220597,0.1888768136685354,0.6351187656719145,0.6323794813625776
SPD,source_representative,1.0,plus__boltzina_vina_zero_affinity,both_exact,930,261,0,2235,2235,1590.0,0.6678138804575585,0.7114093959731543,,,,,,,,
SPD,source_representative,1.0,plus__boltzina_vina_zero_affinity,one_bounded,930,340,0,4261,4261,3224.0,0.7262522620529833,0.7566298990847219,,,,,,,,
SPD,source_representative,1.0,plus__boltzina_vina_zero_affinity,both_bounded,930,0,0,0,0,0.0,,,,,,,,,,
SPD,source_representative,1.0,calibrated__boltzina_vina_zero_binary,all_determinate,930,373,0,6496,6496,4433.0,0.6658297669732881,0.6824199507389163,6833,1207,887,378,0.2446584064555244,0.2390198336856028,0.6990127271989158,0.7525708948747837
SPD,source_representative,1.0,calibrated__boltzina_vina_zero_binary,both_exact,930,261,0,2235,2235,1447.0,0.6211852146718048,0.647427293064877,,,,,,,,
SPD,source_representative,1.0,calibrated__boltzina_vina_zero_binary,one_bounded,930,340,0,4261,4261,2986.0,0.6818701365188601,0.7007744660877728,,,,,,,,
SPD,source_representative,1.0,calibrated__boltzina_vina_zero_binary,both_bounded,930,0,0,0,0,0.0,,,,,,,,,,
SPD,source_representative,1.0,availability__boltzina_vina_zero_binary,all_determinate,930,373,0,6496,6496,4748.0,0.7101481688206347,0.7309113300492611,6833,1207,887,378,0.20938709777854503,0.21125925675818724,0.6274830350968125,0.6673345396179594
SPD,source_representative,1.0,availability__boltzina_vina_zero_binary,both_exact,930,261,0,2235,2235,1528.0,0.6507592804527669,0.6836689038031319,,,,,,,,
SPD,source_representative,1.0,availability__boltzina_vina_zero_binary,one_bounded,930,340,0,4261,4261,3220.0,0.7447872554621117,0.755691152311664,,,,,,,,
SPD,source_representative,1.0,availability__boltzina_vina_zero_binary,both_bounded,930,0,0,0,0,0.0,,,,,,,,,,
SPD,source_representative,1.0,plus__boltzina_vina_zero_binary,all_determinate,930,373,0,6496,6496,4819.0,0.711766299772666,0.7418411330049262,6833,1207,887,378,0.187801219724499,0.18827074424248424,0.607991622395895,0.632883961975773
SPD,source_representative,1.0,plus__boltzina_vina_zero_binary,both_exact,930,261,0,2235,2235,1561.0,0.6460133168945429,0.698434004474273,,,,,,,,
SPD,source_representative,1.0,plus__boltzina_vina_zero_binary,one_bounded,930,340,0,4261,4261,3258.0,0.7388027454078284,0.7646092466557146,,,,,,,,
SPD,source_representative,1.0,plus__boltzina_vina_zero_binary,both_bounded,930,0,0,0,0,0.0,,,,,,,,,,
SPD,source_representative,1.0,calibrated__gnina,all_determinate,930,373,0,6496,6496,4232.0,0.6458607130865918,0.6514778325123153,6833,1207,887,378,0.28013312862299944,0.2774029040319063,0.7436971890424926,0.825157347999158
SPD,source_representative,1.0,calibrated__gnina,both_exact,930,261,0,2235,2235,1407.0,0.613704367152643,0.6295302013422819,,,,,,,,
SPD,source_representative,1.0,calibrated__gnina,one_bounded,930,340,0,4261,4261,2825.0,0.653919660695544,0.6629899084721896,,,,,,,,
SPD,source_representative,1.0,calibrated__gnina,both_bounded,930,0,0,0,0,0.0,,,,,,,,,,
SPD,source_representative,1.0,availability__gnina,all_determinate,930,373,0,6496,6496,4747.0,0.7083460888878774,0.7307573891625616,6833,1207,887,378,0.20892105206722308,0.21091221070612592,0.6284250171972522,0.6682022137277907
SPD,source_representative,1.0,availability__gnina,both_exact,930,261,0,2235,2235,1525.0,0.6487960244665226,0.6823266219239373,,,,,,,,
SPD,source_representative,1.0,availability__gnina,one_bounded,930,340,0,4261,4261,3222.0,0.7439089874882556,0.7561605256981929,,,,,,,,
SPD,source_representative,1.0,availability__gnina,both_bounded,930,0,0,0,0,0.0,,,,,,,,,,
SPD,source_representative,1.0,plus__gnina,all_determinate,930,373,0,6496,6496,4748.0,0.7090329356317051,0.7309113300492611,6833,1207,887,378,0.2055560219112644,0.20690907959573823,0.624412847378332,0.6625668088219294
SPD,source_representative,1.0,plus__gnina,both_exact,930,261,0,2235,2235,1550.0,0.6622121599133093,0.6935123042505593,,,,,,,,
SPD,source_representative,1.0,plus__gnina,one_bounded,930,340,0,4261,4261,3198.0,0.7359458492137659,0.7505280450598452,,,,,,,,
SPD,source_representative,1.0,plus__gnina,both_bounded,930,0,0,0,0,0.0,,,,,,,,,,
SPD,source_representative,1.0,calibrated__nesso_affinity,all_determinate,930,373,0,6496,6496,4508.0,0.670430557272612,0.6939655172413793,6833,1207,887,378,0.23845713005855648,0.23472622719070305,0.685122901050849,0.7314047568256096
SPD,source_representative,1.0,calibrated__nesso_affinity,both_exact,930,261,0,2235,2235,1453.0,0.6333497352654441,0.6501118568232662,,,,,,,,
SPD,source_representative,1.0,calibrated__nesso_affinity,one_bounded,930,340,0,4261,4261,3055.0,0.6957212499818187,0.7169678479230228,,,,,,,,
SPD,source_representative,1.0,calibrated__nesso_affinity,both_bounded,930,0,0,0,0,0.0,,,,,,,,,,
SPD,source_representative,1.0,availability__nesso_affinity,all_determinate,930,373,0,6496,6496,4747.0,0.7083460888878774,0.7307573891625616,6833,1207,887,378,0.20892105206722308,0.21091221070612592,0.6284250171972522,0.6682022137277907
SPD,source_representative,1.0,availability__nesso_affinity,both_exact,930,261,0,2235,2235,1525.0,0.6487960244665226,0.6823266219239373,,,,,,,,
SPD,source_representative,1.0,availability__nesso_affinity,one_bounded,930,340,0,4261,4261,3222.0,0.7439089874882556,0.7561605256981929,,,,,,,,
SPD,source_representative,1.0,availability__nesso_affinity,both_bounded,930,0,0,0,0,0.0,,,,,,,,,,
SPD,source_representative,1.0,plus__nesso_affinity,all_determinate,930,373,0,6496,6496,4847.0,0.7217196986584289,0.7461514778325123,6833,1207,887,378,0.18719014474352558,0.18771130815923373,0.59642440639617,0.6191961788932568
SPD,source_representative,1.0,plus__nesso_affinity,both_exact,930,261,0,2235,2235,1572.0,0.6701476542472711,0.7033557046979866,,,,,,,,
SPD,source_representative,1.0,plus__nesso_affinity,one_bounded,930,340,0,4261,4261,3275.0,0.7503793786267875,0.768598920441211,,,,,,,,
SPD,source_representative,1.0,plus__nesso_affinity,both_bounded,930,0,0,0,0,0.0,,,,,,,,,,
SPD,source_representative,1.0,calibrated__nesso_binary,all_determinate,930,373,0,6496,6496,4507.0,0.670588879001183,0.6938115763546798,6833,1207,887,378,0.2323959228906832,0.2291841653917525,0.6951407809186623,0.7302015371367341
SPD,source_representative,1.0,calibrated__nesso_binary,both_exact,930,261,0,2235,2235,1456.0,0.6298157639153807,0.6514541387024608,,,,,,,,
SPD,source_representative,1.0,calibrated__nesso_binary,one_bounded,930,340,0,4261,4261,3051.0,0.6980228448836654,0.7160291011499648,,,,,,,,
SPD,source_representative,1.0,calibrated__nesso_binary,both_bounded,930,0,0,0,0,0.0,,,,,,,,,,
SPD,source_representative,1.0,availability__nesso_binary,all_determinate,930,373,0,6496,6496,4747.0,0.7083460888878774,0.7307573891625616,6833,1207,887,378,0.20892105206722308,0.21091221070612592,0.6284250171972522,0.6682022137277907
SPD,source_representative,1.0,availability__nesso_binary,both_exact,930,261,0,2235,2235,1525.0,0.6487960244665226,0.6823266219239373,,,,,,,,
SPD,source_representative,1.0,availability__nesso_binary,one_bounded,930,340,0,4261,4261,3222.0,0.7439089874882556,0.7561605256981929,,,,,,,,
SPD,source_representative,1.0,availability__nesso_binary,both_bounded,930,0,0,0,0,0.0,,,,,,,,,,
SPD,source_representative,1.0,plus__nesso_binary,all_determinate,930,373,0,6496,6496,4785.0,0.7179494477843655,0.7366071428571429,6833,1207,887,378,0.18782230265134048,0.1892563200206939,0.6153467153248185,0.6325712382243314
SPD,source_representative,1.0,plus__nesso_binary,both_exact,930,261,0,2235,2235,1545.0,0.6562940110832832,0.6912751677852349,,,,,,,,
SPD,source_representative,1.0,plus__nesso_binary,one_bounded,930,340,0,4261,4261,3240.0,0.7469695953321688,0.7603848861769538,,,,,,,,
SPD,source_representative,1.0,plus__nesso_binary,both_bounded,930,0,0,0,0,0.0,,,,,,,,,,
SPD,source_representative,1.0,calibrated__raw_ad4,all_determinate,930,373,0,6496,6496,4211.0,0.6093746540342966,0.6482450738916257,6833,1207,887,378,0.2927940273252919,0.29093699384769595,0.7629960498454132,0.8539164426757968
SPD,source_representative,1.0,calibrated__raw_ad4,both_exact,930,261,0,2235,2235,1403.0,0.6080417383099376,0.6277404921700224,,,,,,,,
SPD,source_representative,1.0,calibrated__raw_ad4,one_bounded,930,340,0,4261,4261,2808.0,0.6230040999812909,0.6590002346866932,,,,,,,,
SPD,source_representative,1.0,calibrated__raw_ad4,both_bounded,930,0,0,0,0,0.0,,,,,,,,,,
SPD,source_representative,1.0,availability__raw_ad4,all_determinate,930,373,0,6496,6496,4747.0,0.7083460888878774,0.7307573891625616,6833,1207,887,378,0.20892105206722308,0.21091221070612592,0.6284250171972522,0.6682022137277907
SPD,source_representative,1.0,availability__raw_ad4,both_exact,930,261,0,2235,2235,1525.0,0.6487960244665226,0.6823266219239373,,,,,,,,
SPD,source_representative,1.0,availability__raw_ad4,one_bounded,930,340,0,4261,4261,3222.0,0.7439089874882556,0.7561605256981929,,,,,,,,
SPD,source_representative,1.0,availability__raw_ad4,both_bounded,930,0,0,0,0,0.0,,,,,,,,,,
SPD,source_representative,1.0,plus__raw_ad4,all_determinate,930,373,0,6496,6496,4741.0,0.707816377512085,0.7298337438423645,6833,1207,887,378,0.20836673334553132,0.2104439916507572,0.6269766533830652,0.6672876220230722
SPD,source_representative,1.0,plus__raw_ad4,both_exact,930,261,0,2235,2235,1527.0,0.6520253621786187,0.6832214765100671,,,,,,,,
SPD,source_representative,1.0,plus__raw_ad4,one_bounded,930,340,0,4261,4261,3214.0,0.7410561218321893,0.7542830321520769,,,,,,,,
SPD,source_representative,1.0,plus__raw_ad4,both_bounded,930,0,0,0,0,0.0,,,,,,,,,,
SPD,source_representative,1.0,calibrated__raw_gnina_own,all_determinate,930,373,0,6496,6496,4269.0,0.6532537888582065,0.6571736453201971,6833,1207,887,378,0.27614088545961346,0.27387948154062725,0.7445549595543096,0.8185893212340694
SPD,source_representative,1.0,calibrated__raw_gnina_own,both_exact,930,261,0,2235,2235,1424.0,0.6093045027910928,0.6371364653243848,,,,,,,,
SPD,source_representative,1.0,calibrated__raw_gnina_own,one_bounded,930,340,0,4261,4261,2845.0,0.6625363007469429,0.6676836423374795,,,,,,,,
SPD,source_representative,1.0,calibrated__raw_gnina_own,both_bounded,930,0,0,0,0,0.0,,,,,,,,,,
SPD,source_representative,1.0,availability__raw_gnina_own,all_determinate,930,373,0,6496,6496,4747.0,0.7083567558579602,0.7307573891625616,6833,1207,887,378,0.20893373639737128,0.21092179180815104,0.6284073989115021,0.6681907526451281
SPD,source_representative,1.0,availability__raw_gnina_own,both_exact,930,261,0,2235,2235,1526.0,0.6491791662289746,0.6827740492170022,,,,,,,,
SPD,source_representative,1.0,availability__raw_gnina_own,one_bounded,930,340,0,4261,4261,3221.0,0.7437541887266456,0.7559258390049284,,,,,,,,
SPD,source_representative,1.0,availability__raw_gnina_own,both_bounded,930,0,0,0,0,0.0,,,,,,,,,,
SPD,source_representative,1.0,plus__raw_gnina_own,all_determinate,930,373,0,6496,6496,4785.0,0.7174302884172464,0.7366071428571429,6833,1207,887,378,0.20435720505253013,0.20569371855961346,0.6282352132941534,0.659531142944486
SPD,source_representative,1.0,plus__raw_gnina_own,both_exact,930,261,0,2235,2235,1553.0,0.6632581977409563,0.6948545861297539,,,,,,,,
SPD,source_representative,1.0,plus__raw_gnina_own,one_bounded,930,340,0,4261,4261,3232.0,0.7447811123685757,0.7585073926308379,,,,,,,,
SPD,source_representative,1.0,plus__raw_gnina_own,both_bounded,930,0,0,0,0,0.0,,,,,,,,,,
SPD,source_representative,1.0,calibrated__vina,all_determinate,930,373,0,6496,6496,4140.0,0.6068985808686248,0.6373152709359606,6833,1207,887,378,0.2865734862071853,0.28797513413904796,0.7588818239219979,0.848895750141804
SPD,source_representative,1.0,calibrated__vina,both_exact,930,261,0,2235,2235,1362.0,0.593623149944989,0.6093959731543624,,,,,,,,
SPD,source_representative,1.0,calibrated__vina,one_bounded,930,340,0,4261,4261,2778.0,0.6231343167652426,0.6519596338887585,,,,,,,,
SPD,source_representative,1.0,calibrated__vina,both_bounded,930,0,0,0,0,0.0,,,,,,,,,,
SPD,source_representative,1.0,availability__vina,all_determinate,930,373,0,6496,6496,4747.0,0.7083460888878774,0.7307573891625616,6833,1207,887,378,0.20892105206722308,0.21091221070612592,0.6284250171972522,0.6682022137277907
SPD,source_representative,1.0,availability__vina,both_exact,930,261,0,2235,2235,1525.0,0.6487960244665226,0.6823266219239373,,,,,,,,
SPD,source_representative,1.0,availability__vina,one_bounded,930,340,0,4261,4261,3222.0,0.7439089874882556,0.7561605256981929,,,,,,,,
SPD,source_representative,1.0,availability__vina,both_bounded,930,0,0,0,0,0.0,,,,,,,,,,
SPD,source_representative,1.0,plus__vina,all_determinate,930,373,0,6496,6496,4774.0,0.7192328237437048,0.7349137931034483,6833,1207,887,378,0.2052167127564085,0.20816290107614716,0.6252234896370003,0.6639878795510163
SPD,source_representative,1.0,plus__vina,both_exact,930,261,0,2235,2235,1529.0,0.6493890741017178,0.6841163310961969,,,,,,,,
SPD,source_representative,1.0,plus__vina,one_bounded,930,340,0,4261,4261,3245.0,0.7502360703944224,0.7615583196432762,,,,,,,,
SPD,source_representative,1.0,plus__vina,both_bounded,930,0,0,0,0,0.0,,,,,,,,,,
SPD,source_representative,1.0,native__boltz_affinity,all_determinate,930,373,0,6496,6496,3863.0,0.5620658891389907,0.5946736453201971,,,,,,,,
SPD,source_representative,1.0,native__boltz_affinity,both_exact,930,261,0,2235,2235,1349.0,0.5827234210375972,0.603579418344519,,,,,,,,
SPD,source_representative,1.0,native__boltz_affinity,one_bounded,930,340,0,4261,4261,2514.0,0.5584008730119223,0.5900023468669326,,,,,,,,
SPD,source_representative,1.0,native__boltz_affinity,both_bounded,930,0,0,0,0,0.0,,,,,,,,,,
SPD,source_representative,1.0,native__boltz_binary,all_determinate,930,373,0,6496,6496,4428.0,0.6588247248321865,0.6816502463054187,,,,,,,,
SPD,source_representative,1.0,native__boltz_binary,both_exact,930,261,0,2235,2235,1467.0,0.6193682860349526,0.6563758389261745,,,,,,,,
SPD,source_representative,1.0,native__boltz_binary,one_bounded,930,340,0,4261,4261,2961.0,0.669977022623152,0.6949072987561605,,,,,,,,
SPD,source_representative,1.0,native__boltz_binary,both_bounded,930,0,0,0,0,0.0,,,,,,,,,,
SPD,source_representative,1.0,native__boltzina_vina_far_affinity,all_determinate,930,373,0,6496,6496,3812.0,0.5633429089572257,0.5868226600985221,,,,,,,,
SPD,source_representative,1.0,native__boltzina_vina_far_affinity,both_exact,930,261,0,2235,2235,1355.0,0.5747355879539788,0.6062639821029083,,,,,,,,
SPD,source_representative,1.0,native__boltzina_vina_far_affinity,one_bounded,930,340,0,4261,4261,2457.0,0.5609944838593803,0.5766252053508566,,,,,,,,
SPD,source_representative,1.0,native__boltzina_vina_far_affinity,both_bounded,930,0,0,0,0,0.0,,,,,,,,,,
SPD,source_representative,1.0,native__boltzina_vina_far_binary,all_determinate,930,373,0,6496,6496,4495.0,0.6701386313571764,0.6919642857142857,,,,,,,,
SPD,source_representative,1.0,native__boltzina_vina_far_binary,both_exact,930,261,0,2235,2235,1503.0,0.6373898628687901,0.6724832214765101,,,,,,,,
SPD,source_representative,1.0,native__boltzina_vina_far_binary,one_bounded,930,340,0,4261,4261,2992.0,0.6848865517360594,0.7021825862473597,,,,,,,,
SPD,source_representative,1.0,native__boltzina_vina_far_binary,both_bounded,930,0,0,0,0,0.0,,,,,,,,,,
SPD,source_representative,1.0,native__boltzina_vina_zero_affinity,all_determinate,930,373,0,6496,6496,3812.0,0.5633429089572257,0.5868226600985221,,,,,,,,
SPD,source_representative,1.0,native__boltzina_vina_zero_affinity,both_exact,930,261,0,2235,2235,1355.0,0.5747355879539788,0.6062639821029083,,,,,,,,
SPD,source_representative,1.0,native__boltzina_vina_zero_affinity,one_bounded,930,340,0,4261,4261,2457.0,0.5609944838593803,0.5766252053508566,,,,,,,,
SPD,source_representative,1.0,native__boltzina_vina_zero_affinity,both_bounded,930,0,0,0,0,0.0,,,,,,,,,,
SPD,source_representative,1.0,native__boltzina_vina_zero_binary,all_determinate,930,373,0,6496,6496,4495.0,0.6701386313571764,0.6919642857142857,,,,,,,,
SPD,source_representative,1.0,native__boltzina_vina_zero_binary,both_exact,930,261,0,2235,2235,1503.0,0.6373898628687901,0.6724832214765101,,,,,,,,
SPD,source_representative,1.0,native__boltzina_vina_zero_binary,one_bounded,930,340,0,4261,4261,2992.0,0.6848865517360594,0.7021825862473597,,,,,,,,
SPD,source_representative,1.0,native__boltzina_vina_zero_binary,both_bounded,930,0,0,0,0,0.0,,,,,,,,,,
SPD,source_representative,1.0,native__gnina,all_determinate,930,373,0,6496,6496,3918.0,0.6129066023803486,0.6031403940886699,,,,,,,,
SPD,source_representative,1.0,native__gnina,both_exact,930,261,0,2235,2235,1317.0,0.5876546895703983,0.5892617449664429,,,,,,,,
SPD,source_representative,1.0,native__gnina,one_bounded,930,340,0,4261,4261,2601.0,0.6096930109173158,0.6104200891809435,,,,,,,,
SPD,source_representative,1.0,native__gnina,both_bounded,930,0,0,0,0,0.0,,,,,,,,,,
SPD,source_representative,1.0,native__nesso_affinity,all_determinate,930,373,0,6496,6496,3788.0,0.55521162589458,0.583128078817734,,,,,,,,
SPD,source_representative,1.0,native__nesso_affinity,both_exact,930,261,0,2235,2235,1283.0,0.5424660765656935,0.5740492170022371,,,,,,,,
SPD,source_representative,1.0,native__nesso_affinity,one_bounded,930,340,0,4261,4261,2505.0,0.5676277551262378,0.5878901666275522,,,,,,,,
SPD,source_representative,1.0,native__nesso_affinity,both_bounded,930,0,0,0,0,0.0,,,,,,,,,,
SPD,source_representative,1.0,native__nesso_binary,all_determinate,930,373,0,6496,6496,4183.0,0.6190976568175237,0.6439347290640394,,,,,,,,
SPD,source_representative,1.0,native__nesso_binary,both_exact,930,261,0,2235,2235,1338.0,0.5881406659184437,0.5986577181208054,,,,,,,,
SPD,source_representative,1.0,native__nesso_binary,one_bounded,930,340,0,4261,4261,2845.0,0.6501608491366812,0.6676836423374795,,,,,,,,
SPD,source_representative,1.0,native__nesso_binary,both_bounded,930,0,0,0,0,0.0,,,,,,,,,,
SPD,source_representative,1.0,native__raw_ad4,all_determinate,930,373,0,6496,6496,3602.0,0.5432162975080075,0.5544950738916257,,,,,,,,
SPD,source_representative,1.0,native__raw_ad4,both_exact,930,261,0,2235,2235,1179.5,0.5072764683875794,0.5277404921700224,,,,,,,,
SPD,source_representative,1.0,native__raw_ad4,one_bounded,930,340,0,4261,4261,2422.5,0.5596458954862389,0.5685285144332316,,,,,,,,
SPD,source_representative,1.0,native__raw_ad4,both_bounded,930,0,0,0,0,0.0,,,,,,,,,,
SPD,source_representative,1.0,native__raw_gnina_own,all_determinate,930,373,0,6496,6496,3885.0,0.62776057059596,0.5980603448275862,,,,,,,,
SPD,source_representative,1.0,native__raw_gnina_own,both_exact,930,261,0,2235,2235,1339.0,0.6045267489711934,0.5991051454138703,,,,,,,,
SPD,source_representative,1.0,native__raw_gnina_own,one_bounded,930,340,0,4261,4261,2546.0,0.620668381156207,0.5975123210513964,,,,,,,,
SPD,source_representative,1.0,native__raw_gnina_own,both_bounded,930,0,0,0,0,0.0,,,,,,,,,,
SPD,source_representative,1.0,native__vina,all_determinate,930,373,0,6496,6496,3903.5,0.5804399141812819,0.6009082512315271,,,,,,,,
SPD,source_representative,1.0,native__vina,both_exact,930,261,0,2235,2235,1163.0,0.4954656490097103,0.5203579418344519,,,,,,,,
SPD,source_representative,1.0,native__vina,one_bounded,930,340,0,4261,4261,2740.5,0.6211274507583027,0.64315888289134,,,,,,,,
SPD,source_representative,1.0,native__vina,both_bounded,930,0,0,0,0,0.0,,,,,,,,,,
