inchi_key,drugcentral_ids,name,source_smiles,canonical_smiles,structure_verified,molwt,dense12
AAKJLRGGTJKAMG-UHFFFAOYSA-N,1045,erlotinib,COCCOC1=CC2=C(C=C1OCCOC)C(NC1=CC=CC(=C1)C#C)=NC=N2,C#Cc1cccc(Nc2ncnc3cc(OCCOC)c(OCCOC)cc23)c1,True,393.44300000000004,False
AAOVKJBEBIDNHE-UHFFFAOYSA-N,852,diazepam,CN1C2=CC=C(Cl)C=C2C(=NCC1=O)C1=CC=CC=C1,CN1C(=O)CN=C(c2ccccc2)c2cc(Cl)ccc21,True,284.746,True
AAQOQKQBGPPFNS-UHFFFAOYSA-N,394,bretylium,CC[N+](C)(C)CC1=C(Br)C=CC=C1,CC[N+](C)(C)Cc1ccccc1Br,True,243.168,True
AAXVEMMRQDVLJB-BULBTXNYSA-N,1000149,fludrocortisone,C[C@]12C[C@H](O)[C@@]3(F)[C@@H](CCC4=CC(=O)CC[C@]34C)[C@@H]1CC[C@]2(O)C(=O)CO,C[C@]12CCC(=O)C=C1CC[C@H]1[C@@H]3CC[C@](O)(C(=O)CO)[C@@]3(C)C[C@H](O)[C@@]12F,True,380.45600000000013,True
ABJKWBDEJIDSJZ-UHFFFAOYSA-N,444,butenafine,CN(CC1=CC=C(C=C1)C(C)(C)C)CC1=CC=CC2=CC=CC=C12,CN(Cc1ccc(C(C)(C)C)cc1)Cc1cccc2ccccc12,True,317.476,True
ACEWLPOYLGNNHV-UHFFFAOYSA-N,1409,ibuprofen piconol,CC(C)CC1=CC=C(C=C1)C(C)C(=O)OCC1=CC=CC=N1,CC(C)Cc1ccc(C(C)C(=O)OCc2ccccn2)cc1,True,297.39799999999997,False
ACGDKVXYNVEAGU-UHFFFAOYSA-N,1342,guanethidine,NC(=N)NCCN1CCCCCCC1,N=C(N)NCCN1CCCCCCC1,True,198.31399999999994,False
ACGUYXCXAPNIKK-UHFFFAOYSA-N,1364,hexachlorophene,OC1=C(Cl)C=C(Cl)C(Cl)=C1CC1=C(Cl)C(Cl)=CC(Cl)=C1O,Oc1c(Cl)cc(Cl)c(Cl)c1Cc1c(O)c(Cl)cc(Cl)c1Cl,True,406.90700000000004,False
ACRHBAYQBXXRTO-OAQYLSRUSA-N,3312,ivabradine,COC1=C(OC)C=C2[C@@H](CN(C)CCCN3CCC4=CC(OC)=C(OC)C=C4CC3=O)CC2=C1,COc1cc2c(cc1OC)CC(=O)N(CCCN(C)C[C@H]1Cc3cc(OC)c(OC)cc31)CC2,True,468.5940000000003,False
ACSIXWWBWUQEHA-UHFFFAOYSA-N,690,clodronic acid,OP(O)(=O)C(Cl)(Cl)P(O)(O)=O,O=P(O)(O)C(Cl)(Cl)P(=O)(O)O,True,244.891,False
ACTIUHUUMQJHFO-UPTCCGCDSA-N,4607,ubidecarenone,COC1=C(OC)C(=O)C(C\C=C(/C)CC\C=C(/C)CC\C=C(/C)CC\C=C(/C)CC\C=C(/C)CC\C=C(/C)CC\C=C(/C)CC\C=C(/C)CC\C=C(/C)CCC=C(C)C)=C(C)C1=O,COC1=C(OC)C(=O)C(C/C=C(\C)CC/C=C(\C)CC/C=C(\C)CC/C=C(\C)CC/C=C(\C)CC/C=C(\C)CC/C=C(\C)CC/C=C(\C)CC/C=C(\C)CCC=C(C)C)=C(C)C1=O,True,863.3649999999996,False
ACWZRVQXLIRSDF-UHFFFAOYSA-N,5290,binimetinib,CN1C=NC2=C(F)C(NC3=CC=C(Br)C=C3F)=C(C=C12)C(=O)NOCCO,Cn1cnc2c(F)c(Nc3ccc(Br)cc3F)c(C(=O)NOCCO)cc21,True,441.2320000000002,False
ADEBPBSSDYVVLD-UHFFFAOYSA-N,946,donepezil,COC1=CC2=C(C=C1OC)C(=O)C(CC1CCN(CC3=CC=CC=C3)CC1)C2,COc1cc2c(cc1OC)C(=O)C(CC1CCN(Cc3ccccc3)CC1)C2,True,379.50000000000017,True
ADFOJJHRTBFFOF-RBRWEJTLSA-N,1066,estramustine phosphate,C[C@]12CC[C@H]3[C@@H](CCC4=C3C=CC(OC(=O)N(CCCl)CCCl)=C4)[C@@H]1CC[C@@H]2OP(O)(O)=O,C[C@]12CC[C@@H]3c4ccc(OC(=O)N(CCCl)CCCl)cc4CC[C@H]3[C@@H]1CC[C@@H]2OP(=O)(O)O,True,520.3900000000001,False
ADIMAYPTOBDMTL-UHFFFAOYSA-N,2015,oxazepam,OC1N=C(C2=CC=CC=C2)C2=CC(Cl)=CC=C2NC1=O,O=C1Nc2ccc(Cl)cc2C(c2ccccc2)=NC1O,True,286.718,True
ADXGNEYLLLSOAR-UHFFFAOYSA-N,3839,tasosartan,CC1=NC(C)=C2CCC(=O)N(CC3=CC=C(C=C3)C3=C(C=CC=C3)C3=NN=NN3)C2=N1,Cc1nc(C)c2c(n1)N(Cc1ccc(-c3ccccc3-c3nnn[nH]3)cc1)C(=O)CC2,True,411.46900000000005,False
AEMRFAOFKBGASW-UHFFFAOYSA-N,4645,glycolic acid,OCC(O)=O,O=C(O)CO,True,76.051,False
AEOCXXJPGCBFJA-UHFFFAOYSA-N,1083,ethionamide,CCC1=CC(=CC=N1)C(N)=S,CCc1cc(C(N)=S)ccn1,True,166.24899999999997,True
AFCGFAGUEYAMAO-UHFFFAOYSA-N,38,acamprosate,CC(=O)NCCCS(O)(=O)=O,CC(=O)NCCCS(=O)(=O)O,True,181.213,False
AGBQKNBQESQNJD-UHFFFAOYSA-N,4732,thioctic acid,OC(=O)CCCCC1CCSS1,O=C(O)CCCCC1CCSS1,True,206.332,False
AGHANLSBXUWXTB-UHFFFAOYSA-N,2658,tienilic acid,OC(=O)COC1=C(Cl)C(Cl)=C(C=C1)C(=O)C1=CC=CS1,O=C(O)COc1ccc(C(=O)c2cccs2)c(Cl)c1Cl,True,331.17600000000004,False
AGJBLWCLQCKRJP-UHFFFAOYSA-N,4963,drofenine,CCN(CC)CCOC(=O)C(C1CCCCC1)C1=CC=CC=C1,CCN(CC)CCOC(=O)C(c1ccccc1)C1CCCCC1,True,317.47299999999996,False
AGMMTXLNIQSRCG-UHFFFAOYSA-N,2343,quinethazone,CCC1NC(=O)C2=CC(=C(Cl)C=C2N1)S(N)(=O)=O,CCC1NC(=O)c2cc(S(N)(=O)=O)c(Cl)cc2N1,True,289.7440000000001,True
AGOYDEPGAOXOCK-KCBOHYOISA-N,668,clarithromycin,CC[C@H]1OC(=O)[C@H](C)[C@@H](O[C@H]2C[C@@](C)(OC)[C@@H](O)[C@H](C)O2)[C@H](C)[C@@H](O[C@@H]2O[C@H](C)C[C@@H]([C@H]2O)N(C)C)[C@@](C)(C[C@@H](C)C(=O)[C@H](C)[C@@H](O)[C@]1(C)O)OC,CC[C@H]1OC(=O)[C@H](C)[C@@H](O[C@H]2C[C@@](C)(OC)[C@@H](O)[C@H](C)O2)[C@H](C)[C@@H](O[C@@H]2O[C@H](C)C[C@H](N(C)C)[C@H]2O)[C@](C)(OC)C[C@@H](C)C(=O)[C@H](C)[C@@H](O)[C@]1(C)O,True,747.964,False
AHFWIQIYAXSLBA-RQXATKFSSA-N,4890,ipragliflozin,OC[C@H]1O[C@H]([C@H](O)[C@@H](O)[C@@H]1O)C1=CC(CC2=CC3=C(S2)C=CC=C3)=C(F)C=C1,OC[C@H]1O[C@@H](c2ccc(F)c(Cc3cc4ccccc4s3)c2)[C@H](O)[C@@H](O)[C@@H]1O,True,404.45900000000006,False
AHJRHEGDXFFMBM-UHFFFAOYSA-N,4941,palbociclib,CC(=O)C1=C(C)C2=C(N=C(NC3=NC=C(C=C3)N3CCNCC3)N=C2)N(C2CCCC2)C1=O,CC(=O)c1c(C)c2cnc(Nc3ccc(N4CCNCC4)cn3)nc2n(C2CCCC2)c1=O,True,447.54300000000035,True
AHLBNYSZXLDEJQ-FWEHEUNISA-N,1996,orlistat,CCCCCCCCCCC[C@@H](C[C@@H]1OC(=O)[C@H]1CCCCCC)OC(=O)[C@H](CC(C)C)NC=O,CCCCCCCCCCC[C@@H](C[C@@H]1OC(=O)[C@H]1CCCCCC)OC(=O)[C@H](CC(C)C)NC=O,True,495.7450000000004,False
AIJTTZAVMXIJGM-UHFFFAOYSA-N,1330,grepafloxacin,CC1CN(CCN1)C1=C(F)C(C)=C2C(=O)C(=CN(C3CC3)C2=C1)C(O)=O,Cc1c(F)c(N2CCNC(C)C2)cc2c1c(=O)c(C(=O)O)cn2C1CC1,True,359.4010000000001,False
AILRADAXUVEEIR-UHFFFAOYSA-N,5233,brigatinib,COC1=C(NC2=NC=C(Cl)C(NC3=CC=CC=C3P(C)(C)=O)=N2)C=CC(=C1)N1CCC(CC1)N1CCN(C)CC1,COc1cc(N2CCC(N3CCN(C)CC3)CC2)ccc1Nc1ncc(Cl)c(Nc2ccccc2P(C)(C)=O)n1,True,584.105,False
AIONOLUJZLIMTK-AWEZNQCLSA-N,1362,hesperetin,COC1=C(O)C=C(C=C1)[C@@H]1CC(=O)C2=C(O)C=C(O)C=C2O1,COc1ccc([C@@H]2CC(=O)c3c(O)cc(O)cc3O2)cc1O,True,302.282,True
AIZFEOPQVZBNGH-UHFFFAOYSA-N,315,bentazepam,O=C1CN=C(C2=C(N1)SC1=C2CCCC1)C1=CC=CC=C1,O=C1CN=C(c2ccccc2)c2c(sc3c2CCCC3)N1,True,296.3949999999999,False
AJKIRUJIDFJUKJ-UHFFFAOYSA-N,2568,taurolidine,O=S1(=O)CCN(CN2CCS(=O)(=O)NC2)CN1,O=S1(=O)CCN(CN2CCS(=O)(=O)NC2)CN1,True,284.363,False
AJXPJJZHWIXJCJ-UHFFFAOYSA-N,1758,methsuximide,CN1C(=O)CC(C)(C1=O)C1=CC=CC=C1,CN1C(=O)CC(C)(c2ccccc2)C1=O,True,203.241,True
AKNNEGZIBPJZJG-MSOLQXFVSA-N,1973,noscapine,COC1=CC=C2[C@H](OC(=O)C2=C1OC)[C@@H]1N(C)CCC2=C1C(OC)=C1OCOC1=C2,COc1ccc2c(c1OC)C(=O)O[C@@H]2[C@H]1c2c(cc3c(c2OC)OCO3)CCN1C,True,413.4260000000003,True
AKPLHCDWDRPJGD-UHFFFAOYSA-N,816,nordazepam,ClC1=CC=C2NC(=O)CN=C(C3=CC=CC=C3)C2=C1,O=C1CN=C(c2ccccc2)c2cc(Cl)ccc2N1,True,270.719,True
AKUJBENLRBOFTD-RPRRAYFGSA-N,826,dexamethasone acetate,C[C@@H]1C[C@H]2[C@@H]3CCC4=CC(=O)C=C[C@]4(C)[C@@]3(F)[C@@H](O)C[C@]2(C)[C@@]1(O)C(=O)COC(C)=O,CC(=O)OCC(=O)[C@@]1(O)[C@H](C)C[C@H]2[C@@H]3CCC4=CC(=O)C=C[C@]4(C)[C@@]3(F)[C@@H](O)C[C@@]21C,True,434.5040000000003,True
ALAXZYHFVBSJKZ-UHFFFAOYSA-N,1008,endralazine,NNC1=CC2=C(CCN(C2)C(=O)C2=CC=CC=C2)N=N1,NNc1cc2c(nn1)CCN(C(=O)c1ccccc1)C2,True,269.308,False
ALELTFCQZDXAMQ-UHFFFAOYSA-N,455,butriptyline,CC(CC1C2=CC=CC=C2CCC2=C1C=CC=C2)CN(C)C,CC(CC1c2ccccc2CCc2ccccc21)CN(C)C,True,293.454,False
ALIVXCSEERJYHU-UHFFFAOYSA-N,1220,flurbiprofen axetil,CC(OC(C)=O)OC(=O)C(C)C1=CC=C(C(F)=C1)C1=CC=CC=C1,CC(=O)OC(C)OC(=O)C(C)c1ccc(-c2ccccc2)c(F)c1,True,330.355,False
ALLWOAVDORUJLA-UHFFFAOYSA-N,2360,rebamipide,OC(=O)C(CC1=CC(=O)NC2=CC=CC=C12)NC(=O)C1=CC=C(Cl)C=C1,O=C(NC(Cc1cc(=O)[nH]c2ccccc12)C(=O)O)c1ccc(Cl)cc1,True,370.79200000000014,False
ALOBUEHUHMBRLE-UHFFFAOYSA-N,1412,ibutilide,CCCCCCCN(CC)CCCC(O)C1=CC=C(NS(C)(=O)=O)C=C1,CCCCCCCN(CC)CCCC(O)c1ccc(NS(C)(=O)=O)cc1,True,384.58600000000007,True
ALWKGYPQUAPLQC-UHFFFAOYSA-N,1897,neostigmine,CN(C)C(=O)OC1=CC(=CC=C1)[N+](C)(C)C,CN(C)C(=O)Oc1cccc([N+](C)(C)C)c1,True,223.296,False
ALYNCZNDIQEVRV-UHFFFAOYSA-N,2049,aminobenzoic acid,NC1=CC=C(C=C1)C(O)=O,Nc1ccc(C(=O)O)cc1,True,137.13799999999998,False
ANEBWFXPVPTEET-UHFFFAOYSA-N,1631,manidipine,COC(=O)C1=C(C)NC(C)=C(C1C1=CC(=CC=C1)[N+]([O-])=O)C(=O)OCCN1CCN(CC1)C(C1=CC=CC=C1)C1=CC=CC=C1,COC(=O)C1=C(C)NC(C)=C(C(=O)OCCN2CCN(C(c3ccccc3)c3ccccc3)CC2)C1c1cccc([N+](=O)[O-])c1,True,610.7110000000005,True
ANGKOCUUWGHLCE-UHFFFAOYSA-N,4302,glycopyrronium bromide,C[N+]1(C)CCC(C1)OC(=O)C(O)(C1CCCC1)C1=CC=CC=C1,C[N+]1(C)CCC(OC(=O)C(O)(c2ccccc2)C2CCCC2)C1,True,318.43699999999995,True
ANMATWQYLIFGOK-UHFFFAOYSA-N,4894,iguratimod,CS(=O)(=O)NC1=CC2=C(C=C1OC1=CC=CC=C1)C(=O)C(NC=O)=CO2,CS(=O)(=O)Nc1cc2occ(NC=O)c(=O)c2cc1Oc1ccccc1,True,374.37400000000014,False
ANMLJLFWUCQGKZ-UHFFFAOYSA-N,2559,talniflumate,FC(F)(F)C1=CC=CC(NC2=C(C=CC=N2)C(=O)OC2OC(=O)C3=C2C=CC=C3)=C1,O=C1OC(OC(=O)c2cccnc2Nc2cccc(C(F)(F)F)c2)c2ccccc21,True,414.33900000000017,True
ANTSCNMPPGJYLG-UHFFFAOYSA-N,594,chlordiazepoxide,CNC1=NC2=CC=C(Cl)C=C2C(C2=CC=CC=C2)=[N+]([O-])C1,CNC1=Nc2ccc(Cl)cc2C(c2ccccc2)=[N+]([O-])C1,True,299.761,True
ANZXOIAKUNOVQU-UHFFFAOYSA-N,285,bambuterol,CN(C)C(=O)OC1=CC(=CC(OC(=O)N(C)C)=C1)C(O)CNC(C)(C)C,CN(C)C(=O)Oc1cc(OC(=O)N(C)C)cc(C(O)CNC(C)(C)C)c1,True,367.4460000000001,False
AOCCBINRVIKJHY-UHFFFAOYSA-N,511,carmofur,CCCCCCNC(=O)N1C=C(F)C(=O)NC1=O,CCCCCCNC(=O)n1cc(F)c(=O)[nH]c1=O,True,257.265,True
AOJJSUZBOXZQNB-TZSSRYMLSA-N,960,doxorubicin,COC1=C2C(=O)C3=C(C(O)=C4C[C@](O)(C[C@H](O[C@H]5C[C@H](N)[C@H](O)[C@H](C)O5)C4=C3O)C(=O)CO)C(=O)C2=CC=C1,COc1cccc2c1C(=O)c1c(O)c3c(c(O)c1C2=O)C[C@@](O)(C(=O)CO)C[C@@H]3O[C@H]1C[C@H](N)[C@H](O)[C@H](C)O1,True,543.5250000000003,True
AOJJSUZBOXZQNB-VTZDEGQISA-N,1030,epirubicin,COC1=C2C(=O)C3=C(C(O)=C4C[C@](O)(C[C@H](O[C@H]5C[C@H](N)[C@@H](O)[C@H](C)O5)C4=C3O)C(=O)CO)C(=O)C2=CC=C1,COc1cccc2c1C(=O)c1c(O)c3c(c(O)c1C2=O)C[C@@](O)(C(=O)CO)C[C@@H]3O[C@H]1C[C@H](N)[C@@H](O)[C@H](C)O1,True,543.5250000000003,False
AQCHWTWZEMGIFD-UHFFFAOYSA-N,1783,metolazone,CC1NC2=CC(Cl)=C(C=C2C(=O)N1C1=C(C)C=CC=C1)S(N)(=O)=O,Cc1ccccc1N1C(=O)c2cc(S(N)(=O)=O)c(Cl)cc2NC1C,True,365.84200000000004,True
AQHHHDLHHXJYJD-UHFFFAOYSA-N,2303,propranolol,CC(C)NCC(O)COC1=C2C=CC=CC2=CC=C1,CC(C)NCC(O)COc1cccc2ccccc12,True,259.349,True
AQIXAKUUQRKLND-UHFFFAOYSA-N,645,cimetidine,CNC(NCCSCC1=C(C)NC=N1)=NC#N,CNC(=NC#N)NCCSCc1nc[nH]c1C,True,252.347,True
AQNDDEOPVVGCPG-UHFFFAOYSA-N,1054,esmolol,COC(=O)CCC1=CC=C(OCC(O)CNC(C)C)C=C1,COC(=O)CCc1ccc(OCC(O)CNC(C)C)cc1,True,295.379,True
AQOKCDNYWBIDND-FTOWTWDKSA-N,371,bimatoprost,CCNC(=O)CCC\C=C/C[C@H]1[C@@H](O)C[C@@H](O)[C@@H]1\C=C\[C@@H](O)CCC1=CC=CC=C1,CCNC(=O)CCC/C=C\C[C@@H]1[C@@H](/C=C/[C@@H](O)CCc2ccccc2)[C@H](O)C[C@@H]1O,True,415.5740000000001,False
ARAIBEBZBOPLMB-UFGQHTETSA-N,2859,zanamivir,CC(=O)N[C@@H]1[C@@H](NC(N)=N)C=C(O[C@H]1[C@H](O)[C@H](O)CO)C(O)=O,CC(=O)N[C@H]1[C@H]([C@H](O)[C@H](O)CO)OC(C(=O)O)=C[C@@H]1NC(=N)N,True,332.3130000000001,True
ARFHIAQFJWUCFH-IZZDOVSWSA-N,1929,nifurtimox,CC1CS(=O)(=O)CCN1\N=C\C1=CC=C(O1)[N+]([O-])=O,CC1CS(=O)(=O)CCN1/N=C/c1ccc([N+](=O)[O-])o1,True,287.297,False
ARHWPKZXBHOEEE-UHFFFAOYSA-N,107,alclofenac,OC(=O)CC1=CC(Cl)=C(OCC=C)C=C1,C=CCOc1ccc(CC(=O)O)cc1Cl,True,226.659,False
ASMXXROZKSBQIH-VITNCHFBSA-N,4484,aclidinium bromide,OC(C(=O)O[C@H]1C[N+]2(CCCOC3=CC=CC=C3)CCC1CC2)(C1=CC=CS1)C1=CC=CS1,O=C(O[C@H]1C[N+]2(CCCOc3ccccc3)CCC1CC2)C(O)(c1cccs1)c1cccs1,True,484.66300000000024,True
ASUTZQLVASHGKV-JDFRZJQESA-N,1272,galantamine,COC1=CC=C2CN(C)CC[C@@]34C=C[C@H](O)C[C@@H]3OC1=C24,COc1ccc2c3c1O[C@H]1C[C@@H](O)C=C[C@@]31CCN(C)C2,True,287.35900000000004,False
ASWVTGNCAZCNNR-UHFFFAOYSA-N,2502,sulfadimidine,CC1=CC(C)=NC(NS(=O)(=O)C2=CC=C(N)C=C2)=N1,Cc1cc(C)nc(NS(=O)(=O)c2ccc(N)cc2)n1,True,278.337,True
ATALOFNDEOCMKK-OITMNORJSA-N,230,aprepitant,C[C@@H](O[C@H]1OCCN(CC2=NNC(=O)N2)[C@H]1C1=CC=C(F)C=C1)C1=CC(=CC(=C1)C(F)(F)F)C(F)(F)F,C[C@@H](O[C@H]1OCCN(Cc2n[nH]c(=O)[nH]2)[C@H]1c1ccc(F)cc1)c1cc(C(F)(F)F)cc(C(F)(F)F)c1,True,534.4320000000002,True
ATCGGEJZONJOCL-UHFFFAOYSA-N,1484,irsogladine,NC1=NC(=NC(N)=N1)C1=C(Cl)C=CC(Cl)=C1,Nc1nc(N)nc(-c2cc(Cl)ccc2Cl)n1,True,256.096,False
ATEBXHFBFRCZMA-VXTBVIBXSA-N,2376,rifabutin,CO[C@H]1\C=C\O[C@@]2(C)OC3=C(C2=O)C2=C(C(O)=C3C)C(=O)C(NC(=O)\C(C)=C/C=C/[C@H](C)[C@H](O)[C@@H](C)[C@@H](O)[C@@H](C)[C@H](OC(C)=O)[C@@H]1C)=C1NC3(CCN(CC(C)C)CC3)N=C21,CO[C@H]1/C=C/O[C@@]2(C)Oc3c(C)c(O)c4c(c3C2=O)C2=NC3(CCN(CC(C)C)CC3)NC2=C(NC(=O)/C(C)=C\C=C\[C@H](C)[C@H](O)[C@@H](C)[C@@H](O)[C@@H](C)[C@H](OC(C)=O)[C@@H]1C)C4=O,True,847.0189999999996,False
AUVVAXYIELKVAI-CKBKHPSWSA-N,1001,emetine,CC[C@H]1CN2CCC3=CC(OC)=C(OC)C=C3[C@@H]2C[C@@H]1C[C@H]1NCCC2=CC(OC)=C(OC)C=C12,CC[C@H]1CN2CCc3cc(OC)c(OC)cc3[C@@H]2C[C@@H]1C[C@H]1NCCc2cc(OC)c(OC)cc21,True,480.64900000000034,True
AUYYCJSJGJYCDS-LBPRGKRZSA-N,1585,liothyronine,N[C@@H](CC1=CC(I)=C(OC2=CC(I)=C(O)C=C2)C(I)=C1)C(O)=O,N[C@@H](Cc1cc(I)c(Oc2ccc(O)c(I)c2)c(I)c1)C(=O)O,True,650.9760000000001,True
AUZONCFQVSMFAP-UHFFFAOYSA-N,928,disulfiram,CCN(CC)C(=S)SSC(=S)N(CC)CC,CCN(CC)C(=S)SSC(=S)N(CC)CC,True,296.5520000000001,False
AVAACINZEOAHHE-VFZPANTDSA-N,4149,doripenem,C[C@@H](O)[C@@H]1[C@H]2[C@@H](C)C(S[C@@H]3CN[C@H](CNS(N)(=O)=O)C3)=C(N2C1=O)C(O)=O,C[C@@H](O)[C@H]1C(=O)N2C(C(=O)O)=C(S[C@@H]3CN[C@H](CNS(N)(=O)=O)C3)[C@H](C)[C@H]12,True,420.51300000000026,False
AVOLMBLBETYQHX-UHFFFAOYSA-N,1071,ethacrynic acid,CCC(=C)C(=O)C1=C(Cl)C(Cl)=C(OCC(O)=O)C=C1,C=C(CC)C(=O)c1ccc(OCC(=O)O)c(Cl)c1Cl,True,303.14099999999996,True
AXKPFOAXAHJUAG-UHFFFAOYSA-N,2181,pipamperone,NC(=O)C1(CCN(CCCC(=O)C2=CC=C(F)C=C2)CC1)N1CCCCC1,NC(=O)C1(N2CCCCC2)CCN(CCCC(=O)c2ccc(F)cc2)CC1,True,375.4880000000003,False
AXOIZCJOOAYSMI-UHFFFAOYSA-N,2489,suxamethonium,C[N+](C)(C)CCOC(=O)CCC(=O)OCC[N+](C)(C)C,C[N+](C)(C)CCOC(=O)CCC(=O)OCC[N+](C)(C)C,True,290.404,False
AXRYRYVKAWYZBR-GASGPIRDSA-N,254,atazanavir,COC(=O)N[C@H](C(=O)N[C@@H](CC1=CC=CC=C1)[C@@H](O)CN(CC1=CC=C(C=C1)C1=CC=CC=N1)NC(=O)[C@@H](NC(=O)OC)C(C)(C)C)C(C)(C)C,COC(=O)N[C@H](C(=O)N[C@@H](Cc1ccccc1)[C@@H](O)CN(Cc1ccc(-c2ccccn2)cc1)NC(=O)[C@@H](NC(=O)OC)C(C)(C)C)C(C)(C)C,True,704.869,True
AYDXAULLCROVIT-UHFFFAOYSA-N,1439,indobufen,CCC(C(O)=O)C1=CC=C(C=C1)N1CC2=C(C=CC=C2)C1=O,CCC(C(=O)O)c1ccc(N2Cc3ccccc3C2=O)cc1,True,295.338,False
AYFVYJQAPQTCCC-GBXIJSLDSA-N,4254,threonine,C[C@@H](O)[C@H](N)C(O)=O,C[C@@H](O)[C@H](N)C(=O)O,True,119.11999999999999,False
AYXYPKUFHZROOJ-ZETCQYMHSA-N,2255,pregabalin,CC(C)C[C@H](CN)CC(O)=O,CC(C)C[C@H](CN)CC(=O)O,True,159.229,True
BAINIUMDFURPJM-UHFFFAOYSA-N,2014,oxatomide,O=C1NC2=C(C=CC=C2)N1CCCN1CCN(CC1)C(C1=CC=CC=C1)C1=CC=CC=C1,O=c1[nH]c2ccccc2n1CCCN1CCN(C(c2ccccc2)c2ccccc2)CC1,True,426.564,True
BAQCROVBDNBEEB-UBYUBLNFSA-N,1788,metrizamide,CN(C(C)=O)C1=C(I)C(NC(C)=O)=C(I)C(C(=O)N[C@H]2C(O)O[C@H](CO)[C@@H](O)[C@@H]2O)=C1I,CC(=O)Nc1c(I)c(C(=O)N[C@H]2C(O)O[C@H](CO)[C@@H](O)[C@@H]2O)c(I)c(N(C)C(C)=O)c1I,True,789.0990000000004,True
BBDAGFIXKZCXAH-CCXZUQQUSA-N,212,ancitabine,OC[C@H]1O[C@@H]2[C@@H](OC3=NC(=N)C=CN23)[C@@H]1O,N=c1ccn2c(n1)O[C@H]1[C@H](O)[C@@H](CO)O[C@H]12,True,225.204,False
BCEHBSKCWLPMDN-MGPLVRAMSA-N,2846,voriconazole,C[C@@H](C1=NC=NC=C1F)[C@](O)(CN1C=NC=N1)C1=C(F)C=C(F)C=C1,C[C@@H](c1ncncc1F)[C@](O)(Cn1cncn1)c1ccc(F)cc1F,True,349.31600000000003,False
BCGWQEUPMDMJNV-UHFFFAOYSA-N,1427,imipramine,CN(C)CCCN1C2=CC=CC=C2CCC2=C1C=CC=C2,CN(C)CCCN1c2ccccc2CCc2ccccc21,True,280.41499999999996,True
BCQTVJKBTWGHCX-UHFFFAOYSA-N,2167,pilsicainide,CC1=CC=CC(C)=C1NC(=O)CC12CCCN1CCC2,Cc1cccc(C)c1NC(=O)CC12CCCN1CCC2,True,272.392,True
BDBMLMBYCXNVMC-UHFFFAOYSA-O,3300,indocyanine green,CC1(C)C(=CC=CC=CC=CC2=[N+](CCCCS(O)(=O)=O)C3=C(C4=CC=CC=C4C=C3)C2(C)C)N(CCCCS(O)(=O)=O)C2=C1C1=CC=CC=C1C=C2,CC1(C)C(=CC=CC=CC=CC2=[N+](CCCCS(=O)(=O)O)c3ccc4ccccc4c3C2(C)C)N(CCCCS(=O)(=O)O)c2ccc3ccccc3c21,True,754.0070000000001,True
BDJRBEYXGGNYIS-UHFFFAOYSA-N,270,azelaic acid,OC(=O)CCCCCCCC(O)=O,O=C(O)CCCCCCCC(=O)O,True,188.22299999999998,True
BENFXAYNYRLAIU-QSVFAHTRSA-N,2967,terlipressin,NCCCC[C@H](NC(=O)[C@@H]1CCCN1C(=O)[C@@H]1CSSC[C@H](NC(=O)CNC(=O)CNC(=O)CN)C(=O)N[C@@H](CC2=CC=C(O)C=C2)C(=O)N[C@@H](CC2=CC=CC=C2)C(=O)N[C@@H](CCC(N)=O)C(=O)N[C@@H](CC(N)=O)C(=O)N1)C(=O)NCC(N)=O,NCCCC[C@H](NC(=O)[C@@H]1CCCN1C(=O)[C@@H]1CSSC[C@H](NC(=O)CNC(=O)CNC(=O)CN)C(=O)N[C@@H](Cc2ccc(O)cc2)C(=O)N[C@@H](Cc2ccccc2)C(=O)N[C@@H](CCC(N)=O)C(=O)N[C@@H](CC(N)=O)C(=O)N1)C(=O)NCC(N)=O,True,1227.3950000000002,True
BFPSDSIWYFKGBC-UHFFFAOYSA-N,610,chlorotrianisene,COC1=CC=C(C=C1)C(Cl)=C(C1=CC=C(OC)C=C1)C1=CC=C(OC)C=C1,COc1ccc(C(Cl)=C(c2ccc(OC)cc2)c2ccc(OC)cc2)cc1,True,380.8710000000001,True
BFPYWIDHMRZLRN-SLHNCBLASA-N,1082,ethinylestradiol,C[C@]12CC[C@H]3[C@@H](CCC4=C3C=CC(O)=C4)[C@@H]1CC[C@@]2(O)C#C,C#C[C@]1(O)CC[C@H]2[C@@H]3CCc4cc(O)ccc4[C@H]3CC[C@@]21C,True,296.41,True
BFUJHVVEMMWLHC-UHFFFAOYSA-N,1172,fipexide,ClC1=CC=C(OCC(=O)N2CCN(CC3=CC4=C(OCO4)C=C3)CC2)C=C1,O=C(COc1ccc(Cl)cc1)N1CCN(Cc2ccc3c(c2)OCO3)CC1,True,388.85100000000017,False
BFYIZQONLCFLEV-DAELLWKTSA-N,1122,exemestane,C[C@]12CC[C@H]3[C@@H](CC(=C)C4=CC(=O)C=C[C@]34C)[C@@H]1CCC2=O,C=C1C[C@@H]2[C@H](CC[C@]3(C)C(=O)CC[C@@H]23)[C@@]2(C)C=CC(=O)C=C12,True,296.4100000000001,True
BGDKAVGWHJFAGW-UHFFFAOYSA-N,2774,tropicamide,CCN(CC1=CC=NC=C1)C(=O)C(CO)C1=CC=CC=C1,CCN(Cc1ccncc1)C(=O)C(CO)c1ccccc1,True,284.359,True
BGEBZHIAGXMEMV-UHFFFAOYSA-N,3021,bergapten,COC1=C2C=COC2=CC2=C1C=CC(=O)O2,COc1c2ccoc2cc2oc(=O)ccc12,True,216.19199999999995,False
BGRJTUBHPOOWDU-NSHDSACASA-N,1577,levosulpiride,CCN1CCC[C@H]1CNC(=O)C1=C(OC)C=CC(=C1)S(N)(=O)=O,CCN1CCC[C@H]1CNC(=O)c1cc(S(N)(=O)=O)ccc1OC,True,341.43300000000005,True
BGRJTUBHPOOWDU-UHFFFAOYSA-N,2537,sulpiride,CCN1CCCC1CNC(=O)C1=C(OC)C=CC(=C1)S(N)(=O)=O,CCN1CCCC1CNC(=O)c1cc(S(N)(=O)=O)ccc1OC,True,341.43300000000005,False
BGSZAXLLHYERSY-XQIGCQGXSA-N,2811,vecuronium,CC(=O)O[C@H]1[C@H](C[C@H]2[C@@H]3CC[C@H]4C[C@H](OC(C)=O)[C@H](C[C@]4(C)[C@H]3CC[C@]12C)N1CCCCC1)[N+]1(C)CCCCC1,CC(=O)O[C@H]1C[C@@H]2CC[C@@H]3[C@H](CC[C@@]4(C)[C@H]3C[C@H]([N+]3(C)CCCCC3)[C@@H]4OC(C)=O)[C@@]2(C)C[C@@H]1N1CCCCC1,True,557.8400000000003,True
BHQCQFFYRZLCQQ-OELDTZBJSA-N,3096,cholic acid,C[C@H](CCC(O)=O)[C@H]1CC[C@H]2[C@@H]3[C@H](O)C[C@@H]4C[C@H](O)CC[C@]4(C)[C@H]3C[C@H](O)[C@]12C,C[C@H](CCC(=O)O)[C@H]1CC[C@H]2[C@@H]3[C@H](O)C[C@@H]4C[C@H](O)CC[C@]4(C)[C@H]3C[C@H](O)[C@]12C,True,408.5790000000002,False
BJFIDCADFRDPIO-DZCXQCEKSA-N,2959,lypressin,NCCCC[C@H](NC(=O)[C@@H]1CCCN1C(=O)[C@@H]1CSSC[C@H](N)C(=O)N[C@@H](CC2=CC=C(O)C=C2)C(=O)N[C@@H](CC2=CC=CC=C2)C(=O)N[C@@H](CCC(N)=O)C(=O)N[C@@H](CC(N)=O)C(=O)N1)C(=O)NCC(N)=O,NCCCC[C@H](NC(=O)[C@@H]1CCCN1C(=O)[C@@H]1CSSC[C@H](N)C(=O)N[C@@H](Cc2ccc(O)cc2)C(=O)N[C@@H](Cc2ccccc2)C(=O)N[C@@H](CCC(N)=O)C(=O)N[C@@H](CC(N)=O)C(=O)N1)C(=O)NCC(N)=O,True,1056.2389999999998,False
BJOLKYGKSZKIGU-UHFFFAOYSA-N,982,echothiophate,CCOP(=O)(OCC)SCC[N+](C)(C)C,CCOP(=O)(OCC)SCC[N+](C)(C)C,True,256.328,False
BJVVMKUXKQHWJK-UHFFFAOYSA-N,2556,talbutal,CCC(C)C1(CC=C)C(=O)NC(=O)NC1=O,C=CCC1(C(C)CC)C(=O)NC(=O)NC1=O,True,224.26,True
BKRGVLQUQGGVSM-KBXCAEBGSA-N,1588,lisuride,CCN(CC)C(=O)N[C@@H]1CN(C)[C@@H]2CC3=CNC4=CC=CC(=C34)C2=C1,CCN(CC)C(=O)N[C@H]1C=C2c3cccc4[nH]cc(c34)C[C@H]2N(C)C1,True,338.45500000000004,False
BKYKPTRYDKTTJY-UHFFFAOYSA-N,756,cyclopenthiazide,NS(=O)(=O)C1=CC2=C(NC(CC3CCCC3)NS2(=O)=O)C=C1Cl,NS(=O)(=O)c1cc2c(cc1Cl)NC(CC1CCCC1)NS2(=O)=O,True,379.8910000000001,False
BLCLNMBMMGCOAS-URPVMXJPSA-N,1327,goserelin,CC(C)C[C@H](NC(=O)[C@@H](COC(C)(C)C)NC(=O)[C@H](CC1=CC=C(O)C=C1)NC(=O)[C@H](CO)NC(=O)[C@H](CC1=CNC2=C1C=CC=C2)NC(=O)[C@H](CC1=CNC=N1)NC(=O)[C@@H]1CCC(=O)N1)C(=O)N[C@@H](CCCNC(N)=N)C(=O)N1CCC[C@H]1C(=O)NNC(N)=O,CC(C)C[C@H](NC(=O)[C@@H](COC(C)(C)C)NC(=O)[C@H](Cc1ccc(O)cc1)NC(=O)[C@H](CO)NC(=O)[C@H](Cc1c[nH]c2ccccc12)NC(=O)[C@H](Cc1c[nH]cn1)NC(=O)[C@@H]1CCC(=O)N1)C(=O)N[C@@H](CCCNC(=N)N)C(=O)N1CCC[C@H]1C(=O)NNC(N)=O,True,1269.4330000000002,False
BLFLLBZGZJTVJG-UHFFFAOYSA-N,323,benzocaine,CCOC(=O)C1=CC=C(N)C=C1,CCOC(=O)c1ccc(N)cc1,True,165.19199999999998,True
BLGXFZZNTVWLAY-SCYLSFHTSA-N,3659,yohimbine,COC(=O)[C@H]1[C@@H](O)CC[C@H]2CN3CCC4=C(NC5=C4C=CC=C5)[C@@H]3C[C@H]12,COC(=O)[C@@H]1[C@H]2C[C@H]3c4[nH]c5ccccc5c4CCN3C[C@@H]2CC[C@@H]1O,True,354.45000000000005,False
BLJRIMJGRPQVNF-JTQLQIEISA-N,4061,timolol,CC(C)(C)NC[C@H](O)COC1=NSN=C1N1CCOCC1,CC(C)(C)NC[C@H](O)COc1nsnc1N1CCOCC1,True,316.4270000000002,True
BLXXJMDCKKHMKV-UHFFFAOYSA-N,1863,nabumetone,COC1=CC=C2C=C(CCC(C)=O)C=CC2=C1,COc1ccc2cc(CCC(C)=O)ccc2c1,True,228.29099999999997,True
BMKDZUISNHGIBY-UHFFFAOYSA-N,4031,razoxane,CC(CN1CC(=O)NC(=O)C1)N1CC(=O)NC(=O)C1,CC(CN1CC(=O)NC(=O)C1)N1CC(=O)NC(=O)C1,True,268.27299999999997,False
BMKDZUISNHGIBY-ZETCQYMHSA-N,839,dexrazoxane,C[C@@H](CN1CC(=O)NC(=O)C1)N1CC(=O)NC(=O)C1,C[C@@H](CN1CC(=O)NC(=O)C1)N1CC(=O)NC(=O)C1,True,268.27299999999997,False
BMOVQUBVGICXQN-UHFFFAOYSA-N,680,clinofibrate,CCC(C)(OC1=CC=C(C=C1)C1(CCCCC1)C1=CC=C(OC(C)(CC)C(O)=O)C=C1)C(O)=O,CCC(C)(Oc1ccc(C2(c3ccc(OC(C)(CC)C(=O)O)cc3)CCCCC2)cc1)C(=O)O,True,468.5900000000002,True
BMUKKTUHUDJSNZ-UHFFFAOYSA-N,1510,isoxsuprine,CC(COC1=CC=CC=C1)NC(C)C(O)C1=CC=C(O)C=C1,CC(COc1ccccc1)NC(C)C(O)c1ccc(O)cc1,True,301.386,False
BNQDCRGUHNALGH-UHFFFAOYSA-N,314,benserazide,NC(CO)C(=O)NNCC1=C(O)C(O)=C(O)C=C1,NC(CO)C(=O)NNCc1ccc(O)c(O)c1O,True,257.246,True
BNRNXUUZRGQAQC-UHFFFAOYSA-N,2441,sildenafil,CCCC1=NN(C)C2=C1N=C(NC2=O)C1=CC(=CC=C1OCC)S(=O)(=O)N1CCN(C)CC1,CCCc1nn(C)c2c(=O)[nH]c(-c3cc(S(=O)(=O)N4CCN(C)CC4)ccc3OCC)nc12,True,474.5870000000004,True
BOCUKUHCLICSIY-UHFFFAOYSA-N,761,cyclothiazide,NS(=O)(=O)C1=CC2=C(NC(NS2(=O)=O)C2CC3CC2C=C3)C=C1Cl,NS(=O)(=O)c1cc2c(cc1Cl)NC(C1CC3C=CC1C3)NS2(=O)=O,True,389.8860000000002,False
BOEGTKLJZSQCCD-UEKVPHQBSA-N,526,cefadroxil,CC1=C(N2[C@H](SC1)[C@H](NC(=O)[C@H](N)C1=CC=C(O)C=C1)C2=O)C(O)=O,CC1=C(C(=O)O)N2C(=O)[C@@H](NC(=O)[C@H](N)c3ccc(O)cc3)[C@H]2SC1,True,363.3950000000001,False
BOVGTQGAOIONJV-UHFFFAOYSA-N,1299,gliclazide,CC1=CC=C(C=C1)S(=O)(=O)NC(=O)NN1CC2CCCC2C1,Cc1ccc(S(=O)(=O)NC(=O)NN2CC3CCCC3C2)cc1,True,323.4180000000002,True
BPEGJWRSRHCHSN-UHFFFAOYSA-N,2589,temozolomide,CN1N=NC2=C(N=CN2C1=O)C(N)=O,Cn1nnc2c(C(N)=O)ncn2c1=O,True,194.15399999999997,True
BPLBGHOLXOTWMN-MBNYWOFBSA-N,2083,phenoxymethylpenicillin,CC1(C)S[C@@H]2[C@H](NC(=O)COC3=CC=CC=C3)C(=O)N2[C@H]1C(O)=O,CC1(C)S[C@@H]2[C@H](NC(=O)COc3ccccc3)C(=O)N2[C@H]1C(=O)O,True,350.3960000000001,False
BPQMGSKTAYIVFO-UHFFFAOYSA-N,4227,vismodegib,CS(=O)(=O)C1=CC(Cl)=C(C=C1)C(=O)NC1=CC=C(Cl)C(=C1)C1=CC=CC=N1,CS(=O)(=O)c1ccc(C(=O)Nc2ccc(Cl)c(-c3ccccn3)c2)c(Cl)c1,True,421.3050000000001,True
BPRHUIZQVSMCRT-VEUZHWNKSA-N,2406,rosuvastatin,CC(C)C1=C(\C=C\[C@@H](O)C[C@@H](O)CC(O)=O)C(=NC(=N1)N(C)S(C)(=O)=O)C1=CC=C(F)C=C1,CC(C)c1nc(N(C)S(C)(=O)=O)nc(-c2ccc(F)cc2)c1/C=C/[C@@H](O)C[C@@H](O)CC(=O)O,True,481.5460000000001,True
BPZSYCZIITTYBL-YJYMSZOUSA-N,4943,arformoterol,COC1=CC=C(C[C@@H](C)NC[C@H](O)C2=CC(NC=O)=C(O)C=C2)C=C1,COc1ccc(C[C@@H](C)NC[C@H](O)c2ccc(O)c(NC=O)c2)cc1,True,344.41100000000006,True
BQIPXWYNLPYNHW-UHFFFAOYSA-N,1779,metipranolol,CC(C)NCC(O)COC1=C(C)C(C)=C(OC(C)=O)C(C)=C1,CC(=O)Oc1c(C)cc(OCC(O)CNC(C)C)c(C)c1C,True,309.406,False
BQSJTQLCZDPROO-UHFFFAOYSA-N,1137,febuxostat,CC(C)COC1=C(C=C(C=C1)C1=NC(C)=C(S1)C(O)=O)C#N,Cc1nc(-c2ccc(OCC(C)C)c(C#N)c2)sc1C(=O)O,True,316.38200000000006,False
BRBKOPJOKNSWSG-UHFFFAOYSA-N,2505,sulfaguanidine,NC(=N)NS(=O)(=O)C1=CC=C(N)C=C1,N=C(N)NS(=O)(=O)c1ccc(N)cc1,True,214.25,False
BRUQQQPBMZOVGD-XFKAJCMBSA-N,2029,oxycodone,COC1=CC=C2C[C@H]3N(C)CC[C@@]45[C@@H](OC1=C24)C(=O)CC[C@@]35O,COc1ccc2c3c1O[C@H]1C(=O)CC[C@@]4(O)[C@@H](C2)N(C)CC[C@]314,True,315.3690000000001,True
BRZANEXCSZCZCI-UHFFFAOYSA-N,1924,nifenazone,CN1N(C(=O)C(NC(=O)C2=CN=CC=C2)=C1C)C1=CC=CC=C1,Cc1c(NC(=O)c2cccnc2)c(=O)n(-c2ccccc2)n1C,True,308.341,False
BSMCAPRUBJMWDF-KRWDZBQOSA-N,5046,cobimetinib,OC1(CN(C1)C(=O)C1=C(NC2=CC=C(I)C=C2F)C(F)=C(F)C=C1)[C@@H]1CCCCN1,O=C(c1ccc(F)c(F)c1Nc1ccc(I)cc1F)N1CC(O)([C@@H]2CCCCN2)C1,True,531.3160000000001,False
BSYNRYMUTXBXSQ-UHFFFAOYSA-N,74,acetylsalicylic acid,CC(=O)OC1=CC=CC=C1C(O)=O,CC(=O)Oc1ccccc1C(=O)O,True,180.15899999999996,True
BTFMCMVEUCGQDX-UHFFFAOYSA-N,2186,piperacetazine,CC(=O)C1=CC=C2SC3=CC=CC=C3N(CCCN3CCC(CCO)CC3)C2=C1,CC(=O)c1ccc2c(c1)N(CCCN1CCC(CCO)CC1)c1ccccc1S2,True,410.58300000000025,True
BTGNGJJLZOIYID-UHFFFAOYSA-N,2452,sivelestat,CC(C)(C)C(=O)OC1=CC=C(C=C1)S(=O)(=O)NC1=C(C=CC=C1)C(=O)NCC(O)=O,CC(C)(C)C(=O)Oc1ccc(S(=O)(=O)Nc2ccccc2C(=O)NCC(=O)O)cc1,True,434.4700000000002,True
BUGYDGFZZOZRHP-UHFFFAOYSA-N,1679,memantine,CC12CC3CC(C)(C1)CC(N)(C3)C2,CC12CC3CC(C)(C1)CC(N)(C3)C2,True,179.307,True
BUJAGSGYPOAWEI-UHFFFAOYSA-N,2686,tocainide,CC(N)C(=O)NC1=C(C)C=CC=C1C,Cc1cccc(C)c1NC(=O)C(C)N,True,192.262,True
BVPWJMCABCPUQY-UHFFFAOYSA-N,670,clebopride,COC1=C(C=C(Cl)C(N)=C1)C(=O)NC1CCN(CC2=CC=CC=C2)CC1,COc1cc(N)c(Cl)cc1C(=O)NC1CCN(Cc2ccccc2)CC1,True,373.8840000000001,True
BWPIARFWQZKAIA-UHFFFAOYSA-N,2320,protriptyline,CNCCCC1C2=CC=CC=C2C=CC2=C1C=CC=C2,CNCCCC1c2ccccc2C=Cc2ccccc21,True,263.384,True
BXZVVICBKDXVGW-NKWVEPMBSA-N,869,didanosine,OC[C@@H]1CC[C@@H](O1)N1C=NC2=C1N=CNC2=O,O=c1[nH]cnc2c1ncn2[C@H]1CC[C@@H](CO)O1,True,236.23100000000002,True
BYBLEWFAAKGYCD-UHFFFAOYSA-N,1800,miconazole,ClC1=CC(Cl)=C(COC(CN2C=CN=C2)C2=C(Cl)C=C(Cl)C=C2)C=C1,Clc1ccc(COC(Cn2ccnc2)c2ccc(Cl)cc2Cl)c(Cl)c1,True,416.1350000000001,True
BYFMCKSPFYVMOU-UHFFFAOYSA-N,303,bendazac,OC(=O)COC1=NN(CC2=CC=CC=C2)C2=C1C=CC=C2,O=C(O)COc1nn(Cc2ccccc2)c2ccccc12,True,282.29900000000004,False
BYJAVTDNIXVSPW-UHFFFAOYSA-N,3591,tetryzoline,C1CN=C(N1)C1CCCC2=CC=CC=C12,c1ccc2c(c1)CCCC2C1=NCCN1,True,200.285,False
BYPFEZZEUUWMEJ-UHFFFAOYSA-N,2099,pentoxifylline,CN1C=NC2=C1C(=O)N(CCCCC(C)=O)C(=O)N2C,CC(=O)CCCCn1c(=O)c2c(ncn2C)n(C)c1=O,True,278.31199999999995,True
BYPIURIATSUHDW-UHFFFAOYSA-N,1411,ibuproxam,CC(C)CC1=CC=C(C=C1)C(C)C(=O)NO,CC(C)Cc1ccc(C(C)C(=O)NO)cc1,True,221.29999999999998,False
BZEWSEKUUPWQDQ-UHFFFAOYSA-N,974,dyclonine,CCCCOC1=CC=C(C=C1)C(=O)CCN1CCCCC1,CCCCOc1ccc(C(=O)CCN2CCCCC2)cc1,True,289.41900000000004,True
BZKPWHYZMXOIDC-UHFFFAOYSA-N,56,acetazolamide,CC(=O)NC1=NN=C(S1)S(N)(=O)=O,CC(=O)Nc1nnc(S(N)(=O)=O)s1,True,222.251,True
BZMKNPGKXJAIDV-VAWYXSNFSA-N,648,cinalukast,CCC(CC)(CC(=O)NC1=CC=CC(\C=C\C2=NC(=CS2)C2CCC2)=C1)C(O)=O,CCC(CC)(CC(=O)Nc1cccc(/C=C/c2nc(C3CCC3)cs2)c1)C(=O)O,True,412.5550000000002,False
CBEQULMOCCWAQT-WOJGMQOQSA-N,2763,triprolidine,CC1=CC=C(C=C1)C(=C/CN1CCCC1)\C1=CC=CC=N1,Cc1ccc(/C(=C\CN2CCCC2)c2ccccn2)cc1,True,278.39899999999994,True
CBHCDHNUZWWAPP-UHFFFAOYSA-N,1688,pecazine,CN1CCCC(CN2C3=CC=CC=C3SC3=CC=CC=C23)C1,CN1CCCC(CN2c3ccccc3Sc3ccccc32)C1,True,310.4660000000001,False
CBQGYUDMJHNJBX-RTBURBONSA-N,2361,reboxetine,CCOC1=C(O[C@@H]([C@H]2CNCCO2)C2=CC=CC=C2)C=CC=C1,CCOc1ccccc1O[C@H](c1ccccc1)[C@H]1CNCCO1,True,313.397,True
CBVCZFGXHXORBI-PXQQMZJSSA-N,1437,indinavir,CC(C)(C)NC(=O)[C@@H]1CN(CC2=CN=CC=C2)CCN1C[C@@H](O)C[C@@H](CC1=CC=CC=C1)C(=O)N[C@@H]1[C@H](O)CC2=C1C=CC=C2,CC(C)(C)NC(=O)[C@@H]1CN(Cc2cccnc2)CCN1C[C@@H](O)C[C@@H](Cc1ccccc1)C(=O)N[C@H]1c2ccccc2C[C@H]1O,True,613.8030000000002,False
CDAISMWEOUEBRE-GPIVLXJGSA-N,1444,inositol,O[C@H]1[C@H](O)[C@@H](O)[C@H](O)[C@H](O)[C@@H]1O,O[C@H]1[C@H](O)[C@@H](O)[C@H](O)[C@@H](O)[C@H]1O,True,180.156,False
CDCHDCWJMGXXRH-UHFFFAOYSA-N,1056,estazolam,ClC1=CC=C2N3C=NN=C3CN=C(C3=CC=CC=C3)C2=C1,Clc1ccc2c(c1)C(c1ccccc1)=NCc1nncn1-2,True,294.745,True
CDOZDBSBBXSXLB-UHFFFAOYSA-N,1086,profenamine,CCN(CC)C(C)CN1C2=CC=CC=C2SC2=C1C=CC=C2,CCN(CC)C(C)CN1c2ccccc2Sc2ccccc21,True,312.482,False
CEMAWMOMDPGJMB-UHFFFAOYSA-N,2027,oxprenolol,CC(C)NCC(O)COC1=C(OCC=C)C=CC=C1,C=CCOc1ccccc1OCC(O)CNC(C)C,True,265.35299999999995,True
CESYKOGBSMNBPD-UHFFFAOYSA-N,1759,methylclothiazide,CN1C(CCl)NC2=CC(Cl)=C(C=C2S1(=O)=O)S(N)(=O)=O,CN1C(CCl)Nc2cc(Cl)c(S(N)(=O)=O)cc2S1(=O)=O,True,360.24400000000014,False
CEUORZQYGODEFX-UHFFFAOYSA-N,242,aripiprazole,ClC1=CC=CC(N2CCN(CCCCOC3=CC=C4CCC(=O)NC4=C3)CC2)=C1Cl,O=C1CCc2ccc(OCCCCN3CCN(c4cccc(Cl)c4Cl)CC3)cc2N1,True,448.39400000000023,True
CFOYWRHIYXMDOT-UHFFFAOYSA-N,497,carbimazole,CCOC(=O)N1C=CN(C)C1=S,CCOC(=O)n1ccn(C)c1=S,True,186.236,True
CFZXDJWFRVEWSR-BUHFOSPRSA-N,4575,indigo carmine,OS(=O)(=O)C1=CC2=C(N\C(C2=O)=C2\NC3=C(C=C(C=C3)S(O)(=O)=O)C2=O)C=C1,O=C1/C(=C2\Nc3ccc(S(=O)(=O)O)cc3C2=O)Nc2ccc(S(=O)(=O)O)cc21,True,422.39600000000013,False
CGIGDMFJXJATDK-UHFFFAOYSA-N,1440,indomethacin,COC1=CC2=C(C=C1)N(C(=O)C1=CC=C(Cl)C=C1)C(C)=C2CC(O)=O,COc1ccc2c(c1)c(CC(=O)O)c(C)n2C(=O)c1ccc(Cl)cc1,True,357.7930000000002,True
CGNMLOKEMNBUAI-UHFFFAOYSA-N,95,adrafinil,ONC(=O)CS(=O)C(C1=CC=CC=C1)C1=CC=CC=C1,O=C(CS(=O)C(c1ccccc1)c1ccccc1)NO,True,289.35600000000005,True
CGYWLLGTCBIGSR-UHFFFAOYSA-N,4003,nitroxazepine,CN(C)CCCN1C2=C(OC3=CC=C(C=C3C1=O)[N+]([O-])=O)C=CC=C2,CN(C)CCCN1C(=O)c2cc([N+](=O)[O-])ccc2Oc2ccccc21,True,341.3670000000001,False
CHNXZKVNWQUJIB-CEGNMAFCSA-N,1084,ethisterone,C[C@]12CC[C@H]3[C@@H](CCC4=CC(=O)CC[C@]34C)[C@@H]1CC[C@@]2(O)C#C,C#C[C@]1(O)CC[C@H]2[C@@H]3CCC4=CC(=O)CC[C@]4(C)[C@H]3CC[C@@]21C,True,312.45300000000003,False
CIDUJQMULVCIBT-MQDUPKMGSA-N,1903,netilmicin,CCN[C@@H]1C[C@H](N)[C@@H](O[C@H]2OC(CN)=CC[C@H]2N)[C@H](O)[C@H]1O[C@H]1OC[C@](C)(O)[C@H](NC)[C@H]1O,CCN[C@@H]1C[C@H](N)[C@@H](O[C@H]2OC(CN)=CC[C@H]2N)[C@H](O)[C@H]1O[C@H]1OC[C@](C)(O)[C@H](NC)[C@H]1O,True,475.58700000000016,False
CIWBSHSKHKDKBQ-JLAZNSOCSA-N,4072,ascorbic acid,OC[C@H](O)[C@H]1OC(=O)C(O)=C1O,O=C1O[C@H]([C@@H](O)CO)C(O)=C1O,True,176.124,False
CJAVTWRYCDNHSM-UHFFFAOYSA-N,307,benfluorex,CC(CC1=CC(=CC=C1)C(F)(F)F)NCCOC(=O)C1=CC=CC=C1,CC(Cc1cccc(C(F)(F)F)c1)NCCOC(=O)c1ccccc1,True,351.368,True
CJBJHOAVZSMMDJ-HEXNFIEUSA-N,4143,darunavir,CC(C)CN(C[C@@H](O)[C@H](CC1=CC=CC=C1)NC(=O)O[C@H]1CO[C@H]2OCC[C@@H]12)S(=O)(=O)C1=CC=C(N)C=C1,CC(C)CN(C[C@@H](O)[C@H](Cc1ccccc1)NC(=O)O[C@H]1CO[C@H]2OCC[C@H]21)S(=O)(=O)c1ccc(N)cc1,True,547.6740000000003,False
CJCSPKMFHVPWAR-JTQLQIEISA-N,1762,methyldopa,C[C@](N)(CC1=CC(O)=C(O)C=C1)C(O)=O,C[C@](N)(Cc1ccc(O)c(O)c1)C(=O)O,True,211.21699999999998,True
CJGYSWNGNKCJSB-YVLZZHOMSA-N,415,bucladesine,CCCC(=O)NC1=NC=NC2=C1N=CN2[C@@H]1O[C@@H]2COP(O)(=O)O[C@H]2[C@H]1OC(=O)CCC,CCCC(=O)Nc1ncnc2c1ncn2[C@@H]1O[C@@H]2COP(=O)(O)O[C@H]2[C@H]1OC(=O)CCC,True,469.3910000000003,True
CJXAEXPPLWQRFR-UHFFFAOYSA-N,672,clemizole,ClC1=CC=C(CN2C(CN3CCCC3)=NC3=C2C=CC=C3)C=C1,Clc1ccc(Cn2c(CN3CCCC3)nc3ccccc32)cc1,True,325.84299999999996,False
CKLJMWTZIZZHCS-REOHCLBHSA-N,1550,aspartic acid,N[C@@H](CC(O)=O)C(O)=O,N[C@@H](CC(=O)O)C(=O)O,True,133.10299999999998,False
CKSJXOVLXUMMFF-UHFFFAOYSA-N,1119,exalamide,CCCCCCOC1=C(C=CC=C1)C(N)=O,CCCCCCOc1ccccc1C(N)=O,True,221.3,True
CLPFFLWZZBQMAO-UHFFFAOYSA-N,1126,fadrozole,N#CC1=CC=C(C=C1)C1CCCC2=CN=CN12,N#Cc1ccc(C2CCCc3cncn32)cc1,True,223.27899999999994,True
CMHHMUWAYWTMGS-UHFFFAOYSA-N,3016,oxybuprocaine,CCCCOC1=C(N)C=CC(=C1)C(=O)OCCN(CC)CC,CCCCOc1cc(C(=O)OCCN(CC)CC)ccc1N,True,308.4220000000001,True
CMJCXYNUCSMDBY-ZDUSSCGKSA-N,5289,encorafenib,COC(=O)N[C@@H](C)CNC1=NC(=CC=N1)C1=CN(N=C1C1=C(F)C(NS(C)(=O)=O)=CC(Cl)=C1)C(C)C,COC(=O)N[C@@H](C)CNc1nccc(-c2cn(C(C)C)nc2-c2cc(Cl)cc(NS(C)(=O)=O)c2F)n1,True,540.0210000000002,True
CMSMOCZEIVJLDB-UHFFFAOYSA-N,758,cyclophosphamide,ClCCN(CCCl)P1(=O)NCCCO1,O=P1(N(CCCl)CCCl)NCCCO1,True,261.089,False
CMWTZPSULFXXJA-VIFPVBQESA-N,1883,naproxen,COC1=CC=C2C=C(C=CC2=C1)[C@H](C)C(O)=O,COc1ccc2cc([C@H](C)C(=O)O)ccc2c1,True,230.26299999999998,True
CNBGNNVCVSKAQZ-UHFFFAOYSA-N,3881,benzydamine,CN(C)CCCOC1=NN(CC2=CC=CC=C2)C2=C1C=CC=C2,CN(C)CCCOc1nn(Cc2ccccc2)c2ccccc12,True,309.413,False
CNIIGCLFLJGOGP-UHFFFAOYSA-N,3369,naphazoline,C(C1=NCCN1)C1=CC=CC2=CC=CC=C12,c1ccc2c(CC3=NCCN3)cccc2c1,True,210.28,False
COKMIXFXJJXBQG-NRFANRHFSA-N,2680,tirofiban,CCCCS(=O)(=O)N[C@@H](CC1=CC=C(OCCCCC2CCNCC2)C=C1)C(O)=O,CCCCS(=O)(=O)N[C@@H](Cc1ccc(OCCCCC2CCNCC2)cc1)C(=O)O,True,440.6060000000003,False
COUYJEVMBVSIHV-SFHVURJKSA-N,4814,olodaterol,COC1=CC=C(CC(C)(C)NC[C@H](O)C2=C3OCC(=O)NC3=CC(O)=C2)C=C1,COc1ccc(CC(C)(C)NC[C@H](O)c2cc(O)cc3c2OCC(=O)N3)cc1,True,386.4480000000001,False
COVZYZSDYWQREU-UHFFFAOYSA-N,438,busulfan,CS(=O)(=O)OCCCCOS(C)(=O)=O,CS(=O)(=O)OCCCCOS(C)(=O)=O,True,246.30599999999998,True
CPEUVMUXAHMANV-UHFFFAOYSA-N,1186,flubendazole,COC(=O)NC1=NC2=C(N1)C=CC(=C2)C(=O)C1=CC=C(F)C=C1,COC(=O)Nc1nc2cc(C(=O)c3ccc(F)cc3)ccc2[nH]1,True,313.288,False
CPJSUEIXXCENMM-UHFFFAOYSA-N,2115,phenacetin,CCOC1=CC=C(NC(C)=O)C=C1,CCOc1ccc(NC(C)=O)cc1,True,179.219,False
CPTBDICYNRMXFX-UHFFFAOYSA-N,2272,procarbazine,CNNCC1=CC=C(C=C1)C(=O)NC(C)C,CNNCc1ccc(C(=O)NC(C)C)cc1,True,221.304,True
CPZBLNMUGSZIPR-NVXWUHKLSA-N,2046,palonosetron,O=C1N(C[C@H]2CCCC3=CC=CC1=C23)[C@@H]1CN2CCC1CC2,O=C1c2cccc3c2[C@H](CCC3)CN1[C@@H]1CN2CCC1CC2,True,296.41400000000004,True
CQXADFVORZEARL-UHFFFAOYSA-N,2381,rilmenidine,C1CC1C(NC1=NCCO1)C1CC1,C1COC(NC(C2CC2)C2CC2)=N1,True,180.25099999999998,True
CTETYYAZBPJBHE-UHFFFAOYSA-N,1355,haloprogin,ClC1=CC(Cl)=C(OCC#CI)C=C1Cl,Clc1cc(Cl)c(OCC#CI)cc1Cl,True,361.39300000000003,False
CUHVIMMYOGQXCV-UHFFFAOYSA-N,1655,medetomidine,CC(C1=CNC=N1)C1=C(C)C(C)=CC=C1,Cc1cccc(C(C)c2c[nH]cn2)c1C,True,200.285,True
CULUWZNBISUWAS-UHFFFAOYSA-N,322,benznidazole,[O-][N+](=O)C1=NC=CN1CC(=O)NCC1=CC=CC=C1,O=C(Cn1ccnc1[N+](=O)[O-])NCc1ccccc1,True,260.253,True
CURUTKGFNZGFSE-UHFFFAOYSA-N,868,dicycloverine,CCN(CC)CCOC(=O)C1(CCCCC1)C1CCCCC1,CCN(CC)CCOC(=O)C1(C2CCCCC2)CCCCC1,True,309.4940000000001,False
CUWODFFVMXJOKD-UVLQAERKSA-N,436,buserelin,CCNC(=O)[C@@H]1CCCN1C(=O)[C@H](CCCNC(N)=N)NC(=O)[C@H](CC(C)C)NC(=O)[C@@H](COC(C)(C)C)NC(=O)[C@H](CC1=CC=C(O)C=C1)NC(=O)[C@H](CO)NC(=O)[C@H](CC1=CNC2=C1C=CC=C2)NC(=O)[C@H](CC1=CNC=N1)NC(=O)[C@@H]1CCC(=O)N1,CCNC(=O)[C@@H]1CCCN1C(=O)[C@H](CCCNC(=N)N)NC(=O)[C@H](CC(C)C)NC(=O)[C@@H](COC(C)(C)C)NC(=O)[C@H](Cc1ccc(O)cc1)NC(=O)[C@H](CO)NC(=O)[C@H](Cc1c[nH]c2ccccc12)NC(=O)[C@H](Cc1c[nH]cn1)NC(=O)[C@@H]1CCC(=O)N1,True,1239.4470000000003,False
CVBMAZKKCSYWQR-WCGOZPBSSA-N,810,deserpidine,CO[C@H]1[C@@H](C[C@@H]2CN3CCC4=C(NC5=CC=CC=C45)[C@H]3C[C@@H]2[C@@H]1C(=O)OC)OC(=O)C1=CC(OC)=C(OC)C(OC)=C1,COC(=O)[C@H]1[C@H]2C[C@@H]3c4[nH]c5ccccc5c4CCN3C[C@H]2C[C@@H](OC(=O)c2cc(OC)c(OC)c(OC)c2)[C@@H]1OC,True,578.6620000000004,True
CVKNDPRBJVBDSS-UHFFFAOYSA-N,634,cicletanine,CC1=NC=C2C(OCC2=C1O)C1=CC=C(Cl)C=C1,Cc1ncc2c(c1O)COC2c1ccc(Cl)cc1,True,261.70799999999997,False
CVSVTCORWBXHQV-UHFFFAOYSA-N,4661,creatine,CN(CC(O)=O)C(N)=N,CN(CC(=O)O)C(=N)N,True,131.135,False
CVXBEEMKQHEXEN-UHFFFAOYSA-N,3066,carbaryl,CNC(=O)OC1=CC=CC2=C1C=CC=C2,CNC(=O)Oc1cccc2ccccc12,True,201.225,False
CWXYHOHYCJXYFQ-UHFFFAOYSA-N,355,betamipron,OC(=O)CCNC(=O)C1=CC=CC=C1,O=C(O)CCNC(=O)c1ccccc1,True,193.20200000000003,True
CXOFVDLJLONNDW-UHFFFAOYSA-N,2152,phenytoin,O=C1NC(=O)C(N1)(C1=CC=CC=C1)C1=CC=CC=C1,O=C1NC(=O)C(c2ccccc2)(c2ccccc2)N1,True,252.27300000000002,True
CXOXHMZGEKVPMT-UHFFFAOYSA-N,682,clobazam,CN1C2=CC=C(Cl)C=C2N(C2=CC=CC=C2)C(=O)CC1=O,CN1C(=O)CC(=O)N(c2ccccc2)c2cc(Cl)ccc21,True,300.7450000000001,True
CYDMQBQPVICBEU-XRNKAMNCSA-N,624,chlortetracycline,CN(C)[C@H]1[C@@H]2C[C@H]3C(=C(O)[C@]2(O)C(=O)C(C(N)=O)=C1O)C(=O)C1=C(C(Cl)=CC=C1O)[C@@]3(C)O,CN(C)[C@@H]1C(O)=C(C(N)=O)C(=O)[C@@]2(O)C(O)=C3C(=O)c4c(O)ccc(Cl)c4[C@@](C)(O)[C@H]3C[C@@H]12,True,478.88500000000016,False
CYOHGALHFOKKQC-UHFFFAOYSA-N,5388,selumetinib,CN1C=NC2=C(F)C(NC3=CC=C(Br)C=C3Cl)=C(C=C12)C(=O)NOCCO,Cn1cnc2c(F)c(Nc3ccc(Br)cc3Cl)c(C(=O)NOCCO)cc21,True,457.68700000000024,False
CYWFCPPBTWOZSF-UHFFFAOYSA-N,3293,ibufenac,CC(C)CC1=CC=C(CC(O)=O)C=C1,CC(C)Cc1ccc(CC(=O)O)cc1,True,192.25799999999998,False
CYXKNKQEMFBLER-UHFFFAOYSA-N,2106,perhexiline,C(C(C1CCCCC1)C1CCCCC1)C1CCCCN1,C1CCC(C(CC2CCCCN2)C2CCCCC2)CC1,True,277.4959999999999,False
CZCHIEJNWPNBDE-UHFFFAOYSA-N,321,benziodarone,CCC1=C(C(=O)C2=CC(I)=C(O)C(I)=C2)C2=C(O1)C=CC=C2,CCc1oc2ccccc2c1C(=O)c1cc(I)c(O)c(I)c1,True,518.0880000000001,False
CZFFBEXEKNGXKS-UHFFFAOYSA-N,2352,raltegravir,CN1C(=O)C(O)=C(N=C1C(C)(C)NC(=O)C1=NN=C(C)O1)C(=O)NCC1=CC=C(F)C=C1,Cc1nnc(C(=O)NC(C)(C)c2nc(C(=O)NCc3ccc(F)cc3)c(O)c(=O)n2C)o1,True,444.4230000000002,False
CZKPOZZJODAYPZ-LROMGURASA-N,1040,eptifibatide,NC(=N)NCCCC[C@@H]1NC(=O)CCSSC[C@H](NC(=O)[C@@H]2CCCN2C(=O)[C@H](CC2=CNC3=C2C=CC=C3)NC(=O)[C@H](CC(O)=O)NC(=O)CNC1=O)C(N)=O,N=C(N)NCCCC[C@@H]1NC(=O)CCSSC[C@@H](C(N)=O)NC(=O)[C@@H]2CCCN2C(=O)[C@H](Cc2c[nH]c3ccccc23)NC(=O)[C@H](CC(=O)O)NC(=O)CNC1=O,True,831.9790000000002,False
CZMRCDWAGMRECN-UGDNZRGBSA-N,4610,sucrose,OC[C@H]1O[C@@](CO)(O[C@H]2O[C@H](CO)[C@@H](O)[C@H](O)[C@H]2O)[C@@H](O)[C@@H]1O,OC[C@H]1O[C@@](CO)(O[C@H]2O[C@H](CO)[C@@H](O)[C@H](O)[C@H]2O)[C@@H](O)[C@@H]1O,True,342.297,True
DAFOCGYVTAOKAJ-UHFFFAOYSA-N,4863,phenibut,NCC(CC(O)=O)C1=CC=CC=C1,NCC(CC(=O)O)c1ccccc1,True,179.219,False
DAFYYTQWSAWIGS-DEOSSOPVSA-N,4799,vilanterol,OCC1=C(O)C=CC(=C1)[C@@H](O)CNCCCCCCOCCOCC1=C(Cl)C=CC=C1Cl,OCc1cc([C@@H](O)CNCCCCCCOCCOCc2c(Cl)cccc2Cl)ccc1O,True,486.43600000000026,False
DBABZHXKTCFAPX-UHFFFAOYSA-N,2268,probenecid,CCCN(CCC)S(=O)(=O)C1=CC=C(C=C1)C(O)=O,CCCN(CCC)S(=O)(=O)c1ccc(C(=O)O)cc1,True,285.365,True
DBGIVFWFUFKIQN-UHFFFAOYSA-N,1150,fenfluramine,CCNC(C)CC1=CC(=CC=C1)C(F)(F)F,CCNC(C)Cc1cccc(C(F)(F)F)c1,True,231.26099999999997,True
DBVJJBKOTRCVKF-UHFFFAOYSA-N,1098,etidronic acid,CC(O)(P(O)(O)=O)P(O)(O)=O,CC(O)(P(=O)(O)O)P(=O)(O)O,True,206.027,False
DCCSDBARQIPTGU-HSZRJFAPSA-N,4191,fesoterodine,CC(C)N(CC[C@H](C1=CC=CC=C1)C1=C(OC(=O)C(C)C)C=CC(CO)=C1)C(C)C,CC(C)C(=O)Oc1ccc(CO)cc1[C@H](CCN(C(C)C)C(C)C)c1ccccc1,True,411.5860000000002,False
DCOPUUMXTXDBNB-UHFFFAOYSA-N,865,diclofenac,OC(=O)CC1=C(NC2=C(Cl)C=CC=C2Cl)C=CC=C1,O=C(O)Cc1ccccc1Nc1c(Cl)cccc1Cl,True,296.153,True
DCSUBABJRXZOMT-UHFFFAOYSA-N,660,cisapride,COC1CN(CCCOC2=CC=C(F)C=C2)CCC1NC(=O)C1=C(OC)C=C(N)C(Cl)=C1,COc1cc(N)c(Cl)cc1C(=O)NC1CCN(CCCOc2ccc(F)cc2)CC1OC,True,465.9530000000002,True
DCXYFEDJOCDNAF-REOHCLBHSA-N,4126,asparagine,N[C@@H](CC(N)=O)C(O)=O,NC(=O)C[C@H](N)C(=O)O,True,132.119,False
DDDQVDIPBFGVIG-UHFFFAOYSA-N,2221,plafibride,CC(C)(OC1=CC=C(Cl)C=C1)C(=O)NC(=O)NCN1CCOCC1,CC(C)(Oc1ccc(Cl)cc1)C(=O)NC(=O)NCN1CCOCC1,True,355.82200000000023,False
DDLIGBOFAVUZHB-UHFFFAOYSA-N,1802,midazolam,CC1=NC=C2CN=C(C3=CC(Cl)=CC=C3N12)C1=C(F)C=CC=C1,Cc1ncc2n1-c1ccc(Cl)cc1C(c1ccccc1F)=NC2,True,325.77400000000006,True
DDNCQMVWWZOMLN-IRLDBZIGSA-N,2828,vinpocetine,CCOC(=O)C1=C[C@]2(CC)CCCN3CCC4=C([C@H]23)N1C1=CC=CC=C41,CCOC(=O)C1=C[C@]2(CC)CCCN3CCc4c(n1c1ccccc41)[C@@H]32,True,350.462,True
DDUHZTYCFQRHIY-RBHXEPJQSA-N,1331,griseofulvin,COC1=CC(OC)=C(Cl)C2=C1C(=O)[C@]1(O2)[C@H](C)CC(=O)C=C1OC,COC1=CC(=O)C[C@@H](C)[C@]12Oc1c(Cl)c(OC)cc(OC)c1C2=O,True,352.7700000000001,True
DERZBLKQOCDDDZ-JLHYYAGUSA-N,654,cinnarizine,C(\C=C\C1=CC=CC=C1)N1CCN(CC1)C(C1=CC=CC=C1)C1=CC=CC=C1,C(=C/c1ccccc1)\CN1CCN(C(c2ccccc2)c2ccccc2)CC1,True,368.52399999999994,True
DEVSOMFAQLZNKR-RJRFIUFISA-N,5330,selinexor,FC(F)(F)C1=CC(=CC(=C1)C1=NN(\C=C/C(=O)NNC2=NC=CN=C2)C=N1)C(F)(F)F,O=C(/C=C\n1cnc(-c2cc(C(F)(F)F)cc(C(F)(F)F)c2)n1)NNc1cnccn1,True,443.31100000000004,False
DFPAKSUCGFBDDF-UHFFFAOYSA-N,1906,nicotinamide,NC(=O)C1=CN=CC=C1,NC(=O)c1cccnc1,True,122.12699999999997,False
DGBIGWXXNGSACT-UHFFFAOYSA-N,703,clonazepam,[O-][N+](=O)C1=CC=C2NC(=O)CN=C(C2=C1)C1=C(Cl)C=CC=C1,O=C1CN=C(c2ccccc2Cl)c2cc([N+](=O)[O-])ccc2N1,True,315.716,True
DGMKFQYCZXERLX-UHFFFAOYSA-N,2281,proglumide,CCCN(CCC)C(=O)C(CCC(O)=O)NC(=O)C1=CC=CC=C1,CCCN(CCC)C(=O)C(CCC(=O)O)NC(=O)c1ccccc1,True,334.41600000000005,True
DHHVAGZRUROJKS-UHFFFAOYSA-N,2140,phentermine,CC(C)(N)CC1=CC=CC=C1,CC(C)(N)Cc1ccccc1,True,149.237,True
DHMQDGOQFOQNFH-UHFFFAOYSA-N,1319,glycine,NCC(O)=O,NCC(=O)O,True,75.067,False
DHSSDEDRBUKTQY-UHFFFAOYSA-N,2558,talipexole,NC1=NC2=C(CCN(CC=C)CC2)S1,C=CCN1CCc2nc(N)sc2CC1,True,209.31799999999998,True
DHSUYTOATWAVLW-WFVMDLQDSA-N,640,cilastatin,CC1(C)C[C@@H]1C(=O)N\C(=C/CCCCSC[C@H](N)C(O)=O)C(O)=O,CC1(C)C[C@@H]1C(=O)N/C(=C\CCCCSC[C@H](N)C(=O)O)C(=O)O,True,358.46000000000004,False
DIIBXMIIOQXTHW-UHFFFAOYSA-N,2212,pirozadil,COC1=CC(=CC(OC)=C1OC)C(=O)OCC1=CC=CC(COC(=O)C2=CC(OC)=C(OC)C(OC)=C2)=N1,COc1cc(C(=O)OCc2cccc(COC(=O)c3cc(OC)c(OC)c(OC)c3)n2)cc(OC)c1OC,True,527.5260000000003,True
DIWRORZWFLOCLC-UHFFFAOYSA-N,1606,lorazepam,OC1N=C(C2=CC(Cl)=CC=C2NC1=O)C1=C(Cl)C=CC=C1,O=C1Nc2ccc(Cl)cc2C(c2ccccc2Cl)=NC1O,True,321.163,True
DJBNUMBKLMJRSA-UHFFFAOYSA-N,1176,flecainide,FC(F)(F)COC1=CC(C(=O)NCC2CCCCN2)=C(OCC(F)(F)F)C=C1,O=C(NCC1CCCCN1)c1cc(OCC(F)(F)F)ccc1OCC(F)(F)F,True,414.34600000000006,True
DJEIHHYCDCTAAH-UHFFFAOYSA-N,1829,mofezolac,COC1=CC=C(C=C1)C1=NOC(CC(O)=O)=C1C1=CC=C(OC)C=C1,COc1ccc(-c2noc(CC(=O)O)c2-c2ccc(OC)cc2)cc1,True,339.34700000000004,True
DJHCCTTVDRAMEH-DUUJBDRPSA-N,4493,alclometasone dipropionate,CCC(=O)OCC(=O)[C@@]1(OC(=O)CC)[C@H](C)C[C@H]2[C@@H]3[C@H](Cl)CC4=CC(=O)C=C[C@]4(C)[C@H]3[C@@H](O)C[C@]12C,CCC(=O)OCC(=O)[C@@]1(OC(=O)CC)[C@H](C)C[C@H]2[C@H]3[C@H]([C@@H](O)C[C@@]21C)[C@@]1(C)C=CC(=O)C=C1C[C@H]3Cl,True,521.0500000000002,True
DJQJFMSHHYAZJD-UHFFFAOYSA-N,3322,lidofenin,CC1=CC=CC(C)=C1NC(=O)CN(CC(O)=O)CC(O)=O,Cc1cccc(C)c1NC(=O)CN(CC(=O)O)CC(=O)O,True,294.307,False
DJQOOSBJCLSSEY-UHFFFAOYSA-N,76,acipimox,CC1=CN=C(C=[N+]1[O-])C(O)=O,Cc1cnc(C(=O)O)c[n+]1[O-],True,154.125,False
DJUFPMUQJKWIJB-UHFFFAOYSA-N,4339,pyronaridine,COC1=CC=C2N=C3C=C(Cl)C=CC3=C(NC3=CC(CN4CCCC4)=C(O)C(CN4CCCC4)=C3)C2=N1,COc1ccc2nc3cc(Cl)ccc3c(Nc3cc(CN4CCCC4)c(O)c(CN4CCCC4)c3)c2n1,True,518.0610000000005,True
DKGZKTPJOSAWFA-UHFFFAOYSA-N,2470,spiperone,FC1=CC=C(C=C1)C(=O)CCCN1CCC2(CC1)N(CNC2=O)C1=CC=CC=C1,O=C(CCCN1CCC2(CC1)C(=O)NCN2c1ccccc1)c1ccc(F)cc1,True,395.478,False
DKHGMERMDICWDU-GHDNBGIDSA-N,1685,menatetrenone,CC(C)=CCC\C(C)=C\CC\C(C)=C\CC\C(C)=C\CC1=C(C)C(=O)C2=CC=CC=C2C1=O,CC(C)=CCC/C(C)=C/CC/C(C)=C/CC/C(C)=C/CC1=C(C)C(=O)c2ccccc2C1=O,True,444.6590000000002,False
DKMFBWQBDIGMHM-UHFFFAOYSA-N,1677,melperone,CC1CCN(CCCC(=O)C2=CC=C(F)C=C2)CC1,CC1CCN(CCCC(=O)c2ccc(F)cc2)CC1,True,263.356,False
DKNWSYNQZKUICI-UHFFFAOYSA-N,144,amantadine,NC12CC3CC(CC(C3)C1)C2,NC12CC3CC(CC(C3)C1)C2,True,151.253,True
DKYWVDODHFEZIM-NSHDSACASA-N,833,dexketoprofen,C[C@H](C(O)=O)C1=CC=CC(=C1)C(=O)C1=CC=CC=C1,C[C@H](C(=O)O)c1cccc(C(=O)c2ccccc2)c1,True,254.285,False
DKYWVDODHFEZIM-UHFFFAOYSA-N,1528,ketoprofen,CC(C(O)=O)C1=CC=CC(=C1)C(=O)C1=CC=CC=C1,CC(C(=O)O)c1cccc(C(=O)c2ccccc2)c1,True,254.285,True
DLGOEMSEDOSKAD-UHFFFAOYSA-N,512,carmustine,ClCCNC(=O)N(CCCl)N=O,O=NN(CCCl)C(=O)NCCCl,True,214.05199999999996,False
DMDGGSIALPNSEE-UHFFFAOYSA-N,1392,hydroflumethiazide,NS(=O)(=O)C1=CC2=C(NCNS2(=O)=O)C=C1C(F)(F)F,NS(=O)(=O)c1cc2c(cc1C(F)(F)F)NCNS2(=O)=O,True,331.297,True
DMJNNHOOLUXYBV-PQTSNVLCSA-N,1709,meropenem,C[C@@H](O)[C@@H]1[C@H]2[C@@H](C)C(S[C@@H]3CN[C@@H](C3)C(=O)N(C)C)=C(N2C1=O)C(O)=O,C[C@@H](O)[C@H]1C(=O)N2C(C(=O)O)=C(S[C@@H]3CN[C@H](C(=O)N(C)C)C3)[C@H](C)[C@H]12,True,383.47000000000014,True
DMKSVUSAATWOCU-HROMYWEYSA-N,1611,loteprednol etabonate,CCOC(=O)O[C@@]1(CC[C@H]2[C@@H]3CCC4=CC(=O)C=C[C@]4(C)[C@H]3[C@@H](O)C[C@]12C)C(=O)OCCl,CCOC(=O)O[C@]1(C(=O)OCCl)CC[C@H]2[C@@H]3CCC4=CC(=O)C=C[C@]4(C)[C@H]3[C@@H](O)C[C@@]21C,True,466.9580000000002,True
DNIAPMSPPWPWGF-UHFFFAOYSA-N,4024,propylene glycol,CC(O)CO,CC(O)CO,True,76.095,False
DNVVZWSVACQWJE-UHFFFAOYSA-N,2143,fenamisal,NC1=CC(O)=C(C=C1)C(=O)OC1=CC=CC=C1,Nc1ccc(C(=O)Oc2ccccc2)c(O)c1,True,229.23499999999999,False
DOAKLVKFURWEDJ-QCMAZARJSA-N,783,daptomycin,CCCCCCCCCC(=O)N[C@@H](CC1=CNC2=CC=CC=C12)C(=O)N[C@H](CC(N)=O)C(=O)N[C@@H](CC(O)=O)C(=O)N[C@H]1[C@@H](C)OC(=O)[C@H](CC(=O)C2=C(N)C=CC=C2)NC(=O)[C@@H](NC(=O)[C@@H](CO)NC(=O)CNC(=O)[C@H](CC(O)=O)NC(=O)[C@@H](C)NC(=O)[C@H](CC(O)=O)NC(=O)[C@H](CCCN)NC(=O)CNC1=O)[C@H](C)CC(O)=O,CCCCCCCCCC(=O)N[C@@H](Cc1c[nH]c2ccccc12)C(=O)N[C@H](CC(N)=O)C(=O)N[C@@H](CC(=O)O)C(=O)N[C@@H]1C(=O)NCC(=O)N[C@@H](CCCN)C(=O)N[C@@H](CC(=O)O)C(=O)N[C@H](C)C(=O)N[C@@H](CC(=O)O)C(=O)NCC(=O)N[C@H](CO)C(=O)N[C@@H]([C@H](C)CC(=O)O)C(=O)N[C@@H](CC(=O)c2ccccc2N)C(=O)O[C@@H]1C,True,1620.693000000001,False
DOBMPNYZJYQDGZ-UHFFFAOYSA-N,867,dicoumarol,OC1=C(CC2=C(O)C3=C(OC2=O)C=CC=C3)C(=O)OC2=CC=CC=C12,O=c1oc2ccccc2c(O)c1Cc1c(O)c2ccccc2oc1=O,True,336.29900000000004,True
DOTIMEKVTCOGED-UHFFFAOYSA-N,5097,mepiprazole,CC1=CC(CCN2CCN(CC2)C2=CC(Cl)=CC=C2)=NN1,Cc1cc(CCN2CCN(c3cccc(Cl)c3)CC2)n[nH]1,True,304.825,False
DOUYETYNHWVLEO-UHFFFAOYSA-N,1429,imiquimod,CC(C)CN1C=NC2=C(N)N=C3C=CC=CC3=C12,CC(C)Cn1cnc2c(N)nc3ccccc3c21,True,240.30999999999997,True
DPSPPJIUMHPXMA-UHFFFAOYSA-N,1197,flumequine,CC1CCC2=C3N1C=C(C(O)=O)C(=O)C3=CC(F)=C2,CC1CCc2cc(F)cc3c(=O)c(C(=O)O)cn1c23,True,261.25199999999995,False
DPWPWRLQFGFJFI-UHFFFAOYSA-N,2065,pargyline,CN(CC#C)CC1=CC=CC=C1,C#CCN(C)Cc1ccccc1,True,159.232,False
DQKXQSGTHWVTAD-UHFFFAOYSA-N,3487,pramocaine,CCCCOC1=CC=C(OCCCN2CCOCC2)C=C1,CCCCOc1ccc(OCCCN2CCOCC2)cc1,True,293.4069999999999,False
DQMZLTXERSFNPB-UHFFFAOYSA-N,2267,primidone,CCC1(C(=O)NCNC1=O)C1=CC=CC=C1,CCC1(c2ccccc2)C(=O)NCNC1=O,True,218.256,True
DRHKJLXJIQTDTD-OAHLLOKOSA-N,2562,tamsulosin,CCOC1=C(OCCN[C@H](C)CC2=CC(=C(OC)C=C2)S(N)(=O)=O)C=CC=C1,CCOc1ccccc1OCCN[C@H](C)Cc1ccc(OC)c(S(N)(=O)=O)c1,True,408.5200000000001,True
DRLFMBDRBRZALE-UHFFFAOYSA-N,1672,melatonin,COC1=CC2=C(NC=C2CCNC(C)=O)C=C1,COc1ccc2[nH]cc(CCNC(C)=O)c2c1,True,232.283,True
DTGLZDAWLRGWQN-UHFFFAOYSA-N,4113,prasugrel,CC(=O)OC1=CC2=C(CCN(C2)C(C(=O)C2CC2)C2=C(F)C=CC=C2)S1,CC(=O)Oc1cc2c(s1)CCN(C(C(=O)C1CC1)c1ccccc1F)C2,True,373.449,False
DTOSIQBPPRVQHS-PDBXOOCHSA-N,4618,linolenic acid,CC\C=C/C\C=C/C\C=C/CCCCCCCC(O)=O,CC/C=C\C/C=C\C/C=C\CCCCCCCC(=O)O,True,278.4359999999999,True
DTOUUUZOYKYHEP-UHFFFAOYSA-N,3277,hexetidine,CCCCC(CC)CN1CN(CC(CC)CCCC)CC(C)(N)C1,CCCCC(CC)CN1CN(CC(CC)CCCC)CC(C)(N)C1,True,339.6120000000001,False
DUDKAZCAISNGQN-UHFFFAOYSA-N,2026,oxyphencyclimine,CN1CCCN=C1COC(=O)C(O)(C1CCCCC1)C1=CC=CC=C1,CN1CCCN=C1COC(=O)C(O)(c1ccccc1)C1CCCCC1,True,344.45500000000004,True
DUPWHXBITIZIKZ-UHFFFAOYSA-N,5188,radotinib,CC1=CN(C=N1)C1=CC(NC(=O)C2=CC=C(C)C(NC3=NC=CC(=N3)C3=CN=CC=N3)=C2)=CC(=C1)C(F)(F)F,Cc1cn(-c2cc(NC(=O)c3ccc(C)c(Nc4nccc(-c5cnccn5)n4)c3)cc(C(F)(F)F)c2)cn1,True,530.5140000000001,False
DUQOOLBWGUKRAJ-UHFFFAOYSA-N,2156,oxagrelate,CCOC(=O)C1=C(C)C2=C(C=C1C)C(CO)=NNC2=O,CCOC(=O)c1c(C)cc2c(CO)n[nH]c(=O)c2c1C,True,276.29200000000003,False
DURULFYMVIFBIR-UHFFFAOYSA-N,3486,practolol,CC(C)NCC(O)COC1=CC=C(NC(C)=O)C=C1,CC(=O)Nc1ccc(OCC(O)CNC(C)C)cc1,True,266.341,True
DUYJMQONPNNFPI-UHFFFAOYSA-N,5062,osimertinib,COC1=C(NC2=NC=CC(=N2)C2=CN(C)C3=C2C=CC=C3)C=C(NC(=O)C=C)C(=C1)N(C)CCN(C)C,C=CC(=O)Nc1cc(Nc2nccc(-c3cn(C)c4ccccc34)n2)c(OC)cc1N(C)CCN(C)C,True,499.6190000000003,False
DXGLGDHPHMLXJC-UHFFFAOYSA-N,3412,oxybenzone,COC1=CC(O)=C(C=C1)C(=O)C1=CC=CC=C1,COc1ccc(C(=O)c2ccccc2)c(O)c1,True,228.24699999999999,False
DXHYQIJBUNRPJT-UHFFFAOYSA-N,3418,parsalmide,CCCCNC(=O)C1=CC(N)=CC=C1OCC#C,C#CCOc1ccc(N)cc1C(=O)NCCCC,True,246.30999999999995,False
DXPOSRCHIDYWHW-UHFFFAOYSA-N,2848,xamoterol,OC(CNCCNC(=O)N1CCOCC1)COC1=CC=C(O)C=C1,O=C(NCCNCC(O)COc1ccc(O)cc1)N1CCOCC1,True,339.392,True
DYAIAHUQIPBDIP-AXAPSJFSSA-N,542,cefonicid,O[C@@H](C(=O)N[C@H]1[C@H]2SCC(CSC3=NN=NN3CS(O)(=O)=O)=C(N2C1=O)C(O)=O)C1=CC=CC=C1,O=C(O)C1=C(CSc2nnnn2CS(=O)(=O)O)CS[C@@H]2[C@H](NC(=O)[C@H](O)c3ccccc3)C(=O)N12,True,542.5770000000002,True
DYDCPNMLZGFQTM-UHFFFAOYSA-N,5238,delafloxacin,NC1=C(F)C=C(F)C(=N1)N1C=C(C(O)=O)C(=O)C2=C1C(Cl)=C(N1CC(O)C1)C(F)=C2,Nc1nc(-n2cc(C(=O)O)c(=O)c3cc(F)c(N4CC(O)C4)c(Cl)c32)c(F)cc1F,True,440.76500000000016,False
DYKFCLLONBREIL-KVUCHLLUSA-N,1813,minocycline,CN(C)[C@H]1[C@@H]2C[C@@H]3CC4=C(C(O)=CC=C4N(C)C)C(=O)C3=C(O)[C@]2(O)C(=O)C(C(N)=O)=C1O,CN(C)c1ccc(O)c2c1C[C@H]1C[C@H]3[C@H](N(C)C)C(O)=C(C(N)=O)C(=O)[C@@]3(O)C(O)=C1C2=O,True,457.4830000000003,False
DYLUUSLLRIQKOE-UHFFFAOYSA-N,5251,enasidenib,CC(C)(O)CNC1=NC(=NC(NC2=CC(=NC=C2)C(F)(F)F)=N1)C1=CC=CC(=N1)C(F)(F)F,CC(C)(O)CNc1nc(Nc2ccnc(C(F)(F)F)c2)nc(-c2cccc(C(F)(F)F)n2)n1,True,473.3810000000001,False
DYZJXZOQQRXDLE-UHFFFAOYSA-O,2545,suplatast,CCOCC(O)COC1=CC=C(NC(=O)CC[S+](C)C)C=C1,CCOCC(O)COc1ccc(NC(=O)CC[S+](C)C)cc1,True,328.454,False
DZGWFCGJZKJUFP-UHFFFAOYSA-N,2784,tyramine,NCCC1=CC=C(O)C=C1,NCCc1ccc(O)cc1,True,137.18199999999996,False
DZZWHBIBMUVIIW-DTORHVGOSA-N,2466,sparfloxacin,C[C@H]1CN(C[C@@H](C)N1)C1=C(F)C(N)=C2C(=O)C(=CN(C3CC3)C2=C1F)C(O)=O,C[C@@H]1CN(c2c(F)c(N)c3c(=O)c(C(=O)O)cn(C4CC4)c3c2F)C[C@H](C)N1,True,392.4060000000001,False
FABPRXSRWADJSP-MEDUHNTESA-N,1854,moxifloxacin,COC1=C2N(C=C(C(O)=O)C(=O)C2=CC(F)=C1N1C[C@@H]2CCCN[C@@H]2C1)C1CC1,COc1c(N2C[C@@H]3CCCN[C@@H]3C2)c(F)cc2c(=O)c(C(=O)O)cn(C3CC3)c12,True,401.4380000000003,True
FAEKWTJYAYMJKF-QHCPKHFHSA-N,2366,repaglinide,CCOC1=C(C=CC(CC(=O)N[C@@H](CC(C)C)C2=C(C=CC=C2)N2CCCCC2)=C1)C(O)=O,CCOc1cc(CC(=O)N[C@@H](CC(C)C)c2ccccc2N2CCCCC2)ccc1C(=O)O,True,452.5950000000003,False
FAIIFDPAEUKBEP-UHFFFAOYSA-N,1934,nilvadipine,COC(=O)C1=C(NC(C)=C(C1C1=CC(=CC=C1)[N+]([O-])=O)C(=O)OC(C)C)C#N,COC(=O)C1=C(C#N)NC(C)=C(C(=O)OC(C)C)C1c1cccc([N+](=O)[O-])c1,True,385.3760000000002,True
FAKRSMQSSFJEIM-RQJHMYQMSA-N,484,captopril,C[C@H](CS)C(=O)N1CCC[C@H]1C(O)=O,C[C@H](CS)C(=O)N1CCC[C@H]1C(=O)O,True,217.28999999999996,True
FASDKYOPVNHBLU-ZETCQYMHSA-N,2233,pramipexole,CCCN[C@H]1CCC2=C(C1)SC(N)=N2,CCCN[C@H]1CCc2nc(N)sc2C1,True,211.33399999999997,True
FBHSPRKOSMHSIF-GRMWVWQJSA-N,793,deflazacort,CC(=O)OCC(=O)[C@@]12N=C(C)O[C@@H]1C[C@H]1[C@@H]3CCC4=CC(=O)C=C[C@]4(C)[C@H]3[C@@H](O)C[C@]21C,CC(=O)OCC(=O)[C@@]12N=C(C)O[C@@H]1C[C@H]1[C@@H]3CCC4=CC(=O)C=C[C@]4(C)[C@H]3[C@@H](O)C[C@@]12C,True,441.5240000000002,True
FBOZXECLQNJBKD-ZDUSSCGKSA-N,1751,methotrexate,CN(CC1=CN=C2N=C(N)N=C(N)C2=N1)C1=CC=C(C=C1)C(=O)N[C@@H](CCC(O)=O)C(O)=O,CN(Cc1cnc2nc(N)nc(N)c2n1)c1ccc(C(=O)N[C@@H](CCC(=O)O)C(=O)O)cc1,True,454.44700000000023,False
FBPFZTCFMRRESA-JGWLITMVSA-N,2462,sorbitol,OC[C@H](O)[C@@H](O)[C@H](O)[C@H](O)CO,OC[C@@H](O)[C@@H](O)[C@H](O)[C@@H](O)CO,True,182.172,False
FBPFZTCFMRRESA-KVTDHHQDSA-N,935,mannitol,OC[C@@H](O)[C@@H](O)[C@H](O)[C@H](O)CO,OC[C@@H](O)[C@@H](O)[C@H](O)[C@H](O)CO,True,182.172,False
FBQPGGIHOFZRGH-UHFFFAOYSA-N,1616,lucanthone,CCN(CC)CCNC1=CC=C(C)C2=C1C(=O)C1=CC=CC=C1S2,CCN(CC)CCNc1ccc(C)c2sc3ccccc3c(=O)c12,True,340.492,False
FDDDEECHVMSUSB-UHFFFAOYSA-N,2521,sulfanilamide,NC1=CC=C(C=C1)S(N)(=O)=O,Nc1ccc(S(N)(=O)=O)cc1,True,172.20899999999997,False
FDLYAMZZIXQODN-UHFFFAOYSA-N,4907,olaparib,FC1=CC=C(CC2=NNC(=O)C3=CC=CC=C23)C=C1C(=O)N1CCN(CC1)C(=O)C1CC1,O=C(c1cc(Cc2n[nH]c(=O)c3ccccc23)ccc1F)N1CCN(C(=O)C2CC2)CC1,True,434.4710000000004,True
FDMQDKQUTRLUBU-UHFFFAOYSA-N,5210,olmutinib,CN1CCN(CC1)C1=CC=C(NC2=NC3=C(SC=C3)C(OC3=CC=CC(NC(=O)C=C)=C3)=N2)C=C1,C=CC(=O)Nc1cccc(Oc2nc(Nc3ccc(N4CCN(C)CC4)cc3)nc3ccsc23)c1,True,486.6010000000002,False
FEBOTPHFXYHVPL-UHFFFAOYSA-N,312,benperidol,FC1=CC=C(C=C1)C(=O)CCCN1CCC(CC1)N1C(=O)NC2=C1C=CC=C2,O=C(CCCN1CCC(n2c(=O)[nH]c3ccccc32)CC1)c1ccc(F)cc1,True,381.451,True
FEZBIKUBAYAZIU-UHFFFAOYSA-N,2754,trimethobenzamide,COC1=CC(=CC(OC)=C1OC)C(=O)NCC1=CC=C(OCCN(C)C)C=C1,COc1cc(C(=O)NCc2ccc(OCCN(C)C)cc2)cc(OC)c1OC,True,388.46400000000017,False
FFINMCNLQNTKLU-UHFFFAOYSA-N,1455,adipiodone,OC(=O)C1=C(I)C=C(I)C(NC(=O)CCCCC(=O)NC2=C(I)C(C(O)=O)=C(I)C=C2I)=C1I,O=C(CCCCC(=O)Nc1c(I)cc(I)c(C(=O)O)c1I)Nc1c(I)cc(I)c(C(=O)O)c1I,True,1139.7640000000001,True
FFKUDWZICMJVPA-UHFFFAOYSA-N,1244,fosfosal,OC(=O)C1=C(OP(O)(O)=O)C=CC=C1,O=C(O)c1ccccc1OP(=O)(O)O,True,218.10100000000003,True
FGVVTMRZYROCTH-UHFFFAOYSA-N,3508,pyrithione,[O-][N+]1=C(S)C=CC=C1,[O-][n+]1ccccc1S,True,127.16799999999996,False
FGXWKSZFVQUSTL-UHFFFAOYSA-N,945,domperidone,ClC1=CC2=C(C=C1)N(C1CCN(CCCN3C(=O)NC4=C3C=CC=C4)CC1)C(=O)N2,O=c1[nH]c2ccccc2n1CCCN1CCC(n2c(=O)[nH]c3cc(Cl)ccc32)CC1,True,425.92000000000013,True
FHFYDNQZQSQIAI-UHFFFAOYSA-N,2071,pefloxacin,CCN1C=C(C(O)=O)C(=O)C2=CC(F)=C(C=C12)N1CCN(C)CC1,CCn1cc(C(=O)O)c(=O)c2cc(F)c(N3CCN(C)CC3)cc21,True,333.36300000000017,False
FHHHOYXPRDYHEZ-COXVUDFISA-N,101,alacepril,C[C@H](CSC(C)=O)C(=O)N1CCC[C@H]1C(=O)N[C@@H](CC1=CC=CC=C1)C(O)=O,CC(=O)SC[C@@H](C)C(=O)N1CCC[C@H]1C(=O)N[C@@H](Cc1ccccc1)C(=O)O,True,406.5040000000001,True
FHXBMXJMKMWVRG-SLHNCBLASA-N,4497,estradiol acetate,CC(=O)OC1=CC2=C(C=C1)[C@H]1CC[C@]3(C)[C@@H](O)CC[C@H]3[C@@H]1CC2,CC(=O)Oc1ccc2c(c1)CC[C@@H]1[C@@H]2CC[C@]2(C)[C@@H](O)CC[C@@H]12,True,314.42500000000007,False
FIADGNVRKBPQEU-UHFFFAOYSA-N,2220,pizotifen,CN1CCC(CC1)=C1C2=C(CCC3=C1C=CC=C3)SC=C2,CN1CCC(=C2c3ccccc3CCc3sccc32)CC1,True,295.45099999999996,True
FIAFUQMPZJWCLV-UHFFFAOYSA-N,2966,suramin,CC1=CC=C(C=C1NC(=O)C1=CC=CC(NC(=O)NC2=CC=CC(=C2)C(=O)NC2=C(C)C=CC(=C2)C(=O)NC2=CC=C(C3=CC(=CC(=C23)S(O)(=O)=O)S(O)(=O)=O)S(O)(=O)=O)=C1)C(=O)NC1=CC=C(C2=CC(=CC(=C12)S(O)(=O)=O)S(O)(=O)=O)S(O)(=O)=O,Cc1ccc(C(=O)Nc2ccc(S(=O)(=O)O)c3cc(S(=O)(=O)O)cc(S(=O)(=O)O)c23)cc1NC(=O)c1cccc(NC(=O)Nc2cccc(C(=O)Nc3cc(C(=O)Nc4ccc(S(=O)(=O)O)c5cc(S(=O)(=O)O)cc(S(=O)(=O)O)c45)ccc3C)c2)c1,True,1297.3020000000006,False
FIDLLEYNNRGVFR-CTNGQTDRSA-N,1000228,baloxavir,OC1=C2N(C=CC1=O)N([C@@H]1COCCN1C2=O)[C@@H]1C2=CC=CC=C2SCC2=C(F)C(F)=CC=C12,O=C1c2c(O)c(=O)ccn2N([C@@H]2c3ccccc3SCc3c2ccc(F)c3F)[C@@H]2COCCN12,True,483.49600000000015,False
FIQOFIRCTOWDOW-BJLQDIEVSA-N,2586,temocapril,CCOC(=O)[C@H](CCC1=CC=CC=C1)N[C@H]1CS[C@@H](CN(CC(O)=O)C1=O)C1=CC=CS1,CCOC(=O)[C@H](CCc1ccccc1)N[C@H]1CS[C@H](c2cccs2)CN(CC(=O)O)C1=O,True,476.6200000000003,False
FJIKWRGCXUCUIG-UHFFFAOYSA-N,1608,lormetazepam,CN1C2=CC=C(Cl)C=C2C(=NC(O)C1=O)C1=C(Cl)C=CC=C1,CN1C(=O)C(O)N=C(c2ccccc2Cl)c2cc(Cl)ccc21,True,335.19,True
FJLBFSROUSIWMA-UHFFFAOYSA-N,1791,metyrapone,CC(C)(C(=O)C1=CN=CC=C1)C1=CN=CC=C1,CC(C)(C(=O)c1cccnc1)c1cccnc1,True,226.27900000000002,True
FJLGEFLZQAZZCD-JUFISIKESA-N,1229,fluvastatin,CC(C)N1C(\C=C\[C@H](O)C[C@H](O)CC(O)=O)=C(C2=C1C=CC=C2)C1=CC=C(F)C=C1,CC(C)n1c(/C=C/[C@H](O)C[C@H](O)CC(=O)O)c(-c2ccc(F)cc2)c2ccccc21,True,411.473,True
FJZZPCZKBUKGGU-AUSIDOKSSA-N,4834,eliglustat,CCCCCCCC(=O)N[C@H](CN1CCCC1)[C@H](O)C1=CC=C2OCCOC2=C1,CCCCCCCC(=O)N[C@H](CN1CCCC1)[C@H](O)c1ccc2c(c1)OCCO2,True,404.55100000000016,False
FLNXBVJLPJNOSI-UHFFFAOYSA-N,707,cloperastine,ClC1=CC=C(C=C1)C(OCCN1CCCCC1)C1=CC=CC=C1,Clc1ccc(C(OCCN2CCCCC2)c2ccccc2)cc1,True,329.8709999999999,False
FLSLEGPOVLMJMN-YSSFQJQWSA-N,1000109,quinaprilat,C[C@H](N[C@@H](CCC1=CC=CC=C1)C(O)=O)C(=O)N1CC2=CC=CC=C2C[C@H]1C(O)=O,C[C@H](N[C@@H](CCc1ccccc1)C(=O)O)C(=O)N1Cc2ccccc2C[C@H]1C(=O)O,True,410.4700000000002,False
FMHHVULEAZTJMA-UHFFFAOYSA-N,2759,trioxsalen,CC1=CC2=CC3=C(OC(=O)C=C3C)C(C)=C2O1,Cc1cc2cc3c(C)cc(=O)oc3c(C)c2o1,True,228.24699999999996,True
FMTDIUIBLCQGJB-SEYHBJAFSA-N,802,demeclocycline,CN(C)[C@H]1[C@@H]2C[C@@H]3[C@H](O)C4=C(Cl)C=CC(O)=C4C(=O)C3=C(O)[C@]2(O)C(=O)C(C(N)=O)=C1O,CN(C)[C@@H]1C(O)=C(C(N)=O)C(=O)[C@@]2(O)C(O)=C3C(=O)c4c(O)ccc(Cl)c4[C@@H](O)[C@H]3C[C@@H]12,True,464.8580000000003,True
FNHKPVJBJVTLMP-UHFFFAOYSA-N,4654,regorafenib,CNC(=O)C1=CC(OC2=CC(F)=C(NC(=O)NC3=CC(=C(Cl)C=C3)C(F)(F)F)C=C2)=CC=N1,CNC(=O)c1cc(Oc2ccc(NC(=O)Nc3ccc(Cl)c(C(F)(F)F)c3)c(F)c2)ccn1,True,482.8210000000001,False
FNPXMHRZILFCKX-KAJVQRHHSA-N,2243,prednicarbate,CCOC(=O)O[C@@]1(CC[C@H]2[C@@H]3CCC4=CC(=O)C=C[C@]4(C)[C@H]3[C@@H](O)C[C@]12C)C(=O)COC(=O)CC,CCOC(=O)O[C@]1(C(=O)COC(=O)CC)CC[C@H]2[C@@H]3CCC4=CC(=O)C=C[C@]4(C)[C@H]3[C@@H](O)C[C@@]21C,True,488.57700000000034,True
FNQQBFNIYODEMB-UHFFFAOYSA-N,1777,meticrane,CC1=C(C=C2C(CCCS2(=O)=O)=C1)S(N)(=O)=O,Cc1cc2c(cc1S(N)(=O)=O)S(=O)(=O)CCC2,True,275.35100000000006,False
FNYLWPVRPXGIIP-UHFFFAOYSA-N,2728,triamterene,NC1=NC2=NC(N)=C(N=C2C(N)=N1)C1=CC=CC=C1,Nc1nc(N)c2nc(-c3ccccc3)c(N)nc2n1,True,253.26900000000003,True
FOCVUCIESVLUNU-UHFFFAOYSA-N,2638,thiotepa,S=P(N1CC1)(N1CC1)N1CC1,S=P(N1CC1)(N1CC1)N1CC1,True,189.22399999999996,False
FOHHNHSLJDZUGQ-UHFFFAOYSA-N,1350,halofantrine,CCCCN(CCCC)CCC(O)C1=C2C=CC(=CC2=C2C=C(Cl)C=C(Cl)C2=C1)C(F)(F)F,CCCCN(CCCC)CCC(O)c1cc2c(Cl)cc(Cl)cc2c2cc(C(F)(F)F)ccc12,True,500.4320000000001,True
FPCCSQOGAWCVBH-UHFFFAOYSA-N,1524,ketanserin,FC1=CC=C(C=C1)C(=O)C1CCN(CCN2C(=O)NC3=CC=CC=C3C2=O)CC1,O=C(c1ccc(F)cc1)C1CCN(CCn2c(=O)[nH]c3ccccc3c2=O)CC1,True,395.43400000000014,True
FPHLBGOJWPEVME-UHFFFAOYSA-N,126,alminoprofen,CC(C(O)=O)C1=CC=C(NCC(C)=C)C=C1,C=C(C)CNc1ccc(C(C)C(=O)O)cc1,True,219.28399999999996,False
FPIPGXGPPPQFEQ-OVSJKPMPSA-N,2831,retinol,C\C(=C/CO)\C=C\C=C(/C)\C=C\C1=C(C)CCCC1(C)C,CC1=C(/C=C/C(C)=C/C=C/C(C)=C/CO)C(C)(C)CCC1,True,286.459,False
FPVKHBSQESCIEP-JQCXWYLXSA-N,2098,pentostatin,OC[C@H]1O[C@H](C[C@@H]1O)N1C=NC2=C1NC=NC[C@H]2O,OC[C@H]1O[C@@H](n2cnc3c2NC=NC[C@H]3O)C[C@@H]1O,True,268.27299999999997,True
FPZLLRFZJZRHSY-HJYUBDRYSA-N,2661,tigecycline,CN(C)[C@H]1[C@@H]2C[C@@H]3CC4=C(C=C(NC(=O)CNC(C)(C)C)C(O)=C4C(=O)C3=C(O)[C@]2(O)C(=O)C(C(N)=O)=C1O)N(C)C,CN(C)c1cc(NC(=O)CNC(C)(C)C)c(O)c2c1C[C@H]1C[C@H]3[C@H](N(C)C)C(O)=C(C(N)=O)C(=O)[C@@]3(O)C(O)=C1C2=O,True,585.6580000000002,True
FQQIIPAOSKSOJM-UHFFFAOYSA-N,1643,mebhydrolin,CN1CCC2=C(C1)C1=C(C=CC=C1)N2CC1=CC=CC=C1,CN1CCc2c(c3ccccc3n2Cc2ccccc2)C1,True,276.38300000000004,False
FRPZMMHWLSIFAZ-UHFFFAOYSA-N,3446,undecylenic acid,OC(=O)CCCCCCCCC=C,C=CCCCCCCCCC(=O)O,True,184.27899999999997,False
FSKFPVLPFLJRQB-UHFFFAOYSA-N,2703,tolperisone,CC(CN1CCCCC1)C(=O)C1=CC=C(C)C=C1,Cc1ccc(C(=O)C(C)CN2CCCCC2)cc1,True,245.366,False
FSQKKOOTNAMONP-UHFFFAOYSA-N,47,acemetacin,COC1=CC2=C(C=C1)N(C(=O)C1=CC=C(Cl)C=C1)C(C)=C2CC(=O)OCC(O)=O,COc1ccc2c(c1)c(CC(=O)OCC(=O)O)c(C)n2C(=O)c1ccc(Cl)cc1,True,415.8290000000003,True
FSVJFNAIGNNGKK-UHFFFAOYSA-N,2241,praziquantel,O=C(C1CCCCC1)N1CC2N(CCC3=C2C=CC=C3)C(=O)C1,O=C(C1CCCCC1)N1CC(=O)N2CCc3ccccc3C2C1,True,312.41300000000007,True
FTALBRSUTCGOEG-UHFFFAOYSA-N,2382,riluzole,NC1=NC2=C(S1)C=C(OC(F)(F)F)C=C2,Nc1nc2ccc(OC(F)(F)F)cc2s1,True,234.20199999999997,True
FTCYIGBVOHNHCD-UHFFFAOYSA-N,1485,isaxonine,CC(C)NC1=NC=CC=N1,CC(C)Nc1ncccn1,True,137.18599999999998,False
FUBVWMNBEHXPSU-UHFFFAOYSA-N,1842,moracizine,CCOC(=O)NC1=CC=C2SC3=CC=CC=C3N(C(=O)CCN3CCOCC3)C2=C1,CCOC(=O)Nc1ccc2c(c1)N(C(=O)CCN1CCOCC1)c1ccccc1S2,True,427.52600000000035,True
FUSNMLFNXJSCDI-UHFFFAOYSA-N,3617,tolnaftate,CN(C(=S)OC1=CC2=CC=CC=C2C=C1)C1=CC(C)=CC=C1,Cc1cccc(N(C)C(=S)Oc2ccc3ccccc3c2)c1,True,307.41800000000006,True
FVNFBBAOMBJTST-UHFFFAOYSA-N,1163,fenspiride,O=C1NCC2(CCN(CCC3=CC=CC=C3)CC2)O1,O=C1NCC2(CCN(CCc3ccccc3)CC2)O1,True,260.337,False
FVTCRASFADXXNN-SCRDCRAPSA-N,2374,riboflavin phosphate,CC1=CC2=C(C=C1C)N(C[C@H](O)[C@H](O)[C@H](O)COP(O)(O)=O)C1=NC(=O)NC(=O)C1=N2,Cc1cc2nc3c(=O)[nH]c(=O)nc-3n(C[C@H](O)[C@H](O)[C@H](O)COP(=O)(O)O)c2cc1C,True,456.3480000000002,True
FVTWTVQXNAJTQP-UHFFFAOYSA-N,4816,umeclidinium,OC(C1=CC=CC=C1)(C1=CC=CC=C1)C12CC[N+](CCOCC3=CC=CC=C3)(CC1)CC2,OC(c1ccccc1)(c1ccccc1)C12CC[N+](CCOCc3ccccc3)(CC1)CC2,True,428.5960000000003,False
FVYUQFQCEOZYHZ-UHFFFAOYSA-N,2007,oxaflozane,CC(C)N1CCOC(C1)C1=CC(=CC=C1)C(F)(F)F,CC(C)N1CCOC(c2cccc(C(F)(F)F)c2)C1,True,273.298,False
FWJKNZONDWOGMI-UHFFFAOYSA-N,1740,metharbital,CCC1(CC)C(=O)NC(=O)N(C)C1=O,CCC1(CC)C(=O)NC(=O)N(C)C1=O,True,198.22199999999998,True
FWYSMLBETOMXAG-QHCPKHFHSA-N,5262,letermovir,COC1=CC=CC(=C1)N1CCN(CC1)C1=NC2=C(C=CC=C2F)[C@H](CC(O)=O)N1C1=C(OC)C=CC(=C1)C(F)(F)F,COc1cccc(N2CCN(C3=Nc4c(F)cccc4[C@H](CC(=O)O)N3c3cc(C(F)(F)F)ccc3OC)CC2)c1,True,572.5590000000003,False
FYPMFJGVHOHGLL-UHFFFAOYSA-N,2269,probucol,CC(C)(SC1=CC(=C(O)C(=C1)C(C)(C)C)C(C)(C)C)SC1=CC(=C(O)C(=C1)C(C)(C)C)C(C)(C)C,CC(C)(Sc1cc(C(C)(C)C)c(O)c(C(C)(C)C)c1)Sc1cc(C(C)(C)C)c(O)c(C(C)(C)C)c1,True,516.8570000000003,True
FZECHKJQHUVANE-MCYUEQNJSA-N,1718,metampicillin,CC1(C)S[C@@H]2[C@H](NC(=O)[C@H](N=C)C3=CC=CC=C3)C(=O)N2[C@H]1C(O)=O,C=N[C@@H](C(=O)N[C@@H]1C(=O)N2[C@@H]1SC(C)(C)[C@@H]2C(=O)O)c1ccccc1,True,361.4230000000001,False
FZNCGRZWXLXZSZ-CIQUZCHMSA-N,2845,voglibose,OCC(CO)N[C@H]1C[C@](O)(CO)[C@@H](O)[C@H](O)[C@H]1O,OCC(CO)N[C@H]1C[C@](O)(CO)[C@@H](O)[C@H](O)[C@H]1O,True,267.278,True
GAGWJHPBXLXJQN-UORFTKCHSA-N,480,capecitabine,CCCCCOC(=O)NC1=NC(=O)N(C=C1F)[C@@H]1O[C@H](C)[C@@H](O)[C@H]1O,CCCCCOC(=O)Nc1nc(=O)n([C@@H]2O[C@H](C)[C@@H](O)[C@H]2O)cc1F,True,359.35400000000004,True
GBABOYUKABKIAF-IELIFDKJSA-N,2827,vinorelbine,CCC1=C[C@@H]2C[N@](C1)CC1=C(NC3=C1C=CC=C3)[C@@](C2)(C(=O)OC)C1=CC2=C(C=C1OC)N(C)[C@@H]1[C@]22CCN3CC=C[C@](CC)([C@@H]23)[C@@H](OC(C)=O)[C@]1(O)C(=O)OC,CCC1=C[C@@H]2C[N@](C1)Cc1c([nH]c3ccccc13)[C@@](C(=O)OC)(c1cc3c(cc1OC)N(C)[C@H]1[C@@](O)(C(=O)OC)[C@H](OC(C)=O)[C@]4(CC)C=CCN5CC[C@]31[C@@H]54)C2,True,778.9470000000002,False
GBBJCSTXCAQSSJ-XQXXSGGOSA-N,4394,clevudine,CC1=CN([C@H]2O[C@@H](CO)[C@H](O)[C@H]2F)C(=O)NC1=O,Cc1cn([C@H]2O[C@@H](CO)[C@H](O)[C@H]2F)c(=O)[nH]c1=O,True,260.221,False
GBBSUAFBMRNDJC-UHFFFAOYSA-N,2873,zopiclone,CN1CCN(CC1)C(=O)OC1N(C(=O)C2=C1N=CC=N2)C1=CC=C(Cl)C=N1,CN1CCN(C(=O)OC2c3nccnc3C(=O)N2c2ccc(Cl)cn2)CC1,True,388.8150000000001,True
GBFLZEXEOZUWRN-VKHMYHEASA-N,4160,carbocisteine,N[C@@H](CSCC(O)=O)C(O)=O,N[C@@H](CSCC(=O)O)C(=O)O,True,179.19699999999997,True
GBXSMTUPTTWBMN-XIRDDKMYSA-N,1005,enalapril,CCOC(=O)[C@H](CCC1=CC=CC=C1)N[C@@H](C)C(=O)N1CCC[C@H]1C(O)=O,CCOC(=O)[C@H](CCc1ccccc1)N[C@@H](C)C(=O)N1CCC[C@H]1C(=O)O,True,376.45300000000026,True
GCFBRXLSHGKWDP-XCGNWRKASA-N,543,cefoperazone,CCN1CCN(C(=O)N[C@@H](C(=O)N[C@H]2[C@H]3SCC(CSC4=NN=NN4C)=C(N3C2=O)C(O)=O)C2=CC=C(O)C=C2)C(=O)C1=O,CCN1CCN(C(=O)N[C@@H](C(=O)N[C@@H]2C(=O)N3C(C(=O)O)=C(CSc4nnnn4C)CS[C@H]23)c2ccc(O)cc2)C(=O)C1=O,True,645.6800000000004,True
GCKFUYQCUCGESZ-BPIQYHPVSA-N,1110,etonogestrel,CC[C@]12CC(=C)[C@H]3[C@@H](CCC4=CC(=O)CC[C@H]34)[C@@H]1CC[C@@]2(O)C#C,C#C[C@]1(O)CC[C@H]2[C@@H]3CCC4=CC(=O)CC[C@@H]4[C@H]3C(=C)C[C@@]21CC,True,324.46400000000006,False
GCKMFJBGXUYNAG-HLXURNFRSA-N,3356,methyltestosterone,C[C@]1(O)CC[C@H]2[C@@H]3CCC4=CC(=O)CC[C@]4(C)[C@H]3CC[C@]12C,C[C@]12CCC(=O)C=C1CC[C@@H]1[C@@H]2CC[C@@]2(C)[C@H]1CC[C@]2(C)O,True,302.4580000000001,True
GDLBFKVLRPITMI-UHFFFAOYSA-N,854,diazoxide,CC1=NC2=CC=C(Cl)C=C2S(=O)(=O)N1,CC1=Nc2ccc(Cl)cc2S(=O)(=O)N1,True,230.676,True
GDLIGKIOYRNHDA-UHFFFAOYSA-N,701,clomipramine,CN(C)CCCN1C2=CC(Cl)=CC=C2CCC2=C1C=CC=C2,CN(C)CCCN1c2ccccc2CCc2ccc(Cl)cc21,True,314.86,True
GECHUMIMRBOMGK-UHFFFAOYSA-N,2524,sulfapyridine,NC1=CC=C(C=C1)S(=O)(=O)NC1=CC=CC=N1,Nc1ccc(S(=O)(=O)Nc2ccccn2)cc1,True,249.29500000000002,True
GEJDGVNQKABXKG-CFKGEZKQSA-N,5227,valbenazine,COC1=CC2=C(C=C1OC)[C@H]1C[C@@H](OC(=O)[C@@H](N)C(C)C)[C@H](CC(C)C)CN1CC2,COc1cc2c(cc1OC)[C@H]1C[C@@H](OC(=O)[C@@H](N)C(C)C)[C@H](CC(C)C)CN1CC2,True,418.57800000000026,False
GFBKORZTTCHDGY-UWVJOHFNSA-N,2639,thiothixene,CN(C)S(=O)(=O)C1=CC2=C(SC3=CC=CC=C3\C2=C\CCN2CCN(C)CC2)C=C1,CN1CCN(CC/C=C2/c3ccccc3Sc3ccc(S(=O)(=O)N(C)C)cc32)CC1,True,443.6380000000004,True
GFFGJBXGBJISGV-UHFFFAOYSA-N,89,adenine,NC1=NC=NC2=C1NC=N2,Nc1ncnc2nc[nH]c12,True,135.12999999999997,True
GFIJNRVAKGFPGQ-LIJARHBVSA-N,1559,leuprorelin,CCNC(=O)[C@@H]1CCCN1C(=O)[C@H](CCCNC(N)=N)NC(=O)[C@H](CC(C)C)NC(=O)[C@@H](CC(C)C)NC(=O)[C@H](CC1=CC=C(O)C=C1)NC(=O)[C@H](CO)NC(=O)[C@H](CC1=CNC2=C1C=CC=C2)NC(=O)[C@H](CC1=CNC=N1)NC(=O)[C@@H]1CCC(=O)N1,CCNC(=O)[C@@H]1CCCN1C(=O)[C@H](CCCNC(=N)N)NC(=O)[C@H](CC(C)C)NC(=O)[C@@H](CC(C)C)NC(=O)[C@H](Cc1ccc(O)cc1)NC(=O)[C@H](CO)NC(=O)[C@H](Cc1c[nH]c2ccccc12)NC(=O)[C@H](Cc1c[nH]cn1)NC(=O)[C@@H]1CCC(=O)N1,True,1209.4210000000003,False
GFNANZIMVAIWHM-OBYCQNJPSA-N,2725,triamcinolone,C[C@]12C[C@H](O)[C@@]3(F)[C@@H](CCC4=CC(=O)C=C[C@]34C)[C@@H]1C[C@@H](O)[C@]2(O)C(=O)CO,C[C@]12C=CC(=O)C=C1CC[C@H]1[C@@H]3C[C@@H](O)[C@](O)(C(=O)CO)[C@@]3(C)C[C@H](O)[C@@]12F,True,394.43900000000014,False
GFRUPHOKLBPHTQ-UHFFFAOYSA-N,2039,oxyphenonium,CC[N+](C)(CC)CCOC(=O)C(O)(C1CCCCC1)C1=CC=CC=C1,CC[N+](C)(CC)CCOC(=O)C(O)(c1ccccc1)C1CCCCC1,True,348.50700000000006,False
GGXKWVWZWMLJEH-UHFFFAOYSA-N,1128,famciclovir,CC(=O)OCC(CCN1C=NC2=C1N=C(N)N=C2)COC(C)=O,CC(=O)OCC(CCn1cnc2cnc(N)nc21)COC(C)=O,True,321.33700000000016,True
GHASVSINZRGABV-UHFFFAOYSA-N,26,fluorouracil,FC1=CNC(=O)NC1=O,O=c1[nH]cc(F)c(=O)[nH]1,True,130.078,False
GHOKWGTUZJEAQD-ZETCQYMHSA-N,2055,calcium pantothenate,CC(C)(CO)[C@@H](O)C(=O)NCCC(O)=O,CC(C)(CO)[C@@H](O)C(=O)NCCC(=O)O,True,219.23699999999997,False
GHOSNRCGJFBJIB-UHFFFAOYSA-N,475,candesartan cilexetil,CCOC1=NC2=C(N1CC1=CC=C(C=C1)C1=C(C=CC=C1)C1=NN=NN1)C(=CC=C2)C(=O)OC(C)OC(=O)OC1CCCCC1,CCOc1nc2cccc(C(=O)OC(C)OC(=O)OC3CCCCC3)c2n1Cc1ccc(-c2ccccc2-c2nnn[nH]2)cc1,True,610.6709999999999,True
GHXZTYHSJHQHIJ-UHFFFAOYSA-N,597,chlorhexidine,ClC1=CC=C(NC(=N)NC(=N)NCCCCCCNC(=N)NC(=N)NC2=CC=C(Cl)C=C2)C=C1,N=C(NCCCCCCNC(=N)NC(=N)Nc1ccc(Cl)cc1)NC(=N)Nc1ccc(Cl)cc1,True,505.4580000000001,True
GIIZNNXWQWCKIB-UHFFFAOYSA-N,2419,salmeterol,OCC1=C(O)C=CC(=C1)C(O)CNCCCCCCOCCCCC1=CC=CC=C1,OCc1cc(C(O)CNCCCCCCOCCCCc2ccccc2)ccc1O,True,415.5740000000002,True
GIJXKZJWITVLHI-PMOLBWCYSA-N,333,benzatropine,CN1[C@H]2CC[C@@H]1C[C@@H](C2)OC(C1=CC=CC=C1)C1=CC=CC=C1,CN1[C@@H]2CC[C@H]1C[C@@H](OC(c1ccccc1)c1ccccc1)C2,True,307.437,True
GIKNHHRFLCDOEU-UHFFFAOYSA-N,1394,hydroxyamfetamine,CC(N)CC1=CC=C(O)C=C1,CC(N)Cc1ccc(O)cc1,True,151.20899999999997,False
GIUYCYHIANZCFB-FJFJXFQQSA-N,1189,fludarabine phosphate,NC1=C2N=CN([C@@H]3O[C@H](COP(O)(O)=O)[C@@H](O)[C@@H]3O)C2=NC(F)=N1,Nc1nc(F)nc2c1ncn2[C@@H]1O[C@H](COP(=O)(O)O)[C@@H](O)[C@@H]1O,True,365.214,True
GIYAQDDTCWHPPL-UHFFFAOYSA-N,406,bromopride,CCN(CC)CCNC(=O)C1=C(OC)C=C(N)C(Br)=C1,CCN(CC)CCNC(=O)c1cc(Br)c(N)cc1OC,True,344.253,False
GJPICJJJRGTNOD-UHFFFAOYSA-N,392,bosentan,COC1=C(OC2=C(OCCO)N=C(N=C2NS(=O)(=O)C2=CC=C(C=C2)C(C)(C)C)C2=NC=CC=N2)C=CC=C1,COc1ccccc1Oc1c(NS(=O)(=O)c2ccc(C(C)(C)C)cc2)nc(-c2ncccn2)nc1OCCO,True,551.6250000000003,True
GJQPMPFPNINLKP-UHFFFAOYSA-N,864,dichlorphenamide,NS(=O)(=O)C1=CC(Cl)=C(Cl)C(=C1)S(N)(=O)=O,NS(=O)(=O)c1cc(Cl)c(Cl)c(S(N)(=O)=O)c1,True,305.16400000000004,True
GJSLOMWRLALDCT-UHFFFAOYSA-N,93,adinazolam,CN(C)CC1=NN=C2CN=C(C3=CC=CC=C3)C3=CC(Cl)=CC=C3N12,CN(C)Cc1nnc2n1-c1ccc(Cl)cc1C(c1ccccc1)=NC2,True,351.8410000000001,True
GJSURZIOUXUGAL-UHFFFAOYSA-N,704,clonidine,ClC1=CC=CC(Cl)=C1NC1=NCCN1,Clc1cccc(Cl)c1NC1=NCCN1,True,230.09799999999998,True
GKCBAIGFKIBETG-UHFFFAOYSA-N,2610,tetracaine,CCCCNC1=CC=C(C=C1)C(=O)OCCN(C)C,CCCCNc1ccc(C(=O)OCCN(C)C)cc1,True,264.36899999999997,True
GKNPSSNBBWDAGH-UHFFFAOYSA-N,1689,mepenzolate,C[N+]1(C)CCCC(C1)OC(=O)C(O)(C1=CC=CC=C1)C1=CC=CC=C1,C[N+]1(C)CCCC(OC(=O)C(O)(c2ccccc2)c2ccccc2)C1,True,340.44300000000004,False
GKQPCPXONLDCMU-CCEZHUSRSA-N,1532,lacidipine,CCOC(=O)C1=C(C)NC(C)=C(C1C1=C(\C=C\C(=O)OC(C)(C)C)C=CC=C1)C(=O)OCC,CCOC(=O)C1=C(C)NC(C)=C(C(=O)OCC)C1c1ccccc1/C=C/C(=O)OC(C)(C)C,True,455.5510000000003,True
GKTWGGQPFAXNFI-HNNXBMFYSA-N,708,clopidogrel,COC(=O)[C@@H](N1CCC2=C(C1)C=CS2)C1=C(Cl)C=CC=C1,COC(=O)[C@H](c1ccccc1Cl)N1CCc2sccc2C1,True,321.82900000000006,True
GKWPCEFFIHSJOE-UHFFFAOYSA-N,4825,laquinimod,CCN(C(=O)C1=C(O)C2=C(C=CC=C2Cl)N(C)C1=O)C1=CC=CC=C1,CCN(C(=O)c1c(O)c2c(Cl)cccc2n(C)c1=O)c1ccccc1,True,356.8090000000001,False
GLBJJMFZWDBELO-UHFFFAOYSA-N,2171,pimobendan,COC1=CC=C(C=C1)C1=NC2=C(N1)C=CC(=C2)C1=NNC(=O)CC1C,COc1ccc(-c2nc3cc(C4=NNC(=O)CC4C)ccc3[nH]2)cc1,True,334.3790000000001,True
GLUUGHFHXGJENI-UHFFFAOYSA-N,2188,piperazine,C1CNCCN1,C1CNCCN1,True,86.138,False
GLVAUDGFNGKCSF-UHFFFAOYSA-N,1708,mercaptopurine,S=C1N=CNC2=C1NC=N2,S=c1nc[nH]c2nc[nH]c12,True,152.18200000000002,False
GMHKMTDVRCWUDX-UHFFFAOYSA-N,1695,mephenytoin,CCC1(NC(=O)N(C)C1=O)C1=CC=CC=C1,CCC1(c2ccccc2)NC(=O)N(C)C1=O,True,218.256,True
GMRQFYUYWCNGIN-NKMMMXOESA-N,466,calcitriol,C[C@H](CCCC(C)(C)O)[C@H]1CC[C@H]2\C(CCC[C@]12C)=C\C=C1\C[C@@H](O)C[C@H](O)C1=C,C=C1/C(=C\C=C2/CCC[C@]3(C)[C@@H]([C@H](C)CCCC(C)(C)O)CC[C@@H]23)C[C@@H](O)C[C@@H]1O,True,416.6460000000002,True
GMVPRGQOIOIIMI-DWKJAMRDSA-N,138,alprostadil,CCCCC[C@H](O)\C=C\[C@H]1[C@H](O)CC(=O)[C@@H]1CCCCCCC(O)=O,CCCCC[C@H](O)/C=C/[C@H]1[C@H](O)CC(=O)[C@@H]1CCCCCCC(=O)O,True,354.48700000000014,False
GMZVRMREEHBGGF-UHFFFAOYSA-N,2197,piracetam,NC(=O)CN1CCCC1=O,NC(=O)CN1CCCC1=O,True,142.158,True
GNXFOGHNGIVQEH-UHFFFAOYSA-N,1747,methocarbamol,COC1=C(OCC(O)COC(N)=O)C=CC=C1,COc1ccccc1OCC(O)COC(N)=O,True,241.24299999999997,True
GOEMGAFJFRBGGG-UHFFFAOYSA-N,40,acebutolol,CCCC(=O)NC1=CC(C(C)=O)=C(OCC(O)CNC(C)C)C=C1,CCCC(=O)Nc1ccc(OCC(O)CNC(C)C)c(C(C)=O)c1,True,336.43199999999996,True
GOTYRUGSSMKFNF-UHFFFAOYSA-N,3317,lenalidomide,NC1=C2CN(C3CCC(=O)NC3=O)C(=O)C2=CC=C1,Nc1cccc2c1CN(C1CCC(=O)NC1=O)C2=O,True,259.265,False
GPKJTRJOBQGKQK-UHFFFAOYSA-N,2338,mepacrine,CCN(CC)CCCC(C)NC1=C2C=C(OC)C=CC2=NC2=CC(Cl)=CC=C12,CCN(CC)CCCC(C)Nc1c2ccc(Cl)cc2nc2ccc(OC)cc12,True,399.96600000000007,False
GPRBEKHLDVQUJE-QSWIMTSFSA-N,546,cefotaxime,CO\N=C(/C(=O)N[C@H]1[C@H]2SCC(COC(C)=O)=C(N2C1=O)C(O)=O)C1=CSC(N)=N1,CO/N=C(\C(=O)N[C@@H]1C(=O)N2C(C(=O)O)=C(COC(C)=O)CS[C@H]12)c1csc(N)n1,True,455.47400000000016,True
GPUVGQIASQNZET-CCEZHUSRSA-N,655,cinnoxicam,CN1C(C(=O)NC2=CC=CC=N2)=C(OC(=O)\C=C\C2=CC=CC=C2)C2=CC=CC=C2S1(=O)=O,CN1C(C(=O)Nc2ccccn2)=C(OC(=O)/C=C/c2ccccc2)c2ccccc2S1(=O)=O,True,461.49900000000014,False
GPXBXXGIAQBQNI-UHFFFAOYSA-N,4185,vemurafenib,CCCS(=O)(=O)NC1=CC=C(F)C(C(=O)C2=CNC3=NC=C(C=C23)C2=CC=C(Cl)C=C2)=C1F,CCCS(=O)(=O)Nc1ccc(F)c(C(=O)c2c[nH]c3ncc(-c4ccc(Cl)cc4)cc23)c1F,True,489.93100000000015,True
GQYIWUVLTXOXAJ-UHFFFAOYSA-N,1596,lomustine,ClCCN(N=O)C(=O)NC1CCCCC1,O=NN(CCCl)C(=O)NC1CCCCC1,True,233.69899999999996,False
GQZQCROBCYNTMU-UHFFFAOYSA-N,1735,methaniazide,OS(=O)(=O)CNNC(=O)C1=CC=NC=C1,O=C(NNCS(=O)(=O)O)c1ccncc1,True,231.233,False
GSDSWSVVBLHKDQ-JTQLQIEISA-N,1569,levofloxacin,C[C@H]1COC2=C(N3CCN(C)CC3)C(F)=CC3=C2N1C=C(C(O)=O)C3=O,C[C@H]1COc2c(N3CCN(C)CC3)c(F)cc3c(=O)c(C(=O)O)cn1c23,True,361.37300000000005,True
GSDSWSVVBLHKDQ-UHFFFAOYSA-N,1981,ofloxacin,CC1COC2=C(N3CCN(C)CC3)C(F)=CC3=C2N1C=C(C(O)=O)C3=O,CC1COc2c(N3CCN(C)CC3)c(F)cc3c(=O)c(C(=O)O)cn1c23,True,361.37300000000005,False
GSNOZLZNQMLSKJ-UHFFFAOYSA-N,3621,trapidil,CCN(CC)C1=CC(C)=NC2=NC=NN12,CCN(CC)c1cc(C)nc2ncnn12,True,205.265,False
GUGOEEXESWIERI-UHFFFAOYSA-N,2600,terfenadine,CC(C)(C)C1=CC=C(C=C1)C(O)CCCN1CCC(CC1)C(O)(C1=CC=CC=C1)C1=CC=CC=C1,CC(C)(C)c1ccc(C(O)CCCN2CCC(C(O)(c3ccccc3)c3ccccc3)CC2)cc1,True,471.6850000000001,True
GUHPRPJDBZHYCJ-UHFFFAOYSA-N,2652,tiaprofenic acid,CC(C(O)=O)C1=CC=C(S1)C(=O)C1=CC=CC=C1,CC(C(=O)O)c1ccc(C(=O)c2ccccc2)s1,True,260.31399999999996,False
GUJRSXAPGDDABA-NSHDSACASA-N,2365,remoxipride,CCN1CCC[C@H]1CNC(=O)C1=C(OC)C(Br)=CC=C1OC,CCN1CCC[C@H]1CNC(=O)c1c(OC)ccc(Br)c1OC,True,371.2750000000001,True
GVEZIHKRYBHEFX-NQQPLRFYSA-N,578,cerulenin,C\C=C\C\C=C\CCC(=O)[C@H]1O[C@H]1C(N)=O,C/C=C/C/C=C/CCC(=O)[C@H]1O[C@H]1C(N)=O,True,223.272,False
GVOUFPWUYJWQSK-UHFFFAOYSA-N,753,cyclofenil,CC(=O)OC1=CC=C(C=C1)C(=C1CCCCC1)C1=CC=C(OC(C)=O)C=C1,CC(=O)Oc1ccc(C(=C2CCCCC2)c2ccc(OC(C)=O)cc2)cc1,True,364.44100000000003,False
GVPIXRLYKVFFMK-UHFFFAOYSA-N,2438,setiptiline,CN1CCC2=C(C1)C1=C(CC3=C2C=CC=C3)C=CC=C1,CN1CCC2=C(C1)c1ccccc1Cc1ccccc12,True,261.368,False
GWOFUCIGLDBNKM-UHFFFAOYSA-N,1297,glafenine,OCC(O)COC(=O)C1=C(NC2=CC=NC3=CC(Cl)=CC=C23)C=CC=C1,O=C(OCC(O)CO)c1ccccc1Nc1ccnc2cc(Cl)ccc12,True,372.80800000000005,False
GWWLWDURRGNSRS-UHFFFAOYSA-N,1675,melitracen,CN(C)CCC=C1C2=CC=CC=C2C(C)(C)C2=C1C=CC=C2,CN(C)CCC=C1c2ccccc2C(C)(C)c2ccccc21,True,291.438,False
GXDALQBWZGODGZ-UHFFFAOYSA-N,249,astemizole,COC1=CC=C(CCN2CCC(CC2)NC2=NC3=C(C=CC=C3)N2CC2=CC=C(F)C=C2)C=C1,COc1ccc(CCN2CCC(Nc3nc4ccccc4n3Cc3ccc(F)cc3)CC2)cc1,True,458.58100000000013,True
GXJABQQUPOEUTA-RDJZCZTQSA-N,391,bortezomib,CC(C)C[C@H](NC(=O)[C@H](CC1=CC=CC=C1)NC(=O)C1=CN=CC=N1)B(O)O,CC(C)C[C@H](NC(=O)[C@H](Cc1ccccc1)NC(=O)c1cnccn1)B(O)O,True,384.24500000000006,True
GXPHKUHSUJUWKP-UHFFFAOYSA-N,2767,troglitazone,CC1=C(O)C(C)=C2CCC(C)(COC3=CC=C(CC4SC(=O)NC4=O)C=C3)OC2=C1C,Cc1c(C)c2c(c(C)c1O)CCC(C)(COc1ccc(CC3SC(=O)NC3=O)cc1)O2,True,441.54900000000015,True
GXRZIMHKGDIBEW-UHFFFAOYSA-N,1081,ethinamate,NC(=O)OC1(CCCCC1)C#C,C#CC1(OC(N)=O)CCCCC1,True,167.208,True
GYDJEQRTZSCIOI-LJGSYFOKSA-N,2713,tranexamic acid,NC[C@H]1CC[C@@H](CC1)C(O)=O,NC[C@H]1CC[C@H](C(=O)O)CC1,True,157.213,True
GYHCTFXIZSNGJT-UHFFFAOYSA-N,4110,tolvaptan,CC1=C(C=CC=C1)C(=O)NC1=CC(C)=C(C=C1)C(=O)N1CCCC(O)C2=CC(Cl)=CC=C12,Cc1ccccc1C(=O)Nc1ccc(C(=O)N2CCCC(O)c3cc(Cl)ccc32)c(C)c1,True,448.9500000000002,False
GYQYAJJFPNQOOW-UHFFFAOYSA-N,5306,gilteritinib,CCC1=NC(C(N)=O)=C(NC2=CC=C(N3CCC(CC3)N3CCN(C)CC3)C(OC)=C2)N=C1NC1CCOCC1,CCc1nc(C(N)=O)c(Nc2ccc(N3CCC(N4CCN(C)CC4)CC3)c(OC)c2)nc1NC1CCOCC1,True,552.7240000000003,False
GZHFODJQISUKAY-UHFFFAOYSA-N,1736,methanthelinium,CC[N+](C)(CC)CCOC(=O)C1C2=CC=CC=C2OC2=C1C=CC=C2,CC[N+](C)(CC)CCOC(=O)C1c2ccccc2Oc2ccccc21,True,340.4430000000001,False
GZKLJWGUPQBVJQ-UHFFFAOYSA-N,2435,sertindole,FC1=CC=C(C=C1)N1C=C(C2CCN(CCN3CCNC3=O)CC2)C2=C1C=CC(Cl)=C2,O=C1NCCN1CCN1CCC(c2cn(-c3ccc(F)cc3)c3ccc(Cl)cc23)CC1,True,440.95000000000016,True
GZOSMCIZMLWJML-VJLLXTKPSA-N,1000156,abiraterone,C[C@]12CC[C@H]3[C@@H](CC=C4C[C@@H](O)CC[C@]34C)[C@@H]1CC=C2C1=CC=CN=C1,C[C@]12CC[C@H](O)CC1=CC[C@@H]1[C@@H]2CC[C@]2(C)C(c3cccnc3)=CC[C@@H]12,True,349.51800000000003,True
GZSOSUNBTXMUFQ-YFAPSIMESA-N,3157,diosmin,COC1=C(O)C=C(C=C1)C1=CC(=O)C2=C(O)C=C(O[C@@H]3O[C@H](CO[C@@H]4O[C@@H](C)[C@H](O)[C@@H](O)[C@H]4O)[C@@H](O)[C@H](O)[C@H]3O)C=C2O1,COc1ccc(-c2cc(=O)c3c(O)cc(O[C@@H]4O[C@H](CO[C@@H]5O[C@@H](C)[C@H](O)[C@@H](O)[C@H]5O)[C@@H](O)[C@H](O)[C@H]4O)cc3o2)cc1O,True,608.5490000000003,False
GZUITABIAKMVPG-UHFFFAOYSA-N,2351,raloxifene,OC1=CC=C(C=C1)C1=C(C(=O)C2=CC=C(OCCN3CCCCC3)C=C2)C2=C(S1)C=C(O)C=C2,O=C(c1ccc(OCCN2CCCCC2)cc1)c1c(-c2ccc(O)cc2)sc2cc(O)ccc12,True,473.5940000000003,True
HAPOVYFOVVWLRS-UHFFFAOYSA-N,1087,ethosuximide,CCC1(C)CC(=O)NC1=O,CCC1(C)CC(=O)NC1=O,True,141.17,True
HBNPJJILLOYFJU-VMPREFPWSA-N,1797,mibefradil,COCC(=O)O[C@]1(CCN(C)CCCC2=NC3=C(N2)C=CC=C3)CCC2=CC(F)=CC=C2[C@@H]1C(C)C,COCC(=O)O[C@]1(CCN(C)CCCc2nc3ccccc3[nH]2)CCc2cc(F)ccc2[C@@H]1C(C)C,True,495.6390000000002,False
HBOMLICNUCNMMY-XLPZGREQSA-N,2861,zidovudine,CC1=CN([C@H]2C[C@H](N=[N+]=[N-])[C@@H](CO)O2)C(=O)NC1=O,Cc1cn([C@H]2C[C@H](N=[N+]=[N-])[C@@H](CO)O2)c(=O)[nH]c1=O,True,267.245,True
HCFDWZZGGLSKEP-UHFFFAOYSA-N,962,doxylamine,CN(C)CCOC(C)(C1=CC=CC=C1)C1=NC=CC=C1,CN(C)CCOC(C)(c1ccccc1)c1ccccn1,True,270.37600000000003,False
HCYAFALTSJYZDH-UHFFFAOYSA-N,812,desipramine,CNCCCN1C2=CC=CC=C2CCC2=C1C=CC=C2,CNCCCN1c2ccccc2CCc2ccccc21,True,266.388,True
HCZKYJDFEPMADG-TXEJJXNPSA-N,1637,masoprocol,C[C@@H](CC1=CC(O)=C(O)C=C1)[C@H](C)CC1=CC(O)=C(O)C=C1,C[C@H](Cc1ccc(O)c(O)c1)[C@@H](C)Cc1ccc(O)c(O)c1,True,302.37,False
HDACQVRGBOVJII-JBDAPHQKSA-N,2356,ramipril,CCOC(=O)[C@H](CCC1=CC=CC=C1)N[C@@H](C)C(=O)N1[C@H]2CCC[C@H]2C[C@H]1C(O)=O,CCOC(=O)[C@H](CCc1ccccc1)N[C@@H](C)C(=O)N1[C@H](C(=O)O)C[C@@H]2CCC[C@@H]21,True,416.5180000000003,True
HDOVUKNUBWVHOX-QMMMGPOBSA-N,2798,valaciclovir,CC(C)[C@H](N)C(=O)OCCOCN1C=NC2=C1N=C(N)NC2=O,CC(C)[C@H](N)C(=O)OCCOCn1cnc2c(=O)[nH]c(N)nc21,True,324.341,True
HDOZVRUNCMBHFH-UHFFFAOYSA-N,2875,zotepine,CN(C)CCOC1=CC2=C(SC3=CC=C(Cl)C=C13)C=CC=C2,CN(C)CCOC1=Cc2ccccc2Sc2ccc(Cl)cc21,True,331.86800000000005,True
HDWIHXWEUNVBIY-UHFFFAOYSA-N,305,bendroflumethiazide,NS(=O)(=O)C1=CC2=C(NC(CC3=CC=CC=C3)NS2(=O)=O)C=C1C(F)(F)F,NS(=O)(=O)c1cc2c(cc1C(F)(F)F)NC(Cc1ccccc1)NS2(=O)=O,True,421.4220000000001,True
HDZAQYPYABGTCL-UHFFFAOYSA-N,1365,hexafluronium,C[N+](C)(CCCCCC[N+](C)(C)C1C2=CC=CC=C2C2=C1C=CC=C2)C1C2=CC=CC=C2C2=C1C=CC=C2,C[N+](C)(CCCCCC[N+](C)(C)C1c2ccccc2-c2ccccc21)C1c2ccccc2-c2ccccc21,True,502.74600000000027,False
HEBKCHPVOIAQTA-SCDXWVJYSA-N,4604,xylitol,OC[C@H](O)[C@@H](O)[C@H](O)CO,OC[C@@H](O)[C@H](O)[C@@H](O)CO,True,152.146,False
HEFNNWSXXWATRW-JTQLQIEISA-N,3851,dexibuprofen,CC(C)CC1=CC=C(C=C1)[C@H](C)C(O)=O,CC(C)Cc1ccc([C@H](C)C(=O)O)cc1,True,206.28499999999997,False
HEFNNWSXXWATRW-UHFFFAOYSA-N,1407,ibuprofen,CC(C)CC1=CC=C(C=C1)C(C)C(O)=O,CC(C)Cc1ccc(C(C)C(=O)O)cc1,True,206.28499999999997,True
HEMJJKBWTPKOJG-UHFFFAOYSA-N,1285,gemfibrozil,CC1=CC(OCCCC(C)(C)C(O)=O)=C(C)C=C1,Cc1ccc(C)c(OCCCC(C)(C)C(=O)O)c1,True,250.338,True
HFHZKZSRXITVMK-UHFFFAOYSA-N,2036,oxyphenbutazone,CCCCC1C(=O)N(N(C1=O)C1=CC=C(O)C=C1)C1=CC=CC=C1,CCCCC1C(=O)N(c2ccccc2)N(c2ccc(O)cc2)C1=O,True,324.38000000000005,False
HGGAKXAHAYOLDJ-FHZUQPTBSA-N,1131,faropenem,C[C@@H](O)[C@@H]1[C@H]2SC([C@H]3CCCO3)=C(N2C1=O)C(O)=O,C[C@@H](O)[C@H]1C(=O)N2C(C(=O)O)=C([C@H]3CCCO3)S[C@H]12,True,285.32099999999997,False
HHHKFGXWKKUNCY-FHWLQOOXSA-N,641,cilazapril,CCOC(=O)[C@H](CCC1=CC=CC=C1)N[C@H]1CCCN2CCC[C@H](N2C1=O)C(O)=O,CCOC(=O)[C@H](CCc1ccccc1)N[C@H]1CCCN2CCC[C@@H](C(=O)O)N2C1=O,True,417.5060000000003,True
HHZIURLSWUIHRB-UHFFFAOYSA-N,1932,nilotinib,CC1=CN(C=N1)C1=CC(=CC(NC(=O)C2=CC(NC3=NC=CC(=N3)C3=CN=CC=C3)=C(C)C=C2)=C1)C(F)(F)F,Cc1cn(-c2cc(NC(=O)c3ccc(C)c(Nc4nccc(-c5cccnc5)n4)c3)cc(C(F)(F)F)c2)cn1,True,529.5260000000002,True
HIANJWSAHKJQTH-UHFFFAOYSA-N,2074,pemirolast,CC1=CC=CN2C(=O)C(=CN=C12)C1=NN=NN1,Cc1cccn2c(=O)c(-c3nnn[nH]3)cnc12,True,228.21500000000003,True
HIUVKVDQFXDZHU-UHFFFAOYSA-N,1346,guanoxan,NC(=N)NCC1COC2=CC=CC=C2O1,N=C(N)NCC1COc2ccccc2O1,True,207.233,False
HJCMDXDYPOUFDY-WHFBIAKZSA-N,4319,alanyl glutamine,C[C@H](N)C(=O)N[C@@H](CCC(N)=O)C(O)=O,C[C@H](N)C(=O)N[C@@H](CCC(N)=O)C(=O)O,True,217.22499999999997,True
HJLSLZFTEKNLFI-UHFFFAOYSA-N,2671,tinidazole,CCS(=O)(=O)CCN1C(C)=NC=C1[N+]([O-])=O,CCS(=O)(=O)CCn1c([N+](=O)[O-])cnc1C,True,247.27599999999998,True
HJYYPODYNSCCOU-ODRIEIDWSA-N,4817,rifamycin,CO[C@H]1\C=C\O[C@@]2(C)OC3=C(C)C(O)=C4C(O)=C(NC(=O)\C(C)=C/C=C/[C@H](C)[C@H](O)[C@@H](C)[C@@H](O)[C@@H](C)[C@H](OC(C)=O)[C@@H]1C)C=C(O)C4=C3C2=O,CO[C@H]1/C=C/O[C@@]2(C)Oc3c(C)c(O)c4c(O)c(cc(O)c4c3C2=O)NC(=O)/C(C)=C\C=C\[C@H](C)[C@H](O)[C@@H](C)[C@@H](O)[C@@H](C)[C@H](OC(C)=O)[C@@H]1C,True,697.7780000000001,False
HLFSDGLLUJUHTE-SNVBAGLBSA-N,1561,levamisole,C1CN2C[C@@H](N=C2S1)C1=CC=CC=C1,c1ccc([C@H]2CN3CCSC3=N2)cc1,True,204.298,False
HLVVITIHAZBPKB-UHFFFAOYSA-N,3848,velnacrine,NC1=C2C(O)CCCC2=NC2=CC=CC=C12,Nc1c2c(nc3ccccc13)CCCC2O,True,214.268,False
HMABYWSNWIZPAG-UHFFFAOYSA-N,5203,rucaparib,CNCC1=CC=C(C=C1)C1=C2CCNC(=O)C3=CC(F)=CC(N1)=C23,CNCc1ccc(-c2[nH]c3cc(F)cc4c3c2CCNC4=O)cc1,True,323.371,False
HMEDEBAJARCKCT-UHFFFAOYSA-N,278,azosemide,NS(=O)(=O)C1=CC(C2=NN=NN2)=C(NCC2=CC=CS2)C=C1Cl,NS(=O)(=O)c1cc(-c2nnn[nH]2)c(NCc2cccs2)cc1Cl,True,370.8470000000001,True
HMHVCUVYZFYAJI-UHFFFAOYSA-N,2540,sultiame,NS(=O)(=O)C1=CC=C(C=C1)N1CCCCS1(=O)=O,NS(=O)(=O)c1ccc(N2CCCCS2(=O)=O)cc1,True,290.366,True
HMJIYCCIJYRONP-UHFFFAOYSA-N,1511,isradipine,COC(=O)C1=C(C)NC(C)=C(C1C1=CC=CC2=NON=C12)C(=O)OC(C)C,COC(=O)C1=C(C)NC(C)=C(C(=O)OC(C)C)C1c1cccc2nonc12,True,371.3930000000002,True
HNJJXZKZRAWDPF-UHFFFAOYSA-N,1738,methapyrilene,CN(C)CCN(CC1=CC=CS1)C1=CC=CC=N1,CN(C)CCN(Cc1cccs1)c1ccccn1,True,261.394,False
HOKDBMAJZXIPGC-UHFFFAOYSA-N,1707,mequitazine,C(C1CN2CCC1CC2)N1C2=CC=CC=C2SC2=CC=CC=C12,c1ccc2c(c1)Sc1ccccc1N2CC1CN2CCC1CC2,True,322.4770000000001,False
HOMGKSMUEGBAAB-UHFFFAOYSA-N,1421,ifosfamide,ClCCNP1(=O)OCCCN1CCCl,O=P1(NCCCl)OCCCN1CCCl,True,261.08899999999994,True
HOOSGZJRQIVJSZ-UHFFFAOYSA-N,676,clidinium,C[N+]12CCC(CC1)C(C2)OC(=O)C(O)(C1=CC=CC=C1)C1=CC=CC=C1,C[N+]12CCC(CC1)C(OC(=O)C(O)(c1ccccc1)c1ccccc1)C2,True,352.45400000000006,True
HPHUVLMMVZITSG-LURJTMIESA-N,1563,levetiracetam,CC[C@H](N1CCCC1=O)C(N)=O,CC[C@@H](C(N)=O)N1CCCC1=O,True,170.212,False
HQFWVSGBVLEQGA-UHFFFAOYSA-N,3050,butacaine,CCCCN(CCCC)CCCOC(=O)C1=CC=C(N)C=C1,CCCCN(CCCC)CCCOC(=O)c1ccc(N)cc1,True,306.45,False
HQMNCQVAMBCHCO-DJRRULDNSA-N,1116,etretinate,CCOC(=O)\C=C(/C)\C=C\C=C(/C)\C=C\C1=C(C)C(C)=C(OC)C=C1C,CCOC(=O)/C=C(C)/C=C/C=C(C)/C=C/c1c(C)cc(OC)c(C)c1C,True,354.4900000000001,True
HQVZOORKDNCGCK-UHFFFAOYSA-N,3109,clofoctol,CC(C)(C)CC(C)(C)C1=CC=C(O)C(CC2=C(Cl)C=C(Cl)C=C2)=C1,CC(C)(C)CC(C)(C)c1ccc(O)c(Cc2ccc(Cl)cc2Cl)c1,True,365.34400000000005,False
HRRBJVNMSRJFHQ-UHFFFAOYSA-N,1873,naftopidil,COC1=C(C=CC=C1)N1CCN(CC(O)COC2=CC=CC3=CC=CC=C23)CC1,COc1ccccc1N1CCN(CC(O)COc2cccc3ccccc23)CC1,True,392.4990000000001,False
HRWCVUIFMSZDJS-SZMVWBNQSA-N,2474,spirapril,CCOC(=O)[C@H](CCC1=CC=CC=C1)N[C@@H](C)C(=O)N1CC2(C[C@H]1C(O)=O)SCCS2,CCOC(=O)[C@H](CCc1ccccc1)N[C@@H](C)C(=O)N1CC2(C[C@H]1C(=O)O)SCCS2,True,466.62500000000034,False
HSHNITRMYYLLCV-UHFFFAOYSA-N,1401,hymecromone,CC1=CC(=O)OC2=C1C=CC(O)=C2,Cc1cc(=O)oc2cc(O)ccc12,True,176.171,False
HSMNQINEKMPTIC-UHFFFAOYSA-N,165,aminohippuric acid,NC1=CC=C(C=C1)C(=O)NCC(O)=O,Nc1ccc(C(=O)NCC(=O)O)cc1,True,194.18999999999997,False
HSMPDPBYAYSOBC-UHFFFAOYSA-N,3313,khellin,COC1=C2OC=CC2=C(OC)C2=C1OC(C)=CC2=O,COc1c2occc2c(OC)c2c(=O)cc(C)oc12,True,260.24499999999995,False
HSRJKNPTNIJEKV-UHFFFAOYSA-N,1336,guaifenesin,COC1=C(OCC(O)CO)C=CC=C1,COc1ccccc1OCC(O)CO,True,198.218,True
HSTZMXCBWJGKHG-CUYWLFDKSA-N,4613,polydatin,OC[C@H]1O[C@@H](OC2=CC(\C=C\C3=CC=C(O)C=C3)=CC(O)=C2)[C@H](O)[C@@H](O)[C@@H]1O,OC[C@H]1O[C@@H](Oc2cc(O)cc(/C=C/c3ccc(O)cc3)c2)[C@H](O)[C@@H](O)[C@@H]1O,True,390.3880000000001,True
HSUGRBWQSSZJOP-RTWAWAEBSA-N,897,diltiazem,COC1=CC=C(C=C1)[C@@H]1SC2=CC=CC=C2N(CCN(C)C)C(=O)[C@@H]1OC(C)=O,COc1ccc([C@@H]2Sc3ccccc3N(CCN(C)C)C(=O)[C@@H]2OC(C)=O)cc1,True,414.5270000000002,True
HTIQEAQVCYTUBX-UHFFFAOYSA-N,183,amlodipine,CCOC(=O)C1=C(COCCN)NC(C)=C(C1C1=C(Cl)C=CC=C1)C(=O)OC,CCOC(=O)C1=C(COCCN)NC(C)=C(C(=O)OC)C1c1ccccc1Cl,True,408.88200000000006,True
HTQMVQVXFRQIKW-UHFFFAOYSA-N,1000072,candesartan,CCOC1=NC2=C(N1CC1=CC=C(C=C1)C1=C(C=CC=C1)C1=NN=NN1)C(=CC=C2)C(O)=O,CCOc1nc2cccc(C(=O)O)c2n1Cc1ccc(-c2ccccc2-c2nnn[nH]2)cc1,True,440.46300000000014,True
HTWFXPCUFWKXOP-UHFFFAOYSA-N,2605,tertatolol,CC(C)(C)NCC(O)COC1=C2SCCCC2=CC=C1,CC(C)(C)NCC(O)COc1cccc2c1SCCC2,True,295.448,False
HUCJFAOMUPXHDK-UHFFFAOYSA-N,3658,xylometazoline,CC1=CC(=CC(C)=C1CC1=NCCN1)C(C)(C)C,Cc1cc(C(C)(C)C)cc(C)c1CC1=NCCN1,True,244.38199999999998,True
HUNXMJYCHXQEGX-UHFFFAOYSA-N,2857,zaleplon,CCN(C(C)=O)C1=CC(=CC=C1)C1=CC=NC2=C(C=NN12)C#N,CCN(C(C)=O)c1cccc(-c2ccnc3c(C#N)cnn23)c1,True,305.341,True
HUPFGZXOMWLGNK-UHFFFAOYSA-N,880,diflunisal,OC(=O)C1=C(O)C=CC(=C1)C1=C(F)C=C(F)C=C1,O=C(O)c1cc(-c2ccc(F)cc2F)ccc1O,True,250.19999999999996,True
HUYWAWARQUIQLE-UHFFFAOYSA-N,1491,isoetarine,CCC(NC(C)C)C(O)C1=CC(O)=C(O)C=C1,CCC(NC(C)C)C(O)c1ccc(O)c(O)c1,True,239.315,True
HWGBHCRJGXAGEU-UHFFFAOYSA-N,1773,methylthiouracil,CC1=CC(=O)NC(=S)N1,Cc1cc(=O)[nH]c(=S)[nH]1,True,142.18300000000002,False
HWHLPVGTWGOCJO-UHFFFAOYSA-N,2745,trihexyphenidyl,OC(CCN1CCCCC1)(C1CCCCC1)C1=CC=CC=C1,OC(CCN1CCCCC1)(c1ccccc1)C1CCCCC1,True,301.47399999999993,False
HWXIGFIVGWUZAO-UHFFFAOYSA-N,959,doxofylline,CN1C2=C(N(CC3OCCO3)C=N2)C(=O)N(C)C1=O,Cn1c(=O)c2c(ncn2CC2OCCO2)n(C)c1=O,True,266.257,True
HXHWSAZORRCQMX-UHFFFAOYSA-N,103,albendazole,CCCSC1=CC2=C(C=C1)N=C(NC(=O)OC)N2,CCCSc1ccc2nc(NC(=O)OC)[nH]c2c1,True,265.33799999999997,True
HXLAFSUPPDYFEO-UHFFFAOYSA-N,360,bevantolol,COC1=C(OC)C=C(CCNCC(O)COC2=CC(C)=CC=C2)C=C1,COc1ccc(CCNCC(O)COc2cccc(C)c2)cc1OC,True,345.439,True
HXYVTAGFYLMHSO-UHFFFAOYSA-N,2045,palmidrol,CCCCCCCCCCCCCCCC(=O)NCCO,CCCCCCCCCCCCCCCC(=O)NCCO,True,299.499,False
HYAFETHFCAUJAY-UHFFFAOYSA-N,2179,pioglitazone,CCC1=CC=C(CCOC2=CC=C(CC3SC(=O)NC3=O)C=C2)N=C1,CCc1ccc(CCOc2ccc(CC3SC(=O)NC3=O)cc2)nc1,True,356.44700000000006,True
HYFHYPWGAURHIV-JFIAXGOJSA-N,4677,omacetaxine mepesuccinate,COC(=O)C[C@](O)(CCCC(C)(C)O)C(=O)O[C@H]1[C@H]2C3=C(CCN4CCC[C@]24C=C1OC)C=C1OCOC1=C3,COC(=O)C[C@](O)(CCCC(C)(C)O)C(=O)O[C@@H]1C(OC)=C[C@]23CCCN2CCc2cc4c(cc2[C@H]13)OCO4,True,545.6290000000004,False
HYIMSNHJOBLJNT-UHFFFAOYSA-N,1922,nifedipine,COC(=O)C1=C(C)NC(C)=C(C1C1=C(C=CC=C1)[N+]([O-])=O)C(=O)OC,COC(=O)C1=C(C)NC(C)=C(C(=O)OC)C1c1ccccc1[N+](=O)[O-],True,346.33900000000017,True
HYWYRSMBCFDLJT-UHFFFAOYSA-N,1935,nimesulide,CS(=O)(=O)NC1=C(OC2=CC=CC=C2)C=C(C=C1)[N+]([O-])=O,CS(=O)(=O)Nc1ccc([N+](=O)[O-])cc1Oc1ccccc1,True,308.31500000000005,True
HYYBABOKPJLUIN-UHFFFAOYSA-N,1663,mefenamic acid,CC1=CC=CC(NC2=C(C=CC=C2)C(O)=O)=C1C,Cc1cccc(Nc2ccccc2C(=O)O)c1C,True,241.29000000000002,True
HZQDCMWJEBCWBR-UUOKFMHZSA-N,3363,mizoribine,NC(=O)C1=C(O)N(C=N1)[C@@H]1O[C@H](CO)[C@@H](O)[C@H]1O,NC(=O)c1ncn([C@@H]2O[C@H](CO)[C@@H](O)[C@H]2O)c1O,True,259.218,True
HZZVJAQRINQKSD-PBFISZAISA-N,669,clavulanic acid,OC\C=C1/O[C@@H]2CC(=O)N2[C@H]1C(O)=O,O=C(O)[C@H]1/C(=C/CO)O[C@@H]2CC(=O)N21,True,199.16199999999998,False
IAIDUHCBNLFXEF-MNEFBYGVSA-N,2866,zofenopril,C[C@H](CSC(=O)C1=CC=CC=C1)C(=O)N1C[C@H](C[C@H]1C(O)=O)SC1=CC=CC=C1,C[C@H](CSC(=O)c1ccccc1)C(=O)N1C[C@@H](Sc2ccccc2)C[C@H]1C(=O)O,True,429.56300000000016,True
IAIWVQXQOWNYOU-FPYGCLRLSA-N,1950,nitrofurazone,NC(=O)N\N=C\C1=CC=C(O1)[N+]([O-])=O,NC(=O)N/N=C/c1ccc([N+](=O)[O-])o1,True,198.13799999999998,False
IAKHMKGGTNLKSZ-INIZCTEOSA-N,726,colchicine,COC1=C(OC)C(OC)=C2C(CC[C@H](NC(C)=O)C3=CC(=O)C(OC)=CC=C23)=C1,COc1cc2c(c(OC)c1OC)-c1ccc(OC)c(=O)cc1[C@@H](NC(C)=O)CC2,True,399.4430000000001,False
IAVUPMFITXYVAF-XPUUQOCRSA-N,949,dorzolamide,CCN[C@H]1C[C@H](C)S(=O)(=O)C2=C1C=C(S2)S(N)(=O)=O,CCN[C@H]1C[C@H](C)S(=O)(=O)c2sc(S(N)(=O)=O)cc21,True,324.44900000000007,False
IBAQFPQHRJAVAV-ULAWRXDQSA-N,1806,miglitol,OCCN1C[C@H](O)[C@@H](O)[C@H](O)[C@H]1CO,OCCN1C[C@H](O)[C@@H](O)[C@H](O)[C@H]1CO,True,207.226,False
ICFJFFQQTFMIBG-UHFFFAOYSA-N,2126,phenformin,NC(=N)NC(=N)NCCC1=CC=CC=C1,N=C(N)NC(=N)NCCc1ccccc1,True,205.26500000000001,True
ICKFFNBDFNZJSX-UHFFFAOYSA-N,606,chloropyramine,CN(C)CCN(CC1=CC=C(Cl)C=C1)C1=CC=CC=N1,CN(C)CCN(Cc1ccc(Cl)cc1)c1ccccn1,True,289.81,False
ICMGLRUYEQNHPF-UHFFFAOYSA-N,2796,urapidil,COC1=C(C=CC=C1)N1CCN(CCCNC2=CC(=O)N(C)C(=O)N2C)CC1,COc1ccccc1N1CCN(CCCNc2cc(=O)n(C)c(=O)n2C)CC1,True,387.48400000000015,True
ICTXHFFSOAJUMG-SLHNCBLASA-N,1965,norethynodrel,C[C@]12CC[C@H]3[C@@H](CCC4=C3CCC(=O)C4)[C@@H]1CC[C@@]2(O)C#C,C#C[C@]1(O)CC[C@H]2[C@@H]3CCC4=C(CCC(=O)C4)[C@H]3CC[C@@]21C,True,298.426,False
ICUTUKXCWQYESQ-UHFFFAOYSA-N,3630,triclocarban,ClC1=CC=C(NC(=O)NC2=CC(Cl)=C(Cl)C=C2)C=C1,O=C(Nc1ccc(Cl)cc1)Nc1ccc(Cl)c(Cl)c1,True,315.587,False
IDCHQQSVJAAUQQ-UHFFFAOYSA-N,2023,oxolamine,CCN(CC)CCC1=NC(=NO1)C1=CC=CC=C1,CCN(CC)CCc1nc(-c2ccccc2)no1,True,245.32600000000002,False
IDINUJSAMVOPCM-UHFFFAOYSA-N,1347,gusperimus,NCCCNCCCCNC(=O)C(O)NC(=O)CCCCCCNC(N)=N,N=C(N)NCCCCCCC(=O)NC(O)C(=O)NCCCCNCCCN,True,387.5290000000003,False
IDKAXRLETRCXKS-UHFFFAOYSA-N,1147,fenclofenac,OC(=O)CC1=C(OC2=C(Cl)C=C(Cl)C=C2)C=CC=C1,O=C(O)Cc1ccccc1Oc1ccc(Cl)cc1Cl,True,297.137,True
IDYZIJYBMGIQMJ-UHFFFAOYSA-N,1013,enoxacin,CCN1C=C(C(O)=O)C(=O)C2=CC(F)=C(N=C12)N1CCNCC1,CCn1cc(C(=O)O)c(=O)c2cc(F)c(N3CCNCC3)nc21,True,320.3240000000001,True
IECPWNUMDGFDKC-MZJAQBGESA-N,1261,fusidic acid,C[C@@H]1[C@H](O)CC[C@@]2(C)[C@H]1CC[C@@]1(C)[C@H]2[C@H](O)C[C@H]2\C([C@H](C[C@]12C)OC(C)=O)=C(/CCC=C(C)C)C(O)=O,CC(=O)O[C@H]1C[C@@]2(C)[C@@H](C[C@@H](O)[C@H]3[C@@]4(C)CC[C@@H](O)[C@@H](C)[C@@H]4CC[C@@]32C)/C1=C(\CCC=C(C)C)C(=O)O,True,516.7190000000004,False
IEDVJHCEMCRBQM-UHFFFAOYSA-N,2755,trimethoprim,COC1=CC(CC2=CN=C(N)N=C2N)=CC(OC)=C1OC,COc1cc(Cc2cnc(N)nc2N)cc(OC)c1OC,True,290.32300000000004,True
IENZQIKPVFGBNW-UHFFFAOYSA-N,4209,prazosin,COC1=C(OC)C=C2C(N)=NC(=NC2=C1)N1CCN(CC1)C(=O)C1=CC=CO1,COc1cc2nc(N3CCN(C(=O)c4ccco4)CC3)nc(N)c2cc1OC,True,383.40800000000013,True
IFFPICMESYHZPQ-UHFFFAOYSA-N,2261,prenylamine,CC(CC1=CC=CC=C1)NCCC(C1=CC=CC=C1)C1=CC=CC=C1,CC(Cc1ccccc1)NCCC(c1ccccc1)c1ccccc1,True,329.487,True
IFKLAQQSCNILHL-QHAWAJNXSA-N,454,butorphanol,OC1=CC2=C(C[C@H]3N(CC4CCC4)CC[C@@]22CCCC[C@@]32O)C=C1,Oc1ccc2c(c1)[C@@]13CCCC[C@@]1(O)[C@@H](C2)N(CC1CCC1)CC3,True,327.468,True
IFSDAJWBUCMOAH-HNNXBMFYSA-N,4878,idelalisib,CC[C@H](NC1=NC=NC2=C1NC=N2)C1=NC2=C(C(F)=CC=C2)C(=O)N1C1=CC=CC=C1,CC[C@H](Nc1ncnc2nc[nH]c12)c1nc2cccc(F)c2c(=O)n1-c1ccccc1,True,415.43200000000013,False
IHLAQQPQKRMGSS-UHFFFAOYSA-N,2021,oxiracetam,NC(=O)CN1CC(O)CC1=O,NC(=O)CN1CC(O)CC1=O,True,158.15699999999995,True
IHUNBGSDBOWDMA-AQFIFDHZSA-N,78,acitretin,COC1=C(C)C(C)=C(\C=C\C(\C)=C\C=C\C(\C)=C\C(O)=O)C(C)=C1,COc1cc(C)c(/C=C/C(C)=C/C=C/C(C)=C/C(=O)O)c(C)c1C,True,326.43600000000004,True
IIBYAHWJQTYFKB-UHFFFAOYSA-N,362,bezafibrate,CC(C)(OC1=CC=C(CCNC(=O)C2=CC=C(Cl)C=C2)C=C1)C(O)=O,CC(C)(Oc1ccc(CCNC(=O)c2ccc(Cl)cc2)cc1)C(=O)O,True,361.82500000000005,True
IIDJRNMFWXDHID-UHFFFAOYSA-N,2387,risedronic acid,OC(CC1=CN=CC=C1)(P(O)(O)=O)P(O)(O)=O,O=P(O)(O)C(O)(Cc1cccnc1)P(=O)(O)O,True,283.113,True
IIXWYSCJSQVBQM-LLVKDONJSA-N,5302,lorlatinib,C[C@H]1OC2=C(N)N=CC(=C2)C2=C(C#N)N(C)N=C2CN(C)C(=O)C2=CC=C(F)C=C12,C[C@H]1Oc2cc(cnc2N)-c2c(nn(C)c2C#N)CN(C)C(=O)c2ccc(F)cc21,True,406.4210000000001,False
IJHNSHDBIRRJRN-UHFFFAOYSA-N,2132,pheniramine,CN(C)CCC(C1=CC=CC=C1)C1=NC=CC=C1,CN(C)CCC(c1ccccc1)c1ccccn1,True,240.35000000000002,False
ILKJAFIWWBXGDU-MOGDOJJUSA-N,150,amcinonide,CC(=O)OCC(=O)[C@@]12OC3(CCCC3)O[C@@H]1C[C@H]1[C@@H]3CCC4=CC(=O)C=C[C@]4(C)[C@@]3(F)[C@@H](O)C[C@]21C,CC(=O)OCC(=O)[C@@]12OC3(CCCC3)O[C@@H]1C[C@H]1[C@@H]3CCC4=CC(=O)C=C[C@]4(C)[C@@]3(F)[C@@H](O)C[C@@]12C,True,502.5790000000003,True
IMOZEMNVLZVGJZ-QGZVFWFLSA-N,4829,apremilast,CCOC1=C(OC)C=CC(=C1)[C@@H](CS(C)(=O)=O)N1C(=O)C2=CC=CC(NC(C)=O)=C2C1=O,CCOc1cc([C@@H](CS(C)(=O)=O)N2C(=O)c3cccc(NC(C)=O)c3C2=O)ccc1OC,True,460.5080000000002,False
IMSSROKUHAOUJS-MJCUULBUSA-N,1714,mestranol,COC1=CC2=C(C=C1)[C@H]1CC[C@@]3(C)[C@@H](CC[C@@]3(O)C#C)[C@@H]1CC2,C#C[C@]1(O)CC[C@H]2[C@@H]3CCc4cc(OC)ccc4[C@H]3CC[C@@]21C,True,310.437,True
IMWZZHHPURKASS-UHFFFAOYSA-N,1722,metaxalone,CC1=CC(OCC2CNC(=O)O2)=CC(C)=C1,Cc1cc(C)cc(OCC2CNC(=O)O2)c1,True,221.256,False
IMYZQPCYWPFTAG-UHFFFAOYSA-N,1646,mecamylamine,CNC1(C)C2CCC(C2)C1(C)C,CNC1(C)C2CCC(C2)C1(C)C,True,167.296,True
IMZMKUWMOSJXDT-UHFFFAOYSA-N,741,cromoglicic acid,OC(COC1=CC=CC2=C1C(=O)C=C(O2)C(O)=O)COC1=C2C(=O)C=C(OC2=CC=C1)C(O)=O,O=C(O)c1cc(=O)c2c(OCC(O)COc3cccc4oc(C(=O)O)cc(=O)c34)cccc2o1,True,468.37000000000023,False
INDBQLZJXZLFIT-UHFFFAOYSA-N,2266,primaquine,COC1=CC(NC(C)CCCN)=C2N=CC=CC2=C1,COc1cc(NC(C)CCCN)c2ncccc2c1,True,259.35299999999995,False
INJOMKTZOLKMBF-UHFFFAOYSA-N,1343,guanfacine,NC(=N)NC(=O)CC1=C(Cl)C=CC=C1Cl,N=C(N)NC(=O)Cc1c(Cl)cccc1Cl,True,246.097,True
INWLQCZOYSRPNW-UHFFFAOYSA-N,1700,mepivacaine,CN1CCCCC1C(=O)NC1=C(C)C=CC=C1C,Cc1cccc(C)c1NC(=O)C1CCCCN1C,True,246.35399999999998,True
IPEHBUMCGVEMRF-UHFFFAOYSA-N,2328,pyrazinamide,NC(=O)C1=NC=CN=C1,NC(=O)c1cnccn1,True,123.11499999999998,True
IPOBOOXFSRWSHL-UHFFFAOYSA-N,630,cibenzoline,C1C(C2=NCCN2)C1(C1=CC=CC=C1)C1=CC=CC=C1,c1ccc(C2(c3ccccc3)CC2C2=NCCN2)cc1,True,262.35600000000005,False
IPOKCKJONYRRHP-FMQUCBEESA-N,284,balsalazide,OC(=O)CCNC(=O)C1=CC=C(C=C1)\N=N\C1=CC=C(O)C(=C1)C(O)=O,O=C(O)CCNC(=O)c1ccc(/N=N/c2ccc(O)c(C(=O)O)c2)cc1,True,357.3220000000001,True
IPVQLZZIHOAWMC-QXKUPLGCSA-N,2108,perindopril,CCC[C@H](N[C@@H](C)C(=O)N1[C@H]2CCCC[C@H]2C[C@H]1C(O)=O)C(=O)OCC,CCC[C@H](N[C@@H](C)C(=O)N1[C@H](C(=O)O)C[C@@H]2CCCC[C@@H]21)C(=O)OCC,True,368.4740000000001,False
IPWKIXLWTCNBKN-UHFFFAOYSA-N,1997,ornidazole,CC1=NC=C(N1CC(O)CCl)[N+]([O-])=O,Cc1ncc([N+](=O)[O-])n1CC(O)CCl,True,219.628,False
IQPSEEYGBUAQFF-UHFFFAOYSA-N,2054,pantoprazole,COC1=CC=NC(CS(=O)C2=NC3=C(N2)C=C(OC(F)F)C=C3)=C1OC,COc1ccnc(CS(=O)c2nc3ccc(OC(F)F)cc3[nH]2)c1OC,True,383.3760000000001,True
IQVRBWUUXZMOPW-PKNBQFBNSA-N,4882,istradefylline,CCN1C2=C(N(C)C(\C=C\C3=CC(OC)=C(OC)C=C3)=N2)C(=O)N(CC)C1=O,CCn1c(=O)c2c(nc(/C=C/c3ccc(OC)c(OC)c3)n2C)n(CC)c1=O,True,384.43600000000015,False
IRSCQMHQWWYFCW-UHFFFAOYSA-N,1277,ganciclovir,NC1=NC2=C(N=CN2COC(CO)CO)C(=O)N1,Nc1nc2c(ncn2COC(CO)CO)c(=O)[nH]1,True,255.23399999999998,True
IRYJRGCIQBGHIV-UHFFFAOYSA-N,2751,trimethadione,CN1C(=O)OC(C)(C)C1=O,CN1C(=O)OC(C)(C)C1=O,True,143.142,True
ISFHAYSTHMVOJR-UHFFFAOYSA-N,2129,phenindamine,CN1CCC2=C(C1)C(C1=C2C=CC=C1)C1=CC=CC=C1,CN1CCC2=C(C1)C(c1ccccc1)c1ccccc12,True,261.368,True
ISWRGOKTTBVCFA-UHFFFAOYSA-N,4224,pirfenidone,CC1=CN(C(=O)C=C1)C1=CC=CC=C1,Cc1ccc(=O)n(-c2ccccc2)c1,True,185.226,True
ISWSIDIOOBJBQZ-UHFFFAOYSA-N,4266,phenol,OC1=CC=CC=C1,Oc1ccccc1,True,94.11299999999999,False
ISZNZKHCRKXXAU-UHFFFAOYSA-N,620,chlorproguanil,CC(C)NC(=N)NC(=N)NC1=CC(Cl)=C(Cl)C=C1,CC(C)NC(=N)NC(=N)Nc1ccc(Cl)c(Cl)c1,True,288.182,False
ITRJWOMZKQRYTA-RFZYENFJSA-N,734,cortisone acetate,CC(=O)OCC(=O)[C@@]1(O)CC[C@H]2[C@@H]3CCC4=CC(=O)CC[C@]4(C)[C@H]3C(=O)C[C@]12C,CC(=O)OCC(=O)[C@@]1(O)CC[C@H]2[C@@H]3CCC4=CC(=O)CC[C@]4(C)[C@H]3C(=O)C[C@@]21C,True,402.48700000000025,False
IUBSYMUCCVWXPE-UHFFFAOYSA-N,1786,metoprolol,COCCC1=CC=C(OCC(O)CNC(C)C)C=C1,COCCc1ccc(OCC(O)CNC(C)C)cc1,True,267.36899999999997,True
IUWVALYLNVXWKX-UHFFFAOYSA-N,3051,butamben,CCCCOC(=O)C1=CC=C(N)C=C1,CCCCOC(=O)c1ccc(N)cc1,True,193.24599999999998,True
IVTVGDXNLFLDRM-HNNXBMFYSA-N,2353,raltitrexed,CN(CC1=CC2=C(C=C1)N=C(C)NC2=O)C1=CC=C(S1)C(=O)N[C@@H](CCC(O)=O)C(O)=O,Cc1nc2ccc(CN(C)c3ccc(C(=O)N[C@@H](CCC(=O)O)C(=O)O)s3)cc2c(=O)[nH]1,True,458.4960000000002,True
IVVNZDGDKPTYHK-UHFFFAOYSA-N,2173,pinacidil,CC(NC(NC1=CC=NC=C1)=NC#N)C(C)(C)C,CC(NC(=NC#N)Nc1ccncc1)C(C)(C)C,True,245.32999999999998,False
IWCWQNVIUXZOMJ-MISYRCLQSA-N,981,ecabet,CC(C)C1=C(C=C2C(CC[C@H]3[C@@](C)(CCC[C@]23C)C(O)=O)=C1)S(O)(=O)=O,CC(C)c1cc2c(cc1S(=O)(=O)O)[C@@]1(C)CCC[C@@](C)(C(=O)O)[C@@H]1CC2,True,380.506,True
IWUCXVSUMQZMFG-AFCXAGJDSA-N,2373,ribavirin,NC(=O)C1=NN(C=N1)[C@@H]1O[C@H](CO)[C@@H](O)[C@H]1O,NC(=O)c1ncn([C@@H]2O[C@H](CO)[C@@H](O)[C@H]2O)n1,True,244.20700000000002,True
IWVRVEIKCBFZNF-UHFFFAOYSA-N,2206,pirlindole,CC1=CC2=C(C=C1)N1CCNC3CCCC2=C13,Cc1ccc2c(c1)c1c3n2CCNC3CCC1,True,226.32299999999995,False
IXTMWRCNAAVVAI-UHFFFAOYSA-N,942,dofetilide,CN(CCOC1=CC=C(NS(C)(=O)=O)C=C1)CCC1=CC=C(NS(C)(=O)=O)C=C1,CN(CCOc1ccc(NS(C)(=O)=O)cc1)CCc1ccc(NS(C)(=O)=O)cc1,True,441.57500000000016,True
IYIKLHRQXLHMJQ-UHFFFAOYSA-N,176,amiodarone,CCCCC1=C(C(=O)C2=CC(I)=C(OCCN(CC)CC)C(I)=C2)C2=C(O1)C=CC=C2,CCCCc1oc2ccccc2c1C(=O)c1cc(I)c(OCCN(CC)CC)c(I)c1,True,645.3190000000002,True
IYIYMCASGKQOCZ-DJRRULDNSA-N,1849,motretinide,CCNC(=O)\C=C(/C)\C=C\C=C(/C)\C=C\C1=C(C)C(C)=C(OC)C=C1C,CCNC(=O)/C=C(C)/C=C/C=C(C)/C=C/c1c(C)cc(OC)c(C)c1C,True,353.5060000000001,False
IZEKFCXSFNUWAM-UHFFFAOYSA-N,924,dipyridamole,OCCN(CCO)C1=NC(N2CCCCC2)=C2N=C(N=C(N3CCCCC3)C2=N1)N(CCO)CCO,OCCN(CCO)c1nc(N2CCCCC2)c2nc(N(CCO)CCO)nc(N3CCCCC3)c2n1,True,504.6360000000004,True
JAPHQRWPEGVNBT-UTUOFQBUSA-N,1603,loracarbef,N[C@@H](C(=O)N[C@H]1[C@H]2CCC(Cl)=C(N2C1=O)C(O)=O)C1=CC=CC=C1,N[C@@H](C(=O)N[C@@H]1C(=O)N2C(C(=O)O)=C(Cl)CC[C@H]12)c1ccccc1,True,349.77400000000006,False
JAUOIFJMECXRGI-UHFFFAOYSA-N,814,desloratadine,ClC1=CC=C2C(CCC3=C(N=CC=C3)C2=C2CCNCC2)=C1,Clc1ccc2c(c1)CCc1cccnc1C2=C1CCNCC1,True,310.82800000000003,True
JAZBEHYOTPTENJ-JLNKQSITSA-N,3174,eicosapentaenoic acid,CC\C=C/C\C=C/C\C=C/C\C=C/C\C=C/CCCC(O)=O,CC/C=C\C/C=C\C/C=C\C/C=C\C/C=C\CCCC(=O)O,True,302.458,False
JBDGDEWWOUBZPM-XYPYZODXSA-N,147,ambroxol,NC1=C(CN[C@H]2CC[C@H](O)CC2)C=C(Br)C=C1Br,Nc1c(Br)cc(Br)cc1CN[C@H]1CC[C@H](O)CC1,True,378.108,True
JBIWCJUYHHGXTC-AKNGSSGZSA-N,961,doxycycline,C[C@@H]1[C@H]2[C@H](O)[C@H]3[C@H](N(C)C)C(O)=C(C(N)=O)C(=O)[C@@]3(O)C(O)=C2C(=O)C2=C(O)C=CC=C12,C[C@H]1c2cccc(O)c2C(=O)C2=C(O)[C@]3(O)C(=O)C(C(N)=O)=C(O)[C@@H](N(C)C)[C@@H]3[C@@H](O)[C@@H]21,True,444.44000000000017,True
JBKPUQTUERUYQE-UHFFFAOYSA-O,2231,pralidoxime,C[N+]1=CC=CC=C1C=NO,C[n+]1ccccc1C=NO,True,137.162,False
JBMKAUGHUNFTOL-UHFFFAOYSA-N,609,chlorothiazide,NS(=O)(=O)C1=C(Cl)C=C2N=CNS(=O)(=O)C2=C1,NS(=O)(=O)c1cc2c(cc1Cl)N=CNS2(=O)=O,True,295.72900000000004,True
JCBQCKFFSPGEDY-UHFFFAOYSA-N,2348,quinupramine,C1CN2CCC1C(C2)N1C2=C(CCC3=C1C=CC=C3)C=CC=C2,c1ccc2c(c1)CCc1ccccc1N2C1CN2CCC1CC2,True,304.43699999999995,False
JCCNYMKQOSZNPW-UHFFFAOYSA-N,1605,loratadine,CCOC(=O)N1CCC(CC1)=C1C2=CC=C(Cl)C=C2CCC2=C1N=CC=C2,CCOC(=O)N1CCC(=C2c3ccc(Cl)cc3CCc3cccnc32)CC1,True,382.89100000000013,True
JCKYGMPEJWAADB-UHFFFAOYSA-N,588,chlorambucil,OC(=O)CCCC1=CC=C(C=C1)N(CCCl)CCCl,O=C(O)CCCc1ccc(N(CCCl)CCCl)cc1,True,304.217,False
JCLHQFUTFHUXNN-UHFFFAOYSA-N,1091,ethyl biscoumacetate,CCOC(=O)C(C1=C(O)C2=CC=CC=C2OC1=O)C1=C(O)C2=CC=CC=C2OC1=O,CCOC(=O)C(c1c(O)c2ccccc2oc1=O)c1c(O)c2ccccc2oc1=O,True,408.36200000000014,False
JCYZMTMYPZHVBF-UHFFFAOYSA-N,3336,melarsoprol,NC1=NC(NC2=CC=C(C=C2)[As]2SCC(CO)S2)=NC(N)=N1,Nc1nc(N)nc(Nc2ccc([As]3SCC(CO)S3)cc2)n1,True,398.34900000000016,False
JEECQCWWSTZDCK-IQZGDKDPSA-N,5299,omadacycline,CN(C)[C@H]1[C@@H]2C[C@@H]3CC4=C(C(O)=C(CNCC(C)(C)C)C=C4N(C)C)C(=O)C3=C(O)[C@]2(O)C(=O)C(C(N)=O)=C1O,CN(C)c1cc(CNCC(C)(C)C)c(O)c2c1C[C@H]1C[C@H]3[C@H](N(C)C)C(O)=C(C(N)=O)C(=O)[C@@]3(O)C(O)=C1C2=O,True,556.6600000000003,False
JENBDJGHNIOHAJ-UHFFFAOYSA-N,4062,tinazoline,C1CN=C(N1)SC1=CNC2=C1C=CC=C2,c1ccc2c(SC3=NCCN3)c[nH]c2c1,True,217.297,False
JFIOVJDNOJYLKP-UHFFFAOYSA-N,3032,bithionol,OC1=C(SC2=C(O)C(Cl)=CC(Cl)=C2)C=C(Cl)C=C1Cl,Oc1c(Cl)cc(Cl)cc1Sc1cc(Cl)cc(Cl)c1O,True,356.05700000000013,False
JFJZZMVDLULRGK-URLMMPGGSA-O,2781,tubocurarine,COC1=CC2=C3C=C1OC1=CC(C[C@@H]4C5=C(OC6=CC=C(C[C@@H]3N(C)CC2)C=C6)C(O)=C(OC)C=C5CC[N+]4(C)C)=CC=C1O,COc1cc2c3cc1Oc1cc(ccc1O)C[C@@H]1c4c(cc(OC)c(O)c4Oc4ccc(cc4)C[C@@H]3N(C)CC2)CC[N+]1(C)C,True,609.7430000000003,False
JGMOKGBVKVMRFX-HQZYFCCVSA-N,975,dydrogesterone,CC(=O)[C@H]1CC[C@H]2[C@@H]3C=CC4=CC(=O)CC[C@@]4(C)[C@@H]3CC[C@]12C,CC(=O)[C@H]1CC[C@H]2[C@@H]3C=CC4=CC(=O)CC[C@@]4(C)[C@@H]3CC[C@]12C,True,312.4530000000001,False
JGPMMRGNQUBGND-UHFFFAOYSA-N,1416,idebenone,COC1=C(OC)C(=O)C(CCCCCCCCCCO)=C(C)C1=O,COC1=C(OC)C(=O)C(CCCCCCCCCCO)=C(C)C1=O,True,338.444,True
JGSARLDLIJGVTE-MBNYWOFBSA-N,2082,benzylpenicillin,CC1(C)S[C@@H]2[C@H](NC(=O)CC3=CC=CC=C3)C(=O)N2[C@H]1C(O)=O,CC1(C)S[C@@H]2[C@H](NC(=O)Cc3ccccc3)C(=O)N2[C@H]1C(=O)O,True,334.39700000000005,True
JGWRKYUXBBNENE-UHFFFAOYSA-N,5343,pexidartinib,FC(F)(F)C1=CC=C(CNC2=NC=C(CC3=CNC4=NC=C(Cl)C=C34)C=C2)C=N1,FC(F)(F)c1ccc(CNc2ccc(Cc3c[nH]c4ncc(Cl)cc34)cn2)cn1,True,417.8220000000001,False
JICJBGPOMZQUBB-UHFFFAOYSA-N,2650,tianeptine,CN1C2=CC=CC=C2C(NCCCCCCC(O)=O)C2=CC=C(Cl)C=C2S1(=O)=O,CN1c2ccccc2C(NCCCCCCC(=O)O)c2ccc(Cl)cc2S1(=O)=O,True,436.96100000000007,True
JIVPVXMEBJLZRO-UHFFFAOYSA-N,625,chlortalidone,NS(=O)(=O)C1=CC(=CC=C1Cl)C1(O)NC(=O)C2=CC=CC=C12,NS(=O)(=O)c1cc(C2(O)NC(=O)c3ccccc32)ccc1Cl,True,338.7720000000001,False
JIVZKJJQOZQXQB-UHFFFAOYSA-N,2695,tolazoline,C(C1=NCCN1)C1=CC=CC=C1,c1ccc(CC2=NCCN2)cc1,True,160.22,False
JJCFRYNCJDLXIK-UHFFFAOYSA-N,765,cyproheptadine,CN1CCC(CC1)=C1C2=CC=CC=C2C=CC2=C1C=CC=C2,CN1CCC(=C2c3ccccc3C=Cc3ccccc32)CC1,True,287.406,False
JKOQGQFVAUAYPM-UHFFFAOYSA-N,156,amifostine,NCCCNCCSP(O)(O)=O,NCCCNCCSP(=O)(O)O,True,214.22699999999998,True
JLGKQTAYUIMGRK-UHFFFAOYSA-N,2434,sertaconazole,ClC1=CC(Cl)=C(C=C1)C(CN1C=CN=C1)OCC1=CSC2=C1C=CC=C2Cl,Clc1ccc(C(Cn2ccnc2)OCc2csc3c(Cl)cccc23)c(Cl)c1,True,437.7790000000002,False
JLICHNCFTLFZJN-UHFFFAOYSA-N,1706,meptazinol,CCC1(CCCCN(C)C1)C1=CC(O)=CC=C1,CCC1(c2cccc(O)c2)CCCCN(C)C1,True,233.35500000000002,False
JLKIGFTWXXRPMT-UHFFFAOYSA-N,2514,sulfamethoxazole,CC1=CC(NS(=O)(=O)C2=CC=C(N)C=C2)=NO1,Cc1cc(NS(=O)(=O)c2ccc(N)cc2)no1,True,253.28300000000002,True
JLPDBLFIVFSOCC-XYXFTTADSA-N,3399,oleandrin,CO[C@H]1C[C@H](O[C@H]2CC[C@@]3(C)[C@H](CC[C@@H]4[C@@H]3CC[C@]3(C)[C@H]([C@H](C[C@]43O)OC(C)=O)C3=CC(=O)OC3)C2)O[C@@H](C)[C@@H]1O,CO[C@H]1C[C@H](O[C@H]2CC[C@@]3(C)[C@H](CC[C@@H]4[C@@H]3CC[C@]3(C)[C@@H](C5=CC(=O)OC5)[C@@H](OC(C)=O)C[C@]43O)C2)O[C@@H](C)[C@@H]1O,True,576.7270000000004,False
JLRGJRBPOGGCBT-UHFFFAOYSA-N,2696,tolbutamide,CCCCNC(=O)NS(=O)(=O)C1=CC=C(C)C=C1,CCCCNC(=O)NS(=O)(=O)c1ccc(C)cc1,True,270.354,True
JMBQKKAJIKAWKF-UHFFFAOYSA-N,1313,glutethimide,CCC1(CCC(=O)NC1=O)C1=CC=CC=C1,CCC1(c2ccccc2)CCC(=O)NC1=O,True,217.268,True
JNMRHUJNCSQMMB-UHFFFAOYSA-N,2527,sulfathiazole,NC1=CC=C(C=C1)S(=O)(=O)NC1=NC=CS1,Nc1ccc(S(=O)(=O)Nc2nccs2)cc1,True,255.324,True
JNTOCHDNEULJHD-UHFFFAOYSA-N,2079,penciclovir,NC1=NC(=O)C2=C(N1)N(CCC(CO)CO)C=N2,Nc1nc(=O)c2ncn(CCC(CO)CO)c2[nH]1,True,253.26199999999997,False
JOAHPSVPXZTVEP-YXJHDRRASA-N,2601,terguride,CCN(CC)C(=O)N[C@H]1C[C@H]2[C@@H](CC3=CNC4=C3C2=CC=C4)N(C)C1,CCN(CC)C(=O)N[C@H]1C[C@@H]2c3cccc4[nH]cc(c34)C[C@H]2N(C)C1,True,340.47100000000006,True
JOATXPAWOHTVSZ-UHFFFAOYSA-N,569,celiprolol,CCN(CC)C(=O)NC1=CC(C(C)=O)=C(OCC(O)CNC(C)(C)C)C=C1,CCN(CC)C(=O)Nc1ccc(OCC(O)CNC(C)(C)C)c(C(C)=O)c1,True,379.5010000000001,True
JOFWLTCLBGQGBO-UHFFFAOYSA-N,2729,triazolam,CC1=NN=C2CN=C(C3=CC(Cl)=CC=C3N12)C1=C(Cl)C=CC=C1,Cc1nnc2n1-c1ccc(Cl)cc1C(c1ccccc1Cl)=NC2,True,343.21700000000004,True
JOLJIIDDOBNFHW-UHFFFAOYSA-N,3652,xanomeline,CCCCCCOC1=NSN=C1C1=CCCN(C)C1,CCCCCCOc1nsnc1C1=CCCN(C)C1,True,281.425,False
JOMHSQGEWSNUKU-UHFFFAOYSA-N,1000139,pipotiazine,CN(C)S(=O)(=O)C1=CC=C2SC3=CC=CC=C3N(CCCN3CCC(CCO)CC3)C2=C1,CN(C)S(=O)(=O)c1ccc2c(c1)N(CCCN1CCC(CCO)CC1)c1ccccc1S2,True,475.68000000000046,False
JOOXLOJCABQBSG-UHFFFAOYSA-N,5347,fedratinib,CC1=CN=C(NC2=CC=C(OCCN3CCCC3)C=C2)N=C1NC1=CC=CC(=C1)S(=O)(=O)NC(C)(C)C,Cc1cnc(Nc2ccc(OCCN3CCCC3)cc2)nc1Nc1cccc(S(=O)(=O)NC(C)(C)C)c1,True,524.6910000000001,True
JPAWFIIYTJQOKW-UHFFFAOYSA-N,1987,olprinone,CC1=C(C=C(C#N)C(=O)N1)C1=CN2C=CN=C2C=C1,Cc1[nH]c(=O)c(C#N)cc1-c1ccc2nccn2c1,True,250.26100000000002,False
JQSAYKKFZOSZGJ-UHFFFAOYSA-N,1595,lomerizine,COC1=C(OC)C(OC)=C(CN2CCN(CC2)C(C2=CC=C(F)C=C2)C2=CC=C(F)C=C2)C=C1,COc1ccc(CN2CCN(C(c3ccc(F)cc3)c3ccc(F)cc3)CC2)c(OC)c1OC,True,468.54400000000004,True
JQSHBVHOMNKWFT-DTORHVGOSA-N,2808,varenicline,C1[C@H]2CNC[C@@H]1C1=C2C=C2N=CC=NC2=C1,c1cnc2cc3c(cc2n1)[C@@H]1CNC[C@H]3C1,True,211.268,False
JRTIDHTUMYMPRU-UHFFFAOYSA-N,134,alpidem,CCCN(CCC)C(=O)CC1=C(N=C2C=CC(Cl)=CN12)C1=CC=C(Cl)C=C1,CCCN(CCC)C(=O)Cc1c(-c2ccc(Cl)cc2)nc2ccc(Cl)cn12,True,404.3410000000001,True
JRWZLRBJNMZMFE-UHFFFAOYSA-N,937,dobutamine,CC(CCC1=CC=C(O)C=C1)NCCC1=CC=C(O)C(O)=C1,CC(CCc1ccc(O)cc1)NCCc1ccc(O)c(O)c1,True,301.386,True
JSDRRTOADPPCHY-HSQYWUDLSA-N,2340,quinapril,CCOC(=O)[C@H](CCC1=CC=CC=C1)N[C@@H](C)C(=O)N1CC2=CC=CC=C2C[C@H]1C(O)=O,CCOC(=O)[C@H](CCc1ccccc1)N[C@@H](C)C(=O)N1Cc2ccccc2C[C@H]1C(=O)O,True,438.5240000000003,True
JSDXOWVAHXDYCU-VXSYNFHWSA-N,540,cefminox,CO[C@]1(NC(=O)CSC[C@@H](N)C(O)=O)[C@H]2SCC(CSC3=NN=NN3C)=C(N2C1=O)C(O)=O,CO[C@@]1(NC(=O)CSC[C@@H](N)C(=O)O)C(=O)N2C(C(=O)O)=C(CSc3nnnn3C)CS[C@@H]21,True,519.5870000000002,False
JSWZEAMFRNKZNL-UHFFFAOYSA-N,129,alosetron,CN1C2=C(C3=C1C=CC=C3)C(=O)N(CC1=C(C)N=CN1)CC2,Cc1nc[nH]c1CN1CCc2c(c3ccccc3n2C)C1=O,True,294.358,True
JSZILQVIPPROJI-UHFFFAOYSA-N,331,benzquinamide,CCN(CC)C(=O)C1CN2CCC3=C(C=C(OC)C(OC)=C3)C2CC1OC(C)=O,CCN(CC)C(=O)C1CN2CCc3cc(OC)c(OC)cc3C2CC1OC(C)=O,True,404.5070000000002,True
JTEGQNOMFQHVDC-NKWVEPMBSA-N,1539,lamivudine,NC1=NC(=O)N(C=C1)[C@@H]1CS[C@H](CO)O1,Nc1ccn([C@@H]2CS[C@H](CO)O2)c(=O)n1,True,229.26099999999997,True
JTIGKVIOEQASGT-UHFFFAOYSA-N,2311,proquazone,CC(C)N1C(=O)N=C(C2=CC=CC=C2)C2=CC=C(C)C=C12,Cc1ccc2c(-c3ccccc3)nc(=O)n(C(C)C)c2c1,True,278.355,True
JTJMJGYZQZDUJJ-UHFFFAOYSA-N,2121,phencyclidine,C1CCN(CC1)C1(CCCCC1)C1=CC=CC=C1,c1ccc(C2(N3CCCCC3)CCCCC2)cc1,True,243.39399999999998,True
JTLXCMOFVBXEKD-FOWTUZBSSA-N,1259,fursultiamine,C\C(N(CC1=C(N)N=C(C)N=C1)C=O)=C(\CCO)SSCC1CCCO1,C/C(=C(/CCO)SSCC1CCCO1)N(C=O)Cc1cnc(C)nc1N,True,398.5540000000002,False
JTNHOVZOOVVGHI-UHFFFAOYSA-N,5032,menadiol sodium diphosphate,CC1=C(OP(O)(O)=O)C2=CC=CC=C2C(OP(O)(O)=O)=C1,Cc1cc(OP(=O)(O)O)c2ccccc2c1OP(=O)(O)O,True,334.15700000000004,False
JTPUMZTWMWIVPA-UHFFFAOYSA-O,1500,isopropamide,CC(C)[N+](C)(CCC(C(N)=O)(C1=CC=CC=C1)C1=CC=CC=C1)C(C)C,CC(C)[N+](C)(CCC(C(N)=O)(c1ccccc1)c1ccccc1)C(C)C,True,353.5300000000001,True
JTVPZMFULRWINT-UHFFFAOYSA-N,2651,tiapride,CCN(CC)CCNC(=O)C1=C(OC)C=CC(=C1)S(C)(=O)=O,CCN(CC)CCNC(=O)c1cc(S(C)(=O)=O)ccc1OC,True,328.4340000000001,True
JTWOMNBEOCYFNV-NFFDBFGFSA-N,277,azlocillin,CC1(C)S[C@@H]2[C@H](NC(=O)[C@H](NC(=O)N3CCNC3=O)C3=CC=CC=C3)C(=O)N2[C@H]1C(O)=O,CC1(C)S[C@@H]2[C@H](NC(=O)[C@H](NC(=O)N3CCNC3=O)c3ccccc3)C(=O)N2[C@H]1C(=O)O,True,461.50000000000017,True
JURKNVYFZMSNLP-UHFFFAOYSA-N,751,cyclobenzaprine,CN(C)CCC=C1C2=CC=CC=C2C=CC2=C1C=CC=C2,CN(C)CCC=C1c2ccccc2C=Cc2ccccc21,True,275.395,True
JUUFBMODXQKSTD-UHFFFAOYSA-N,1215,flupirtine,CCOC(=O)NC1=C(N)N=C(NCC2=CC=C(F)C=C2)C=C1,CCOC(=O)Nc1ccc(NCc2ccc(F)cc2)nc1N,True,304.325,True
JUZNIMUFDBIJCM-ANEDZVCMSA-N,1046,ertapenem,C[C@@H](O)[C@@H]1[C@H]2[C@@H](C)C(S[C@@H]3CN[C@@H](C3)C(=O)NC3=CC(=CC=C3)C(O)=O)=C(N2C1=O)C(O)=O,C[C@@H](O)[C@H]1C(=O)N2C(C(=O)O)=C(S[C@@H]3CN[C@H](C(=O)Nc4cccc(C(=O)O)c4)C3)[C@H](C)[C@H]12,True,475.52300000000025,False
JVHXJTBJCFBINQ-ADAARDCZSA-N,4304,dapagliflozin,CCOC1=CC=C(CC2=C(Cl)C=CC(=C2)[C@@H]2O[C@H](CO)[C@@H](O)[C@H](O)[C@H]2O)C=C1,CCOc1ccc(Cc2cc([C@@H]3O[C@H](CO)[C@@H](O)[C@H](O)[C@H]3O)ccc2Cl)cc1,True,408.8780000000001,True
JWBOIMRXGHLCPP-UHFFFAOYSA-N,1820,mitotane,ClC(Cl)C(C1=CC=C(Cl)C=C1)C1=C(Cl)C=CC=C1,Clc1ccc(C(c2ccccc2Cl)C(Cl)Cl)cc1,True,320.04600000000005,True
JWCSIUVGFCSJCK-CAVRMKNVSA-N,1851,latamoxef,CO[C@]1(NC(=O)C(C(O)=O)C2=CC=C(O)C=C2)[C@H]2OCC(CSC3=NN=NN3C)=C(N2C1=O)C(O)=O,CO[C@@]1(NC(=O)C(C(=O)O)c2ccc(O)cc2)C(=O)N2C(C(=O)O)=C(CSc3nnnn3C)CO[C@@H]21,True,520.4800000000002,False
JWDYCNIAQWPBHD-UHFFFAOYSA-N,1691,mephenesin,CC1=C(OCC(O)CO)C=CC=C1,Cc1ccccc1OCC(O)CO,True,182.21900000000002,False
JWHAUXFOSRPERK-UHFFFAOYSA-N,2291,propafenone,CCCNCC(O)COC1=C(C=CC=C1)C(=O)CCC1=CC=CC=C1,CCCNCC(O)COc1ccccc1C(=O)CCc1ccccc1,True,341.4510000000001,True
JWNPDZNEKVCWMY-VQHVLOKHSA-N,5252,neratinib,CCOC1=CC2=NC=C(C#N)C(NC3=CC=C(OCC4=CC=CC=N4)C(Cl)=C3)=C2C=C1NC(=O)\C=C\CN(C)C,CCOc1cc2ncc(C#N)c(Nc3ccc(OCc4ccccn4)c(Cl)c3)c2cc1NC(=O)/C=C/CN(C)C,True,557.054,False
JWPGJSVJDAJRLW-UHFFFAOYSA-N,788,debrisoquine,NC(=N)N1CCC2=CC=CC=C2C1,N=C(N)N1CCc2ccccc2C1,True,175.23499999999999,False
JWZZKOKVBUJMES-UHFFFAOYSA-N,1499,isoprenaline,CC(C)NCC(O)C1=CC=C(O)C(O)=C1,CC(C)NCC(O)c1ccc(O)c(O)c1,True,211.261,True
JXDFEQONERDKSS-UHFFFAOYSA-N,357,betazole,NCCC1=NNC=C1,NCCc1cc[nH]n1,True,111.14799999999998,True
JXSJBGJIGXNWCI-UHFFFAOYSA-N,1626,malathion,CCOC(=O)CC(SP(=S)(OC)OC)C(=O)OCC,CCOC(=O)CC(SP(=S)(OC)OC)C(=O)OCC,True,330.3640000000001,False
JYGLAHSAISAEAL-UHFFFAOYSA-N,4450,diphenadione,O=C(C(C1=CC=CC=C1)C1=CC=CC=C1)C1C(=O)C2=C(C=CC=C2)C1=O,O=C1c2ccccc2C(=O)C1C(=O)C(c1ccccc1)c1ccccc1,True,340.37800000000004,False
JYGXADMDTFJGBT-VWUMJDOOSA-N,1388,hydrocortisone,C[C@]12C[C@H](O)[C@H]3[C@@H](CCC4=CC(=O)CC[C@]34C)[C@@H]1CC[C@]2(O)C(=O)CO,C[C@]12CCC(=O)C=C1CC[C@@H]1[C@@H]2[C@@H](O)C[C@@]2(C)[C@H]1CC[C@]2(O)C(=O)CO,True,362.4660000000002,True
JYJTVFIEFKZWCJ-UHFFFAOYSA-N,1864,nadifloxacin,CC1CCC2=C(N3CCC(O)CC3)C(F)=CC3=C2N1C=C(C(O)=O)C3=O,CC1CCc2c(N3CCC(O)CC3)c(F)cc3c(=O)c(C(=O)O)cn1c23,True,360.3850000000001,True
JYTNQNCOQXFQPK-MRXNPFEDSA-N,4881,suvorexant,C[C@@H]1CCN(CCN1C(=O)C1=CC(C)=CC=C1N1N=CC=N1)C1=NC2=C(O1)C=CC(Cl)=C2,Cc1ccc(-n2nccn2)c(C(=O)N2CCN(c3nc4cc(Cl)ccc4o3)CC[C@H]2C)c1,True,450.9300000000002,True
JZCPYUJPEARBJL-UHFFFAOYSA-N,4150,rimonabant,CC1=C(N(N=C1C(=O)NN1CCCCC1)C1=CC=C(Cl)C=C1Cl)C1=CC=C(Cl)C=C1,Cc1c(C(=O)NN2CCCCC2)nn(-c2ccc(Cl)cc2Cl)c1-c1ccc(Cl)cc1,True,463.79600000000005,True
JZFPYUNJRRFVQU-UHFFFAOYSA-N,1925,niflumic acid,OC(=O)C1=C(NC2=CC(=CC=C2)C(F)(F)F)N=CC=C1,O=C(O)c1cccnc1Nc1cccc(C(F)(F)F)c1,True,282.221,True
JZQKKSLKJUAGIC-UHFFFAOYSA-N,2176,pindolol,CC(C)NCC(O)COC1=CC=CC2=C1C=CN2,CC(C)NCC(O)COc1cccc2[nH]ccc12,True,248.32600000000002,True
JZRWCGZRTZMZEH-UHFFFAOYSA-N,2832,thiamine,CC1=C(CCO)SC=[N+]1CC1=CN=C(C)N=C1N,Cc1ncc(C[n+]2csc(CCO)c2C)c(N)n1,True,265.362,False
JZUFKLXOESDKRF-UHFFFAOYSA-N,1385,hydrochlorothiazide,NS(=O)(=O)C1=C(Cl)C=C2NCNS(=O)(=O)C2=C1,NS(=O)(=O)c1cc2c(cc1Cl)NCNS2(=O)=O,True,297.74500000000006,True
KAAZGXDPUNNEFN-UHFFFAOYSA-N,717,clotiapine,CN1CCN(CC1)C1=NC2=CC=CC=C2SC2=C1C=C(Cl)C=C2,CN1CCN(C2=Nc3ccccc3Sc3ccc(Cl)cc32)CC1,True,343.88300000000004,False
KASDHRXLYQOAKZ-XDSKOBMDSA-N,2168,pimecrolimus,CC[C@@H]1\C=C(C)\C[C@H](C)C[C@H](OC)[C@H]2O[C@](O)([C@H](C)C[C@@H]2OC)C(=O)C(=O)N2CCCC[C@H]2C(=O)O[C@@H]([C@H](C)[C@@H](O)CC1=O)C(\C)=C\[C@@H]1CC[C@H](Cl)[C@@H](C1)OC,CC[C@@H]1/C=C(\C)C[C@H](C)C[C@H](OC)[C@H]2O[C@@](O)(C(=O)C(=O)N3CCCC[C@H]3C(=O)O[C@H](/C(C)=C/[C@@H]3CC[C@H](Cl)[C@H](OC)C3)[C@H](C)[C@@H](O)CC1=O)[C@H](C)C[C@@H]2OC,True,810.4660000000001,False
KBAFPSLPKGSANY-UHFFFAOYSA-N,1870,naftidrofuryl,CCN(CC)CCOC(=O)C(CC1CCCO1)CC1=CC=CC2=CC=CC=C12,CCN(CC)CCOC(=O)C(Cc1cccc2ccccc12)CC1CCCO1,True,383.53200000000004,False
KBOPZPXVLCULAV-UHFFFAOYSA-N,1710,mesalazine,NC1=CC(C(O)=O)=C(O)C=C1,Nc1ccc(O)c(C(=O)O)c1,True,153.137,False
KBZOIRJILGZLEJ-LGYYRGKSSA-N,2810,vasopressin,N[C@H]1CSSC[C@H](NC(=O)[C@H](CC(N)=O)NC(=O)[C@H](CCC(N)=O)NC(=O)[C@H](CC2=CC=CC=C2)NC(=O)[C@H](CC2=CC=C(O)C=C2)NC1=O)C(=O)N1CCC[C@H]1C(=O)N[C@@H](CCCNC(N)=N)C(=O)NCC(N)=O,N=C(N)NCCC[C@H](NC(=O)[C@@H]1CCCN1C(=O)[C@@H]1CSSC[C@H](N)C(=O)N[C@@H](Cc2ccc(O)cc2)C(=O)N[C@@H](Cc2ccccc2)C(=O)N[C@@H](CCC(N)=O)C(=O)N[C@@H](CC(N)=O)C(=O)N1)C(=O)NCC(N)=O,True,1084.253,False
KCFYEAOKVJSACF-UHFFFAOYSA-N,4868,umifenovir,CCOC(=O)C1=C(CSC2=CC=CC=C2)N(C)C2=CC(Br)=C(O)C(CN(C)C)=C12,CCOC(=O)c1c(CSc2ccccc2)n(C)c2cc(Br)c(O)c(CN(C)C)c12,True,477.4240000000002,True
KCLANYCVBBTKTO-UHFFFAOYSA-N,2294,proparacaine,CCCOC1=C(N)C=C(C=C1)C(=O)OCCN(CC)CC,CCCOc1ccc(C(=O)OCCN(CC)CC)cc1N,True,294.39500000000004,True
KCXVZYZYPLLWCC-UHFFFAOYSA-N,987,edetic acid,OC(=O)CN(CCN(CC(O)=O)CC(O)=O)CC(O)=O,O=C(O)CN(CCN(CC(=O)O)CC(=O)O)CC(=O)O,True,292.244,True
KDGFLJKFZUIJMX-UHFFFAOYSA-N,4937,alectinib,CCC1=CC2=C(C=C1N1CCC(CC1)N1CCOCC1)C(C)(C)C1=C(C3=CC=C(C=C3N1)C#N)C2=O,CCc1cc2c(cc1N1CCC(N3CCOCC3)CC1)C(C)(C)c1[nH]c3cc(C#N)ccc3c1C2=O,True,482.62800000000027,False
KDYFGRWQOYBRFD-UHFFFAOYSA-N,2487,succinic acid,OC(=O)CCC(O)=O,O=C(O)CCC(=O)O,True,118.088,False
KEJCWVGMRLCZQQ-YJBYXUATSA-N,566,cefuroxime axetil,CO\N=C(/C(=O)N[C@H]1[C@H]2SCC(COC(N)=O)=C(N2C1=O)C(=O)OC(C)OC(C)=O)C1=CC=CO1,CO/N=C(\C(=O)N[C@@H]1C(=O)N2C(C(=O)OC(C)OC(C)=O)=C(COC(N)=O)CS[C@H]12)c1ccco1,True,510.4810000000003,False
KGFYHTZWPPHNLQ-AWEZNQCLSA-N,4182,rivaroxaban,ClC1=CC=C(S1)C(=O)NC[C@H]1CN(C(=O)O1)C1=CC=C(C=C1)N1CCOCC1=O,O=C(NC[C@H]1CN(c2ccc(N3CCOCC3=O)cc2)C(=O)O1)c1ccc(Cl)s1,True,435.88900000000024,False
KHOITXIGCFIULA-UHFFFAOYSA-N,375,bisacodyl,CC(=O)OC1=CC=C(C=C1)C(C1=CC=C(OC(C)=O)C=C1)C1=CC=CC=N1,CC(=O)Oc1ccc(C(c2ccc(OC(C)=O)cc2)c2ccccn2)cc1,True,361.39700000000005,False
KHPKQFYUPIUARC-UHFFFAOYSA-N,1618,lumiracoxib,CC1=CC(CC(O)=O)=C(NC2=C(Cl)C=CC=C2F)C=C1,Cc1ccc(Nc2c(F)cccc2Cl)c(CC(=O)O)c1,True,293.725,False
KJADKKWYZYXHBB-XBWDGYHZSA-N,2706,topiramate,CC1(C)O[C@@H]2CO[C@@]3(COS(N)(=O)=O)OC(C)(C)O[C@H]3[C@@H]2O1,CC1(C)O[C@@H]2[C@@H](CO[C@@]3(COS(N)(=O)=O)OC(C)(C)O[C@@H]23)O1,True,339.3660000000001,True
KJAMZCVTJDTESW-UHFFFAOYSA-N,2679,tiracizine,CCOC(=O)NC1=CC=C2CCC3=C(C=CC=C3)N(C(=O)CN(C)C)C2=C1,CCOC(=O)Nc1ccc2c(c1)N(C(=O)CN(C)C)c1ccccc1CC2,True,367.4490000000001,False
KJEBULYHNRNJTE-DHZHZOJOSA-N,642,cilnidipine,COCCOC(=O)C1=C(C)NC(C)=C(C1C1=CC(=CC=C1)[N+]([O-])=O)C(=O)OC\C=C\C1=CC=CC=C1,COCCOC(=O)C1=C(C)NC(C)=C(C(=O)OC/C=C/c2ccccc2)C1c1cccc([N+](=O)[O-])c1,True,492.52800000000025,True
KJHKTHWMRKYKJE-SUGCFTRWSA-N,1601,lopinavir,CC(C)[C@H](N1CCCNC1=O)C(=O)N[C@H](C[C@H](O)[C@H](CC1=CC=CC=C1)NC(=O)COC1=C(C)C=CC=C1C)CC1=CC=CC=C1,Cc1cccc(C)c1OCC(=O)N[C@@H](Cc1ccccc1)[C@@H](O)C[C@H](Cc1ccccc1)NC(=O)[C@H](C(C)C)N1CCCNC1=O,True,628.8140000000002,True
KJONHKAYOJNZEC-UHFFFAOYSA-N,1945,nitrazepam,[O-][N+](=O)C1=CC=C2NC(=O)CN=C(C3=CC=CC=C3)C2=C1,O=C1CN=C(c2ccccc2)c2cc([N+](=O)[O-])ccc2N1,True,281.271,True
KKZJGLLVHKMTCM-UHFFFAOYSA-N,1821,mitoxantrone,OCCNCCNC1=CC=C(NCCNCCO)C2=C1C(=O)C1=C(O)C=CC(O)=C1C2=O,O=C1c2c(O)ccc(O)c2C(=O)c2c(NCCNCCO)ccc(NCCNCCO)c21,True,444.4880000000002,True
KLBQZWRITKRQQV-UHFFFAOYSA-N,2637,thioridazine,CSC1=CC=C2SC3=CC=CC=C3N(CCC3CCCCN3C)C2=C1,CSc1ccc2c(c1)N(CCC1CCCCN1C)c1ccccc1S2,True,370.5870000000002,True
KLOHYVOVXOUKQI-UHFFFAOYSA-N,2617,thenalidine,CN1CCC(CC1)N(CC1=CC=CS1)C1=CC=CC=C1,CN1CCC(N(Cc2cccs2)c2ccccc2)CC1,True,286.444,False
KLPWJLBORRMFGK-UHFFFAOYSA-N,1830,molindone,CCC1=C(C)NC2=C1C(=O)C(CN1CCOCC1)CC2,CCc1c(C)[nH]c2c1C(=O)C(CN1CCOCC1)CC2,True,276.38,True
KLZWOWYOHUKJIG-BPUTZDHNSA-N,1424,imidapril,CCOC(=O)[C@H](CCC1=CC=CC=C1)N[C@@H](C)C(=O)N1[C@@H](CN(C)C1=O)C(O)=O,CCOC(=O)[C@H](CCc1ccccc1)N[C@@H](C)C(=O)N1C(=O)N(C)C[C@H]1C(=O)O,True,405.45100000000025,False
KMZQAVXSMUKBPD-DJWKRKHSSA-N,1537,lafutidine,O=C(CS(=O)CC1=CC=CO1)NC\C=C/COC1=NC=CC(CN2CCCCC2)=C1,O=C(CS(=O)Cc1ccco1)NC/C=C\COc1cc(CN2CCCCC2)ccn1,True,431.55800000000033,True
KNAHARQHSZJURB-UHFFFAOYSA-N,2308,propylthiouracil,CCCC1=CC(=O)NC(=S)N1,CCCc1cc(=O)[nH]c(=S)[nH]1,True,170.237,True
KNHUKKLJHYUCFP-UHFFFAOYSA-N,694,clofibrate,CCOC(=O)C(C)(C)OC1=CC=C(Cl)C=C1,CCOC(=O)C(C)(C)Oc1ccc(Cl)cc1,True,242.702,True
KOHIRBRYDXPAMZ-UHFFFAOYSA-N,1887,nebivolol,OC(CNCC(O)C1CCC2=CC(F)=CC=C2O1)C1CCC2=CC(F)=CC=C2O1,OC(CNCC(O)C1CCc2cc(F)ccc2O1)C1CCc2cc(F)ccc2O1,True,405.44100000000014,True
KORNTPPJEAJQIU-KJXAQDMKSA-N,460,cabergoline,CCNC(=O)N(CCCN(C)C)C(=O)[C@@H]1C[C@H]2[C@@H](CC3=CNC4=CC=CC2=C34)N(CC=C)C1,C=CCN1C[C@H](C(=O)N(CCCN(C)C)C(=O)NCC)C[C@@H]2c3cccc4[nH]cc(c34)C[C@H]21,True,451.61500000000024,True
KPSRODZRAIWAKH-UHFFFAOYSA-N,658,ciprofibrate,CC(C)(OC1=CC=C(C=C1)C1CC1(Cl)Cl)C(O)=O,CC(C)(Oc1ccc(C2CC2(Cl)Cl)cc1)C(=O)O,True,289.158,True
KPWSJANDNDDRMB-QAQDUYKDSA-N,5037,cariprazine,CN(C)C(=O)N[C@H]1CC[C@H](CCN2CCN(CC2)C2=C(Cl)C(Cl)=CC=C2)CC1,CN(C)C(=O)N[C@H]1CC[C@H](CCN2CCN(c3cccc(Cl)c3Cl)CC2)CC1,True,427.4200000000001,False
KPYSYYIEGFHWSV-UHFFFAOYSA-N,282,baclofen,NCC(CC(O)=O)C1=CC=C(Cl)C=C1,NCC(CC(=O)O)c1ccc(Cl)cc1,True,213.664,True
KQKPFRSPSRPDEB-UHFFFAOYSA-N,2543,sumatriptan,CNS(=O)(=O)CC1=CC2=C(NC=C2CCN(C)C)C=C1,CNS(=O)(=O)Cc1ccc2[nH]cc(CCN(C)C)c2c1,True,295.408,True
KRKNYBCHXYNGOX-UHFFFAOYSA-N,666,citric acid,OC(=O)CC(O)(CC(O)=O)C(O)=O,O=C(O)CC(O)(CC(=O)O)C(=O)O,True,192.123,False
KRMDCWKBEZIMAB-UHFFFAOYSA-N,180,amitriptyline,CN(C)CCC=C1C2=CC=CC=C2CCC2=C1C=CC=C2,CN(C)CCC=C1c2ccccc2CCc2ccccc21,True,277.41099999999994,True
KSCFJBIXMNOVSH-UHFFFAOYSA-N,976,diprophylline,CN1C2=C(N(CC(O)CO)C=N2)C(=O)N(C)C1=O,Cn1c(=O)c2c(ncn2CC(O)CO)n(C)c1=O,True,254.24599999999998,False
KSGXQBZTULBEEQ-UHFFFAOYSA-N,776,dabigatran etexilate,CCCCCCOC(=O)NC(=N)C1=CC=C(NCC2=NC3=CC(=CC=C3N2C)C(=O)N(CCC(=O)OCC)C2=NC=CC=C2)C=C1,CCCCCCOC(=O)NC(=N)c1ccc(NCc2nc3cc(C(=O)N(CCC(=O)OCC)c4ccccn4)ccc3n2C)cc1,True,627.7460000000003,False
KSMAGQUYOIHWFS-UHFFFAOYSA-N,1593,lofexidine,CC(OC1=C(Cl)C=CC=C1Cl)C1=NCCN1,CC(Oc1c(Cl)cccc1Cl)C1=NCCN1,True,259.13599999999997,True
KTEIFNKAUNYNJU-GFCCVEGCSA-N,4187,crizotinib,C[C@@H](OC1=C(N)N=CC(=C1)C1=CN(N=C1)C1CCNCC1)C1=C(Cl)C=CC(F)=C1Cl,C[C@@H](Oc1cc(-c2cnn(C3CCNCC3)c2)cnc1N)c1c(Cl)ccc(F)c1Cl,True,450.34500000000014,False
KUCQYCKVKVOKAY-CTYIDZIISA-N,258,atovaquone,OC1=C([C@H]2CC[C@@H](CC2)C2=CC=C(Cl)C=C2)C(=O)C2=CC=CC=C2C1=O,O=C1C(O)=C([C@H]2CC[C@H](c3ccc(Cl)cc3)CC2)C(=O)c2ccccc21,True,366.84400000000016,True
KVEZIRCKNOTGKY-UHFFFAOYSA-N,3597,thiazosulfone,NC1=NC=C(S1)S(=O)(=O)C1=CC=C(N)C=C1,Nc1ccc(S(=O)(=O)c2cnc(N)s2)cc1,True,255.324,False
KVHHQGIIZCJATJ-UHFFFAOYSA-N,686,clobutinol,CC(CN(C)C)C(C)(O)CC1=CC=C(Cl)C=C1,CC(CN(C)C)C(C)(O)Cc1ccc(Cl)cc1,True,255.789,True
KVWDHTXUZHCGIO-UHFFFAOYSA-N,1982,olanzapine,CN1CCN(CC1)C1=NC2=CC=CC=C2NC2=C1C=C(C)S2,Cc1cc2c(s1)Nc1ccccc1N=C2N1CCN(C)CC1,True,312.44200000000006,True
KWGRBVOPPLSCSI-WCBMZHEXSA-N,2326,pseudoephedrine,CN[C@@H](C)[C@@H](O)C1=CC=CC=C1,CN[C@@H](C)[C@@H](O)c1ccccc1,True,165.236,True
KWGRBVOPPLSCSI-WPRPVWTQSA-N,1024,ephedrine,CN[C@@H](C)[C@H](O)C1=CC=CC=C1,CN[C@@H](C)[C@H](O)c1ccccc1,True,165.236,True
KWTSXDURSIMDCE-UHFFFAOYSA-N,195,amfetamine,CC(N)CC1=CC=CC=C1,CC(N)Cc1ccccc1,True,135.20999999999998,True
KXGCNMMJRFDFNR-WDRJZQOASA-N,4622,linaclotide,C[C@@H](O)[C@@H]1NC(=O)[C@@H]2CSSC[C@@H]3NC(=O)[C@@H](N)CSSC[C@H](NC(=O)[C@H](CSSC[C@H](NC(=O)CNC1=O)C(=O)N[C@@H](CC1=CC=C(O)C=C1)C(O)=O)NC(=O)[C@H](CC1=CC=C(O)C=C1)NC(=O)[C@H](CCC(O)=O)NC3=O)C(=O)N[C@@H](CC(N)=O)C(=O)N1CCC[C@H]1C(=O)N[C@@H](C)C(=O)N2,C[C@@H]1NC(=O)[C@@H]2CCCN2C(=O)[C@H](CC(N)=O)NC(=O)[C@@H]2CSSC[C@H](N)C(=O)N[C@H]3CSSC[C@H](NC1=O)C(=O)N[C@@H]([C@@H](C)O)C(=O)NCC(=O)N[C@H](C(=O)N[C@@H](Cc1ccc(O)cc1)C(=O)O)CSSC[C@H](NC(=O)[C@H](Cc1ccc(O)cc1)NC(=O)[C@H](CCC(=O)O)NC3=O)C(=O)N2,True,1526.7670000000007,False
KXGVEGMKQFWNSR-LLQZFEROSA-N,4988,deoxycholic acid,C[C@H](CCC(O)=O)[C@H]1CC[C@H]2[C@@H]3CC[C@@H]4C[C@H](O)CC[C@]4(C)[C@H]3C[C@H](O)[C@]12C,C[C@H](CCC(=O)O)[C@H]1CC[C@H]2[C@@H]3CC[C@@H]4C[C@H](O)CC[C@]4(C)[C@H]3C[C@H](O)[C@]12C,True,392.58000000000015,False
KXRZBTAEDBELFD-UHFFFAOYSA-N,2517,sulfalene,COC1=NC=CN=C1NS(=O)(=O)C1=CC=C(N)C=C1,COc1nccnc1NS(=O)(=O)c1ccc(N)cc1,True,280.30899999999997,False
KYAKGJDISSNVPZ-UHFFFAOYSA-N,1108,etofylline clofibrate,CN1C2=C(N(CCOC(=O)C(C)(C)OC3=CC=C(Cl)C=C3)C=N2)C(=O)N(C)C1=O,Cn1c(=O)c2c(ncn2CCOC(=O)C(C)(C)Oc2ccc(Cl)cc2)n(C)c1=O,True,420.8530000000001,True
KYGZCKSPAKDVKC-UHFFFAOYSA-N,2024,oxolinic acid,CCN1C=C(C(O)=O)C(=O)C2=C1C=C1OCOC1=C2,CCn1cc(C(=O)O)c(=O)c2cc3c(cc21)OCO3,True,261.23299999999995,False
KYHFRCPLIGODFH-UHFFFAOYSA-N,2380,rilmazafone,CN(C)C(=O)C1=NN(C(CNC(=O)CN)=N1)C1=C(C=C(Cl)C=C1)C(=O)C1=C(Cl)C=CC=C1,CN(C)C(=O)c1nc(CNC(=O)CN)n(-c2ccc(Cl)cc2C(=O)c2ccccc2Cl)n1,True,475.3360000000001,False
KYHQZNGJUGFTGR-UHFFFAOYSA-N,2323,proxyphylline,CC(O)CN1C=NC2=C1C(=O)N(C)C(=O)N2C,CC(O)Cn1cnc2c1c(=O)n(C)c(=O)n2C,True,238.24699999999999,False
KYLIZBIRMBGUOP-UHFFFAOYSA-N,218,anethole trithione,COC1=CC=C(C=C1)C1=CC(=S)SS1,COc1ccc(-c2cc(=S)ss2)cc1,True,240.374,True
KYWCWBXGRWWINE-UHFFFAOYSA-N,2161,picotamide,COC1=C(C=C(C=C1)C(=O)NCC1=CN=CC=C1)C(=O)NCC1=CN=CC=C1,COc1ccc(C(=O)NCc2cccnc2)cc1C(=O)NCc1cccnc1,True,376.41600000000005,False
KYYIDSXMWOZKMP-UHFFFAOYSA-N,4380,desvenlafaxine,CN(C)CC(C1=CC=C(O)C=C1)C1(O)CCCCC1,CN(C)CC(c1ccc(O)cc1)C1(O)CCCCC1,True,263.381,False
KZJWDPNRJALLNS-VJSFXXLFSA-N,2451,sitosterol,CC[C@H](CC[C@@H](C)[C@H]1CC[C@H]2[C@@H]3CC=C4C[C@@H](O)CC[C@]4(C)[C@H]3CC[C@]12C)C(C)C,CC[C@H](CC[C@@H](C)[C@H]1CC[C@H]2[C@@H]3CC=C4C[C@@H](O)CC[C@]4(C)[C@H]3CC[C@]12C)C(C)C,True,414.7180000000003,True
LBHIOVVIQHSOQN-UHFFFAOYSA-N,1919,nicorandil,[O-][N+](=O)OCCNC(=O)C1=CN=CC=C1,O=C(NCCO[N+](=O)[O-])c1cccnc1,True,211.17700000000002,True
LBHLFPGPEGDCJG-UHFFFAOYSA-N,3578,tafenoquine,COC1=NC2=C(NC(C)CCCN)C=C(OC)C(OC3=CC(=CC=C3)C(F)(F)F)=C2C(C)=C1,COc1cc(C)c2c(Oc3cccc(C(F)(F)F)c3)c(OC)cc(NC(C)CCCN)c2n1,True,463.5000000000001,False
LBXHRAWDUMTPSE-AOOOYVTPSA-N,706,clopamide,C[C@H]1CCC[C@@H](C)N1NC(=O)C1=CC(=C(Cl)C=C1)S(N)(=O)=O,C[C@@H]1CCC[C@H](C)N1NC(=O)c1ccc(Cl)c(S(N)(=O)=O)c1,True,345.8520000000001,True
LCQLHJZYVOQKHU-VKHMYHEASA-N,3068,carglumic acid,NC(=O)N[C@@H](CCC(O)=O)C(O)=O,NC(=O)N[C@@H](CCC(=O)O)C(=O)O,True,190.155,False
LCTZPQRFOZKZNK-UHFFFAOYSA-N,915,diphemanil,C[N+]1(C)CCC(CC1)=C(C1=CC=CC=C1)C1=CC=CC=C1,C[N+]1(C)CCC(=C(c2ccccc2)c2ccccc2)CC1,True,278.41900000000004,True
LDCRTTXIJACKKU-ONEGZZNKSA-N,4757,dimethyl fumarate,COC(=O)\C=C\C(=O)OC,COC(=O)/C=C/C(=O)OC,True,144.12599999999998,False
LDMWSLGGVTVJPG-UHFFFAOYSA-N,1812,minaprine,CC1=C(NCCN2CCOCC2)N=NC(=C1)C1=CC=CC=C1,Cc1cc(-c2ccccc2)nnc1NCCN1CCOCC1,True,298.39,True
LDXDSHIEDAPSSA-OAHLLOKOSA-N,2354,ramatroban,OC(=O)CCN1C2=C(C[C@@H](CC2)NS(=O)(=O)C2=CC=C(F)C=C2)C2=CC=CC=C12,O=C(O)CCn1c2c(c3ccccc31)C[C@H](NS(=O)(=O)c1ccc(F)cc1)CC2,True,416.4740000000001,True
LDXSPUSKBDTEKA-UHFFFAOYSA-N,4672,morniflumate,FC(F)(F)C1=CC=CC(NC2=C(C=CC=N2)C(=O)OCCN2CCOCC2)=C1,O=C(OCCN1CCOCC1)c1cccnc1Nc1cccc(C(F)(F)F)c1,True,395.3810000000003,True
LEBVLXFERQHONN-UHFFFAOYSA-N,432,bupivacaine,CCCCN1CCCCC1C(=O)NC1=C(C)C=CC=C1C,CCCCN1CCCCC1C(=O)Nc1c(C)cccc1C,True,288.43500000000006,False
LEVWYRKDKASIDU-IMJSIDKUSA-N,4130,cystine,N[C@@H](CSSC[C@H](N)C(O)=O)C(O)=O,N[C@@H](CSSC[C@H](N)C(=O)O)C(=O)O,True,240.306,False
LEZWWPYKPKIXLL-UHFFFAOYSA-N,983,econazole,ClC1=CC=C(COC(CN2C=CN=C2)C2=C(Cl)C=C(Cl)C=C2)C=C1,Clc1ccc(COC(Cn2ccnc2)c2ccc(Cl)cc2Cl)cc1,True,381.69000000000005,True
LFQDNHWZDQTITF-UHFFFAOYSA-N,4877,tavaborole,OB1OCC2=C1C=CC(F)=C2,OB1OCc2cc(F)ccc21,True,151.933,False
LGLFFNDHMLKUMI-UHFFFAOYSA-N,4138,gentian violet,CN(C)C1=CC=C(C=C1)C(C1=CC=C(C=C1)N(C)C)=C1C=CC(C=C1)=[N+](C)C,CN(C)c1ccc(C(=C2C=CC(=[N+](C)C)C=C2)c2ccc(N(C)C)cc2)cc1,True,372.53600000000006,False
LHHCSNFAOIFYRV-DOVBMPENSA-N,4172,boceprevir,CC(C)(C)NC(=O)N[C@H](C(=O)N1C[C@H]2[C@@H]([C@H]1C(=O)NC(CC1CCC1)C(=O)C(N)=O)C2(C)C)C(C)(C)C,CC(C)(C)NC(=O)N[C@H](C(=O)N1C[C@H]2[C@@H]([C@H]1C(=O)NC(CC1CCC1)C(=O)C(N)=O)C2(C)C)C(C)(C)C,True,519.6870000000004,False
LJOQGZACKSYWCH-WZBLMQSHSA-N,4570,hydroquinine,CC[C@H]1C[N@@]2CC[C@H]1C[C@H]2[C@H](O)C1=CC=NC2=CC=C(OC)C=C12,CC[C@H]1C[N@@]2CC[C@H]1C[C@H]2[C@H](O)c1ccnc2ccc(OC)cc12,True,326.4400000000001,False
LJVAJPDWBABPEJ-PNUFFHFMSA-N,2581,telithromycin,CC[C@H]1OC(=O)[C@H](C)C(=O)[C@H](C)[C@@H](O[C@@H]2O[C@H](C)C[C@@H]([C@H]2O)N(C)C)[C@@](C)(C[C@@H](C)C(=O)[C@H](C)[C@H]2N(CCCCN3C=NC(=C3)C3=CN=CC=C3)C(=O)O[C@]12C)OC,CC[C@H]1OC(=O)[C@H](C)C(=O)[C@H](C)[C@@H](O[C@@H]2O[C@H](C)C[C@H](N(C)C)[C@H]2O)[C@](C)(OC)C[C@@H](C)C(=O)[C@H](C)[C@H]2N(CCCCn3cnc(-c4cccnc4)c3)C(=O)O[C@]12C,True,812.0179999999998,False
LKCWBDHBTVXHDL-RMDFUYIESA-N,157,amikacin,NCC[C@H](O)C(=O)N[C@@H]1C[C@H](N)[C@@H](O[C@H]2O[C@H](CN)[C@@H](O)[C@H](O)[C@H]2O)[C@H](O)[C@H]1O[C@H]1O[C@H](CO)[C@@H](O)[C@H](N)[C@H]1O,NCC[C@H](O)C(=O)N[C@@H]1C[C@H](N)[C@@H](O[C@H]2O[C@H](CN)[C@@H](O)[C@H](O)[C@H]2O)[C@H](O)[C@H]1O[C@H]1O[C@H](CO)[C@@H](O)[C@H](N)[C@H]1O,True,585.6080000000002,True
LKDRXBCSQODPBY-VRPWFDPXSA-N,1252,fructose,OCC1(O)OC[C@@H](O)[C@@H](O)[C@@H]1O,OCC1(O)OC[C@@H](O)[C@@H](O)[C@@H]1O,True,180.156,False
LKJPYSCBVHEWIU-UHFFFAOYSA-N,367,bicalutamide,CC(O)(CS(=O)(=O)C1=CC=C(F)C=C1)C(=O)NC1=CC(=C(C=C1)C#N)C(F)(F)F,CC(O)(CS(=O)(=O)c1ccc(F)cc1)C(=O)Nc1ccc(C#N)c(C(F)(F)F)c1,True,430.3790000000001,True
LLJFMFZYVVLQKT-UHFFFAOYSA-N,1302,gliquidone,COC1=CC=C2C(=C1)C(=O)N(CCC1=CC=C(C=C1)S(=O)(=O)NC(=O)NC1CCCCC1)C(=O)C2(C)C,COc1ccc2c(c1)C(=O)N(CCc1ccc(S(=O)(=O)NC(=O)NC3CCCCC3)cc1)C(=O)C2(C)C,True,527.6430000000003,True
LMBWSYZSUOEYSN-UHFFFAOYSA-N,931,ditiocarb,CCN(CC)C(S)=S,CCN(CC)C(=S)S,True,149.284,False
LMEKQMALGUDUQG-UHFFFAOYSA-N,269,azathioprine,CN1C=NC(=C1SC1=NC=NC2=C1NC=N2)[N+]([O-])=O,Cn1cnc([N+](=O)[O-])c1Sc1ncnc2nc[nH]c12,True,277.26900000000006,True
LMJSLTNSBFUCMU-UHFFFAOYSA-N,2733,trichlormethiazide,NS(=O)(=O)C1=CC2=C(NC(NS2(=O)=O)C(Cl)Cl)C=C1Cl,NS(=O)(=O)c1cc2c(cc1Cl)NC(C(Cl)Cl)NS2(=O)=O,True,380.66200000000003,False
LMOINURANNBYCM-UHFFFAOYSA-N,1720,orciprenaline,CC(C)NCC(O)C1=CC(O)=CC(O)=C1,CC(C)NCC(O)c1cc(O)cc(O)c1,True,211.261,False
LNEPOXFFQSENCJ-UHFFFAOYSA-N,1353,haloperidol,OC1(CCN(CCCC(=O)C2=CC=C(F)C=C2)CC1)C1=CC=C(Cl)C=C1,O=C(CCCN1CCC(O)(c2ccc(Cl)cc2)CC1)c1ccc(F)cc1,True,375.8710000000001,True
LNPDTQAFDNKSHK-UHFFFAOYSA-N,2799,valdecoxib,CC1=C(C(=NO1)C1=CC=CC=C1)C1=CC=C(C=C1)S(N)(=O)=O,Cc1onc(-c2ccccc2)c1-c1ccc(S(N)(=O)=O)cc1,True,314.3660000000001,True
LORDFXWUHHSAQU-UHFFFAOYSA-N,2748,trimebutine,CCC(COC(=O)C1=CC(OC)=C(OC)C(OC)=C1)(N(C)C)C1=CC=CC=C1,CCC(COC(=O)c1cc(OC)c(OC)c(OC)c1)(c1ccccc1)N(C)C,True,387.47600000000006,True
LOUPRKONTZGTKE-WZBLMQSHSA-N,4523,quinine,COC1=CC=C2N=CC=C([C@@H](O)[C@@H]3C[C@@H]4CC[N@]3C[C@@H]4C=C)C2=C1,C=C[C@H]1C[N@@]2CC[C@H]1C[C@H]2[C@H](O)c1ccnc2ccc(OC)cc12,True,324.4240000000001,False
LOVMMUBRQUFEAH-UIEAZXIASA-N,5261,latanoprostene bunod,O[C@H](CC[C@H]1[C@H](O)C[C@H](O)[C@@H]1C\C=C/CCCC(=O)OCCCCO[N+]([O-])=O)CCC1=CC=CC=C1,O=C(CCC/C=C\C[C@@H]1[C@@H](CC[C@@H](O)CCc2ccccc2)[C@H](O)C[C@@H]1O)OCCCCO[N+](=O)[O-],True,507.62400000000036,False
LPEPZBJOKDYZAD-UHFFFAOYSA-N,1193,flufenamic acid,OC(=O)C1=C(NC2=CC(=CC=C2)C(F)(F)F)C=CC=C1,O=C(O)c1ccccc1Nc1cccc(C(F)(F)F)c1,True,281.233,False
LQBVNQSMGBZMKD-UHFFFAOYSA-N,5133,venetoclax,CC1(C)CCC(CN2CCN(CC2)C2=CC(OC3=CC4=C(NC=C4)N=C3)=C(C=C2)C(=O)NS(=O)(=O)C2=CC(=C(NCC3CCOCC3)C=C2)[N+]([O-])=O)=C(C1)C1=CC=C(Cl)C=C1,CC1(C)CCC(CN2CCN(c3ccc(C(=O)NS(=O)(=O)c4ccc(NCC5CCOCC5)c([N+](=O)[O-])c4)c(Oc4cnc5[nH]ccc5c4)c3)CC2)=C(c2ccc(Cl)cc2)C1,True,868.4569999999997,False
LQCLVBQBTUVCEQ-QTFUVMRISA-N,2769,troleandomycin,CO[C@H]1C[C@H](O[C@H]2[C@H](C)[C@@H](O[C@@H]3O[C@H](C)C[C@@H]([C@H]3OC(C)=O)N(C)C)[C@@H](C)C[C@@]3(CO3)C(=O)[C@H](C)[C@@H](OC(C)=O)[C@@H](C)[C@@H](C)OC(=O)[C@@H]2C)O[C@@H](C)[C@@H]1OC(C)=O,CO[C@H]1C[C@H](O[C@H]2[C@H](C)[C@@H](O[C@@H]3O[C@H](C)C[C@H](N(C)C)[C@H]3OC(C)=O)[C@@H](C)C[C@@]3(CO3)C(=O)[C@H](C)[C@@H](OC(C)=O)[C@@H](C)[C@@H](C)OC(=O)[C@@H]2C)O[C@@H](C)[C@@H]1OC(C)=O,True,813.9790000000003,True
LREQLEBVOXIEOM-UHFFFAOYSA-N,1361,heptaminol,CC(N)CCCC(C)(C)O,CC(N)CCCC(C)(C)O,True,145.24599999999998,False
LRJOMUJRLNCICJ-JZYPGELDSA-N,2247,prednisolone acetate,CC(=O)OCC(=O)[C@@]1(O)CC[C@H]2[C@@H]3CCC4=CC(=O)C=C[C@]4(C)[C@H]3[C@@H](O)C[C@]12C,CC(=O)OCC(=O)[C@@]1(O)CC[C@H]2[C@@H]3CCC4=CC(=O)C=C[C@]4(C)[C@H]3[C@@H](O)C[C@@]21C,True,402.48700000000014,False
LSLYOANBFKQKPT-UHFFFAOYSA-N,1155,fenoterol,CC(CC1=CC=C(O)C=C1)NCC(O)C1=CC(O)=CC(O)=C1,CC(Cc1ccc(O)cc1)NCC(O)c1cc(O)cc(O)c1,True,303.358,True
LSNWBKACGXCGAJ-UHFFFAOYSA-N,199,ampiroxicam,CCOC(=O)OC(C)OC1=C(N(C)S(=O)(=O)C2=CC=CC=C12)C(=O)NC1=CC=CC=N1,CCOC(=O)OC(C)OC1=C(C(=O)Nc2ccccn2)N(C)S(=O)(=O)c2ccccc21,True,447.4690000000001,True
LSQZJLSUYDQPKJ-NJBDSQKTSA-N,192,amoxicillin,CC1(C)S[C@@H]2[C@H](NC(=O)[C@H](N)C3=CC=C(O)C=C3)C(=O)N2[C@H]1C(O)=O,CC1(C)S[C@@H]2[C@H](NC(=O)[C@H](N)c3ccc(O)cc3)C(=O)N2[C@H]1C(=O)O,True,365.4110000000001,True
LTINZAODLRIQIX-FBXRGJNPSA-N,555,cefpodoxime proxetil,COCC1=C(N2[C@H](SC1)[C@H](NC(=O)C(=N/OC)\C1=CSC(N)=N1)C2=O)C(=O)OC(C)OC(=O)OC(C)C,COCC1=C(C(=O)OC(C)OC(=O)OC(C)C)N2C(=O)[C@@H](NC(=O)/C(=N\OC)c3csc(N)n3)[C@H]2SC1,True,557.6070000000002,False
LTMHDMANZUZIPE-PUGKRICDSA-N,882,digoxin,C[C@H]1O[C@H](C[C@H](O)[C@@H]1O)O[C@H]1[C@@H](O)C[C@H](O[C@H]2[C@@H](O)C[C@H](O[C@H]3CC[C@@]4(C)[C@H](CC[C@@H]5[C@@H]4C[C@@H](O)[C@]4(C)[C@H](CC[C@]54O)C4=CC(=O)OC4)C3)O[C@@H]2C)O[C@@H]1C,C[C@H]1O[C@@H](O[C@H]2[C@@H](O)C[C@H](O[C@H]3[C@@H](O)C[C@H](O[C@H]4CC[C@@]5(C)[C@H](CC[C@@H]6[C@@H]5C[C@@H](O)[C@]5(C)[C@@H](C7=CC(=O)OC7)CC[C@]65O)C4)O[C@@H]3C)O[C@@H]2C)C[C@H](O)[C@@H]1O,True,780.9490000000001,False
LTXREWYXXSTFRX-QGZVFWFLSA-N,4175,linagliptin,CC#CCN1C(=NC2=C1C(=O)N(CC1=NC3=CC=CC=C3C(C)=N1)C(=O)N2C)N1CCC[C@@H](N)C1,CC#CCn1c(N2CCC[C@@H](N)C2)nc2c1c(=O)n(Cc1nc(C)c3ccccc3n1)c(=O)n2C,True,472.55300000000034,True
LUALIOATIOESLM-UHFFFAOYSA-N,2107,periciazine,OC1CCN(CCCN2C3=CC=CC=C3SC3=CC=C(C=C23)C#N)CC1,N#Cc1ccc2c(c1)N(CCCN1CCC(O)CC1)c1ccccc1S2,True,365.5020000000002,False
LUBHDINQXIHVLS-UHFFFAOYSA-N,2704,tolrestat,COC1=CC=C2C(=CC=CC2=C1C(F)(F)F)C(=S)N(C)CC(O)=O,COc1ccc2c(C(=S)N(C)CC(=O)O)cccc2c1C(F)(F)F,True,357.35300000000007,False
LUZRJRNZXALNLM-JGRZULCMSA-N,888,dihydroergotamine,CN1C[C@@H](C[C@H]2[C@H]1CC1=CNC3=CC=CC2=C13)C(=O)N[C@]1(C)O[C@@]2(O)[C@@H]3CCCN3C(=O)[C@H](CC3=CC=CC=C3)N2C1=O,CN1C[C@H](C(=O)N[C@]2(C)O[C@@]3(O)[C@@H]4CCCN4C(=O)[C@H](Cc4ccccc4)N3C2=O)C[C@@H]2c3cccc4[nH]cc(c34)C[C@H]21,True,583.6890000000003,True
LVEXHFZHOIWIIP-UHFFFAOYSA-N,190,amosulalol,COC1=C(OCCNCC(O)C2=CC=C(C)C(=C2)S(N)(=O)=O)C=CC=C1,COc1ccccc1OCCNCC(O)c1ccc(C)c(S(N)(=O)=O)c1,True,380.46600000000007,True
LVWZTYCIRDMTEY-UHFFFAOYSA-N,4659,metamizole,CN(CS(O)(=O)=O)C1=C(C)N(C)N(C1=O)C1=CC=CC=C1,Cc1c(N(C)CS(=O)(=O)O)c(=O)n(-c2ccccc2)n1C,True,311.363,False
LVXJQMNHJWSHET-AATRIKPKSA-N,5297,dacomitinib,COC1=CC2=NC=NC(NC3=CC=C(F)C(Cl)=C3)=C2C=C1NC(=O)\C=C\CN1CCCCC1,COc1cc2ncnc(Nc3ccc(F)c(Cl)c3)c2cc1NC(=O)/C=C/CN1CCCCC1,True,469.9480000000004,False
LWAFSWPYPHEXKX-UHFFFAOYSA-N,520,carteolol,CC(C)(C)NCC(O)COC1=C2CCC(=O)NC2=CC=C1,CC(C)(C)NCC(O)COc1cccc2c1CCC(=O)N2,True,292.37899999999996,True
LWQQLNNNIPYSNX-UROSTWAQSA-N,465,calcipotriene,C[C@H](\C=C\[C@@H](O)C1CC1)[C@H]1CC[C@H]2\C(CCC[C@]12C)=C\C=C1\C[C@@H](O)C[C@H](O)C1=C,C=C1/C(=C\C=C2/CCC[C@]3(C)[C@@H]([C@H](C)/C=C/[C@@H](O)C4CC4)CC[C@@H]23)C[C@@H](O)C[C@@H]1O,True,412.61400000000015,True
LXBIFEVIBLOUGU-DPYQTVNSSA-N,5110,migalastat,OC[C@H]1NC[C@H](O)[C@@H](O)[C@H]1O,OC[C@H]1NC[C@H](O)[C@@H](O)[C@H]1O,True,163.173,False
LXCFILQKKLGQFO-UHFFFAOYSA-N,1766,methylparaben,COC(=O)C1=CC=C(O)C=C1,COC(=O)c1ccc(O)cc1,True,152.149,False
LXNHXLLTXMVWPM-UHFFFAOYSA-N,2836,pyridoxine,CC1=C(O)C(CO)=C(CO)C=N1,Cc1ncc(CO)c(CO)c1O,True,169.18,False
LZCDAPDGXCYOEH-UHFFFAOYSA-N,87,adapalene,COC1=CC=C(C=C1C12CC3CC(CC(C3)C1)C2)C1=CC=C2C=C(C=CC2=C1)C(O)=O,COc1ccc(-c2ccc3cc(C(=O)O)ccc3c2)cc1C12CC3CC(CC(C3)C1)C2,True,412.52900000000005,True
LZFZMUMEGBBDTC-QEJZJMRPSA-N,1006,enalaprilat,C[C@H](N[C@@H](CCC1=CC=CC=C1)C(O)=O)C(=O)N1CCC[C@H]1C(O)=O,C[C@H](N[C@@H](CCc1ccccc1)C(=O)O)C(=O)N1CCC[C@H]1C(=O)O,True,348.39900000000017,True
LZNWYQJJBLGYLT-UHFFFAOYSA-N,2595,tenoxicam,CN1C(C(=O)NC2=CC=CC=N2)=C(O)C2=C(C=CS2)S1(=O)=O,CN1C(C(=O)Nc2ccccn2)=C(O)c2sccc2S1(=O)=O,True,337.38200000000006,True
LZPZPHGJDAGEJZ-AKAIJSEGSA-N,2362,regadenoson,CNC(=O)C1=CN(N=C1)C1=NC(N)=C2N=CN([C@@H]3O[C@H](CO)[C@@H](O)[C@H]3O)C2=N1,CNC(=O)c1cnn(-c2nc(N)c3ncn([C@@H]4O[C@H](CO)[C@@H](O)[C@H]4O)c3n2)c1,True,390.3600000000001,False
MADRVGBADLFHMO-UHFFFAOYSA-N,1435,indeloxazine,C(OC1=CC=CC2=C1CC=C2)C1CNCCO1,C1=Cc2cccc(OCC3CNCCO3)c2C1,True,231.295,True
MAEIEVLCKWDQJH-UHFFFAOYSA-N,427,bumetanide,CCCCNC1=C(OC2=CC=CC=C2)C(=CC(=C1)C(O)=O)S(N)(=O)=O,CCCCNc1cc(C(=O)O)cc(S(N)(=O)=O)c1Oc1ccccc1,True,364.4230000000001,True
MBBCVAKAJPKAKM-UHFFFAOYSA-N,4721,lomitapide,FC(F)(F)CNC(=O)C1(CCCCN2CCC(CC2)NC(=O)C2=C(C=CC=C2)C2=CC=C(C=C2)C(F)(F)F)C2=CC=CC=C2C2=C1C=CC=C2,O=C(NC1CCN(CCCCC2(C(=O)NCC(F)(F)F)c3ccccc3-c3ccccc32)CC1)c1ccccc1-c1ccc(C(F)(F)F)cc1,True,693.7320000000002,False
MBGGBVCUIVRRBF-UHFFFAOYSA-N,2528,sulfinpyrazone,O=C1C(CCS(=O)C2=CC=CC=C2)C(=O)N(N1C1=CC=CC=C1)C1=CC=CC=C1,O=C1C(CCS(=O)c2ccccc2)C(=O)N(c2ccccc2)N1c1ccccc1,True,404.4910000000001,True
MBUVEWMHONZEQD-UHFFFAOYSA-N,271,azelastine,CN1CCCC(CC1)N1N=C(CC2=CC=C(Cl)C=C2)C2=C(C=CC=C2)C1=O,CN1CCCC(n2nc(Cc3ccc(Cl)cc3)c3ccccc3c2=O)CC1,True,381.9070000000001,False
MBWXNTAXLNYFJB-NKFFZRIASA-N,2843,phytomenadione,CC(C)CCC[C@@H](C)CCC[C@@H](C)CCC\C(C)=C\CC1=C(C)C(=O)C2=CC=CC=C2C1=O,CC1=C(C/C=C(\C)CCC[C@H](C)CCC[C@H](C)CCCC(C)C)C(=O)c2ccccc2C1=O,True,450.7070000000002,False
MCGSCOLBFJQGHM-SCZZXKLOSA-N,34,abacavir,NC1=NC(NC2CC2)=C2N=CN([C@@H]3C[C@H](CO)C=C3)C2=N1,Nc1nc(NC2CC2)c2ncn([C@H]3C=C[C@@H](CO)C3)c2n1,True,286.339,True
MCJGNVYPOGVAJF-UHFFFAOYSA-N,3290,oxyquinoline,OC1=CC=CC2=C1N=CC=C2,Oc1cccc2cccnc12,True,145.161,False
MDJFHRLTPRPZLY-UHFFFAOYSA-N,1938,nimorazole,[O-][N+](=O)C1=CN=CN1CCN1CCOCC1,O=[N+]([O-])c1cncn1CCN1CCOCC1,True,226.23599999999993,False
MDKGKXOCJGEUJW-UHFFFAOYSA-N,2546,suprofen,CC(C(O)=O)C1=CC=C(C=C1)C(=O)C1=CC=CS1,CC(C(=O)O)c1ccc(C(=O)c2cccs2)cc1,True,260.31399999999996,True
MDSQOJYHHZBZKA-GBXCKJPGSA-N,5214,telotristat ethyl,CCOC(=O)[C@@H](N)CC1=CC=C(C=C1)C1=NC(N)=NC(O[C@H](C2=C(C=C(Cl)C=C2)N2C=CC(C)=N2)C(F)(F)F)=C1,CCOC(=O)[C@@H](N)Cc1ccc(-c2cc(O[C@H](c3ccc(Cl)cc3-n3ccc(C)n3)C(F)(F)F)nc(N)n2)cc1,True,574.9910000000003,True
MECHNRXZTMCUDQ-RKHKHRCZSA-N,2838,ergocalciferol,CC(C)[C@@H](C)\C=C\[C@@H](C)[C@H]1CC[C@H]2\C(CCC[C@]12C)=C\C=C1\C[C@@H](O)CCC1=C,C=C1CC[C@H](O)C/C1=C/C=C1\CCC[C@]2(C)[C@@H]([C@H](C)/C=C/[C@H](C)C(C)C)CC[C@@H]12,True,396.65900000000016,False
METKIMKYRPQLGS-UHFFFAOYSA-N,255,atenolol,CC(C)NCC(O)COC1=CC=C(CC(N)=O)C=C1,CC(C)NCC(O)COc1ccc(CC(N)=O)cc1,True,266.34099999999995,True
METQSPRSQINEEU-HXCATZOESA-N,968,drospirenone,C[C@]12CC[C@H]3[C@@H]([C@H]4C[C@H]4C4=CC(=O)CC[C@]34C)[C@@H]1[C@@H]1C[C@@H]1[C@@]21CCC(=O)O1,C[C@]12CCC(=O)C=C1[C@@H]1C[C@@H]1[C@H]1[C@@H]3[C@@H]4C[C@@H]4[C@@]4(CCC(=O)O4)[C@@]3(C)CC[C@@H]12,True,366.50100000000015,True
MEZLKOACVSPNER-GFCCVEGCSA-N,2429,selegiline,C[C@H](CC1=CC=CC=C1)N(C)CC#C,C#CCN(C)[C@H](C)Cc1ccccc1,True,187.28599999999994,True
MEZZCSHVIGVWFI-UHFFFAOYSA-N,3159,dioxybenzone,COC1=CC(O)=C(C=C1)C(=O)C1=C(O)C=CC=C1,COc1ccc(C(=O)c2ccccc2O)c(O)c1,True,244.24599999999998,False
MFDFERRIHVXMIY-UHFFFAOYSA-N,2271,procaine,CCN(CC)CCOC(=O)C1=CC=C(N)C=C1,CCN(CC)CCOC(=O)c1ccc(N)cc1,True,236.315,True
MFFMDFFZMYYVKS-SECBINFHSA-N,2448,sitagliptin,N[C@@H](CC(=O)N1CCN2C(C1)=NN=C2C(F)(F)F)CC1=C(F)C=C(F)C(F)=C1,N[C@@H](CC(=O)N1CCn2c(nnc2C(F)(F)F)C1)Cc1cc(F)c(F)cc1F,True,407.3180000000001,False
MFZWMTSUNYWVBU-UHFFFAOYSA-N,1383,hycanthone,CCN(CC)CCNC1=CC=C(CO)C2=C1C(=O)C1=CC=CC=C1S2,CCN(CC)CCNc1ccc(CO)c2sc3ccccc3c(=O)c12,True,356.49100000000004,False
MGSRCZKZVOBKFT-UHFFFAOYSA-N,4258,thymol,CC(C)C1=C(O)C=C(C)C=C1,Cc1ccc(C(C)C)c(O)c1,True,150.22099999999998,False
MHIGBKBJSQVXNH-IWVLMIASSA-N,1727,metacycline,CN(C)[C@H]1[C@@H]2[C@@H](O)[C@@H]3C(=C)C4=C(C(O)=CC=C4)C(=O)C3=C(O)[C@]2(O)C(=O)C(C(N)=O)=C1O,C=C1c2cccc(O)c2C(=O)C2=C(O)[C@]3(O)C(=O)C(C(N)=O)=C(O)[C@@H](N(C)C)[C@@H]3[C@@H](O)[C@H]12,True,442.4240000000002,True
MHPZZZZLAQGTHT-UHFFFAOYSA-N,3332,mebrofenin,CC1=CC(C)=C(Br)C(C)=C1NC(=O)CN(CC(O)=O)CC(O)=O,Cc1cc(C)c(NC(=O)CN(CC(=O)O)CC(=O)O)c(C)c1Br,True,387.2300000000002,False
MHWLWQUZZRMNGJ-UHFFFAOYSA-N,1875,nalidixic acid,CCN1C=C(C(O)=O)C(=O)C2=CC=C(C)N=C12,CCn1cc(C(=O)O)c(=O)c2ccc(C)nc21,True,232.23899999999998,False
MIQPIUSUKVNLNT-UHFFFAOYSA-N,2697,tolcapone,CC1=CC=C(C=C1)C(=O)C1=CC(=C(O)C(O)=C1)[N+]([O-])=O,Cc1ccc(C(=O)c2cc(O)c(O)c([N+](=O)[O-])c2)cc1,True,273.244,True
MITFXPHMIHQXPI-UHFFFAOYSA-N,311,benoxaprofen,CC(C(O)=O)C1=CC2=C(OC(=N2)C2=CC=C(Cl)C=C2)C=C1,CC(C(=O)O)c1ccc2oc(-c3ccc(Cl)cc3)nc2c1,True,301.729,True
MJFJKKXQDNNUJF-UHFFFAOYSA-N,1780,metixene,CN1CCCC(CC2C3=CC=CC=C3SC3=C2C=CC=C3)C1,CN1CCCC(CC2c3ccccc3Sc3ccccc32)C1,True,309.47800000000007,False
MJIHNNLFOKEZEW-UHFFFAOYSA-N,1547,lansoprazole,CC1=C(CS(=O)C2=NC3=C(N2)C=CC=C3)N=CC=C1OCC(F)(F)F,Cc1c(OCC(F)(F)F)ccnc1CS(=O)c1nc2ccccc2[nH]1,True,369.3680000000001,True
MJJALKDDGIKVBE-UHFFFAOYSA-N,977,ebastine,CC(C)(C)C1=CC=C(C=C1)C(=O)CCCN1CCC(CC1)OC(C1=CC=CC=C1)C1=CC=CC=C1,CC(C)(C)c1ccc(C(=O)CCCN2CCC(OC(c3ccccc3)c3ccccc3)CC2)cc1,True,469.6690000000001,False
MJUVRTYWUMPBTR-MRXNPFEDSA-N,5276,tezacaftor,CC(C)(CO)C1=CC2=C(C=C(F)C(NC(=O)C3(CC3)C3=CC=C4OC(F)(F)OC4=C3)=C2)N1C[C@@H](O)CO,CC(C)(CO)c1cc2cc(NC(=O)C3(c4ccc5c(c4)OC(F)(F)O5)CC3)c(F)cc2n1C[C@@H](O)CO,True,520.5040000000002,False
MJVAVZPDRWSRRC-UHFFFAOYSA-N,1683,menadione,CC1=CC(=O)C2=CC=CC=C2C1=O,CC1=CC(=O)c2ccccc2C1=O,True,172.18299999999996,True
MKUXAQIIEYXACX-UHFFFAOYSA-N,85,aciclovir,NC1=NC2=C(N=CN2COCCO)C(=O)N1,Nc1nc2c(ncn2COCCO)c(=O)[nH]1,True,225.20799999999997,True
MKXKFYHWDHIYRV-UHFFFAOYSA-N,1223,flutamide,CC(C)C(=O)NC1=CC(=C(C=C1)[N+]([O-])=O)C(F)(F)F,CC(C)C(=O)Nc1ccc([N+](=O)[O-])c(C(F)(F)F)c1,True,276.21399999999994,True
MLDQJTXFUGDVEO-UHFFFAOYSA-N,2459,sorafenib,CNC(=O)C1=CC(OC2=CC=C(NC(=O)NC3=CC=C(Cl)C(=C3)C(F)(F)F)C=C2)=CC=N1,CNC(=O)c1cc(Oc2ccc(NC(=O)Nc3ccc(Cl)c(C(F)(F)F)c3)cc2)ccn1,True,464.83100000000013,True
MLKXDPUZXIRXEP-MFOYZWKCSA-N,2534,sulindac,CC1=C(CC(O)=O)C2=C(C=CC(F)=C2)\C1=C/C1=CC=C(C=C1)S(C)=O,CC1=C(CC(=O)O)c2cc(F)ccc2/C1=C\c1ccc(S(C)=O)cc1,True,356.41800000000006,True
MLYYVTUWGNIJIB-BXKDBHETSA-N,530,cefazolin,CC1=NN=C(SCC2=C(N3[C@H](SC2)[C@H](NC(=O)CN2C=NN=N2)C3=O)C(O)=O)S1,Cc1nnc(SCC2=C(C(=O)O)N3C(=O)[C@@H](NC(=O)Cn4cnnn4)[C@H]3SC2)s1,True,454.51900000000023,True
MNDBXUUTURYVHR-UHFFFAOYSA-N,3531,roflumilast,FC(F)OC1=C(OCC2CC2)C=C(C=C1)C(=O)NC1=C(Cl)C=NC=C1Cl,O=C(Nc1c(Cl)cncc1Cl)c1ccc(OC(F)F)c(OCC2CC2)c1,True,403.212,False
MNIPYSSQXLZQLJ-UHFFFAOYSA-N,43,aceclofenac,OC(=O)COC(=O)CC1=C(NC2=C(Cl)C=CC=C2Cl)C=CC=C1,O=C(O)COC(=O)Cc1ccccc1Nc1c(Cl)cccc1Cl,True,354.1890000000001,True
MNJVRJDLRVPLFE-UHFFFAOYSA-N,1113,etoricoxib,CC1=NC=C(C=C1)C1=C(C=C(Cl)C=N1)C1=CC=C(C=C1)S(C)(=O)=O,Cc1ccc(-c2ncc(Cl)cc2-c2ccc(S(C)(=O)=O)cc2)cn1,True,358.8500000000001,True
MOYGZHXDRJNJEP-UHFFFAOYSA-N,416,buclizine,CC(C)(C)C1=CC=C(CN2CCN(CC2)C(C2=CC=CC=C2)C2=CC=C(Cl)C=C2)C=C1,CC(C)(C)c1ccc(CN2CCN(C(c3ccccc3)c3ccc(Cl)cc3)CC2)cc1,True,433.039,True
MPBVHIBUJCELCL-UHFFFAOYSA-N,1404,ibandronic acid,CCCCCN(C)CCC(O)(P(O)(O)=O)P(O)(O)=O,CCCCCN(C)CCC(O)(P(=O)(O)O)P(=O)(O)O,True,319.23100000000005,True
MPHPHYZQRGLTBO-UHFFFAOYSA-N,266,azapropazone,CCCC1C(=O)N2N(C1=O)C1=CC(C)=CC=C1N=C2N(C)C,CCCC1C(=O)N2C(N(C)C)=Nc3ccc(C)cc3N2C1=O,True,300.3620000000001,False
MQJKPEGWNLWLTK-UHFFFAOYSA-N,782,dapsone,NC1=CC=C(C=C1)S(=O)(=O)C1=CC=C(N)C=C1,Nc1ccc(S(=O)(=O)c2ccc(N)cc2)cc1,True,248.307,True
MQOBSOSZFYZQOK-UHFFFAOYSA-N,1000208,fenofibric acid,CC(C)(OC1=CC=C(C=C1)C(=O)C1=CC=C(Cl)C=C1)C(O)=O,CC(C)(Oc1ccc(C(=O)c2ccc(Cl)cc2)cc1)C(=O)O,True,318.75600000000003,False
MQQNFDZXWVTQEH-UHFFFAOYSA-N,1867,nafamostat,NC(=N)NC1=CC=C(C=C1)C(=O)OC1=CC=C2C=C(C=CC2=C1)C(N)=N,N=C(N)Nc1ccc(C(=O)Oc2ccc3cc(C(=N)N)ccc3c2)cc1,True,347.37800000000004,False
MQTOSJVFKKJCRP-BICOPXKESA-N,276,azithromycin,CC[C@H]1OC(=O)[C@H](C)[C@@H](O[C@H]2C[C@@](C)(OC)[C@@H](O)[C@H](C)O2)[C@H](C)[C@@H](O[C@@H]2O[C@H](C)C[C@@H]([C@H]2O)N(C)C)[C@](C)(O)C[C@@H](C)CN(C)[C@H](C)[C@@H](O)[C@]1(C)O,CC[C@H]1OC(=O)[C@H](C)[C@@H](O[C@H]2C[C@@](C)(OC)[C@@H](O)[C@H](C)O2)[C@H](C)[C@@H](O[C@@H]2O[C@H](C)C[C@H](N(C)C)[C@H]2O)[C@](C)(O)C[C@@H](C)CN(C)[C@H](C)[C@@H](O)[C@]1(C)O,True,748.996,True
MRBDMNSDAVCSSF-UHFFFAOYSA-N,2142,phentolamine,CC1=CC=C(C=C1)N(CC1=NCCN1)C1=CC(O)=CC=C1,Cc1ccc(N(CC2=NCCN2)c2cccc(O)c2)cc1,True,281.359,True
MROJXXOCABQVEF-UHFFFAOYSA-N,84,actarit,CC(=O)NC1=CC=C(CC(O)=O)C=C1,CC(=O)Nc1ccc(CC(=O)O)cc1,True,193.202,True
MRWFZSLZNUJVQW-DEOSSOPVSA-N,5047,saroglitazar,CCO[C@@H](CC1=CC=C(OCCN2C(C)=CC=C2C2=CC=C(SC)C=C2)C=C1)C(O)=O,CCO[C@@H](Cc1ccc(OCCn2c(C)ccc2-c2ccc(SC)cc2)cc1)C(=O)O,True,439.5770000000001,False
MSPRUJDUTKRMLM-UHFFFAOYSA-N,514,caroverine,CCN(CC)CCN1C(=O)C(CC2=CC=C(OC)C=C2)=NC2=C1C=CC=C2,CCN(CC)CCn1c(=O)c(Cc2ccc(OC)cc2)nc2ccccc21,True,365.47700000000003,True
MTCFGRXMJLQNBG-REOHCLBHSA-N,4127,serine,N[C@@H](CO)C(O)=O,N[C@@H](CO)C(=O)O,True,105.09299999999999,False
MTCUAOILFDZKCO-UHFFFAOYSA-N,789,decamethonium,C[N+](C)(C)CCCCCCCCCC[N+](C)(C)C,C[N+](C)(C)CCCCCCCCCC[N+](C)(C)C,True,258.4939999999999,False
MTZBBNMLMNBNJL-UHFFFAOYSA-N,2853,xipamide,CC1=CC=CC(C)=C1NC(=O)C1=CC(=C(Cl)C=C1O)S(N)(=O)=O,Cc1cccc(C)c1NC(=O)c1cc(S(N)(=O)=O)c(Cl)cc1O,True,354.8150000000001,False
MUCZHBLJLSDCSD-UHFFFAOYSA-N,1494,fluostigmine,CC(C)OP(F)(=O)OC(C)C,CC(C)OP(=O)(F)OC(C)C,True,184.147,False
MUMGGOZAMZWBJJ-DYKIIFRCSA-N,2607,testosterone,C[C@]12CC[C@H]3[C@@H](CCC4=CC(=O)CC[C@]34C)[C@@H]1CC[C@@H]2O,C[C@]12CC[C@H]3[C@@H](CCC4=CC(=O)CC[C@@]43C)[C@@H]1CC[C@@H]2O,True,288.431,True
MUTNCGKQJGXKEM-UHFFFAOYSA-N,3580,tamibarotene,CC1(C)CCC(C)(C)C2=CC(NC(=O)C3=CC=C(C=C3)C(O)=O)=CC=C12,CC1(C)CCC(C)(C)c2cc(NC(=O)c3ccc(C(=O)O)cc3)ccc21,True,351.4460000000001,False
MUXFZBHBYYYLTH-UHFFFAOYSA-N,2858,zaltoprofen,CC(C(O)=O)C1=CC=C2SC3=C(C=CC=C3)C(=O)CC2=C1,CC(C(=O)O)c1ccc2c(c1)CC(=O)c1ccccc1S2,True,298.36300000000006,True
MVFGUOIZUNYYSO-UHFFFAOYSA-N,2265,prilocaine,CCCNC(C)C(=O)NC1=C(C)C=CC=C1,CCCNC(C)C(=O)Nc1ccccc1C,True,220.316,True
MVMQESMQSYOVGV-UHFFFAOYSA-N,903,dimetindene,CC(C1=C(CCN(C)C)CC2=C1C=CC=C2)C1=CC=CC=N1,CC(C1=C(CCN(C)C)Cc2ccccc21)c1ccccn1,True,292.426,False
MVWVFYHBGMAFLY-UHFFFAOYSA-N,2865,ziprasidone,ClC1=CC2=C(CC(=O)N2)C=C1CCN1CCN(CC1)C1=NSC2=C1C=CC=C2,O=C1Cc2cc(CCN3CCN(c4nsc5ccccc45)CC3)c(Cl)cc2N1,True,412.94600000000014,True
MWLSOWXNZPKENC-UHFFFAOYSA-N,2862,zileuton,CC(N(O)C(N)=O)C1=CC2=C(S1)C=CC=C2,CC(c1cc2ccccc2s1)N(O)C(N)=O,True,236.29600000000002,True
MXAYKZJJDUDWDS-LBPRGKRZSA-N,5067,ixazomib,CC(C)C[C@H](NC(=O)CNC(=O)C1=C(Cl)C=CC(Cl)=C1)B(O)O,CC(C)C[C@H](NC(=O)CNC(=O)c1cc(Cl)ccc1Cl)B(O)O,True,361.034,False
MXJWRABVEGLYDG-UHFFFAOYSA-N,3047,bufexamac,CCCCOC1=CC=C(CC(=O)NO)C=C1,CCCCOc1ccc(CC(=O)NO)cc1,True,223.272,False
MXOAEAUPQDYUQM-UHFFFAOYSA-N,1000103,chlorphenesin,OCC(O)COC1=CC=C(Cl)C=C1,OCC(O)COc1ccc(Cl)cc1,True,202.63700000000003,True
MXUNKHLAEDCYJL-UHFFFAOYSA-N,2702,toloxatone,CC1=CC=CC(=C1)N1CC(CO)OC1=O,Cc1cccc(N2CC(CO)OC2=O)c1,True,207.22899999999998,False
MYEJFUXQJGHEQK-ALRJYLEOSA-N,2313,proscillaridin,C[C@@H]1O[C@@H](O[C@H]2CC[C@]3(C)[C@H]4CC[C@]5(C)[C@H](CC[C@]5(O)[C@@H]4CCC3=C2)C2=COC(=O)C=C2)[C@H](O)[C@H](O)[C@H]1O,C[C@@H]1O[C@@H](O[C@@H]2C=C3CC[C@@H]4[C@H](CC[C@]5(C)[C@@H](c6ccc(=O)oc6)CC[C@]45O)[C@@]3(C)CC2)[C@H](O)[C@H](O)[C@H]1O,True,530.6580000000004,True
MYSWGUAQZAJSOK-UHFFFAOYSA-N,659,ciprofloxacin,OC(=O)C1=CN(C2CC2)C2=CC(N3CCNCC3)=C(F)C=C2C1=O,O=C(O)c1cn(C2CC2)c2cc(N3CCNCC3)c(F)cc2c1=O,True,331.34700000000004,True
NAVMQTYZDKMPEU-UHFFFAOYSA-N,361,bexarotene,CC1=C(C=C2C(=C1)C(C)(C)CCC2(C)C)C(=C)C1=CC=C(C=C1)C(O)=O,C=C(c1ccc(C(=O)O)cc1)c1cc2c(cc1C)C(C)(C)CCC2(C)C,True,348.486,False
NBQKINXMPLXUET-UHFFFAOYSA-N,2237,pranlukast,O=C(NC1=CC=CC2=C1OC(=CC2=O)C1=NN=NN1)C1=CC=C(OCCCCC2=CC=CC=C2)C=C1,O=C(Nc1cccc2c(=O)cc(-c3nnn[nH]3)oc12)c1ccc(OCCCCc2ccccc2)cc1,True,481.5120000000003,False
NCDNCNXCDXHOMX-XGKFQTDJSA-N,2391,ritonavir,CC(C)[C@H](NC(=O)N(C)CC1=CSC(=N1)C(C)C)C(=O)N[C@H](C[C@H](O)[C@H](CC1=CC=CC=C1)NC(=O)OCC1=CN=CS1)CC1=CC=CC=C1,CC(C)c1nc(CN(C)C(=O)N[C@H](C(=O)N[C@@H](Cc2ccccc2)C[C@H](O)[C@H](Cc2ccccc2)NC(=O)OCc2cncs2)C(C)C)cs1,True,720.962,True
NCEXYHBECQHGNR-QZQOTICOSA-N,2525,sulfasalazine,OC(=O)C1=CC(=CC=C1O)\N=N\C1=CC=C(C=C1)S(=O)(=O)NC1=CC=CC=N1,O=C(O)c1cc(/N=N/c2ccc(S(=O)(=O)Nc3ccccn3)cc2)ccc1O,True,398.4000000000001,True
NCLGDOBQAWBXRA-PGRDOPGGSA-N,1000216,telotristat,CC1=NN(C=C1)C1=C(C=CC(Cl)=C1)[C@@H](OC1=CC(=NC(N)=N1)C1=CC=C(C[C@H](N)C(O)=O)C=C1)C(F)(F)F,Cc1ccn(-c2cc(Cl)ccc2[C@@H](Oc2cc(-c3ccc(C[C@H](N)C(=O)O)cc3)nc(N)n2)C(F)(F)F)n1,True,546.9370000000004,True
NCYVXEGFNDZQCU-UHFFFAOYSA-N,3383,nikethamide,CCN(CC)C(=O)C1=CC=CN=C1,CCN(CC)C(=O)c1cccnc1,True,178.235,False
NDAUXUAQIAJITI-UHFFFAOYSA-N,105,salbutamol,CC(C)(C)NCC(O)C1=CC(CO)=C(O)C=C1,CC(C)(C)NCC(O)c1ccc(O)c(CO)c1,True,239.315,True
NDCUAPJVLWFHHB-UHNVWZDZSA-N,4946,avibactam,NC(=O)[C@@H]1CC[C@@H]2C[N@]1C(=O)N2OS(O)(=O)=O,NC(=O)[C@@H]1CC[C@@H]2CN1C(=O)N2OS(=O)(=O)O,True,265.247,False
NDDAHWYSQHTHNT-UHFFFAOYSA-N,1433,indapamide,CC1CC2=C(C=CC=C2)N1NC(=O)C1=CC(=C(Cl)C=C1)S(N)(=O)=O,CC1Cc2ccccc2N1NC(=O)c1ccc(Cl)c(S(N)(=O)=O)c1,True,365.84200000000004,True
NDTSRXAMMQDVSW-UHFFFAOYSA-N,332,benzthiazide,NS(=O)(=O)C1=CC2=C(C=C1Cl)N=C(CSCC1=CC=CC=C1)NS2(=O)=O,NS(=O)(=O)c1cc2c(cc1Cl)N=C(CSCc1ccccc1)NS2(=O)=O,True,431.9480000000001,True
NEUSVAOJNUQRTM-UHFFFAOYSA-N,3083,cetylpyridinium,CCCCCCCCCCCCCCCC[N+]1=CC=CC=C1,CCCCCCCCCCCCCCCC[n+]1ccccc1,True,304.5419999999999,False
NEYNJQRKHLUJRU-DZUOILHNSA-N,2088,pentagastrin,CSCC[C@H](NC(=O)[C@H](CC1=CNC2=C1C=CC=C2)NC(=O)CCNC(=O)OC(C)(C)C)C(=O)N[C@@H](CC(O)=O)C(=O)N[C@@H](CC1=CC=CC=C1)C(N)=O,CSCC[C@H](NC(=O)[C@H](Cc1c[nH]c2ccccc12)NC(=O)CCNC(=O)OC(C)(C)C)C(=O)N[C@@H](CC(=O)O)C(=O)N[C@@H](Cc1ccccc1)C(N)=O,True,767.9060000000002,True
NFBAXHOPROOJAW-UHFFFAOYSA-N,2130,phenindione,O=C1C(C(=O)C2=C1C=CC=C2)C1=CC=CC=C1,O=C1c2ccccc2C(=O)C1c1ccccc1,True,222.24300000000002,True
NFDFQCUYFHCNBW-SCGPFSFSSA-N,870,dienestrol,C\C=C(\C(=C\C)\C1=CC=C(O)C=C1)/C1=CC=C(O)C=C1,C/C=C(C(=C/C)/c1ccc(O)cc1)\c1ccc(O)cc1,True,266.34,True
NFLWUMRGJYTJIN-PNIOQBSNSA-N,817,desmopressin,NC(=O)CC[C@@H]1NC(=O)[C@H](CC2=CC=CC=C2)NC(=O)[C@H](CC2=CC=C(O)C=C2)NC(=O)CCSSC[C@H](NC(=O)[C@H](CC(N)=O)NC1=O)C(=O)N1CCC[C@H]1C(=O)N[C@H](CCCNC(N)=N)C(=O)NCC(N)=O,N=C(N)NCCC[C@@H](NC(=O)[C@@H]1CCCN1C(=O)[C@@H]1CSSCCC(=O)N[C@@H](Cc2ccc(O)cc2)C(=O)N[C@@H](Cc2ccccc2)C(=O)N[C@@H](CCC(N)=O)C(=O)N[C@@H](CC(N)=O)C(=O)N1)C(=O)NCC(N)=O,True,1069.2379999999994,False
NFQIAEMCQGTTIR-UHFFFAOYSA-N,2367,repirinast,CC(C)CCOC(=O)C1=CC(=O)C2=C(O1)C1=C(NC2=O)C(C)=C(C)C=C1,Cc1ccc2c([nH]c(=O)c3c(=O)cc(C(=O)OCCC(C)C)oc32)c1C,True,355.3900000000001,False
NGBFQHCMQULJNZ-UHFFFAOYSA-N,2708,torsemide,CC(C)NC(=O)NS(=O)(=O)C1=CN=CC=C1NC1=CC(C)=CC=C1,Cc1cccc(Nc2ccncc2S(=O)(=O)NC(=O)NC(C)C)c1,True,348.42800000000005,True
NGOGFTYYXHNFQH-UHFFFAOYSA-N,1132,fasudil,O=S(=O)(N1CCCNCC1)C1=CC=CC2=C1C=CN=C2,O=S(=O)(c1cccc2cnccc12)N1CCCNCC1,True,291.376,True
NGVDGCNFYWLIFO-UHFFFAOYSA-N,3506,pyridoxal phosphate,CC1=NC=C(COP(O)(O)=O)C(C=O)=C1O,Cc1ncc(COP(=O)(O)O)c(C=O)c1O,True,247.143,False
NHHQJBCNYHBUSI-UHFFFAOYSA-N,1000225,tamatinib,COC1=CC(NC2=NC(NC3=CC=C4OC(C)(C)C(=O)NC4=N3)=C(F)C=N2)=CC(OC)=C1OC,COc1cc(Nc2ncc(F)c(Nc3ccc4c(n3)NC(=O)C(C)(C)O4)n2)cc(OC)c1OC,True,470.46100000000024,False
NHTGHBARYWONDQ-JTQLQIEISA-N,1792,metirosine,C[C@](N)(CC1=CC=C(O)C=C1)C(O)=O,C[C@](N)(Cc1ccc(O)cc1)C(=O)O,True,195.218,False
NHUHCSRWZMLRLA-UHFFFAOYSA-N,2529,sulfafurazole,CC1=NOC(NS(=O)(=O)C2=CC=C(N)C=C2)=C1C,Cc1noc(NS(=O)(=O)c2ccc(N)cc2)c1C,True,267.31,True
NIJJYAXOARWZEE-UHFFFAOYSA-N,2803,valproic acid,CCCC(CCC)C(O)=O,CCCC(CCC)C(=O)O,True,144.214,True
NIVZHWNOUVJHKV-UHFFFAOYSA-N,359,betanidine,CNC(NC)=NCC1=CC=CC=C1,CNC(=NCc1ccccc1)NC,True,177.25100000000003,True
NJCJBUHJQLFDSW-UHFFFAOYSA-N,2412,rufloxacin,CN1CCN(CC1)C1=C2SCCN3C=C(C(O)=O)C(=O)C(C=C1F)=C23,CN1CCN(c2c(F)cc3c(=O)c(C(=O)O)cn4c3c2SCC4)CC1,True,363.4140000000001,False
NKANXQFJJICGDU-QPLCGJKRSA-N,2561,tamoxifen,CC\C(=C(/C1=CC=CC=C1)C1=CC=C(OCCN(C)C)C=C1)C1=CC=CC=C1,CC/C(=C(\c1ccccc1)c1ccc(OCCN(C)C)cc1)c1ccccc1,True,371.524,True
NMKSAYKQLCHXDK-UHFFFAOYSA-N,1148,fendiline,CC(NCCC(C1=CC=CC=C1)C1=CC=CC=C1)C1=CC=CC=C1,CC(NCCC(c1ccccc1)c1ccccc1)c1ccccc1,True,315.46000000000004,False
NMTBSNPBIGRZBL-UHFFFAOYSA-N,1946,nitrefazole,CC1=NC(=CN1C1=CC=C(C=C1)[N+]([O-])=O)[N+]([O-])=O,Cc1nc([N+](=O)[O-])cn1-c1ccc([N+](=O)[O-])cc1,True,248.19799999999998,False
NMUSYJAQQFHJEW-KVTDHHQDSA-N,25,azacitidine,NC1=NC(=O)N(C=N1)[C@@H]1O[C@H](CO)[C@@H](O)[C@H]1O,Nc1ncn([C@@H]2O[C@H](CO)[C@@H](O)[C@H]2O)c(=O)n1,True,244.207,True
NNACHAUCXXVJSP-UHFFFAOYSA-N,5048,pitolisant,ClC1=CC=C(CCCOCCCN2CCCCC2)C=C1,Clc1ccc(CCCOCCCN2CCCCC2)cc1,True,295.8539999999999,True
NNJVILVZKWQKPM-UHFFFAOYSA-N,1579,lidocaine,CCN(CC)CC(=O)NC1=C(C)C=CC=C1C,CCN(CC)CC(=O)Nc1c(C)cccc1C,True,234.343,True
NNYBQONXHNTVIJ-UHFFFAOYSA-N,1103,etodolac,CCC1=CC=CC2=C1NC1=C2CCOC1(CC)CC(O)=O,CCc1cccc2c3c([nH]c12)C(CC)(CC(=O)O)OCC3,True,287.3589999999999,True
NOIIUHRQUVNIDD-UHFFFAOYSA-N,1907,nialamide,O=C(CCNNC(=O)C1=CC=NC=C1)NCC1=CC=CC=C1,O=C(CCNNC(=O)c1ccncc1)NCc1ccccc1,True,298.346,False
NOOLISFMXDJSKH-KXUCPTDWSA-N,934,levomenthol,CC(C)[C@@H]1CC[C@@H](C)C[C@H]1O,CC(C)[C@@H]1CC[C@@H](C)C[C@H]1O,True,156.269,False
NOSIYYJFMPDDSA-UHFFFAOYSA-N,73,acepromazine,CN(C)CCCN1C2=CC=CC=C2SC2=CC=C(C=C12)C(C)=O,CC(=O)c1ccc2c(c1)N(CCCN(C)C)c1ccccc1S2,True,326.46500000000015,False
NOYPYLRCIDNJJB-UHFFFAOYSA-N,2757,trimetrexate,COC1=CC(NCC2=CC=C3N=C(N)N=C(N)C3=C2C)=CC(OC)=C1OC,COc1cc(NCc2ccc3nc(N)nc(N)c3c2C)cc(OC)c1OC,True,369.4250000000001,False
NOZIJMHMKORZBA-KJCUYJGMSA-N,5059,lusutrombopag,CCCCCCO[C@@H](C)C1=CC=CC(C2=CSC(NC(=O)C3=CC(Cl)=C(\C=C(/C)C(O)=O)C(Cl)=C3)=N2)=C1OC,CCCCCCO[C@@H](C)c1cccc(-c2csc(NC(=O)c3cc(Cl)c(/C=C(\C)C(=O)O)c(Cl)c3)n2)c1OC,True,591.5570000000001,False
NPGNOVNWUSPMDP-UTEPHESZSA-N,2219,pivmecillinam,CC(C)(C)C(=O)OCOC(=O)[C@@H]1N2[C@H](SC1(C)C)[C@H](\N=C\N1CCCCCC1)C2=O,CC(C)(C)C(=O)OCOC(=O)[C@@H]1N2C(=O)[C@@H](/N=C/N3CCCCCC3)[C@H]2SC1(C)C,True,439.5780000000003,False
NPOAOTPXWNWTSH-UHFFFAOYSA-N,1670,meglutol,CC(O)(CC(O)=O)CC(O)=O,CC(O)(CC(=O)O)CC(=O)O,True,162.141,False
NPPQSCRMBWNHMW-UHFFFAOYSA-N,1704,meprobamate,CCCC(C)(COC(N)=O)COC(N)=O,CCCC(C)(COC(N)=O)COC(N)=O,True,218.25299999999996,True
NPRHVSBSZMAEIN-UHFFFAOYSA-N,2737,tridihexethyl,CC[N+](CC)(CC)CCC(O)(C1CCCCC1)C1=CC=CC=C1,CC[N+](CC)(CC)CCC(O)(c1ccccc1)C1CCCCC1,True,318.5249999999999,False
NPUKDXXFDDZOKR-LLVKDONJSA-N,1109,etomidate,CCOC(=O)C1=CN=CN1[C@H](C)C1=CC=CC=C1,CCOC(=O)c1cncn1[C@H](C)c1ccccc1,True,244.294,True
NQDJXKOVJZTUJA-UHFFFAOYSA-N,1904,nevirapine,CC1=CC=NC2=C1NC(=O)C1=CC=CN=C1N2C1CC1,Cc1ccnc2c1NC(=O)c1cccnc1N2C1CC1,True,266.30400000000003,True
NQHNLNLJPDMBFN-UHFFFAOYSA-O,2003,otilonium bromide,CCCCCCCCOC1=C(C=CC=C1)C(=O)NC1=CC=C(C=C1)C(=O)OCC[N+](C)(CC)CC,CCCCCCCCOc1ccccc1C(=O)Nc1ccc(C(=O)OCC[N+](C)(CC)CC)cc1,True,483.6730000000004,True
NRNCYVBFPDDJNE-UHFFFAOYSA-N,2075,pemoline,NC1=NC(=O)C(O1)C1=CC=CC=C1,NC1=NC(=O)C(c2ccccc2)O1,True,176.17499999999998,True
NSQSAUGJQHDYNO-UHFFFAOYSA-N,5380,tazemetostat,CCN(C1CCOCC1)C1=CC(=CC(C(=O)NCC2=C(C)C=C(C)NC2=O)=C1C)C1=CC=C(CN2CCOCC2)C=C1,CCN(c1cc(-c2ccc(CN3CCOCC3)cc2)cc(C(=O)NCc2c(C)cc(C)[nH]c2=O)c1C)C1CCOCC1,True,572.7500000000002,False
NTHPAPBPFQJABD-LLVKDONJSA-N,2357,ramosetron,CN1C=C(C(=O)[C@@H]2CCC3=C(C2)NC=N3)C2=CC=CC=C12,Cn1cc(C(=O)[C@@H]2CCc3nc[nH]c3C2)c2ccccc21,True,279.343,True
NTHXOOBQLCIOLC-UHFFFAOYSA-N,1461,iohexol,CC(=O)N(CC(O)CO)C1=C(I)C(C(=O)NCC(O)CO)=C(I)C(C(=O)NCC(O)CO)=C1I,CC(=O)N(CC(O)CO)c1c(I)c(C(=O)NCC(O)CO)c(I)c(C(=O)NCC(O)CO)c1I,True,821.1410000000001,True
NTJOBXMMWNYJFB-UHFFFAOYSA-N,179,amisulpride,CCN1CCCC1CNC(=O)C1=C(OC)C=C(N)C(=C1)S(=O)(=O)CC,CCN1CCCC1CNC(=O)c1cc(S(=O)(=O)CC)c(N)cc1OC,True,369.48700000000014,True
NTYJJOPFIAHURM-UHFFFAOYSA-N,1375,histamine,NCCC1=CN=CN1,NCCc1cnc[nH]1,True,111.14799999999998,False
NUKYPUAOHBNCPY-UHFFFAOYSA-N,4163,fampridine,NC1=CC=NC=C1,Nc1ccncc1,True,94.11699999999999,False
NUNIWXHYABYXKF-UHFFFAOYSA-N,404,bromazine,CN(C)CCOC(C1=CC=CC=C1)C1=CC=C(Br)C=C1,CN(C)CCOC(c1ccccc1)c1ccc(Br)cc1,True,334.257,False
NUVBSKCKDOMJSU-UHFFFAOYSA-N,4773,ethyl hydroxybenzoate,CCOC(=O)C1=CC=C(O)C=C1,CCOC(=O)c1ccc(O)cc1,True,166.176,False
NUZWLKWWNNJHPT-UHFFFAOYSA-N,226,dithranol,OC1=CC=CC2=C1C(=O)C1=C(O)C=CC=C1C2,O=C1c2c(O)cccc2Cc2cccc(O)c21,True,226.231,False
NVKAWKQGWWIWPM-ABEVXSGRSA-N,3927,androstanolone,C[C@]12CC[C@H]3[C@@H](CC[C@H]4CC(=O)CC[C@]34C)[C@@H]1CC[C@@H]2O,C[C@]12CCC(=O)C[C@@H]1CC[C@@H]1[C@@H]2CC[C@]2(C)[C@@H](O)CC[C@@H]12,True,290.44699999999995,True
NWIBSHFKIJFRCO-WUDYKRTCSA-N,1819,mitomycin,CO[C@]12[C@H]3N[C@H]3CN1C1=C([C@H]2COC(N)=O)C(=O)C(N)=C(C)C1=O,CO[C@@]12[C@H](COC(N)=O)C3=C(C(=O)C(C)=C(N)C3=O)N1C[C@@H]1N[C@@H]12,True,334.3320000000001,False
NWIUTZDMDHAVTP-KRWDZBQOSA-N,4752,levobetaxolol,CC(C)NC[C@H](O)COC1=CC=C(CCOCC2CC2)C=C1,CC(C)NC[C@H](O)COc1ccc(CCOCC2CC2)cc1,True,307.434,False
NWPJLRSCSQHPJV-UHFFFAOYSA-N,517,carpipramine,NC(=O)C1(CCN(CCCN2C3=CC=CC=C3CCC3=C2C=CC=C3)CC1)N1CCCCC1,NC(=O)C1(N2CCCCC2)CCN(CCCN2c3ccccc3CCc3ccccc32)CC1,True,446.6390000000004,False
NXFFJDQHYLNEJK-CYBMUJFWSA-N,4326,laropiprant,CS(=O)(=O)C1=C2N(CC3=CC=C(Cl)C=C3)C3=C(CC[C@@H]3CC(O)=O)C2=CC(F)=C1,CS(=O)(=O)c1cc(F)cc2c3c(n(Cc4ccc(Cl)cc4)c12)[C@@H](CC(=O)O)CC3,True,435.9040000000003,True
NXFQHRVNIOXGAQ-YCRREMRBSA-N,1949,nitrofurantoin,[O-][N+](=O)C1=CC=C(O1)\C=N\N1CC(=O)NC1=O,O=C1CN(/N=C/c2ccc([N+](=O)[O-])o2)C(=O)N1,True,238.15899999999996,True
NXWGWUVGUSFQJC-UHFFFAOYSA-N,1697,mepindolol,CC(C)NCC(O)COC1=CC=CC2=C1C=C(C)N2,Cc1cc2c(OCC(O)CNC(C)C)cccc2[nH]1,True,262.35299999999995,False
NYMGNSNKLVNMIA-UHFFFAOYSA-N,1480,iproniazid,CC(C)NNC(=O)C1=CC=NC=C1,CC(C)NNC(=O)c1ccncc1,True,179.223,False
NZHGWWWHIYHZNX-CSKARUKUSA-N,2714,tranilast,COC1=C(OC)C=C(\C=C\C(=O)NC2=C(C=CC=C2)C(O)=O)C=C1,COc1ccc(/C=C/C(=O)Nc2ccccc2C(=O)O)cc1OC,True,327.33600000000007,True
NZLBHDRPUJLHCE-UHFFFAOYSA-N,231,aprindine,CCN(CC)CCCN(C1CC2=C(C1)C=CC=C2)C1=CC=CC=C1,CCN(CC)CCCN(c1ccccc1)C1Cc2ccccc2C1,True,322.49600000000004,True
NZLVRVYNQYGMAB-UHFFFAOYSA-N,2169,pimethixene,CN1CCC(CC1)=C1C2=CC=CC=C2SC2=C1C=CC=C2,CN1CCC(=C2c3ccccc3Sc3ccccc32)CC1,True,293.435,False
NZUPCNDJBJXXRF-UHFFFAOYSA-O,358,bethanechol,CC(C[N+](C)(C)C)OC(N)=O,CC(C[N+](C)(C)C)OC(N)=O,True,161.22499999999997,True
NZWOPGCLSHLLPA-UHFFFAOYSA-N,1726,methacholine,CC(C[N+](C)(C)C)OC(C)=O,CC(=O)OC(C)C[N+](C)(C)C,True,160.23699999999997,False
OAIJSZIZWZSQBC-GYZMGTAESA-N,4617,lycopene,CC(C)=CCC\C(C)=C\C=C\C(\C)=C\C=C\C(\C)=C\C=C\C=C(/C)\C=C\C=C(/C)\C=C\C=C(/C)CCC=C(C)C,CC(C)=CCC/C(C)=C/C=C/C(C)=C/C=C/C(C)=C/C=C/C=C(C)/C=C/C=C(C)/C=C/C=C(\C)CCC=C(C)C,True,536.8880000000003,True
OBDOVFRMEYHSQB-UHFFFAOYSA-N,127,almitrine,FC1=CC=C(C=C1)C(N1CCN(CC1)C1=NC(NCC=C)=NC(NCC=C)=N1)C1=CC=C(F)C=C1,C=CCNc1nc(NCC=C)nc(N2CCN(C(c3ccc(F)cc3)c3ccc(F)cc3)CC2)n1,True,477.5630000000002,True
OBKXEAXTFZPCHS-UHFFFAOYSA-N,24,phenylbutanoic acid,OC(=O)CCCC1=CC=CC=C1,O=C(O)CCCc1ccccc1,True,164.204,True
OBWASQILIWPZMG-QZMOQZSNSA-N,4830,empagliflozin,OC[C@H]1O[C@H]([C@H](O)[C@@H](O)[C@@H]1O)C1=CC(CC2=CC=C(O[C@H]3CCOC3)C=C2)=C(Cl)C=C1,OC[C@H]1O[C@@H](c2ccc(Cl)c(Cc3ccc(O[C@H]4CCOC4)cc3)c2)[C@H](O)[C@@H](O)[C@@H]1O,True,450.9150000000002,False
OCAPBUJLXMYKEJ-UHFFFAOYSA-N,370,bifonazole,C1=CN(C=N1)C(C1=CC=CC=C1)C1=CC=C(C=C1)C1=CC=CC=C1,c1ccc(-c2ccc(C(c3ccccc3)n3ccnc3)cc2)cc1,True,310.40000000000003,True
OCJYIGYOJCODJL-UHFFFAOYSA-N,1649,meclozine,CC1=CC=CC(CN2CCN(CC2)C(C2=CC=CC=C2)C2=CC=C(Cl)C=C2)=C1,Cc1cccc(CN2CCN(C(c3ccccc3)c3ccc(Cl)cc3)CC2)c1,True,390.9580000000001,True
OCOKWVBYZHBHLU-UHFFFAOYSA-N,2455,sobuzoxane,CC(C)COC(=O)OCN1C(=O)CN(CCN2CC(=O)N(COC(=O)OCC(C)C)C(=O)C2)CC1=O,CC(C)COC(=O)OCN1C(=O)CN(CCN2CC(=O)N(COC(=O)OCC(C)C)C(=O)C2)CC1=O,True,514.5320000000004,False
ODKNJVUHOIMIIZ-RRKCRQDMSA-N,1184,floxuridine,OC[C@H]1O[C@H](C[C@@H]1O)N1C=C(F)C(=O)NC1=O,O=c1[nH]c(=O)n([C@H]2C[C@H](O)[C@@H](CO)O2)cc1F,True,246.19399999999996,False
ODKSFYDXXFIFQN-BYPYZUCNSA-N,1549,arginine hydrochloride,N[C@@H](CCCNC(N)=N)C(O)=O,N=C(N)NCCC[C@H](N)C(=O)O,True,174.204,False
ODUOJXZPIYUATO-UHFFFAOYSA-N,60,racecadotril,CC(=O)SCC(CC1=CC=CC=C1)C(=O)NCC(=O)OCC1=CC=CC=C1,CC(=O)SCC(Cc1ccccc1)C(=O)NCC(=O)OCc1ccccc1,True,385.4850000000002,True
OEBPANQZQGQPHF-UHFFFAOYSA-N,1923,nifekalant,CN1C(=O)C=C(NCCN(CCO)CCCC2=CC=C(C=C2)[N+]([O-])=O)N(C)C1=O,Cn1c(NCCN(CCO)CCCc2ccc([N+](=O)[O-])cc2)cc(=O)n(C)c1=O,True,405.4550000000001,True
OEKWJQXRCDYSHL-FNOIDJSQSA-N,4184,ticagrelor,CCCSC1=NC(N[C@@H]2C[C@H]2C2=CC(F)=C(F)C=C2)=C2N=NN([C@@H]3C[C@H](OCCO)[C@@H](O)[C@H]3O)C2=N1,CCCSc1nc(N[C@@H]2C[C@H]2c2ccc(F)c(F)c2)c2nnn([C@@H]3C[C@H](OCCO)[C@@H](O)[C@H]3O)c2n1,True,522.5780000000002,False
OENHQHLEOONYIE-JLTXGRSLSA-N,345,betacarotene,C\C(\C=C\C=C(/C)\C=C\C1=C(C)CCCC1(C)C)=C/C=C/C=C(\C)/C=C/C=C(\C)/C=C/C1=C(C)CCCC1(C)C,CC1=C(/C=C/C(C)=C/C=C/C(C)=C/C=C/C=C(C)/C=C/C=C(C)/C=C/C2=C(C)CCCC2(C)C)C(C)(C)CCC1,True,536.8880000000003,False
OEYIOHPDSNJKLS-UHFFFAOYSA-N,3097,choline,C[N+](C)(C)CCO,C[N+](C)(C)CCO,True,104.17299999999999,False
OFBIFZUFASYYRE-UHFFFAOYSA-N,1195,flumazenil,CCOC(=O)C1=C2CN(C)C(=O)C3=CC(F)=CC=C3N2C=N1,CCOC(=O)c1ncn2c1CN(C)C(=O)c1cc(F)ccc1-2,True,303.293,True
OFCNXPDARWKPPY-UHFFFAOYSA-N,124,allopurinol,OC1=NC=NC2=C1C=NN2,Oc1ncnc2[nH]ncc12,True,136.114,True
OFPXSFXSNFPTHF-UHFFFAOYSA-N,2013,oxaprozin,OC(=O)CCC1=NC(=C(O1)C1=CC=CC=C1)C1=CC=CC=C1,O=C(O)CCc1nc(-c2ccccc2)c(-c2ccccc2)o1,True,293.32200000000006,True
OFVLGDICTFRJMM-WESIUVDSSA-N,2611,tetracycline,CN(C)[C@H]1[C@@H]2C[C@H]3C(=C(O)[C@]2(O)C(=O)C(C(N)=O)=C1O)C(=O)C1=C(C=CC=C1O)[C@@]3(C)O,CN(C)[C@@H]1C(O)=C(C(N)=O)C(=O)[C@@]2(O)C(O)=C3C(=O)c4c(O)cccc4[C@@](C)(O)[C@H]3C[C@@H]12,True,444.44000000000017,True
OFZCIYFFPZCNJE-UHFFFAOYSA-N,509,carisoprodol,CCCC(C)(COC(N)=O)COC(=O)NC(C)C,CCCC(C)(COC(N)=O)COC(=O)NC(C)C,True,260.334,True
OFZJKCQENFPZBH-UHFFFAOYSA-N,5285,avatrombopag,OC(=O)C1CCN(CC1)C1=NC=C(C=C1Cl)C(=O)NC1=NC(C2=CC(Cl)=CS2)=C(S1)N1CCN(CC1)C1CCCCC1,O=C(Nc1nc(-c2cc(Cl)cs2)c(N2CCN(C3CCCCC3)CC2)s1)c1cnc(N2CCC(C(=O)O)CC2)c(Cl)c1,True,649.6699999999996,False
OGAKLTJNUQRZJU-UHFFFAOYSA-N,313,diphenidol,OC(CCCN1CCCCC1)(C1=CC=CC=C1)C1=CC=CC=C1,OC(CCCN1CCCCC1)(c1ccccc1)c1ccccc1,True,309.45300000000003,False
OGHNVEJMJSYVRP-UHFFFAOYSA-N,522,carvedilol,COC1=C(OCCNCC(O)COC2=CC=CC3=C2C2=CC=CC=C2N3)C=CC=C1,COc1ccccc1OCCNCC(O)COc1cccc2[nH]c3ccccc3c12,True,406.4820000000001,True
OGJPXUAPXNRGGI-UHFFFAOYSA-N,1967,norfloxacin,CCN1C=C(C(O)=O)C(=O)C2=CC(F)=C(C=C12)N1CCNCC1,CCn1cc(C(=O)O)c(=O)c2cc(F)c(N3CCNCC3)cc21,True,319.3360000000001,True
OGQICQVSFDPSEI-UHFFFAOYSA-N,2571,tazarotene,CCOC(=O)C1=CN=C(C=C1)C#CC1=CC=C2SCCC(C)(C)C2=C1,CCOC(=O)c1ccc(C#Cc2ccc3c(c2)C(C)(C)CCS3)nc1,True,351.4710000000002,True
OGSPWJRAVKPPFI-UHFFFAOYSA-N,112,alendronic acid,NCCCC(O)(P(O)(O)=O)P(O)(O)=O,NCCCC(O)(P(=O)(O)O)P(=O)(O)O,True,249.096,True
OHCQJHSOBUTRHG-KGGHGJDLSA-N,1000073,colforsin,CC(=O)O[C@H]1[C@@H](O)[C@H]2C(C)(C)CC[C@H](O)[C@]2(C)[C@@]2(O)C(=O)C[C@@](C)(O[C@]12C)C=C,C=C[C@@]1(C)CC(=O)[C@]2(O)[C@@]3(C)[C@@H](O)CCC(C)(C)[C@@H]3[C@H](O)[C@H](OC(C)=O)[C@@]2(C)O1,True,410.5070000000002,True
OHKOGUYZJXTSFX-KZFFXBSXSA-N,2656,ticarcillin,CC1(C)S[C@@H]2[C@H](NC(=O)[C@H](C(O)=O)C3=CSC=C3)C(=O)N2[C@H]1C(O)=O,CC1(C)S[C@@H]2[C@H](NC(=O)[C@H](C(=O)O)c3ccsc3)C(=O)N2[C@H]1C(=O)O,True,384.4350000000001,False
OHRURASPPZQGQM-GCCNXGTGSA-N,4119,romidepsin,C\C=C1/NC(=O)[C@H]2CSSCC\C=C\[C@H](CC(=O)N[C@H](C(C)C)C(=O)N2)OC(=O)[C@@H](NC1=O)C(C)C,C/C=C1\NC(=O)[C@H]2CSSCC/C=C/[C@H](CC(=O)N[C@H](C(C)C)C(=O)N2)OC(=O)[C@H](C(C)C)NC1=O,True,540.7080000000002,False
OIGNJSKKLXVSLS-VWUMJDOOSA-N,2245,prednisolone,C[C@]12C[C@H](O)[C@H]3[C@@H](CCC4=CC(=O)C=C[C@]34C)[C@@H]1CC[C@]2(O)C(=O)CO,C[C@]12C=CC(=O)C=C1CC[C@@H]1[C@@H]2[C@@H](O)C[C@@]2(C)[C@H]1CC[C@]2(O)C(=O)CO,True,360.4500000000002,True
OIPILFWXSMYKGL-UHFFFAOYSA-N,65,acetylcholine,CC(=O)OCC[N+](C)(C)C,CC(=O)OCC[N+](C)(C)C,True,146.21,True
OIRCOABEOLEUMC-GEJPAHFPSA-N,385,bivalirudin,CC[C@H](C)[C@H](NC(=O)[C@H](CCC(O)=O)NC(=O)[C@H](CCC(O)=O)NC(=O)[C@H](CC1=CC=CC=C1)NC(=O)[C@H](CC(O)=O)NC(=O)CNC(=O)[C@H](CC(N)=O)NC(=O)CNC(=O)CNC(=O)CNC(=O)CNC(=O)[C@@H]1CCCN1C(=O)[C@H](CCCNC(N)=N)NC(=O)[C@@H]1CCCN1C(=O)[C@H](N)CC1=CC=CC=C1)C(=O)N1CCC[C@H]1C(=O)N[C@@H](CCC(O)=O)C(=O)N[C@@H](CCC(O)=O)C(=O)N[C@@H](CC1=CC=C(O)C=C1)C(=O)N[C@@H](CC(C)C)C(O)=O,CC[C@H](C)[C@H](NC(=O)[C@H](CCC(=O)O)NC(=O)[C@H](CCC(=O)O)NC(=O)[C@H](Cc1ccccc1)NC(=O)[C@H](CC(=O)O)NC(=O)CNC(=O)[C@H](CC(N)=O)NC(=O)CNC(=O)CNC(=O)CNC(=O)CNC(=O)[C@@H]1CCCN1C(=O)[C@H](CCCNC(=N)N)NC(=O)[C@@H]1CCCN1C(=O)[C@H](N)Cc1ccccc1)C(=O)N1CCC[C@H]1C(=O)N[C@@H](CCC(=O)O)C(=O)N[C@@H](CCC(=O)O)C(=O)N[C@@H](Cc1ccc(O)cc1)C(=O)N[C@@H](CC(C)C)C(=O)O,True,2180.317,False
OIRDTQYFTABQOQ-KQYNXXCUSA-N,90,adenosine,NC1=C2N=CN([C@@H]3O[C@H](CO)[C@@H](O)[C@H]3O)C2=NC=N1,Nc1ncnc2c1ncn2[C@@H]1O[C@H](CO)[C@@H](O)[C@H]1O,True,267.245,True
OIRFJRBSRORBCM-UHFFFAOYSA-N,1465,iopanoic acid,CCC(CC1=C(I)C(N)=C(I)C=C1I)C(O)=O,CCC(Cc1c(I)cc(I)c(N)c1I)C(=O)O,True,570.934,False
OJFSXZCBGQGRNV-UHFFFAOYSA-N,499,carbinoxamine,CN(C)CCOC(C1=CC=C(Cl)C=C1)C1=CC=CC=N1,CN(C)CCOC(c1ccc(Cl)cc1)c1ccccn1,True,290.794,True
OJGDCBLYJGHCIH-UHFFFAOYSA-N,402,bromhexine,CN(CC1=C(N)C(Br)=CC(Br)=C1)C1CCCCC1,CN(Cc1cc(Br)cc(Br)c1N)C1CCCCC1,True,376.1360000000002,False
OJQMKCBWYCWFPU-UHFFFAOYSA-N,1000176,ACT-333679,CC(C)N(CCCCOCC(O)=O)C1=CN=C(C2=CC=CC=C2)C(=N1)C1=CC=CC=C1,CC(C)N(CCCCOCC(=O)O)c1cnc(-c2ccccc2)c(-c2ccccc2)n1,True,419.5250000000001,True
OJZYRQPMEIEQFC-UAWLTFRCSA-N,1581,limaprost,CCCC[C@H](C)C[C@H](O)\C=C\[C@H]1[C@H](O)CC(=O)[C@@H]1CCCC\C=C\C(O)=O,CCCC[C@H](C)C[C@H](O)/C=C/[C@H]1[C@H](O)CC(=O)[C@@H]1CCCC/C=C/C(=O)O,True,380.5250000000002,True
OKPNYGAWTYOBFZ-UHFFFAOYSA-N,3476,pirenoxine,OC(=O)C1=CC(O)=C2C(=N1)C(=O)C=C1OC3=C(C=CC=C3)N=C21,O=C(O)c1cc(O)c2c3nc4ccccc4oc-3cc(=O)c2n1,True,308.24899999999997,True
OLAHOMJCDNXHFI-UHFFFAOYSA-N,5327,erdafitinib,COC1=CC(=CC(OC)=C1)N(CCNC(C)C)C1=CC2=NC(=CN=C2C=C1)C1=CN(C)N=C1,COc1cc(OC)cc(N(CCNC(C)C)c2ccc3ncc(-c4cnn(C)c4)nc3c2)c1,True,446.5550000000001,False
OLBCVFGFOZPWHH-UHFFFAOYSA-N,2302,propofol,CC(C)C1=CC=CC(C(C)C)=C1O,CC(C)c1cccc(C(C)C)c1O,True,178.27499999999995,False
OLNTVTPDXPETLC-XPWALMASSA-N,1125,ezetimibe,O[C@@H](CC[C@@H]1[C@H](N(C1=O)C1=CC=C(F)C=C1)C1=CC=C(O)C=C1)C1=CC=C(F)C=C1,O=C1[C@H](CC[C@H](O)c2ccc(F)cc2)[C@@H](c2ccc(O)cc2)N1c1ccc(F)cc1,True,409.4320000000001,False
OLVCFLKTBJRLHI-AXAPSJFSSA-N,527,cefamandole,CN1N=NN=C1SCC1=C(N2[C@H](SC1)[C@H](NC(=O)[C@H](O)C1=CC=CC=C1)C2=O)C(O)=O,Cn1nnnc1SCC1=C(C(=O)O)N2C(=O)[C@@H](NC(=O)[C@H](O)c3ccccc3)[C@H]2SC1,True,462.5130000000002,True
OMHBPUNFVFNHJK-UHFFFAOYSA-P,146,ambenonium,CC[N+](CC)(CCNC(=O)C(=O)NCC[N+](CC)(CC)CC1=C(Cl)C=CC=C1)CC1=C(Cl)C=CC=C1,CC[N+](CC)(CCNC(=O)C(=O)NCC[N+](CC)(CC)Cc1ccccc1Cl)Cc1ccccc1Cl,True,537.5760000000002,True
OMOMUFTZPTXCHP-UHFFFAOYSA-N,2804,valpromide,CCCC(CCC)C(N)=O,CCCC(CCC)C(N)=O,True,143.23000000000002,True
OMPJBNCRMGITSC-UHFFFAOYSA-N,328,benzoyl peroxide,O=C(OOC(=O)C1=CC=CC=C1)C1=CC=CC=C1,O=C(OOC(=O)c1ccccc1)c1ccccc1,True,242.23000000000002,False
ONIQOQHATWINJY-UHFFFAOYSA-N,4715,cabozantinib,COC1=CC2=NC=CC(OC3=CC=C(NC(=O)C4(CC4)C(=O)NC4=CC=C(F)C=C4)C=C3)=C2C=C1OC,COc1cc2nccc(Oc3ccc(NC(=O)C4(C(=O)Nc5ccc(F)cc5)CC4)cc3)c2cc1OC,True,501.51400000000024,False
ONNOFKFOZAJDHT-UHFFFAOYSA-N,161,amineptine,OC(=O)CCCCCCNC1C2=CC=CC=C2CCC2=CC=CC=C12,O=C(O)CCCCCCNC1c2ccccc2CCc2ccccc21,True,337.46300000000014,True
ONWXNHPOAGOMTG-UHFFFAOYSA-N,2547,suxibuzone,CCCCC1(COC(=O)CCC(O)=O)C(=O)N(N(C1=O)C1=CC=CC=C1)C1=CC=CC=C1,CCCCC1(COC(=O)CCC(=O)O)C(=O)N(c2ccccc2)N(c2ccccc2)C1=O,True,438.4800000000001,False
OOBHFESNSZDWIU-UHFFFAOYSA-N,2133,phenmetrazine,CC1NCCOC1C1=CC=CC=C1,CC1NCCOC1c1ccccc1,True,177.247,True
OOGJQPCLVADCPB-HXUWFJFHSA-N,2705,tolterodine,CC(C)N(CC[C@H](C1=CC=CC=C1)C1=C(O)C=CC(C)=C1)C(C)C,Cc1ccc(O)c([C@H](CCN(C(C)C)C(C)C)c2ccccc2)c1,True,325.4960000000001,True
OOLLAFOLCSJHRE-ZHAKMVSLSA-N,4166,ulipristal,CN(C)C1=CC=C(C=C1)[C@H]1C[C@@]2(C)[C@@H](CC[C@]2(OC(C)=O)C(C)=O)[C@@H]2CCC3=CC(=O)CCC3=C12,CC(=O)O[C@]1(C(C)=O)CC[C@H]2[C@@H]3CCC4=CC(=O)CCC4=C3[C@@H](c3ccc(N(C)C)cc3)C[C@@]21C,True,475.6290000000003,False
OOUGLTULBSNHNF-UHFFFAOYSA-N,4872,ataluren,OC(=O)C1=CC=CC(=C1)C1=NOC(=N1)C1=C(F)C=CC=C1,O=C(O)c1cccc(-c2noc(-c3ccccc3F)n2)c1,True,284.246,False
OPXLLQIJSORQAM-UHFFFAOYSA-N,1641,mebendazole,COC(=O)NC1=NC2=C(N1)C=CC(=C2)C(=O)C1=CC=CC=C1,COC(=O)Nc1nc2cc(C(=O)c3ccccc3)ccc2[nH]1,True,295.298,True
OPYGFNJSCUDTBT-PMLPCWDUSA-N,2539,sultamicillin,CC1(C)S[C@@H]2[C@H](NC(=O)[C@H](N)C3=CC=CC=C3)C(=O)N2[C@H]1C(=O)OCOC(=O)[C@@H]1N2[C@@H](CC2=O)S(=O)(=O)C1(C)C,CC1(C)S[C@@H]2[C@H](NC(=O)[C@H](N)c3ccccc3)C(=O)N2[C@H]1C(=O)OCOC(=O)[C@@H]1N2C(=O)C[C@H]2S(=O)(=O)C1(C)C,True,594.6680000000002,True
OQDPVLVUJFGPGQ-UHFFFAOYSA-N,2202,piribedil,C(N1CCN(CC1)C1=NC=CC=N1)C1=CC2=C(OCO2)C=C1,c1cnc(N2CCN(Cc3ccc4c(c3)OCO4)CC2)nc1,True,298.34600000000006,False
ORFOPKXBNMVMKC-DWVKKRMSSA-O,559,ceftazidime,CC(C)(O\N=C(/C(=O)N[C@H]1[C@H]2SCC(C[N+]3=CC=CC=C3)=C(N2C1=O)C(O)=O)C1=CSC(N)=N1)C(O)=O,CC(C)(O/N=C(\C(=O)N[C@@H]1C(=O)N2C(C(=O)O)=C(C[n+]3ccccc3)CS[C@H]12)c1csc(N)n1)C(=O)O,True,547.5950000000003,False
OROAFUQRIXKEMV-LDADJPATSA-N,1037,eprosartan,CCCCC1=NC=C(\C=C(/CC2=CC=CS2)C(O)=O)N1CC1=CC=C(C=C1)C(O)=O,CCCCc1ncc(/C=C(\Cc2cccs2)C(=O)O)n1Cc1ccc(C(=O)O)cc1,True,424.52200000000016,False
OROGSEYTTFOCAN-DNJOTXNNSA-N,725,codeine,COC1=CC=C2C[C@@H]3[C@@H]4C=C[C@H](O)[C@@H]5OC1=C2[C@]45CCN3C,COc1ccc2c3c1O[C@H]1[C@@H](O)C=C[C@H]4[C@@H](C2)N(C)CC[C@@]341,True,299.37000000000006,True
OSASVXMJTNOKOY-UHFFFAOYSA-N,3092,chlorobutanol,CC(C)(O)C(Cl)(Cl)Cl,CC(C)(O)C(Cl)(Cl)Cl,True,177.458,True
OSDLLIBGSJNGJE-UHFFFAOYSA-N,3094,chloroxylenol,CC1=CC(O)=CC(C)=C1Cl,Cc1cc(O)cc(C)c1Cl,True,156.61199999999997,False
OTBXOEAOVRKTNQ-UHFFFAOYSA-N,209,anagrelide,ClC1=CC=C2N=C3NC(=O)CN3CC2=C1Cl,O=C1CN2Cc3c(ccc(Cl)c3Cl)N=C2N1,True,256.092,True
OTVAEFIXJLOWRX-NXEZZACHSA-N,2624,thiamphenicol,CS(=O)(=O)C1=CC=C(C=C1)[C@@H](O)[C@@H](CO)NC(=O)C(Cl)Cl,CS(=O)(=O)c1ccc([C@@H](O)[C@@H](CO)NC(=O)C(Cl)Cl)cc1,True,356.2270000000001,True
OUDSBRTVNLOZBN-UHFFFAOYSA-N,2694,tolazamide,CC1=CC=C(C=C1)S(=O)(=O)NC(=O)NN1CCCCCC1,Cc1ccc(S(=O)(=O)NC(=O)NN2CCCCCC2)cc1,True,311.40700000000015,True
OUJTZYPIHDYQMC-LJQANCHMSA-N,4337,ambrisentan,COC([C@H](OC1=NC(C)=CC(C)=N1)C(O)=O)(C1=CC=CC=C1)C1=CC=CC=C1,COC(c1ccccc1)(c1ccccc1)[C@H](Oc1nc(C)cc(C)n1)C(=O)O,True,378.42800000000005,False
OUYCCCASQSFEME-QMMMGPOBSA-N,2786,tyrosine,N[C@@H](CC1=CC=C(O)C=C1)C(O)=O,N[C@@H](Cc1ccc(O)cc1)C(=O)O,True,181.19099999999997,False
OUZWUKMCLIBBOG-UHFFFAOYSA-N,1089,ethoxzolamide,CCOC1=CC2=C(C=C1)N=C(S2)S(N)(=O)=O,CCOc1ccc2nc(S(N)(=O)=O)sc2c1,True,258.32399999999996,False
OVBPIULPVIDEAO-LBPRGKRZSA-N,1231,folic acid,NC1=NC(=O)C2=NC(CNC3=CC=C(C=C3)C(=O)N[C@@H](CCC(O)=O)C(O)=O)=CNC2=N1,Nc1nc2[nH]cc(CNc3ccc(C(=O)N[C@@H](CCC(=O)O)C(=O)O)cc3)nc-2c(=O)n1,True,441.4040000000002,False
OVCDSSHSILBFBN-UHFFFAOYSA-N,186,amodiaquine,CCN(CC)CC1=C(O)C=CC(NC2=CC=NC3=CC(Cl)=CC=C23)=C1,CCN(CC)Cc1cc(Nc2ccnc3cc(Cl)ccc23)ccc1O,True,355.8690000000001,True
OWEGWHBOCFMBLP-UHFFFAOYSA-N,5064,climbazole,CC(C)(C)C(=O)C(OC1=CC=C(Cl)C=C1)N1C=CN=C1,CC(C)(C)C(=O)C(Oc1ccc(Cl)cc1)n1ccnc1,True,292.766,False
OWQUZNMMYNAXSL-UHFFFAOYSA-N,920,diphenylpyraline,CN1CCC(CC1)OC(C1=CC=CC=C1)C1=CC=CC=C1,CN1CCC(OC(c2ccccc2)c2ccccc2)CC1,True,281.399,False
OWYLAEYXIQKAOL-UHFFFAOYSA-N,422,buflomedil,COC1=CC(OC)=C(C(=O)CCCN2CCCC2)C(OC)=C1,COc1cc(OC)c(C(=O)CCCN2CCCC2)c(OC)c1,True,307.39,True
OYPPVKRFBIWMSX-SXGWCWSVSA-N,2863,zimeldine,CN(C)C\C=C(\C1=CC=C(Br)C=C1)C1=CN=CC=C1,CN(C)C/C=C(/c1ccc(Br)cc1)c1cccnc1,True,317.22999999999996,True
OYTKINVCDFNREN-UHFFFAOYSA-N,4336,amifampridine,NC1=CC=NC=C1N,Nc1ccncc1N,True,109.132,False
OYYDSUSKLWTMMQ-JKHIJQBDSA-N,2776,trospium,OC(C(=O)O[C@@H]1C[C@@H]2CC[C@H](C1)[N+]21CCCC1)(C1=CC=CC=C1)C1=CC=CC=C1,O=C(O[C@H]1C[C@H]2CC[C@@H](C1)[N+]21CCCC1)C(O)(c1ccccc1)c1ccccc1,True,392.519,True
OZGNYLLQHRPOBR-DHZHZOJOSA-N,1872,naftifine,CN(C\C=C\C1=CC=CC=C1)CC1=CC=CC2=CC=CC=C12,CN(C/C=C/c1ccccc1)Cc1cccc2ccccc12,True,287.406,True
OZLPUNFFCJDMJD-UHFFFAOYSA-N,1273,gallamine,CC[N+](CC)(CC)CCOC1=CC=CC(OCC[N+](CC)(CC)CC)=C1OCC[N+](CC)(CC)CC,CC[N+](CC)(CC)CCOc1cccc(OCC[N+](CC)(CC)CC)c1OCC[N+](CC)(CC)CC,True,510.8280000000005,True
OZOMQRBLCMDCEG-VIZOYTHASA-N,780,dantrolene,[O-][N+](=O)C1=CC=C(C=C1)C1=CC=C(O1)\C=N\N1CC(=O)NC1=O,O=C1CN(/N=C/c2ccc(-c3ccc([N+](=O)[O-])cc3)o2)C(=O)N1,True,314.257,True
OZVBMTJYIDMWIL-AYFBDAFISA-N,403,bromocriptine,CC(C)C[C@@H]1N2C(=O)[C@](NC(=O)[C@H]3CN(C)[C@@H]4CC5=C(Br)NC6=C5C(=CC=C6)C4=C3)(O[C@@]2(O)[C@@H]2CCCN2C1=O)C(C)C,CC(C)C[C@H]1C(=O)N2CCC[C@H]2[C@]2(O)O[C@](NC(=O)[C@@H]3C=C4c5cccc6[nH]c(Br)c(c56)C[C@H]4N(C)C3)(C(C)C)C(=O)N12,True,654.6059999999999,True
OZWKMVRBQXNZKK-UHFFFAOYSA-N,1529,ketorolac,OC(=O)C1CCN2C1=CC=C2C(=O)C1=CC=CC=C1,O=C(c1ccccc1)c1ccc2n1CCC2C(=O)O,True,255.27300000000002,True
PAJMKGZZBBTTOY-ZFORQUDYSA-N,2720,treprostinil,CCCCC[C@H](O)CC[C@H]1[C@H](O)C[C@@H]2CC3=C(OCC(O)=O)C=CC=C3C[C@H]12,CCCCC[C@H](O)CC[C@@H]1[C@H]2Cc3cccc(OCC(=O)O)c3C[C@H]2C[C@H]1O,True,390.52000000000015,True
PAQZZCOZHPGCFW-UHFFFAOYSA-N,3568,sulfinalol,COC1=CC=C(CCC(C)NCC(O)C2=CC(=C(O)C=C2)S(C)=O)C=C1,COc1ccc(CCC(C)NCC(O)c2ccc(O)c(S(C)=O)c2)cc1,True,377.5060000000001,False
PAZJSJFMUHDSTF-UHFFFAOYSA-N,137,alprenolol,CC(C)NCC(O)COC1=C(CC=C)C=CC=C1,C=CCc1ccccc1OCC(O)CNC(C)C,True,249.35399999999998,True
PAZQYDJGLKSCSI-UHFFFAOYSA-N,1360,heptabarb,CCC1(C(=O)NC(=O)NC1=O)C1=CCCCCC1,CCC1(C2=CCCCCC2)C(=O)NC(=O)NC1=O,True,250.29799999999992,True
PBJUNZJWGZTSKL-MRXNPFEDSA-N,2648,tiagabine,CC1=C(SC=C1)C(=CCCN1CCC[C@H](C1)C(O)=O)C1=C(C)C=CS1,Cc1ccsc1C(=CCCN1CCC[C@@H](C(=O)O)C1)c1sccc1C,True,375.559,False
PBMSWVPMRUJMPE-UHFFFAOYSA-N,2158,phthalylsulfathiazole,OC(=O)C1=C(C=CC=C1)C(=O)NC1=CC=C(C=C1)S(=O)(=O)NC1=NC=CS1,O=C(O)c1ccccc1C(=O)Nc1ccc(S(=O)(=O)Nc2nccs2)cc1,True,403.4410000000001,False
PCHKPVIQAHNQLW-CQSZACIVSA-N,5222,niraparib,NC(=O)C1=CC=CC2=CN(N=C12)C1=CC=C(C=C1)[C@@H]1CCCNC1,NC(=O)c1cccc2cn(-c3ccc([C@@H]4CCCNC4)cc3)nc12,True,320.39600000000013,False
PCSWXVJAIHCTMO-UHFFFAOYSA-P,4376,dequalinium,CC1=[N+](CCCCCCCCCC[N+]2=C(C)C=C(N)C3=CC=CC=C23)C2=CC=CC=C2C(N)=C1,Cc1cc(N)c2ccccc2[n+]1CCCCCCCCCC[n+]1c(C)cc(N)c2ccccc21,True,456.67800000000017,False
PCZOHLXUXFIOCF-BXMDZJJMSA-N,1612,lovastatin,CC[C@H](C)C(=O)O[C@H]1C[C@@H](C)C=C2C=C[C@H](C)[C@H](CC[C@@H]3C[C@@H](O)CC(=O)O3)[C@@H]12,CC[C@H](C)C(=O)O[C@H]1C[C@@H](C)C=C2C=C[C@H](C)[C@H](CC[C@@H]3C[C@@H](O)CC(=O)O3)[C@H]21,True,404.54700000000025,True
PEDCQBHIVMGVHV-UHFFFAOYSA-N,1316,glycerol,OCC(O)CO,OCC(O)CO,True,92.09400000000001,False
PFOLLRNADZZWEX-FFGRCDKISA-N,280,bacampicillin,CCOC(=O)OC(C)OC(=O)[C@@H]1N2[C@H](SC1(C)C)[C@H](NC(=O)[C@H](N)C1=CC=CC=C1)C2=O,CCOC(=O)OC(C)OC(=O)[C@@H]1N2C(=O)[C@@H](NC(=O)[C@H](N)c3ccccc3)[C@H]2SC1(C)C,True,465.5280000000002,True
PHLBKPHSAVXXEF-UHFFFAOYSA-N,2717,trazodone,ClC1=CC=CC(=C1)N1CCN(CCCN2N=C3C=CC=CN3C2=O)CC1,O=c1n(CCCN2CCN(c3cccc(Cl)c3)CC2)nc2ccccn12,True,371.87200000000007,True
PHVGLTMQBUFIQQ-UHFFFAOYSA-N,1971,nortriptyline,CNCCC=C1C2=CC=CC=C2CCC2=C1C=CC=C2,CNCCC=C1c2ccccc2CCc2ccccc21,True,263.38399999999996,True
PHWBOXQYWZNQIN-UHFFFAOYSA-N,2657,ticlopidine,ClC1=C(CN2CCC3=C(C2)C=CS3)C=CC=C1,Clc1ccccc1CN1CCc2sccc2C1,True,263.793,True
PHWXUGHIIBDVKD-UHFFFAOYSA-N,3548,sitaxentan,CC1=NOC(NS(=O)(=O)C2=C(SC=C2)C(=O)CC2=CC3=C(OCO3)C=C2C)=C1Cl,Cc1cc2c(cc1CC(=O)c1sccc1S(=O)(=O)Nc1onc(C)c1Cl)OCO2,True,454.91300000000035,False
PHXJVRSECIGDHY-UHFFFAOYSA-N,4716,ponatinib,CN1CCN(CC2=CC=C(NC(=O)C3=CC=C(C)C(=C3)C#CC3=CN=C4C=CC=NN34)C=C2C(F)(F)F)CC1,Cc1ccc(C(=O)Nc2ccc(CN3CCN(C)CC3)c(C(F)(F)F)c2)cc1C#Cc1cnc2cccnn12,True,532.57,True
PIDSZXPFGCURGN-UHFFFAOYSA-N,2213,pirprofen,CC(C(O)=O)C1=CC(Cl)=C(C=C1)N1CC=CC1,CC(C(=O)O)c1ccc(N2CC=CC2)c(Cl)c1,True,251.713,True
PIJVFDBKTWXHHD-HIFRSBDPSA-N,2159,physostigmine,CNC(=O)OC1=CC=C2N(C)[C@H]3N(C)CC[C@@]3(C)C2=C1,CNC(=O)Oc1ccc2c(c1)[C@]1(C)CCN(C)[C@@H]1N2C,True,275.352,True
PJDFLNIOAUIZSL-UHFFFAOYSA-N,2819,vigabatrin,NC(CCC(O)=O)C=C,C=CC(N)CCC(=O)O,True,129.15899999999996,True
PJMPHNIQZUBGLI-UHFFFAOYSA-N,1164,fentanyl,CCC(=O)N(C1CCN(CCC2=CC=CC=C2)CC1)C1=CC=CC=C1,CCC(=O)N(c1ccccc1)C1CCN(CCc2ccccc2)CC1,True,336.47900000000004,False
PJSFRIWCGOHTNF-UHFFFAOYSA-N,2503,sulfadoxine,COC1=C(OC)C(NS(=O)(=O)C2=CC=C(N)C=C2)=NC=N1,COc1ncnc(NS(=O)(=O)c2ccc(N)cc2)c1OC,True,310.335,False
PJVWKTKQMONHTI-UHFFFAOYSA-N,2847,warfarin,CC(=O)CC(C1=CC=CC=C1)C1=C(O)C2=CC=CC=C2OC1=O,CC(=O)CC(c1ccccc1)c1c(O)c2ccccc2oc1=O,True,308.3330000000001,True
PJWPNDMDCLXCOM-UHFFFAOYSA-N,1007,encainide,COC1=CC=C(C=C1)C(=O)NC1=CC=CC=C1CCC1CCCCN1C,COc1ccc(C(=O)Nc2ccccc2CCC2CCCCN2C)cc1,True,352.4780000000002,True
PLBHSZGDDKCEHR-LFYFAGGJSA-N,1770,methylprednisolone acetate,C[C@H]1C[C@H]2[C@@H]3CC[C@](O)(C(=O)COC(C)=O)[C@@]3(C)C[C@H](O)[C@@H]2[C@@]2(C)C=CC(=O)C=C12,CC(=O)OCC(=O)[C@@]1(O)CC[C@H]2[C@@H]3C[C@H](C)C4=CC(=O)C=C[C@]4(C)[C@H]3[C@@H](O)C[C@@]21C,True,416.5140000000001,False
PLDUPXSUYLZYBN-UHFFFAOYSA-N,1212,fluphenazine,OCCN1CCN(CCCN2C3=CC=CC=C3SC3=CC=C(C=C23)C(F)(F)F)CC1,OCCN1CCN(CCCN2c3ccccc3Sc3ccc(C(F)(F)F)cc32)CC1,True,437.5310000000002,True
PLIGPBGDXASWPX-UHFFFAOYSA-N,1478,iprindole,CN(C)CCCN1C2=C(CCCCCC2)C2=CC=CC=C12,CN(C)CCCn1c2c(c3ccccc31)CCCCCC2,True,284.44699999999995,True
PMATZTZNYRCHOR-CGLBZJNRSA-N,760,ciclosporin,CC[C@@H]1NC(=O)[C@H]([C@H](O)[C@H](C)C\C=C\C)N(C)C(=O)[C@H](C(C)C)N(C)C(=O)[C@H](CC(C)C)N(C)C(=O)[C@H](CC(C)C)N(C)C(=O)[C@@H](C)NC(=O)[C@H](C)NC(=O)[C@H](CC(C)C)N(C)C(=O)[C@@H](NC(=O)[C@H](CC(C)C)N(C)C(=O)CN(C)C1=O)C(C)C,C/C=C/C[C@@H](C)[C@@H](O)[C@H]1C(=O)N[C@@H](CC)C(=O)N(C)CC(=O)N(C)[C@@H](CC(C)C)C(=O)N[C@@H](C(C)C)C(=O)N(C)[C@@H](CC(C)C)C(=O)N[C@@H](C)C(=O)N[C@H](C)C(=O)N(C)[C@@H](CC(C)C)C(=O)N(C)[C@@H](CC(C)C)C(=O)N(C)[C@@H](C(C)C)C(=O)N1C,True,1202.634999999999,True
PMMYEEVYMWASQN-DMTCNVIQSA-N,4272,hydroxyproline,O[C@H]1CN[C@@H](C1)C(O)=O,O=C(O)[C@@H]1C[C@@H](O)CN1,True,131.13099999999997,False
PMRYVIKBURPHAH-UHFFFAOYSA-N,1745,thiamazole,CN1C=CNC1=S,Cn1cc[nH]c1=S,True,114.173,False
PNCPYILNMDWPEY-QGZVFWFLSA-N,4151,silodosin,C[C@H](CC1=CC2=C(N(CCCO)CC2)C(=C1)C(N)=O)NCCOC1=CC=CC=C1OCC(F)(F)F,C[C@H](Cc1cc2c(c(C(N)=O)c1)N(CCCO)CC2)NCCOc1ccccc1OCC(F)(F)F,True,495.5420000000002,False
PNVNVHUZROJLTJ-UHFFFAOYSA-N,2813,venlafaxine,COC1=CC=C(C=C1)C(CN(C)C)C1(O)CCCCC1,COc1ccc(C(CN(C)C)C2(O)CCCCC2)cc1,True,277.408,True
POGQSBRIGCQNEG-UHFFFAOYSA-N,3534,rufinamide,NC(=O)C1=CN(CC2=C(F)C=CC=C2F)N=N1,NC(=O)c1cn(Cc2c(F)cccc2F)nn1,True,238.197,False
PPRRDFIXUUSXRA-UHFFFAOYSA-N,5022,flibanserin,FC(F)(F)C1=CC=CC(=C1)N1CCN(CCN2C(=O)NC3=CC=CC=C23)CC1,O=c1[nH]c2ccccc2n1CCN1CCN(c2cccc(C(F)(F)F)c2)CC1,True,390.4090000000001,False
PPTYJKAXVCCBDU-UHFFFAOYSA-N,1202,flunitrazepam,CN1C2=CC=C(C=C2C(=NCC1=O)C1=C(F)C=CC=C1)[N+]([O-])=O,CN1C(=O)CN=C(c2ccccc2F)c2cc([N+](=O)[O-])ccc21,True,313.288,True
PQXKDMSYBGKCJA-CVTJIBDQSA-N,4168,lurasidone,O=C1[C@H]2[C@@H]3CC[C@@H](C3)[C@H]2C(=O)N1C[C@@H]1CCCC[C@H]1CN1CCN(CC1)C1=NSC2=C1C=CC=C2,O=C1[C@@H]2[C@H]3CC[C@H](C3)[C@@H]2C(=O)N1C[C@@H]1CCCC[C@H]1CN1CCN(c2nsc3ccccc23)CC1,True,492.68900000000025,False
PRMWGUBFXWROHD-UHFFFAOYSA-N,4684,perampanel,O=C1N(C=C(C=C1C1=C(C=CC=C1)C#N)C1=CC=CC=N1)C1=CC=CC=C1,N#Cc1ccccc1-c1cc(-c2ccccn2)cn(-c2ccccc2)c1=O,True,349.3930000000001,True
PROQIPRRNZUXQM-ZXXIGWHRSA-N,3187,estriol,C[C@]12CC[C@H]3[C@@H](CCC4=C3C=CC(O)=C4)[C@@H]1C[C@@H](O)[C@@H]2O,C[C@]12CC[C@@H]3c4ccc(O)cc4CC[C@H]3[C@@H]1C[C@@H](O)[C@@H]2O,True,288.387,False
PSGAAPLEWMOORI-PEINSRQWSA-N,1659,medroxyprogesterone,C[C@H]1C[C@H]2[C@@H]3CC[C@](OC(C)=O)(C(C)=O)[C@@]3(C)CC[C@@H]2[C@@]2(C)CCC(=O)C=C12,CC(=O)O[C@]1(C(C)=O)CC[C@H]2[C@@H]3C[C@H](C)C4=CC(=O)CC[C@]4(C)[C@H]3CC[C@@]21C,True,386.5320000000002,False
PSIFNNKUMBGKDQ-UHFFFAOYSA-N,1610,losartan,CCCCC1=NC(Cl)=C(CO)N1CC1=CC=C(C=C1)C1=C(C=CC=C1)C1=NN=NN1,CCCCc1nc(Cl)c(CO)n1Cc1ccc(-c2ccccc2-c2nnn[nH]2)cc1,True,422.9200000000001,True
PSVDIHULUCLEJE-UHFFFAOYSA-N,1337,guaimesal,COC1=C(OC2(C)OC(=O)C3=CC=CC=C3O2)C=CC=C1,COc1ccccc1OC1(C)OC(=O)c2ccccc2O1,True,286.283,False
PSWFFKRAVBDQEG-YGQNSOCVSA-N,2645,thymopentin,CC(C)[C@H](NC(=O)[C@H](CC(O)=O)NC(=O)[C@H](CCCCN)NC(=O)[C@@H](N)CCCNC(N)=N)C(=O)N[C@@H](CC1=CC=C(O)C=C1)C(O)=O,CC(C)[C@H](NC(=O)[C@H](CC(=O)O)NC(=O)[C@H](CCCCN)NC(=O)[C@@H](N)CCCNC(=N)N)C(=O)N[C@@H](Cc1ccc(O)cc1)C(=O)O,True,679.7760000000003,True
PTGXAUBQBSGPKF-UHFFFAOYSA-N,1976,buphenine,CC(CCC1=CC=CC=C1)NC(C)C(O)C1=CC=C(O)C=C1,CC(CCc1ccccc1)NC(C)C(O)c1ccc(O)cc1,True,299.41400000000004,True
PTHLEKANMPKYDB-UHFFFAOYSA-N,1180,flopropione,CCC(=O)C1=C(O)C=C(O)C=C1O,CCC(=O)c1c(O)cc(O)cc1O,True,182.17499999999998,False
PTKSEFOSCHHMPD-UHFFFAOYSA-N,1803,midodrine,COC1=CC(C(O)CNC(=O)CN)=C(OC)C=C1,COc1ccc(OC)c(C(O)CNC(=O)CN)c1,True,254.28599999999997,True
PTOAARAWEBMLNO-KVQBGUIXSA-N,667,cladribine,NC1=C2N=CN([C@H]3C[C@H](O)[C@@H](CO)O3)C2=NC(Cl)=N1,Nc1nc(Cl)nc2c1ncn2[C@H]1C[C@H](O)[C@@H](CO)O1,True,285.691,True
PTVWPYVOOKLBCG-ZDUSSCGKSA-N,1568,levodropropizine,OC[C@@H](O)CN1CCN(CC1)C1=CC=CC=C1,OC[C@@H](O)CN1CCN(c2ccccc2)CC1,True,236.31500000000003,True
PUFQVTATUTYEAL-UHFFFAOYSA-N,859,cinchocaine,CCCCOC1=NC2=CC=CC=C2C(=C1)C(=O)NCCN(CC)CC,CCCCOc1cc(C(=O)NCCN(CC)CC)c2ccccc2n1,True,343.4710000000002,True
PURKAOJPTOLRMP-UHFFFAOYSA-N,4228,ivacaftor,CC(C)(C)C1=CC(=C(NC(=O)C2=CNC3=CC=CC=C3C2=O)C=C1O)C(C)(C)C,CC(C)(C)c1cc(C(C)(C)C)c(NC(=O)c2c[nH]c3ccccc3c2=O)cc1O,True,392.4990000000002,True
PUXBGTOOZJQSKH-UHFFFAOYSA-N,518,carprofen,CC(C(O)=O)C1=CC2=C(C=C1)C1=CC(Cl)=CC=C1N2,CC(C(=O)O)c1ccc2c(c1)[nH]c1ccc(Cl)cc12,True,273.719,True
PVHUJELLJLJGLN-UHFFFAOYSA-N,1947,nitrendipine,CCOC(=O)C1=C(C)NC(C)=C(C1C1=CC(=CC=C1)[N+]([O-])=O)C(=O)OC,CCOC(=O)C1=C(C)NC(C)=C(C(=O)OC)C1c1cccc([N+](=O)[O-])c1,True,360.36600000000016,True
PVLJETXTTWAYEW-UHFFFAOYSA-N,1824,mizolastine,CN(C1CCN(CC1)C1=NC2=C(C=CC=C2)N1CC1=CC=C(F)C=C1)C1=NC=CC(=O)N1,CN(c1nccc(=O)[nH]1)C1CCN(c2nc3ccccc3n2Cc2ccc(F)cc2)CC1,True,432.5030000000001,True
PVNIIMVLHYAWGP-UHFFFAOYSA-N,2835,nicotinic acid,OC(=O)C1=CN=CC=C1,O=C(O)c1cccnc1,True,123.11099999999998,True
PWACSDKDOHSSQD-IUTFFREVSA-N,82,acrivastine,CC1=CC=C(C=C1)C(=C/CN1CCCC1)\C1=CC=CC(\C=C\C(O)=O)=N1,Cc1ccc(/C(=C\CN2CCCC2)c2cccc(/C=C/C(=O)O)n2)cc1,True,348.446,True
PWAUCHMQEXVFJR-PMAPCBKXSA-N,552,cefpiramide,CN1N=NN=C1SCC1=C(N2[C@H](SC1)[C@H](NC(=O)[C@H](NC(=O)C1=CN=C(C)C=C1O)C1=CC=C(O)C=C1)C2=O)C(O)=O,Cc1cc(O)c(C(=O)N[C@@H](C(=O)N[C@@H]2C(=O)N3C(C(=O)O)=C(CSc4nnnn4C)CS[C@H]23)c2ccc(O)cc2)cn1,True,612.6500000000003,True
PWHROYKAGRUWDQ-UHFFFAOYSA-N,919,difenpiramide,O=C(CC1=CC=C(C=C1)C1=CC=CC=C1)NC1=CC=CC=N1,O=C(Cc1ccc(-c2ccccc2)cc1)Nc1ccccn1,True,288.35,False
PWKSKIMOESPYIA-BYPYZUCNSA-N,66,acetylcysteine,CC(=O)N[C@@H](CS)C(O)=O,CC(=O)N[C@@H](CS)C(=O)O,True,163.198,True
PWNMXPDKBYZCOO-UHFFFAOYSA-N,2325,prulifloxacin,CC1SC2=C(C(O)=O)C(=O)C3=CC(F)=C(C=C3N12)N1CCN(CC2=C(C)OC(=O)O2)CC1,Cc1oc(=O)oc1CN1CCN(c2cc3c(cc2F)c(=O)c(C(=O)O)c2n3C(C)S2)CC1,True,461.47100000000034,False
PWVXXGRKLHYWKM-LJQANCHMSA-N,995,eletriptan,CN1CCC[C@@H]1CC1=CNC2=C1C=C(CCS(=O)(=O)C1=CC=CC=C1)C=C2,CN1CCC[C@@H]1Cc1c[nH]c2ccc(CCS(=O)(=O)c3ccccc3)cc12,True,382.52900000000005,False
PWWVAXIEGOYWEE-UHFFFAOYSA-N,2286,promethazine,CC(CN1C2=CC=CC=C2SC2=C1C=CC=C2)N(C)C,CC(CN1c2ccccc2Sc2ccccc21)N(C)C,True,284.428,True
PWZUUYSISTUNDW-VAFBSOEGSA-N,2342,quinestrol,C[C@]12CC[C@H]3[C@@H](CCC4=C3C=CC(OC3CCCC3)=C4)[C@@H]1CC[C@@]2(O)C#C,C#C[C@]1(O)CC[C@H]2[C@@H]3CCc4cc(OC5CCCC5)ccc4[C@H]3CC[C@@]21C,True,364.5290000000001,True
PXBVEXGRHZFEOF-UHFFFAOYSA-N,469,camazepam,CN(C)C(=O)OC1N=C(C2=CC=CC=C2)C2=CC(Cl)=CC=C2N(C)C1=O,CN(C)C(=O)OC1N=C(c2ccccc2)c2cc(Cl)ccc2N(C)C1=O,True,371.8240000000001,True
PXGPLTODNUVGFL-YNNPMVKQSA-N,912,dinoprost,CCCCC[C@H](O)\C=C\[C@H]1[C@H](O)C[C@H](O)[C@@H]1C\C=C/CCCC(O)=O,CCCCC[C@H](O)/C=C/[C@@H]1[C@@H](C/C=C\CCCC(=O)O)[C@@H](O)C[C@H]1O,True,354.48700000000014,False
PXWLVJLKJGVOKE-UHFFFAOYSA-N,2309,propyphenazone,CC(C)C1=C(C)N(C)N(C1=O)C1=CC=CC=C1,Cc1c(C(C)C)c(=O)n(-c2ccccc2)n1C,True,230.311,False
PYGWGZALEOIKDF-UHFFFAOYSA-N,1115,etravirine,CC1=CC(=CC(C)=C1OC1=NC(NC2=CC=C(C=C2)C#N)=NC(N)=C1Br)C#N,Cc1cc(C#N)cc(C)c1Oc1nc(Nc2ccc(C#N)cc2)nc(N)c1Br,True,435.28500000000014,False
PYZRQGJRPPTADH-UHFFFAOYSA-N,1540,lamotrigine,NC1=NN=C(C(N)=N1)C1=C(Cl)C(Cl)=CC=C1,Nc1nnc(-c2cccc(Cl)c2Cl)c(N)n1,True,256.096,True
PZBCKZWLPGJMAO-UHFFFAOYSA-N,5256,copanlisib,COC1=C(OCCCN2CCOCC2)C=CC2=C1N=C(NC(=O)C1=CN=C(N)N=C1)N1CCN=C21,COc1c(OCCCN2CCOCC2)ccc2c1N=C(NC(=O)c1cnc(N)nc1)N1CCN=C21,True,480.5290000000002,False
PZRHRDRVRGEVNW-UHFFFAOYSA-N,1809,milrinone,CC1=C(C=C(C#N)C(=O)N1)C1=CC=NC=C1,Cc1[nH]c(=O)c(C#N)cc1-c1ccncc1,True,211.22400000000002,True
QAGYKUNXZHXKMR-HKWSIXNMSA-N,1893,nelfinavir,CC1=C(C=CC=C1O)C(=O)N[C@@H](CSC1=CC=CC=C1)[C@H](O)CN1C[C@H]2CCCC[C@H]2C[C@H]1C(=O)NC(C)(C)C,Cc1c(O)cccc1C(=O)N[C@@H](CSc1ccccc1)[C@H](O)CN1C[C@H]2CCCC[C@H]2C[C@H]1C(=O)NC(C)(C)C,True,567.7960000000003,False
QANMHLXAZMSUEX-UHFFFAOYSA-N,3976,kinetin,C(NC1=C2N=CN=C2N=CN1)C1=CC=CO1,c1coc(CNc2[nH]cnc3ncnc2-3)c1,True,215.21600000000004,False
QCDFBFJGMNKBDO-UHFFFAOYSA-N,681,clioquinol,OC1=C2N=CC=CC2=C(Cl)C=C1I,Oc1c(I)cc(Cl)c2cccnc12,True,305.50199999999995,False
QCHFTSOMWOSFHM-WPRPVWTQSA-N,2166,pilocarpine,CC[C@H]1[C@@H](CC2=CN=CN2C)COC1=O,CC[C@@H]1C(=O)OC[C@@H]1Cc1cncn1C,True,208.26099999999997,True
QDGZDCVAUDNJFG-FXQIFTODSA-N,1019,entecavir,NC1=NC2=C(N=CN2[C@H]2C[C@H](O)[C@@H](CO)C2=C)C(=O)N1,C=C1[C@H](CO)[C@@H](O)C[C@@H]1n1cnc2c(=O)[nH]c(N)nc21,True,277.28399999999993,False
QELSKZZBTMNZEB-UHFFFAOYSA-N,2307,propylparaben,CCCOC(=O)C1=CC=C(O)C=C1,CCCOC(=O)c1ccc(O)cc1,True,180.20299999999997,False
QELUYTUMUWHWMC-UHFFFAOYSA-N,4156,edaravone,CC1=NN(C(=O)C1)C1=CC=CC=C1,CC1=NN(c2ccccc2)C(=O)C1,True,174.203,False
QEVHRUUCFGRFIF-MDEJGZGSSA-N,2370,reserpine,CO[C@H]1[C@@H](C[C@@H]2CN3CCC4=C(NC5=C4C=CC(OC)=C5)[C@H]3C[C@@H]2[C@@H]1C(=O)OC)OC(=O)C1=CC(OC)=C(OC)C(OC)=C1,COC(=O)[C@H]1[C@H]2C[C@@H]3c4[nH]c5cc(OC)ccc5c4CCN3C[C@H]2C[C@@H](OC(=O)c2cc(OC)c(OC)c(OC)c2)[C@@H]1OC,True,608.6880000000003,True
QFWPJPIVLCBXFJ-UHFFFAOYSA-N,1321,glymidine,COCCOC1=CN=C(NS(=O)(=O)C2=CC=CC=C2)N=C1,COCCOc1cnc(NS(=O)(=O)c2ccccc2)nc1,True,309.34700000000004,False
QGFORSXNKQLDNO-UHFFFAOYSA-N,1041,erdosteine,OC(=O)CSCC(=O)NC1CCSC1=O,O=C(O)CSCC(=O)NC1CCSC1=O,True,249.313,True
QGJUIPDUBHWZPV-SGTAVMJGSA-N,4114,saxagliptin,N[C@H](C(=O)N1[C@H]2C[C@H]2C[C@H]1C#N)C12CC3CC(CC(O)(C3)C1)C2,N#C[C@@H]1C[C@@H]2C[C@@H]2N1C(=O)[C@@H](N)C12CC3CC(CC(O)(C3)C1)C2,True,315.4170000000001,True
QGPKADBNRMWEQR-UHFFFAOYSA-N,677,clinafloxacin,NC1CCN(C1)C1=C(F)C=C2C(=O)C(=CN(C3CC3)C2=C1Cl)C(O)=O,NC1CCN(c2c(F)cc3c(=O)c(C(=O)O)cn(C4CC4)c3c2Cl)C1,True,365.79200000000014,False
QHMBSVQNZZTUGM-ZWKOTPCHSA-N,5288,cannabidiol,CCCCCC1=CC(O)=C([C@@H]2C=C(C)CC[C@H]2C(C)=C)C(O)=C1,C=C(C)[C@@H]1CCC(C)=C[C@H]1c1c(O)cc(CCCCC)cc1O,True,314.469,False
QHMWCHQXCUNUAK-UHFFFAOYSA-N,1227,flutrimazole,FC1=CC=C(C=C1)C(N1C=CN=C1)(C1=CC=CC=C1)C1=C(F)C=CC=C1,Fc1ccc(C(c2ccccc2)(c2ccccc2F)n2ccnc2)cc1,True,346.3800000000001,True
QIHLUZAFSSMXHQ-UHFFFAOYSA-N,420,budipine,CC(C)(C)N1CCC(CC1)(C1=CC=CC=C1)C1=CC=CC=C1,CC(C)(C)N1CCC(c2ccccc2)(c2ccccc2)CC1,True,293.454,False
QIQXTHQIDYTFRH-UHFFFAOYSA-N,4611,stearic acid,CCCCCCCCCCCCCCCCCC(O)=O,CCCCCCCCCCCCCCCCCC(=O)O,True,284.4839999999999,False
QLTVVOATEHFXLT-UHFFFAOYSA-N,461,cadralazine,CCOC(=O)NNC1=CC=C(N=N1)N(CC)CC(C)O,CCOC(=O)NNc1ccc(N(CC)CC(C)O)nn1,True,283.332,True
QMHSXPLYMTVAMK-UHFFFAOYSA-N,2335,pyrvinium,CN(C)C1=CC=C2C(C=CC(\C=C\C3=C(C)N(C(C)=C3)C3=CC=CC=C3)=[N+]2C)=C1,Cc1cc(/C=C/c2ccc3cc(N(C)C)ccc3[n+]2C)c(C)n1-c1ccccc1,True,382.53100000000006,False
QNEXFJFTGQBXBJ-UHFFFAOYSA-N,3814,fenoxypropazine,CC(COC1=CC=CC=C1)NN,CC(COc1ccccc1)NN,True,166.224,False
QNZCBYKSOIHPEH-UHFFFAOYSA-N,4298,apixaban,COC1=CC=C(C=C1)N1N=C(C(N)=O)C2=C1C(=O)N(CC2)C1=CC=C(C=C1)N1CCCCC1=O,COc1ccc(-n2nc(C(N)=O)c3c2C(=O)N(c2ccc(N4CCCCC4=O)cc2)CC3)cc1,True,459.5060000000003,False
QOYHHIBFXOOADH-UHFFFAOYSA-N,1222,fluspirilene,FC1=CC=C(C=C1)C(CCCN1CCC2(CC1)N(CNC2=O)C1=CC=CC=C1)C1=CC=C(F)C=C1,O=C1NCN(c2ccccc2)C12CCN(CCCC(c1ccc(F)cc1)c1ccc(F)cc1)CC2,True,475.5830000000001,True
QPCDCPDFJACHGM-UHFFFAOYSA-N,2092,pentetic acid,OC(=O)CN(CCN(CC(O)=O)CC(O)=O)CCN(CC(O)=O)CC(O)=O,O=C(O)CN(CCN(CC(=O)O)CC(=O)O)CCN(CC(=O)O)CC(=O)O,True,393.3490000000002,False
QPCVHQBVMYCJOM-UHFFFAOYSA-N,2300,propiverine,CCCOC(C(=O)OC1CCN(C)CC1)(C1=CC=CC=C1)C1=CC=CC=C1,CCCOC(C(=O)OC1CCN(C)CC1)(c1ccccc1)c1ccccc1,True,367.489,True
QPFYXYFORQJZEC-FOCLMDBBSA-N,2120,phenazopyridine,NC1=NC(N)=C(C=C1)\N=N\C1=CC=CC=C1,Nc1ccc(/N=N/c2ccccc2)c(N)n1,True,213.244,False
QPGGEKPRGVJKQB-UHFFFAOYSA-N,856,dibenzepin,CN(C)CCN1C2=C(C=CC=C2)N(C)C2=CC=CC=C2C1=O,CN(C)CCN1C(=O)c2ccccc2N(C)c2ccccc21,True,295.3860000000001,False
QPPBRPIAZZHUNT-UHFFFAOYSA-N,2510,sulfamerazine,CC1=CC=NC(NS(=O)(=O)C2=CC=C(N)C=C2)=N1,Cc1ccnc(NS(=O)(=O)c2ccc(N)cc2)n1,True,264.31,True
QQHMKNYGKVVGCZ-UHFFFAOYSA-N,4893,tipiracil,ClC1=C(CN2CCCC2=N)NC(=O)NC1=O,N=C1CCCN1Cc1[nH]c(=O)[nH]c(=O)c1Cl,True,242.66600000000003,False
QQOBRRFOVWGIMD-OJAKKHQRSA-N,27,azaribine,CC(=O)OC[C@H]1O[C@H]([C@H](OC(C)=O)[C@@H]1OC(C)=O)N1N=CC(=O)NC1=O,CC(=O)OC[C@H]1O[C@@H](n2ncc(=O)[nH]c2=O)[C@H](OC(C)=O)[C@@H]1OC(C)=O,True,371.3020000000001,False
QQQIECGTIMUVDS-UHFFFAOYSA-N,1512,itopride,COC1=C(OC)C=C(C=C1)C(=O)NCC1=CC=C(OCCN(C)C)C=C1,COc1ccc(C(=O)NCc2ccc(OCCN(C)C)cc2)cc1OC,True,358.43800000000016,True
QRCJOCOSPZMDJY-UHFFFAOYSA-N,2802,valnoctamide,CCC(C)C(CC)C(N)=O,CCC(C)C(CC)C(N)=O,True,143.23,True
QRXWMOHMRWLFEY-UHFFFAOYSA-N,1497,isoniazid,NNC(=O)C1=CC=NC=C1,NNC(=O)c1ccncc1,True,137.142,True
QRZAKQDHEVVFRX-UHFFFAOYSA-N,1141,felbinac,OC(=O)CC1=CC=C(C=C1)C1=CC=CC=C1,O=C(O)Cc1ccc(-c2ccccc2)cc1,True,212.24800000000002,True
QSLMDECMDJKHMQ-UHFFFAOYSA-N,1634,maprotiline,CNCCCC12CCC(C3=CC=CC=C13)C1=C2C=CC=C1,CNCCCC12CCC(c3ccccc31)c1ccccc12,True,277.411,False
QTGAJCQTLIRCFL-UHFFFAOYSA-N,2290,propacetamol,CCN(CC)CC(=O)OC1=CC=C(NC(C)=O)C=C1,CCN(CC)CC(=O)Oc1ccc(NC(C)=O)cc1,True,264.325,True
QTGIAADRBBLJGA-UHFFFAOYSA-N,3070,articaine,CCCNC(C)C(=O)NC1=C(SC=C1C)C(=O)OC,CCCNC(C)C(=O)Nc1c(C)csc1C(=O)OC,True,284.38100000000003,False
QTTRZHGPGKRAFB-OOKHYKNYSA-N,2384,rimexolone,CCC(=O)[C@@]1(C)[C@H](C)C[C@H]2[C@@H]3CCC4=CC(=O)C=C[C@]4(C)[C@H]3[C@@H](O)C[C@]12C,CCC(=O)[C@@]1(C)[C@H](C)C[C@H]2[C@@H]3CCC4=CC(=O)C=C[C@]4(C)[C@H]3[C@@H](O)C[C@@]21C,True,370.53300000000013,True
QUIJNHUBAXPXFS-XLJNKUFUSA-N,4741,bedaquiline,COC1=NC2=C(C=C(Br)C=C2)C=C1[C@@H](C1=CC=CC=C1)[C@@](O)(CCN(C)C)C1=CC=CC2=C1C=CC=C2,COc1nc2ccc(Br)cc2cc1[C@@H](c1ccccc1)[C@@](O)(CCN(C)C)c1cccc2ccccc12,True,555.5160000000003,False
QVYRGXJJSLMXQH-UHFFFAOYSA-N,1999,orphenadrine,CN(C)CCOC(C1=CC=CC=C1)C1=C(C)C=CC=C1,Cc1ccccc1C(OCCN(C)C)c1ccccc1,True,269.388,False
QVZCXCJXTMIDME-UHFFFAOYSA-N,893,dilazep,COC1=CC(=CC(OC)=C1OC)C(=O)OCCCN1CCCN(CCCOC(=O)C2=CC(OC)=C(OC)C(OC)=C2)CC1,COc1cc(C(=O)OCCCN2CCCN(CCCOC(=O)c3cc(OC)c(OC)c(OC)c3)CC2)cc(OC)c1OC,True,604.6970000000002,True
QWAXKHKRTORLEM-UGJKXSETSA-N,2422,saquinavir,CC(C)(C)NC(=O)[C@@H]1C[C@@H]2CCCC[C@@H]2CN1C[C@@H](O)[C@H](CC1=CC=CC=C1)NC(=O)[C@H](CC(N)=O)NC(=O)C1=NC2=CC=CC=C2C=C1,CC(C)(C)NC(=O)[C@@H]1C[C@@H]2CCCC[C@@H]2CN1C[C@@H](O)[C@H](Cc1ccccc1)NC(=O)[C@H](CC(N)=O)NC(=O)c1ccc2ccccc2n1,True,670.855,True
QWCRAEMEVRGPNT-UHFFFAOYSA-N,437,buspirone,O=C1CC2(CCCC2)CC(=O)N1CCCCN1CCN(CC1)C1=NC=CC=N1,O=C1CC2(CCCC2)CC(=O)N1CCCCN1CCN(c2ncccn2)CC1,True,385.5120000000001,True
QWGDMFLQWFTERH-UHFFFAOYSA-N,191,amoxapine,ClC1=CC=C2OC3=C(C=CC=C3)N=C(N3CCNCC3)C2=C1,Clc1ccc2c(c1)C(N1CCNCC1)=Nc1ccccc1O2,True,313.78800000000007,True
QXHHHPZILQDDPS-UHFFFAOYSA-N,2675,tioconazole,ClC1=C(COC(CN2C=CN=C2)C2=C(Cl)C=C(Cl)C=C2)C=CS1,Clc1ccc(C(Cn2ccnc2)OCc2ccsc2Cl)c(Cl)c1,True,387.71900000000005,True
QXKHYNVANLEOEG-UHFFFAOYSA-N,30,methoxsalen,COC1=C2OC=CC2=CC2=C1OC(=O)C=C2,COc1c2occc2cc2ccc(=O)oc12,True,216.19199999999995,False
QXWYKJLNLSIPIN-JGVFFNPUSA-N,971,droxidopa,N[C@@H]([C@H](O)C1=CC(O)=C(O)C=C1)C(O)=O,N[C@H](C(=O)O)[C@H](O)c1ccc(O)c(O)c1,True,213.189,False
QXWZQTURMXZVHJ-UHFFFAOYSA-N,5077,selexipag,CC(C)N(CCCCOCC(=O)NS(C)(=O)=O)C1=CN=C(C2=CC=CC=C2)C(=N1)C1=CC=CC=C1,CC(C)N(CCCCOCC(=O)NS(C)(=O)=O)c1cnc(-c2ccccc2)c(-c2ccccc2)n1,True,496.6330000000002,True
QYIYFLOTGYLRGG-GPCCPHFNSA-N,525,cefaclor,N[C@@H](C(=O)N[C@H]1[C@H]2SCC(Cl)=C(N2C1=O)C(O)=O)C1=CC=CC=C1,N[C@@H](C(=O)N[C@@H]1C(=O)N2C(C(=O)O)=C(Cl)CS[C@H]12)c1ccccc1,True,367.814,True
QYQDKDWGWDOFFU-IUODEOHRSA-N,548,cefotiam,CN(C)CCN1N=NN=C1SCC1=C(N2[C@H](SC1)[C@H](NC(=O)CC1=CSC(N)=N1)C2=O)C(O)=O,CN(C)CCn1nnnc1SCC1=C(C(=O)O)N2C(=O)[C@@H](NC(=O)Cc3csc(N)n3)[C@H]2SC1,True,525.6420000000003,False
QYSPLQLAKJAUJT-UHFFFAOYSA-N,2210,piroxicam,CN1C(C(=O)NC2=CC=CC=N2)=C(O)C2=CC=CC=C2S1(=O)=O,CN1C(C(=O)Nc2ccccn2)=C(O)c2ccccc2S1(=O)=O,True,331.35300000000007,True
QYSXJUFSXHHAJI-YRZJJWOYSA-N,2840,colecalciferol,CC(C)CCC[C@@H](C)[C@H]1CC[C@H]2\C(CCC[C@]12C)=C\C=C1\C[C@@H](O)CCC1=C,C=C1CC[C@H](O)C/C1=C/C=C1\CCC[C@]2(C)[C@@H]([C@H](C)CCCC(C)C)CC[C@@H]12,True,384.64800000000014,False
QZUDBNBUXVUHMW-UHFFFAOYSA-N,722,clozapine,CN1CCN(CC1)C1=NC2=CC(Cl)=CC=C2NC2=C1C=CC=C2,CN1CCN(C2=Nc3cc(Cl)ccc3Nc3ccccc32)CC1,True,326.8310000000001,True
QZVCTJOXCFMACW-UHFFFAOYSA-N,2136,phenoxybenzamine,CC(COC1=CC=CC=C1)N(CCCl)CC1=CC=CC=C1,CC(COc1ccccc1)N(CCCl)Cc1ccccc1,True,303.83299999999997,False
RAGOYPUPXAKGKH-XAKZXMRKSA-N,3483,posaconazole,CC[C@@H]([C@H](C)O)N1N=CN(C1=O)C1=CC=C(C=C1)N1CCN(CC1)C1=CC=C(OC[C@@H]2CO[C@](CN3C=NC=N3)(C2)C2=CC=C(F)C=C2F)C=C1,CC[C@@H]([C@H](C)O)n1ncn(-c2ccc(N3CCN(c4ccc(OC[C@@H]5CO[C@@](Cn6cncn6)(c6ccc(F)cc6F)C5)cc4)CC3)cc2)c1=O,True,700.7910000000004,False
RAPZEAPATHNIPO-UHFFFAOYSA-N,2389,risperidone,CC1=C(CCN2CCC(CC2)C2=NOC3=C2C=CC(F)=C3)C(=O)N2CCCCC2=N1,Cc1nc2n(c(=O)c1CCN1CCC(c3noc4cc(F)ccc34)CC1)CCCC2,True,410.4930000000002,True
RBBWCVQDXDFISW-UHFFFAOYSA-N,1169,feprazone,CC(C)=CCC1C(=O)N(N(C1=O)C1=CC=CC=C1)C1=CC=CC=C1,CC(C)=CCC1C(=O)N(c2ccccc2)N(c2ccccc2)C1=O,True,320.392,False
RBKASMJPSJDQKY-RBFSKHHSSA-N,4063,tirilazad,C[C@@H]1C[C@H]2[C@@H]3CCC4=CC(=O)C=C[C@]4(C)C3=CC[C@]2(C)[C@H]1C(=O)CN1CCN(CC1)C1=NC(=NC(=C1)N1CCCC1)N1CCCC1,C[C@@H]1C[C@H]2[C@@H]3CCC4=CC(=O)C=C[C@]4(C)C3=CC[C@]2(C)[C@H]1C(=O)CN1CCN(c2cc(N3CCCC3)nc(N3CCCC3)n2)CC1,True,624.8739999999998,False
RBOXVHNMENFORY-DNJOTXNNSA-N,886,dihydrocodeine,COC1=CC=C2C[C@@H]3[C@@H]4CC[C@H](O)[C@@H]5OC1=C2[C@]45CCN3C,COc1ccc2c3c1O[C@H]1[C@@H](O)CC[C@H]4[C@@H](C2)N(C)CC[C@@]341,True,301.3860000000001,False
RBQOQRRFDPXAGN-UHFFFAOYSA-N,2296,propentofylline,CCCN1C=NC2=C1C(=O)N(CCCCC(C)=O)C(=O)N2C,CCCn1cnc2c1c(=O)n(CCCCC(C)=O)c(=O)n2C,True,306.366,False
RCINICONZNJXQF-MZXODVADSA-N,2044,paclitaxel,CC(=O)O[C@@H]1C2=C(C)[C@H](C[C@@](O)([C@@H](OC(=O)C3=CC=CC=C3)[C@@H]3[C@@]4(CO[C@@H]4C[C@H](O)[C@@]3(C)C1=O)OC(C)=O)C2(C)C)OC(=O)[C@H](O)[C@@H](NC(=O)C1=CC=CC=C1)C1=CC=CC=C1,CC(=O)O[C@H]1C(=O)[C@@]2(C)[C@H]([C@H](OC(=O)c3ccccc3)[C@]3(O)C[C@H](OC(=O)[C@H](O)[C@@H](NC(=O)c4ccccc4)c4ccccc4)C(C)=C1C3(C)C)[C@]1(OC(C)=O)CO[C@@H]1C[C@@H]2O,True,853.9180000000002,False
RCKMWOKWVGPNJF-UHFFFAOYSA-N,873,diethylcarbamazine,CCN(CC)C(=O)N1CCN(C)CC1,CCN(CC)C(=O)N1CCN(C)CC1,True,199.29799999999994,False
RDJGLLICXDHJDY-UHFFFAOYSA-N,1154,fenoprofen,CC(C(O)=O)C1=CC=CC(OC2=CC=CC=C2)=C1,CC(C(=O)O)c1cccc(Oc2ccccc2)c1,True,242.274,False
RDLPVSKMFDYCOR-UEKVPHQBSA-N,576,cefradine,CC1=C(N2[C@H](SC1)[C@H](NC(=O)[C@H](N)C1=CCC=CC1)C2=O)C(O)=O,CC1=C(C(=O)O)N2C(=O)[C@@H](NC(=O)[C@H](N)C3=CCC=CC3)[C@H]2SC1,True,349.41200000000015,True
RDOIQAHITMMDAJ-UHFFFAOYSA-N,1599,loperamide,CN(C)C(=O)C(CCN1CCC(O)(CC1)C1=CC=C(Cl)C=C1)(C1=CC=CC=C1)C1=CC=CC=C1,CN(C)C(=O)C(CCN1CCC(O)(c2ccc(Cl)cc2)CC1)(c1ccccc1)c1ccccc1,True,477.0480000000001,False
RDXLYGJSWZYTFJ-UHFFFAOYSA-N,1941,niridazole,[O-][N+](=O)C1=CN=C(S1)N1CCNC1=O,O=C1NCCN1c1ncc([N+](=O)[O-])s1,True,214.206,False
REFJWTPEDVJJIY-UHFFFAOYSA-N,3514,quercetin,OC1=CC(O)=C2C(OC(=C(O)C2=O)C2=CC(O)=C(O)C=C2)=C1,O=c1c(O)c(-c2ccc(O)c(O)c2)oc2cc(O)cc(O)c12,True,302.238,True
REQCZEXYDRLIBE-UHFFFAOYSA-N,2270,procainamide,CCN(CC)CCNC(=O)C1=CC=C(N)C=C1,CCN(CC)CCNC(=O)c1ccc(N)cc1,True,235.33100000000002,True
REYFJDPCWQRWAA-UHFFFAOYSA-N,224,antazoline,C(N(CC1=CC=CC=C1)C1=CC=CC=C1)C1=NCCN1,c1ccc(CN(CC2=NCCN2)c2ccccc2)cc1,True,265.35999999999996,True
RFHAOTPXVQNOHP-UHFFFAOYSA-N,1187,fluconazole,OC(CN1C=NC=N1)(CN1C=NC=N1)C1=C(F)C=C(F)C=C1,OC(Cn1cncn1)(Cn1cncn1)c1ccc(F)cc1F,True,306.276,True
RFWZESUMWJKKRN-UHFFFAOYSA-N,781,dapiprazole,CC1=C(C=CC=C1)N1CCN(CCC2=NN=C3CCCCN23)CC1,Cc1ccccc1N1CCN(CCc2nnc3n2CCCC3)CC1,True,325.4600000000001,False
RGCVKNLCSQQDEP-UHFFFAOYSA-N,2113,perphenazine,OCCN1CCN(CCCN2C3=CC=CC=C3SC3=CC=C(Cl)C=C23)CC1,OCCN1CCN(CCCN2c3ccccc3Sc3ccc(Cl)cc32)CC1,True,403.9790000000002,True
RGFBRLNVZCCMSV-BIRGHMBHSA-O,1000076,,,,False,,False
RGLYKWWBQGJZGM-ISLYRVAYSA-N,875,diethylstilbestrol,CC\C(=C(\CC)C1=CC=C(O)C=C1)C1=CC=C(O)C=C1,CC/C(=C(/CC)c1ccc(O)cc1)c1ccc(O)cc1,True,268.356,True
RGPDEAGGEXEMMM-UHFFFAOYSA-N,1891,nefopam,CN1CCOC(C2=CC=CC=C2)C2=CC=CC=C2C1,CN1CCOC(c2ccccc2)c2ccccc2C1,True,253.345,True
RHAXSHUQNIEUEY-UHFFFAOYSA-N,1029,epirizole,COC1=CC(C)=NN1C1=NC(C)=CC(OC)=N1,COc1cc(C)nc(-n2nc(C)cc2OC)n1,True,234.259,False
RHGKLRLOHDJJDR-BYPYZUCNSA-N,3103,citrulline,N[C@@H](CCCNC(N)=O)C(O)=O,NC(=O)NCCC[C@H](N)C(=O)O,True,175.18800000000002,False
RHLJLALHBZGAFM-UHFFFAOYSA-N,429,bunazosin,CCCC(=O)N1CCCN(CC1)C1=NC2=CC(OC)=C(OC)C=C2C(N)=N1,CCCC(=O)N1CCCN(c2nc(N)c3cc(OC)c(OC)cc3n2)CC1,True,373.4570000000001,True
RIGBPMDIGYBTBJ-UHFFFAOYSA-N,1324,glycyclamide,CC1=CC=C(C=C1)S(=O)(=O)NC(=O)NC1CCCCC1,Cc1ccc(S(=O)(=O)NC(=O)NC2CCCCC2)cc1,True,296.3920000000001,False
RIKMMFOAQPJVMX-UHFFFAOYSA-N,1233,fomepizole,CC1=CNN=C1,Cc1cn[nH]c1,True,82.106,True
RITAVMQDGBJQJZ-FMIVXFBMSA-N,4225,axitinib,CNC(=O)C1=C(SC2=CC=C3C(NN=C3\C=C\C3=CC=CC=N3)=C2)C=CC=C1,CNC(=O)c1ccccc1Sc1ccc2c(/C=C/c3ccccn3)n[nH]c2c1,True,386.4800000000001,False
RJIWZDNTCBHXAL-UHFFFAOYSA-N,1954,nitroxoline,OC1=C2N=CC=CC2=C(C=C1)[N+]([O-])=O,O=[N+]([O-])c1ccc(O)c2ncccc12,True,190.158,False
RJKFOVLPORLFTN-LEKSSAKUSA-N,2279,progesterone,CC(=O)[C@H]1CC[C@H]2[C@@H]3CCC4=CC(=O)CC[C@]4(C)[C@H]3CC[C@]12C,CC(=O)[C@H]1CC[C@H]2[C@@H]3CCC4=CC(=O)CC[C@]4(C)[C@H]3CC[C@]12C,True,314.46900000000005,True
RJMIEHBSYVWVIN-UHFFFAOYSA-N,1442,indoprofen,CC(C(O)=O)C1=CC=C(C=C1)N1CC2=C(C=CC=C2)C1=O,CC(C(=O)O)c1ccc(N2Cc3ccccc3C2=O)cc1,True,281.31100000000004,True
RJMUSRYZPJIFPJ-UHFFFAOYSA-N,1912,niclosamide,OC1=C(C=C(Cl)C=C1)C(=O)NC1=C(Cl)C=C(C=C1)[N+]([O-])=O,O=C(Nc1ccc([N+](=O)[O-])cc1Cl)c1cc(Cl)ccc1O,True,327.12300000000005,True
RJURFGZVJUQBHK-IIXSONLDSA-N,774,dactinomycin,CC(C)[C@H]1NC(=O)[C@@H](NC(=O)C2=C3N=C4C(OC3=C(C)C=C2)=C(C)C(=O)C(N)=C4C(=O)N[C@H]2[C@@H](C)OC(=O)[C@H](C(C)C)N(C)C(=O)CN(C)C(=O)[C@@H]3CCCN3C(=O)[C@H](NC2=O)C(C)C)[C@@H](C)OC(=O)[C@H](C(C)C)N(C)C(=O)CN(C)C(=O)[C@@H]2CCCN2C1=O,Cc1c2oc3c(C)ccc(C(=O)N[C@@H]4C(=O)N[C@H](C(C)C)C(=O)N5CCC[C@H]5C(=O)N(C)CC(=O)N(C)[C@@H](C(C)C)C(=O)O[C@@H]4C)c3nc-2c(C(=O)N[C@@H]2C(=O)N[C@H](C(C)C)C(=O)N3CCC[C@H]3C(=O)N(C)CC(=O)N(C)[C@@H](C(C)C)C(=O)O[C@@H]2C)c(N)c1=O,True,1255.4379999999996,False
RKEWSXXUOLRFBX-UHFFFAOYSA-N,5142,pimavanserin,CC(C)COC1=CC=C(CNC(=O)N(CC2=CC=C(F)C=C2)C2CCN(C)CC2)C=C1,CC(C)COc1ccc(CNC(=O)N(Cc2ccc(F)cc2)C2CCN(C)CC2)cc1,True,427.5640000000002,False
RKLNONIVDFXQRX-UHFFFAOYSA-N,407,bromperidol,OC1(CCN(CCCC(=O)C2=CC=C(F)C=C2)CC1)C1=CC=C(Br)C=C1,O=C(CCCN1CCC(O)(c2ccc(Br)cc2)CC1)c1ccc(F)cc1,True,420.32200000000006,True
RKUNBYITZUJHSG-FXUDXRNXSA-N,1402,hyoscyamine,CN1[C@H]2CC[C@@H]1C[C@@H](C2)OC(=O)[C@H](CO)C1=CC=CC=C1,CN1[C@@H]2CC[C@H]1C[C@@H](OC(=O)[C@H](CO)c1ccccc1)C2,True,289.375,True
RKUNBYITZUJHSG-SPUOUPEWSA-N,260,atropine,CN1[C@H]2CC[C@@H]1C[C@@H](C2)OC(=O)C(CO)C1=CC=CC=C1,CN1[C@@H]2CC[C@H]1C[C@@H](OC(=O)C(CO)c1ccccc1)C2,True,289.375,False
RKWGIWYCVPQPMF-UHFFFAOYSA-N,622,chlorpropamide,CCCNC(=O)NS(=O)(=O)C1=CC=C(Cl)C=C1,CCCNC(=O)NS(=O)(=O)c1ccc(Cl)cc1,True,276.745,False
RLLPVAHGXHCWKJ-UHFFFAOYSA-N,4152,permethrin,CC1(C)C(C=C(Cl)Cl)C1C(=O)OCC1=CC=CC(OC2=CC=CC=C2)=C1,CC1(C)C(C=C(Cl)Cl)C1C(=O)OCc1cccc(Oc2ccccc2)c1,True,391.2940000000001,True
RLWRMIYXDPXIEX-UHFFFAOYSA-N,1858,muzolimine,CC(N1N=C(N)CC1=O)C1=CC(Cl)=C(Cl)C=C1,CC(c1ccc(Cl)c(Cl)c1)N1N=C(N)CC1=O,True,272.135,False
RMEDXOLNCUSCGS-UHFFFAOYSA-N,966,droperidol,FC1=CC=C(C=C1)C(=O)CCCN1CCC(=CC1)N1C(=O)NC2=C1C=CC=C2,O=C(CCCN1CC=C(n2c(=O)[nH]c3ccccc32)CC1)c1ccc(F)cc1,True,379.435,False
RMHMFHUVIITRHF-UHFFFAOYSA-N,2200,pirenzepine,CN1CCN(CC(=O)N2C3=CC=CC=C3C(=O)NC3=C2N=CC=C3)CC1,CN1CCN(CC(=O)N2c3ccccc3C(=O)Nc3cccnc32)CC1,True,351.41000000000014,False
RMMXLENWKUUMAY-UHFFFAOYSA-N,2583,telmisartan,CCCC1=NC2=C(C=C(C=C2C)C2=NC3=C(C=CC=C3)N2C)N1CC1=CC=C(C=C1)C1=C(C=CC=C1)C(O)=O,CCCc1nc2c(C)cc(-c3nc4ccccc4n3C)cc2n1Cc1ccc(-c2ccccc2C(=O)O)cc1,True,514.6290000000002,True
RMMXTBMQSGEXHJ-UHFFFAOYSA-N,171,aminophenazone,CN(C)C1=C(C)N(C)N(C1=O)C1=CC=CC=C1,Cc1c(N(C)C)c(=O)n(-c2ccccc2)n1C,True,231.299,False
RMUCZJUITONUFY-UHFFFAOYSA-N,2123,phenelzine,NNCCC1=CC=CC=C1,NNCCc1ccccc1,True,136.19799999999998,False
RMWVZGDJPAKBDE-UHFFFAOYSA-N,2744,triflusal,CC(=O)OC1=C(C=CC(=C1)C(F)(F)F)C(O)=O,CC(=O)Oc1cc(C(F)(F)F)ccc1C(=O)O,True,248.15599999999995,False
RNLQIBCLLYYYFJ-UHFFFAOYSA-N,201,amrinone,NC1=CC(=CNC1=O)C1=CC=NC=C1,Nc1cc(-c2ccncc2)c[nH]c1=O,True,187.20200000000003,True
ROBVIMPUHSLWNV-UHFFFAOYSA-N,164,aminoglutethimide,CCC1(CCC(=O)NC1=O)C1=CC=C(N)C=C1,CCC1(c2ccc(N)cc2)CCC(=O)NC1=O,True,232.283,True
RONZAEMNMFQXRA-UHFFFAOYSA-N,1816,mirtazapine,CN1CCN2C(C1)C1=C(CC3=C2N=CC=C3)C=CC=C1,CN1CCN2c3ncccc3Cc3ccccc3C2C1,True,265.36,False
RPLCPCMSCLEKRS-BPIQYHPVSA-N,818,desogestrel,CC[C@]12CC(=C)[C@H]3[C@@H](CCC4=CCCC[C@H]34)[C@@H]1CC[C@@]2(O)C#C,C#C[C@]1(O)CC[C@H]2[C@@H]3CCC4=CCCC[C@@H]4[C@H]3C(=C)C[C@@]21CC,True,310.481,True
RPTUSVTUFVMDQK-UHFFFAOYSA-N,1384,hydralazine,NNC1=NN=CC2=CC=CC=C12,NNc1nncc2ccccc12,True,160.17999999999998,False
RPVGLMKJGQMQSN-UHFFFAOYSA-N,2664,tiliquinol,CC1=CC=C(O)C2=C1C=CC=N2,Cc1ccc(O)c2ncccc12,True,159.18800000000002,False
RQTOOFIXOKYGAN-UHFFFAOYSA-N,1889,nedocromil,CCCC1=C2N(CC)C(=CC(=O)C2=CC2=C1OC(=CC2=O)C(O)=O)C(O)=O,CCCc1c2oc(C(=O)O)cc(=O)c2cc2c(=O)cc(C(=O)O)n(CC)c12,True,371.34500000000014,False
RQXCLMGKHJWMOA-UHFFFAOYSA-N,2263,pridinol,OC(CCN1CCCCC1)(C1=CC=CC=C1)C1=CC=CC=C1,OC(CCN1CCCCC1)(c1ccccc1)c1ccccc1,True,295.42600000000004,False
RRGUKTPIGVIEKM-UHFFFAOYSA-N,644,cilostazol,O=C1CCC2=CC(OCCCCC3=NN=NN3C3CCCCC3)=CC=C2N1,O=C1CCc2cc(OCCCCc3nnnn3C3CCCCC3)ccc2N1,True,369.4690000000002,True
RRHJHSBDJDZUGL-UHFFFAOYSA-N,1578,lidamidine,CNC(=N)NC(=O)NC1=C(C)C=CC=C1C,CNC(=N)NC(=O)Nc1c(C)cccc1C,True,220.27599999999998,True
RRUDCFGSUDOHDG-UHFFFAOYSA-N,58,acetohydroxamic acid,CC(=O)NO,CC(=O)NO,True,75.067,False
RRYMAQUWDLIUPV-BXKDBHETSA-N,524,cefacetrile,CC(=O)OCC1=C(N2[C@H](SC1)[C@H](NC(=O)CC#N)C2=O)C(O)=O,CC(=O)OCC1=C(C(=O)O)N2C(=O)[C@@H](NC(=O)CC#N)[C@H]2SC1,True,339.32900000000006,False
RSEPBGGWRJCQGY-RBRWEJTLSA-N,1064,estradiol valerate,CCCCC(=O)O[C@H]1CC[C@H]2[C@@H]3CCC4=C(C=CC(O)=C4)[C@H]3CC[C@]12C,CCCCC(=O)O[C@H]1CC[C@H]2[C@@H]3CCc4cc(O)ccc4[C@H]3CC[C@]12C,True,356.5060000000001,False
RSOZZQTUMVBTMR-XGUNBQNXSA-N,729,colforsin daropate,CN(C)CCC(=O)O[C@@H]1[C@H](OC(C)=O)[C@@]2(C)O[C@](C)(CC(=O)[C@]2(O)[C@@]2(C)[C@@H](O)CCC(C)(C)[C@H]12)C=C,C=C[C@@]1(C)CC(=O)[C@]2(O)[C@@]3(C)[C@@H](O)CCC(C)(C)[C@@H]3[C@H](OC(=O)CCN(C)C)[C@H](OC(C)=O)[C@@]2(C)O1,True,509.6400000000004,False
RTGDFNSFWBGLEC-SYZQJQIISA-N,1859,mycophenolate mofetil,COC1=C(C)C2=C(C(=O)OC2)C(O)=C1C\C=C(/C)CCC(=O)OCCN1CCOCC1,COc1c(C)c2c(c(O)c1C/C=C(\C)CCC(=O)OCCN1CCOCC1)C(=O)OC2,True,433.5010000000004,True
RTHCYVBBDHJXIQ-UHFFFAOYSA-N,1209,fluoxetine,CNCCC(OC1=CC=C(C=C1)C(F)(F)F)C1=CC=CC=C1,CNCCC(Oc1ccc(C(F)(F)F)cc1)c1ccccc1,True,309.33099999999996,True
RTXOFQZKPXMALH-GHXIOONMSA-N,533,cefdinir,NC1=NC(=CS1)C(=N\O)\C(=O)N[C@H]1[C@H]2SCC(C=C)=C(N2C1=O)C(O)=O,C=CC1=C(C(=O)O)N2C(=O)[C@@H](NC(=O)/C(=N\O)c3csc(N)n3)[C@H]2SC1,True,395.4220000000002,True
RUDATBOHQWOJDD-BSWAIDMHSA-N,4361,chenodiol,C[C@H](CCC(O)=O)[C@H]1CC[C@H]2[C@@H]3[C@H](O)C[C@@H]4C[C@H](O)CC[C@]4(C)[C@H]3CC[C@]12C,C[C@H](CCC(=O)O)[C@H]1CC[C@H]2[C@@H]3[C@H](O)C[C@@H]4C[C@H](O)CC[C@]4(C)[C@H]3CC[C@]12C,True,392.5800000000002,False
RUDATBOHQWOJDD-UZVSRGJWSA-N,2797,ursodiol,C[C@H](CCC(O)=O)[C@H]1CC[C@H]2[C@@H]3[C@@H](O)C[C@@H]4C[C@H](O)CC[C@]4(C)[C@H]3CC[C@]12C,C[C@H](CCC(=O)O)[C@H]1CC[C@H]2[C@@H]3[C@@H](O)C[C@@H]4C[C@H](O)CC[C@]4(C)[C@H]3CC[C@]12C,True,392.5800000000002,False
RUJBDQSFYCKFAA-UHFFFAOYSA-N,2693,tofisopam,CCC1C2=CC(OC)=C(OC)C=C2C(=NN=C1C)C1=CC(OC)=C(OC)C=C1,CCC1C(C)=NN=C(c2ccc(OC)c(OC)c2)c2cc(OC)c(OC)cc21,True,382.46000000000015,False
RUOKEQAAGRXIBM-GFCCVEGCSA-N,3521,rasagiline,C#CCN[C@@H]1CCC2=C1C=CC=C2,C#CCN[C@@H]1CCc2ccccc21,True,171.24300000000002,True
RUZYUOTYCVRMRZ-UHFFFAOYSA-N,954,doxazosin,COC1=C(OC)C=C2C(N)=NC(=NC2=C1)N1CCN(CC1)C(=O)C1COC2=C(O1)C=CC=C2,COc1cc2nc(N3CCN(C(=O)C4COc5ccccc5O4)CC3)nc(N)c2cc1OC,True,451.48300000000023,True
RVMGXWBCQGAWBR-UHFFFAOYSA-N,628,chromocarb,OC(=O)C1=CC(=O)C2=CC=CC=C2O1,O=C(O)c1cc(=O)c2ccccc2o1,True,190.154,False
RVOLLAQWKVFTGE-UHFFFAOYSA-N,2330,pyridostigmine,CN(C)C(=O)OC1=C[N+](C)=CC=C1,CN(C)C(=O)Oc1ccc[n+](C)c1,True,181.215,False
RVXGRCNWGOHSDE-UHFFFAOYSA-N,1900,nepinalone,CC1(CCN2CCCCC2)C(=O)CCC2=CC=CC=C12,CC1(CCN2CCCCC2)C(=O)CCc2ccccc21,True,271.404,False
RWHUEXWOYVBUCI-ITQXDASVSA-N,1868,nafarelin,CC(C)C[C@H](NC(=O)[C@@H](CC1=CC2=C(C=CC=C2)C=C1)NC(=O)[C@H](CC1=CC=C(O)C=C1)NC(=O)[C@H](CO)NC(=O)[C@H](CC1=CNC2=C1C=CC=C2)NC(=O)[C@H](CC1=CNC=N1)NC(=O)[C@@H]1CCC(=O)N1)C(=O)N[C@@H](CCCNC(N)=N)C(=O)N1CCC[C@H]1C(=O)NCC(N)=O,CC(C)C[C@H](NC(=O)[C@@H](Cc1ccc2ccccc2c1)NC(=O)[C@H](Cc1ccc(O)cc1)NC(=O)[C@H](CO)NC(=O)[C@H](Cc1c[nH]c2ccccc12)NC(=O)[C@H](Cc1c[nH]cn1)NC(=O)[C@@H]1CCC(=O)N1)C(=O)N[C@@H](CCCNC(=N)N)C(=O)N1CCC[C@H]1C(=O)NCC(N)=O,True,1322.4960000000005,True
RWTNPBWLLIMQHL-UHFFFAOYSA-N,1170,fexofenadine,CC(C)(C(O)=O)C1=CC=C(C=C1)C(O)CCCN1CCC(CC1)C(O)(C1=CC=CC=C1)C1=CC=CC=C1,CC(C)(C(=O)O)c1ccc(C(O)CCCN2CCC(C(O)(c3ccccc3)c3ccccc3)CC2)cc1,True,501.66700000000026,True
RXPRRQLKFXBCSJ-GIVPXCGWSA-N,3643,vincamine,CC[C@@]12CCCN3CCC4=C([C@H]13)N(C1=CC=CC=C41)[C@](O)(C2)C(=O)OC,CC[C@]12CCCN3CCc4c(n(c5ccccc45)[C@@](O)(C(=O)OC)C1)[C@@H]32,True,354.45000000000016,False
RYBJORHCUPVNMB-UHFFFAOYSA-N,948,dopexamine,OC1=C(O)C=C(CCNCCCCCCNCCC2=CC=CC=C2)C=C1,Oc1ccc(CCNCCCCCCNCCc2ccccc2)cc1O,True,356.50999999999993,False
RYJXBGGBZJGVQF-UHFFFAOYSA-N,2814,veralipride,COC1=CC(=CC(C(=O)NCC2CCCN2CC=C)=C1OC)S(N)(=O)=O,C=CCN1CCCC1CNC(=O)c1cc(S(N)(=O)=O)cc(OC)c1OC,True,383.47000000000014,True
RYMZZMVNJRMUDD-HGQWONQESA-N,2445,simvastatin,CCC(C)(C)C(=O)O[C@H]1C[C@@H](C)C=C2C=C[C@H](C)[C@H](CC[C@@H]3C[C@@H](O)CC(=O)O3)[C@@H]12,CCC(C)(C)C(=O)O[C@H]1C[C@@H](C)C=C2C=C[C@H](C)[C@H](CC[C@@H]3C[C@@H](O)CC(=O)O3)[C@H]21,True,418.57400000000024,True
RYQOILLJDKPETL-UHFFFAOYSA-N,167,5-aminolevulinic acid hexyl ester,CCCCCCOC(=O)CCC(=O)CN,CCCCCCOC(=O)CCC(=O)CN,True,215.29299999999995,True
RYYVLZVUVIJVGH-UHFFFAOYSA-N,463,caffeine,CN1C=NC2=C1C(=O)N(C)C(=O)N2C,Cn1c(=O)c2c(ncn2C)n(C)c1=O,True,194.194,True
RZEKVGVHFLEQIL-UHFFFAOYSA-N,568,celecoxib,CC1=CC=C(C=C1)C1=CC(=NN1C1=CC=C(C=C1)S(N)(=O)=O)C(F)(F)F,Cc1ccc(-c2cc(C(F)(F)F)nn2-c2ccc(S(N)(=O)=O)cc2)cc1,True,381.3790000000001,True
RZJQGNCSTQAWON-UHFFFAOYSA-N,2397,rofecoxib,CS(=O)(=O)C1=CC=C(C=C1)C1=C(C(=O)OC1)C1=CC=CC=C1,CS(=O)(=O)c1ccc(C2=C(c3ccccc3)C(=O)OC2)cc1,True,314.36199999999997,True
RZTAMFZIAATZDJ-UHFFFAOYSA-N,1142,felodipine,CCOC(=O)C1=C(C)NC(C)=C(C1C1=C(Cl)C(Cl)=CC=C1)C(=O)OC,CCOC(=O)C1=C(C)NC(C)=C(C(=O)OC)C1c1cccc(Cl)c1Cl,True,384.2590000000001,True
RZVAJINKPMORJF-UHFFFAOYSA-N,52,paracetamol,CC(=O)NC1=CC=C(O)C=C1,CC(=O)Nc1ccc(O)cc1,True,151.165,False
SAADBVWGJQAEFS-UHFFFAOYSA-N,1218,flurazepam,CCN(CC)CCN1C2=CC=C(Cl)C=C2C(=NCC1=O)C1=C(F)C=CC=C1,CCN(CC)CCN1C(=O)CN=C(c2ccccc2F)c2cc(Cl)ccc21,True,387.88600000000014,True
SAMRUMKYXPVKPA-VFKOLLTISA-N,1012,enocitabine,CCCCCCCCCCCCCCCCCCCCCC(=O)NC1=NC(=O)N(C=C1)[C@@H]1O[C@H](CO)[C@@H](O)[C@@H]1O,CCCCCCCCCCCCCCCCCCCCCC(=O)Nc1ccn([C@@H]2O[C@H](CO)[C@@H](O)[C@@H]2O)c(=O)n1,True,565.7960000000004,True
SAPNXPWPAUFAJU-UHFFFAOYSA-N,1592,lofepramine,CN(CCCN1C2=CC=CC=C2CCC2=C1C=CC=C2)CC(=O)C1=CC=C(Cl)C=C1,CN(CCCN1c2ccccc2CCc2ccccc21)CC(=O)c1ccc(Cl)cc1,True,418.9680000000002,True
SBDNJUWAMKYJOX-UHFFFAOYSA-N,1650,meclofenamic acid,CC1=CC=C(Cl)C(NC2=CC=CC=C2C(O)=O)=C1Cl,Cc1ccc(Cl)c(Nc2ccccc2C(=O)O)c1Cl,True,296.153,False
SBJGFIXQRZOVTO-UHFFFAOYSA-N,2344,quinfamide,ClC(Cl)C(=O)N1CCCC2=CC(OC(=O)C3=CC=CO3)=CC=C12,O=C(Oc1ccc2c(c1)CCCN2C(=O)C(Cl)Cl)c1ccco1,True,354.189,False
SBNKFTQSBPKMBZ-UHFFFAOYSA-N,1080,ethenzamide,CCOC1=CC=CC=C1C(N)=O,CCOc1ccccc1C(N)=O,True,165.19199999999995,False
SBNPWPIBESPSIF-MHWMIDJBSA-N,583,cetrorelix,CC(C)C[C@H](NC(=O)[C@@H](CCCNC(N)=O)NC(=O)[C@H](CC1=CC=C(O)C=C1)NC(=O)[C@H](CO)NC(=O)[C@@H](CC1=CN=CC=C1)NC(=O)[C@@H](CC1=CC=C(Cl)C=C1)NC(=O)[C@@H](CC1=CC=C2C=CC=CC2=C1)NC(C)=O)C(=O)N[C@@H](CCCNC(N)=N)C(=O)N1CCC[C@H]1C(=O)N[C@H](C)C(N)=O,CC(=O)N[C@H](Cc1ccc2ccccc2c1)C(=O)N[C@H](Cc1ccc(Cl)cc1)C(=O)N[C@H](Cc1cccnc1)C(=O)N[C@@H](CO)C(=O)N[C@@H](Cc1ccc(O)cc1)C(=O)N[C@H](CCCNC(N)=O)C(=O)N[C@@H](CC(C)C)C(=O)N[C@@H](CCCNC(=N)N)C(=O)N1CCC[C@H]1C(=O)N[C@H](C)C(N)=O,True,1431.0640000000005,False
SBUJHOSQTJFQJX-NOAMYHISSA-N,1519,kanamycin,NC[C@H]1O[C@H](O[C@@H]2[C@@H](N)C[C@@H](N)[C@H](O[C@H]3O[C@H](CO)[C@@H](O)[C@H](N)[C@H]3O)[C@H]2O)[C@H](O)[C@@H](O)[C@@H]1O,NC[C@H]1O[C@H](O[C@H]2[C@H](O)[C@@H](O[C@H]3O[C@H](CO)[C@@H](O)[C@H](N)[C@H]3O)[C@H](N)C[C@@H]2N)[C@H](O)[C@@H](O)[C@@H]1O,True,484.5030000000001,True
SCKYRAXSEDYPSA-UHFFFAOYSA-N,636,ciclopirox,CC1=CC(=O)N(O)C(=C1)C1CCCCC1,Cc1cc(C2CCCCC2)n(O)c(=O)c1,True,207.27299999999994,False
SDUQYLNIPVEERB-QPPQHZFASA-N,1283,gemcitabine,NC1=NC(=O)N(C=C1)[C@@H]1O[C@H](CO)[C@@H](O)C1(F)F,Nc1ccn([C@@H]2O[C@H](CO)[C@@H](O)C2(F)F)c(=O)n1,True,263.2,True
SEBMTIQKRHYNIT-UHFFFAOYSA-N,268,azatadine,CN1CCC(CC1)=C1C2=CC=CC=C2CCC2=C1N=CC=C2,CN1CCC(=C2c3ccccc3CCc3cccnc32)CC1,True,290.40999999999997,True
SECKRCOLJRRGGV-UHFFFAOYSA-N,2809,vardenafil,CCCC1=NC(C)=C2N1N=C(NC2=O)C1=CC(=CC=C1OCC)S(=O)(=O)N1CCN(CC)CC1,CCCc1nc(C)c2c(=O)[nH]c(-c3cc(S(=O)(=O)N4CCN(CC)CC4)ccc3OCC)nn12,True,488.61400000000043,False
SEEPANYCNGTZFQ-UHFFFAOYSA-N,2500,sulfadiazine,NC1=CC=C(C=C1)S(=O)(=O)NC1=NC=CC=N1,Nc1ccc(S(=O)(=O)Nc2ncccn2)cc1,True,250.28300000000002,True
SEERZIQQUAZTOL-ANMDKAQQSA-N,577,cerivastatin,COCC1=C(C2=CC=C(F)C=C2)C(\C=C\[C@@H](O)C[C@@H](O)CC(O)=O)=C(N=C1C(C)C)C(C)C,COCc1c(C(C)C)nc(C(C)C)c(/C=C/[C@@H](O)C[C@@H](O)CC(=O)O)c1-c1ccc(F)cc1,True,459.5580000000002,False
SEQDDYPDSLOBDC-UHFFFAOYSA-N,2585,temazepam,CN1C2=CC=C(Cl)C=C2C(=NC(O)C1=O)C1=CC=CC=C1,CN1C(=O)C(O)N=C(c2ccccc2)c2cc(Cl)ccc21,True,300.745,True
SESFRYSPDFLNCH-UHFFFAOYSA-N,335,benzyl benzoate,O=C(OCC1=CC=CC=C1)C1=CC=CC=C1,O=C(OCc1ccccc1)c1ccccc1,True,212.248,False
SFBODOKJTYAUCM-UHFFFAOYSA-N,1477,ipriflavone,CC(C)OC1=CC=C2C(=O)C(=COC2=C1)C1=CC=CC=C1,CC(C)Oc1ccc2c(=O)c(-c3ccccc3)coc2c1,True,280.323,True
SFKQVVDKFKYTNA-DZCXQCEKSA-N,4910,felypressin,NCCCC[C@H](NC(=O)[C@@H]1CCCN1C(=O)[C@@H]1CSSC[C@H](N)C(=O)N[C@@H](CC2=CC=CC=C2)C(=O)N[C@@H](CC2=CC=CC=C2)C(=O)N[C@@H](CCC(N)=O)C(=O)N[C@@H](CC(N)=O)C(=O)N1)C(=O)NCC(N)=O,NCCCC[C@H](NC(=O)[C@@H]1CCCN1C(=O)[C@@H]1CSSC[C@H](N)C(=O)N[C@@H](Cc2ccccc2)C(=O)N[C@@H](Cc2ccccc2)C(=O)N[C@@H](CCC(N)=O)C(=O)N[C@@H](CC(N)=O)C(=O)N1)C(=O)NCC(N)=O,True,1040.2399999999996,False
SFLSHLFXELFNJZ-QMMMGPOBSA-N,1960,norepinephrine,NC[C@H](O)C1=CC(O)=C(O)C=C1,NC[C@H](O)c1ccc(O)c(O)c1,True,169.18,False
SGDBTWWWUNNDEQ-LBPRGKRZSA-N,1678,melphalan,N[C@@H](CC1=CC=C(C=C1)N(CCCl)CCCl)C(O)=O,N[C@@H](Cc1ccc(N(CCCl)CCCl)cc1)C(=O)O,True,305.2049999999999,False
SGOIRFVFHAKUTI-ZCFIWIBFSA-N,2592,tenofovir,C[C@H](CN1C=NC2=C(N)N=CN=C12)OCP(O)(O)=O,C[C@H](Cn1cnc2c(N)ncnc21)OCP(=O)(O)O,True,287.216,True
SGOOQMRIPALTEL-UHFFFAOYSA-N,3532,roquinimex,CN(C(=O)C1=C(O)C2=CC=CC=C2N(C)C1=O)C1=CC=CC=C1,CN(C(=O)c1c(O)c2ccccc2n(C)c1=O)c1ccccc1,True,308.337,False
SGRYPYWGNKJSDL-UHFFFAOYSA-N,182,amlexanox,CC(C)C1=CC=C2OC3=C(C=C(C(O)=O)C(N)=N3)C(=O)C2=C1,CC(C)c1ccc2oc3nc(N)c(C(=O)O)cc3c(=O)c2c1,True,298.298,True
SGTNSNPWRIOYBX-UHFFFAOYSA-N,2815,verapamil,COC1=C(OC)C=C(CCN(C)CCCC(C#N)(C(C)C)C2=CC(OC)=C(OC)C=C2)C=C1,COc1ccc(CCN(C)CCCC(C#N)(c2ccc(OC)c(OC)c2)C(C)C)cc1OC,True,454.61100000000016,True
SGUAFYQXFOLMHL-UHFFFAOYSA-N,1531,labetalol,CC(CCC1=CC=CC=C1)NCC(O)C1=CC(C(N)=O)=C(O)C=C1,CC(CCc1ccccc1)NCC(O)c1ccc(O)c(C(N)=O)c1,True,328.41200000000003,False
SHGAZHPCJJPHSC-XFYACQKRSA-N,1508,isotretinoin,C\C(\C=C\C1=C(C)CCCC1(C)C)=C/C=C/C(/C)=C\C(O)=O,CC1=C(/C=C/C(C)=C/C=C/C(C)=C\C(=O)O)C(C)(C)CCC1,True,300.44200000000006,False
SHGAZHPCJJPHSC-YCNIQYBTSA-N,2722,tretinoin,C\C(\C=C\C1=C(C)CCCC1(C)C)=C/C=C/C(/C)=C/C(O)=O,CC1=C(/C=C/C(C)=C/C=C/C(C)=C/C(=O)O)C(C)(C)CCC1,True,300.44200000000006,False
SHGAZHPCJJPHSC-ZVCIMWCZSA-N,3862,alitretinoin,C\C(\C=C\C1=C(C)CCCC1(C)C)=C\C=C\C(\C)=C\C(O)=O,CC1=C(/C=C/C(C)=C\C=C\C(C)=C\C(=O)O)C(C)(C)CCC1,True,300.44200000000006,False
SHZKQBHERIJWAO-AATRIKPKSA-N,2043,ozagrel,OC(=O)\C=C\C1=CC=C(CN2C=CN=C2)C=C1,O=C(O)/C=C/c1ccc(Cn2ccnc2)cc1,True,228.251,False
SIDLZWOQUZRBRU-UHFFFAOYSA-N,1774,methyprylon,CCC1(CC)C(=O)NCC(C)C1=O,CCC1(CC)C(=O)NCC(C)C1=O,True,183.25099999999998,True
SIGSPDASOTUPFS-XUDSTZEESA-N,1291,gestodene,CC[C@]12CC[C@H]3[C@@H](CCC4=CC(=O)CC[C@H]34)[C@@H]1C=C[C@@]2(O)C#C,C#C[C@]1(O)C=C[C@H]2[C@@H]3CCC4=CC(=O)CC[C@@H]4[C@H]3CC[C@@]21CC,True,310.437,False
SIQPXVQCUCHWDI-UHFFFAOYSA-N,1015,enprofylline,CCCN1C2=C(N=CN2)C(=O)NC1=O,CCCn1c(=O)[nH]c(=O)c2nc[nH]c21,True,194.194,False
SIYLLGKDQZGJHK-UHFFFAOYSA-N,3018,benzethonium,CC(C)(C)CC(C)(C)C1=CC=C(OCCOCC[N+](C)(C)CC2=CC=CC=C2)C=C1,CC(C)(C)CC(C)(C)c1ccc(OCCOCC[N+](C)(C)Cc2ccccc2)cc1,True,412.6380000000001,True
SJDACOMXKWHBOW-UHFFFAOYSA-N,2038,oxyphenisatine,OC1=CC=C(C=C1)C1(C(=O)NC2=C1C=CC=C2)C1=CC=C(O)C=C1,O=C1Nc2ccccc2C1(c1ccc(O)cc1)c1ccc(O)cc1,True,317.34400000000005,False
SJVQHLPISAIATJ-ZDUSSCGKSA-N,5296,duvelisib,C[C@H](NC1=NC=NC2=C1N=CN2)C1=CC2=C(C(Cl)=CC=C2)C(=O)N1C1=CC=CC=C1,C[C@H](Nc1ncnc2[nH]cnc12)c1cc2cccc(Cl)c2c(=O)n1-c1ccccc1,True,416.8720000000001,False
SKIVFJLNDNKQPD-UHFFFAOYSA-N,2497,sulfacetamide,CC(=O)NS(=O)(=O)C1=CC=C(N)C=C1,CC(=O)NS(=O)(=O)c1ccc(N)cc1,True,214.246,True
SKPLBLUECSEIFO-UHFFFAOYSA-N,614,chlorphenesin carbamate,NC(=O)OCC(O)COC1=CC=C(Cl)C=C1,NC(=O)OCC(O)COc1ccc(Cl)cc1,True,245.662,False
SKYSRIRYMSLOIN-UHFFFAOYSA-N,757,cyclopentolate,CN(C)CCOC(=O)C(C1=CC=CC=C1)C1(O)CCCC1,CN(C)CCOC(=O)C(c1ccccc1)C1(O)CCCC1,True,291.39100000000013,True
SLVMESMUVMCQIY-UHFFFAOYSA-N,1712,mesoridazine,CN1CCCCC1CCN1C2=CC=CC=C2SC2=C1C=C(C=C2)S(C)=O,CN1CCCCC1CCN1c2ccccc2Sc2ccc(S(C)=O)cc21,True,386.5860000000001,False
SLXKOJJOQWFEFD-UHFFFAOYSA-N,163,aminocaproic acid,NCCCCCC(O)=O,NCCCCCC(=O)O,True,131.17499999999998,True
SMANXXCATUTDDT-QPJJXVBHSA-N,1200,flunarizine,FC1=CC=C(C=C1)C(N1CCN(C\C=C\C2=CC=CC=C2)CC1)C1=CC=C(F)C=C1,Fc1ccc(C(c2ccc(F)cc2)N2CCN(C/C=C/c3ccccc3)CC2)cc1,True,404.50400000000013,False
SMNOERSLNYGGOU-UHFFFAOYSA-N,1666,mefruside,CN(CC1(C)CCCO1)S(=O)(=O)C1=CC(=C(Cl)C=C1)S(N)(=O)=O,CN(CC1(C)CCCO1)S(=O)(=O)c1ccc(Cl)c(S(N)(=O)=O)c1,True,382.8910000000001,False
SMTZFNFIKUPEJC-UHFFFAOYSA-N,2408,roxatidine acetate,CC(=O)OCC(=O)NCCCOC1=CC=CC(CN2CCCCC2)=C1,CC(=O)OCC(=O)NCCCOc1cccc(CN2CCCCC2)c1,True,348.44300000000015,True
SNBUBQHDYVFSQF-HIFRSBDPSA-N,539,cefmetazole,CO[C@]1(NC(=O)CSCC#N)[C@H]2SCC(CSC3=NN=NN3C)=C(N2C1=O)C(O)=O,CO[C@@]1(NC(=O)CSCC#N)C(=O)N2C(C(=O)O)=C(CSc3nnnn3C)CS[C@@H]21,True,471.54600000000016,False
SNHRLVCMMWUAJD-SUYDQAKGSA-N,354,betamethasone valerate,CCCCC(=O)O[C@@]1([C@@H](C)C[C@H]2[C@@H]3CCC4=CC(=O)C=C[C@]4(C)[C@@]3(F)[C@@H](O)C[C@]12C)C(=O)CO,CCCCC(=O)O[C@]1(C(=O)CO)[C@@H](C)C[C@H]2[C@@H]3CCC4=CC(=O)C=C[C@]4(C)[C@@]3(F)[C@@H](O)C[C@@]21C,True,476.5850000000002,True
SNICXCGAKADSCV-JTQLQIEISA-N,1920,nicotine,CN1CCC[C@H]1C1=CC=CN=C1,CN1CCC[C@H]1c1cccnc1,True,162.236,False
SNPLKNRPJHDVJA-ZETCQYMHSA-N,838,dexpanthenol,CC(C)(CO)[C@@H](O)C(=O)NCCCO,CC(C)(CO)[C@@H](O)C(=O)NCCCO,True,205.25399999999996,False
SNPPWIUOZRMYNY-UHFFFAOYSA-N,435,bupropion,CC(NC(C)(C)C)C(=O)C1=CC(Cl)=CC=C1,CC(NC(C)(C)C)C(=O)c1cccc(Cl)c1,True,239.746,True
SOROUYSPFADXSN-SUWVAFIASA-N,2554,talampicillin,CC1(C)S[C@@H]2[C@H](NC(=O)[C@H](N)C3=CC=CC=C3)C(=O)N2[C@H]1C(=O)OC1OC(=O)C2=C1C=CC=C2,CC1(C)S[C@@H]2[C@H](NC(=O)[C@H](N)c3ccccc3)C(=O)N2[C@H]1C(=O)OC1OC(=O)c2ccccc21,True,481.53000000000026,False
SOYKEARSMXGVTM-HNNXBMFYSA-N,4411,dexchlorpheniramine,CN(C)CC[C@@H](C1=CC=C(Cl)C=C1)C1=CC=CC=N1,CN(C)CC[C@@H](c1ccc(Cl)cc1)c1ccccn1,True,274.795,False
SOYKEARSMXGVTM-UHFFFAOYSA-N,616,chlorphenamine,CN(C)CCC(C1=CC=C(Cl)C=C1)C1=CC=CC=N1,CN(C)CCC(c1ccc(Cl)cc1)c1ccccn1,True,274.795,True
SPIUTQOUKAMGCX-UHFFFAOYSA-N,1175,flavoxate,CC1=C(OC2=C(C=CC=C2C1=O)C(=O)OCCN1CCCCC1)C1=CC=CC=C1,Cc1c(-c2ccccc2)oc2c(C(=O)OCCN3CCCCC3)cccc2c1=O,True,391.4670000000002,False
SPMVMDHWKHCIDT-UHFFFAOYSA-N,5258,tivozanib,COC1=C(OC)C=C2C(OC3=CC=C(NC(=O)NC4=NOC(C)=C4)C(Cl)=C3)=CC=NC2=C1,COc1cc2nccc(Oc3ccc(NC(=O)Nc4cc(C)on4)c(Cl)c3)c2cc1OC,True,454.8700000000001,False
SPPTWHFVYKCNNK-FQEVSTJZSA-N,316,bentiromide,OC(=O)C1=CC=C(NC(=O)[C@H](CC2=CC=C(O)C=C2)NC(=O)C2=CC=CC=C2)C=C1,O=C(O)c1ccc(NC(=O)[C@H](Cc2ccc(O)cc2)NC(=O)c2ccccc2)cc1,True,404.4220000000001,True
SQUNAWUMZGQQJD-UHFFFAOYSA-N,1022,eperisone,CCC1=CC=C(C=C1)C(=O)C(C)CN1CCCCC1,CCc1ccc(C(=O)C(C)CN2CCCCC2)cc1,True,259.3929999999999,True
SRPNQDXRVRCTNK-UHFFFAOYSA-N,2216,pivagabine,CC(C)(C)C(=O)NCCCC(O)=O,CC(C)(C)C(=O)NCCCC(=O)O,True,187.23899999999998,False
SSOLNOMRVKKSON-UHFFFAOYSA-N,2282,proguanil,CC(C)NC(=N)NC(=N)NC1=CC=C(Cl)C=C1,CC(C)NC(=N)NC(=N)Nc1ccc(Cl)cc1,True,253.73700000000002,False
SSQPWTVBQMWLSZ-AAQCHOMXSA-N,1413,icosapent ethyl,CCOC(=O)CCC\C=C/C\C=C/C\C=C/C\C=C/C\C=C/CC,CC/C=C\C/C=C\C/C=C\C/C=C\C/C=C\CCCC(=O)OCC,True,330.5120000000001,True
STDBAQMTJLUMFW-UHFFFAOYSA-N,449,butobarbital,CCCCC1(CC)C(=O)NC(=O)NC1=O,CCCCC1(CC)C(=O)NC(=O)NC1=O,True,212.249,True
STJMRWALKKWQGH-UHFFFAOYSA-N,673,clenbuterol,CC(C)(C)NCC(O)C1=CC(Cl)=C(N)C(Cl)=C1,CC(C)(C)NCC(O)c1cc(Cl)c(N)c(Cl)c1,True,277.195,True
STQGQHZAVUOBTE-VGBVRHCVSA-N,786,daunorubicin,COC1=C2C(=O)C3=C(C(O)=C4C[C@](O)(C[C@H](O[C@H]5C[C@H](N)[C@H](O)[C@H](C)O5)C4=C3O)C(C)=O)C(=O)C2=CC=C1,COc1cccc2c1C(=O)c1c(O)c3c(c(O)c1C2=O)C[C@@](O)(C(C)=O)C[C@@H]3O[C@H]1C[C@H](N)[C@H](O)[C@H](C)O1,True,527.5260000000003,True
SUBDBMMJDZJVOS-UHFFFAOYSA-N,1990,omeprazole,COC1=CC2=C(C=C1)N=C(N2)S(=O)CC1=NC=C(C)C(OC)=C1C,COc1ccc2nc(S(=O)Cc3ncc(C)c(OC)c3C)[nH]c2c1,True,345.42400000000015,False
SUJUHGSWHZTSEU-FYBSXPHGSA-N,3609,tipranavir,CCC[C@@]1(CCC2=CC=CC=C2)CC(O)=C([C@H](CC)C2=CC(NS(=O)(=O)C3=CC=C(C=N3)C(F)(F)F)=CC=C2)C(=O)O1,CCC[C@@]1(CCc2ccccc2)CC(O)=C([C@H](CC)c2cccc(NS(=O)(=O)c3ccc(C(F)(F)F)cn3)c2)C(=O)O1,True,602.6750000000002,False
SWLMUYACZKCSHZ-UHFFFAOYSA-N,450,butoconazole,ClC1=CC=C(CCC(CN2C=CN=C2)SC2=C(Cl)C=CC=C2Cl)C=C1,Clc1ccc(CCC(Cn2ccnc2)Sc2c(Cl)cccc2Cl)cc1,True,411.7850000000001,True
SXYZQZLHAIHKKY-GSTUPEFVSA-N,4606,clocortolone pivalate,C[C@@H]1C[C@H]2[C@@H]3C[C@H](F)C4=CC(=O)C=C[C@]4(C)[C@@]3(Cl)[C@@H](O)C[C@]2(C)[C@H]1C(=O)COC(=O)C(C)(C)C,C[C@@H]1C[C@H]2[C@@H]3C[C@H](F)C4=CC(=O)C=C[C@]4(C)[C@@]3(Cl)[C@@H](O)C[C@]2(C)[C@H]1C(=O)COC(=O)C(C)(C)C,True,495.03100000000035,False
SYOKIDBDQMKNDQ-XWTIBIIYSA-N,3642,vildagliptin,OC12CC3CC(C1)CC(C3)(C2)NCC(=O)N1CCC[C@H]1C#N,N#C[C@@H]1CCCN1C(=O)CNC12CC3CC(CC(O)(C3)C1)C2,True,303.406,True
SYTBZMRGLBWNTM-UHFFFAOYSA-N,1219,flurbiprofen,CC(C(O)=O)C1=CC(F)=C(C=C1)C1=CC=CC=C1,CC(C(=O)O)c1ccc(-c2ccccc2)c(F)c1,True,244.26500000000001,True
SZLZWPPUNLXJEA-QEGASFHISA-N,2369,rescinnamine,CO[C@H]1[C@@H](C[C@@H]2CN3CCC4=C(NC5=C4C=CC(OC)=C5)[C@H]3C[C@@H]2[C@@H]1C(=O)OC)OC(=O)\C=C\C1=CC(OC)=C(OC)C(OC)=C1,COC(=O)[C@H]1[C@H]2C[C@@H]3c4[nH]c5cc(OC)ccc5c4CCN3C[C@H]2C[C@@H](OC(=O)/C=C/c2cc(OC)c(OC)c(OC)c2)[C@@H]1OC,True,634.7260000000002,True
SZQIFWWUIBRPBZ-UHFFFAOYSA-N,1088,ethotoin,CCN1C(=O)NC(C1=O)C1=CC=CC=C1,CCN1C(=O)NC(c2ccccc2)C1=O,True,204.229,True
TTWJBBZEZQICBI-UHFFFAOYSA-N,1782,metoclopramide,CCN(CC)CCNC(=O)C1=C(OC)C=C(N)C(Cl)=C1,CCN(CC)CCNC(=O)c1cc(Cl)c(N)cc1OC,True,299.802,True
TUZYXOIXSAXUGO-PZAWKZKUSA-N,2239,pravastatin,CC[C@H](C)C(=O)O[C@H]1C[C@H](O)C=C2C=C[C@H](C)[C@H](CC[C@@H](O)C[C@@H](O)CC(O)=O)[C@@H]12,CC[C@H](C)C(=O)O[C@H]1C[C@H](O)C=C2C=C[C@H](C)[C@H](CC[C@@H](O)C[C@@H](O)CC(=O)O)[C@H]21,True,424.5340000000002,False
TVHAZVBUYQMHBC-SNHXEXRGSA-N,1000097,unoprostone,CCCCCCCC(=O)CC[C@H]1[C@H](O)C[C@H](O)[C@@H]1C\C=C/CCCC(O)=O,CCCCCCCC(=O)CC[C@@H]1[C@@H](C/C=C\CCCC(=O)O)[C@@H](O)C[C@H]1O,True,382.5410000000002,True
TVQZAMVBTVNYLA-UHFFFAOYSA-N,2238,pranoprofen,CC(C(O)=O)C1=CC2=C(OC3=NC=CC=C3C2)C=C1,CC(C(=O)O)c1ccc2c(c1)Cc1cccnc1O2,True,255.273,False
TVURRHSHRRELCG-UHFFFAOYSA-N,1153,fenoldopam,OC1=CC=C(C=C1)C1CNCCC2=C(Cl)C(O)=C(O)C=C12,Oc1ccc(C2CNCCc3c2cc(O)c(O)c3Cl)cc1,True,305.761,False
TVYLLZQTGLZFBW-ZBFHGGJFSA-N,2711,tramadol,COC1=CC=CC(=C1)[C@@]1(O)CCCC[C@@H]1CN(C)C,COc1cccc([C@@]2(O)CCCC[C@@H]2CN(C)C)c1,True,263.3809999999999,True
TXCGAZHTZHNUAI-UHFFFAOYSA-N,695,clofibric acid,CC(C)(OC1=CC=C(Cl)C=C1)C(O)=O,CC(C)(Oc1ccc(Cl)cc1)C(=O)O,True,214.648,False
TXEIIPDJKFWEEC-UHFFFAOYSA-N,4192,tafamidis,OC(=O)C1=CC2=C(C=C1)N=C(O2)C1=CC(Cl)=CC(Cl)=C1,O=C(O)c1ccc2nc(-c3cc(Cl)cc(Cl)c3)oc2c1,True,308.12,True
TYMRLRRVMHJFTF-UHFFFAOYSA-N,1624,mafenide,NCC1=CC=C(C=C1)S(N)(=O)=O,NCc1ccc(S(N)(=O)=O)cc1,True,186.23599999999996,False
TYNLGDBUJLVSMA-UHFFFAOYSA-N,849,diacerein,CC(=O)OC1=C2C(=O)C3=C(OC(C)=O)C=C(C=C3C(=O)C2=CC=C1)C(O)=O,CC(=O)Oc1cccc2c1C(=O)c1c(OC(C)=O)cc(C(=O)O)cc1C2=O,True,368.2970000000001,True
TYQXKHPOXXXCTP-CSLYCKPJSA-N,1052,erythromycin propionate,CC[C@H]1OC(=O)[C@H](C)[C@@H](O[C@H]2C[C@@](C)(OC)[C@@H](O)[C@H](C)O2)[C@H](C)[C@@H](O[C@@H]2O[C@H](C)C[C@@H]([C@H]2OC(=O)CC)N(C)C)[C@](C)(O)C[C@@H](C)C(=O)[C@H](C)[C@@H](O)[C@]1(C)O,CCC(=O)O[C@H]1[C@H](O[C@@H]2[C@@H](C)[C@H](O[C@H]3C[C@@](C)(OC)[C@@H](O)[C@H](C)O3)[C@@H](C)C(=O)O[C@H](CC)[C@@](C)(O)[C@H](O)[C@@H](C)C(=O)[C@H](C)C[C@@]2(C)O)O[C@H](C)C[C@@H]1N(C)C,True,790.001,False
TYYBFXNZMFNZJT-UHFFFAOYSA-N,1472,ioxaglic acid,CNC(=O)C1=C(I)C(C(=O)NCC(=O)NC2=C(I)C(C(=O)NCCO)=C(I)C(C(O)=O)=C2I)=C(I)C(N(C)C(C)=O)=C1I,CNC(=O)c1c(I)c(C(=O)NCC(=O)Nc2c(I)c(C(=O)O)c(I)c(C(=O)NCCO)c2I)c(I)c(N(C)C(C)=O)c1I,True,1268.8829999999996,False
TYZROVQLWOKYKF-ZDUSSCGKSA-N,1584,linezolid,CC(=O)NC[C@H]1CN(C(=O)O1)C1=CC(F)=C(C=C1)N1CCOCC1,CC(=O)NC[C@H]1CN(c2ccc(N3CCOCC3)c(F)c2)C(=O)O1,True,337.35100000000017,False
TZFWDZFKRBELIQ-UHFFFAOYSA-N,626,chlorzoxazone,ClC1=CC2=C(OC(=O)N2)C=C1,O=c1[nH]c2cc(Cl)ccc2o1,True,169.567,True
TZXKOCQBRNJULO-UHFFFAOYSA-N,4188,deferiprone,CN1C=CC(=O)C(O)=C1C,Cc1c(O)c(=O)ccn1C,True,139.154,True
UBCHPRBFMUDMNC-UHFFFAOYSA-N,2383,rimantadine,CC(N)C12CC3CC(CC(C3)C1)C2,CC(N)C12CC3CC(CC(C3)C1)C2,True,179.30699999999996,True
UBPYILGKFZZVDX-UHFFFAOYSA-N,4359,bosutinib,COC1=CC2=C(C=C1OCCCN1CCN(C)CC1)N=CC(C#N)=C2NC1=CC(OC)=C(Cl)C=C1Cl,COc1cc(Nc2c(C#N)cnc3cc(OCCCN4CCN(C)CC4)c(OC)cc23)c(Cl)cc1Cl,True,530.4560000000002,True
UBQNRHZMVUUOMG-UHFFFAOYSA-N,2872,zonisamide,NS(=O)(=O)CC1=NOC2=CC=CC=C12,NS(=O)(=O)Cc1noc2ccccc12,True,212.23000000000002,True
UCHDWCPVSPXUMX-TZIWLTJVSA-N,1836,montelukast,CC(C)(O)C1=C(CC[C@@H](SCC2(CC(O)=O)CC2)C2=CC(\C=C\C3=NC4=CC(Cl)=CC=C4C=C3)=CC=C2)C=CC=C1,CC(C)(O)c1ccccc1CC[C@@H](SCC1(CC(=O)O)CC1)c1cccc(/C=C/c2ccc3ccc(Cl)cc3n2)c1,True,586.1970000000002,False
UCJGJABZCDBEDK-UHFFFAOYSA-N,4334,bazedoxifene,CC1=C(N(CC2=CC=C(OCCN3CCCCCC3)C=C2)C2=C1C=C(O)C=C2)C1=CC=C(O)C=C1,Cc1c(-c2ccc(O)cc2)n(Cc2ccc(OCCN3CCCCCC3)cc2)c2ccc(O)cc12,True,470.6130000000001,False
UCRHFBCYFMIWHC-UHFFFAOYSA-N,4193,piperaquine,ClC1=CC=C2C(=C1)N=CC=C2N1CCN(CCCN2CCN(CC2)C2=CC=NC3=CC(Cl)=CC=C23)CC1,Clc1ccc2c(N3CCN(CCCN4CCN(c5ccnc6cc(Cl)ccc56)CC4)CC3)ccnc2c1,True,535.5230000000003,True
UCTWMZQNUQWSLP-VIFPVBQESA-N,1028,epinephrine,CNC[C@H](O)C1=CC=C(O)C(O)=C1,CNC[C@H](O)c1ccc(O)c(O)c1,True,183.207,False
UDMBCSSLTHHNCD-KQYNXXCUSA-N,92,adenosine phosphate,NC1=NC=NC2=C1N=CN2[C@@H]1O[C@H](COP(O)(O)=O)[C@@H](O)[C@H]1O,Nc1ncnc2c1ncn2[C@@H]1O[C@H](COP(=O)(O)O)[C@@H](O)[C@H]1O,True,347.224,True
UEJJHQNACJXSKW-UHFFFAOYSA-N,2616,thalidomide,O=C1N(C2CCC(=O)NC2=O)C(=O)C2=C1C=CC=C2,O=C1CCC(N2C(=O)c3ccccc3C2=O)C(=O)N1,True,258.233,True
UEQUQVLFIPOEMF-UHFFFAOYSA-N,1796,mianserin,CN1CCN2C(C1)C1=C(CC3=C2C=CC=C3)C=CC=C1,CN1CCN2c3ccccc3Cc3ccccc3C2C1,True,264.372,True
UFLGIAIHIAPJJC-UHFFFAOYSA-N,2762,tripelennamine,CN(C)CCN(CC1=CC=CC=C1)C1=CC=CC=N1,CN(C)CCN(Cc1ccccc1)c1ccccn1,True,255.36500000000004,True
UFSKUSARDNFIRC-UHFFFAOYSA-N,5010,lumacaftor,CC1=CC=C(NC(=O)C2(CC2)C2=CC=C3OC(F)(F)OC3=C2)N=C1C1=CC=CC(=C1)C(O)=O,Cc1ccc(NC(=O)C2(c3ccc4c(c3)OC(F)(F)O4)CC2)nc1-c1cccc(C(=O)O)c1,True,452.4130000000002,True
UGDPYGKWIHHBMB-UHFFFAOYSA-N,1591,lobenzarit,OC(=O)C1=C(NC2=C(C=CC(Cl)=C2)C(O)=O)C=CC=C1,O=C(O)c1ccccc1Nc1cc(Cl)ccc1C(=O)O,True,291.69,True
UGJMXCAKCUNAIE-UHFFFAOYSA-N,1264,gabapentin,NCC1(CC(O)=O)CCCCC1,NCC1(CC(=O)O)CCCCC1,True,171.23999999999992,True
UHDGCWIWMRVCDJ-CCXZUQQUSA-N,770,cytarabine,NC1=NC(=O)N(C=C1)[C@@H]1O[C@H](CO)[C@@H](O)[C@@H]1O,Nc1ccn([C@@H]2O[C@H](CO)[C@@H](O)[C@@H]2O)c(=O)n1,True,243.219,True
UHSKFQJFRQCDBE-UHFFFAOYSA-N,2402,ropinirole,CCCN(CCC)CCC1=CC=CC2=C1CC(=O)N2,CCCN(CCC)CCc1cccc2c1CC(=O)N2,True,260.3809999999999,True
UHTHHESEBZOYNR-UHFFFAOYSA-N,4178,vandetanib,COC1=C(OCC2CCN(C)CC2)C=C2N=CN=C(NC3=C(F)C=C(Br)C=C3)C2=C1,COc1cc2c(Nc3ccc(Br)cc3F)ncnc2cc1OCC1CCN(C)CC1,True,475.3620000000001,True
UHWVSEOVJBQKBE-UHFFFAOYSA-N,2750,trimetazidine,COC1=C(OC)C(OC)=C(CN2CCNCC2)C=C1,COc1ccc(CN2CCNCC2)c(OC)c1OC,True,266.3409999999999,True
UIAGMCDKSXEBJQ-UHFFFAOYSA-N,1937,nimodipine,COCCOC(=O)C1=C(C)NC(C)=C(C1C1=CC(=CC=C1)[N+]([O-])=O)C(=O)OC(C)C,COCCOC(=O)C1=C(C)NC(C)=C(C(=O)OC(C)C)C1c1cccc([N+](=O)[O-])c1,True,418.4460000000002,True
UIEATEWHFDRYRU-UHFFFAOYSA-N,342,bepridil,CC(C)COCC(CN(CC1=CC=CC=C1)C1=CC=CC=C1)N1CCCC1,CC(C)COCC(CN(Cc1ccccc1)c1ccccc1)N1CCCC1,True,366.5490000000002,True
UIMOJFJSJSIGLV-JNHMLNOCSA-N,521,carumonam,NC(=O)OC[C@@H]1[C@H](NC(=O)C(=N/OCC(O)=O)\C2=CSC(N)=N2)C(=O)N1S(O)(=O)=O,NC(=O)OC[C@@H]1[C@H](NC(=O)/C(=N\OCC(=O)O)c2csc(N)n2)C(=O)N1S(=O)(=O)O,True,466.41000000000014,False
UIOFUWFRIANQPC-JKIFEVAISA-N,1183,floxacillin,CC1=C(C(=O)N[C@H]2[C@H]3SC(C)(C)[C@@H](N3C2=O)C(O)=O)C(=NO1)C1=C(Cl)C=CC=C1F,Cc1onc(-c2c(F)cccc2Cl)c1C(=O)N[C@@H]1C(=O)N2[C@@H]1SC(C)(C)[C@@H]2C(=O)O,True,453.87900000000013,False
UISARWKNNNHPGI-UHFFFAOYSA-N,2603,terodiline,CC(CC(C1=CC=CC=C1)C1=CC=CC=C1)NC(C)(C)C,CC(CC(c1ccccc1)c1ccccc1)NC(C)(C)C,True,281.44300000000004,True
UJEWTUDSLQGTOA-UHFFFAOYSA-N,2201,piretanide,NS(=O)(=O)C1=CC(=CC(N2CCCC2)=C1OC1=CC=CC=C1)C(O)=O,NS(=O)(=O)c1cc(C(=O)O)cc(N2CCCC2)c1Oc1ccccc1,True,362.407,True
UJLAWZDWDVHWOW-YPMHNXCESA-N,4713,tofacitinib,C[C@@H]1CCN(C[C@@H]1N(C)C1=C2C=CNC2=NC=N1)C(=O)CC#N,C[C@@H]1CCN(C(=O)CC#N)C[C@@H]1N(C)c1ncnc2[nH]ccc12,True,312.3770000000001,False
UKTAZPQNNNJVKR-MMUVGSQPSA-N,3931,dolasetron,O=C(O[C@H]1C[C@H]2CC3C[C@@H](C1)N2CC3=O)C1=CNC2=C1C=CC=C2,O=C(O[C@H]1C[C@H]2CC3C[C@@H](C1)N2CC3=O)c1c[nH]c2ccccc12,True,324.38000000000005,False
ULFRLSNUDGIQQP-UHFFFAOYSA-N,2393,rizatriptan,CN(C)CCC1=CNC2=C1C=C(CN1C=NC=N1)C=C2,CN(C)CCc1c[nH]c2ccc(Cn3cncn3)cc12,True,269.352,True
ULSDMUVEXKOYBU-ZDUSSCGKSA-N,2869,zolmitriptan,CN(C)CCC1=CNC2=C1C=C(C[C@H]1COC(=O)N1)C=C2,CN(C)CCc1c[nH]c2ccc(C[C@H]3COC(=O)N3)cc12,True,287.36299999999994,True
ULXXDDBFHOBEHA-CWDCEQMOSA-N,4318,afatinib,CN(C)C\C=C\C(=O)NC1=CC2=C(C=C1O[C@H]1CCOC1)N=CN=C2NC1=CC(Cl)=C(F)C=C1,CN(C)C/C=C/C(=O)Nc1cc2c(Nc3ccc(F)c(Cl)c3)ncnc2cc1O[C@H]1CCOC1,True,485.9470000000001,True
UNAANXDKBXWMLN-UHFFFAOYSA-N,2440,sibutramine,CC(C)CC(N(C)C)C1(CCC1)C1=CC=C(Cl)C=C1,CC(C)CC(N(C)C)C1(c2ccc(Cl)cc2)CCC1,True,279.85499999999996,True
UNFWWIHTNXNPBV-WXKVUWSESA-N,2468,spectinomycin,CN[C@@H]1[C@H](O)[C@H](NC)[C@H]2O[C@]3(O)[C@@H](O[C@H](C)CC3=O)O[C@@H]2[C@H]1O,CN[C@@H]1[C@H](O)[C@H](NC)[C@H]2O[C@@]3(O)C(=O)C[C@@H](C)O[C@H]3O[C@@H]2[C@H]1O,True,332.35300000000007,True
UNJFKXSSGBWRBZ-BJCIPQKHSA-N,562,ceftibuten,NC1=NC(=CS1)C(=C\CC(O)=O)\C(=O)N[C@H]1[C@H]2SCC=C(N2C1=O)C(O)=O,Nc1nc(/C(=C/CC(=O)O)C(=O)N[C@@H]2C(=O)N3C(C(=O)O)=CCS[C@H]23)cs1,True,410.43300000000016,True
UNRHXEPDKXPRTM-UHFFFAOYSA-N,2541,sultopride,CCN1CCCC1CNC(=O)C1=C(OC)C=CC(=C1)S(=O)(=O)CC,CCN1CCCC1CNC(=O)c1cc(S(=O)(=O)CC)ccc1OC,True,354.4720000000001,True
UOWZUVNAGUAEQC-UHFFFAOYSA-N,3611,tiratricol,OC(=O)CC1=CC(I)=C(OC2=CC(I)=C(O)C=C2)C(I)=C1,O=C(O)Cc1cc(I)c(Oc2ccc(O)c(I)c2)c(I)c1,True,621.9340000000001,False
UOZODPSAJZTQNH-LSWIJEOBSA-N,2067,paromomycin,NC[C@@H]1O[C@H](O[C@@H]2[C@@H](CO)O[C@@H](O[C@@H]3[C@@H](O)[C@H](N)C[C@H](N)[C@H]3O[C@H]3O[C@H](CO)[C@@H](O)[C@H](O)[C@H]3N)[C@@H]2O)[C@H](N)[C@@H](O)[C@@H]1O,NC[C@@H]1O[C@H](O[C@H]2[C@@H](O)[C@H](O[C@@H]3[C@@H](O)[C@H](N)C[C@H](N)[C@H]3O[C@H]3O[C@H](CO)[C@@H](O)[C@H](O)[C@H]3N)O[C@@H]2CO)[C@H](N)[C@@H](O)[C@@H]1O,True,615.6340000000004,False
UPNUIXSCZBYVBB-JVFUWBCBSA-N,143,alvimopan,C[C@H]1CN(C[C@H](CC2=CC=CC=C2)C(=O)NCC(O)=O)CC[C@@]1(C)C1=CC(O)=CC=C1,C[C@H]1CN(C[C@H](Cc2ccccc2)C(=O)NCC(=O)O)CC[C@@]1(C)c1cccc(O)c1,True,424.5410000000002,False
UPSPUYADGBWSHF-UHFFFAOYSA-N,2699,tolmetin,CN1C(CC(O)=O)=CC=C1C(=O)C1=CC=C(C)C=C1,Cc1ccc(C(=O)c2ccc(CC(=O)O)n2C)cc1,True,257.28899999999993,False
UQGKUQLKSCSZGY-UHFFFAOYSA-N,1985,olmesartan medoxomil,CCCC1=NC(=C(N1CC1=CC=C(C=C1)C1=C(C=CC=C1)C1=NN=NN1)C(=O)OCC1=C(C)OC(=O)O1)C(C)(C)O,CCCc1nc(C(C)(C)O)c(C(=O)OCc2oc(=O)oc2C)n1Cc1ccc(-c2ccccc2-c2nnn[nH]2)cc1,True,558.5950000000004,True
UQLLWWBDSUHNEB-CZUORRHYSA-N,575,cefapirin,CC(=O)OCC1=C(N2[C@H](SC1)[C@H](NC(=O)CSC1=CC=NC=C1)C2=O)C(O)=O,CC(=O)OCC1=C(C(=O)O)N2C(=O)[C@@H](NC(=O)CSc3ccncc3)[C@H]2SC1,True,423.47200000000015,True
UQRORFVVSGFNRO-UTINFBMNSA-N,1807,miglustat,CCCCN1C[C@H](O)[C@@H](O)[C@H](O)[C@H]1CO,CCCCN1C[C@H](O)[C@@H](O)[C@H](O)[C@H]1CO,True,219.28099999999998,True
UQZVCDCIMBLVNR-TWYODKAFSA-N,2538,sulprostone,CS(=O)(=O)NC(=O)CCC\C=C/C[C@@H]1[C@@H](\C=C\[C@@H](O)COC2=CC=CC=C2)[C@H](O)CC1=O,CS(=O)(=O)NC(=O)CCC/C=C\C[C@H]1C(=O)C[C@@H](O)[C@@H]1/C=C/[C@@H](O)COc1ccccc1,True,465.5680000000002,True
UREBDLICKHMUKA-CXSFZGCWSA-N,824,dexamethasone,C[C@@H]1C[C@H]2[C@@H]3CCC4=CC(=O)C=C[C@]4(C)[C@@]3(F)[C@@H](O)C[C@]2(C)[C@@]1(O)C(=O)CO,C[C@@H]1C[C@H]2[C@@H]3CCC4=CC(=O)C=C[C@]4(C)[C@@]3(F)[C@@H](O)C[C@]2(C)[C@@]1(O)C(=O)CO,True,392.4670000000002,True
UREBDLICKHMUKA-DVTGEIKXSA-N,348,betamethasone,C[C@H]1C[C@H]2[C@@H]3CCC4=CC(=O)C=C[C@]4(C)[C@@]3(F)[C@@H](O)C[C@]2(C)[C@@]1(O)C(=O)CO,C[C@H]1C[C@H]2[C@@H]3CCC4=CC(=O)C=C[C@]4(C)[C@@]3(F)[C@@H](O)C[C@]2(C)[C@@]1(O)C(=O)CO,True,392.4670000000002,False
URKOMYMAXPYINW-UHFFFAOYSA-N,2337,quetiapine,OCCOCCN1CCN(CC1)C1=NC2=CC=CC=C2SC2=CC=CC=C12,OCCOCCN1CCN(C2=Nc3ccccc3Sc3ccccc32)CC1,True,383.5170000000001,True
USUZGMWDZDXMDG-CYBMUJFWSA-N,5384,osilodrostat,FC1=C(C=CC(=C1)C#N)[C@H]1CCC2=CN=CN12,N#Cc1ccc([C@H]2CCc3cncn32)c(F)c1,True,227.242,False
USZAGAREISWJDP-UHFFFAOYSA-N,5201,crisaborole,OB1OCC2=CC(OC3=CC=C(C=C3)C#N)=CC=C12,N#Cc1ccc(Oc2ccc3c(c2)COB3O)cc1,True,251.05,False
USZYSDMBJDPRIF-SVEJIMAYSA-N,80,aclarubicin,CC[C@@]1(O)C[C@H](O[C@H]2C[C@@H]([C@H](O[C@H]3C[C@H](O)[C@H](O[C@H]4CCC(=O)[C@H](C)O4)[C@H](C)O3)[C@H](C)O2)N(C)C)C2=C(O)C3=C(C=C2[C@H]1C(=O)OC)C(=O)C1=CC=CC(O)=C1C3=O,CC[C@@]1(O)C[C@H](O[C@H]2C[C@H](N(C)C)[C@H](O[C@H]3C[C@H](O)[C@H](O[C@H]4CCC(=O)[C@H](C)O4)[C@H](C)O3)[C@H](C)O2)c2c(cc3c(c2O)C(=O)c2c(O)cccc2C3=O)[C@H]1C(=O)OC,True,811.8780000000003,False
UTNUDOFZCWSZMS-YFHOEESVSA-N,4634,teriflunomide,C\C(O)=C(/C#N)C(=O)NC1=CC=C(C=C1)C(F)(F)F,C/C(O)=C(\C#N)C(=O)Nc1ccc(C(F)(F)F)cc1,True,270.21,False
UULSXYSSHHRCQK-UHFFFAOYSA-N,447,butibufen,CCC(C(O)=O)C1=CC=C(CC(C)C)C=C1,CCC(C(=O)O)c1ccc(CC(C)C)cc1,True,220.31199999999995,True
UUOJIACWOAYWEZ-UHFFFAOYSA-N,389,bopindolol,CC1=CC2=C(N1)C=CC=C2OCC(CNC(C)(C)C)OC(=O)C1=CC=CC=C1,Cc1cc2c(OCC(CNC(C)(C)C)OC(=O)c3ccccc3)cccc2[nH]1,True,380.4880000000001,True
UUQMNUMQCIQDMZ-UHFFFAOYSA-N,346,betahistine,CNCCC1=CC=CC=N1,CNCCc1ccccn1,True,136.19799999999995,True
UUTKICFRNVKFRG-WDSKDSINSA-N,2164,pidotimod,OC(=O)[C@@H]1CSCN1C(=O)[C@@H]1CCC(=O)N1,O=C1CC[C@@H](C(=O)N2CSC[C@H]2C(=O)O)N1,True,244.272,True
UUVWYPNAQBNQJQ-UHFFFAOYSA-N,141,altretamine,CN(C)C1=NC(=NC(=N1)N(C)C)N(C)C,CN(C)c1nc(N(C)C)nc(N(C)C)n1,True,210.285,True
UVIQSJCZCSLXRZ-UBUQANBQSA-N,4176,abiraterone acetate,CC(=O)O[C@H]1CC[C@]2(C)[C@H]3CC[C@@]4(C)[C@@H](CC=C4C4=CC=CN=C4)[C@@H]3CC=C2C1,CC(=O)O[C@H]1CC[C@@]2(C)C(=CC[C@@H]3[C@@H]2CC[C@]2(C)C(c4cccnc4)=CC[C@@H]32)C1,True,391.5550000000001,False
UVKZSORBKUEBAZ-UHFFFAOYSA-N,749,cyclizine,CN1CCN(CC1)C(C1=CC=CC=C1)C1=CC=CC=C1,CN1CCN(C(c2ccccc2)c2ccccc2)CC1,True,266.38800000000003,False
UVOIBTBFPOZKGP-UHFFFAOYSA-N,2298,propiomazine,CCC(=O)C1=CC=C2SC3=CC=CC=C3N(CC(C)N(C)C)C2=C1,CCC(=O)c1ccc2c(c1)N(CC(C)N(C)C)c1ccccc1S2,True,340.4920000000001,True
UVSMNLNDYGZFPF-UHFFFAOYSA-N,4746,pomalidomide,NC1=CC=CC2=C1C(=O)N(C1CCC(=O)NC1=O)C2=O,Nc1cccc2c1C(=O)N(C1CCC(=O)NC1=O)C2=O,True,273.248,False
UVTNFZQICZKOEM-UHFFFAOYSA-N,926,disopyramide,CC(C)N(CCC(C(N)=O)(C1=CC=CC=C1)C1=CC=CC=N1)C(C)C,CC(C)N(CCC(C(N)=O)(c1ccccc1)c1ccccn1)C(C)C,True,339.4830000000001,True
UWFYSQMTEOIJJG-FDTZYFLXSA-N,766,cyproterone acetate,CC(=O)O[C@@]1(CC[C@H]2[C@@H]3C=C(Cl)C4=CC(=O)[C@@H]5C[C@@H]5[C@]4(C)[C@H]3CC[C@]12C)C(C)=O,CC(=O)O[C@]1(C(C)=O)CC[C@H]2[C@@H]3C=C(Cl)C4=CC(=O)[C@@H]5C[C@@H]5[C@]4(C)[C@H]3CC[C@@]21C,True,416.9450000000003,True
UWWDHYUMIORJTA-HSQYWUDLSA-N,1827,moexipril,CCOC(=O)[C@H](CCC1=CC=CC=C1)N[C@@H](C)C(=O)N1CC2=CC(OC)=C(OC)C=C2C[C@H]1C(O)=O,CCOC(=O)[C@H](CCc1ccccc1)N[C@@H](C)C(=O)N1Cc2cc(OC)c(OC)cc2C[C@H]1C(=O)O,True,498.5760000000004,False
UWYHMGVUTGAWSP-JKIFEVAISA-N,2006,oxacillin,CC1=C(C(=O)N[C@H]2[C@H]3SC(C)(C)[C@@H](N3C2=O)C(O)=O)C(=NO1)C1=CC=CC=C1,Cc1onc(-c2ccccc2)c1C(=O)N[C@@H]1C(=O)N2[C@@H]1SC(C)(C)[C@@H]2C(=O)O,True,401.4440000000001,False
UXOWGYHJODZGMF-QORCZRPOSA-N,119,aliskiren,COCCCOC1=C(OC)C=CC(C[C@@H](C[C@H](N)[C@@H](O)C[C@@H](C(C)C)C(=O)NCC(C)(C)C(N)=O)C(C)C)=C1,COCCCOc1cc(C[C@@H](C[C@H](N)[C@@H](O)C[C@H](C(=O)NCC(C)(C)C(N)=O)C(C)C)C(C)C)ccc1OC,True,551.7690000000002,True
UXQDWARBDDDTKG-UHFFFAOYSA-N,3634,tromantadine,CN(C)CCOCC(=O)NC12CC3CC(CC(C3)C1)C2,CN(C)CCOCC(=O)NC12CC3CC(CC(C3)C1)C2,True,280.41200000000003,True
UXZFQZANDVDGMM-UHFFFAOYSA-N,1457,diiodohydroxyquinoline,OC1=C2N=CC=CC2=C(I)C=C1I,Oc1c(I)cc(I)c2cccnc12,True,396.953,False
UYNVMODNBIQBMV-UHFFFAOYSA-N,1419,ifenprodil,CC(C(O)C1=CC=C(O)C=C1)N1CCC(CC2=CC=CC=C2)CC1,CC(C(O)c1ccc(O)cc1)N1CCC(Cc2ccccc2)CC1,True,325.45200000000006,True
UZVHFVZFNXBMQJ-UHFFFAOYSA-N,441,butalbital,CC(C)CC1(CC=C)C(=O)NC(=O)NC1=O,C=CCC1(CC(C)C)C(=O)NC(=O)NC1=O,True,224.26,True
UZWDCWONPYILKI-UHFFFAOYSA-N,5259,abemaciclib,CCN1CCN(CC2=CC=C(NC3=NC=C(F)C(=N3)C3=CC(F)=C4N=C(C)N(C(C)C)C4=C3)N=C2)CC1,CCN1CCN(Cc2ccc(Nc3ncc(F)c(-c4cc(F)c5nc(C)n(C(C)C)c5c4)n3)nc2)CC1,True,506.6050000000003,False
VABCILAOYCMVPS-UHFFFAOYSA-N,48,acenocoumarol,CC(=O)CC(C1=CC=C(C=C1)[N+]([O-])=O)C1=C(O)C2=C(OC1=O)C=CC=C2,CC(=O)CC(c1ccc([N+](=O)[O-])cc1)c1c(O)c2ccccc2oc1=O,True,353.3300000000001,True
VACCAVUAMIDAGB-UHFFFAOYSA-N,2512,sulfamethizole,CC1=NN=C(NS(=O)(=O)C2=CC=C(N)C=C2)S1,Cc1nnc(NS(=O)(=O)c2ccc(N)cc2)s1,True,270.339,True
VAOCPAMSLUNLGC-UHFFFAOYSA-N,1790,metronidazole,CC1=NC=C(N1CCO)[N+]([O-])=O,Cc1ncc([N+](=O)[O-])n1CCO,True,171.15599999999998,True
VBHQKCBVWWUUKN-KZNAEPCWSA-N,4365,vernakalant,COC1=C(OC)C=C(CCO[C@@H]2CCCC[C@H]2N2CC[C@@H](O)C2)C=C1,COc1ccc(CCO[C@@H]2CCCC[C@H]2N2CC[C@@H](O)C2)cc1OC,True,349.47100000000006,False
VBSPHZOBAOWFCL-UHFFFAOYSA-N,2437,setastine,CC(OCCN1CCCCCC1)(C1=CC=CC=C1)C1=CC=C(Cl)C=C1,CC(OCCN1CCCCCC1)(c1ccccc1)c1ccc(Cl)cc1,True,357.92500000000007,False
VCKUSRYTPJJLNI-UHFFFAOYSA-N,3584,terazosin,COC1=CC2=C(C=C1OC)C(N)=NC(=N2)N1CCN(CC1)C(=O)C1CCCO1,COc1cc2nc(N3CCN(C(=O)C4CCCO4)CC3)nc(N)c2cc1OC,True,387.4400000000002,True
VCVQSRCYSKKPBA-UHFFFAOYSA-N,430,bunitrolol,CC(C)(C)NCC(O)COC1=C(C=CC=C1)C#N,CC(C)(C)NCC(O)COc1ccccc1C#N,True,248.326,False
VDANGULDQQJODZ-UHFFFAOYSA-N,605,chloroprocaine,CCN(CC)CCOC(=O)C1=C(Cl)C=C(N)C=C1,CCN(CC)CCOC(=O)c1ccc(N)cc1Cl,True,270.76,True
VDHAWDNDOKGFTD-MRXNPFEDSA-N,647,cinacalcet,C[C@@H](NCCCC1=CC(=CC=C1)C(F)(F)F)C1=CC=CC2=C1C=CC=C2,C[C@@H](NCCCc1cccc(C(F)(F)F)c1)c1cccc2ccccc12,True,357.41900000000004,True
VDOSWXIDETXFET-UHFFFAOYSA-N,98,afloqualone,CC1=CC=CC=C1N1C(CF)=NC2=C(C=C(N)C=C2)C1=O,Cc1ccccc1-n1c(CF)nc2ccc(N)cc2c1=O,True,283.30600000000004,True
VDUWPHTZYNWKRN-UHFFFAOYSA-N,657,cinoxacin,CCN1N=C(C(O)=O)C(=O)C2=C1C=C1OCOC1=C2,CCn1nc(C(=O)O)c(=O)c2cc3c(cc21)OCO3,True,262.22099999999995,True
VEQOALNAAJBPNY-UHFFFAOYSA-N,861,phenazone,CN1N(C(=O)C=C1C)C1=CC=CC=C1,Cc1cc(=O)n(-c2ccccc2)n1C,True,188.23000000000002,True
VGGGPCQERPFHOB-RDBSUJKOSA-N,2787,ubenimex,CC(C)C[C@H](NC(=O)[C@@H](O)[C@H](N)CC1=CC=CC=C1)C(O)=O,CC(C)C[C@H](NC(=O)[C@@H](O)[C@H](N)Cc1ccccc1)C(=O)O,True,308.37800000000004,False
VGKDLMBJGBXTGI-SJCJKPOMSA-N,2436,sertraline,CN[C@H]1CC[C@@H](C2=CC(Cl)=C(Cl)C=C2)C2=CC=CC=C12,CN[C@H]1CC[C@@H](c2ccc(Cl)c(Cl)c2)c2ccccc21,True,306.236,True
VGLGVJVUHYTIIU-UHFFFAOYSA-N,140,altizide,NS(=O)(=O)C1=CC2=C(NC(CSCC=C)NS2(=O)=O)C=C1Cl,C=CCSCC1Nc2cc(Cl)c(S(N)(=O)=O)cc2S(=O)(=O)N1,True,383.904,False
VGYFMXBACGZSIL-MCBHFWOFSA-N,2214,pitavastatin,O[C@H](C[C@H](O)\C=C\C1=C(C2=CC=C(F)C=C2)C2=C(C=CC=C2)N=C1C1CC1)CC(O)=O,O=C(O)C[C@H](O)C[C@H](O)/C=C/c1c(C2CC2)nc2ccccc2c1-c1ccc(F)cc1,True,421.4680000000002,False
VGZSUPCWNCWDAN-UHFFFAOYSA-N,57,acetohexamide,CC(=O)C1=CC=C(C=C1)S(=O)(=O)NC(=O)NC1CCCCC1,CC(=O)c1ccc(S(=O)(=O)NC(=O)NC2CCCCC2)cc1,True,324.40200000000016,True
VHGCDTVCOLNTBX-QGZVFWFLSA-N,256,atomoxetine,CNCC[C@@H](OC1=C(C)C=CC=C1)C1=CC=CC=C1,CNCC[C@@H](Oc1ccccc1C)c1ccccc1,True,255.36100000000002,True
VHOGYURTWQBHIL-UHFFFAOYSA-N,1552,leflunomide,CC1=C(C=NO1)C(=O)NC1=CC=C(C=C1)C(F)(F)F,Cc1oncc1C(=O)Nc1ccc(C(F)(F)F)cc1,True,270.21,True
VHRSUDSXCMQTMA-PJHHCJLFSA-N,1768,methylprednisolone,C[C@H]1C[C@H]2[C@@H]3CC[C@](O)(C(=O)CO)[C@@]3(C)C[C@H](O)[C@@H]2[C@@]2(C)C=CC(=O)C=C12,C[C@H]1C[C@@H]2[C@H]([C@@H](O)C[C@@]3(C)[C@H]2CC[C@]3(O)C(=O)CO)[C@@]2(C)C=CC(=O)C=C12,True,374.4770000000001,True
VHXNKPBCCMUMSW-FQEVSTJZSA-N,2411,rubitecan,CC[C@@]1(O)C(=O)OCC2=C1C=C1N(CC3=CC4=C(C=CC=C4N=C13)[N+]([O-])=O)C2=O,CC[C@@]1(O)C(=O)OCc2c1cc1n(c2=O)Cc2cc3c([N+](=O)[O-])cccc3nc2-1,True,393.35500000000013,False
VHYCDWMUTMEGQY-UHFFFAOYSA-N,380,bisoprolol,CC(C)NCC(O)COC1=CC=C(COCCOC(C)C)C=C1,CC(C)NCC(O)COc1ccc(COCCOC(C)C)cc1,True,325.449,True
VIKNJXKGJWUCNN-XGXHKTLJSA-N,1962,norethisterone,C[C@]12CC[C@H]3[C@@H](CCC4=CC(=O)CC[C@H]34)[C@@H]1CC[C@@]2(O)C#C,C#C[C@]1(O)CC[C@H]2[C@@H]3CCC4=CC(=O)CC[C@@H]4[C@H]3CC[C@@]21C,True,298.426,True
VILCJCGEZXAXTO-UHFFFAOYSA-N,2738,trientine,NCCNCCNCCN,NCCNCCNCCN,True,146.238,False
VIROVYVQCGLCII-UHFFFAOYSA-N,184,amobarbital,CCC1(CCC(C)C)C(=O)NC(=O)NC1=O,CCC1(CCC(C)C)C(=O)NC(=O)NC1=O,True,226.27599999999998,True
VJZITPJGSQKZMX-XDPRQOKASA-N,202,amrubicin,CC(=O)[C@@]1(N)C[C@H](O[C@H]2C[C@H](O)[C@H](O)CO2)C2=C(O)C3=C(C(O)=C2C1)C(=O)C1=CC=CC=C1C3=O,CC(=O)[C@]1(N)Cc2c(O)c3c(c(O)c2[C@@H](O[C@H]2C[C@H](O)[C@H](O)CO2)C1)C(=O)c1ccccc1C3=O,True,483.4730000000003,False
VKHAHZOOUSRJNA-GCNJZUOMSA-N,1805,mifepristone,CC#C[C@]1(O)CC[C@H]2[C@@H]3CCC4=CC(=O)CCC4=C3[C@H](C[C@]12C)C1=CC=C(C=C1)N(C)C,CC#C[C@]1(O)CC[C@H]2[C@@H]3CCC4=CC(=O)CCC4=C3[C@@H](c3ccc(N(C)C)cc3)C[C@@]21C,True,429.6040000000001,True
VKQFCGNPDRICFG-UHFFFAOYSA-N,1942,nisoldipine,COC(=O)C1=C(C)NC(C)=C(C1C1=C(C=CC=C1)[N+]([O-])=O)C(=O)OCC(C)C,COC(=O)C1=C(C)NC(C)=C(C(=O)OCC(C)C)C1c1ccccc1[N+](=O)[O-],True,388.42000000000024,True
VKYKSIONXSXAKP-UHFFFAOYSA-N,3344,methenamine,C1N2CN3CN1CN(C2)C3,C1N2CN3CN1CN(C2)C3,True,140.19,False
VLCYCQAOQCDTCN-UHFFFAOYSA-N,990,eflornithine,NCCCC(N)(C(F)F)C(O)=O,NCCCC(N)(C(=O)O)C(F)F,True,182.17,True
VLPIATFUUWWMKC-UHFFFAOYSA-N,1794,mexiletine,CC(N)COC1=C(C)C=CC=C1C,Cc1cccc(C)c1OCC(C)N,True,179.26299999999998,False
VLYWMPOKSSWJAL-UHFFFAOYSA-N,2515,sulfamethoxypyridazine,COC1=CC=C(NS(=O)(=O)C2=CC=C(N)C=C2)N=N1,COc1ccc(NS(=O)(=O)c2ccc(N)cc2)nn1,True,280.30899999999997,True
VMIYHDSEFNYJSL-UHFFFAOYSA-N,399,bromazepam,BrC1=CC=C2NC(=O)CN=C(C3=CC=CC=N3)C2=C1,O=C1CN=C(c2ccccn2)c2cc(Br)ccc2N1,True,316.158,True
VMWNQDUVQKEIOC-CYBMUJFWSA-N,228,apomorphine,CN1CCC2=C3[C@H]1CC1=CC=C(O)C(O)=C1C3=CC=C2,CN1CCc2cccc3c2[C@H]1Cc1ccc(O)c(O)c1-3,True,267.328,True
VMZUTJCNQWMAGF-UHFFFAOYSA-N,1102,etizolam,CCC1=CC2=C(S1)N1C(C)=NN=C1CN=C2C1=C(Cl)C=CC=C1,CCc1cc2c(s1)-n1c(C)nnc1CN=C2c1ccccc1Cl,True,342.855,True
VNFPBHJOKIVQEB-UHFFFAOYSA-N,719,clotrimazole,ClC1=C(C=CC=C1)C(N1C=CN=C1)(C1=CC=CC=C1)C1=CC=CC=C1,Clc1ccccc1C(c1ccccc1)(c1ccccc1)n1ccnc1,True,344.845,True
VOVIALXJUBGFJZ-KWVAZRHASA-N,419,budesonide,CCCC1O[C@@H]2C[C@H]3[C@@H]4CCC5=CC(=O)C=C[C@]5(C)[C@H]4[C@@H](O)C[C@]3(C)[C@@]2(O1)C(=O)CO,CCCC1O[C@@H]2C[C@H]3[C@@H]4CCC5=CC(=O)C=C[C@]5(C)[C@H]4[C@@H](O)C[C@]3(C)[C@]2(C(=O)CO)O1,True,430.5410000000002,False
VOXZDWNPVJITMN-ZBRFXRBCSA-N,1057,estradiol,C[C@]12CC[C@H]3[C@@H](CCC4=C3C=CC(O)=C4)[C@@H]1CC[C@@H]2O,C[C@]12CC[C@@H]3c4ccc(O)cc4CC[C@H]3[C@@H]1CC[C@@H]2O,True,272.388,True
VPHPQNGOVQYUMG-UHFFFAOYSA-N,1586,liranaftate,COC1=NC(=CC=C1)N(C)C(=S)OC1=CC=C2CCCCC2=C1,COc1cccc(N(C)C(=S)Oc2ccc3c(c2)CCCC3)n1,True,328.4370000000002,True
VPJXQGSRWJZDOB-UHFFFAOYSA-O,488,carbachol,C[N+](C)(C)CCOC(N)=O,C[N+](C)(C)CCOC(N)=O,True,147.19799999999998,True
VQHSOMBJVWLPSR-JVCRWLNRSA-N,1534,lactitol,OC[C@H](O)[C@@H](O)[C@H](O[C@@H]1O[C@H](CO)[C@H](O)[C@H](O)[C@H]1O)[C@H](O)CO,OC[C@@H](O)[C@@H](O[C@@H]1O[C@H](CO)[C@H](O)[C@H](O)[C@H]1O)[C@H](O)[C@@H](O)CO,True,344.31300000000005,True
VQKLRVZQQYVIJW-UHFFFAOYSA-N,884,dihydralazine,N\N=C1/NN\C(=N/N)C2=C1C=CC=C2,N/N=c1\[nH][nH]/c(=N\N)c2ccccc12,True,190.21000000000004,False
VQODGRNSFPNSQE-CXSFZGCWSA-N,3920,dexamethasone phosphate,C[C@@H]1C[C@H]2[C@@H]3CCC4=CC(=O)C=C[C@]4(C)[C@@]3(F)[C@@H](O)C[C@]2(C)[C@@]1(O)C(=O)COP(O)(O)=O,C[C@@H]1C[C@H]2[C@@H]3CCC4=CC(=O)C=C[C@]4(C)[C@@]3(F)[C@@H](O)C[C@]2(C)[C@@]1(O)C(=O)COP(=O)(O)O,True,472.44600000000025,False
VRBKIVRKKCLPHA-UHFFFAOYSA-N,1890,nefazodone,CCC1=NN(CCCN2CCN(CC2)C2=CC(Cl)=CC=C2)C(=O)N1CCOC1=CC=CC=C1,CCc1nn(CCCN2CCN(c3cccc(Cl)c3)CC2)c(=O)n1CCOc1ccccc1,True,470.0170000000002,True
VREFGVBLTWBCJP-UHFFFAOYSA-N,136,alprazolam,CC1=NN=C2CN=C(C3=CC=CC=C3)C3=CC(Cl)=CC=C3N12,Cc1nnc2n1-c1ccc(Cl)cc1C(c1ccccc1)=NC2,True,308.77200000000005,True
VRQVVMDWGGWHTJ-CQSZACIVSA-N,1752,levomepromazine,COC1=CC2=C(SC3=CC=CC=C3N2C[C@H](C)CN(C)C)C=C1,COc1ccc2c(c1)N(C[C@H](C)CN(C)C)c1ccccc1S2,True,328.4810000000001,False
VRTWBAAJJOHBQU-KMWAZVGDSA-N,4899,ledipasvir,COC(=O)N[C@@H](C(C)C)C(=O)N1CC2(CC2)C[C@H]1C1=NC(=CN1)C1=CC=C2C3=CC=C(C=C3C(F)(F)C2=C1)C1=CC2=C(NC(=N2)[C@@H]2[C@H]3CC[C@H](C3)N2C(=O)[C@@H](NC(=O)OC)C(C)C)C=C1,COC(=O)N[C@H](C(=O)N1CC2(CC2)C[C@H]1c1nc(-c2ccc3c(c2)C(F)(F)c2cc(-c4ccc5[nH]c([C@@H]6[C@H]7CC[C@H](C7)N6C(=O)[C@@H](NC(=O)OC)C(C)C)nc5c4)ccc2-3)c[nH]1)C(C)C,True,889.0169999999996,False
VRYKTHBAWRESFI-VOTSOKGWSA-N,4005,oxantel,CN1CCCN=C1\C=C\C1=CC=CC(O)=C1,CN1CCCN=C1/C=C/c1cccc(O)c1,True,216.28400000000002,False
VRYMTAVOXVTQEF-UHFFFAOYSA-N,1855,moxisylyte,CC(C)C1=C(OCCN(C)C)C=C(C)C(OC(C)=O)=C1,CC(=O)Oc1cc(C(C)C)c(OCCN(C)C)cc1C,True,279.38,True
VSNHCAURESNICA-UHFFFAOYSA-N,1399,hydroxycarbamide,NC(=O)NO,NC(=O)NO,True,76.05499999999999,False
VSQQQLOSPVPRAZ-RRKCRQDMSA-N,2743,trifluridine,OC[C@H]1O[C@H](C[C@@H]1O)N1C=C(C(=O)NC1=O)C(F)(F)F,O=c1[nH]c(=O)n([C@H]2C[C@H](O)[C@@H](CO)O2)cc1C(F)(F)F,True,296.20099999999996,True
VSZGPKBBMSAYNT-RRFJBIMHSA-N,2001,oseltamivir,CCOC(=O)C1=C[C@@H](OC(CC)CC)[C@H](NC(C)=O)[C@@H](N)C1,CCOC(=O)C1=C[C@@H](OC(CC)CC)[C@H](NC(C)=O)[C@@H](N)C1,True,312.41,False
VTRAEEWXHOVJFV-UHFFFAOYSA-N,1000082,olmesartan,CCCC1=NC(=C(N1CC1=CC=C(C=C1)C1=C(C=CC=C1)C1=NN=NN1)C(O)=O)C(C)(C)O,CCCc1nc(C(C)(C)O)c(C(=O)O)n1Cc1ccc(-c2ccccc2-c2nnn[nH]2)cc1,True,446.5110000000002,False
VTUSIVBDOCDNHS-UHFFFAOYSA-N,1097,etidocaine,CCCN(CC)C(CC)C(=O)NC1=C(C)C=CC=C1C,CCCN(CC)C(CC)C(=O)Nc1c(C)cccc1C,True,276.42400000000004,True
VVIAGPKUTFNRDU-ABLWVSNPSA-N,1232,leucovorin,NC1=NC(=O)C2=C(NCC(CNC3=CC=C(C=C3)C(=O)N[C@@H](CCC(O)=O)C(O)=O)N2C=O)N1,Nc1nc(=O)c2c([nH]1)NCC(CNc1ccc(C(=O)N[C@@H](CCC(=O)O)C(=O)O)cc1)N2C=O,True,473.4460000000002,True
VVNCNSJFMMFHPL-VKHMYHEASA-N,2081,penicillamine,CC(C)(S)[C@@H](N)C(O)=O,CC(C)(S)[C@@H](N)C(=O)O,True,149.215,False
VVWYOYDLCMFIEM-UHFFFAOYSA-N,2293,propantheline,CC(C)[N+](C)(CCOC(=O)C1C2=CC=CC=C2OC2=C1C=CC=C2)C(C)C,CC(C)[N+](C)(CCOC(=O)C1c2ccccc2Oc2ccccc21)C(C)C,True,368.4970000000001,False
VWFCHDSQECPREK-LURJTMIESA-N,639,cidofovir,NC1=NC(=O)N(C[C@@H](CO)OCP(O)(O)=O)C=C1,Nc1ccn(C[C@@H](CO)OCP(=O)(O)O)c(=O)n1,True,279.18899999999996,False
VWLHWLSRQJQWRG-UHFFFAOYSA-O,988,edrophonium,CC[N+](C)(C)C1=CC=CC(O)=C1,CC[N+](C)(C)c1cccc(O)c1,True,166.24399999999997,False
VWQWXZAWFPZJDA-CGVGKPPMSA-N,4456,hydrocortisone succinate,C[C@]12C[C@H](O)[C@H]3[C@@H](CCC4=CC(=O)CC[C@]34C)[C@@H]1CC[C@]2(O)C(=O)COC(=O)CCC(O)=O,C[C@]12CCC(=O)C=C1CC[C@@H]1[C@@H]2[C@@H](O)C[C@@]2(C)[C@H]1CC[C@]2(O)C(=O)COC(=O)CCC(=O)O,True,462.5390000000004,False
VWXRQYYUEIYXCZ-OBIMUBPZSA-N,3008,atosiban,CCOC1=CC=C(C[C@H]2NC(=O)CCSSC[C@H](NC(=O)[C@H](CC(N)=O)NC(=O)[C@@H](NC(=O)[C@@H](NC2=O)[C@@H](C)CC)[C@@H](C)O)C(=O)N2CCC[C@H]2C(=O)N[C@@H](CCCN)C(=O)NCC(N)=O)C=C1,CCOc1ccc(C[C@H]2NC(=O)CCSSC[C@@H](C(=O)N3CCC[C@H]3C(=O)N[C@@H](CCCN)C(=O)NCC(N)=O)NC(=O)[C@H](CC(N)=O)NC(=O)[C@H]([C@@H](C)O)NC(=O)[C@H]([C@@H](C)CC)NC2=O)cc1,True,994.2079999999994,True
VXFJYXUZANRPDJ-WTNASJBWSA-N,2712,trandolapril,CCOC(=O)[C@H](CCC1=CC=CC=C1)N[C@@H](C)C(=O)N1[C@H]2CCCC[C@@H]2C[C@H]1C(O)=O,CCOC(=O)[C@H](CCc1ccccc1)N[C@@H](C)C(=O)N1[C@H](C(=O)O)C[C@H]2CCCC[C@@H]21,True,430.54500000000036,False
VXJABHHJLXLNMP-UHFFFAOYSA-N,3770,meprylcaine,CCCNC(C)(C)COC(=O)C1=CC=CC=C1,CCCNC(C)(C)COC(=O)c1ccccc1,True,235.327,False
VXKHXGOKWPXYNA-PGBVPBMZSA-N,2968,triptorelin,CC(C)C[C@H](NC(=O)[C@@H](CC1=CNC2=C1C=CC=C2)NC(=O)[C@H](CC1=CC=C(O)C=C1)NC(=O)[C@H](CO)NC(=O)[C@H](CC1=CNC2=C1C=CC=C2)NC(=O)[C@H](CC1=CNC=N1)NC(=O)[C@@H]1CCC(=O)N1)C(=O)N[C@@H](CCCNC(N)=N)C(=O)N1CCC[C@H]1C(=O)NCC(N)=O,CC(C)C[C@H](NC(=O)[C@@H](Cc1c[nH]c2ccccc12)NC(=O)[C@H](Cc1ccc(O)cc1)NC(=O)[C@H](CO)NC(=O)[C@H](Cc1c[nH]c2ccccc12)NC(=O)[C@H](Cc1c[nH]cn1)NC(=O)[C@@H]1CCC(=O)N1)C(=O)N[C@@H](CCCNC(=N)N)C(=O)N1CCC[C@H]1C(=O)NCC(N)=O,True,1311.4730000000006,False
VXROHTDSRBRJLN-UHFFFAOYSA-O,153,amezinium metilsulfate,COC1=CC(N)=CN=[N+]1C1=CC=CC=C1,COc1cc(N)cn[n+]1-c1ccccc1,True,202.23700000000005,True
VYFYYTLLBUKUHU-UHFFFAOYSA-N,947,dopamine,NCCC1=CC(O)=C(O)C=C1,NCCc1ccc(O)c(O)c1,True,153.18099999999998,False
VYGQUTWHTHXGQB-FFHKNEKCSA-N,4197,vitamin A palmitate,CCCCCCCCCCCCCCCC(=O)OC\C=C(/C)\C=C\C=C(/C)\C=C\C1=C(C)CCCC1(C)C,CCCCCCCCCCCCCCCC(=O)OC/C=C(C)/C=C/C=C(C)/C=C/C1=C(C)CCCC1(C)C,True,524.8740000000004,False
VYMDGNCVAMGZFE-UHFFFAOYSA-N,2145,phenylbutazone,CCCCC1C(=O)N(N(C1=O)C1=CC=CC=C1)C1=CC=CC=C1,CCCCC1C(=O)N(c2ccccc2)N(c2ccccc2)C1=O,True,308.38100000000003,True
VYPSYNLAJGMNEJ-UHFFFAOYSA-N,4284,silicon dioxide,O=[Si]=O,O=[Si]=O,True,60.084,False
VYQNWZOUAUKGHI-UHFFFAOYSA-N,1834,monobenzone,OC1=CC=C(OCC2=CC=CC=C2)C=C1,Oc1ccc(OCc2ccccc2)cc1,True,200.23700000000002,False
VYVKHNNGDFVQGA-UHFFFAOYSA-N,1642,mebeverine,CCN(CCCCOC(=O)C1=CC(OC)=C(OC)C=C1)C(C)CC1=CC=C(OC)C=C1,CCN(CCCCOC(=O)c1ccc(OC)c(OC)c1)C(C)Cc1ccc(OC)cc1,True,429.5570000000002,True
VYWWNRMSAPEJLS-MDWYKHENSA-N,2398,rokitamycin,CCCC(=O)O[C@H]1[C@H](C)O[C@H](C[C@@]1(C)OC(=O)CC)O[C@@H]1[C@@H](C)O[C@@H](O[C@H]2[C@@H](CC=O)C[C@@H](C)[C@@H](O)\C=C\C=C\C[C@@H](C)OC(=O)C[C@@H](O)[C@@H]2OC)[C@H](O)[C@H]1N(C)C,CCCC(=O)O[C@H]1[C@H](C)O[C@@H](O[C@H]2[C@H](N(C)C)[C@@H](O)[C@H](O[C@H]3[C@@H](CC=O)C[C@@H](C)[C@@H](O)/C=C/C=C/C[C@@H](C)OC(=O)C[C@@H](O)[C@@H]3OC)O[C@@H]2C)C[C@@]1(C)OC(=O)CC,True,828.0060000000002,False
VZCCETWTMQHEPK-QNEBEIHSSA-N,1276,gamolenic acid,CCCCC\C=C/C\C=C/C\C=C/CCCCC(O)=O,CCCCC/C=C\C/C=C\C/C=C\CCCCC(=O)O,True,278.4359999999999,False
VZCYOOQTPOCHFL-OWOJBTEDSA-N,3229,fumaric acid,OC(=O)\C=C\C(O)=O,O=C(O)/C=C/C(=O)O,True,116.07199999999999,False
VZYCZNZBPPHOFY-UHFFFAOYSA-N,2635,thioproperazine,CN(C)S(=O)(=O)C1=CC2=C(SC3=CC=CC=C3N2CCCN2CCN(C)CC2)C=C1,CN1CCN(CCCN2c3ccccc3Sc3ccc(S(=O)(=O)N(C)C)cc32)CC1,True,446.6420000000004,False
VZZJRYRQSPEMTK-CALCHBBNSA-N,5008,sonidegib,C[C@H]1CN(C[C@@H](C)O1)C1=NC=C(NC(=O)C2=CC=CC(=C2C)C2=CC=C(OC(F)(F)F)C=C2)C=C1,Cc1c(C(=O)Nc2ccc(N3C[C@@H](C)O[C@@H](C)C3)nc2)cccc1-c1ccc(OC(F)(F)F)cc1,True,485.50600000000014,True
WAEXFXRVDQXREF-UHFFFAOYSA-N,4124,vorinostat,ONC(=O)CCCCCCC(=O)NC1=CC=CC=C1,O=C(CCCCCCC(=O)Nc1ccccc1)NO,True,264.325,True
WDDPHFBMKLOVOX-AYQXTPAHSA-N,691,clofarabine,NC1=C2N=CN([C@@H]3O[C@H](CO)[C@@H](O)[C@@H]3F)C2=NC(Cl)=N1,Nc1nc(Cl)nc2c1ncn2[C@@H]1O[C@H](CO)[C@@H](O)[C@@H]1F,True,303.681,True
WDENQIQQYWYTPO-IBGZPJMESA-N,5260,acalabrutinib,CC#CC(=O)N1CCC[C@H]1C1=NC(=C2N1C=CN=C2N)C1=CC=C(C=C1)C(=O)NC1=CC=CC=N1,CC#CC(=O)N1CCC[C@H]1c1nc(-c2ccc(C(=O)Nc3ccccn3)cc2)c2c(N)nccn12,True,465.51700000000017,False
WDFKMLRRRCGAKS-UHFFFAOYSA-N,611,chloroxine,OC1=C2N=CC=CC2=C(Cl)C=C1Cl,Oc1c(Cl)cc(Cl)c2cccnc12,True,214.051,False
WDKXLLJDNUBYCY-UHFFFAOYSA-N,1405,ibopamine,CNCCC1=CC(OC(=O)C(C)C)=C(OC(=O)C(C)C)C=C1,CNCCc1ccc(OC(=O)C(C)C)c(OC(=O)C(C)C)c1,True,307.39,True
WDLWHQDACQUCJR-ZAMMOSSLSA-N,556,cefprozil,C\C=C\C1=C(N2[C@H](SC1)[C@H](NC(=O)[C@H](N)C1=CC=C(O)C=C1)C2=O)C(O)=O,C/C=C/C1=C(C(=O)O)N2C(=O)[C@@H](NC(=O)[C@H](N)c3ccc(O)cc3)[C@H]2SC1,True,389.4330000000001,True
WDQPAMHFFCXSNU-BGABXYSRSA-N,692,clofazimine,CC(C)\N=C1/C=C2N(C3=CC=C(Cl)C=C3)C3=CC=CC=C3N=C2C=C1NC1=CC=C(Cl)C=C1,CC(C)/N=c1\cc2n(-c3ccc(Cl)cc3)c3ccccc3nc-2cc1Nc1ccc(Cl)cc1,True,473.40700000000015,True
WDRYRZXSPDWGEB-UHFFFAOYSA-N,1598,lonidamine,OC(=O)C1=NN(CC2=C(Cl)C=C(Cl)C=C2)C2=C1C=CC=C2,O=C(O)c1nn(Cc2ccc(Cl)cc2Cl)c2ccccc12,True,321.16300000000007,True
WDSCBUNMANHPFH-UHFFFAOYSA-N,3000,acexamic acid,CC(=O)NCCCCCC(O)=O,CC(=O)NCCCCCC(=O)O,True,173.212,False
WDVSHHCDHLJJJR-UHFFFAOYSA-N,2277,proflavine,NC1=CC2=NC3=CC(N)=CC=C3C=C2C=C1,Nc1ccc2cc3ccc(N)cc3nc2c1,True,209.25200000000004,False
WDZVGELJXXEGPV-YIXHJXPBSA-N,3952,guanabenz,NC(=N)N\N=C\C1=C(Cl)C=CC=C1Cl,N=C(N)N/N=C/c1c(Cl)cccc1Cl,True,231.086,False
WEQAYVWKMWHEJO-UHFFFAOYSA-N,603,chlormezanone,CN1C(C2=CC=C(Cl)C=C2)S(=O)(=O)CCC1=O,CN1C(=O)CCS(=O)(=O)C1c1ccc(Cl)cc1,True,273.741,True
WEUCDJCFJHYFRL-UHFFFAOYSA-N,1381,homochlorcyclizine,CN1CCCN(CC1)C(C1=CC=CC=C1)C1=CC=C(Cl)C=C1,CN1CCCN(C(c2ccccc2)c2ccc(Cl)cc2)CC1,True,314.86,False
WEXRUCMBJFQVBZ-UHFFFAOYSA-N,2095,pentobarbital,CCCC(C)C1(CC)C(=O)NC(=O)NC1=O,CCCC(C)C1(CC)C(=O)NC(=O)NC1=O,True,226.276,True
WFNAKBGANONZEQ-UHFFFAOYSA-N,593,chlorcyclizine,CN1CCN(CC1)C(C1=CC=CC=C1)C1=CC=C(Cl)C=C1,CN1CCN(C(c2ccccc2)c2ccc(Cl)cc2)CC1,True,300.833,False
WFPIAZLQTJBIFN-DVZOWYKESA-N,2877,zuclopenthixol,OCCN1CCN(CC\C=C2\C3=CC=CC=C3SC3=CC=C(Cl)C=C23)CC1,OCCN1CCN(CC/C=C2/c3ccccc3Sc3ccc(Cl)cc32)CC1,True,400.9750000000002,True
WFWLQNSHRPWKFK-UHFFFAOYSA-N,4398,tegafur,FC1=CN(C2CCCO2)C(=O)NC1=O,O=c1[nH]c(=O)n(C2CCCO2)cc1F,True,200.16899999999998,False
WGRQANOPCQRCME-PMACEKPBSA-N,4895,teneligliptin,CC1=NN(C(=C1)N1CCN(CC1)[C@@H]1CN[C@@H](C1)C(=O)N1CCSC1)C1=CC=CC=C1,Cc1cc(N2CCN([C@@H]3CN[C@H](C(=O)N4CCSC4)C3)CC2)n(-c2ccccc2)n1,True,426.59000000000015,False
WHBIGIKBNXZKFE-UHFFFAOYSA-N,799,delavirdine,CC(C)NC1=C(N=CC=C1)N1CCN(CC1)C(=O)C1=CC2=C(N1)C=CC(NS(C)(=O)=O)=C2,CC(C)Nc1cccnc1N1CCN(C(=O)c2cc3cc(NS(C)(=O)=O)ccc3[nH]2)CC1,True,456.5720000000001,False
WHPAGCJNPTUGGD-UHFFFAOYSA-N,740,croconazole,ClC1=CC=CC(COC2=C(C=CC=C2)C(=C)N2C=CN=C2)=C1,C=C(c1ccccc1OCc1cccc(Cl)c1)n1ccnc1,True,310.784,True
WHQCHUCQKNIQEC-UHFFFAOYSA-N,318,benzbromarone,CCC1=C(C(=O)C2=CC(Br)=C(O)C(Br)=C2)C2=C(O1)C=CC=C2,CCc1oc2ccccc2c1C(=O)c1cc(Br)c(O)c(Br)c1,True,424.0880000000001,True
WHTVZRBIWZFKQO-UHFFFAOYSA-N,607,chloroquine,CCN(CC)CCCC(C)NC1=CC=NC2=CC(Cl)=CC=C12,CCN(CC)CCCC(C)Nc1ccnc2cc(Cl)ccc12,True,319.88000000000005,True
WHUUTDBJXJRKMK-VKHMYHEASA-N,1310,glutamic acid,N[C@@H](CCC(O)=O)C(O)=O,N[C@@H](CCC(=O)O)C(=O)O,True,147.13,False
WHWZLSFABNNENI-UHFFFAOYSA-N,1027,epinastine,NC1=NCC2N1C1=C(CC3=C2C=CC=C3)C=CC=C1,NC1=NCC2c3ccccc3Cc3ccccc3N12,True,249.31700000000004,False
WIGIZIANZCJQQY-RUCARUNLSA-N,1300,glimepiride,CCC1=C(C)CN(C(=O)NCCC2=CC=C(C=C2)S(=O)(=O)NC(=O)N[C@H]2CC[C@H](C)CC2)C1=O,CCC1=C(C)CN(C(=O)NCCc2ccc(S(=O)(=O)NC(=O)N[C@H]3CC[C@H](C)CC3)cc2)C1=O,True,490.6260000000003,False
WIIZWVCIJKGZOK-RKDXNWHRSA-N,589,chloramphenicol,OC[C@@H](NC(=O)C(Cl)Cl)[C@H](O)C1=CC=C(C=C1)[N+]([O-])=O,O=C(N[C@H](CO)[C@H](O)c1ccc([N+](=O)[O-])cc1)C(Cl)Cl,True,323.13200000000006,False
WIJZXSAJMHAVGX-DHLKQENFSA-N,5292,ivosidenib,FC1=CN=CC(=C1)N([C@H](C(=O)NC1CC(F)(F)C1)C1=CC=CC=C1Cl)C(=O)[C@@H]1CCC(=O)N1C1=NC=CC(=C1)C#N,N#Cc1ccnc(N2C(=O)CC[C@H]2C(=O)N(c2cncc(F)c2)[C@H](C(=O)NC2CC(F)(F)C2)c2ccccc2Cl)c1,True,582.9700000000003,False
WIKYUJGCLQQFNW-UHFFFAOYSA-N,2274,prochlorperazine,CN1CCN(CCCN2C3=CC=CC=C3SC3=C2C=C(Cl)C=C3)CC1,CN1CCN(CCCN2c3ccccc3Sc3ccc(Cl)cc32)CC1,True,373.9530000000002,True
WINHZLLDWRZWRT-ATVHPVEESA-N,2544,sunitinib,CCN(CC)CCNC(=O)C1=C(C)NC(\C=C2/C(=O)NC3=C2C=C(F)C=C3)=C1C,CCN(CC)CCNC(=O)c1c(C)[nH]c(/C=C2\C(=O)Nc3ccc(F)cc32)c1C,True,398.48200000000014,True
WJAJPNHVVFWKKL-UHFFFAOYSA-N,1753,methoxamine,COC1=CC(C(O)C(C)N)=C(OC)C=C1,COc1ccc(OC)c(C(O)C(C)N)c1,True,211.26099999999997,False
WJBLNOPPDWQMCH-MBPVOVBZSA-N,1876,nalmefene,OC1=C2O[C@H]3C(=C)CC[C@@]4(O)[C@H]5CC(C=C1)=C2[C@@]34CCN5CC1CC1,C=C1CC[C@@]2(O)[C@H]3Cc4ccc(O)c5c4[C@@]2(CCN3CC2CC2)[C@H]1O5,True,339.4350000000002,True
WJCNZQLZVWNLKY-UHFFFAOYSA-N,2621,thiabendazole,N1C2=C(C=CC=C2)N=C1C1=CSC=N1,c1ccc2[nH]c(-c3cscn3)nc2c1,True,201.25400000000002,False
WKEMJKQOLOHJLZ-UHFFFAOYSA-N,128,almotriptan,CN(C)CCC1=CNC2=C1C=C(CS(=O)(=O)N1CCCC1)C=C2,CN(C)CCc1c[nH]c2ccc(CS(=O)(=O)N3CCCC3)cc12,True,335.4730000000001,True
WKGXYQFOCVYPAC-UHFFFAOYSA-N,1140,felbamate,NC(=O)OCC(COC(N)=O)C1=CC=CC=C1,NC(=O)OCC(COC(N)=O)c1ccccc1,True,238.24300000000002,True
WKSAUQYGYAYLPV-UHFFFAOYSA-N,2332,pyrimethamine,CCC1=NC(N)=NC(N)=C1C1=CC=C(Cl)C=C1,CCc1nc(N)nc(N)c1-c1ccc(Cl)cc1,True,248.71700000000004,True
WLHQHAUOOXYABV-UHFFFAOYSA-N,1609,lornoxicam,CN1C(C(=O)NC2=CC=CC=N2)=C(O)C2=C(C=C(Cl)S2)S1(=O)=O,CN1C(C(=O)Nc2ccccn2)=C(O)c2sc(Cl)cc2S1(=O)=O,True,371.82700000000006,True
WLWFNJKHKGIJNW-UHFFFAOYSA-N,2139,phensuximide,CN1C(=O)CC(C1=O)C1=CC=CC=C1,CN1C(=O)CC(c2ccccc2)C1=O,True,189.21400000000003,True
WNMJYKCGWZFFKR-UHFFFAOYSA-N,115,alfuzosin,COC1=C(OC)C=C2C(N)=NC(=NC2=C1)N(C)CCCNC(=O)C1CCCO1,COc1cc2nc(N(C)CCCNC(=O)C3CCCO3)nc(N)c2cc1OC,True,389.45600000000024,True
WNTYBHLDCKXEOT-UHFFFAOYSA-N,59,acetophenazine,CC(=O)C1=CC=C2SC3=CC=CC=C3N(CCCN3CCN(CCO)CC3)C2=C1,CC(=O)c1ccc2c(c1)N(CCCN1CCN(CCO)CC1)c1ccccc1S2,True,411.57100000000025,False
WOFMFGQZHJDGCX-ZULDAHANSA-N,1832,mometasone furoate,C[C@@H]1C[C@H]2[C@@H]3CCC4=CC(=O)C=C[C@]4(C)[C@@]3(Cl)[C@@H](O)C[C@]2(C)[C@@]1(OC(=O)C1=CC=CO1)C(=O)CCl,C[C@@H]1C[C@H]2[C@@H]3CCC4=CC(=O)C=C[C@]4(C)[C@@]3(Cl)[C@@H](O)C[C@]2(C)[C@@]1(OC(=O)c1ccco1)C(=O)CCl,True,521.4370000000004,False
WOSKHXYHFSIKNG-UHFFFAOYSA-N,4942,lenvatinib,COC1=CC2=C(C=C1C(N)=O)C(OC1=CC=C(NC(=O)NC3CC3)C(Cl)=C1)=CC=N2,COc1cc2nccc(Oc3ccc(NC(=O)NC4CC4)c(Cl)c3)c2cc1C(N)=O,True,426.86000000000007,False
WOUOLAUOZXOLJQ-MBSDFSHPSA-N,798,delapril,CCOC(=O)[C@H](CCC1=CC=CC=C1)N[C@@H](C)C(=O)N(CC(O)=O)C1CC2=C(C1)C=CC=C2,CCOC(=O)[C@H](CCc1ccccc1)N[C@@H](C)C(=O)N(CC(=O)O)C1Cc2ccccc2C1,True,452.55100000000033,False
WOXKDUGGOYFFRN-IIBYNOLFSA-N,2553,tadalafil,CN1CC(=O)N2[C@H](CC3=C(NC4=C3C=CC=C4)[C@H]2C2=CC=C3OCOC3=C2)C1=O,CN1CC(=O)N2[C@H](c3ccc4c(c3)OCO4)c3[nH]c4ccccc4c3C[C@@H]2C1=O,True,389.41100000000023,True
WOZSCQDILHKSGG-UHFFFAOYSA-N,88,adefovir dipivoxil,CC(C)(C)C(=O)OCOP(=O)(COCCN1C=NC2=C1N=CN=C2N)OCOC(=O)C(C)(C)C,CC(C)(C)C(=O)OCOP(=O)(COCCn1cnc2c(N)ncnc21)OCOC(=O)C(C)(C)C,True,501.47700000000026,True
WPGGHFDDFPHPOB-BBWFWOEESA-N,1818,mitiglinide,OC(=O)[C@H](CC(=O)N1C[C@H]2CCCC[C@H]2C1)CC1=CC=CC=C1,O=C(O)[C@H](CC(=O)N1C[C@H]2CCCC[C@H]2C1)Cc1ccccc1,True,315.41299999999995,True
WPNJAUFVNXKLIM-UHFFFAOYSA-N,1856,moxonidine,COC1=NC(C)=NC(Cl)=C1NC1=NCCN1,COc1nc(C)nc(Cl)c1NC1=NCCN1,True,241.68200000000002,False
WPUKUEMZZRVAKZ-UHFFFAOYSA-N,2185,pipenzolate,CC[N+]1(C)CCCC(C1)OC(=O)C(O)(C1=CC=CC=C1)C1=CC=CC=C1,CC[N+]1(C)CCCC(OC(=O)C(O)(c2ccccc2)c2ccccc2)C1,True,354.47,True
WPVFJKSGQUFQAP-GKAPJAKFSA-N,2801,valganciclovir,CC(C)[C@H](N)C(=O)OCC(CO)OCN1C=NC2=C1N=C(N)NC2=O,CC(C)[C@H](N)C(=O)OCC(CO)OCn1cnc2c(=O)[nH]c(N)nc21,True,354.3670000000001,True
WPYMKLBDIGXBTP-UHFFFAOYSA-N,4664,benzoic acid,OC(=O)C1=CC=CC=C1,O=C(O)c1ccccc1,True,122.12299999999996,False
WRCHFMBCVFFYEQ-UHFFFAOYSA-N,585,clofedanol,CN(C)CCC(O)(C1=CC=CC=C1)C1=C(Cl)C=CC=C1,CN(C)CCC(O)(c1ccccc1)c1ccccc1Cl,True,289.806,True
WREGKURFCTUGRC-POYBYMJQSA-N,2856,zalcitabine,NC1=NC(=O)N(C=C1)[C@H]1CC[C@@H](CO)O1,Nc1ccn([C@H]2CC[C@@H](CO)O2)c(=O)n1,True,211.22099999999995,True
WRJPSSPFHGNBMG-UHFFFAOYSA-N,4314,aceclidine,CC(=O)OC1CN2CCC1CC2,CC(=O)OC1CN2CCC1CC2,True,169.224,False
WRNXUQJJCIZICJ-UHFFFAOYSA-N,4004,mozavaptan,CN(C)C1CCCN(C(=O)C2=CC=C(NC(=O)C3=C(C)C=CC=C3)C=C2)C2=CC=CC=C12,Cc1ccccc1C(=O)Nc1ccc(C(=O)N2CCCC(N(C)C)c3ccccc32)cc1,True,427.5480000000002,False
WRUUGTRCQOWXEG-UHFFFAOYSA-N,2048,pamidronic acid,NCCC(O)(P(O)(O)=O)P(O)(O)=O,NCCC(O)(P(=O)(O)O)P(=O)(O)O,True,235.069,True
WSEQXVZVJXJVFP-UHFFFAOYSA-N,663,citalopram,CN(C)CCCC1(OCC2=C1C=CC(=C2)C#N)C1=CC=C(F)C=C1,CN(C)CCCC1(c2ccc(F)cc2)OCc2cc(C#N)ccc21,True,324.399,True
WSNODXPBBALQOF-VEJSHDCNSA-N,4229,tafluprost,CC(C)OC(=O)CCC\C=C/C[C@H]1[C@@H](O)C[C@@H](O)[C@@H]1\C=C\C(F)(F)COC1=CC=CC=C1,CC(C)OC(=O)CCC/C=C\C[C@@H]1[C@@H](/C=C/C(F)(F)COc2ccccc2)[C@H](O)C[C@@H]1O,True,452.5380000000001,False
WSPOMRSOLSGNFJ-AUWJEWJLSA-N,623,chlorprothixene,CN(C)CC\C=C1\C2=CC=CC=C2SC2=C1C=C(Cl)C=C2,CN(C)CC/C=C1/c2ccccc2Sc2ccc(Cl)cc21,True,315.869,False
WTDRDQBEARUVNC-LURJTMIESA-N,1567,levodopa,N[C@@H](CC1=CC(O)=C(O)C=C1)C(O)=O,N[C@@H](Cc1ccc(O)c(O)c1)C(=O)O,True,197.18999999999997,True
WUBBRNOQWQTFEX-UHFFFAOYSA-N,2050,aminosalicylic acid,NC1=CC(O)=C(C=C1)C(O)=O,Nc1ccc(C(=O)O)c(O)c1,True,153.13699999999997,True
WUKZPHOXUVCQOR-UHFFFAOYSA-N,267,azasetron,CN1C(=O)COC2=C(C=C(Cl)C=C12)C(=O)NC1CN2CCC1CC2,CN1C(=O)COc2c(C(=O)NC3CN4CCC3CC4)cc(Cl)cc21,True,349.8180000000002,True
WUWFMDMBOJLQIV-UHFFFAOYSA-N,2710,tosufloxacin,NC1CCN(C1)C1=C(F)C=C2C(=O)C(=CN(C3=C(F)C=C(F)C=C3)C2=N1)C(O)=O,NC1CCN(c2nc3c(cc2F)c(=O)c(C(=O)O)cn3-c2ccc(F)cc2F)C1,True,404.34800000000007,True
WVAKABMNNSMCDK-UHFFFAOYSA-N,2496,sulfacarbamide,NC(=O)NS(=O)(=O)C1=CC=C(N)C=C1,NC(=O)NS(=O)(=O)c1ccc(N)cc1,True,215.234,False
WVDDGKGOMKODPV-UHFFFAOYSA-N,334,benzyl alcohol,OCC1=CC=CC=C1,OCc1ccccc1,True,108.13999999999997,False
WVYADZUPLLSGPU-UHFFFAOYSA-N,2420,salsalate,OC(=O)C1=C(OC(=O)C2=C(O)C=CC=C2)C=CC=C1,O=C(Oc1ccccc1C(=O)O)c1ccccc1O,True,258.22900000000004,False
WWYNJERNGUHSAO-XUDSTZEESA-N,1572,levonorgestrel,CC[C@]12CC[C@H]3[C@@H](CCC4=CC(=O)CC[C@H]34)[C@@H]1CC[C@@]2(O)C#C,C#C[C@]1(O)CC[C@H]2[C@@H]3CCC4=CC(=O)CC[C@@H]4[C@H]3CC[C@@]21CC,True,312.45300000000003,False
WXCXUHSOUPDCQV-UHFFFAOYSA-N,4628,enzalutamide,CNC(=O)C1=C(F)C=C(C=C1)N1C(=S)N(C(=O)C1(C)C)C1=CC(=C(C=C1)C#N)C(F)(F)F,CNC(=O)c1ccc(N2C(=S)N(c3ccc(C#N)c(C(F)(F)F)c3)C(=O)C2(C)C)cc1F,True,464.4440000000002,True
WXTMDXOMEHJXQO-UHFFFAOYSA-N,3260,gentisic acid,OC(=O)C1=C(O)C=CC(O)=C1,O=C(O)c1cc(O)ccc1O,True,154.12099999999998,False
WXXSNCNJFUAIDG-UHFFFAOYSA-N,4807,riociguat,COC(=O)N(C)C1=C(N)N=C(N=C1N)C1=NN(CC2=C(F)C=CC=C2)C2=NC=CC=C12,COC(=O)N(C)c1c(N)nc(-c2nn(Cc3ccccc3F)c3ncccc23)nc1N,True,422.4240000000001,False
WYCLKVQLVUQKNZ-UHFFFAOYSA-N,1348,halazepam,FC(F)(F)CN1C2=CC=C(Cl)C=C2C(=NCC1=O)C1=CC=CC=C1,O=C1CN=C(c2ccccc2)c2cc(Cl)ccc2N1CC(F)(F)F,True,352.7430000000001,True
WYDUSKDSKCASEF-UHFFFAOYSA-N,2276,procyclidine,OC(CCN1CCCC1)(C1CCCCC1)C1=CC=CC=C1,OC(CCN1CCCC1)(c1ccccc1)C1CCCCC1,True,287.44699999999995,True
WYUSVOMTXWRGEK-HBWVYFAYSA-N,1000154,cefpodoxime,COCC1=C(N2[C@H](SC1)[C@H](NC(=O)C(=N/OC)\C1=CSC(N)=N1)C2=O)C(O)=O,COCC1=C(C(=O)O)N2C(=O)[C@@H](NC(=O)/C(=N\OC)c3csc(N)n3)[C@H]2SC1,True,427.46400000000017,True
WYWHKKSPHMUBEB-UHFFFAOYSA-N,2632,thioguanine,NC1=NC2=C(NC=N2)C(=S)N1,Nc1nc2nc[nH]c2c(=S)[nH]1,True,167.197,False
WYWIFABBXFUGLM-UHFFFAOYSA-N,2032,oxymetazoline,CC1=CC(=C(O)C(C)=C1CC1=NCCN1)C(C)(C)C,Cc1cc(C(C)(C)C)c(O)c(C)c1CC1=NCCN1,True,260.381,False
WZGBZLHGOVJDET-UHFFFAOYSA-N,1956,nizofenone,CCN(CC)CC1=NC=CN1C1=C(C=C(C=C1)[N+]([O-])=O)C(=O)C1=C(Cl)C=CC=C1,CCN(CC)Cc1nccn1-c1ccc([N+](=O)[O-])cc1C(=O)c1ccccc1Cl,True,412.8770000000002,True
WZHCOOQXZCIUNC-UHFFFAOYSA-N,747,cyclandelate,CC1CC(CC(C)(C)C1)OC(=O)C(O)C1=CC=CC=C1,CC1CC(OC(=O)C(O)c2ccccc2)CC(C)(C)C1,True,276.37600000000003,True
WZHJKEUHNJHDLS-QTGUNEKASA-N,1723,metergoline,CN1C=C2C[C@@H]3[C@H](C[C@@H](CNC(=O)OCC4=CC=CC=C4)CN3C)C3=CC=CC1=C23,CN1C[C@H](CNC(=O)OCc2ccccc2)C[C@@H]2c3cccc4c3c(cn4C)C[C@H]21,True,403.5260000000001,False
WZNJWVWKTVETCG-YFKPBYRVSA-N,1811,mimosine,N[C@@H](CN1C=CC(=O)C(O)=C1)C(O)=O,N[C@@H](Cn1ccc(=O)c(O)c1)C(=O)O,True,198.17799999999997,False
WZPBZJONDBGPKJ-VEHQQRBSSA-N,279,aztreonam,C[C@H]1[C@H](NC(=O)C(=N/OC(C)(C)C(O)=O)\C2=CSC(N)=N2)C(=O)N1S(O)(=O)=O,C[C@H]1[C@H](NC(=O)/C(=N\OC(C)(C)C(=O)O)c2csc(N)n2)C(=O)N1S(=O)(=O)O,True,435.44000000000017,False
XADCESSVHJOZHK-UHFFFAOYSA-N,1690,pethidine,CCOC(=O)C1(CCN(C)CC1)C1=CC=CC=C1,CCOC(=O)C1(c2ccccc2)CCN(C)CC1,True,247.338,True
XAGMUUZPGZWTRP-ZETCQYMHSA-N,2070,pazufloxacin,C[C@H]1COC2=C(C(F)=CC3=C2N1C=C(C(O)=O)C3=O)C1(N)CC1,C[C@H]1COc2c(C3(N)CC3)c(F)cc3c(=O)c(C(=O)O)cn1c23,True,318.30400000000014,True
XASIMHXSUQUHLV-UHFFFAOYSA-N,471,camostat,CN(C)C(=O)COC(=O)CC1=CC=C(OC(=O)C2=CC=C(NC(N)=N)C=C2)C=C1,CN(C)C(=O)COC(=O)Cc1ccc(OC(=O)c2ccc(NC(=N)N)cc2)cc1,True,398.41900000000004,True
XAUDJQYHKZQPEU-KVQBGUIXSA-N,790,decitabine,NC1=NC(=O)N(C=N1)[C@H]1C[C@H](O)[C@@H](CO)O1,Nc1ncn([C@H]2C[C@H](O)[C@@H](CO)O2)c(=O)n1,True,228.20799999999997,True
XBBDACCLCFWBSI-ZETCQYMHSA-N,1673,melevodopa,COC(=O)[C@@H](N)CC1=CC(O)=C(O)C=C1,COC(=O)[C@@H](N)Cc1ccc(O)c(O)c1,True,211.217,False
XBJBPGROQZJDOJ-UHFFFAOYSA-N,1177,fleroxacin,CN1CCN(CC1)C1=C(F)C=C2C(=O)C(=CN(CCF)C2=C1F)C(O)=O,CN1CCN(c2c(F)cc3c(=O)c(C(=O)O)cn(CCF)c3c2F)CC1,True,369.3430000000001,True
XCGSFFUVFURLIX-VFGNJEKYSA-N,1043,ergotamine,CN1C[C@@H](C=C2[C@H]1CC1=CNC3=CC=CC2=C13)C(=O)N[C@]1(C)O[C@@]2(O)[C@@H]3CCCN3C(=O)[C@H](CC3=CC=CC=C3)N2C1=O,CN1C[C@H](C(=O)N[C@]2(C)O[C@@]3(O)[C@@H]4CCCN4C(=O)[C@H](Cc4ccccc4)N3C2=O)C=C2c3cccc4[nH]cc(c34)C[C@H]21,True,581.6730000000003,False
XCGYUJZMCCFSRP-UHFFFAOYSA-N,2009,oxamniquine,CC(C)NCC1CCC2=CC(CO)=C(C=C2N1)[N+]([O-])=O,CC(C)NCC1CCc2cc(CO)c([N+](=O)[O-])cc2N1,True,279.34000000000003,True
XCPGHVQEEXUHNC-UHFFFAOYSA-N,203,amsacrine,COC1=C(NC2=C3C=CC=CC3=NC3=CC=CC=C23)C=CC(NS(C)(=O)=O)=C1,COc1cc(NS(C)(=O)=O)ccc1Nc1c2ccccc2nc2ccccc12,True,393.4680000000001,True
XCTYLCDETUVOIP-UHFFFAOYSA-N,2630,thiethylperazine,CCSC1=CC=C2SC3=CC=CC=C3N(CCCN3CCN(C)CC3)C2=C1,CCSc1ccc2c(c1)N(CCCN1CCN(C)CC1)c1ccccc1S2,True,399.6290000000003,False
XCWPUUGSGHNIDZ-UHFFFAOYSA-N,2035,oxypertine,COC1=CC2=C(C=C1OC)C(CCN1CCN(CC1)C1=CC=CC=C1)=C(C)N2,COc1cc2[nH]c(C)c(CCN3CCN(c4ccccc4)CC3)c2cc1OC,True,379.504,True
XDAOLTSRNUSPPH-XMMPIXPASA-N,4819,delamanid,C[C@]1(COC2=CC=C(C=C2)N2CCC(CC2)OC2=CC=C(OC(F)(F)F)C=C2)CN2C=C(N=C2O1)[N+]([O-])=O,C[C@]1(COc2ccc(N3CCC(Oc4ccc(OC(F)(F)F)cc4)CC3)cc2)Cn2cc([N+](=O)[O-])nc2O1,True,534.4910000000001,False
XDRYMKDFEDOLFX-UHFFFAOYSA-N,2090,pentamidine,NC(=N)C1=CC=C(OCCCCCOC2=CC=C(C=C2)C(N)=N)C=C1,N=C(N)c1ccc(OCCCCCOc2ccc(C(=N)N)cc2)cc1,True,340.42699999999996,False
XDXDZDZNSLXDNA-TZNDIEGXSA-N,1414,idarubicin,C[C@@H]1O[C@H](C[C@H](N)[C@@H]1O)O[C@H]1C[C@@](O)(CC2=C(O)C3=C(C(O)=C12)C(=O)C1=CC=CC=C1C3=O)C(C)=O,CC(=O)[C@]1(O)Cc2c(O)c3c(c(O)c2[C@@H](O[C@H]2C[C@H](N)[C@H](O)[C@H](C)O2)C1)C(=O)c1ccccc1C3=O,True,497.5000000000003,True
XDZKBRJLTGRPSS-BGZQYGJUSA-N,541,cefodizime,CO\N=C(/C(=O)N[C@H]1[C@H]2SCC(CSC3=NC(C)=C(CC(O)=O)S3)=C(N2C1=O)C(O)=O)C1=CSC(N)=N1,CO/N=C(\C(=O)N[C@@H]1C(=O)N2C(C(=O)O)=C(CSc3nc(C)c(CC(=O)O)s3)CS[C@H]12)c1csc(N)n1,True,584.6830000000001,True
XEEQGYMUWCZPDN-DOMZBBRYSA-N,1665,mefloquine,O[C@H]([C@H]1CCCCN1)C1=CC(=NC2=C(C=CC=C12)C(F)(F)F)C(F)(F)F,O[C@@H](c1cc(C(F)(F)F)nc2c(C(F)(F)F)cccc12)[C@H]1CCCCN1,True,378.316,True
XEFQLINVKFYRCS-UHFFFAOYSA-N,3631,triclosan,OC1=C(OC2=CC=C(Cl)C=C2Cl)C=CC(Cl)=C1,Oc1cc(Cl)ccc1Oc1ccc(Cl)cc1Cl,True,289.545,True
XEYBRNLFEZDVAW-ARSRFYASSA-N,913,dinoprostone,CCCCC[C@H](O)\C=C\[C@H]1[C@H](O)CC(=O)[C@@H]1C\C=C/CCCC(O)=O,CCCCC[C@H](O)/C=C/[C@H]1[C@H](O)CC(=O)[C@@H]1C/C=C\CCCC(=O)O,True,352.4710000000001,True
XFDJYSQDBULQSI-UHFFFAOYSA-N,953,doxapram,CCN1CC(CCN2CCOCC2)C(C1=O)(C1=CC=CC=C1)C1=CC=CC=C1,CCN1CC(CCN2CCOCC2)C(c2ccccc2)(c2ccccc2)C1=O,True,378.516,True
XFYDIVBRZNQMJC-UHFFFAOYSA-N,2683,tizanidine,ClC1=C(NC2=NCCN2)C2=NSN=C2C=C1,Clc1ccc2nsnc2c1NC1=NCCN1,True,253.71800000000002,True
XGALLCVXEZPNRQ-UHFFFAOYSA-N,1282,gefitinib,COC1=C(OCCCN2CCOCC2)C=C2C(NC3=CC(Cl)=C(F)C=C3)=NC=NC2=C1,COc1cc2ncnc(Nc3ccc(F)c(Cl)c3)c2cc1OCCCN1CCOCC1,True,446.91,True
XGGHHHBGPSNXFE-ZSHCYNCHSA-N,223,octatropine methylbromide,CCCC(CCC)C(=O)O[C@@H]1C[C@@H]2CC[C@H](C1)[N+]2(C)C,CCCC(CCC)C(=O)O[C@H]1C[C@H]2CC[C@@H](C1)[N+]2(C)C,True,282.448,False
XIQVNETUBQGFHX-UHFFFAOYSA-N,2028,oxybutynin,CCN(CC)CC#CCOC(=O)C(O)(C1CCCCC1)C1=CC=CC=C1,CCN(CC)CC#CCOC(=O)C(O)(c1ccccc1)C1CCCCC1,True,357.4940000000001,False
XIURVHNZVLADCM-IUODEOHRSA-N,574,cefalotin,CC(=O)OCC1=C(N2[C@H](SC1)[C@H](NC(=O)CC1=CC=CS1)C2=O)C(O)=O,CC(=O)OCC1=C(C(=O)O)N2C(=O)[C@@H](NC(=O)Cc3cccs3)[C@H]2SC1,True,396.4460000000001,True
XIUUSFJTJXFNGH-UHFFFAOYSA-N,4861,mebicar,CN1C2C(N(C)C1=O)N(C)C(=O)N2C,CN1C(=O)N(C)C2C1N(C)C(=O)N2C,True,198.226,False
XJGFWWJLMVZSIG-UHFFFAOYSA-N,160,aminoacridine,NC1=C2C=CC=CC2=NC2=CC=CC=C12,Nc1c2ccccc2nc2ccccc12,True,194.237,False
XJGVXQDUIWGIRW-UHFFFAOYSA-N,1613,loxapine,CN1CCN(CC1)C1=NC2=C(OC3=CC=C(Cl)C=C13)C=CC=C2,CN1CCN(C2=Nc3ccccc3Oc3ccc(Cl)cc32)CC1,True,327.81500000000005,True
XKFIQZCHJUUSBA-UHFFFAOYSA-N,2110,perisoxal,OC(CN1CCCCC1)C1=NOC(=C1)C1=CC=CC=C1,OC(CN1CCCCC1)c1cc(-c2ccccc2)on1,True,272.348,False
XKFPYPQQHFEXRZ-UHFFFAOYSA-N,1490,isocarboxazid,CC1=CC(=NO1)C(=O)NNCC1=CC=CC=C1,Cc1cc(C(=O)NNCc2ccccc2)no1,True,231.25500000000002,True
XKLMZUWKNUAPSZ-UHFFFAOYSA-N,2359,ranolazine,COC1=C(OCC(O)CN2CCN(CC(=O)NC3=C(C)C=CC=C3C)CC2)C=CC=C1,COc1ccccc1OCC(O)CN1CCN(CC(=O)Nc2c(C)cccc2C)CC1,True,427.54500000000013,True
XMXHEBAFVSFQEX-UHFFFAOYSA-N,3294,iloperidone,COC1=C(OCCCN2CCC(CC2)C2=NOC3=CC(F)=CC=C23)C=CC(=C1)C(C)=O,COc1cc(C(C)=O)ccc1OCCCN1CCC(c2noc3cc(F)ccc23)CC1,True,426.4880000000001,False
XNKLLVCARDGLGL-JGVFFNPUSA-N,2478,stavudine,CC1=CN([C@@H]2O[C@H](CO)C=C2)C(=O)NC1=O,Cc1cn([C@H]2C=C[C@@H](CO)O2)c(=O)[nH]c1=O,True,224.21599999999998,True
XNOPRXBHLZRZKH-DSZYJQQASA-N,2042,oxytocin,CC[C@H](C)[C@@H]1NC(=O)[C@H](CC2=CC=C(O)C=C2)NC(=O)[C@@H](N)CSSC[C@H](NC(=O)[C@H](CC(N)=O)NC(=O)[C@H](CCC(N)=O)NC1=O)C(=O)N1CCC[C@H]1C(=O)N[C@@H](CC(C)C)C(=O)NCC(N)=O,CC[C@H](C)[C@@H]1NC(=O)[C@H](Cc2ccc(O)cc2)NC(=O)[C@@H](N)CSSC[C@@H](C(=O)N2CCC[C@H]2C(=O)N[C@@H](CC(C)C)C(=O)NCC(N)=O)NC(=O)[C@H](CC(N)=O)NC(=O)[C@H](CCC(N)=O)NC1=O,True,1007.2069999999994,False
XOFYZVNMUHMLCC-ZPOLXVRWSA-N,2253,prednisone,C[C@]12CC(=O)[C@H]3[C@@H](CCC4=CC(=O)C=C[C@]34C)[C@@H]1CC[C@]2(O)C(=O)CO,C[C@]12C=CC(=O)C=C1CC[C@@H]1[C@@H]2C(=O)C[C@@]2(C)[C@H]1CC[C@]2(O)C(=O)CO,True,358.43400000000014,True
XPCFTKFZXHTYIP-PMACEKPBSA-N,299,benazepril,CCOC(=O)[C@H](CCC1=CC=CC=C1)N[C@H]1CCC2=CC=CC=C2N(CC(O)=O)C1=O,CCOC(=O)[C@H](CCc1ccccc1)N[C@H]1CCc2ccccc2N(CC(=O)O)C1=O,True,424.49700000000024,True
XPFRXWCVYUEORT-UHFFFAOYSA-N,2114,phenacemide,NC(=O)NC(=O)CC1=CC=CC=C1,NC(=O)NC(=O)Cc1ccccc1,True,178.191,True
XPOQHMRABVBWPR-ZDUSSCGKSA-N,989,efavirenz,FC(F)(F)[C@]1(OC(=O)NC2=C1C=C(Cl)C=C2)C#CC1CC1,O=C1Nc2ccc(Cl)cc2[C@@](C#CC2CC2)(C(F)(F)F)O1,True,315.6780000000001,True
XQLWNAFCTODIRK-UHFFFAOYSA-N,1275,gallopamil,COC1=CC(=CC(OC)=C1OC)C(CCCN(C)CCC1=CC(OC)=C(OC)C=C1)(C#N)C(C)C,COc1ccc(CCN(C)CCCC(C#N)(c2cc(OC)c(OC)c(OC)c2)C(C)C)cc1OC,True,484.6370000000003,True
XQSPYNMVSIKCOC-NTSWFWBYSA-N,1003,emtricitabine,NC1=NC(=O)N(C=C1F)[C@@H]1CS[C@H](CO)O1,Nc1nc(=O)n([C@@H]2CS[C@H](CO)O2)cc1F,True,247.25099999999998,True
XQTARQNQIVVBRX-UHFFFAOYSA-N,2570,tazanolast,CCCCOC(=O)C(=O)NC1=CC=CC(=C1)C1=NN=NN1,CCCCOC(=O)C(=O)Nc1cccc(-c2nnn[nH]2)c1,True,289.295,True
XQYZDYMELSJDRZ-UHFFFAOYSA-N,2056,papaverine,COC1=C(OC)C=C(CC2=NC=CC3=CC(OC)=C(OC)C=C23)C=C1,COc1ccc(Cc2nccc3cc(OC)c(OC)cc23)cc1OC,True,339.3910000000001,False
XRCFXMGQEVUZFC-UHFFFAOYSA-N,222,anisindione,COC1=CC=C(C=C1)C1C(=O)C2=C(C=CC=C2)C1=O,COc1ccc(C2C(=O)c3ccccc3C2=O)cc1,True,252.26899999999998,True
XRECTZIEBJDKEO-UHFFFAOYSA-N,1188,flucytosine,NC1=NC(=O)NC=C1F,Nc1nc(=O)[nH]cc1F,True,129.09399999999997,True
XSBSKEQEUFOSDD-UHFFFAOYSA-N,2096,pentolonium,C[N+]1(CCCCC[N+]2(C)CCCC2)CCCC1,C[N+]1(CCCCC[N+]2(C)CCCC2)CCCC1,True,240.4349999999999,False
XSCGXQMFQXDFCW-UHFFFAOYSA-N,2742,triflupromazine,CN(C)CCCN1C2=CC=CC=C2SC2=C1C=C(C=C2)C(F)(F)F,CN(C)CCCN1c2ccccc2Sc2ccc(C(F)(F)F)cc21,True,352.425,False
XSDQTOBWRPYKKA-UHFFFAOYSA-N,158,amiloride,NC(=N)NC(=O)C1=C(N)N=C(N)C(Cl)=N1,N=C(N)NC(=O)c1nc(Cl)c(N)nc1N,True,229.631,True
XSEUMFJMFFMCIU-UHFFFAOYSA-N,423,buformin,CCCCNC(=N)NC(N)=N,CCCCNC(=N)NC(=N)N,True,157.22099999999998,True
XTNGUQKDFGDXSJ-ZXGKGEBGSA-N,4758,canagliflozin,CC1=C(CC2=CC=C(S2)C2=CC=C(F)C=C2)C=C(C=C1)[C@@H]1O[C@H](CO)[C@@H](O)[C@H](O)[C@H]1O,Cc1ccc([C@@H]2O[C@H](CO)[C@@H](O)[C@H](O)[C@H]2O)cc1Cc1ccc(-c2ccc(F)cc2)s1,True,444.5240000000001,False
XTTZERNUQAFMOF-QMMMGPOBSA-N,4374,lorcaserin,C[C@H]1CNCCC2=CC=C(Cl)C=C12,C[C@H]1CNCCc2ccc(Cl)cc21,True,195.69299999999998,False
XUBOMFCQGDBHNK-UHFFFAOYSA-N,1280,gatifloxacin,COC1=C2N(C=C(C(O)=O)C(=O)C2=CC(F)=C1N1CCNC(C)C1)C1CC1,COc1c(N2CCNC(C)C2)c(F)cc2c(=O)c(C(=O)O)cn(C3CC3)c12,True,375.4000000000002,True
XUFQPHANEAPEMJ-UHFFFAOYSA-N,1129,famotidine,NC(=N)NC1=NC(CSCCC(=N)NS(N)(=O)=O)=CS1,N=C(N)Nc1nc(CSCCC(=N)NS(N)(=O)=O)cs1,True,337.4560000000001,True
XUFXOAAUWZOOIT-UGEKTDRHSA-N,39,acarbose,C[C@H]1O[C@H](O[C@@H]2[C@@H](CO)O[C@H](O[C@@H]3[C@@H](CO)OC(O)[C@H](O)[C@H]3O)[C@H](O)[C@H]2O)[C@H](O)[C@@H](O)[C@@H]1N[C@H]1C=C(CO)[C@@H](O)[C@H](O)[C@H]1O,C[C@H]1O[C@H](O[C@H]2[C@H](O)[C@@H](O)[C@@H](O[C@H]3[C@H](O)[C@@H](O)C(O)O[C@@H]3CO)O[C@@H]2CO)[C@H](O)[C@@H](O)[C@@H]1N[C@H]1C=C(CO)[C@@H](O)[C@H](O)[C@H]1O,True,645.6080000000003,True
XUIIKFGFIJCVMT-LBPRGKRZSA-N,2646,levothyroxine,N[C@@H](CC1=CC(I)=C(OC2=CC(I)=C(O)C(I)=C2)C(I)=C1)C(O)=O,N[C@@H](Cc1cc(I)c(Oc2cc(I)c(O)c(I)c2)c(I)c1)C(=O)O,True,776.8720000000001,True
XUJNEKJLAYXESH-REOHCLBHSA-N,769,cysteine,N[C@@H](CS)C(O)=O,N[C@@H](CS)C(=O)O,True,121.16099999999997,False
XUKUURHRXDUEBC-KAYWLYCHSA-N,257,atorvastatin,CC(C)C1=C(C(=O)NC2=CC=CC=C2)C(=C(N1CC[C@@H](O)C[C@@H](O)CC(O)=O)C1=CC=C(F)C=C1)C1=CC=CC=C1,CC(C)c1c(C(=O)Nc2ccccc2)c(-c2ccccc2)c(-c2ccc(F)cc2)n1CC[C@@H](O)C[C@@H](O)CC(=O)O,True,558.6500000000003,True
XUZMWHLSFXCVMG-UHFFFAOYSA-N,5202,baricitinib,CCS(=O)(=O)N1CC(CC#N)(C1)N1C=C(C=N1)C1=NC=NC2=C1C=CN2,CCS(=O)(=O)N1CC(CC#N)(n2cc(-c3ncnc4[nH]ccc34)cn2)C1,True,371.42600000000004,False
XVQUOJBERHHONY-UHFFFAOYSA-N,1496,isometheptene,CNC(C)CCC=C(C)C,CNC(C)CCC=C(C)C,True,141.25799999999998,False
XVUQHFRQHBLHQD-UHFFFAOYSA-N,1597,lonazolac,OC(=O)CC1=CN(N=C1C1=CC=C(Cl)C=C1)C1=CC=CC=C1,O=C(O)Cc1cn(-c2ccccc2)nc1-c1ccc(Cl)cc1,True,312.75600000000003,True
XWTYSIMOBUGWOL-UHFFFAOYSA-N,2598,terbutaline,CC(C)(C)NCC(O)C1=CC(O)=CC(O)=C1,CC(C)(C)NCC(O)c1cc(O)cc(O)c1,True,225.288,False
XWXYUMMDTVBTOU-UHFFFAOYSA-N,1933,nilutamide,CC1(C)NC(=O)N(C1=O)C1=CC(=C(C=C1)[N+]([O-])=O)C(F)(F)F,CC1(C)NC(=O)N(c2ccc([N+](=O)[O-])c(C(F)(F)F)c2)C1=O,True,317.22299999999996,True
XXEPPPIWZFICOJ-UHFFFAOYSA-N,874,diethylpropion,CCN(CC)C(C)C(=O)C1=CC=CC=C1,CCN(CC)C(C)C(=O)c1ccccc1,True,205.30100000000002,True
XXPANQJNYNUNES-UHFFFAOYSA-N,1958,nomifensine,CN1CC(C2=CC=CC=C2)C2=CC=CC(N)=C2C1,CN1Cc2c(N)cccc2C(c2ccccc2)C1,True,238.33399999999997,True
XXRVYAFBUDSLJX-UHFFFAOYSA-N,1106,etofibrate,CC(C)(OC1=CC=C(Cl)C=C1)C(=O)OCCOC(=O)C1=CN=CC=C1,CC(C)(Oc1ccc(Cl)cc1)C(=O)OCCOC(=O)c1cccnc1,True,363.7970000000001,True
XXSMGPRMXLTPCZ-UHFFFAOYSA-N,1395,hydroxychloroquine,CCN(CCO)CCCC(C)NC1=CC=NC2=CC(Cl)=CC=C12,CCN(CCO)CCCC(C)Nc1ccnc2cc(Cl)ccc12,True,335.8790000000001,True
XXUPXHKCPIKWLR-JHUOEJJVSA-N,2794,unoprostone isopropyl,CCCCCCCC(=O)CC[C@H]1[C@H](O)C[C@H](O)[C@@H]1C\C=C/CCCC(=O)OC(C)C,CCCCCCCC(=O)CC[C@@H]1[C@@H](C/C=C\CCCC(=O)OC(C)C)[C@@H](O)C[C@H]1O,True,424.6220000000003,False
XYFPWWZEPKGCCK-GOSISDBHSA-N,4810,ibrutinib,NC1=C2C(=NC=N1)N(N=C2C1=CC=C(OC2=CC=CC=C2)C=C1)[C@@H]1CCCN(C1)C(=O)C=C,C=CC(=O)N1CCC[C@@H](n2nc(-c3ccc(Oc4ccccc4)cc3)c3c(N)ncnc32)C1,True,440.5070000000003,False
XYLJNLCSTIOKRM-UHFFFAOYSA-N,395,brimonidine,BrC1=C(NC2=NCCN2)C=CC2=NC=CN=C12,Brc1c(NC2=NCCN2)ccc2nccnc12,True,292.14000000000004,True
XYWJNTOURDMTPI-UHFFFAOYSA-N,2275,procodazole,OC(=O)CCC1=NC2=C(N1)C=CC=C2,O=C(O)CCc1nc2ccccc2[nH]1,True,190.20200000000003,False
XZWYZXLIPXDOLR-UHFFFAOYSA-N,1725,metformin,CN(C)C(=N)NC(N)=N,CN(C)C(=N)NC(=N)N,True,129.167,True
XZXHXSATPCNXJR-ZIADKAODSA-N,4903,nintedanib,COC(=O)C1=CC2=C(C=C1)\C(=C(\NC1=CC=C(C=C1)N(C)C(=O)CN1CCN(C)CC1)C1=CC=CC=C1)C(=O)N2,COC(=O)c1ccc2c(c1)NC(=O)/C2=C(\Nc1ccc(N(C)C(=O)CN2CCN(C)CC2)cc1)c1ccccc1,True,539.6360000000004,True
YAPQBXQYLJRXSA-UHFFFAOYSA-N,2618,theobromine,CN1C=NC2=C1C(=O)NC(=O)N2C,Cn1cnc2c1c(=O)[nH]c(=O)n2C,True,180.16699999999997,True
YASAKCUCGLMORW-UHFFFAOYSA-N,2405,rosiglitazone,CN(CCOC1=CC=C(CC2SC(=O)NC2=O)C=C1)C1=CC=CC=N1,CN(CCOc1ccc(CC2SC(=O)NC2=O)cc1)c1ccccn1,True,357.435,True
YBBLVLTVTVSKRW-UHFFFAOYSA-N,210,anastrozole,CC(C)(C#N)C1=CC(=CC(CN2C=NC=N2)=C1)C(C)(C)C#N,CC(C)(C#N)c1cc(Cn2cncn2)cc(C(C)(C)C#N)c1,True,293.374,False
YBCPYHQFUMNOJG-UHFFFAOYSA-N,1749,metofoline,COC1=C(OC)C=C2C(CCC3=CC=C(Cl)C=C3)N(C)CCC2=C1,COc1cc2c(cc1OC)C(CCc1ccc(Cl)cc1)N(C)CC2,True,345.8700000000001,False
YBJHBAHKTGYVGT-ZKWXMUAHSA-N,373,biotin,OC(=O)CCCC[C@@H]1SC[C@@H]2NC(=O)N[C@H]12,O=C(O)CCCC[C@@H]1SC[C@@H]2NC(=O)N[C@@H]21,True,244.31600000000003,True
YECBIJXISLIIDS-UHFFFAOYSA-N,2331,mepyramine,COC1=CC=C(CN(CCN(C)C)C2=CC=CC=N2)C=C1,COc1ccc(CN(CCN(C)C)c2ccccn2)cc1,True,285.391,False
YEEZWCHGZNKEEK-UHFFFAOYSA-N,2855,zafirlukast,COC1=C(CC2=CN(C)C3=C2C=C(NC(=O)OC2CCCC2)C=C3)C=CC(=C1)C(=O)NS(=O)(=O)C1=C(C)C=CC=C1,COc1cc(C(=O)NS(=O)(=O)c2ccccc2C)ccc1Cc1cn(C)c2ccc(NC(=O)OC3CCCC3)cc12,True,575.6870000000004,True
YEHCICAEULNIGD-MZMPZRCHSA-N,2105,pergolide,CCCN1C[C@H](CSC)C[C@H]2[C@H]1CC1=CNC3=C1C2=CC=C3,CCCN1C[C@H](CSC)C[C@@H]2c3cccc4[nH]cc(c34)C[C@H]21,True,314.49800000000005,True
YEZNLOUZAIOMLT-UHFFFAOYSA-N,2698,tolfenamic acid,CC1=C(NC2=C(C=CC=C2)C(O)=O)C=CC=C1Cl,Cc1c(Cl)cccc1Nc1ccccc1C(=O)O,True,261.70799999999997,False
YFAGHNZHGGCZAX-JKIFEVAISA-N,866,dicloxacillin,CC1=C(C(=O)N[C@H]2[C@H]3SC(C)(C)[C@@H](N3C2=O)C(O)=O)C(=NO1)C1=C(Cl)C=CC=C1Cl,Cc1onc(-c2c(Cl)cccc2Cl)c1C(=O)N[C@@H]1C(=O)N2[C@@H]1SC(C)(C)[C@@H]2C(=O)O,True,470.3340000000002,False
YFGHCGITMMYXAQ-UHFFFAOYSA-N,1826,modafinil,NC(=O)CS(=O)C(C1=CC=CC=C1)C1=CC=CC=C1,NC(=O)CS(=O)C(c1ccccc1)c1ccccc1,True,273.357,True
YHXISWVBGDMDLQ-UHFFFAOYSA-N,1825,moclobemide,ClC1=CC=C(C=C1)C(=O)NCCN1CCOCC1,O=C(NCCN1CCOCC1)c1ccc(Cl)cc1,True,268.74399999999997,True
YIQPUIGJQJDJOS-UHFFFAOYSA-N,4410,plerixafor,C(N1CCCNCCNCCCNCC1)C1=CC=C(CN2CCCNCCNCCCNCC2)C=C1,c1cc(CN2CCCNCCNCCCNCC2)ccc1CN1CCCNCCNCCCNCC1,True,502.79600000000045,False
YJGVMLPVUAXIQN-XVVDYKMHSA-N,3481,podophyllotoxin,COC1=CC(=CC(OC)=C1OC)[C@H]1[C@@H]2[C@H](COC2=O)[C@@H](O)C2=CC3=C(OCO3)C=C12,COc1cc([C@@H]2c3cc4c(cc3[C@H](O)[C@H]3COC(=O)[C@H]23)OCO4)cc(OC)c1OC,True,414.4100000000002,False
YJQPYGGHQPGBLI-KGSXXDOSSA-N,1974,novobiocin,CO[C@@H]1[C@@H](OC(N)=O)[C@@H](O)[C@H](OC2=CC=C3C(O)=C(NC(=O)C4=CC(CC=C(C)C)=C(O)C=C4)C(=O)OC3=C2C)OC1(C)C,CO[C@@H]1[C@@H](OC(N)=O)[C@@H](O)[C@H](Oc2ccc3c(O)c(NC(=O)c4ccc(O)c(CC=C(C)C)c4)c(=O)oc3c2C)OC1(C)C,True,612.6320000000002,False
YJYPHIXNFHFHND-UHFFFAOYSA-N,99,agomelatine,COC1=CC2=C(C=CC=C2CCNC(C)=O)C=C1,COc1ccc2cccc(CCNC(C)=O)c2c1,True,243.30599999999995,True
YKGYIDJEEQRWQH-UHFFFAOYSA-N,3257,gabexate,CCOC(=O)C1=CC=C(OC(=O)CCCCCNC(N)=N)C=C1,CCOC(=O)c1ccc(OC(=O)CCCCCNC(=N)N)cc1,True,321.37699999999995,False
YKPUWZUDDOIDPM-SOFGYWHQSA-N,3064,capsaicin,COC1=C(O)C=CC(CNC(=O)CCCC\C=C\C(C)C)=C1,COc1cc(CNC(=O)CCCC/C=C/C(C)C)ccc1O,True,305.41799999999995,True
YLCXGBZIZBEVPZ-UHFFFAOYSA-N,1654,medazepam,CN1CCN=C(C2=CC=CC=C2)C2=C1C=CC(Cl)=C2,CN1CCN=C(c2ccccc2)c2cc(Cl)ccc21,True,270.76300000000003,False
YLJREFDVOIBQDA-UHFFFAOYSA-N,2551,tacrine,NC1=C2CCCCC2=NC2=CC=CC=C12,Nc1c2c(nc3ccccc13)CCCC2,True,198.26900000000003,False
YLXDSYKOBKBWJQ-LBPRGKRZSA-N,2355,ramelteon,CCC(=O)NCC[C@@H]1CCC2=C1C1=C(OCC1)C=C2,CCC(=O)NCC[C@@H]1CCc2ccc3c(c21)CCO3,True,259.34899999999993,False
YMARZQAQMVYCKC-OEMFJLHTSA-N,200,amprenavir,CC(C)CN(C[C@@H](O)[C@H](CC1=CC=CC=C1)NC(=O)O[C@H]1CCOC1)S(=O)(=O)C1=CC=C(N)C=C1,CC(C)CN(C[C@@H](O)[C@H](Cc1ccccc1)NC(=O)O[C@H]1CCOC1)S(=O)(=O)c1ccc(N)cc1,True,505.63700000000034,True
YMBXTVYHTMGZDW-UHFFFAOYSA-N,1615,loxoprofen,CC(C(O)=O)C1=CC=C(CC2CCCC2=O)C=C1,CC(C(=O)O)c1ccc(CC2CCCC2=O)cc1,True,246.30599999999993,True
YMDXZJFXQJVXBF-STHAYSLISA-N,1243,fosfomycin,C[C@@H]1O[C@@H]1P(O)(O)=O,C[C@@H]1O[C@@H]1P(=O)(O)O,True,138.05899999999997,True
YMTINGFKWWXKFG-UHFFFAOYSA-N,1152,fenofibrate,CC(C)OC(=O)C(C)(C)OC1=CC=C(C=C1)C(=O)C1=CC=C(Cl)C=C1,CC(C)OC(=O)C(C)(C)Oc1ccc(C(=O)c2ccc(Cl)cc2)cc1,True,360.837,True
YMVWGSQGCWCDGW-UHFFFAOYSA-N,3386,nitracrine,CN(C)CCCNC1=C2C(C=CC=C2[N+]([O-])=O)=NC2=CC=CC=C12,CN(C)CCCNc1c2ccccc2nc2cccc([N+](=O)[O-])c12,True,324.38400000000007,False
YNDXUCZADRHECN-JNQJZLCISA-N,2726,triamcinolone acetonide,CC1(C)O[C@@H]2C[C@H]3[C@@H]4CCC5=CC(=O)C=C[C@]5(C)[C@@]4(F)[C@@H](O)C[C@]3(C)[C@@]2(O1)C(=O)CO,CC1(C)O[C@@H]2C[C@H]3[C@@H]4CCC5=CC(=O)C=C[C@]5(C)[C@@]4(F)[C@@H](O)C[C@]3(C)[C@]2(C(=O)CO)O1,True,434.50400000000025,False
YNNURTVKPVJVEI-GSLJADNHSA-N,3139,dichlorisone,CC(=O)OCC(=O)[C@@]1(O)CC[C@H]2[C@@H]3CCC4=CC(=O)C=C[C@]4(C)[C@@]3(Cl)[C@@H](Cl)C[C@]12C,CC(=O)OCC(=O)[C@@]1(O)CC[C@H]2[C@@H]3CCC4=CC(=O)C=C[C@]4(C)[C@@]3(Cl)[C@@H](Cl)C[C@@]21C,True,455.37800000000016,False
YNNUSGIPVFPVBX-NHCUHLMSSA-N,671,clemastine,CN1CCC[C@@H]1CCO[C@](C)(C1=CC=CC=C1)C1=CC=C(Cl)C=C1,CN1CCC[C@@H]1CCO[C@](C)(c1ccccc1)c1ccc(Cl)cc1,True,343.898,True
YNZFUWZUGRBMHL-UHFFFAOYSA-N,1993,opipramol,OCCN1CCN(CCCN2C3=CC=CC=C3C=CC3=C2C=CC=C3)CC1,OCCN1CCN(CCCN2c3ccccc3C=Cc3ccccc32)CC1,True,363.50500000000017,True
YNZXWQJZEDLQEG-UHFFFAOYSA-N,2747,trimazosin,COC1=C(OC)C(OC)=C2N=C(N=C(N)C2=C1)N1CCN(CC1)C(=O)OCC(C)(C)O,COc1cc2c(N)nc(N3CCN(C(=O)OCC(C)(C)O)CC3)nc2c(OC)c1OC,True,435.48100000000034,True
YOSHYTLCDANDAN-UHFFFAOYSA-N,1481,irbesartan,CCCCC1=NC2(CCCC2)C(=O)N1CC1=CC=C(C=C1)C1=CC=CC=C1C1=NN=NN1,CCCCC1=NC2(CCCC2)C(=O)N1Cc1ccc(-c2ccccc2-c2nnn[nH]2)cc1,True,428.5400000000001,True
YOZBGTLTNGAVFU-UHFFFAOYSA-N,5371,roxadustat,CC1=C2C=C(OC3=CC=CC=C3)C=CC2=C(O)C(=N1)C(=O)NCC(O)=O,Cc1nc(C(=O)NCC(=O)O)c(O)c2ccc(Oc3ccccc3)cc12,True,352.3460000000001,False
YPBATNHYBCGSSN-VWPFQQQWSA-N,1795,mezlocillin,CC1(C)S[C@@H]2[C@H](NC(=O)[C@H](NC(=O)N3CCN(C3=O)S(C)(=O)=O)C3=CC=CC=C3)C(=O)N2[C@H]1C(O)=O,CC1(C)S[C@@H]2[C@H](NC(=O)[C@H](NC(=O)N3CCN(S(C)(=O)=O)C3=O)c3ccccc3)C(=O)N2[C@H]1C(=O)O,True,539.5920000000003,False
YPELFRMCRYSPKZ-UHFFFAOYSA-N,1848,mosapride,CCOC1=C(C=C(Cl)C(N)=C1)C(=O)NCC1CN(CC2=CC=C(F)C=C2)CCO1,CCOc1cc(N)c(Cl)cc1C(=O)NCC1CN(Cc2ccc(F)cc2)CCO1,True,421.90000000000015,False
YPIQVCUJEKAZCP-UHFFFAOYSA-N,1627,malotilate,CC(C)OC(=O)C(C(=O)OC(C)C)=C1SC=CS1,CC(C)OC(=O)C(C(=O)OC(C)C)=C1SC=CS1,True,288.39,True
YQEZLKZALYSWHR-UHFFFAOYSA-N,1523,ketamine,CNC1(CCCCC1=O)C1=C(Cl)C=CC=C1,CNC1(c2ccccc2Cl)CCCCC1=O,True,237.73000000000002,False
YQEZLKZALYSWHR-ZDUSSCGKSA-N,4468,esketamine,CN[C@@]1(CCCCC1=O)C1=C(Cl)C=CC=C1,CN[C@]1(c2ccccc2Cl)CCCCC1=O,True,237.73000000000002,True
YQNQNVDNTFHQSW-UHFFFAOYSA-N,1943,nitazoxanide,CC(=O)OC1=C(C=CC=C1)C(=O)NC1=NC=C(S1)[N+]([O-])=O,CC(=O)Oc1ccccc1C(=O)Nc1ncc([N+](=O)[O-])s1,True,307.28700000000003,True
YREYEVIYCVEVJK-UHFFFAOYSA-N,2350,rabeprazole,COCCCOC1=CC=NC(CS(=O)C2=NC3=C(N2)C=CC=C3)=C1C,COCCCOc1ccnc(CS(=O)c2nc3ccccc3[nH]2)c1C,True,359.451,True
YREYLAVBNPACJM-UHFFFAOYSA-N,2782,tulobuterol,CC(C)(C)NCC(O)C1=C(Cl)C=CC=C1,CC(C)(C)NCC(O)c1ccccc1Cl,True,227.735,False
YRZQHIVOIFJEEE-UHFFFAOYSA-N,591,chlorazanil,NC1=NC(NC2=CC=C(Cl)C=C2)=NC=N1,Nc1ncnc(Nc2ccc(Cl)cc2)n1,True,221.651,False
YSAUAVHXTIETRK-AATRIKPKSA-N,2999,pyrantel,CN1CCCN=C1\C=C\C1=CC=CS1,CN1CCCN=C1/C=C/c1cccs1,True,206.31400000000002,False
YSEXMKHXIOCEJA-FVFQAYNVSA-N,1910,nicergoline,CO[C@]12C[C@@H](COC(=O)C3=CN=CC(Br)=C3)CN(C)[C@@H]1CC1=CN(C)C3=CC=CC2=C13,CO[C@]12C[C@@H](COC(=O)c3cncc(Br)c3)CN(C)[C@@H]1Cc1cn(C)c3cccc2c13,True,484.39400000000023,False
YSIITVVESCNIPR-UHFFFAOYSA-N,2779,troxipide,COC1=CC(=CC(OC)=C1OC)C(=O)NC1CCCNC1,COc1cc(C(=O)NC2CCCNC2)cc(OC)c1OC,True,294.351,True
YSXKPIUOCJLQIE-UHFFFAOYSA-N,374,biperiden,OC(CCN1CCCCC1)(C1CC2CC1C=C2)C1=CC=CC=C1,OC(CCN1CCCCC1)(c1ccccc1)C1CC2C=CC1C2,True,311.469,True
YTGJWQPHMWSCST-UHFFFAOYSA-N,2676,tiopronin,CC(S)C(=O)NCC(O)=O,CC(S)C(=O)NCC(=O)O,True,163.198,False
YTKUWDBFDASYHO-UHFFFAOYSA-N,302,bendamustine,CN1C(CCCC(O)=O)=NC2=CC(=CC=C12)N(CCCl)CCCl,Cn1c(CCCC(=O)O)nc2cc(N(CCCl)CCCl)ccc21,True,358.2690000000001,False
YTRMTPPVNRALON-UHFFFAOYSA-N,3101,cinchophen,OC(=O)C1=CC(=NC2=CC=CC=C12)C1=CC=CC=C1,O=C(O)c1cc(-c2ccccc2)nc2ccccc12,True,249.26900000000003,False
YUGZHQHSNYIFLG-UHFFFAOYSA-N,3734,diperodon,O=C(NC1=CC=CC=C1)OCC(CN1CCCCC1)OC(=O)NC1=CC=CC=C1,O=C(Nc1ccccc1)OCC(CN1CCCCC1)OC(=O)Nc1ccccc1,True,397.475,True
YUUAYBAIHCDHHD-UHFFFAOYSA-N,168,methyl aminolevulinate,COC(=O)CCC(=O)CN,COC(=O)CCC(=O)CN,True,145.158,False
YVPYQUNUQOZFHG-UHFFFAOYSA-N,851,diatrizoate,CC(=O)NC1=C(I)C(C(O)=O)=C(I)C(NC(C)=O)=C1I,CC(=O)Nc1c(I)c(NC(C)=O)c(I)c(C(=O)O)c1I,True,613.9150000000002,True
YVUQSNJEYSNKRX-UHFFFAOYSA-N,2172,pimozide,FC1=CC=C(C=C1)C(CCCN1CCC(CC1)N1C(=O)NC2=C1C=CC=C2)C1=CC=C(F)C=C1,O=c1[nH]c2ccccc2n1C1CCN(CCCC(c2ccc(F)cc2)c2ccc(F)cc2)CC1,True,461.5560000000001,True
YWGDOWXRIALTES-NRFANRHFSA-N,341,bepotastine,OC(=O)CCCN1CCC(CC1)O[C@@H](C1=CC=C(Cl)C=C1)C1=CC=CC=N1,O=C(O)CCCN1CCC(O[C@@H](c2ccc(Cl)cc2)c2ccccn2)CC1,True,388.8950000000001,False
YWPHCCPCQOJSGZ-UHFFFAOYSA-N,2820,viloxazine,CCOC1=CC=CC=C1OCC1CNCCO1,CCOc1ccccc1OCC1CNCCO1,True,237.29899999999992,True
YWQGBCXVCXMSLJ-UHFFFAOYSA-N,292,beclobrate,CCOC(=O)C(C)(CC)OC1=CC=C(CC2=CC=C(Cl)C=C2)C=C1,CCOC(=O)C(C)(CC)Oc1ccc(Cc2ccc(Cl)cc2)cc1,True,346.85400000000004,True
YWXYYJSYQOXTPL-SLPGGIOYSA-N,1506,isosorbide mononitrate,O[C@H]1CO[C@@H]2[C@@H](CO[C@H]12)O[N+]([O-])=O,O=[N+]([O-])O[C@@H]1CO[C@H]2[C@@H]1OC[C@@H]2O,True,191.13899999999998,True
YXRDKMPIGHSVRX-OOJCLDBCSA-N,2396,rocuronium,CC(=O)O[C@H]1[C@H](C[C@H]2[C@@H]3CC[C@H]4C[C@H](O)[C@H](C[C@]4(C)[C@H]3CC[C@]12C)N1CCOCC1)[N+]1(CC=C)CCCC1,C=CC[N+]1([C@H]2C[C@H]3[C@@H]4CC[C@H]5C[C@H](O)[C@@H](N6CCOCC6)C[C@]5(C)[C@H]4CC[C@]3(C)[C@H]2OC(C)=O)CCCC1,True,529.7860000000004,True
YXSLJKQTIDHPOT-UHFFFAOYSA-N,259,atracurium,COC1=C(OC)C=C(CC2C3=CC(OC)=C(OC)C=C3CC[N+]2(C)CCC(=O)OCCCCCOC(=O)CC[N+]2(C)CCC3=CC(OC)=C(OC)C=C3C2CC2=CC(OC)=C(OC)C=C2)C=C1,COc1ccc(CC2c3cc(OC)c(OC)cc3CC[N+]2(C)CCC(=O)OCCCCCOC(=O)CC[N+]2(C)CCc3cc(OC)c(OC)cc3C2Cc2ccc(OC)c(OC)c2)cc1OC,True,929.1609999999998,True
YXUPZGKORWTXID-UHFFFAOYSA-N,4463,domiphen,CCCCCCCCCCCC[N+](C)(C)CCOC1=CC=CC=C1,CCCCCCCCCCCC[N+](C)(C)CCOc1ccccc1,True,334.568,True
YXVZOBVWVRFPTE-UHFFFAOYSA-N,1719,metapramine,CNC1CC2=C(C=CC=C2)N(C)C2=CC=CC=C12,CNC1Cc2ccccc2N(C)c2ccccc21,True,238.334,False
YYUAYBYLJSNDCX-UHFFFAOYSA-N,1509,isoxicam,CN1C(C(=O)NC2=NOC(C)=C2)=C(O)C2=CC=CC=C2S1(=O)=O,Cc1cc(NC(=O)C2=C(O)c3ccccc3S(=O)(=O)N2C)no1,True,335.34100000000007,False
YZMCKZRAOLZXAZ-UHFFFAOYSA-N,2526,sulfisomidine,CC1=CC(NS(=O)(=O)C2=CC=C(N)C=C2)=NC(C)=N1,Cc1cc(NS(=O)(=O)c2ccc(N)cc2)nc(C)n1,True,278.33700000000005,False
ZAFYATHCZYHLPB-UHFFFAOYSA-N,2870,zolpidem,CN(C)C(=O)CC1=C(N=C2C=CC(C)=CN12)C1=CC=C(C)C=C1,Cc1ccc(-c2nc3ccc(C)cn3c2CC(=O)N(C)C)cc1,True,307.39700000000005,True
ZAIPMKNFIOOWCQ-UEKVPHQBSA-N,571,cefalexin,CC1=C(N2[C@H](SC1)[C@H](NC(=O)[C@H](N)C1=CC=CC=C1)C2=O)C(O)=O,CC1=C(C(=O)O)N2C(=O)[C@@H](NC(=O)[C@H](N)c3ccccc3)[C@H]2SC1,True,347.39600000000013,True
ZAKOWWREFLAJOT-CEFNRUSXSA-N,4195,alpha-tocopherol acetate,CC(C)CCC[C@@H](C)CCC[C@@H](C)CCC[C@]1(C)CCC2=C(C)C(OC(C)=O)=C(C)C(C)=C2O1,CC(=O)Oc1c(C)c(C)c2c(c1C)CC[C@@](C)(CCC[C@H](C)CCC[C@H](C)CCCC(C)C)O2,True,472.75400000000036,False
ZBBHBTPTTSWHBA-UHFFFAOYSA-N,1909,nicardipine,COC(=O)C1=C(C)NC(C)=C(C1C1=CC(=CC=C1)[N+]([O-])=O)C(=O)OCCN(C)CC1=CC=CC=C1,COC(=O)C1=C(C)NC(C)=C(C(=O)OCCN(C)Cc2ccccc2)C1c1cccc([N+](=O)[O-])c1,True,479.53300000000036,False
ZBGXUVOIWDMMJE-QHNZEKIYSA-N,4870,vorapaxar,CCOC(=O)N[C@@H]1CC[C@@H]2[C@H](C[C@@H]3[C@@H]([C@@H](C)OC3=O)[C@H]2\C=C\C2=CC=C(C=N2)C2=CC(F)=CC=C2)C1,CCOC(=O)N[C@@H]1CC[C@@H]2[C@@H](C1)C[C@H]1C(=O)O[C@H](C)[C@H]1[C@H]2/C=C/c1ccc(-c2cccc(F)c2)cn1,True,492.5910000000002,False
ZBIAKUMOEKILTF-UHFFFAOYSA-N,1580,lidoflazine,CC1=CC=CC(C)=C1NC(=O)CN1CCN(CCCC(C2=CC=C(F)C=C2)C2=CC=C(F)C=C2)CC1,Cc1cccc(C)c1NC(=O)CN1CCN(CCCC(c2ccc(F)cc2)c2ccc(F)cc2)CC1,True,491.6260000000002,True
ZBMZVLHSJCTVON-UHFFFAOYSA-N,2464,sotalol,CC(C)NCC(O)C1=CC=C(NS(C)(=O)=O)C=C1,CC(C)NCC(O)c1ccc(NS(C)(=O)=O)cc1,True,272.37,True
ZBNZXTGUTAYRHI-UHFFFAOYSA-N,785,dasatinib,CC1=NC(NC2=NC=C(S2)C(=O)NC2=C(C)C=CC=C2Cl)=CC(=N1)N1CCN(CCO)CC1,Cc1nc(Nc2ncc(C(=O)Nc3c(C)cccc3Cl)s2)cc(N2CCN(CCO)CC2)n1,True,488.01700000000034,True
ZBPLOVFIXSTCRZ-UHFFFAOYSA-N,401,bromfenac,NC1=C(C=CC=C1CC(O)=O)C(=O)C1=CC=C(Br)C=C1,Nc1c(CC(=O)O)cccc1C(=O)c1ccc(Br)cc1,True,334.169,False
ZBVKEHDGYSLCCC-UHFFFAOYSA-N,2432,seratrodast,CC1=C(C)C(=O)C(C(CCCCCC(O)=O)C2=CC=CC=C2)=C(C)C1=O,CC1=C(C)C(=O)C(C(CCCCCC(=O)O)c2ccccc2)=C(C)C1=O,True,354.446,True
ZCGNOVWYSGBHAU-UHFFFAOYSA-N,4887,favipiravir,NC(=O)C1=NC(F)=CN=C1O,NC(=O)c1nc(F)cnc1O,True,157.10399999999998,False
ZCJYUTQZBAIHBS-UHFFFAOYSA-N,1166,fenticonazole,ClC1=CC=C(C(CN2C=CN=C2)OCC2=CC=C(SC3=CC=CC=C3)C=C2)C(Cl)=C1,Clc1ccc(C(Cn2ccnc2)OCc2ccc(Sc3ccccc3)cc2)c(Cl)c1,True,455.4100000000001,True
ZCKAMNXUHHNZLN-UHFFFAOYSA-N,618,chlorphentermine,CC(C)(N)CC1=CC=C(Cl)C=C1,CC(C)(N)Cc1ccc(Cl)cc1,True,183.682,True
ZCVMWBYGMWKGHF-UHFFFAOYSA-N,1530,ketotifen,CN1CCC(CC1)=C1C2=C(SC=C2)C(=O)CC2=C1C=CC=C2,CN1CCC(=C2c3ccccc3CC(=O)c3sccc32)CC1,True,309.434,False
ZDIGNSYAACHWNL-HNNXBMFYSA-N,830,dexbrompheniramine,CN(C)CC[C@@H](C1=CC=C(Br)C=C1)C1=CC=CC=N1,CN(C)CC[C@@H](c1ccc(Br)cc1)c1ccccn1,True,319.246,True
ZDIGNSYAACHWNL-UHFFFAOYSA-N,408,brompheniramine,CN(C)CCC(C1=CC=C(Br)C=C1)C1=CC=CC=N1,CN(C)CCC(c1ccc(Br)cc1)c1ccccn1,True,319.246,True
ZDLBNXXKDMLZMF-UHFFFAOYSA-N,652,cinitapride,CCOC1=C(C=C(C(N)=C1)[N+]([O-])=O)C(=O)NC1CCN(CC2CCC=CC2)CC1,CCOc1cc(N)c([N+](=O)[O-])cc1C(=O)NC1CCN(CC2CC=CCC2)CC1,True,402.4950000000003,True
ZDXUKAKRHYTAKV-UHFFFAOYSA-N,4157,lercanidipine,COC(=O)C1=C(C)NC(C)=C(C1C1=CC=CC(=C1)[N+]([O-])=O)C(=O)OC(C)(C)CN(C)CCC(C1=CC=CC=C1)C1=CC=CC=C1,COC(=O)C1=C(C)NC(C)=C(C(=O)OC(C)(C)CN(C)CCC(c2ccccc2)c2ccccc2)C1c1cccc([N+](=O)[O-])c1,True,611.7390000000005,True
ZEKZLJVOYLTDKK-UHFFFAOYSA-N,1594,lomefloxacin,CCN1C=C(C(O)=O)C(=O)C2=CC(F)=C(N3CCNC(C)C3)C(F)=C12,CCn1cc(C(=O)O)c(=O)c2cc(F)c(N3CCNC(C)C3)c(F)c21,True,351.353,True
ZEMIJUDPLILVNQ-ZXFNITATSA-N,2218,pivampicillin,CC(C)(C)C(=O)OCOC(=O)[C@@H]1N2[C@H](SC1(C)C)[C@H](NC(=O)[C@H](N)C1=CC=CC=C1)C2=O,CC(C)(C)C(=O)OCOC(=O)[C@@H]1N2C(=O)[C@@H](NC(=O)[C@H](N)c3ccccc3)[C@H]2SC1(C)C,True,463.55600000000015,False
ZEUITGRIYCTCEM-KRWDZBQOSA-N,972,duloxetine,CNCC[C@H](OC1=CC=CC2=C1C=CC=C2)C1=CC=CS1,CNCC[C@H](Oc1cccc2ccccc12)c1cccs1,True,297.423,True
ZEWQUBUPAILYHI-UHFFFAOYSA-N,2740,trifluoperazine,CN1CCN(CCCN2C3=CC=CC=C3SC3=C2C=C(C=C3)C(F)(F)F)CC1,CN1CCN(CCCN2c3ccccc3Sc3ccc(C(F)(F)F)cc32)CC1,True,407.50500000000017,True
ZFMITUMMTDLWHR-UHFFFAOYSA-N,1814,minoxidil,NC1=CC(=NC(N)=[N+]1[O-])N1CCCCC1,Nc1cc(N2CCCCC2)nc(N)[n+]1[O-],True,209.25299999999996,True
ZFXYFBGIUFBOJW-UHFFFAOYSA-N,2620,theophylline,CN1C2=C(N=CN2)C(=O)N(C)C1=O,Cn1c(=O)c2nc[nH]c2n(C)c1=O,True,180.16699999999997,True
ZGUGWUXLJSTTMA-UHFFFAOYSA-N,2284,promazine,CN(C)CCCN1C2=CC=CC=C2SC2=C1C=CC=C2,CN(C)CCCN1c2ccccc2Sc2ccccc21,True,284.428,True
ZGXJTSGNIOSYLO-UHFFFAOYSA-N,166,aminolevulinic acid,NCC(=O)CCC(O)=O,NCC(=O)CCC(=O)O,True,131.131,False
ZJAOAACCNHFJAH-UHFFFAOYSA-N,1241,foscarnet,OC(=O)P(O)(O)=O,O=C(O)P(=O)(O)O,True,126.00399999999998,False
ZJJXGWJIGJFDTL-UHFFFAOYSA-N,1301,glipizide,CC1=CN=C(C=N1)C(=O)NCCC1=CC=C(C=C1)S(=O)(=O)NC(=O)NC1CCCCC1,Cc1cnc(C(=O)NCCc2ccc(S(=O)(=O)NC(=O)NC3CCCCC3)cc2)cn1,True,445.54500000000024,True
ZJKNESGOIKRXQY-UHFFFAOYSA-N,1014,enoximone,CSC1=CC=C(C=C1)C(=O)C1=C(C)NC(=O)N1,CSc1ccc(C(=O)c2[nH]c(=O)[nH]c2C)cc1,True,248.30699999999996,True
ZJVFLBOZORBYFE-UHFFFAOYSA-N,1406,ibudilast,CC(C)C(=O)C1=C2C=CC=CN2N=C1C(C)C,CC(C)C(=O)c1c(C(C)C)nn2ccccc12,True,230.31099999999998,True
ZKFQEACEUNWPMT-UHFFFAOYSA-N,272,azelnidipine,CC(C)OC(=O)C1=C(C)NC(N)=C(C1C1=CC(=CC=C1)[N+]([O-])=O)C(=O)OC1CN(C1)C(C1=CC=CC=C1)C1=CC=CC=C1,CC1=C(C(=O)OC(C)C)C(c2cccc([N+](=O)[O-])c2)C(C(=O)OC2CN(C(c3ccccc3)c3ccccc3)C2)=C(N)N1,True,582.6570000000003,True
ZKLPARSLTMPFCP-UHFFFAOYSA-N,581,cetirizine,OC(=O)COCCN1CCN(CC1)C(C1=CC=CC=C1)C1=CC=C(Cl)C=C1,O=C(O)COCCN1CCN(C(c2ccccc2)c2ccc(Cl)cc2)CC1,True,388.8950000000001,True
ZKMNUMMKYBVTFN-HNNXBMFYSA-N,2403,ropivacaine,CCCN1CCCC[C@H]1C(=O)NC1=C(C)C=CC=C1C,CCCN1CCCC[C@H]1C(=O)Nc1c(C)cccc1C,True,274.408,True
ZLHZLMOSPGACSZ-NSHDSACASA-N,5344,pretomanid,FC(F)(F)OC1=CC=C(CO[C@@H]2COC3=NC(=CN3C2)N(=O)=O)C=C1,O=[N+]([O-])c1cn2c(n1)OC[C@@H](OCc1ccc(OC(F)(F)F)cc1)C2,True,359.26000000000005,False
ZLVMAMIPILWYHQ-INIZCTEOSA-N,938,docarpamine,CCOC(=O)OC1=C(OC(=O)OCC)C=C(CCNC(=O)[C@H](CCSC)NC(C)=O)C=C1,CCOC(=O)Oc1ccc(CCNC(=O)[C@H](CCSC)NC(C)=O)cc1OC(=O)OCC,True,470.54400000000015,False
ZNEWHQLOPFWXOF-UHFFFAOYSA-N,1711,mesna,OS(=O)(=O)CCS,O=S(=O)(O)CCS,True,142.201,False
ZNNLBTZKUZBEKO-UHFFFAOYSA-N,1314,glibenclamide,COC1=C(C=C(Cl)C=C1)C(=O)NCCC1=CC=C(C=C1)S(=O)(=O)NC(=O)NC1CCCCC1,COc1ccc(Cl)cc1C(=O)NCCc1ccc(S(=O)(=O)NC(=O)NC2CCCCC2)cc1,True,494.0130000000003,True
ZOWYFYXTIWQBEP-UHFFFAOYSA-N,1077,ethaverine,CCOC1=C(OCC)C=C(CC2=NC=CC3=CC(OCC)=C(OCC)C=C23)C=C1,CCOc1ccc(Cc2nccc3cc(OCC)c(OCC)cc23)cc1OCC,True,395.4990000000002,False
ZPAKPRAICRBAOD-UHFFFAOYSA-N,1145,fenbufen,OC(=O)CCC(=O)C1=CC=C(C=C1)C1=CC=CC=C1,O=C(O)CCC(=O)c1ccc(-c2ccccc2)cc1,True,254.28500000000003,True
ZPEIMTDSQAKGNT-UHFFFAOYSA-N,621,chlorpromazine,CN(C)CCCN1C2=CC=CC=C2SC2=C1C=C(Cl)C=C2,CN(C)CCCN1c2ccccc2Sc2ccc(Cl)cc21,True,318.87300000000005,True
ZPFXAOWNKLFJDN-UHFFFAOYSA-N,142,alverine,CCN(CCCC1=CC=CC=C1)CCCC1=CC=CC=C1,CCN(CCCc1ccccc1)CCCc1ccccc1,True,281.443,False
ZPLQIPFOCGIIHV-UHFFFAOYSA-N,1293,gimeracil,OC1=CC(=O)NC=C1Cl,O=c1cc(O)c(Cl)c[nH]1,True,145.545,True
ZPMNHBXQOOVQJL-UHFFFAOYSA-N,3502,prucalopride,COCCCN1CCC(CC1)NC(=O)C1=CC(Cl)=C(N)C2=C1OCC2,COCCCN1CCC(NC(=O)c2cc(Cl)c(N)c3c2OCC3)CC1,True,367.87700000000024,False
ZPXSCAKFGYXMGA-UHFFFAOYSA-N,1640,mazindol,OC1(N2CCN=C2C2=CC=CC=C12)C1=CC=C(Cl)C=C1,OC1(c2ccc(Cl)cc2)c2ccccc2C2=NCCN21,True,284.74600000000004,True
ZQDWXGKKHFNSQK-UHFFFAOYSA-N,1400,hydroxyzine,OCCOCCN1CCN(CC1)C(C1=CC=CC=C1)C1=CC=C(Cl)C=C1,OCCOCCN1CCN(C(c2ccccc2)c2ccc(Cl)cc2)CC1,True,374.91200000000003,True
ZQPPMHVWECSIRJ-KTKRTIGZSA-N,3400,oleic acid,CCCCCCCC\C=C/CCCCCCCC(O)=O,CCCCCCCC/C=C\CCCCCCCC(=O)O,True,282.4679999999999,False
ZQTNQVWKHCQYLQ-UHFFFAOYSA-N,4112,dronedarone,CCCCN(CCCC)CCCOC1=CC=C(C=C1)C(=O)C1=C(CCCC)OC2=C1C=C(NS(C)(=O)=O)C=C2,CCCCc1oc2ccc(NS(C)(=O)=O)cc2c1C(=O)c1ccc(OCCCN(CCCC)CCCC)cc1,True,556.7690000000003,False
ZRIHAIZYIMGOAB-UHFFFAOYSA-N,439,secbutabarbital,CCC(C)C1(CC)C(=O)NC(=O)NC1=O,CCC(C)C1(CC)C(=O)NC(=O)NC1=O,True,212.249,False
ZRVUJXDFFKFLMG-UHFFFAOYSA-N,1676,meloxicam,CN1C(C(=O)NC2=NC=C(C)S2)=C(O)C2=CC=CC=C2S1(=O)=O,Cc1cnc(NC(=O)C2=C(O)c3ccccc3S(=O)(=O)N2C)s1,True,351.40900000000005,True
ZRYHPQCHHOKSMD-UHFFFAOYSA-N,1371,hexocyclium,C[N+]1(C)CCN(CC(O)(C2CCCCC2)C2=CC=CC=C2)CC1,C[N+]1(C)CCN(CC(O)(c2ccccc2)C2CCCCC2)CC1,True,317.49700000000007,False
ZSBOMTDTBDDKMP-OAHLLOKOSA-N,4340,alogliptin,CN1C(=O)C=C(N2CCC[C@@H](N)C2)N(CC2=C(C=CC=C2)C#N)C1=O,Cn1c(=O)cc(N2CCC[C@@H](N)C2)n(Cc2ccccc2C#N)c1=O,True,339.39900000000006,True
ZSCDBOWYZJWBIY-UHFFFAOYSA-N,2758,trimipramine,CC(CN(C)C)CN1C2=CC=CC=C2CCC2=C1C=CC=C2,CC(CN(C)C)CN1c2ccccc2CCc2ccccc21,True,294.442,False
ZSKVGTPCRGIANV-ZXFLCMHBSA-N,1426,imipenem,C[C@@H](O)[C@@H]1[C@H]2CC(SCCNC=N)=C(N2C1=O)C(O)=O,C[C@@H](O)[C@H]1C(=O)N2C(C(=O)O)=C(SCCNC=N)C[C@H]12,True,299.35200000000003,False
ZULJGOSFKWFVRX-UHFFFAOYSA-N,2234,pramiracetam,CC(C)N(CCNC(=O)CN1CCCC1=O)C(C)C,CC(C)N(CCNC(=O)CN1CCCC1=O)C(C)C,True,269.38899999999995,False
ZVNYJIZDIRKMBF-UHFFFAOYSA-N,2817,vesnarinone,COC1=C(OC)C=C(C=C1)C(=O)N1CCN(CC1)C1=CC=C2NC(=O)CCC2=C1,COc1ccc(C(=O)N2CCN(c3ccc4c(c3)CCC(=O)N4)CC2)cc1OC,True,395.4590000000001,True
ZWAOHEXOSAUJHY-ZIYNGMLESA-N,958,doxifluridine,C[C@H]1O[C@H]([C@H](O)[C@@H]1O)N1C=C(F)C(=O)NC1=O,C[C@H]1O[C@@H](n2cc(F)c(=O)[nH]c2=O)[C@H](O)[C@@H]1O,True,246.19399999999996,False
ZXERDUOLZKYMJM-ZWECCWDJSA-N,5155,obeticholic acid,CC[C@H]1[C@@H](O)[C@H]2[C@@H]3CC[C@H]([C@H](C)CCC(O)=O)[C@@]3(C)CC[C@@H]2[C@@]2(C)CC[C@@H](O)C[C@@H]12,CC[C@H]1[C@@H](O)[C@@H]2[C@H](CC[C@]3(C)[C@@H]([C@H](C)CCC(=O)O)CC[C@@H]23)[C@@]2(C)CC[C@@H](O)C[C@@H]12,True,420.63400000000024,True
ZXIBCJHYVWYIKI-PZJWPPBQSA-N,2852,ximelagatran,CCOC(=O)CN[C@H](C1CCCCC1)C(=O)N1CC[C@H]1C(=O)NCC1=CC=C(C=C1)C(=N)NO,CCOC(=O)CN[C@@H](C(=O)N1CC[C@H]1C(=O)NCc1ccc(C(=N)NO)cc1)C1CCCCC1,True,473.57400000000007,False
ZXNRTKGTQJPIJK-UHFFFAOYSA-N,221,aniracetam,COC1=CC=C(C=C1)C(=O)N1CCCC1=O,COc1ccc(C(=O)N2CCCC2=O)cc1,True,219.23999999999992,True
ZXVNMYWKKDOREA-UHFFFAOYSA-N,2871,zomepirac,CN1C(CC(O)=O)=CC(C)=C1C(=O)C1=CC=C(Cl)C=C1,Cc1cc(CC(=O)O)n(C)c1C(=O)c1ccc(Cl)cc1,True,291.734,True
ZZHLYYDVIOPZBE-UHFFFAOYSA-N,2749,alimemazine,CC(CN(C)C)CN1C2=CC=CC=C2SC2=C1C=CC=C2,CC(CN(C)C)CN1c2ccccc2Sc2ccccc21,True,298.45500000000004,False
ZZORFUFYDOWNEF-UHFFFAOYSA-N,2501,sulfadimethoxine,COC1=CC(NS(=O)(=O)C2=CC=C(N)C=C2)=NC(OC)=N1,COc1cc(NS(=O)(=O)c2ccc(N)cc2)nc(OC)n1,True,310.3350000000001,False
ZZUFCTLCJUWOSV-UHFFFAOYSA-N,1258,furosemide,NS(=O)(=O)C1=CC(C(O)=O)=C(NCC2=CC=CO2)C=C1Cl,NS(=O)(=O)c1cc(C(=O)O)c(NCc2ccco2)cc1Cl,True,330.749,True
ZZVUWRFHKOJYTH-UHFFFAOYSA-N,916,diphenhydramine,CN(C)CCOC(C1=CC=CC=C1)C1=CC=CC=C1,CN(C)CCOC(c1ccccc1)c1ccccc1,True,255.36100000000002,True
