policy,method,fraction,stratum,queries,evaluable_queries,unavailable_queries,eligible_pairs,pairs,credit,macro_concordance,pooled_concordance
source_representative,target_prior,0.125,all_determinate,930,373,0,6496,6496,4069.0,0.6148104689909354,0.6263854679802956
source_representative,target_prior,0.125,both_exact,930,261,0,2235,2235,1383.0,0.6014363669536084,0.6187919463087248
source_representative,target_prior,0.125,one_bounded,930,340,0,4261,4261,2686.0,0.6231080846599234,0.6303684581084252
source_representative,target_prior,0.125,both_bounded,930,0,0,0,0,0.0,,
source_representative,chemistry,0.125,all_determinate,930,373,0,6496,6496,4219.0,0.6351065021307706,0.6494766009852216
source_representative,chemistry,0.125,both_exact,930,261,0,2235,2235,1388.0,0.6067765780409459,0.6210290827740492
source_representative,chemistry,0.125,one_bounded,930,340,0,4261,4261,2831.0,0.6585396742273963,0.6643980286317765
source_representative,chemistry,0.125,both_bounded,930,0,0,0,0,0.0,,
source_representative,availability__boltz_affinity,0.125,all_determinate,930,373,0,6496,6496,4219.0,0.6351065021307706,0.6494766009852216
source_representative,availability__boltz_affinity,0.125,both_exact,930,261,0,2235,2235,1388.0,0.6067765780409459,0.6210290827740492
source_representative,availability__boltz_affinity,0.125,one_bounded,930,340,0,4261,4261,2831.0,0.6585396742273963,0.6643980286317765
source_representative,availability__boltz_affinity,0.125,both_bounded,930,0,0,0,0,0.0,,
source_representative,plus__boltz_affinity,0.125,all_determinate,930,373,0,6496,6496,4455.0,0.6481177511264291,0.6858066502463054
source_representative,plus__boltz_affinity,0.125,both_exact,930,261,0,2235,2235,1464.0,0.603442747120908,0.6550335570469799
source_representative,plus__boltz_affinity,0.125,one_bounded,930,340,0,4261,4261,2991.0,0.6721513288564401,0.7019478995540953
source_representative,plus__boltz_affinity,0.125,both_bounded,930,0,0,0,0,0.0,,
source_representative,mean__boltz_affinity,0.125,all_determinate,930,373,0,6496,6496,4169.0,0.6166489545667134,0.6417795566502463
source_representative,mean__boltz_affinity,0.125,both_exact,930,261,0,2235,2235,1372.0,0.5953697714234113,0.6138702460850112
source_representative,mean__boltz_affinity,0.125,one_bounded,930,340,0,4261,4261,2797.0,0.6425079531661271,0.6564186810607838
source_representative,mean__boltz_affinity,0.125,both_bounded,930,0,0,0,0,0.0,,
source_representative,mean_relative__boltz_affinity,0.125,all_determinate,930,373,0,6496,6496,4356.0,0.6302553250856249,0.6705665024630542
source_representative,mean_relative__boltz_affinity,0.125,both_exact,930,261,0,2235,2235,1420.0,0.6083489520271129,0.6353467561521253
source_representative,mean_relative__boltz_affinity,0.125,one_bounded,930,340,0,4261,4261,2936.0,0.6527605774535098,0.6890401314245482
source_representative,mean_relative__boltz_affinity,0.125,both_bounded,930,0,0,0,0,0.0,,
source_representative,availability__boltz_binary,0.125,all_determinate,930,373,0,6496,6496,4219.0,0.6351065021307706,0.6494766009852216
source_representative,availability__boltz_binary,0.125,both_exact,930,261,0,2235,2235,1388.0,0.6067765780409459,0.6210290827740492
source_representative,availability__boltz_binary,0.125,one_bounded,930,340,0,4261,4261,2831.0,0.6585396742273963,0.6643980286317765
source_representative,availability__boltz_binary,0.125,both_bounded,930,0,0,0,0,0.0,,
source_representative,plus__boltz_binary,0.125,all_determinate,930,373,0,6496,6496,4340.0,0.6571424485204345,0.6681034482758621
source_representative,plus__boltz_binary,0.125,both_exact,930,261,0,2235,2235,1411.0,0.5964049360601085,0.6313199105145414
source_representative,plus__boltz_binary,0.125,one_bounded,930,340,0,4261,4261,2929.0,0.6811814280312771,0.6873973245716968
source_representative,plus__boltz_binary,0.125,both_bounded,930,0,0,0,0,0.0,,
source_representative,mean__boltz_binary,0.125,all_determinate,930,373,0,6496,6496,4138.0,0.6262753955741734,0.6370073891625616
source_representative,mean__boltz_binary,0.125,both_exact,930,261,0,2235,2235,1361.0,0.6045446252342804,0.6089485458612975
source_representative,mean__boltz_binary,0.125,one_bounded,930,340,0,4261,4261,2777.0,0.6456233886890456,0.651724947195494
source_representative,mean__boltz_binary,0.125,both_bounded,930,0,0,0,0,0.0,,
source_representative,mean_relative__boltz_binary,0.125,all_determinate,930,373,0,6496,6496,4353.0,0.6630789260273692,0.6701046798029556
source_representative,mean_relative__boltz_binary,0.125,both_exact,930,261,0,2235,2235,1387.0,0.597101649592071,0.6205816554809843
source_representative,mean_relative__boltz_binary,0.125,one_bounded,930,340,0,4261,4261,2966.0,0.6880529723960813,0.696080732222483
source_representative,mean_relative__boltz_binary,0.125,both_bounded,930,0,0,0,0,0.0,,
source_representative,availability__boltzina_vina_far_affinity,0.125,all_determinate,930,373,0,6496,6496,4227.0,0.6368181580649467,0.6507081280788177
source_representative,availability__boltzina_vina_far_affinity,0.125,both_exact,930,261,0,2235,2235,1393.0,0.6101883642113527,0.6232662192393736
source_representative,availability__boltzina_vina_far_affinity,0.125,one_bounded,930,340,0,4261,4261,2834.0,0.6599575080275831,0.6651020887115701
source_representative,availability__boltzina_vina_far_affinity,0.125,both_bounded,930,0,0,0,0,0.0,,
source_representative,plus__boltzina_vina_far_affinity,0.125,all_determinate,930,373,0,6496,6496,4400.0,0.6435249998186938,0.6773399014778325
source_representative,plus__boltzina_vina_far_affinity,0.125,both_exact,930,261,0,2235,2235,1465.0,0.630630239634071,0.6554809843400448
source_representative,plus__boltzina_vina_far_affinity,0.125,one_bounded,930,340,0,4261,4261,2935.0,0.6594708827993788,0.6888054447312837
source_representative,plus__boltzina_vina_far_affinity,0.125,both_bounded,930,0,0,0,0,0.0,,
source_representative,mean__boltzina_vina_far_affinity,0.125,all_determinate,930,373,0,6496,6496,4142.0,0.6179305568880088,0.6376231527093597
source_representative,mean__boltzina_vina_far_affinity,0.125,both_exact,930,261,0,2235,2235,1368.0,0.5912221098044853,0.6120805369127517
source_representative,mean__boltzina_vina_far_affinity,0.125,one_bounded,930,340,0,4261,4261,2774.0,0.641450875470254,0.6510208871157005
source_representative,mean__boltzina_vina_far_affinity,0.125,both_bounded,930,0,0,0,0,0.0,,
source_representative,mean_relative__boltzina_vina_far_affinity,0.125,all_determinate,930,373,0,6496,6496,4356.0,0.6360055981213936,0.6705665024630542
source_representative,mean_relative__boltzina_vina_far_affinity,0.125,both_exact,930,261,0,2235,2235,1438.0,0.6218465442603374,0.6434004474272931
source_representative,mean_relative__boltzina_vina_far_affinity,0.125,one_bounded,930,340,0,4261,4261,2918.0,0.6518176721779237,0.6848157709457874
source_representative,mean_relative__boltzina_vina_far_affinity,0.125,both_bounded,930,0,0,0,0,0.0,,
source_representative,availability__boltzina_vina_far_binary,0.125,all_determinate,930,373,0,6496,6496,4227.0,0.6368181580649467,0.6507081280788177
source_representative,availability__boltzina_vina_far_binary,0.125,both_exact,930,261,0,2235,2235,1393.0,0.6101883642113527,0.6232662192393736
source_representative,availability__boltzina_vina_far_binary,0.125,one_bounded,930,340,0,4261,4261,2834.0,0.6599575080275831,0.6651020887115701
source_representative,availability__boltzina_vina_far_binary,0.125,both_bounded,930,0,0,0,0,0.0,,
source_representative,plus__boltzina_vina_far_binary,0.125,all_determinate,930,373,0,6496,6496,4389.0,0.6617139382017763,0.6756465517241379
source_representative,plus__boltzina_vina_far_binary,0.125,both_exact,930,261,0,2235,2235,1427.0,0.6084614619097379,0.6384787472035794
source_representative,plus__boltzina_vina_far_binary,0.125,one_bounded,930,340,0,4261,4261,2962.0,0.6886054365480521,0.6951419854494251
source_representative,plus__boltzina_vina_far_binary,0.125,both_bounded,930,0,0,0,0,0.0,,
source_representative,mean__boltzina_vina_far_binary,0.125,all_determinate,930,373,0,6496,6496,4146.0,0.6306826720245751,0.6382389162561576
source_representative,mean__boltzina_vina_far_binary,0.125,both_exact,930,261,0,2235,2235,1367.0,0.6099945818336623,0.6116331096196868
source_representative,mean__boltzina_vina_far_binary,0.125,one_bounded,930,340,0,4261,4261,2779.0,0.6482337965914085,0.652194320582023
source_representative,mean__boltzina_vina_far_binary,0.125,both_bounded,930,0,0,0,0,0.0,,
source_representative,mean_relative__boltzina_vina_far_binary,0.125,all_determinate,930,373,0,6496,6496,4332.0,0.6554642519458962,0.666871921182266
source_representative,mean_relative__boltzina_vina_far_binary,0.125,both_exact,930,261,0,2235,2235,1390.0,0.6063210097692856,0.6219239373601789
source_representative,mean_relative__boltzina_vina_far_binary,0.125,one_bounded,930,340,0,4261,4261,2942.0,0.680007263257586,0.6904482515841351
source_representative,mean_relative__boltzina_vina_far_binary,0.125,both_bounded,930,0,0,0,0,0.0,,
source_representative,availability__boltzina_vina_zero_affinity,0.125,all_determinate,930,373,0,6496,6496,4227.0,0.6368181580649467,0.6507081280788177
source_representative,availability__boltzina_vina_zero_affinity,0.125,both_exact,930,261,0,2235,2235,1393.0,0.6101883642113527,0.6232662192393736
source_representative,availability__boltzina_vina_zero_affinity,0.125,one_bounded,930,340,0,4261,4261,2834.0,0.6599575080275831,0.6651020887115701
source_representative,availability__boltzina_vina_zero_affinity,0.125,both_bounded,930,0,0,0,0,0.0,,
source_representative,plus__boltzina_vina_zero_affinity,0.125,all_determinate,930,373,0,6496,6496,4400.0,0.6435249998186938,0.6773399014778325
source_representative,plus__boltzina_vina_zero_affinity,0.125,both_exact,930,261,0,2235,2235,1465.0,0.630630239634071,0.6554809843400448
source_representative,plus__boltzina_vina_zero_affinity,0.125,one_bounded,930,340,0,4261,4261,2935.0,0.6594708827993788,0.6888054447312837
source_representative,plus__boltzina_vina_zero_affinity,0.125,both_bounded,930,0,0,0,0,0.0,,
source_representative,mean__boltzina_vina_zero_affinity,0.125,all_determinate,930,373,0,6496,6496,4143.0,0.618026305643275,0.6377770935960592
source_representative,mean__boltzina_vina_zero_affinity,0.125,both_exact,930,261,0,2235,2235,1368.0,0.5912221098044853,0.6120805369127517
source_representative,mean__boltzina_vina_zero_affinity,0.125,one_bounded,930,340,0,4261,4261,2775.0,0.6415845653098261,0.651255573808965
source_representative,mean__boltzina_vina_zero_affinity,0.125,both_bounded,930,0,0,0,0,0.0,,
source_representative,mean_relative__boltzina_vina_zero_affinity,0.125,all_determinate,930,373,0,6496,6496,4356.0,0.6360055981213936,0.6705665024630542
source_representative,mean_relative__boltzina_vina_zero_affinity,0.125,both_exact,930,261,0,2235,2235,1438.0,0.6218465442603374,0.6434004474272931
source_representative,mean_relative__boltzina_vina_zero_affinity,0.125,one_bounded,930,340,0,4261,4261,2918.0,0.6518176721779237,0.6848157709457874
source_representative,mean_relative__boltzina_vina_zero_affinity,0.125,both_bounded,930,0,0,0,0,0.0,,
source_representative,availability__boltzina_vina_zero_binary,0.125,all_determinate,930,373,0,6496,6496,4227.0,0.6368181580649467,0.6507081280788177
source_representative,availability__boltzina_vina_zero_binary,0.125,both_exact,930,261,0,2235,2235,1393.0,0.6101883642113527,0.6232662192393736
source_representative,availability__boltzina_vina_zero_binary,0.125,one_bounded,930,340,0,4261,4261,2834.0,0.6599575080275831,0.6651020887115701
source_representative,availability__boltzina_vina_zero_binary,0.125,both_bounded,930,0,0,0,0,0.0,,
source_representative,plus__boltzina_vina_zero_binary,0.125,all_determinate,930,373,0,6496,6496,4389.0,0.6617139382017763,0.6756465517241379
source_representative,plus__boltzina_vina_zero_binary,0.125,both_exact,930,261,0,2235,2235,1427.0,0.6084614619097379,0.6384787472035794
source_representative,plus__boltzina_vina_zero_binary,0.125,one_bounded,930,340,0,4261,4261,2962.0,0.6886054365480521,0.6951419854494251
source_representative,plus__boltzina_vina_zero_binary,0.125,both_bounded,930,0,0,0,0,0.0,,
source_representative,mean__boltzina_vina_zero_binary,0.125,all_determinate,930,373,0,6496,6496,4146.0,0.6306826720245751,0.6382389162561576
source_representative,mean__boltzina_vina_zero_binary,0.125,both_exact,930,261,0,2235,2235,1367.0,0.6099945818336623,0.6116331096196868
source_representative,mean__boltzina_vina_zero_binary,0.125,one_bounded,930,340,0,4261,4261,2779.0,0.6482337965914085,0.652194320582023
source_representative,mean__boltzina_vina_zero_binary,0.125,both_bounded,930,0,0,0,0,0.0,,
source_representative,mean_relative__boltzina_vina_zero_binary,0.125,all_determinate,930,373,0,6496,6496,4332.0,0.6554642519458962,0.666871921182266
source_representative,mean_relative__boltzina_vina_zero_binary,0.125,both_exact,930,261,0,2235,2235,1390.0,0.6063210097692856,0.6219239373601789
source_representative,mean_relative__boltzina_vina_zero_binary,0.125,one_bounded,930,340,0,4261,4261,2942.0,0.680007263257586,0.6904482515841351
source_representative,mean_relative__boltzina_vina_zero_binary,0.125,both_bounded,930,0,0,0,0,0.0,,
source_representative,availability__gnina,0.125,all_determinate,930,373,0,6496,6496,4217.0,0.6350681931929653,0.6491687192118226
source_representative,availability__gnina,0.125,both_exact,930,261,0,2235,2235,1387.0,0.6054994388327721,0.6205816554809843
source_representative,availability__gnina,0.125,one_bounded,930,340,0,4261,4261,2830.0,0.6585355892600762,0.6641633419385121
source_representative,availability__gnina,0.125,both_bounded,930,0,0,0,0,0.0,,
source_representative,plus__gnina,0.125,all_determinate,930,373,0,6496,6496,4193.0,0.6313038450002411,0.6454741379310345
source_representative,plus__gnina,0.125,both_exact,930,261,0,2235,2235,1370.0,0.6005285476549844,0.6129753914988815
source_representative,plus__gnina,0.125,one_bounded,930,340,0,4261,4261,2823.0,0.651328234427948,0.6625205350856607
source_representative,plus__gnina,0.125,both_bounded,930,0,0,0,0,0.0,,
source_representative,mean__gnina,0.125,all_determinate,930,373,0,6496,6496,4146.0,0.6243652434227135,0.6382389162561576
source_representative,mean__gnina,0.125,both_exact,930,261,0,2235,2235,1382.0,0.606186108484959,0.61834451901566
source_representative,mean__gnina,0.125,one_bounded,930,340,0,4261,4261,2764.0,0.643015912481544,0.6486740201830556
source_representative,mean__gnina,0.125,both_bounded,930,0,0,0,0,0.0,,
source_representative,mean_relative__gnina,0.125,all_determinate,930,373,0,6496,6496,4201.0,0.6302885232550053,0.6467056650246306
source_representative,mean_relative__gnina,0.125,both_exact,930,261,0,2235,2235,1381.0,0.6028913473357916,0.6178970917225951
source_representative,mean_relative__gnina,0.125,one_bounded,930,340,0,4261,4261,2820.0,0.655109618560269,0.6618164750058672
source_representative,mean_relative__gnina,0.125,both_bounded,930,0,0,0,0,0.0,,
source_representative,availability__nesso_affinity,0.125,all_determinate,930,373,0,6496,6496,4217.0,0.6350681931929653,0.6491687192118226
source_representative,availability__nesso_affinity,0.125,both_exact,930,261,0,2235,2235,1387.0,0.6054994388327721,0.6205816554809843
source_representative,availability__nesso_affinity,0.125,one_bounded,930,340,0,4261,4261,2830.0,0.6585355892600762,0.6641633419385121
source_representative,availability__nesso_affinity,0.125,both_bounded,930,0,0,0,0,0.0,,
source_representative,plus__nesso_affinity,0.125,all_determinate,930,373,0,6496,6496,4466.0,0.6660907897169858,0.6875
source_representative,plus__nesso_affinity,0.125,both_exact,930,261,0,2235,2235,1475.0,0.6072687281499543,0.6599552572706935
source_representative,plus__nesso_affinity,0.125,one_bounded,930,340,0,4261,4261,2991.0,0.6911368602536007,0.7019478995540953
source_representative,plus__nesso_affinity,0.125,both_bounded,930,0,0,0,0,0.0,,
source_representative,mean__nesso_affinity,0.125,all_determinate,930,373,0,6496,6496,4198.0,0.6183406457795931,0.646243842364532
source_representative,mean__nesso_affinity,0.125,both_exact,930,261,0,2235,2235,1376.0,0.5923810260975012,0.6156599552572707
source_representative,mean__nesso_affinity,0.125,one_bounded,930,340,0,4261,4261,2822.0,0.6433596445268797,0.6622858483923961
source_representative,mean__nesso_affinity,0.125,both_bounded,930,0,0,0,0,0.0,,
source_representative,mean_relative__nesso_affinity,0.125,all_determinate,930,373,0,6496,6496,4484.0,0.6714960514687163,0.6902709359605911
source_representative,mean_relative__nesso_affinity,0.125,both_exact,930,261,0,2235,2235,1467.0,0.6257091992724177,0.6563758389261745
source_representative,mean_relative__nesso_affinity,0.125,one_bounded,930,340,0,4261,4261,3017.0,0.6973331896228494,0.708049753578972
source_representative,mean_relative__nesso_affinity,0.125,both_bounded,930,0,0,0,0,0.0,,
source_representative,availability__nesso_binary,0.125,all_determinate,930,373,0,6496,6496,4217.0,0.6350681931929653,0.6491687192118226
source_representative,availability__nesso_binary,0.125,both_exact,930,261,0,2235,2235,1387.0,0.6054994388327721,0.6205816554809843
source_representative,availability__nesso_binary,0.125,one_bounded,930,340,0,4261,4261,2830.0,0.6585355892600762,0.6641633419385121
source_representative,availability__nesso_binary,0.125,both_bounded,930,0,0,0,0,0.0,,
source_representative,plus__nesso_binary,0.125,all_determinate,930,373,0,6496,6496,4365.0,0.652948117624183,0.6719519704433498
source_representative,plus__nesso_binary,0.125,both_exact,930,261,0,2235,2235,1422.0,0.613848206568513,0.636241610738255
source_representative,plus__nesso_binary,0.125,one_bounded,930,340,0,4261,4261,2943.0,0.6809884011609859,0.6906829382773997
source_representative,plus__nesso_binary,0.125,both_bounded,930,0,0,0,0,0.0,,
source_representative,mean__nesso_binary,0.125,all_determinate,930,373,0,6496,6496,4173.0,0.6234452323383068,0.6423953201970444
source_representative,mean__nesso_binary,0.125,both_exact,930,261,0,2235,2235,1350.0,0.5785307923238957,0.6040268456375839
source_representative,mean__nesso_binary,0.125,one_bounded,930,340,0,4261,4261,2823.0,0.6513114734548028,0.6625205350856607
source_representative,mean__nesso_binary,0.125,both_bounded,930,0,0,0,0,0.0,,
source_representative,mean_relative__nesso_binary,0.125,all_determinate,930,373,0,6496,6496,4463.0,0.6650975149906666,0.6870381773399015
source_representative,mean_relative__nesso_binary,0.125,both_exact,930,261,0,2235,2235,1426.0,0.6175977988238526,0.6380313199105145
source_representative,mean_relative__nesso_binary,0.125,one_bounded,930,340,0,4261,4261,3037.0,0.6941233880605154,0.7127434874442619
source_representative,mean_relative__nesso_binary,0.125,both_bounded,930,0,0,0,0,0.0,,
source_representative,availability__raw_ad4,0.125,all_determinate,930,373,0,6496,6496,4217.0,0.6350681931929653,0.6491687192118226
source_representative,availability__raw_ad4,0.125,both_exact,930,261,0,2235,2235,1387.0,0.6054994388327721,0.6205816554809843
source_representative,availability__raw_ad4,0.125,one_bounded,930,340,0,4261,4261,2830.0,0.6585355892600762,0.6641633419385121
source_representative,availability__raw_ad4,0.125,both_bounded,930,0,0,0,0,0.0,,
source_representative,plus__raw_ad4,0.125,all_determinate,930,373,0,6496,6496,4258.0,0.6426183374723158,0.6554802955665024
source_representative,plus__raw_ad4,0.125,both_exact,930,261,0,2235,2235,1389.0,0.6068311282870669,0.6214765100671141
source_representative,plus__raw_ad4,0.125,one_bounded,930,340,0,4261,4261,2869.0,0.6667317499851686,0.6733161229758273
source_representative,plus__raw_ad4,0.125,both_bounded,930,0,0,0,0,0.0,,
source_representative,mean__raw_ad4,0.125,all_determinate,930,373,0,6496,6496,4126.0,0.619918149138878,0.6351600985221675
source_representative,mean__raw_ad4,0.125,both_exact,930,261,0,2235,2235,1387.0,0.6077020893112848,0.6205816554809843
source_representative,mean__raw_ad4,0.125,one_bounded,930,340,0,4261,4261,2739.0,0.6376766755685955,0.6428068528514433
source_representative,mean__raw_ad4,0.125,both_bounded,930,0,0,0,0,0.0,,
source_representative,mean_relative__raw_ad4,0.125,all_determinate,930,373,0,6496,6496,4167.0,0.6253997069180124,0.6414716748768473
source_representative,mean_relative__raw_ad4,0.125,both_exact,930,261,0,2235,2235,1409.0,0.6223029418431717,0.6304250559284116
source_representative,mean_relative__raw_ad4,0.125,one_bounded,930,340,0,4261,4261,2758.0,0.640530257051913,0.6472659000234686
source_representative,mean_relative__raw_ad4,0.125,both_bounded,930,0,0,0,0,0.0,,
source_representative,availability__raw_gnina_own,0.125,all_determinate,930,373,0,6496,6496,4217.0,0.6350681931929653,0.6491687192118226
source_representative,availability__raw_gnina_own,0.125,both_exact,930,261,0,2235,2235,1387.0,0.6054994388327721,0.6205816554809843
source_representative,availability__raw_gnina_own,0.125,one_bounded,930,340,0,4261,4261,2830.0,0.6585355892600762,0.6641633419385121
source_representative,availability__raw_gnina_own,0.125,both_bounded,930,0,0,0,0,0.0,,
source_representative,plus__raw_gnina_own,0.125,all_determinate,930,373,0,6496,6496,4285.0,0.6501879925312944,0.6596366995073891
source_representative,plus__raw_gnina_own,0.125,both_exact,930,261,0,2235,2235,1388.0,0.6077739629463766,0.6210290827740492
source_representative,plus__raw_gnina_own,0.125,one_bounded,930,340,0,4261,4261,2897.0,0.6725013283997807,0.679887350387233
source_representative,plus__raw_gnina_own,0.125,both_bounded,930,0,0,0,0,0.0,,
source_representative,mean__raw_gnina_own,0.125,all_determinate,930,373,0,6496,6496,4188.0,0.631007593715491,0.6447044334975369
source_representative,mean__raw_gnina_own,0.125,both_exact,930,261,0,2235,2235,1395.0,0.6069027254851009,0.6241610738255033
source_representative,mean__raw_gnina_own,0.125,one_bounded,930,340,0,4261,4261,2793.0,0.6503495509685026,0.6554799342877259
source_representative,mean__raw_gnina_own,0.125,both_bounded,930,0,0,0,0,0.0,,
source_representative,mean_relative__raw_gnina_own,0.125,all_determinate,930,373,0,6496,6496,4237.0,0.6313982581255749,0.6522475369458128
source_representative,mean_relative__raw_gnina_own,0.125,both_exact,930,261,0,2235,2235,1361.0,0.5882760279312004,0.6089485458612975
source_representative,mean_relative__raw_gnina_own,0.125,one_bounded,930,340,0,4261,4261,2876.0,0.6572582126479918,0.6749589298286787
source_representative,mean_relative__raw_gnina_own,0.125,both_bounded,930,0,0,0,0,0.0,,
source_representative,availability__vina,0.125,all_determinate,930,373,0,6496,6496,4217.0,0.6350681931929653,0.6491687192118226
source_representative,availability__vina,0.125,both_exact,930,261,0,2235,2235,1387.0,0.6054994388327721,0.6205816554809843
source_representative,availability__vina,0.125,one_bounded,930,340,0,4261,4261,2830.0,0.6585355892600762,0.6641633419385121
source_representative,availability__vina,0.125,both_bounded,930,0,0,0,0,0.0,,
source_representative,plus__vina,0.125,all_determinate,930,373,0,6496,6496,4144.0,0.6310353324931606,0.6379310344827587
source_representative,plus__vina,0.125,both_exact,930,261,0,2235,2235,1370.0,0.6126720590322122,0.6129753914988815
source_representative,plus__vina,0.125,one_bounded,930,340,0,4261,4261,2774.0,0.6511083214447208,0.6510208871157005
source_representative,plus__vina,0.125,both_bounded,930,0,0,0,0,0.0,,
source_representative,mean__vina,0.125,all_determinate,930,373,0,6496,6496,4232.0,0.6427855567149644,0.6514778325123153
source_representative,mean__vina,0.125,both_exact,930,261,0,2235,2235,1369.0,0.6002471347298933,0.6125279642058166
source_representative,mean__vina,0.125,one_bounded,930,340,0,4261,4261,2863.0,0.667484186763263,0.6719080028162403
source_representative,mean__vina,0.125,both_bounded,930,0,0,0,0,0.0,,
source_representative,mean_relative__vina,0.125,all_determinate,930,373,0,6496,6496,4229.0,0.6432908474640308,0.6510160098522167
source_representative,mean_relative__vina,0.125,both_exact,930,261,0,2235,2235,1385.0,0.6152766489931241,0.6196868008948546
source_representative,mean_relative__vina,0.125,one_bounded,930,340,0,4261,4261,2844.0,0.6673825760303672,0.667448955644215
source_representative,mean_relative__vina,0.125,both_bounded,930,0,0,0,0,0.0,,
source_representative,native__boltz_affinity,0.125,all_determinate,930,373,0,6496,6496,3863.0,0.5620658891389907,0.5946736453201971
source_representative,native__boltz_affinity,0.125,both_exact,930,261,0,2235,2235,1349.0,0.5827234210375972,0.603579418344519
source_representative,native__boltz_affinity,0.125,one_bounded,930,340,0,4261,4261,2514.0,0.5584008730119223,0.5900023468669326
source_representative,native__boltz_affinity,0.125,both_bounded,930,0,0,0,0,0.0,,
source_representative,native__boltz_binary,0.125,all_determinate,930,373,0,6496,6496,4428.0,0.6588247248321865,0.6816502463054187
source_representative,native__boltz_binary,0.125,both_exact,930,261,0,2235,2235,1467.0,0.6193682860349526,0.6563758389261745
source_representative,native__boltz_binary,0.125,one_bounded,930,340,0,4261,4261,2961.0,0.669977022623152,0.6949072987561605
source_representative,native__boltz_binary,0.125,both_bounded,930,0,0,0,0,0.0,,
source_representative,native__boltzina_vina_far_affinity,0.125,all_determinate,930,373,0,6496,6496,3812.0,0.5633429089572257,0.5868226600985221
source_representative,native__boltzina_vina_far_affinity,0.125,both_exact,930,261,0,2235,2235,1355.0,0.5747355879539788,0.6062639821029083
source_representative,native__boltzina_vina_far_affinity,0.125,one_bounded,930,340,0,4261,4261,2457.0,0.5609944838593803,0.5766252053508566
source_representative,native__boltzina_vina_far_affinity,0.125,both_bounded,930,0,0,0,0,0.0,,
source_representative,native__boltzina_vina_far_binary,0.125,all_determinate,930,373,0,6496,6496,4495.0,0.6701386313571764,0.6919642857142857
source_representative,native__boltzina_vina_far_binary,0.125,both_exact,930,261,0,2235,2235,1503.0,0.6373898628687901,0.6724832214765101
source_representative,native__boltzina_vina_far_binary,0.125,one_bounded,930,340,0,4261,4261,2992.0,0.6848865517360594,0.7021825862473597
source_representative,native__boltzina_vina_far_binary,0.125,both_bounded,930,0,0,0,0,0.0,,
source_representative,native__boltzina_vina_zero_affinity,0.125,all_determinate,930,373,0,6496,6496,3812.0,0.5633429089572257,0.5868226600985221
source_representative,native__boltzina_vina_zero_affinity,0.125,both_exact,930,261,0,2235,2235,1355.0,0.5747355879539788,0.6062639821029083
source_representative,native__boltzina_vina_zero_affinity,0.125,one_bounded,930,340,0,4261,4261,2457.0,0.5609944838593803,0.5766252053508566
source_representative,native__boltzina_vina_zero_affinity,0.125,both_bounded,930,0,0,0,0,0.0,,
source_representative,native__boltzina_vina_zero_binary,0.125,all_determinate,930,373,0,6496,6496,4495.0,0.6701386313571764,0.6919642857142857
source_representative,native__boltzina_vina_zero_binary,0.125,both_exact,930,261,0,2235,2235,1503.0,0.6373898628687901,0.6724832214765101
source_representative,native__boltzina_vina_zero_binary,0.125,one_bounded,930,340,0,4261,4261,2992.0,0.6848865517360594,0.7021825862473597
source_representative,native__boltzina_vina_zero_binary,0.125,both_bounded,930,0,0,0,0,0.0,,
source_representative,native__gnina,0.125,all_determinate,930,373,0,6496,6496,3918.0,0.6129066023803486,0.6031403940886699
source_representative,native__gnina,0.125,both_exact,930,261,0,2235,2235,1317.0,0.5876546895703983,0.5892617449664429
source_representative,native__gnina,0.125,one_bounded,930,340,0,4261,4261,2601.0,0.6096930109173158,0.6104200891809435
source_representative,native__gnina,0.125,both_bounded,930,0,0,0,0,0.0,,
source_representative,native__nesso_affinity,0.125,all_determinate,930,373,0,6496,6496,3788.0,0.55521162589458,0.583128078817734
source_representative,native__nesso_affinity,0.125,both_exact,930,261,0,2235,2235,1283.0,0.5424660765656935,0.5740492170022371
source_representative,native__nesso_affinity,0.125,one_bounded,930,340,0,4261,4261,2505.0,0.5676277551262378,0.5878901666275522
source_representative,native__nesso_affinity,0.125,both_bounded,930,0,0,0,0,0.0,,
source_representative,native__nesso_binary,0.125,all_determinate,930,373,0,6496,6496,4183.0,0.6190976568175237,0.6439347290640394
source_representative,native__nesso_binary,0.125,both_exact,930,261,0,2235,2235,1338.0,0.5881406659184437,0.5986577181208054
source_representative,native__nesso_binary,0.125,one_bounded,930,340,0,4261,4261,2845.0,0.6501608491366812,0.6676836423374795
source_representative,native__nesso_binary,0.125,both_bounded,930,0,0,0,0,0.0,,
source_representative,native__raw_ad4,0.125,all_determinate,930,373,0,6496,6496,3602.0,0.5432162975080075,0.5544950738916257
source_representative,native__raw_ad4,0.125,both_exact,930,261,0,2235,2235,1179.5,0.5072764683875794,0.5277404921700224
source_representative,native__raw_ad4,0.125,one_bounded,930,340,0,4261,4261,2422.5,0.5596458954862389,0.5685285144332316
source_representative,native__raw_ad4,0.125,both_bounded,930,0,0,0,0,0.0,,
source_representative,native__raw_gnina_own,0.125,all_determinate,930,373,0,6496,6496,3885.0,0.62776057059596,0.5980603448275862
source_representative,native__raw_gnina_own,0.125,both_exact,930,261,0,2235,2235,1339.0,0.6045267489711934,0.5991051454138703
source_representative,native__raw_gnina_own,0.125,one_bounded,930,340,0,4261,4261,2546.0,0.620668381156207,0.5975123210513964
source_representative,native__raw_gnina_own,0.125,both_bounded,930,0,0,0,0,0.0,,
source_representative,native__vina,0.125,all_determinate,930,373,0,6496,6496,3903.5,0.5804399141812819,0.6009082512315271
source_representative,native__vina,0.125,both_exact,930,261,0,2235,2235,1163.0,0.4954656490097103,0.5203579418344519
source_representative,native__vina,0.125,one_bounded,930,340,0,4261,4261,2740.5,0.6211274507583027,0.64315888289134
source_representative,native__vina,0.125,both_bounded,930,0,0,0,0,0.0,,
source_representative,target_prior,0.25,all_determinate,930,373,0,6496,6496,4085.0,0.6044918392032099,0.6288485221674877
source_representative,target_prior,0.25,both_exact,930,261,0,2235,2235,1370.0,0.6002839930042996,0.6129753914988815
source_representative,target_prior,0.25,one_bounded,930,340,0,4261,4261,2715.0,0.6171154707031369,0.6371743722130955
source_representative,target_prior,0.25,both_bounded,930,0,0,0,0,0.0,,
source_representative,chemistry,0.25,all_determinate,930,373,0,6496,6496,4371.0,0.6581115196897699,0.6728756157635468
source_representative,chemistry,0.25,both_exact,930,261,0,2235,2235,1432.0,0.6294895681868862,0.6407158836689038
source_representative,chemistry,0.25,one_bounded,930,340,0,4261,4261,2939.0,0.6770982858357,0.6897441915043417
source_representative,chemistry,0.25,both_bounded,930,0,0,0,0,0.0,,
source_representative,availability__boltz_affinity,0.25,all_determinate,930,373,0,6496,6496,4371.0,0.6581115196897699,0.6728756157635468
source_representative,availability__boltz_affinity,0.25,both_exact,930,261,0,2235,2235,1432.0,0.6294895681868862,0.6407158836689038
source_representative,availability__boltz_affinity,0.25,one_bounded,930,340,0,4261,4261,2939.0,0.6770982858357,0.6897441915043417
source_representative,availability__boltz_affinity,0.25,both_bounded,930,0,0,0,0,0.0,,
source_representative,plus__boltz_affinity,0.25,all_determinate,930,373,0,6496,6496,4471.0,0.6607073347153561,0.6882697044334976
source_representative,plus__boltz_affinity,0.25,both_exact,930,261,0,2235,2235,1480.0,0.6230043548051212,0.6621923937360179
source_representative,plus__boltz_affinity,0.25,one_bounded,930,340,0,4261,4261,2991.0,0.6769448522234919,0.7019478995540953
source_representative,plus__boltz_affinity,0.25,both_bounded,930,0,0,0,0,0.0,,
source_representative,mean__boltz_affinity,0.25,all_determinate,930,373,0,6496,6496,4184.0,0.6261646362696323,0.6440886699507389
source_representative,mean__boltz_affinity,0.25,both_exact,930,261,0,2235,2235,1398.0,0.6046634931692404,0.625503355704698
source_representative,mean__boltz_affinity,0.25,one_bounded,930,340,0,4261,4261,2786.0,0.6460282730943387,0.6538371274348744
source_representative,mean__boltz_affinity,0.25,both_bounded,930,0,0,0,0,0.0,,
source_representative,mean_relative__boltz_affinity,0.25,all_determinate,930,373,0,6496,6496,4474.0,0.6531303973494184,0.6887315270935961
source_representative,mean_relative__boltz_affinity,0.25,both_exact,930,261,0,2235,2235,1467.0,0.6412895604466485,0.6563758389261745
source_representative,mean_relative__boltz_affinity,0.25,one_bounded,930,340,0,4261,4261,3007.0,0.6704162619406211,0.7057028866463272
source_representative,mean_relative__boltz_affinity,0.25,both_bounded,930,0,0,0,0,0.0,,
source_representative,availability__boltz_binary,0.25,all_determinate,930,373,0,6496,6496,4371.0,0.6581115196897699,0.6728756157635468
source_representative,availability__boltz_binary,0.25,both_exact,930,261,0,2235,2235,1432.0,0.6294895681868862,0.6407158836689038
source_representative,availability__boltz_binary,0.25,one_bounded,930,340,0,4261,4261,2939.0,0.6770982858357,0.6897441915043417
source_representative,availability__boltz_binary,0.25,both_bounded,930,0,0,0,0,0.0,,
source_representative,plus__boltz_binary,0.25,all_determinate,930,373,0,6496,6496,4511.0,0.6843055584421006,0.6944273399014779
source_representative,plus__boltz_binary,0.25,both_exact,930,261,0,2235,2235,1479.0,0.6085560955292756,0.661744966442953
source_representative,plus__boltz_binary,0.25,one_bounded,930,340,0,4261,4261,3032.0,0.7065402397991446,0.7115700539779395
source_representative,plus__boltz_binary,0.25,both_bounded,930,0,0,0,0,0.0,,
source_representative,mean__boltz_binary,0.25,all_determinate,930,373,0,6496,6496,4316.0,0.657939377928875,0.6644088669950738
source_representative,mean__boltz_binary,0.25,both_exact,930,261,0,2235,2235,1399.0,0.5910392006177446,0.6259507829977629
source_representative,mean__boltz_binary,0.25,one_bounded,930,340,0,4261,4261,2917.0,0.6815037559714086,0.6845810842525228
source_representative,mean__boltz_binary,0.25,both_bounded,930,0,0,0,0,0.0,,
source_representative,mean_relative__boltz_binary,0.25,all_determinate,930,373,0,6496,6496,4498.0,0.68721040695285,0.6924261083743842
source_representative,mean_relative__boltz_binary,0.25,both_exact,930,261,0,2235,2235,1435.0,0.6219819984187801,0.6420581655480985
source_representative,mean_relative__boltz_binary,0.25,one_bounded,930,340,0,4261,4261,3063.0,0.7130826307650904,0.7188453414691387
source_representative,mean_relative__boltz_binary,0.25,both_bounded,930,0,0,0,0,0.0,,
source_representative,availability__boltzina_vina_far_affinity,0.25,all_determinate,930,373,0,6496,6496,4380.0,0.6586343938218934,0.6742610837438424
source_representative,availability__boltzina_vina_far_affinity,0.25,both_exact,930,261,0,2235,2235,1436.0,0.6316181335338423,0.6425055928411633
source_representative,availability__boltzina_vina_far_affinity,0.25,one_bounded,930,340,0,4261,4261,2944.0,0.6777494932883781,0.6909176249706641
source_representative,availability__boltzina_vina_far_affinity,0.25,both_bounded,930,0,0,0,0,0.0,,
source_representative,plus__boltzina_vina_far_affinity,0.25,all_determinate,930,373,0,6496,6496,4488.0,0.6676145877706782,0.6908866995073891
source_representative,plus__boltzina_vina_far_affinity,0.25,both_exact,930,261,0,2235,2235,1515.0,0.6601325239256274,0.6778523489932886
source_representative,plus__boltzina_vina_far_affinity,0.25,one_bounded,930,340,0,4261,4261,2973.0,0.6772769387916922,0.6977235390753345
source_representative,plus__boltzina_vina_far_affinity,0.25,both_bounded,930,0,0,0,0,0.0,,
source_representative,mean__boltzina_vina_far_affinity,0.25,all_determinate,930,373,0,6496,6496,4187.0,0.6219876848789962,0.6445504926108374
source_representative,mean__boltzina_vina_far_affinity,0.25,both_exact,930,261,0,2235,2235,1391.0,0.6021092147528929,0.6223713646532438
source_representative,mean__boltzina_vina_far_affinity,0.25,one_bounded,930,340,0,4261,4261,2796.0,0.64191893768178,0.6561839943675194
source_representative,mean__boltzina_vina_far_affinity,0.25,both_bounded,930,0,0,0,0,0.0,,
source_representative,mean_relative__boltzina_vina_far_affinity,0.25,all_determinate,930,373,0,6496,6496,4540.0,0.6676909099040945,0.6988916256157636
source_representative,mean_relative__boltzina_vina_far_affinity,0.25,both_exact,930,261,0,2235,2235,1518.0,0.6487575997154542,0.6791946308724832
source_representative,mean_relative__boltzina_vina_far_affinity,0.25,one_bounded,930,340,0,4261,4261,3022.0,0.6815652550051131,0.7092231870452945
source_representative,mean_relative__boltzina_vina_far_affinity,0.25,both_bounded,930,0,0,0,0,0.0,,
source_representative,availability__boltzina_vina_far_binary,0.25,all_determinate,930,373,0,6496,6496,4380.0,0.6586343938218934,0.6742610837438424
source_representative,availability__boltzina_vina_far_binary,0.25,both_exact,930,261,0,2235,2235,1436.0,0.6316181335338423,0.6425055928411633
source_representative,availability__boltzina_vina_far_binary,0.25,one_bounded,930,340,0,4261,4261,2944.0,0.6777494932883781,0.6909176249706641
source_representative,availability__boltzina_vina_far_binary,0.25,both_bounded,930,0,0,0,0,0.0,,
source_representative,plus__boltzina_vina_far_binary,0.25,all_determinate,930,373,0,6496,6496,4451.0,0.6609288261667359,0.6851908866995073
source_representative,plus__boltzina_vina_far_binary,0.25,both_exact,930,261,0,2235,2235,1460.0,0.6052809614112297,0.6532438478747203
source_representative,plus__boltzina_vina_far_binary,0.25,one_bounded,930,340,0,4261,4261,2991.0,0.6850855784347902,0.7019478995540953
source_representative,plus__boltzina_vina_far_binary,0.25,both_bounded,930,0,0,0,0,0.0,,
source_representative,mean__boltzina_vina_far_binary,0.25,all_determinate,930,373,0,6496,6496,4350.0,0.6621001662337036,0.6696428571428571
source_representative,mean__boltzina_vina_far_binary,0.25,both_exact,930,261,0,2235,2235,1417.0,0.6048953317152551,0.6340044742729306
source_representative,mean__boltzina_vina_far_binary,0.25,one_bounded,930,340,0,4261,4261,2933.0,0.6845848462271937,0.6883360713447547
source_representative,mean__boltzina_vina_far_binary,0.25,both_bounded,930,0,0,0,0,0.0,,
source_representative,mean_relative__boltzina_vina_far_binary,0.25,all_determinate,930,373,0,6496,6496,4534.0,0.6786925215150582,0.6979679802955665
source_representative,mean_relative__boltzina_vina_far_binary,0.25,both_exact,930,261,0,2235,2235,1474.0,0.63050446077266,0.6595078299776287
source_representative,mean_relative__boltzina_vina_far_binary,0.25,one_bounded,930,340,0,4261,4261,3060.0,0.701572485474213,0.7181412813893452
source_representative,mean_relative__boltzina_vina_far_binary,0.25,both_bounded,930,0,0,0,0,0.0,,
source_representative,availability__boltzina_vina_zero_affinity,0.25,all_determinate,930,373,0,6496,6496,4380.0,0.6586343938218934,0.6742610837438424
source_representative,availability__boltzina_vina_zero_affinity,0.25,both_exact,930,261,0,2235,2235,1436.0,0.6316181335338423,0.6425055928411633
source_representative,availability__boltzina_vina_zero_affinity,0.25,one_bounded,930,340,0,4261,4261,2944.0,0.6777494932883781,0.6909176249706641
source_representative,availability__boltzina_vina_zero_affinity,0.25,both_bounded,930,0,0,0,0,0.0,,
source_representative,plus__boltzina_vina_zero_affinity,0.25,all_determinate,930,373,0,6496,6496,4488.0,0.6676145877706782,0.6908866995073891
source_representative,plus__boltzina_vina_zero_affinity,0.25,both_exact,930,261,0,2235,2235,1515.0,0.6601325239256274,0.6778523489932886
source_representative,plus__boltzina_vina_zero_affinity,0.25,one_bounded,930,340,0,4261,4261,2973.0,0.6772769387916922,0.6977235390753345
source_representative,plus__boltzina_vina_zero_affinity,0.25,both_bounded,930,0,0,0,0,0.0,,
source_representative,mean__boltzina_vina_zero_affinity,0.25,all_determinate,930,373,0,6496,6496,4187.0,0.6219876848789962,0.6445504926108374
source_representative,mean__boltzina_vina_zero_affinity,0.25,both_exact,930,261,0,2235,2235,1391.0,0.6021092147528929,0.6223713646532438
source_representative,mean__boltzina_vina_zero_affinity,0.25,one_bounded,930,340,0,4261,4261,2796.0,0.64191893768178,0.6561839943675194
source_representative,mean__boltzina_vina_zero_affinity,0.25,both_bounded,930,0,0,0,0,0.0,,
source_representative,mean_relative__boltzina_vina_zero_affinity,0.25,all_determinate,930,373,0,6496,6496,4540.0,0.6676909099040945,0.6988916256157636
source_representative,mean_relative__boltzina_vina_zero_affinity,0.25,both_exact,930,261,0,2235,2235,1518.0,0.6487575997154542,0.6791946308724832
source_representative,mean_relative__boltzina_vina_zero_affinity,0.25,one_bounded,930,340,0,4261,4261,3022.0,0.6815652550051131,0.7092231870452945
source_representative,mean_relative__boltzina_vina_zero_affinity,0.25,both_bounded,930,0,0,0,0,0.0,,
source_representative,availability__boltzina_vina_zero_binary,0.25,all_determinate,930,373,0,6496,6496,4380.0,0.6586343938218934,0.6742610837438424
source_representative,availability__boltzina_vina_zero_binary,0.25,both_exact,930,261,0,2235,2235,1436.0,0.6316181335338423,0.6425055928411633
source_representative,availability__boltzina_vina_zero_binary,0.25,one_bounded,930,340,0,4261,4261,2944.0,0.6777494932883781,0.6909176249706641
source_representative,availability__boltzina_vina_zero_binary,0.25,both_bounded,930,0,0,0,0,0.0,,
source_representative,plus__boltzina_vina_zero_binary,0.25,all_determinate,930,373,0,6496,6496,4451.0,0.6609288261667359,0.6851908866995073
source_representative,plus__boltzina_vina_zero_binary,0.25,both_exact,930,261,0,2235,2235,1460.0,0.6052809614112297,0.6532438478747203
source_representative,plus__boltzina_vina_zero_binary,0.25,one_bounded,930,340,0,4261,4261,2991.0,0.6850855784347902,0.7019478995540953
source_representative,plus__boltzina_vina_zero_binary,0.25,both_bounded,930,0,0,0,0,0.0,,
source_representative,mean__boltzina_vina_zero_binary,0.25,all_determinate,930,373,0,6496,6496,4350.0,0.6621001662337036,0.6696428571428571
source_representative,mean__boltzina_vina_zero_binary,0.25,both_exact,930,261,0,2235,2235,1417.0,0.6048953317152551,0.6340044742729306
source_representative,mean__boltzina_vina_zero_binary,0.25,one_bounded,930,340,0,4261,4261,2933.0,0.6845848462271937,0.6883360713447547
source_representative,mean__boltzina_vina_zero_binary,0.25,both_bounded,930,0,0,0,0,0.0,,
source_representative,mean_relative__boltzina_vina_zero_binary,0.25,all_determinate,930,373,0,6496,6496,4534.0,0.6786925215150582,0.6979679802955665
source_representative,mean_relative__boltzina_vina_zero_binary,0.25,both_exact,930,261,0,2235,2235,1474.0,0.63050446077266,0.6595078299776287
source_representative,mean_relative__boltzina_vina_zero_binary,0.25,one_bounded,930,340,0,4261,4261,3060.0,0.701572485474213,0.7181412813893452
source_representative,mean_relative__boltzina_vina_zero_binary,0.25,both_bounded,930,0,0,0,0,0.0,,
source_representative,availability__gnina,0.25,all_determinate,930,373,0,6496,6496,4371.0,0.6570706406998292,0.6728756157635468
source_representative,availability__gnina,0.25,both_exact,930,261,0,2235,2235,1433.0,0.630128137790973,0.6411633109619687
source_representative,availability__gnina,0.25,one_bounded,930,340,0,4261,4261,2938.0,0.6766080897572686,0.6895095048110772
source_representative,availability__gnina,0.25,both_bounded,930,0,0,0,0,0.0,,
source_representative,plus__gnina,0.25,all_determinate,930,373,0,6496,6496,4348.0,0.65172123084953,0.6693349753694581
source_representative,plus__gnina,0.25,both_exact,930,261,0,2235,2235,1436.0,0.6152084611854726,0.6425055928411633
source_representative,plus__gnina,0.25,one_bounded,930,340,0,4261,4261,2912.0,0.6711583909612067,0.6834076507862005
source_representative,plus__gnina,0.25,both_bounded,930,0,0,0,0,0.0,,
source_representative,mean__gnina,0.25,all_determinate,930,373,0,6496,6496,4312.0,0.6499924263630076,0.6637931034482759
source_representative,mean__gnina,0.25,both_exact,930,261,0,2235,2235,1416.0,0.6188713443502716,0.6335570469798658
source_representative,mean__gnina,0.25,one_bounded,930,340,0,4261,4261,2896.0,0.6666290624706441,0.6796526636939686
source_representative,mean__gnina,0.25,both_bounded,930,0,0,0,0,0.0,,
source_representative,mean_relative__gnina,0.25,all_determinate,930,373,0,6496,6496,4295.0,0.6474702111109376,0.6611761083743842
source_representative,mean_relative__gnina,0.25,both_exact,930,261,0,2235,2235,1394.0,0.6121629541169771,0.6237136465324384
source_representative,mean_relative__gnina,0.25,one_bounded,930,340,0,4261,4261,2901.0,0.6714832223861327,0.680826097160291
source_representative,mean_relative__gnina,0.25,both_bounded,930,0,0,0,0,0.0,,
source_representative,availability__nesso_affinity,0.25,all_determinate,930,373,0,6496,6496,4371.0,0.6570706406998292,0.6728756157635468
source_representative,availability__nesso_affinity,0.25,both_exact,930,261,0,2235,2235,1433.0,0.630128137790973,0.6411633109619687
source_representative,availability__nesso_affinity,0.25,one_bounded,930,340,0,4261,4261,2938.0,0.6766080897572686,0.6895095048110772
source_representative,availability__nesso_affinity,0.25,both_bounded,930,0,0,0,0,0.0,,
source_representative,plus__nesso_affinity,0.25,all_determinate,930,373,0,6496,6496,4647.0,0.6973837375910842,0.7153633004926109
source_representative,plus__nesso_affinity,0.25,both_exact,930,261,0,2235,2235,1510.0,0.6346563610931427,0.6756152125279642
source_representative,plus__nesso_affinity,0.25,one_bounded,930,340,0,4261,4261,3137.0,0.7259215250237645,0.7362121567707111
source_representative,plus__nesso_affinity,0.25,both_bounded,930,0,0,0,0,0.0,,
source_representative,mean__nesso_affinity,0.25,all_determinate,930,373,0,6496,6496,4242.0,0.6362762377264758,0.6530172413793104
source_representative,mean__nesso_affinity,0.25,both_exact,930,261,0,2235,2235,1383.0,0.6038194386853392,0.6187919463087248
source_representative,mean__nesso_affinity,0.25,one_bounded,930,340,0,4261,4261,2859.0,0.6570069135275411,0.6709692560431824
source_representative,mean__nesso_affinity,0.25,both_bounded,930,0,0,0,0,0.0,,
source_representative,mean_relative__nesso_affinity,0.25,all_determinate,930,373,0,6496,6496,4626.0,0.6879203122563967,0.7121305418719212
source_representative,mean_relative__nesso_affinity,0.25,both_exact,930,261,0,2235,2235,1523.0,0.633725781810073,0.6814317673378076
source_representative,mean_relative__nesso_affinity,0.25,one_bounded,930,340,0,4261,4261,3103.0,0.7130391921718212,0.7282328091997183
source_representative,mean_relative__nesso_affinity,0.25,both_bounded,930,0,0,0,0,0.0,,
source_representative,availability__nesso_binary,0.25,all_determinate,930,373,0,6496,6496,4371.0,0.6570706406998292,0.6728756157635468
source_representative,availability__nesso_binary,0.25,both_exact,930,261,0,2235,2235,1433.0,0.630128137790973,0.6411633109619687
source_representative,availability__nesso_binary,0.25,one_bounded,930,340,0,4261,4261,2938.0,0.6766080897572686,0.6895095048110772
source_representative,availability__nesso_binary,0.25,both_bounded,930,0,0,0,0,0.0,,
source_representative,plus__nesso_binary,0.25,all_determinate,930,373,0,6496,6496,4509.0,0.6844913448562719,0.6941194581280788
source_representative,plus__nesso_binary,0.25,both_exact,930,261,0,2235,2235,1449.0,0.5938349928771385,0.6483221476510067
source_representative,plus__nesso_binary,0.25,one_bounded,930,340,0,4261,4261,3060.0,0.7171499560866738,0.7181412813893452
source_representative,plus__nesso_binary,0.25,both_bounded,930,0,0,0,0,0.0,,
source_representative,mean__nesso_binary,0.25,all_determinate,930,373,0,6496,6496,4348.0,0.6513483680518534,0.6693349753694581
source_representative,mean__nesso_binary,0.25,both_exact,930,261,0,2235,2235,1430.0,0.5995241596774163,0.639821029082774
source_representative,mean__nesso_binary,0.25,one_bounded,930,340,0,4261,4261,2918.0,0.6723238015455311,0.6848157709457874
source_representative,mean__nesso_binary,0.25,both_bounded,930,0,0,0,0,0.0,,
source_representative,mean_relative__nesso_binary,0.25,all_determinate,930,373,0,6496,6496,4530.0,0.6746177040620218,0.6973522167487685
source_representative,mean_relative__nesso_binary,0.25,both_exact,930,261,0,2235,2235,1454.0,0.5970796267731134,0.6505592841163311
source_representative,mean_relative__nesso_binary,0.25,one_bounded,930,340,0,4261,4261,3076.0,0.7078179976210637,0.7218962684815771
source_representative,mean_relative__nesso_binary,0.25,both_bounded,930,0,0,0,0,0.0,,
source_representative,availability__raw_ad4,0.25,all_determinate,930,373,0,6496,6496,4371.0,0.6570706406998292,0.6728756157635468
source_representative,availability__raw_ad4,0.25,both_exact,930,261,0,2235,2235,1433.0,0.630128137790973,0.6411633109619687
source_representative,availability__raw_ad4,0.25,one_bounded,930,340,0,4261,4261,2938.0,0.6766080897572686,0.6895095048110772
source_representative,availability__raw_ad4,0.25,both_bounded,930,0,0,0,0,0.0,,
source_representative,plus__raw_ad4,0.25,all_determinate,930,373,0,6496,6496,4380.0,0.6576221866513515,0.6742610837438424
source_representative,plus__raw_ad4,0.25,both_exact,930,261,0,2235,2235,1435.0,0.6245239293132013,0.6420581655480985
source_representative,plus__raw_ad4,0.25,one_bounded,930,340,0,4261,4261,2945.0,0.6768170359917339,0.6911523116639287
source_representative,plus__raw_ad4,0.25,both_bounded,930,0,0,0,0,0.0,,
source_representative,mean__raw_ad4,0.25,all_determinate,930,373,0,6496,6496,4391.0,0.6623324442439447,0.6759544334975369
source_representative,mean__raw_ad4,0.25,both_exact,930,261,0,2235,2235,1443.0,0.619609431295255,0.6456375838926175
source_representative,mean__raw_ad4,0.25,one_bounded,930,340,0,4261,4261,2948.0,0.6816595777556015,0.6918563717437222
source_representative,mean__raw_ad4,0.25,both_bounded,930,0,0,0,0,0.0,,
source_representative,mean_relative__raw_ad4,0.25,all_determinate,930,373,0,6496,6496,4364.0,0.6537311741260541,0.6717980295566502
source_representative,mean_relative__raw_ad4,0.25,both_exact,930,261,0,2235,2235,1431.0,0.6253936002978148,0.640268456375839
source_representative,mean_relative__raw_ad4,0.25,one_bounded,930,340,0,4261,4261,2933.0,0.6706095858102353,0.6883360713447547
source_representative,mean_relative__raw_ad4,0.25,both_bounded,930,0,0,0,0,0.0,,
source_representative,availability__raw_gnina_own,0.25,all_determinate,930,373,0,6496,6496,4373.0,0.6573100125879947,0.6731834975369458
source_representative,availability__raw_gnina_own,0.25,both_exact,930,261,0,2235,2235,1433.0,0.630128137790973,0.6411633109619687
source_representative,availability__raw_gnina_own,0.25,one_bounded,930,340,0,4261,4261,2940.0,0.676911544472488,0.6899788781976062
source_representative,availability__raw_gnina_own,0.25,both_bounded,930,0,0,0,0,0.0,,
source_representative,plus__raw_gnina_own,0.25,all_determinate,930,373,0,6496,6496,4280.0,0.6497254243346011,0.6588669950738916
source_representative,plus__raw_gnina_own,0.25,both_exact,930,261,0,2235,2235,1409.0,0.6093335286821878,0.6304250559284116
source_representative,plus__raw_gnina_own,0.25,one_bounded,930,340,0,4261,4261,2871.0,0.669924064593505,0.6737854963623563
source_representative,plus__raw_gnina_own,0.25,both_bounded,930,0,0,0,0,0.0,,
source_representative,mean__raw_gnina_own,0.25,all_determinate,930,373,0,6496,6496,4202.0,0.6268068898103049,0.6468596059113301
source_representative,mean__raw_gnina_own,0.25,both_exact,930,261,0,2235,2235,1388.0,0.6119148057845375,0.6210290827740492
source_representative,mean__raw_gnina_own,0.25,one_bounded,930,340,0,4261,4261,2814.0,0.6469090767484315,0.6604083548462802
source_representative,mean__raw_gnina_own,0.25,both_bounded,930,0,0,0,0,0.0,,
source_representative,mean_relative__raw_gnina_own,0.25,all_determinate,930,373,0,6496,6496,4323.0,0.6441430147681768,0.6654864532019704
source_representative,mean_relative__raw_gnina_own,0.25,both_exact,930,261,0,2235,2235,1408.0,0.6001844756634028,0.6299776286353468
source_representative,mean_relative__raw_gnina_own,0.25,one_bounded,930,340,0,4261,4261,2915.0,0.6700103087258472,0.6841117108659939
source_representative,mean_relative__raw_gnina_own,0.25,both_bounded,930,0,0,0,0,0.0,,
source_representative,availability__vina,0.25,all_determinate,930,373,0,6496,6496,4371.0,0.6570706406998292,0.6728756157635468
source_representative,availability__vina,0.25,both_exact,930,261,0,2235,2235,1433.0,0.630128137790973,0.6411633109619687
source_representative,availability__vina,0.25,one_bounded,930,340,0,4261,4261,2938.0,0.6766080897572686,0.6895095048110772
source_representative,availability__vina,0.25,both_bounded,930,0,0,0,0,0.0,,
source_representative,plus__vina,0.25,all_determinate,930,373,0,6496,6496,4329.0,0.6513143452060621,0.6664100985221675
source_representative,plus__vina,0.25,both_exact,930,261,0,2235,2235,1424.0,0.631024438878845,0.6371364653243848
source_representative,plus__vina,0.25,one_bounded,930,340,0,4261,4261,2905.0,0.6683040314992155,0.681764843933349
source_representative,plus__vina,0.25,both_bounded,930,0,0,0,0,0.0,,
source_representative,mean__vina,0.25,all_determinate,930,373,0,6496,6496,4329.0,0.650885456984692,0.6664100985221675
source_representative,mean__vina,0.25,both_exact,930,261,0,2235,2235,1417.0,0.6045853536274992,0.6340044742729306
source_representative,mean__vina,0.25,one_bounded,930,340,0,4261,4261,2912.0,0.6692947200571979,0.6834076507862005
source_representative,mean__vina,0.25,both_bounded,930,0,0,0,0,0.0,,
source_representative,mean_relative__vina,0.25,all_determinate,930,373,0,6496,6496,4411.0,0.6695257954640408,0.6790332512315271
source_representative,mean_relative__vina,0.25,both_exact,930,261,0,2235,2235,1411.0,0.6092164115152621,0.6313199105145414
source_representative,mean_relative__vina,0.25,one_bounded,930,340,0,4261,4261,3000.0,0.6968957515873387,0.7040600797934757
source_representative,mean_relative__vina,0.25,both_bounded,930,0,0,0,0,0.0,,
source_representative,native__boltz_affinity,0.25,all_determinate,930,373,0,6496,6496,3863.0,0.5620658891389907,0.5946736453201971
source_representative,native__boltz_affinity,0.25,both_exact,930,261,0,2235,2235,1349.0,0.5827234210375972,0.603579418344519
source_representative,native__boltz_affinity,0.25,one_bounded,930,340,0,4261,4261,2514.0,0.5584008730119223,0.5900023468669326
source_representative,native__boltz_affinity,0.25,both_bounded,930,0,0,0,0,0.0,,
source_representative,native__boltz_binary,0.25,all_determinate,930,373,0,6496,6496,4428.0,0.6588247248321865,0.6816502463054187
source_representative,native__boltz_binary,0.25,both_exact,930,261,0,2235,2235,1467.0,0.6193682860349526,0.6563758389261745
source_representative,native__boltz_binary,0.25,one_bounded,930,340,0,4261,4261,2961.0,0.669977022623152,0.6949072987561605
source_representative,native__boltz_binary,0.25,both_bounded,930,0,0,0,0,0.0,,
source_representative,native__boltzina_vina_far_affinity,0.25,all_determinate,930,373,0,6496,6496,3812.0,0.5633429089572257,0.5868226600985221
source_representative,native__boltzina_vina_far_affinity,0.25,both_exact,930,261,0,2235,2235,1355.0,0.5747355879539788,0.6062639821029083
source_representative,native__boltzina_vina_far_affinity,0.25,one_bounded,930,340,0,4261,4261,2457.0,0.5609944838593803,0.5766252053508566
source_representative,native__boltzina_vina_far_affinity,0.25,both_bounded,930,0,0,0,0,0.0,,
source_representative,native__boltzina_vina_far_binary,0.25,all_determinate,930,373,0,6496,6496,4495.0,0.6701386313571764,0.6919642857142857
source_representative,native__boltzina_vina_far_binary,0.25,both_exact,930,261,0,2235,2235,1503.0,0.6373898628687901,0.6724832214765101
source_representative,native__boltzina_vina_far_binary,0.25,one_bounded,930,340,0,4261,4261,2992.0,0.6848865517360594,0.7021825862473597
source_representative,native__boltzina_vina_far_binary,0.25,both_bounded,930,0,0,0,0,0.0,,
source_representative,native__boltzina_vina_zero_affinity,0.25,all_determinate,930,373,0,6496,6496,3812.0,0.5633429089572257,0.5868226600985221
source_representative,native__boltzina_vina_zero_affinity,0.25,both_exact,930,261,0,2235,2235,1355.0,0.5747355879539788,0.6062639821029083
source_representative,native__boltzina_vina_zero_affinity,0.25,one_bounded,930,340,0,4261,4261,2457.0,0.5609944838593803,0.5766252053508566
source_representative,native__boltzina_vina_zero_affinity,0.25,both_bounded,930,0,0,0,0,0.0,,
source_representative,native__boltzina_vina_zero_binary,0.25,all_determinate,930,373,0,6496,6496,4495.0,0.6701386313571764,0.6919642857142857
source_representative,native__boltzina_vina_zero_binary,0.25,both_exact,930,261,0,2235,2235,1503.0,0.6373898628687901,0.6724832214765101
source_representative,native__boltzina_vina_zero_binary,0.25,one_bounded,930,340,0,4261,4261,2992.0,0.6848865517360594,0.7021825862473597
source_representative,native__boltzina_vina_zero_binary,0.25,both_bounded,930,0,0,0,0,0.0,,
source_representative,native__gnina,0.25,all_determinate,930,373,0,6496,6496,3918.0,0.6129066023803486,0.6031403940886699
source_representative,native__gnina,0.25,both_exact,930,261,0,2235,2235,1317.0,0.5876546895703983,0.5892617449664429
source_representative,native__gnina,0.25,one_bounded,930,340,0,4261,4261,2601.0,0.6096930109173158,0.6104200891809435
source_representative,native__gnina,0.25,both_bounded,930,0,0,0,0,0.0,,
source_representative,native__nesso_affinity,0.25,all_determinate,930,373,0,6496,6496,3788.0,0.55521162589458,0.583128078817734
source_representative,native__nesso_affinity,0.25,both_exact,930,261,0,2235,2235,1283.0,0.5424660765656935,0.5740492170022371
source_representative,native__nesso_affinity,0.25,one_bounded,930,340,0,4261,4261,2505.0,0.5676277551262378,0.5878901666275522
source_representative,native__nesso_affinity,0.25,both_bounded,930,0,0,0,0,0.0,,
source_representative,native__nesso_binary,0.25,all_determinate,930,373,0,6496,6496,4183.0,0.6190976568175237,0.6439347290640394
source_representative,native__nesso_binary,0.25,both_exact,930,261,0,2235,2235,1338.0,0.5881406659184437,0.5986577181208054
source_representative,native__nesso_binary,0.25,one_bounded,930,340,0,4261,4261,2845.0,0.6501608491366812,0.6676836423374795
source_representative,native__nesso_binary,0.25,both_bounded,930,0,0,0,0,0.0,,
source_representative,native__raw_ad4,0.25,all_determinate,930,373,0,6496,6496,3602.0,0.5432162975080075,0.5544950738916257
source_representative,native__raw_ad4,0.25,both_exact,930,261,0,2235,2235,1179.5,0.5072764683875794,0.5277404921700224
source_representative,native__raw_ad4,0.25,one_bounded,930,340,0,4261,4261,2422.5,0.5596458954862389,0.5685285144332316
source_representative,native__raw_ad4,0.25,both_bounded,930,0,0,0,0,0.0,,
source_representative,native__raw_gnina_own,0.25,all_determinate,930,373,0,6496,6496,3885.0,0.62776057059596,0.5980603448275862
source_representative,native__raw_gnina_own,0.25,both_exact,930,261,0,2235,2235,1339.0,0.6045267489711934,0.5991051454138703
source_representative,native__raw_gnina_own,0.25,one_bounded,930,340,0,4261,4261,2546.0,0.620668381156207,0.5975123210513964
source_representative,native__raw_gnina_own,0.25,both_bounded,930,0,0,0,0,0.0,,
source_representative,native__vina,0.25,all_determinate,930,373,0,6496,6496,3903.5,0.5804399141812819,0.6009082512315271
source_representative,native__vina,0.25,both_exact,930,261,0,2235,2235,1163.0,0.4954656490097103,0.5203579418344519
source_representative,native__vina,0.25,one_bounded,930,340,0,4261,4261,2740.5,0.6211274507583027,0.64315888289134
source_representative,native__vina,0.25,both_bounded,930,0,0,0,0,0.0,,
source_representative,target_prior,0.5,all_determinate,930,373,0,6496,6496,4213.0,0.6054735098898008,0.6485529556650246
source_representative,target_prior,0.5,both_exact,930,261,0,2235,2235,1377.0,0.6008996183325684,0.6161073825503356
source_representative,target_prior,0.5,one_bounded,930,340,0,4261,4261,2836.0,0.626607982101518,0.665571462098099
source_representative,target_prior,0.5,both_bounded,930,0,0,0,0,0.0,,
source_representative,chemistry,0.5,all_determinate,930,373,0,6496,6496,4603.0,0.6916130195058066,0.7085899014778325
source_representative,chemistry,0.5,both_exact,930,261,0,2235,2235,1472.0,0.6341212710944512,0.6586129753914989
source_representative,chemistry,0.5,one_bounded,930,340,0,4261,4261,3131.0,0.7231162097996255,0.7348040366111241
source_representative,chemistry,0.5,both_bounded,930,0,0,0,0,0.0,,
source_representative,availability__boltz_affinity,0.5,all_determinate,930,373,0,6496,6496,4603.0,0.6916130195058066,0.7085899014778325
source_representative,availability__boltz_affinity,0.5,both_exact,930,261,0,2235,2235,1472.0,0.6341212710944512,0.6586129753914989
source_representative,availability__boltz_affinity,0.5,one_bounded,930,340,0,4261,4261,3131.0,0.7231162097996255,0.7348040366111241
source_representative,availability__boltz_affinity,0.5,both_bounded,930,0,0,0,0,0.0,,
source_representative,plus__boltz_affinity,0.5,all_determinate,930,373,0,6496,6496,4730.0,0.7028401742729701,0.7281403940886699
source_representative,plus__boltz_affinity,0.5,both_exact,930,261,0,2235,2235,1540.0,0.6513036771657462,0.6890380313199105
source_representative,plus__boltz_affinity,0.5,one_bounded,930,340,0,4261,4261,3190.0,0.7236577476037749,0.7486505515137292
source_representative,plus__boltz_affinity,0.5,both_bounded,930,0,0,0,0,0.0,,
source_representative,mean__boltz_affinity,0.5,all_determinate,930,373,0,6496,6496,4510.0,0.6699885366443189,0.6942733990147784
source_representative,mean__boltz_affinity,0.5,both_exact,930,261,0,2235,2235,1464.0,0.6209516253577556,0.6550335570469799
source_representative,mean__boltz_affinity,0.5,one_bounded,930,340,0,4261,4261,3046.0,0.7003941646727133,0.7148556676836424
source_representative,mean__boltz_affinity,0.5,both_bounded,930,0,0,0,0,0.0,,
source_representative,mean_relative__boltz_affinity,0.5,all_determinate,930,373,0,6496,6496,4764.0,0.7008968565997469,0.7333743842364532
source_representative,mean_relative__boltz_affinity,0.5,both_exact,930,261,0,2235,2235,1556.0,0.6583471091133927,0.6961968680089485
source_representative,mean_relative__boltz_affinity,0.5,one_bounded,930,340,0,4261,4261,3208.0,0.7237173666811503,0.75287491199249
source_representative,mean_relative__boltz_affinity,0.5,both_bounded,930,0,0,0,0,0.0,,
source_representative,availability__boltz_binary,0.5,all_determinate,930,373,0,6496,6496,4603.0,0.6916130195058066,0.7085899014778325
source_representative,availability__boltz_binary,0.5,both_exact,930,261,0,2235,2235,1472.0,0.6341212710944512,0.6586129753914989
source_representative,availability__boltz_binary,0.5,one_bounded,930,340,0,4261,4261,3131.0,0.7231162097996255,0.7348040366111241
source_representative,availability__boltz_binary,0.5,both_bounded,930,0,0,0,0,0.0,,
source_representative,plus__boltz_binary,0.5,all_determinate,930,373,0,6496,6496,4736.0,0.7157912934945636,0.729064039408867
source_representative,plus__boltz_binary,0.5,both_exact,930,261,0,2235,2235,1522.0,0.6258077951564541,0.6809843400447427
source_representative,plus__boltz_binary,0.5,one_bounded,930,340,0,4261,4261,3214.0,0.7490393474855578,0.7542830321520769
source_representative,plus__boltz_binary,0.5,both_bounded,930,0,0,0,0,0.0,,
source_representative,mean__boltz_binary,0.5,all_determinate,930,373,0,6496,6496,4613.0,0.7006685829331749,0.7101293103448276
source_representative,mean__boltz_binary,0.5,both_exact,930,261,0,2235,2235,1488.0,0.637922372788273,0.6657718120805369
source_representative,mean__boltz_binary,0.5,one_bounded,930,340,0,4261,4261,3125.0,0.7295959168678865,0.7333959164515372
source_representative,mean__boltz_binary,0.5,both_bounded,930,0,0,0,0,0.0,,
source_representative,mean_relative__boltz_binary,0.5,all_determinate,930,373,0,6496,6496,4691.0,0.7146813455054752,0.7221366995073891
source_representative,mean_relative__boltz_binary,0.5,both_exact,930,261,0,2235,2235,1483.0,0.6299431092534541,0.6635346756152125
source_representative,mean_relative__boltz_binary,0.5,one_bounded,930,340,0,4261,4261,3208.0,0.748586730085002,0.75287491199249
source_representative,mean_relative__boltz_binary,0.5,both_bounded,930,0,0,0,0,0.0,,
source_representative,availability__boltzina_vina_far_affinity,0.5,all_determinate,930,373,0,6496,6496,4604.0,0.6889382386582638,0.708743842364532
source_representative,availability__boltzina_vina_far_affinity,0.5,both_exact,930,261,0,2235,2235,1474.0,0.6319045223259783,0.6595078299776287
source_representative,availability__boltzina_vina_far_affinity,0.5,one_bounded,930,340,0,4261,4261,3130.0,0.7214741024684816,0.7345693499178596
source_representative,availability__boltzina_vina_far_affinity,0.5,both_bounded,930,0,0,0,0,0.0,,
source_representative,plus__boltzina_vina_far_affinity,0.5,all_determinate,930,373,0,6496,6496,4728.0,0.6972032474844481,0.7278325123152709
source_representative,plus__boltzina_vina_far_affinity,0.5,both_exact,930,261,0,2235,2235,1579.0,0.674074074074074,0.7064876957494407
source_representative,plus__boltzina_vina_far_affinity,0.5,one_bounded,930,340,0,4261,4261,3149.0,0.7127731870799183,0.739028397089885
source_representative,plus__boltzina_vina_far_affinity,0.5,both_bounded,930,0,0,0,0,0.0,,
source_representative,mean__boltzina_vina_far_affinity,0.5,all_determinate,930,373,0,6496,6496,4569.0,0.6846533662043536,0.7033559113300493
source_representative,mean__boltzina_vina_far_affinity,0.5,both_exact,930,261,0,2235,2235,1493.0,0.6330814070277672,0.6680089485458613
source_representative,mean__boltzina_vina_far_affinity,0.5,one_bounded,930,340,0,4261,4261,3076.0,0.7116610548173125,0.7218962684815771
source_representative,mean__boltzina_vina_far_affinity,0.5,both_bounded,930,0,0,0,0,0.0,,
source_representative,mean_relative__boltzina_vina_far_affinity,0.5,all_determinate,930,373,0,6496,6496,4795.0,0.702699495767996,0.7381465517241379
source_representative,mean_relative__boltzina_vina_far_affinity,0.5,both_exact,930,261,0,2235,2235,1586.0,0.6672898479411888,0.7096196868008948
source_representative,mean_relative__boltzina_vina_far_affinity,0.5,one_bounded,930,340,0,4261,4261,3209.0,0.7208054639983498,0.7531095986857546
source_representative,mean_relative__boltzina_vina_far_affinity,0.5,both_bounded,930,0,0,0,0,0.0,,
source_representative,availability__boltzina_vina_far_binary,0.5,all_determinate,930,373,0,6496,6496,4604.0,0.6889382386582638,0.708743842364532
source_representative,availability__boltzina_vina_far_binary,0.5,both_exact,930,261,0,2235,2235,1474.0,0.6319045223259783,0.6595078299776287
source_representative,availability__boltzina_vina_far_binary,0.5,one_bounded,930,340,0,4261,4261,3130.0,0.7214741024684816,0.7345693499178596
source_representative,availability__boltzina_vina_far_binary,0.5,both_bounded,930,0,0,0,0,0.0,,
source_representative,plus__boltzina_vina_far_binary,0.5,all_determinate,930,373,0,6496,6496,4714.0,0.7085170318263062,0.7256773399014779
source_representative,plus__boltzina_vina_far_binary,0.5,both_exact,930,261,0,2235,2235,1516.0,0.6343864663788035,0.6782997762863535
source_representative,plus__boltzina_vina_far_binary,0.5,one_bounded,930,340,0,4261,4261,3198.0,0.7382310949264858,0.7505280450598452
source_representative,plus__boltzina_vina_far_binary,0.5,both_bounded,930,0,0,0,0,0.0,,
source_representative,mean__boltzina_vina_far_binary,0.5,all_determinate,930,373,0,6496,6496,4561.0,0.6866356606494993,0.7021243842364532
source_representative,mean__boltzina_vina_far_binary,0.5,both_exact,930,261,0,2235,2235,1471.0,0.6213295148161049,0.658165548098434
source_representative,mean__boltzina_vina_far_binary,0.5,one_bounded,930,340,0,4261,4261,3090.0,0.7166232329116841,0.72518188218728
source_representative,mean__boltzina_vina_far_binary,0.5,both_bounded,930,0,0,0,0,0.0,,
source_representative,mean_relative__boltzina_vina_far_binary,0.5,all_determinate,930,373,0,6496,6496,4658.0,0.6950610980500596,0.7170566502463054
source_representative,mean_relative__boltzina_vina_far_binary,0.5,both_exact,930,261,0,2235,2235,1494.0,0.6177127044943137,0.6684563758389261
source_representative,mean_relative__boltzina_vina_far_binary,0.5,one_bounded,930,340,0,4261,4261,3164.0,0.7240012544569092,0.7425486974888523
source_representative,mean_relative__boltzina_vina_far_binary,0.5,both_bounded,930,0,0,0,0,0.0,,
source_representative,availability__boltzina_vina_zero_affinity,0.5,all_determinate,930,373,0,6496,6496,4604.0,0.6889382386582638,0.708743842364532
source_representative,availability__boltzina_vina_zero_affinity,0.5,both_exact,930,261,0,2235,2235,1474.0,0.6319045223259783,0.6595078299776287
source_representative,availability__boltzina_vina_zero_affinity,0.5,one_bounded,930,340,0,4261,4261,3130.0,0.7214741024684816,0.7345693499178596
source_representative,availability__boltzina_vina_zero_affinity,0.5,both_bounded,930,0,0,0,0,0.0,,
source_representative,plus__boltzina_vina_zero_affinity,0.5,all_determinate,930,373,0,6496,6496,4729.0,0.6973149543655918,0.7279864532019704
source_representative,plus__boltzina_vina_zero_affinity,0.5,both_exact,930,261,0,2235,2235,1579.0,0.674074074074074,0.7064876957494407
source_representative,plus__boltzina_vina_zero_affinity,0.5,one_bounded,930,340,0,4261,4261,3150.0,0.7129132431023272,0.7392630837831495
source_representative,plus__boltzina_vina_zero_affinity,0.5,both_bounded,930,0,0,0,0,0.0,,
source_representative,mean__boltzina_vina_zero_affinity,0.5,all_determinate,930,373,0,6496,6496,4569.0,0.6846533662043536,0.7033559113300493
source_representative,mean__boltzina_vina_zero_affinity,0.5,both_exact,930,261,0,2235,2235,1493.0,0.6330814070277672,0.6680089485458613
source_representative,mean__boltzina_vina_zero_affinity,0.5,one_bounded,930,340,0,4261,4261,3076.0,0.7116610548173125,0.7218962684815771
source_representative,mean__boltzina_vina_zero_affinity,0.5,both_bounded,930,0,0,0,0,0.0,,
source_representative,mean_relative__boltzina_vina_zero_affinity,0.5,all_determinate,930,373,0,6496,6496,4795.0,0.702699495767996,0.7381465517241379
source_representative,mean_relative__boltzina_vina_zero_affinity,0.5,both_exact,930,261,0,2235,2235,1586.0,0.6672898479411888,0.7096196868008948
source_representative,mean_relative__boltzina_vina_zero_affinity,0.5,one_bounded,930,340,0,4261,4261,3209.0,0.7208054639983498,0.7531095986857546
source_representative,mean_relative__boltzina_vina_zero_affinity,0.5,both_bounded,930,0,0,0,0,0.0,,
source_representative,availability__boltzina_vina_zero_binary,0.5,all_determinate,930,373,0,6496,6496,4604.0,0.6889382386582638,0.708743842364532
source_representative,availability__boltzina_vina_zero_binary,0.5,both_exact,930,261,0,2235,2235,1474.0,0.6319045223259783,0.6595078299776287
source_representative,availability__boltzina_vina_zero_binary,0.5,one_bounded,930,340,0,4261,4261,3130.0,0.7214741024684816,0.7345693499178596
source_representative,availability__boltzina_vina_zero_binary,0.5,both_bounded,930,0,0,0,0,0.0,,
source_representative,plus__boltzina_vina_zero_binary,0.5,all_determinate,930,373,0,6496,6496,4715.0,0.708665974334498,0.7258312807881774
source_representative,plus__boltzina_vina_zero_binary,0.5,both_exact,930,261,0,2235,2235,1516.0,0.6343864663788035,0.6782997762863535
source_representative,plus__boltzina_vina_zero_binary,0.5,one_bounded,930,340,0,4261,4261,3199.0,0.7384271733578583,0.7507627317531096
source_representative,plus__boltzina_vina_zero_binary,0.5,both_bounded,930,0,0,0,0,0.0,,
source_representative,mean__boltzina_vina_zero_binary,0.5,all_determinate,930,373,0,6496,6496,4561.0,0.6866356606494993,0.7021243842364532
source_representative,mean__boltzina_vina_zero_binary,0.5,both_exact,930,261,0,2235,2235,1471.0,0.6213295148161049,0.658165548098434
source_representative,mean__boltzina_vina_zero_binary,0.5,one_bounded,930,340,0,4261,4261,3090.0,0.7166232329116841,0.72518188218728
source_representative,mean__boltzina_vina_zero_binary,0.5,both_bounded,930,0,0,0,0,0.0,,
source_representative,mean_relative__boltzina_vina_zero_binary,0.5,all_determinate,930,373,0,6496,6496,4658.0,0.6950610980500596,0.7170566502463054
source_representative,mean_relative__boltzina_vina_zero_binary,0.5,both_exact,930,261,0,2235,2235,1494.0,0.6177127044943137,0.6684563758389261
source_representative,mean_relative__boltzina_vina_zero_binary,0.5,one_bounded,930,340,0,4261,4261,3164.0,0.7240012544569092,0.7425486974888523
source_representative,mean_relative__boltzina_vina_zero_binary,0.5,both_bounded,930,0,0,0,0,0.0,,
source_representative,availability__gnina,0.5,all_determinate,930,373,0,6496,6496,4599.0,0.690310472346354,0.7079741379310345
source_representative,availability__gnina,0.5,both_exact,930,261,0,2235,2235,1472.0,0.630271608624099,0.6586129753914989
source_representative,availability__gnina,0.5,one_bounded,930,340,0,4261,4261,3127.0,0.7214399314451464,0.7338652898380662
source_representative,availability__gnina,0.5,both_bounded,930,0,0,0,0,0.0,,
source_representative,plus__gnina,0.5,all_determinate,930,373,0,6496,6496,4669.0,0.700190397356195,0.71875
source_representative,plus__gnina,0.5,both_exact,930,261,0,2235,2235,1534.0,0.6497184027835368,0.6863534675615213
source_representative,plus__gnina,0.5,one_bounded,930,340,0,4261,4261,3135.0,0.7226204373553919,0.7357427833841821
source_representative,plus__gnina,0.5,both_bounded,930,0,0,0,0,0.0,,
source_representative,mean__gnina,0.5,all_determinate,930,373,0,6496,6496,4546.0,0.6770238826520082,0.6998152709359606
source_representative,mean__gnina,0.5,both_exact,930,261,0,2235,2235,1471.0,0.6409540580038664,0.658165548098434
source_representative,mean__gnina,0.5,one_bounded,930,340,0,4261,4261,3075.0,0.7024996627260797,0.7216615817883126
source_representative,mean__gnina,0.5,both_bounded,930,0,0,0,0,0.0,,
source_representative,mean_relative__gnina,0.5,all_determinate,930,373,0,6496,6496,4687.0,0.697136033331186,0.7215209359605911
source_representative,mean_relative__gnina,0.5,both_exact,930,261,0,2235,2235,1517.0,0.6417220922968049,0.6787472035794183
source_representative,mean_relative__gnina,0.5,one_bounded,930,340,0,4261,4261,3170.0,0.7260477678104041,0.7439568176484394
source_representative,mean_relative__gnina,0.5,both_bounded,930,0,0,0,0,0.0,,
source_representative,availability__nesso_affinity,0.5,all_determinate,930,373,0,6496,6496,4599.0,0.690310472346354,0.7079741379310345
source_representative,availability__nesso_affinity,0.5,both_exact,930,261,0,2235,2235,1472.0,0.630271608624099,0.6586129753914989
source_representative,availability__nesso_affinity,0.5,one_bounded,930,340,0,4261,4261,3127.0,0.7214399314451464,0.7338652898380662
source_representative,availability__nesso_affinity,0.5,both_bounded,930,0,0,0,0,0.0,,
source_representative,plus__nesso_affinity,0.5,all_determinate,930,373,0,6496,6496,4772.0,0.7163046685919814,0.7346059113300493
source_representative,plus__nesso_affinity,0.5,both_exact,930,261,0,2235,2235,1560.0,0.657697850609728,0.697986577181208
source_representative,plus__nesso_affinity,0.5,one_bounded,930,340,0,4261,4261,3212.0,0.7448823082408306,0.753813658765548
source_representative,plus__nesso_affinity,0.5,both_bounded,930,0,0,0,0,0.0,,
source_representative,mean__nesso_affinity,0.5,all_determinate,930,373,0,6496,6496,4560.0,0.6860891592774325,0.7019704433497537
source_representative,mean__nesso_affinity,0.5,both_exact,930,261,0,2235,2235,1496.0,0.6257862330659265,0.669351230425056
source_representative,mean__nesso_affinity,0.5,one_bounded,930,340,0,4261,4261,3064.0,0.7125475893461927,0.7190800281624032
source_representative,mean__nesso_affinity,0.5,both_bounded,930,0,0,0,0,0.0,,
source_representative,mean_relative__nesso_affinity,0.5,all_determinate,930,373,0,6496,6496,4820.0,0.7120132128709706,0.7419950738916257
source_representative,mean_relative__nesso_affinity,0.5,both_exact,930,261,0,2235,2235,1568.0,0.6609564906499772,0.7015659955257271
source_representative,mean_relative__nesso_affinity,0.5,one_bounded,930,340,0,4261,4261,3252.0,0.7406712420661186,0.7632011264961277
source_representative,mean_relative__nesso_affinity,0.5,both_bounded,930,0,0,0,0,0.0,,
source_representative,availability__nesso_binary,0.5,all_determinate,930,373,0,6496,6496,4599.0,0.690310472346354,0.7079741379310345
source_representative,availability__nesso_binary,0.5,both_exact,930,261,0,2235,2235,1472.0,0.630271608624099,0.6586129753914989
source_representative,availability__nesso_binary,0.5,one_bounded,930,340,0,4261,4261,3127.0,0.7214399314451464,0.7338652898380662
source_representative,availability__nesso_binary,0.5,both_bounded,930,0,0,0,0,0.0,,
source_representative,plus__nesso_binary,0.5,all_determinate,930,373,0,6496,6496,4652.0,0.70470311652783,0.7161330049261084
source_representative,plus__nesso_binary,0.5,both_exact,930,261,0,2235,2235,1493.0,0.6320933288366238,0.6680089485458613
source_representative,plus__nesso_binary,0.5,one_bounded,930,340,0,4261,4261,3159.0,0.7358239592370472,0.74137526402253
source_representative,plus__nesso_binary,0.5,both_bounded,930,0,0,0,0,0.0,,
source_representative,mean__nesso_binary,0.5,all_determinate,930,373,0,6496,6496,4538.0,0.6802612532698158,0.6985837438423645
source_representative,mean__nesso_binary,0.5,both_exact,930,261,0,2235,2235,1443.0,0.6091309003186397,0.6456375838926175
source_representative,mean__nesso_binary,0.5,one_bounded,930,340,0,4261,4261,3095.0,0.7119347021852951,0.7263553156536025
source_representative,mean__nesso_binary,0.5,both_bounded,930,0,0,0,0,0.0,,
source_representative,mean_relative__nesso_binary,0.5,all_determinate,930,373,0,6496,6496,4647.0,0.6973479423492431,0.7153633004926109
source_representative,mean_relative__nesso_binary,0.5,both_exact,930,261,0,2235,2235,1478.0,0.6272503358710256,0.6612975391498881
source_representative,mean_relative__nesso_binary,0.5,one_bounded,930,340,0,4261,4261,3169.0,0.7327483683346013,0.7437221309551748
source_representative,mean_relative__nesso_binary,0.5,both_bounded,930,0,0,0,0,0.0,,
source_representative,availability__raw_ad4,0.5,all_determinate,930,373,0,6496,6496,4599.0,0.690310472346354,0.7079741379310345
source_representative,availability__raw_ad4,0.5,both_exact,930,261,0,2235,2235,1472.0,0.630271608624099,0.6586129753914989
source_representative,availability__raw_ad4,0.5,one_bounded,930,340,0,4261,4261,3127.0,0.7214399314451464,0.7338652898380662
source_representative,availability__raw_ad4,0.5,both_bounded,930,0,0,0,0,0.0,,
source_representative,plus__raw_ad4,0.5,all_determinate,930,373,0,6496,6496,4669.0,0.707846969270122,0.71875
source_representative,plus__raw_ad4,0.5,both_exact,930,261,0,2235,2235,1503.0,0.6587325545179951,0.6724832214765101
source_representative,plus__raw_ad4,0.5,one_bounded,930,340,0,4261,4261,3166.0,0.7371255719924016,0.7430180708753814
source_representative,plus__raw_ad4,0.5,both_bounded,930,0,0,0,0,0.0,,
source_representative,mean__raw_ad4,0.5,all_determinate,930,373,0,6496,6496,4642.0,0.7016994820428237,0.7145935960591133
source_representative,mean__raw_ad4,0.5,both_exact,930,261,0,2235,2235,1500.0,0.6456692449029614,0.6711409395973155
source_representative,mean__raw_ad4,0.5,one_bounded,930,340,0,4261,4261,3142.0,0.7300009824487171,0.7373855902370335
source_representative,mean__raw_ad4,0.5,both_bounded,930,0,0,0,0,0.0,,
source_representative,mean_relative__raw_ad4,0.5,all_determinate,930,373,0,6496,6496,4662.0,0.7048144032904611,0.7176724137931034
source_representative,mean_relative__raw_ad4,0.5,both_exact,930,261,0,2235,2235,1500.0,0.6506318429690077,0.6711409395973155
source_representative,mean_relative__raw_ad4,0.5,one_bounded,930,340,0,4261,4261,3162.0,0.7356195971425685,0.7420793241023234
source_representative,mean_relative__raw_ad4,0.5,both_bounded,930,0,0,0,0,0.0,,
source_representative,availability__raw_gnina_own,0.5,all_determinate,930,373,0,6496,6496,4598.0,0.6894168172972029,0.707820197044335
source_representative,availability__raw_gnina_own,0.5,both_exact,930,261,0,2235,2235,1472.0,0.630271608624099,0.6586129753914989
source_representative,availability__raw_gnina_own,0.5,one_bounded,930,340,0,4261,4261,3126.0,0.7204595392882838,0.7336306031448017
source_representative,availability__raw_gnina_own,0.5,both_bounded,930,0,0,0,0,0.0,,
source_representative,plus__raw_gnina_own,0.5,all_determinate,930,373,0,6496,6496,4596.0,0.6911204484554664,0.7075123152709359
source_representative,plus__raw_gnina_own,0.5,both_exact,930,261,0,2235,2235,1478.0,0.6193500411891216,0.6612975391498881
source_representative,plus__raw_gnina_own,0.5,one_bounded,930,340,0,4261,4261,3118.0,0.7218630211452597,0.7317531095986858
source_representative,plus__raw_gnina_own,0.5,both_bounded,930,0,0,0,0,0.0,,
source_representative,mean__raw_gnina_own,0.5,all_determinate,930,373,0,6496,6496,4624.0,0.6998569111097104,0.7118226600985221
source_representative,mean__raw_gnina_own,0.5,both_exact,930,261,0,2235,2235,1494.0,0.6532450024787189,0.6684563758389261
source_representative,mean__raw_gnina_own,0.5,one_bounded,930,340,0,4261,4261,3130.0,0.7267496288307171,0.7345693499178596
source_representative,mean__raw_gnina_own,0.5,both_bounded,930,0,0,0,0,0.0,,
source_representative,mean_relative__raw_gnina_own,0.5,all_determinate,930,373,0,6496,6496,4692.0,0.7092348562590771,0.7222906403940886
source_representative,mean_relative__raw_gnina_own,0.5,both_exact,930,261,0,2235,2235,1511.0,0.6376607711856753,0.6760626398210291
source_representative,mean_relative__raw_gnina_own,0.5,one_bounded,930,340,0,4261,4261,3181.0,0.7415094497510536,0.7465383712743487
source_representative,mean_relative__raw_gnina_own,0.5,both_bounded,930,0,0,0,0,0.0,,
source_representative,availability__vina,0.5,all_determinate,930,373,0,6496,6496,4599.0,0.690310472346354,0.7079741379310345
source_representative,availability__vina,0.5,both_exact,930,261,0,2235,2235,1472.0,0.630271608624099,0.6586129753914989
source_representative,availability__vina,0.5,one_bounded,930,340,0,4261,4261,3127.0,0.7214399314451464,0.7338652898380662
source_representative,availability__vina,0.5,both_bounded,930,0,0,0,0,0.0,,
source_representative,plus__vina,0.5,all_determinate,930,373,0,6496,6496,4548.0,0.6809554936326365,0.7001231527093597
source_representative,plus__vina,0.5,both_exact,930,261,0,2235,2235,1454.0,0.6315478263754126,0.6505592841163311
source_representative,plus__vina,0.5,one_bounded,930,340,0,4261,4261,3094.0,0.7065139022641328,0.7261206289603379
source_representative,plus__vina,0.5,both_bounded,930,0,0,0,0,0.0,,
source_representative,mean__vina,0.5,all_determinate,930,373,0,6496,6496,4649.0,0.708205605614853,0.7156711822660099
source_representative,mean__vina,0.5,both_exact,930,261,0,2235,2235,1494.0,0.6503388196874786,0.6684563758389261
source_representative,mean__vina,0.5,one_bounded,930,340,0,4261,4261,3155.0,0.7366973722630954,0.7404365172494719
source_representative,mean__vina,0.5,both_bounded,930,0,0,0,0,0.0,,
source_representative,mean_relative__vina,0.5,all_determinate,930,373,0,6496,6496,4692.0,0.7134100315799573,0.7222906403940886
source_representative,mean_relative__vina,0.5,both_exact,930,261,0,2235,2235,1489.0,0.6389713592778727,0.6662192393736018
source_representative,mean_relative__vina,0.5,one_bounded,930,340,0,4261,4261,3203.0,0.7487940295105686,0.7517014785261675
source_representative,mean_relative__vina,0.5,both_bounded,930,0,0,0,0,0.0,,
source_representative,native__boltz_affinity,0.5,all_determinate,930,373,0,6496,6496,3863.0,0.5620658891389907,0.5946736453201971
source_representative,native__boltz_affinity,0.5,both_exact,930,261,0,2235,2235,1349.0,0.5827234210375972,0.603579418344519
source_representative,native__boltz_affinity,0.5,one_bounded,930,340,0,4261,4261,2514.0,0.5584008730119223,0.5900023468669326
source_representative,native__boltz_affinity,0.5,both_bounded,930,0,0,0,0,0.0,,
source_representative,native__boltz_binary,0.5,all_determinate,930,373,0,6496,6496,4428.0,0.6588247248321865,0.6816502463054187
source_representative,native__boltz_binary,0.5,both_exact,930,261,0,2235,2235,1467.0,0.6193682860349526,0.6563758389261745
source_representative,native__boltz_binary,0.5,one_bounded,930,340,0,4261,4261,2961.0,0.669977022623152,0.6949072987561605
source_representative,native__boltz_binary,0.5,both_bounded,930,0,0,0,0,0.0,,
source_representative,native__boltzina_vina_far_affinity,0.5,all_determinate,930,373,0,6496,6496,3812.0,0.5633429089572257,0.5868226600985221
source_representative,native__boltzina_vina_far_affinity,0.5,both_exact,930,261,0,2235,2235,1355.0,0.5747355879539788,0.6062639821029083
source_representative,native__boltzina_vina_far_affinity,0.5,one_bounded,930,340,0,4261,4261,2457.0,0.5609944838593803,0.5766252053508566
source_representative,native__boltzina_vina_far_affinity,0.5,both_bounded,930,0,0,0,0,0.0,,
source_representative,native__boltzina_vina_far_binary,0.5,all_determinate,930,373,0,6496,6496,4495.0,0.6701386313571764,0.6919642857142857
source_representative,native__boltzina_vina_far_binary,0.5,both_exact,930,261,0,2235,2235,1503.0,0.6373898628687901,0.6724832214765101
source_representative,native__boltzina_vina_far_binary,0.5,one_bounded,930,340,0,4261,4261,2992.0,0.6848865517360594,0.7021825862473597
source_representative,native__boltzina_vina_far_binary,0.5,both_bounded,930,0,0,0,0,0.0,,
source_representative,native__boltzina_vina_zero_affinity,0.5,all_determinate,930,373,0,6496,6496,3812.0,0.5633429089572257,0.5868226600985221
source_representative,native__boltzina_vina_zero_affinity,0.5,both_exact,930,261,0,2235,2235,1355.0,0.5747355879539788,0.6062639821029083
source_representative,native__boltzina_vina_zero_affinity,0.5,one_bounded,930,340,0,4261,4261,2457.0,0.5609944838593803,0.5766252053508566
source_representative,native__boltzina_vina_zero_affinity,0.5,both_bounded,930,0,0,0,0,0.0,,
source_representative,native__boltzina_vina_zero_binary,0.5,all_determinate,930,373,0,6496,6496,4495.0,0.6701386313571764,0.6919642857142857
source_representative,native__boltzina_vina_zero_binary,0.5,both_exact,930,261,0,2235,2235,1503.0,0.6373898628687901,0.6724832214765101
source_representative,native__boltzina_vina_zero_binary,0.5,one_bounded,930,340,0,4261,4261,2992.0,0.6848865517360594,0.7021825862473597
source_representative,native__boltzina_vina_zero_binary,0.5,both_bounded,930,0,0,0,0,0.0,,
source_representative,native__gnina,0.5,all_determinate,930,373,0,6496,6496,3918.0,0.6129066023803486,0.6031403940886699
source_representative,native__gnina,0.5,both_exact,930,261,0,2235,2235,1317.0,0.5876546895703983,0.5892617449664429
source_representative,native__gnina,0.5,one_bounded,930,340,0,4261,4261,2601.0,0.6096930109173158,0.6104200891809435
source_representative,native__gnina,0.5,both_bounded,930,0,0,0,0,0.0,,
source_representative,native__nesso_affinity,0.5,all_determinate,930,373,0,6496,6496,3788.0,0.55521162589458,0.583128078817734
source_representative,native__nesso_affinity,0.5,both_exact,930,261,0,2235,2235,1283.0,0.5424660765656935,0.5740492170022371
source_representative,native__nesso_affinity,0.5,one_bounded,930,340,0,4261,4261,2505.0,0.5676277551262378,0.5878901666275522
source_representative,native__nesso_affinity,0.5,both_bounded,930,0,0,0,0,0.0,,
source_representative,native__nesso_binary,0.5,all_determinate,930,373,0,6496,6496,4183.0,0.6190976568175237,0.6439347290640394
source_representative,native__nesso_binary,0.5,both_exact,930,261,0,2235,2235,1338.0,0.5881406659184437,0.5986577181208054
source_representative,native__nesso_binary,0.5,one_bounded,930,340,0,4261,4261,2845.0,0.6501608491366812,0.6676836423374795
source_representative,native__nesso_binary,0.5,both_bounded,930,0,0,0,0,0.0,,
source_representative,native__raw_ad4,0.5,all_determinate,930,373,0,6496,6496,3602.0,0.5432162975080075,0.5544950738916257
source_representative,native__raw_ad4,0.5,both_exact,930,261,0,2235,2235,1179.5,0.5072764683875794,0.5277404921700224
source_representative,native__raw_ad4,0.5,one_bounded,930,340,0,4261,4261,2422.5,0.5596458954862389,0.5685285144332316
source_representative,native__raw_ad4,0.5,both_bounded,930,0,0,0,0,0.0,,
source_representative,native__raw_gnina_own,0.5,all_determinate,930,373,0,6496,6496,3885.0,0.62776057059596,0.5980603448275862
source_representative,native__raw_gnina_own,0.5,both_exact,930,261,0,2235,2235,1339.0,0.6045267489711934,0.5991051454138703
source_representative,native__raw_gnina_own,0.5,one_bounded,930,340,0,4261,4261,2546.0,0.620668381156207,0.5975123210513964
source_representative,native__raw_gnina_own,0.5,both_bounded,930,0,0,0,0,0.0,,
source_representative,native__vina,0.5,all_determinate,930,373,0,6496,6496,3903.5,0.5804399141812819,0.6009082512315271
source_representative,native__vina,0.5,both_exact,930,261,0,2235,2235,1163.0,0.4954656490097103,0.5203579418344519
source_representative,native__vina,0.5,one_bounded,930,340,0,4261,4261,2740.5,0.6211274507583027,0.64315888289134
source_representative,native__vina,0.5,both_bounded,930,0,0,0,0,0.0,,
source_representative,target_prior,1.0,all_determinate,930,373,0,6496,6496,4103.0,0.5984607084139935,0.6316194581280788
source_representative,target_prior,1.0,both_exact,930,261,0,2235,2235,1384.0,0.5972416188891285,0.6192393736017897
source_representative,target_prior,1.0,one_bounded,930,340,0,4261,4261,2719.0,0.6125712077101634,0.6381131189861535
source_representative,target_prior,1.0,both_bounded,930,0,0,0,0,0.0,,
source_representative,chemistry,1.0,all_determinate,930,373,0,6496,6496,4751.0,0.7112178424751265,0.7313731527093597
source_representative,chemistry,1.0,both_exact,930,261,0,2235,2235,1529.0,0.6497143483733522,0.6841163310961969
source_representative,chemistry,1.0,one_bounded,930,340,0,4261,4261,3222.0,0.7453871146242774,0.7561605256981929
source_representative,chemistry,1.0,both_bounded,930,0,0,0,0,0.0,,
source_representative,availability__boltz_affinity,1.0,all_determinate,930,373,0,6496,6496,4751.0,0.7112178424751265,0.7313731527093597
source_representative,availability__boltz_affinity,1.0,both_exact,930,261,0,2235,2235,1529.0,0.6497143483733522,0.6841163310961969
source_representative,availability__boltz_affinity,1.0,one_bounded,930,340,0,4261,4261,3222.0,0.7453871146242774,0.7561605256981929
source_representative,availability__boltz_affinity,1.0,both_bounded,930,0,0,0,0,0.0,,
source_representative,plus__boltz_affinity,1.0,all_determinate,930,373,0,6496,6496,4832.0,0.7173513333315308,0.7438423645320197
source_representative,plus__boltz_affinity,1.0,both_exact,930,261,0,2235,2235,1562.0,0.6541924444223295,0.6988814317673379
source_representative,plus__boltz_affinity,1.0,one_bounded,930,340,0,4261,4261,3270.0,0.7389539824121887,0.7674254869748885
source_representative,plus__boltz_affinity,1.0,both_bounded,930,0,0,0,0,0.0,,
source_representative,mean__boltz_affinity,1.0,all_determinate,930,373,0,6496,6496,4636.0,0.6962766699106979,0.7136699507389163
source_representative,mean__boltz_affinity,1.0,both_exact,930,261,0,2235,2235,1504.0,0.6406993673277198,0.672930648769575
source_representative,mean__boltz_affinity,1.0,one_bounded,930,340,0,4261,4261,3132.0,0.724167580794017,0.7350387233043887
source_representative,mean__boltz_affinity,1.0,both_bounded,930,0,0,0,0,0.0,,
source_representative,mean_relative__boltz_affinity,1.0,all_determinate,930,373,0,6496,6496,4845.0,0.7145791959337338,0.7458435960591133
source_representative,mean_relative__boltz_affinity,1.0,both_exact,930,261,0,2235,2235,1565.0,0.6542703996726985,0.7002237136465325
source_representative,mean_relative__boltz_affinity,1.0,one_bounded,930,340,0,4261,4261,3280.0,0.7378957318720815,0.7697723539075334
source_representative,mean_relative__boltz_affinity,1.0,both_bounded,930,0,0,0,0,0.0,,
source_representative,availability__boltz_binary,1.0,all_determinate,930,373,0,6496,6496,4751.0,0.7112178424751265,0.7313731527093597
source_representative,availability__boltz_binary,1.0,both_exact,930,261,0,2235,2235,1529.0,0.6497143483733522,0.6841163310961969
source_representative,availability__boltz_binary,1.0,one_bounded,930,340,0,4261,4261,3222.0,0.7453871146242774,0.7561605256981929
source_representative,availability__boltz_binary,1.0,both_bounded,930,0,0,0,0,0.0,,
source_representative,plus__boltz_binary,1.0,all_determinate,930,373,0,6496,6496,4798.0,0.7174514819317427,0.7386083743842364
source_representative,plus__boltz_binary,1.0,both_exact,930,261,0,2235,2235,1541.0,0.6327893052030983,0.6894854586129754
source_representative,plus__boltz_binary,1.0,one_bounded,930,340,0,4261,4261,3257.0,0.7463229917568174,0.7643745599624502
source_representative,plus__boltz_binary,1.0,both_bounded,930,0,0,0,0,0.0,,
source_representative,mean__boltz_binary,1.0,all_determinate,930,373,0,6496,6496,4692.0,0.700504630961808,0.7222906403940886
source_representative,mean__boltz_binary,1.0,both_exact,930,261,0,2235,2235,1517.0,0.6436569674117567,0.6787472035794183
source_representative,mean__boltz_binary,1.0,one_bounded,930,340,0,4261,4261,3175.0,0.7340194743046019,0.7451302511147618
source_representative,mean__boltz_binary,1.0,both_bounded,930,0,0,0,0,0.0,,
source_representative,mean_relative__boltz_binary,1.0,all_determinate,930,373,0,6496,6496,4826.0,0.7198870986610347,0.7429187192118226
source_representative,mean_relative__boltz_binary,1.0,both_exact,930,261,0,2235,2235,1537.0,0.6364745797695989,0.6876957494407159
source_representative,mean_relative__boltz_binary,1.0,one_bounded,930,340,0,4261,4261,3289.0,0.7535830110051583,0.7718845341469138
source_representative,mean_relative__boltz_binary,1.0,both_bounded,930,0,0,0,0,0.0,,
source_representative,availability__boltzina_vina_far_affinity,1.0,all_determinate,930,373,0,6496,6496,4748.0,0.7101481688206347,0.7309113300492611
source_representative,availability__boltzina_vina_far_affinity,1.0,both_exact,930,261,0,2235,2235,1528.0,0.6507592804527669,0.6836689038031319
source_representative,availability__boltzina_vina_far_affinity,1.0,one_bounded,930,340,0,4261,4261,3220.0,0.7447872554621117,0.755691152311664
source_representative,availability__boltzina_vina_far_affinity,1.0,both_bounded,930,0,0,0,0,0.0,,
source_representative,plus__boltzina_vina_far_affinity,1.0,all_determinate,930,373,0,6496,6496,4814.0,0.7067441680443405,0.7410714285714286
source_representative,plus__boltzina_vina_far_affinity,1.0,both_exact,930,261,0,2235,2235,1590.0,0.6678138804575585,0.7114093959731543
source_representative,plus__boltzina_vina_far_affinity,1.0,one_bounded,930,340,0,4261,4261,3224.0,0.7262522620529833,0.7566298990847219
source_representative,plus__boltzina_vina_far_affinity,1.0,both_bounded,930,0,0,0,0,0.0,,
source_representative,mean__boltzina_vina_far_affinity,1.0,all_determinate,930,373,0,6496,6496,4615.0,0.6926105705810642,0.7104371921182266
source_representative,mean__boltzina_vina_far_affinity,1.0,both_exact,930,261,0,2235,2235,1498.0,0.6365687526607067,0.6702460850111857
source_representative,mean__boltzina_vina_far_affinity,1.0,one_bounded,930,340,0,4261,4261,3117.0,0.721343484267908,0.7315184229054212
source_representative,mean__boltzina_vina_far_affinity,1.0,both_bounded,930,0,0,0,0,0.0,,
source_representative,mean_relative__boltzina_vina_far_affinity,1.0,all_determinate,930,373,0,6496,6496,4841.0,0.7157543999535855,0.7452278325123153
source_representative,mean_relative__boltzina_vina_far_affinity,1.0,both_exact,930,261,0,2235,2235,1583.0,0.6718661712914586,0.7082774049217002
source_representative,mean_relative__boltzina_vina_far_affinity,1.0,one_bounded,930,340,0,4261,4261,3258.0,0.7360959369792024,0.7646092466557146
source_representative,mean_relative__boltzina_vina_far_affinity,1.0,both_bounded,930,0,0,0,0,0.0,,
source_representative,availability__boltzina_vina_far_binary,1.0,all_determinate,930,373,0,6496,6496,4748.0,0.7101481688206347,0.7309113300492611
source_representative,availability__boltzina_vina_far_binary,1.0,both_exact,930,261,0,2235,2235,1528.0,0.6507592804527669,0.6836689038031319
source_representative,availability__boltzina_vina_far_binary,1.0,one_bounded,930,340,0,4261,4261,3220.0,0.7447872554621117,0.755691152311664
source_representative,availability__boltzina_vina_far_binary,1.0,both_bounded,930,0,0,0,0,0.0,,
source_representative,plus__boltzina_vina_far_binary,1.0,all_determinate,930,373,0,6496,6496,4819.0,0.711766299772666,0.7418411330049262
source_representative,plus__boltzina_vina_far_binary,1.0,both_exact,930,261,0,2235,2235,1561.0,0.6460133168945429,0.698434004474273
source_representative,plus__boltzina_vina_far_binary,1.0,one_bounded,930,340,0,4261,4261,3258.0,0.7388027454078284,0.7646092466557146
source_representative,plus__boltzina_vina_far_binary,1.0,both_bounded,930,0,0,0,0,0.0,,
source_representative,mean__boltzina_vina_far_binary,1.0,all_determinate,930,373,0,6496,6496,4688.0,0.7014761169569319,0.7216748768472906
source_representative,mean__boltzina_vina_far_binary,1.0,both_exact,930,261,0,2235,2235,1512.0,0.6460694336173263,0.676510067114094
source_representative,mean__boltzina_vina_far_binary,1.0,one_bounded,930,340,0,4261,4261,3176.0,0.734190760231488,0.7453649378080263
source_representative,mean__boltzina_vina_far_binary,1.0,both_bounded,930,0,0,0,0,0.0,,
source_representative,mean_relative__boltzina_vina_far_binary,1.0,all_determinate,930,373,0,6496,6496,4830.0,0.7163710300526581,0.7435344827586207
source_representative,mean_relative__boltzina_vina_far_binary,1.0,both_exact,930,261,0,2235,2235,1537.0,0.6335479406360632,0.6876957494407159
source_representative,mean_relative__boltzina_vina_far_binary,1.0,one_bounded,930,340,0,4261,4261,3293.0,0.7492688191770346,0.7728232809199719
source_representative,mean_relative__boltzina_vina_far_binary,1.0,both_bounded,930,0,0,0,0,0.0,,
source_representative,availability__boltzina_vina_zero_affinity,1.0,all_determinate,930,373,0,6496,6496,4748.0,0.7101481688206347,0.7309113300492611
source_representative,availability__boltzina_vina_zero_affinity,1.0,both_exact,930,261,0,2235,2235,1528.0,0.6507592804527669,0.6836689038031319
source_representative,availability__boltzina_vina_zero_affinity,1.0,one_bounded,930,340,0,4261,4261,3220.0,0.7447872554621117,0.755691152311664
source_representative,availability__boltzina_vina_zero_affinity,1.0,both_bounded,930,0,0,0,0,0.0,,
source_representative,plus__boltzina_vina_zero_affinity,1.0,all_determinate,930,373,0,6496,6496,4814.0,0.7067441680443405,0.7410714285714286
source_representative,plus__boltzina_vina_zero_affinity,1.0,both_exact,930,261,0,2235,2235,1590.0,0.6678138804575585,0.7114093959731543
source_representative,plus__boltzina_vina_zero_affinity,1.0,one_bounded,930,340,0,4261,4261,3224.0,0.7262522620529833,0.7566298990847219
source_representative,plus__boltzina_vina_zero_affinity,1.0,both_bounded,930,0,0,0,0,0.0,,
source_representative,mean__boltzina_vina_zero_affinity,1.0,all_determinate,930,373,0,6496,6496,4615.0,0.6926105705810642,0.7104371921182266
source_representative,mean__boltzina_vina_zero_affinity,1.0,both_exact,930,261,0,2235,2235,1498.0,0.6365687526607067,0.6702460850111857
source_representative,mean__boltzina_vina_zero_affinity,1.0,one_bounded,930,340,0,4261,4261,3117.0,0.721343484267908,0.7315184229054212
source_representative,mean__boltzina_vina_zero_affinity,1.0,both_bounded,930,0,0,0,0,0.0,,
source_representative,mean_relative__boltzina_vina_zero_affinity,1.0,all_determinate,930,373,0,6496,6496,4841.0,0.7157543999535855,0.7452278325123153
source_representative,mean_relative__boltzina_vina_zero_affinity,1.0,both_exact,930,261,0,2235,2235,1583.0,0.6718661712914586,0.7082774049217002
source_representative,mean_relative__boltzina_vina_zero_affinity,1.0,one_bounded,930,340,0,4261,4261,3258.0,0.7360959369792024,0.7646092466557146
source_representative,mean_relative__boltzina_vina_zero_affinity,1.0,both_bounded,930,0,0,0,0,0.0,,
source_representative,availability__boltzina_vina_zero_binary,1.0,all_determinate,930,373,0,6496,6496,4748.0,0.7101481688206347,0.7309113300492611
source_representative,availability__boltzina_vina_zero_binary,1.0,both_exact,930,261,0,2235,2235,1528.0,0.6507592804527669,0.6836689038031319
source_representative,availability__boltzina_vina_zero_binary,1.0,one_bounded,930,340,0,4261,4261,3220.0,0.7447872554621117,0.755691152311664
source_representative,availability__boltzina_vina_zero_binary,1.0,both_bounded,930,0,0,0,0,0.0,,
source_representative,plus__boltzina_vina_zero_binary,1.0,all_determinate,930,373,0,6496,6496,4819.0,0.711766299772666,0.7418411330049262
source_representative,plus__boltzina_vina_zero_binary,1.0,both_exact,930,261,0,2235,2235,1561.0,0.6460133168945429,0.698434004474273
source_representative,plus__boltzina_vina_zero_binary,1.0,one_bounded,930,340,0,4261,4261,3258.0,0.7388027454078284,0.7646092466557146
source_representative,plus__boltzina_vina_zero_binary,1.0,both_bounded,930,0,0,0,0,0.0,,
source_representative,mean__boltzina_vina_zero_binary,1.0,all_determinate,930,373,0,6496,6496,4688.0,0.7014761169569319,0.7216748768472906
source_representative,mean__boltzina_vina_zero_binary,1.0,both_exact,930,261,0,2235,2235,1512.0,0.6460694336173263,0.676510067114094
source_representative,mean__boltzina_vina_zero_binary,1.0,one_bounded,930,340,0,4261,4261,3176.0,0.734190760231488,0.7453649378080263
source_representative,mean__boltzina_vina_zero_binary,1.0,both_bounded,930,0,0,0,0,0.0,,
source_representative,mean_relative__boltzina_vina_zero_binary,1.0,all_determinate,930,373,0,6496,6496,4830.0,0.7163710300526581,0.7435344827586207
source_representative,mean_relative__boltzina_vina_zero_binary,1.0,both_exact,930,261,0,2235,2235,1537.0,0.6335479406360632,0.6876957494407159
source_representative,mean_relative__boltzina_vina_zero_binary,1.0,one_bounded,930,340,0,4261,4261,3293.0,0.7492688191770346,0.7728232809199719
source_representative,mean_relative__boltzina_vina_zero_binary,1.0,both_bounded,930,0,0,0,0,0.0,,
source_representative,availability__gnina,1.0,all_determinate,930,373,0,6496,6496,4747.0,0.7083460888878774,0.7307573891625616
source_representative,availability__gnina,1.0,both_exact,930,261,0,2235,2235,1525.0,0.6487960244665226,0.6823266219239373
source_representative,availability__gnina,1.0,one_bounded,930,340,0,4261,4261,3222.0,0.7439089874882556,0.7561605256981929
source_representative,availability__gnina,1.0,both_bounded,930,0,0,0,0,0.0,,
source_representative,plus__gnina,1.0,all_determinate,930,373,0,6496,6496,4748.0,0.7090329356317051,0.7309113300492611
source_representative,plus__gnina,1.0,both_exact,930,261,0,2235,2235,1550.0,0.6622121599133093,0.6935123042505593
source_representative,plus__gnina,1.0,one_bounded,930,340,0,4261,4261,3198.0,0.7359458492137659,0.7505280450598452
source_representative,plus__gnina,1.0,both_bounded,930,0,0,0,0,0.0,,
source_representative,mean__gnina,1.0,all_determinate,930,373,0,6496,6496,4731.0,0.7014223340512691,0.7282943349753694
source_representative,mean__gnina,1.0,both_exact,930,261,0,2235,2235,1531.0,0.651619829014465,0.6850111856823267
source_representative,mean__gnina,1.0,one_bounded,930,340,0,4261,4261,3200.0,0.7352420659550973,0.7509974184463741
source_representative,mean__gnina,1.0,both_bounded,930,0,0,0,0,0.0,,
source_representative,mean_relative__gnina,1.0,all_determinate,930,373,0,6496,6496,4774.0,0.7073180807866782,0.7349137931034483
source_representative,mean_relative__gnina,1.0,both_exact,930,261,0,2235,2235,1562.0,0.6616251918933911,0.6988814317673379
source_representative,mean_relative__gnina,1.0,one_bounded,930,340,0,4261,4261,3212.0,0.7341459655293895,0.753813658765548
source_representative,mean_relative__gnina,1.0,both_bounded,930,0,0,0,0,0.0,,
source_representative,availability__nesso_affinity,1.0,all_determinate,930,373,0,6496,6496,4747.0,0.7083460888878774,0.7307573891625616
source_representative,availability__nesso_affinity,1.0,both_exact,930,261,0,2235,2235,1525.0,0.6487960244665226,0.6823266219239373
source_representative,availability__nesso_affinity,1.0,one_bounded,930,340,0,4261,4261,3222.0,0.7439089874882556,0.7561605256981929
source_representative,availability__nesso_affinity,1.0,both_bounded,930,0,0,0,0,0.0,,
source_representative,plus__nesso_affinity,1.0,all_determinate,930,373,0,6496,6496,4847.0,0.7217196986584289,0.7461514778325123
source_representative,plus__nesso_affinity,1.0,both_exact,930,261,0,2235,2235,1572.0,0.6701476542472711,0.7033557046979866
source_representative,plus__nesso_affinity,1.0,one_bounded,930,340,0,4261,4261,3275.0,0.7503793786267875,0.768598920441211
source_representative,plus__nesso_affinity,1.0,both_bounded,930,0,0,0,0,0.0,,
source_representative,mean__nesso_affinity,1.0,all_determinate,930,373,0,6496,6496,4698.0,0.7019667275136089,0.7232142857142857
source_representative,mean__nesso_affinity,1.0,both_exact,930,261,0,2235,2235,1526.0,0.6554229579133795,0.6827740492170022
source_representative,mean__nesso_affinity,1.0,one_bounded,930,340,0,4261,4261,3172.0,0.7332113427343369,0.7444261910349683
source_representative,mean__nesso_affinity,1.0,both_bounded,930,0,0,0,0,0.0,,
source_representative,mean_relative__nesso_affinity,1.0,all_determinate,930,373,0,6496,6496,4861.0,0.7193095447771615,0.7483066502463054
source_representative,mean_relative__nesso_affinity,1.0,both_exact,930,261,0,2235,2235,1574.0,0.6706847714510549,0.7042505592841163
source_representative,mean_relative__nesso_affinity,1.0,one_bounded,930,340,0,4261,4261,3287.0,0.7482190099492523,0.7714151607603849
source_representative,mean_relative__nesso_affinity,1.0,both_bounded,930,0,0,0,0,0.0,,
source_representative,availability__nesso_binary,1.0,all_determinate,930,373,0,6496,6496,4747.0,0.7083460888878774,0.7307573891625616
source_representative,availability__nesso_binary,1.0,both_exact,930,261,0,2235,2235,1525.0,0.6487960244665226,0.6823266219239373
source_representative,availability__nesso_binary,1.0,one_bounded,930,340,0,4261,4261,3222.0,0.7439089874882556,0.7561605256981929
source_representative,availability__nesso_binary,1.0,both_bounded,930,0,0,0,0,0.0,,
source_representative,plus__nesso_binary,1.0,all_determinate,930,373,0,6496,6496,4785.0,0.7179494477843655,0.7366071428571429
source_representative,plus__nesso_binary,1.0,both_exact,930,261,0,2235,2235,1545.0,0.6562940110832832,0.6912751677852349
source_representative,plus__nesso_binary,1.0,one_bounded,930,340,0,4261,4261,3240.0,0.7469695953321688,0.7603848861769538
source_representative,plus__nesso_binary,1.0,both_bounded,930,0,0,0,0,0.0,,
source_representative,mean__nesso_binary,1.0,all_determinate,930,373,0,6496,6496,4660.0,0.683792738939687,0.7173645320197044
source_representative,mean__nesso_binary,1.0,both_exact,930,261,0,2235,2235,1495.0,0.6344545620407689,0.668903803131991
source_representative,mean__nesso_binary,1.0,one_bounded,930,340,0,4261,4261,3165.0,0.7180776789878284,0.7427833841821169
source_representative,mean__nesso_binary,1.0,both_bounded,930,0,0,0,0,0.0,,
source_representative,mean_relative__nesso_binary,1.0,all_determinate,930,373,0,6496,6496,4784.0,0.7072181815630763,0.7364532019704434
source_representative,mean_relative__nesso_binary,1.0,both_exact,930,261,0,2235,2235,1548.0,0.6564289123676097,0.6926174496644295
source_representative,mean_relative__nesso_binary,1.0,one_bounded,930,340,0,4261,4261,3236.0,0.7352213565455243,0.7594461394038958
source_representative,mean_relative__nesso_binary,1.0,both_bounded,930,0,0,0,0,0.0,,
source_representative,availability__raw_ad4,1.0,all_determinate,930,373,0,6496,6496,4747.0,0.7083460888878774,0.7307573891625616
source_representative,availability__raw_ad4,1.0,both_exact,930,261,0,2235,2235,1525.0,0.6487960244665226,0.6823266219239373
source_representative,availability__raw_ad4,1.0,one_bounded,930,340,0,4261,4261,3222.0,0.7439089874882556,0.7561605256981929
source_representative,availability__raw_ad4,1.0,both_bounded,930,0,0,0,0,0.0,,
source_representative,plus__raw_ad4,1.0,all_determinate,930,373,0,6496,6496,4741.0,0.707816377512085,0.7298337438423645
source_representative,plus__raw_ad4,1.0,both_exact,930,261,0,2235,2235,1527.0,0.6520253621786187,0.6832214765100671
source_representative,plus__raw_ad4,1.0,one_bounded,930,340,0,4261,4261,3214.0,0.7410561218321893,0.7542830321520769
source_representative,plus__raw_ad4,1.0,both_bounded,930,0,0,0,0,0.0,,
source_representative,mean__raw_ad4,1.0,all_determinate,930,373,0,6496,6496,4741.0,0.708013619398335,0.7298337438423645
source_representative,mean__raw_ad4,1.0,both_exact,930,261,0,2235,2235,1523.0,0.6477237251183611,0.6814317673378076
source_representative,mean__raw_ad4,1.0,one_bounded,930,340,0,4261,4261,3218.0,0.7423334327565589,0.755221778925135
source_representative,mean__raw_ad4,1.0,both_bounded,930,0,0,0,0,0.0,,
source_representative,mean_relative__raw_ad4,1.0,all_determinate,930,373,0,6496,6496,4746.0,0.7083841653475996,0.7306034482758621
source_representative,mean_relative__raw_ad4,1.0,both_exact,930,261,0,2235,2235,1522.0,0.6466066429667962,0.6809843400447427
source_representative,mean_relative__raw_ad4,1.0,one_bounded,930,340,0,4261,4261,3224.0,0.7427513464132497,0.7566298990847219
source_representative,mean_relative__raw_ad4,1.0,both_bounded,930,0,0,0,0,0.0,,
source_representative,availability__raw_gnina_own,1.0,all_determinate,930,373,0,6496,6496,4747.0,0.7083567558579602,0.7307573891625616
source_representative,availability__raw_gnina_own,1.0,both_exact,930,261,0,2235,2235,1526.0,0.6491791662289746,0.6827740492170022
source_representative,availability__raw_gnina_own,1.0,one_bounded,930,340,0,4261,4261,3221.0,0.7437541887266456,0.7559258390049284
source_representative,availability__raw_gnina_own,1.0,both_bounded,930,0,0,0,0,0.0,,
source_representative,plus__raw_gnina_own,1.0,all_determinate,930,373,0,6496,6496,4785.0,0.7174302884172464,0.7366071428571429
source_representative,plus__raw_gnina_own,1.0,both_exact,930,261,0,2235,2235,1553.0,0.6632581977409563,0.6948545861297539
source_representative,plus__raw_gnina_own,1.0,one_bounded,930,340,0,4261,4261,3232.0,0.7447811123685757,0.7585073926308379
source_representative,plus__raw_gnina_own,1.0,both_bounded,930,0,0,0,0,0.0,,
source_representative,mean__raw_gnina_own,1.0,all_determinate,930,373,0,6496,6496,4732.0,0.702985209162937,0.728448275862069
source_representative,mean__raw_gnina_own,1.0,both_exact,930,261,0,2235,2235,1535.0,0.6525381529212947,0.6868008948545862
source_representative,mean__raw_gnina_own,1.0,one_bounded,930,340,0,4261,4261,3197.0,0.7356490830808597,0.7502933583665806
source_representative,mean__raw_gnina_own,1.0,both_bounded,930,0,0,0,0,0.0,,
source_representative,mean_relative__raw_gnina_own,1.0,all_determinate,930,373,0,6496,6496,4765.0,0.7188441748248617,0.7335283251231527
source_representative,mean_relative__raw_gnina_own,1.0,both_exact,930,261,0,2235,2235,1537.0,0.6677595145028095,0.6876957494407159
source_representative,mean_relative__raw_gnina_own,1.0,one_bounded,930,340,0,4261,4261,3228.0,0.7488694364705605,0.7575686458577798
source_representative,mean_relative__raw_gnina_own,1.0,both_bounded,930,0,0,0,0,0.0,,
source_representative,availability__vina,1.0,all_determinate,930,373,0,6496,6496,4747.0,0.7083460888878774,0.7307573891625616
source_representative,availability__vina,1.0,both_exact,930,261,0,2235,2235,1525.0,0.6487960244665226,0.6823266219239373
source_representative,availability__vina,1.0,one_bounded,930,340,0,4261,4261,3222.0,0.7439089874882556,0.7561605256981929
source_representative,availability__vina,1.0,both_bounded,930,0,0,0,0,0.0,,
source_representative,plus__vina,1.0,all_determinate,930,373,0,6496,6496,4774.0,0.7192328237437048,0.7349137931034483
source_representative,plus__vina,1.0,both_exact,930,261,0,2235,2235,1529.0,0.6493890741017178,0.6841163310961969
source_representative,plus__vina,1.0,one_bounded,930,340,0,4261,4261,3245.0,0.7502360703944224,0.7615583196432762
source_representative,plus__vina,1.0,both_bounded,930,0,0,0,0,0.0,,
source_representative,mean__vina,1.0,all_determinate,930,373,0,6496,6496,4763.0,0.7141981557016444,0.7332204433497537
source_representative,mean__vina,1.0,both_exact,930,261,0,2235,2235,1532.0,0.6532903381562385,0.6854586129753915
source_representative,mean__vina,1.0,one_bounded,930,340,0,4261,4261,3231.0,0.7471851570935546,0.7582727059375733
source_representative,mean__vina,1.0,both_bounded,930,0,0,0,0,0.0,,
source_representative,mean_relative__vina,1.0,all_determinate,930,373,0,6496,6496,4796.0,0.7226582344734093,0.7383004926108374
source_representative,mean_relative__vina,1.0,both_exact,930,261,0,2235,2235,1525.0,0.650884137857318,0.6823266219239373
source_representative,mean_relative__vina,1.0,one_bounded,930,340,0,4261,4261,3271.0,0.7557010747616532,0.767660173668153
source_representative,mean_relative__vina,1.0,both_bounded,930,0,0,0,0,0.0,,
source_representative,native__boltz_affinity,1.0,all_determinate,930,373,0,6496,6496,3863.0,0.5620658891389907,0.5946736453201971
source_representative,native__boltz_affinity,1.0,both_exact,930,261,0,2235,2235,1349.0,0.5827234210375972,0.603579418344519
source_representative,native__boltz_affinity,1.0,one_bounded,930,340,0,4261,4261,2514.0,0.5584008730119223,0.5900023468669326
source_representative,native__boltz_affinity,1.0,both_bounded,930,0,0,0,0,0.0,,
source_representative,native__boltz_binary,1.0,all_determinate,930,373,0,6496,6496,4428.0,0.6588247248321865,0.6816502463054187
source_representative,native__boltz_binary,1.0,both_exact,930,261,0,2235,2235,1467.0,0.6193682860349526,0.6563758389261745
source_representative,native__boltz_binary,1.0,one_bounded,930,340,0,4261,4261,2961.0,0.669977022623152,0.6949072987561605
source_representative,native__boltz_binary,1.0,both_bounded,930,0,0,0,0,0.0,,
source_representative,native__boltzina_vina_far_affinity,1.0,all_determinate,930,373,0,6496,6496,3812.0,0.5633429089572257,0.5868226600985221
source_representative,native__boltzina_vina_far_affinity,1.0,both_exact,930,261,0,2235,2235,1355.0,0.5747355879539788,0.6062639821029083
source_representative,native__boltzina_vina_far_affinity,1.0,one_bounded,930,340,0,4261,4261,2457.0,0.5609944838593803,0.5766252053508566
source_representative,native__boltzina_vina_far_affinity,1.0,both_bounded,930,0,0,0,0,0.0,,
source_representative,native__boltzina_vina_far_binary,1.0,all_determinate,930,373,0,6496,6496,4495.0,0.6701386313571764,0.6919642857142857
source_representative,native__boltzina_vina_far_binary,1.0,both_exact,930,261,0,2235,2235,1503.0,0.6373898628687901,0.6724832214765101
source_representative,native__boltzina_vina_far_binary,1.0,one_bounded,930,340,0,4261,4261,2992.0,0.6848865517360594,0.7021825862473597
source_representative,native__boltzina_vina_far_binary,1.0,both_bounded,930,0,0,0,0,0.0,,
source_representative,native__boltzina_vina_zero_affinity,1.0,all_determinate,930,373,0,6496,6496,3812.0,0.5633429089572257,0.5868226600985221
source_representative,native__boltzina_vina_zero_affinity,1.0,both_exact,930,261,0,2235,2235,1355.0,0.5747355879539788,0.6062639821029083
source_representative,native__boltzina_vina_zero_affinity,1.0,one_bounded,930,340,0,4261,4261,2457.0,0.5609944838593803,0.5766252053508566
source_representative,native__boltzina_vina_zero_affinity,1.0,both_bounded,930,0,0,0,0,0.0,,
source_representative,native__boltzina_vina_zero_binary,1.0,all_determinate,930,373,0,6496,6496,4495.0,0.6701386313571764,0.6919642857142857
source_representative,native__boltzina_vina_zero_binary,1.0,both_exact,930,261,0,2235,2235,1503.0,0.6373898628687901,0.6724832214765101
source_representative,native__boltzina_vina_zero_binary,1.0,one_bounded,930,340,0,4261,4261,2992.0,0.6848865517360594,0.7021825862473597
source_representative,native__boltzina_vina_zero_binary,1.0,both_bounded,930,0,0,0,0,0.0,,
source_representative,native__gnina,1.0,all_determinate,930,373,0,6496,6496,3918.0,0.6129066023803486,0.6031403940886699
source_representative,native__gnina,1.0,both_exact,930,261,0,2235,2235,1317.0,0.5876546895703983,0.5892617449664429
source_representative,native__gnina,1.0,one_bounded,930,340,0,4261,4261,2601.0,0.6096930109173158,0.6104200891809435
source_representative,native__gnina,1.0,both_bounded,930,0,0,0,0,0.0,,
source_representative,native__nesso_affinity,1.0,all_determinate,930,373,0,6496,6496,3788.0,0.55521162589458,0.583128078817734
source_representative,native__nesso_affinity,1.0,both_exact,930,261,0,2235,2235,1283.0,0.5424660765656935,0.5740492170022371
source_representative,native__nesso_affinity,1.0,one_bounded,930,340,0,4261,4261,2505.0,0.5676277551262378,0.5878901666275522
source_representative,native__nesso_affinity,1.0,both_bounded,930,0,0,0,0,0.0,,
source_representative,native__nesso_binary,1.0,all_determinate,930,373,0,6496,6496,4183.0,0.6190976568175237,0.6439347290640394
source_representative,native__nesso_binary,1.0,both_exact,930,261,0,2235,2235,1338.0,0.5881406659184437,0.5986577181208054
source_representative,native__nesso_binary,1.0,one_bounded,930,340,0,4261,4261,2845.0,0.6501608491366812,0.6676836423374795
source_representative,native__nesso_binary,1.0,both_bounded,930,0,0,0,0,0.0,,
source_representative,native__raw_ad4,1.0,all_determinate,930,373,0,6496,6496,3602.0,0.5432162975080075,0.5544950738916257
source_representative,native__raw_ad4,1.0,both_exact,930,261,0,2235,2235,1179.5,0.5072764683875794,0.5277404921700224
source_representative,native__raw_ad4,1.0,one_bounded,930,340,0,4261,4261,2422.5,0.5596458954862389,0.5685285144332316
source_representative,native__raw_ad4,1.0,both_bounded,930,0,0,0,0,0.0,,
source_representative,native__raw_gnina_own,1.0,all_determinate,930,373,0,6496,6496,3885.0,0.62776057059596,0.5980603448275862
source_representative,native__raw_gnina_own,1.0,both_exact,930,261,0,2235,2235,1339.0,0.6045267489711934,0.5991051454138703
source_representative,native__raw_gnina_own,1.0,one_bounded,930,340,0,4261,4261,2546.0,0.620668381156207,0.5975123210513964
source_representative,native__raw_gnina_own,1.0,both_bounded,930,0,0,0,0,0.0,,
source_representative,native__vina,1.0,all_determinate,930,373,0,6496,6496,3903.5,0.5804399141812819,0.6009082512315271
source_representative,native__vina,1.0,both_exact,930,261,0,2235,2235,1163.0,0.4954656490097103,0.5203579418344519
source_representative,native__vina,1.0,one_bounded,930,340,0,4261,4261,2740.5,0.6211274507583027,0.64315888289134
source_representative,native__vina,1.0,both_bounded,930,0,0,0,0,0.0,,
assay_envelope,target_prior,0.125,all_determinate,930,377,0,6362,6362,4004.0,0.6150986626719517,0.6293618359006602
assay_envelope,target_prior,0.125,both_exact,930,252,0,1976,1976,1217.0,0.6023128106461441,0.6158906882591093
assay_envelope,target_prior,0.125,one_bounded,930,341,0,4165,4165,2678.0,0.6303947914715469,0.6429771908763505
assay_envelope,target_prior,0.125,both_bounded,930,30,0,221,221,109.0,0.5562275687275686,0.49321266968325794
assay_envelope,chemistry,0.125,all_determinate,930,377,0,6362,6362,4173.0,0.6447340435524054,0.6559258094938698
assay_envelope,chemistry,0.125,both_exact,930,252,0,1976,1976,1245.0,0.6160333493666826,0.6300607287449392
assay_envelope,chemistry,0.125,one_bounded,930,341,0,4165,4165,2809.0,0.6652420468684068,0.6744297719087635
assay_envelope,chemistry,0.125,both_bounded,930,30,0,221,221,119.0,0.6063057313057313,0.5384615384615384
assay_envelope,availability__boltz_affinity,0.125,all_determinate,930,377,0,6362,6362,4173.0,0.6447340435524054,0.6559258094938698
assay_envelope,availability__boltz_affinity,0.125,both_exact,930,252,0,1976,1976,1245.0,0.6160333493666826,0.6300607287449392
assay_envelope,availability__boltz_affinity,0.125,one_bounded,930,341,0,4165,4165,2809.0,0.6652420468684068,0.6744297719087635
assay_envelope,availability__boltz_affinity,0.125,both_bounded,930,30,0,221,221,119.0,0.6063057313057313,0.5384615384615384
assay_envelope,plus__boltz_affinity,0.125,all_determinate,930,377,0,6362,6362,4416.0,0.6694343618853199,0.69412134548884
assay_envelope,plus__boltz_affinity,0.125,both_exact,930,252,0,1976,1976,1311.0,0.621564568588378,0.6634615384615384
assay_envelope,plus__boltz_affinity,0.125,one_bounded,930,341,0,4165,4165,2947.0,0.6803192397850637,0.7075630252100841
assay_envelope,plus__boltz_affinity,0.125,both_bounded,930,30,0,221,221,158.0,0.7481866281866283,0.7149321266968326
assay_envelope,mean__boltz_affinity,0.125,all_determinate,930,377,0,6362,6362,4116.0,0.6210131901969375,0.6469663627790003
assay_envelope,mean__boltz_affinity,0.125,both_exact,930,252,0,1976,1976,1235.0,0.5978298670758988,0.625
assay_envelope,mean__boltz_affinity,0.125,one_bounded,930,341,0,4165,4165,2749.0,0.6388628792435681,0.6600240096038416
assay_envelope,mean__boltz_affinity,0.125,both_bounded,930,30,0,221,221,132.0,0.6509445184445185,0.5972850678733032
assay_envelope,mean_relative__boltz_affinity,0.125,all_determinate,930,377,0,6362,6362,4317.0,0.6443169130303107,0.6785602011945929
assay_envelope,mean_relative__boltz_affinity,0.125,both_exact,930,252,0,1976,1976,1262.0,0.6253620864731975,0.638663967611336
assay_envelope,mean_relative__boltz_affinity,0.125,one_bounded,930,341,0,4165,4165,2898.0,0.6548017000499149,0.6957983193277311
assay_envelope,mean_relative__boltz_affinity,0.125,both_bounded,930,30,0,221,221,157.0,0.7635814185814187,0.7104072398190046
assay_envelope,availability__boltz_binary,0.125,all_determinate,930,377,0,6362,6362,4173.0,0.6447340435524054,0.6559258094938698
assay_envelope,availability__boltz_binary,0.125,both_exact,930,252,0,1976,1976,1245.0,0.6160333493666826,0.6300607287449392
assay_envelope,availability__boltz_binary,0.125,one_bounded,930,341,0,4165,4165,2809.0,0.6652420468684068,0.6744297719087635
assay_envelope,availability__boltz_binary,0.125,both_bounded,930,30,0,221,221,119.0,0.6063057313057313,0.5384615384615384
assay_envelope,plus__boltz_binary,0.125,all_determinate,930,377,0,6362,6362,4290.0,0.663850956493761,0.6743162527507073
assay_envelope,plus__boltz_binary,0.125,both_exact,930,252,0,1976,1976,1252.0,0.6062761019110225,0.6336032388663968
assay_envelope,plus__boltz_binary,0.125,one_bounded,930,341,0,4165,4165,2897.0,0.6864760177387309,0.6955582232893157
assay_envelope,plus__boltz_binary,0.125,both_bounded,930,30,0,221,221,141.0,0.6805851555851556,0.6380090497737556
assay_envelope,mean__boltz_binary,0.125,all_determinate,930,377,0,6362,6362,4105.0,0.6382445270471011,0.6452373467463062
assay_envelope,mean__boltz_binary,0.125,both_exact,930,252,0,1976,1976,1201.0,0.59594528046909,0.6077935222672065
assay_envelope,mean__boltz_binary,0.125,one_bounded,930,341,0,4165,4165,2795.0,0.665034062400187,0.6710684273709484
assay_envelope,mean__boltz_binary,0.125,both_bounded,930,30,0,221,221,109.0,0.5606055056055056,0.49321266968325794
assay_envelope,mean_relative__boltz_binary,0.125,all_determinate,930,377,0,6362,6362,4295.0,0.670449300699507,0.6751021691292046
assay_envelope,mean_relative__boltz_binary,0.125,both_exact,930,252,0,1976,1976,1225.0,0.6119767211037053,0.6199392712550608
assay_envelope,mean_relative__boltz_binary,0.125,one_bounded,930,341,0,4165,4165,2935.0,0.6939013268867561,0.7046818727490997
assay_envelope,mean_relative__boltz_binary,0.125,both_bounded,930,30,0,221,221,135.0,0.6722621822621823,0.6108597285067874
assay_envelope,availability__boltzina_vina_far_affinity,0.125,all_determinate,930,377,0,6362,6362,4177.0,0.6450744190835077,0.6565545425966677
assay_envelope,availability__boltzina_vina_far_affinity,0.125,both_exact,930,252,0,1976,1976,1247.0,0.621324354657688,0.6310728744939271
assay_envelope,availability__boltzina_vina_far_affinity,0.125,one_bounded,930,341,0,4165,4165,2812.0,0.6655154025449884,0.6751500600240096
assay_envelope,availability__boltzina_vina_far_affinity,0.125,both_bounded,930,30,0,221,221,118.0,0.6015438265438265,0.5339366515837104
assay_envelope,plus__boltzina_vina_far_affinity,0.125,all_determinate,930,377,0,6362,6362,4393.0,0.6686028175223167,0.6905061301477523
assay_envelope,plus__boltzina_vina_far_affinity,0.125,both_exact,930,252,0,1976,1976,1319.0,0.6466042702153814,0.6675101214574899
assay_envelope,plus__boltzina_vina_far_affinity,0.125,one_bounded,930,341,0,4165,4165,2921.0,0.676897499770055,0.7013205282112845
assay_envelope,plus__boltzina_vina_far_affinity,0.125,both_bounded,930,30,0,221,221,153.0,0.7140106190106191,0.6923076923076923
assay_envelope,mean__boltzina_vina_far_affinity,0.125,all_determinate,930,377,0,6362,6362,4090.0,0.6235435473366818,0.6428795976108143
assay_envelope,mean__boltzina_vina_far_affinity,0.125,both_exact,930,252,0,1976,1976,1226.0,0.5969743733632622,0.6204453441295547
assay_envelope,mean__boltzina_vina_far_affinity,0.125,one_bounded,930,341,0,4165,4165,2726.0,0.6386821663372176,0.6545018007202881
assay_envelope,mean__boltzina_vina_far_affinity,0.125,both_bounded,930,30,0,221,221,138.0,0.681473618973619,0.6244343891402715
assay_envelope,mean_relative__boltzina_vina_far_affinity,0.125,all_determinate,930,377,0,6362,6362,4282.0,0.636902039985745,0.6730587865451116
assay_envelope,mean_relative__boltzina_vina_far_affinity,0.125,both_exact,930,252,0,1976,1976,1254.0,0.621590622781099,0.6346153846153846
assay_envelope,mean_relative__boltzina_vina_far_affinity,0.125,one_bounded,930,341,0,4165,4165,2876.0,0.6529616653393174,0.690516206482593
assay_envelope,mean_relative__boltzina_vina_far_affinity,0.125,both_bounded,930,30,0,221,221,152.0,0.7319735819735821,0.6877828054298643
assay_envelope,availability__boltzina_vina_far_binary,0.125,all_determinate,930,377,0,6362,6362,4177.0,0.6450744190835077,0.6565545425966677
assay_envelope,availability__boltzina_vina_far_binary,0.125,both_exact,930,252,0,1976,1976,1247.0,0.621324354657688,0.6310728744939271
assay_envelope,availability__boltzina_vina_far_binary,0.125,one_bounded,930,341,0,4165,4165,2812.0,0.6655154025449884,0.6751500600240096
assay_envelope,availability__boltzina_vina_far_binary,0.125,both_bounded,930,30,0,221,221,118.0,0.6015438265438265,0.5339366515837104
assay_envelope,plus__boltzina_vina_far_binary,0.125,all_determinate,930,377,0,6362,6362,4294.0,0.6631404065106002,0.6749449858535052
assay_envelope,plus__boltzina_vina_far_binary,0.125,both_exact,930,252,0,1976,1976,1266.0,0.6212892339876467,0.6406882591093117
assay_envelope,plus__boltzina_vina_far_binary,0.125,one_bounded,930,341,0,4165,4165,2883.0,0.6812047562994444,0.6921968787515006
assay_envelope,plus__boltzina_vina_far_binary,0.125,both_bounded,930,30,0,221,221,145.0,0.6798018648018648,0.6561085972850679
assay_envelope,mean__boltzina_vina_far_binary,0.125,all_determinate,930,377,0,6362,6362,4066.0,0.6296026804432299,0.639107198994027
assay_envelope,mean__boltzina_vina_far_binary,0.125,both_exact,930,252,0,1976,1976,1206.0,0.5860436374325262,0.6103238866396761
assay_envelope,mean__boltzina_vina_far_binary,0.125,one_bounded,930,341,0,4165,4165,2748.0,0.6547460434201762,0.6597839135654262
assay_envelope,mean__boltzina_vina_far_binary,0.125,both_bounded,930,30,0,221,221,112.0,0.5798159248159248,0.5067873303167421
assay_envelope,mean_relative__boltzina_vina_far_binary,0.125,all_determinate,930,377,0,6362,6362,4271.0,0.6562163306413855,0.6713297705124175
assay_envelope,mean_relative__boltzina_vina_far_binary,0.125,both_exact,930,252,0,1976,1976,1231.0,0.6201387457339838,0.6229757085020243
assay_envelope,mean_relative__boltzina_vina_far_binary,0.125,one_bounded,930,341,0,4165,4165,2916.0,0.6832720705346933,0.7001200480192077
assay_envelope,mean_relative__boltzina_vina_far_binary,0.125,both_bounded,930,30,0,221,221,124.0,0.6122886372886374,0.5610859728506787
assay_envelope,availability__boltzina_vina_zero_affinity,0.125,all_determinate,930,377,0,6362,6362,4177.0,0.6450744190835077,0.6565545425966677
assay_envelope,availability__boltzina_vina_zero_affinity,0.125,both_exact,930,252,0,1976,1976,1247.0,0.621324354657688,0.6310728744939271
assay_envelope,availability__boltzina_vina_zero_affinity,0.125,one_bounded,930,341,0,4165,4165,2812.0,0.6655154025449884,0.6751500600240096
assay_envelope,availability__boltzina_vina_zero_affinity,0.125,both_bounded,930,30,0,221,221,118.0,0.6015438265438265,0.5339366515837104
assay_envelope,plus__boltzina_vina_zero_affinity,0.125,all_determinate,930,377,0,6362,6362,4393.0,0.6686028175223167,0.6905061301477523
assay_envelope,plus__boltzina_vina_zero_affinity,0.125,both_exact,930,252,0,1976,1976,1319.0,0.6466042702153814,0.6675101214574899
assay_envelope,plus__boltzina_vina_zero_affinity,0.125,one_bounded,930,341,0,4165,4165,2921.0,0.676897499770055,0.7013205282112845
assay_envelope,plus__boltzina_vina_zero_affinity,0.125,both_bounded,930,30,0,221,221,153.0,0.7140106190106191,0.6923076923076923
assay_envelope,mean__boltzina_vina_zero_affinity,0.125,all_determinate,930,377,0,6362,6362,4090.0,0.6235435473366818,0.6428795976108143
assay_envelope,mean__boltzina_vina_zero_affinity,0.125,both_exact,930,252,0,1976,1976,1226.0,0.5969743733632622,0.6204453441295547
assay_envelope,mean__boltzina_vina_zero_affinity,0.125,one_bounded,930,341,0,4165,4165,2726.0,0.6386821663372176,0.6545018007202881
assay_envelope,mean__boltzina_vina_zero_affinity,0.125,both_bounded,930,30,0,221,221,138.0,0.681473618973619,0.6244343891402715
assay_envelope,mean_relative__boltzina_vina_zero_affinity,0.125,all_determinate,930,377,0,6362,6362,4282.0,0.636902039985745,0.6730587865451116
assay_envelope,mean_relative__boltzina_vina_zero_affinity,0.125,both_exact,930,252,0,1976,1976,1254.0,0.621590622781099,0.6346153846153846
assay_envelope,mean_relative__boltzina_vina_zero_affinity,0.125,one_bounded,930,341,0,4165,4165,2876.0,0.6529616653393174,0.690516206482593
assay_envelope,mean_relative__boltzina_vina_zero_affinity,0.125,both_bounded,930,30,0,221,221,152.0,0.7319735819735821,0.6877828054298643
assay_envelope,availability__boltzina_vina_zero_binary,0.125,all_determinate,930,377,0,6362,6362,4177.0,0.6450744190835077,0.6565545425966677
assay_envelope,availability__boltzina_vina_zero_binary,0.125,both_exact,930,252,0,1976,1976,1247.0,0.621324354657688,0.6310728744939271
assay_envelope,availability__boltzina_vina_zero_binary,0.125,one_bounded,930,341,0,4165,4165,2812.0,0.6655154025449884,0.6751500600240096
assay_envelope,availability__boltzina_vina_zero_binary,0.125,both_bounded,930,30,0,221,221,118.0,0.6015438265438265,0.5339366515837104
assay_envelope,plus__boltzina_vina_zero_binary,0.125,all_determinate,930,377,0,6362,6362,4294.0,0.6631404065106002,0.6749449858535052
assay_envelope,plus__boltzina_vina_zero_binary,0.125,both_exact,930,252,0,1976,1976,1266.0,0.6212892339876467,0.6406882591093117
assay_envelope,plus__boltzina_vina_zero_binary,0.125,one_bounded,930,341,0,4165,4165,2883.0,0.6812047562994444,0.6921968787515006
assay_envelope,plus__boltzina_vina_zero_binary,0.125,both_bounded,930,30,0,221,221,145.0,0.6798018648018648,0.6561085972850679
assay_envelope,mean__boltzina_vina_zero_binary,0.125,all_determinate,930,377,0,6362,6362,4066.0,0.6296026804432299,0.639107198994027
assay_envelope,mean__boltzina_vina_zero_binary,0.125,both_exact,930,252,0,1976,1976,1206.0,0.5860436374325262,0.6103238866396761
assay_envelope,mean__boltzina_vina_zero_binary,0.125,one_bounded,930,341,0,4165,4165,2748.0,0.6547460434201762,0.6597839135654262
assay_envelope,mean__boltzina_vina_zero_binary,0.125,both_bounded,930,30,0,221,221,112.0,0.5798159248159248,0.5067873303167421
assay_envelope,mean_relative__boltzina_vina_zero_binary,0.125,all_determinate,930,377,0,6362,6362,4270.0,0.6561143106454664,0.671172587236718
assay_envelope,mean_relative__boltzina_vina_zero_binary,0.125,both_exact,930,252,0,1976,1976,1231.0,0.6201387457339838,0.6229757085020243
assay_envelope,mean_relative__boltzina_vina_zero_binary,0.125,one_bounded,930,341,0,4165,4165,2916.0,0.6832720705346933,0.7001200480192077
assay_envelope,mean_relative__boltzina_vina_zero_binary,0.125,both_bounded,930,30,0,221,221,123.0,0.6039553039553041,0.5565610859728507
assay_envelope,availability__gnina,0.125,all_determinate,930,377,0,6362,6362,4172.0,0.6448475658027665,0.6557686262181703
assay_envelope,availability__gnina,0.125,both_exact,930,252,0,1976,1976,1245.0,0.6197370530703864,0.6300607287449392
assay_envelope,availability__gnina,0.125,one_bounded,930,341,0,4165,4165,2808.0,0.6651634963866306,0.6741896758703482
assay_envelope,availability__gnina,0.125,both_bounded,930,30,0,221,221,119.0,0.6063057313057313,0.5384615384615384
assay_envelope,plus__gnina,0.125,all_determinate,930,377,0,6362,6362,4205.0,0.6455656739729491,0.6609556743162528
assay_envelope,plus__gnina,0.125,both_exact,930,252,0,1976,1976,1261.0,0.6247983424570726,0.6381578947368421
assay_envelope,plus__gnina,0.125,one_bounded,930,341,0,4165,4165,2822.0,0.6611671285727423,0.6775510204081633
assay_envelope,plus__gnina,0.125,both_bounded,930,30,0,221,221,122.0,0.6290614940614941,0.5520361990950227
assay_envelope,mean__gnina,0.125,all_determinate,930,377,0,6362,6362,4089.0,0.6273561938069692,0.6427224143351148
assay_envelope,mean__gnina,0.125,both_exact,930,252,0,1976,1976,1226.0,0.5984946784549959,0.6204453441295547
assay_envelope,mean__gnina,0.125,one_bounded,930,341,0,4165,4165,2748.0,0.6467293579370774,0.6597839135654262
assay_envelope,mean__gnina,0.125,both_bounded,930,30,0,221,221,115.0,0.5643256743256744,0.5203619909502263
assay_envelope,mean_relative__gnina,0.125,all_determinate,930,377,0,6362,6362,4161.0,0.6429824291260609,0.6540396101854763
assay_envelope,mean_relative__gnina,0.125,both_exact,930,252,0,1976,1976,1223.0,0.5903339899371645,0.6189271255060729
assay_envelope,mean_relative__gnina,0.125,one_bounded,930,341,0,4165,4165,2806.0,0.666584446323798,0.6737094837935174
assay_envelope,mean_relative__gnina,0.125,both_bounded,930,30,0,221,221,132.0,0.6395356495356495,0.5972850678733032
assay_envelope,availability__nesso_affinity,0.125,all_determinate,930,377,0,6362,6362,4172.0,0.6448475658027665,0.6557686262181703
assay_envelope,availability__nesso_affinity,0.125,both_exact,930,252,0,1976,1976,1245.0,0.6197370530703864,0.6300607287449392
assay_envelope,availability__nesso_affinity,0.125,one_bounded,930,341,0,4165,4165,2808.0,0.6651634963866306,0.6741896758703482
assay_envelope,availability__nesso_affinity,0.125,both_bounded,930,30,0,221,221,119.0,0.6063057313057313,0.5384615384615384
assay_envelope,plus__nesso_affinity,0.125,all_determinate,930,377,0,6362,6362,4436.0,0.6771931633761561,0.6972650110028293
assay_envelope,plus__nesso_affinity,0.125,both_exact,930,252,0,1976,1976,1311.0,0.6172863365323683,0.6634615384615384
assay_envelope,plus__nesso_affinity,0.125,one_bounded,930,341,0,4165,4165,2994.0,0.7016048919698612,0.7188475390156063
assay_envelope,plus__nesso_affinity,0.125,both_bounded,930,30,0,221,221,131.0,0.6633309283309284,0.5927601809954751
assay_envelope,mean__nesso_affinity,0.125,all_determinate,930,377,0,6362,6362,4123.0,0.6172506527629568,0.6480666457088966
assay_envelope,mean__nesso_affinity,0.125,both_exact,930,252,0,1976,1976,1234.0,0.6028475419348435,0.6244939271255061
assay_envelope,mean__nesso_affinity,0.125,one_bounded,930,341,0,4165,4165,2749.0,0.632549658384642,0.6600240096038416
assay_envelope,mean__nesso_affinity,0.125,both_bounded,930,30,0,221,221,140.0,0.6569733969733971,0.6334841628959276
assay_envelope,mean_relative__nesso_affinity,0.125,all_determinate,930,377,0,6362,6362,4403.0,0.6689791778045694,0.6920779629047469
assay_envelope,mean_relative__nesso_affinity,0.125,both_exact,930,252,0,1976,1976,1290.0,0.6240454430930621,0.652834008097166
assay_envelope,mean_relative__nesso_affinity,0.125,one_bounded,930,341,0,4165,4165,2980.0,0.6916637067072312,0.7154861944777912
assay_envelope,mean_relative__nesso_affinity,0.125,both_bounded,930,30,0,221,221,133.0,0.6672706922706924,0.6018099547511312
assay_envelope,availability__nesso_binary,0.125,all_determinate,930,377,0,6362,6362,4172.0,0.6448475658027665,0.6557686262181703
assay_envelope,availability__nesso_binary,0.125,both_exact,930,252,0,1976,1976,1245.0,0.6197370530703864,0.6300607287449392
assay_envelope,availability__nesso_binary,0.125,one_bounded,930,341,0,4165,4165,2808.0,0.6651634963866306,0.6741896758703482
assay_envelope,availability__nesso_binary,0.125,both_bounded,930,30,0,221,221,119.0,0.6063057313057313,0.5384615384615384
assay_envelope,plus__nesso_binary,0.125,all_determinate,930,377,0,6362,6362,4295.0,0.6612274874122355,0.6751021691292046
assay_envelope,plus__nesso_binary,0.125,both_exact,930,252,0,1976,1976,1252.0,0.6057576902814997,0.6336032388663968
assay_envelope,plus__nesso_binary,0.125,one_bounded,930,341,0,4165,4165,2896.0,0.6867749614920318,0.6953181272509004
assay_envelope,plus__nesso_binary,0.125,both_bounded,930,30,0,221,221,147.0,0.7069471269471269,0.665158371040724
assay_envelope,mean__nesso_binary,0.125,all_determinate,930,377,0,6362,6362,4136.0,0.6332667494218265,0.6501100282929896
assay_envelope,mean__nesso_binary,0.125,both_exact,930,252,0,1976,1976,1210.0,0.6011787374882612,0.6123481781376519
assay_envelope,mean__nesso_binary,0.125,one_bounded,930,341,0,4165,4165,2800.0,0.6553668048474109,0.6722689075630253
assay_envelope,mean__nesso_binary,0.125,both_bounded,930,30,0,221,221,126.0,0.633522681022681,0.5701357466063348
assay_envelope,mean_relative__nesso_binary,0.125,all_determinate,930,377,0,6362,6362,4407.0,0.6741640340820121,0.6927066960075448
assay_envelope,mean_relative__nesso_binary,0.125,both_exact,930,252,0,1976,1976,1264.0,0.6152953381127985,0.6396761133603239
assay_envelope,mean_relative__nesso_binary,0.125,one_bounded,930,341,0,4165,4165,2982.0,0.6984463194781776,0.7159663865546219
assay_envelope,mean_relative__nesso_binary,0.125,both_bounded,930,30,0,221,221,161.0,0.772022792022792,0.7285067873303167
assay_envelope,availability__raw_ad4,0.125,all_determinate,930,377,0,6362,6362,4172.0,0.6448475658027665,0.6557686262181703
assay_envelope,availability__raw_ad4,0.125,both_exact,930,252,0,1976,1976,1245.0,0.6197370530703864,0.6300607287449392
assay_envelope,availability__raw_ad4,0.125,one_bounded,930,341,0,4165,4165,2808.0,0.6651634963866306,0.6741896758703482
assay_envelope,availability__raw_ad4,0.125,both_bounded,930,30,0,221,221,119.0,0.6063057313057313,0.5384615384615384
assay_envelope,plus__raw_ad4,0.125,all_determinate,930,377,0,6362,6362,4207.0,0.6470310338713193,0.6612700408676517
assay_envelope,plus__raw_ad4,0.125,both_exact,930,252,0,1976,1976,1236.0,0.6056674072547087,0.6255060728744939
assay_envelope,plus__raw_ad4,0.125,one_bounded,930,341,0,4165,4165,2851.0,0.6690301993453953,0.6845138055222089
assay_envelope,plus__raw_ad4,0.125,both_bounded,930,30,0,221,221,120.0,0.6171022496022496,0.5429864253393665
assay_envelope,mean__raw_ad4,0.125,all_determinate,930,377,0,6362,6362,4109.0,0.6291412457461274,0.645866079849104
assay_envelope,mean__raw_ad4,0.125,both_exact,930,252,0,1976,1976,1230.0,0.6082921047206762,0.6224696356275303
assay_envelope,mean__raw_ad4,0.125,one_bounded,930,341,0,4165,4165,2762.0,0.64971563844363,0.6631452581032413
assay_envelope,mean__raw_ad4,0.125,both_bounded,930,30,0,221,221,117.0,0.600965885965886,0.5294117647058824
assay_envelope,mean_relative__raw_ad4,0.125,all_determinate,930,377,0,6362,6362,4146.0,0.634036112016546,0.6516818610499843
assay_envelope,mean_relative__raw_ad4,0.125,both_exact,930,252,0,1976,1976,1224.0,0.5989614588820938,0.6194331983805668
assay_envelope,mean_relative__raw_ad4,0.125,one_bounded,930,341,0,4165,4165,2799.0,0.6579209623726909,0.6720288115246098
assay_envelope,mean_relative__raw_ad4,0.125,both_bounded,930,30,0,221,221,123.0,0.6402463277463277,0.5565610859728507
assay_envelope,availability__raw_gnina_own,0.125,all_determinate,930,377,0,6362,6362,4172.0,0.6448475658027665,0.6557686262181703
assay_envelope,availability__raw_gnina_own,0.125,both_exact,930,252,0,1976,1976,1245.0,0.6197370530703864,0.6300607287449392
assay_envelope,availability__raw_gnina_own,0.125,one_bounded,930,341,0,4165,4165,2808.0,0.6651634963866306,0.6741896758703482
assay_envelope,availability__raw_gnina_own,0.125,both_bounded,930,30,0,221,221,119.0,0.6063057313057313,0.5384615384615384
assay_envelope,plus__raw_gnina_own,0.125,all_determinate,930,377,0,6362,6362,4239.0,0.6588509084354305,0.6662999056900346
assay_envelope,plus__raw_gnina_own,0.125,both_exact,930,252,0,1976,1976,1224.0,0.6075299480061386,0.6194331983805668
assay_envelope,plus__raw_gnina_own,0.125,one_bounded,930,341,0,4165,4165,2881.0,0.6777068976004125,0.6917166866746699
assay_envelope,plus__raw_gnina_own,0.125,both_bounded,930,30,0,221,221,134.0,0.6623763273763273,0.6063348416289592
assay_envelope,mean__raw_gnina_own,0.125,all_determinate,930,377,0,6362,6362,4141.0,0.6352397057602222,0.6508959446714869
assay_envelope,mean__raw_gnina_own,0.125,both_exact,930,252,0,1976,1976,1239.0,0.6167170571932478,0.6270242914979757
assay_envelope,mean__raw_gnina_own,0.125,one_bounded,930,341,0,4165,4165,2783.0,0.6521621965602006,0.668187274909964
assay_envelope,mean__raw_gnina_own,0.125,both_bounded,930,30,0,221,221,119.0,0.5965723165723166,0.5384615384615384
assay_envelope,mean_relative__raw_gnina_own,0.125,all_determinate,930,377,0,6362,6362,4217.0,0.6495107303375766,0.6628418736246463
assay_envelope,mean_relative__raw_gnina_own,0.125,both_exact,930,252,0,1976,1976,1227.0,0.6010169724455439,0.6209514170040485
assay_envelope,mean_relative__raw_gnina_own,0.125,one_bounded,930,341,0,4165,4165,2851.0,0.6661359414982561,0.6845138055222089
assay_envelope,mean_relative__raw_gnina_own,0.125,both_bounded,930,30,0,221,221,139.0,0.6681046731046731,0.6289592760180995
assay_envelope,availability__vina,0.125,all_determinate,930,377,0,6362,6362,4172.0,0.6448475658027665,0.6557686262181703
assay_envelope,availability__vina,0.125,both_exact,930,252,0,1976,1976,1245.0,0.6197370530703864,0.6300607287449392
assay_envelope,availability__vina,0.125,one_bounded,930,341,0,4165,4165,2808.0,0.6651634963866306,0.6741896758703482
assay_envelope,availability__vina,0.125,both_bounded,930,30,0,221,221,119.0,0.6063057313057313,0.5384615384615384
assay_envelope,plus__vina,0.125,all_determinate,930,377,0,6362,6362,4165.0,0.6368530535977222,0.6546683432882742
assay_envelope,plus__vina,0.125,both_exact,930,252,0,1976,1976,1234.0,0.6150758339250403,0.6244939271255061
assay_envelope,plus__vina,0.125,one_bounded,930,341,0,4165,4165,2809.0,0.659962345108649,0.6744297719087635
assay_envelope,plus__vina,0.125,both_bounded,930,30,0,221,221,122.0,0.6094038369038369,0.5520361990950227
assay_envelope,mean__vina,0.125,all_determinate,930,377,0,6362,6362,4136.0,0.64169119390785,0.6501100282929896
assay_envelope,mean__vina,0.125,both_exact,930,252,0,1976,1976,1211.0,0.5942101475831635,0.6128542510121457
assay_envelope,mean__vina,0.125,one_bounded,930,341,0,4165,4165,2809.0,0.664933694251803,0.6744297719087635
assay_envelope,mean__vina,0.125,both_bounded,930,30,0,221,221,116.0,0.5923535723535723,0.5248868778280543
assay_envelope,mean_relative__vina,0.125,all_determinate,930,377,0,6362,6362,4156.0,0.6441419079401841,0.653253693806979
assay_envelope,mean_relative__vina,0.125,both_exact,930,252,0,1976,1976,1232.0,0.6172310787390153,0.6234817813765182
assay_envelope,mean_relative__vina,0.125,one_bounded,930,341,0,4165,4165,2798.0,0.6639294653803234,0.6717887154861945
assay_envelope,mean_relative__vina,0.125,both_bounded,930,30,0,221,221,126.0,0.6378256928256929,0.5701357466063348
assay_envelope,native__boltz_affinity,0.125,all_determinate,930,377,0,6362,6362,3811.0,0.5657790968737226,0.5990254636906633
assay_envelope,native__boltz_affinity,0.125,both_exact,930,252,0,1976,1976,1201.0,0.5909877306702703,0.6077935222672065
assay_envelope,native__boltz_affinity,0.125,one_bounded,930,341,0,4165,4165,2481.0,0.561792076614662,0.5956782713085234
assay_envelope,native__boltz_affinity,0.125,both_bounded,930,30,0,221,221,129.0,0.5785669885669886,0.583710407239819
assay_envelope,native__boltz_binary,0.125,all_determinate,930,377,0,6362,6362,4382.0,0.6687217269754823,0.6887771141150582
assay_envelope,native__boltz_binary,0.125,both_exact,930,252,0,1976,1976,1304.0,0.611235369568703,0.659919028340081
assay_envelope,native__boltz_binary,0.125,one_bounded,930,341,0,4165,4165,2930.0,0.6791693533149108,0.7034813925570228
assay_envelope,native__boltz_binary,0.125,both_bounded,930,30,0,221,221,148.0,0.6921355496355498,0.669683257918552
assay_envelope,native__boltzina_vina_far_affinity,0.125,all_determinate,930,377,0,6362,6362,3762.0,0.5679041420989718,0.5913234831813895
assay_envelope,native__boltzina_vina_far_affinity,0.125,both_exact,930,252,0,1976,1976,1193.0,0.5729262580453057,0.603744939271255
assay_envelope,native__boltzina_vina_far_affinity,0.125,one_bounded,930,341,0,4165,4165,2444.0,0.5699969496392506,0.5867947178871549
assay_envelope,native__boltzina_vina_far_affinity,0.125,both_bounded,930,30,0,221,221,125.0,0.5510397010397009,0.5656108597285068
assay_envelope,native__boltzina_vina_far_binary,0.125,all_determinate,930,377,0,6362,6362,4440.0,0.6768577604394237,0.6978937441056272
assay_envelope,native__boltzina_vina_far_binary,0.125,both_exact,930,252,0,1976,1976,1331.0,0.6294187147361751,0.673582995951417
assay_envelope,native__boltzina_vina_far_binary,0.125,one_bounded,930,341,0,4165,4165,2955.0,0.6897882314826562,0.709483793517407
assay_envelope,native__boltzina_vina_far_binary,0.125,both_bounded,930,30,0,221,221,154.0,0.6863795463795465,0.6968325791855203
assay_envelope,native__boltzina_vina_zero_affinity,0.125,all_determinate,930,377,0,6362,6362,3762.0,0.5679041420989718,0.5913234831813895
assay_envelope,native__boltzina_vina_zero_affinity,0.125,both_exact,930,252,0,1976,1976,1193.0,0.5729262580453057,0.603744939271255
assay_envelope,native__boltzina_vina_zero_affinity,0.125,one_bounded,930,341,0,4165,4165,2444.0,0.5699969496392506,0.5867947178871549
assay_envelope,native__boltzina_vina_zero_affinity,0.125,both_bounded,930,30,0,221,221,125.0,0.5510397010397009,0.5656108597285068
assay_envelope,native__boltzina_vina_zero_binary,0.125,all_determinate,930,377,0,6362,6362,4440.0,0.6768577604394237,0.6978937441056272
assay_envelope,native__boltzina_vina_zero_binary,0.125,both_exact,930,252,0,1976,1976,1331.0,0.6294187147361751,0.673582995951417
assay_envelope,native__boltzina_vina_zero_binary,0.125,one_bounded,930,341,0,4165,4165,2955.0,0.6897882314826562,0.709483793517407
assay_envelope,native__boltzina_vina_zero_binary,0.125,both_bounded,930,30,0,221,221,154.0,0.6863795463795465,0.6968325791855203
assay_envelope,native__gnina,0.125,all_determinate,930,377,0,6362,6362,3850.0,0.6171693297360323,0.6051556114429425
assay_envelope,native__gnina,0.125,both_exact,930,252,0,1976,1976,1156.0,0.5852580033135589,0.5850202429149798
assay_envelope,native__gnina,0.125,one_bounded,930,341,0,4165,4165,2562.0,0.6193636154074491,0.6151260504201681
assay_envelope,native__gnina,0.125,both_bounded,930,30,0,221,221,132.0,0.6253950678950679,0.5972850678733032
assay_envelope,native__nesso_affinity,0.125,all_determinate,930,377,0,6362,6362,3719.0,0.5553065569079979,0.5845646023263125
assay_envelope,native__nesso_affinity,0.125,both_exact,930,252,0,1976,1976,1120.0,0.5430473480076655,0.5668016194331984
assay_envelope,native__nesso_affinity,0.125,one_bounded,930,341,0,4165,4165,2493.0,0.5717197654340219,0.5985594237695078
assay_envelope,native__nesso_affinity,0.125,both_bounded,930,30,0,221,221,106.0,0.5002080327080327,0.4796380090497738
assay_envelope,native__nesso_binary,0.125,all_determinate,930,377,0,6362,6362,4106.0,0.6241108114447099,0.6453945300220056
assay_envelope,native__nesso_binary,0.125,both_exact,930,252,0,1976,1976,1195.0,0.5981290608274734,0.604757085020243
assay_envelope,native__nesso_binary,0.125,one_bounded,930,341,0,4165,4165,2772.0,0.6485275481897146,0.6655462184873949
assay_envelope,native__nesso_binary,0.125,both_bounded,930,30,0,221,221,139.0,0.6675372775372775,0.6289592760180995
assay_envelope,native__raw_ad4,0.125,all_determinate,930,377,0,6362,6362,3523.0,0.5446264237695985,0.5537566802892172
assay_envelope,native__raw_ad4,0.125,both_exact,930,252,0,1976,1976,1054.5,0.5171640822434473,0.5336538461538461
assay_envelope,native__raw_ad4,0.125,one_bounded,930,341,0,4165,4165,2324.5,0.557069880410956,0.5581032412965186
assay_envelope,native__raw_ad4,0.125,both_bounded,930,30,0,221,221,144.0,0.7042196692196693,0.6515837104072398
assay_envelope,native__raw_gnina_own,0.125,all_determinate,930,377,0,6362,6362,3828.0,0.631072966096694,0.6016975793775542
assay_envelope,native__raw_gnina_own,0.125,both_exact,930,252,0,1976,1976,1164.0,0.6043293860754178,0.5890688259109311
assay_envelope,native__raw_gnina_own,0.125,one_bounded,930,341,0,4165,4165,2553.0,0.6357324856486293,0.6129651860744297
assay_envelope,native__raw_gnina_own,0.125,both_bounded,930,30,0,221,221,111.0,0.4795088245088245,0.502262443438914
assay_envelope,native__vina,0.125,all_determinate,930,377,0,6362,6362,3807.5,0.5814841965842665,0.5984753222257152
assay_envelope,native__vina,0.125,both_exact,930,252,0,1976,1976,1044.0,0.5085217729066935,0.52834008097166
assay_envelope,native__vina,0.125,one_bounded,930,341,0,4165,4165,2599.0,0.608529829001379,0.6240096038415366
assay_envelope,native__vina,0.125,both_bounded,930,30,0,221,221,164.5,0.7757657157657157,0.744343891402715
assay_envelope,target_prior,0.25,all_determinate,930,377,0,6362,6362,4009.0,0.5988151174497908,0.6301477522791575
assay_envelope,target_prior,0.25,both_exact,930,252,0,1976,1976,1205.0,0.5994028531726944,0.6098178137651822
assay_envelope,target_prior,0.25,one_bounded,930,341,0,4165,4165,2696.0,0.6108721479036314,0.6472989195678271
assay_envelope,target_prior,0.25,both_bounded,930,30,0,221,221,108.0,0.5777896177896177,0.48868778280542985
assay_envelope,chemistry,0.25,all_determinate,930,377,0,6362,6362,4294.0,0.6620169598315174,0.6749449858535052
assay_envelope,chemistry,0.25,both_exact,930,252,0,1976,1976,1252.0,0.6165299060140329,0.6336032388663968
assay_envelope,chemistry,0.25,one_bounded,930,341,0,4165,4165,2923.0,0.6846775100737134,0.7018007202881152
assay_envelope,chemistry,0.25,both_bounded,930,30,0,221,221,119.0,0.6305429755429756,0.5384615384615384
assay_envelope,availability__boltz_affinity,0.25,all_determinate,930,377,0,6362,6362,4294.0,0.6620169598315174,0.6749449858535052
assay_envelope,availability__boltz_affinity,0.25,both_exact,930,252,0,1976,1976,1252.0,0.6165299060140329,0.6336032388663968
assay_envelope,availability__boltz_affinity,0.25,one_bounded,930,341,0,4165,4165,2923.0,0.6846775100737134,0.7018007202881152
assay_envelope,availability__boltz_affinity,0.25,both_bounded,930,30,0,221,221,119.0,0.6305429755429756,0.5384615384615384
assay_envelope,plus__boltz_affinity,0.25,all_determinate,930,377,0,6362,6362,4439.0,0.6727526088860032,0.6977365608299277
assay_envelope,plus__boltz_affinity,0.25,both_exact,930,252,0,1976,1976,1344.0,0.6468816089847835,0.680161943319838
assay_envelope,plus__boltz_affinity,0.25,one_bounded,930,341,0,4165,4165,2946.0,0.6799529940664982,0.7073229291716686
assay_envelope,plus__boltz_affinity,0.25,both_bounded,930,30,0,221,221,149.0,0.7188298738298738,0.6742081447963801
assay_envelope,mean__boltz_affinity,0.25,all_determinate,930,377,0,6362,6362,4123.0,0.6287873956000505,0.6480666457088966
assay_envelope,mean__boltz_affinity,0.25,both_exact,930,252,0,1976,1976,1243.0,0.6112496850592088,0.6290485829959515
assay_envelope,mean__boltz_affinity,0.25,one_bounded,930,341,0,4165,4165,2756.0,0.6451494925758313,0.6617046818727491
assay_envelope,mean__boltz_affinity,0.25,both_bounded,930,30,0,221,221,124.0,0.6430806230806231,0.5610859728506787
assay_envelope,mean_relative__boltz_affinity,0.25,all_determinate,930,377,0,6362,6362,4434.0,0.6670073342416408,0.6969506444514304
assay_envelope,mean_relative__boltz_affinity,0.25,both_exact,930,252,0,1976,1976,1314.0,0.659113909312322,0.6649797570850202
assay_envelope,mean_relative__boltz_affinity,0.25,one_bounded,930,341,0,4165,4165,2952.0,0.6707307203462755,0.7087635054021608
assay_envelope,mean_relative__boltz_affinity,0.25,both_bounded,930,30,0,221,221,168.0,0.8074580974580975,0.7601809954751131
assay_envelope,availability__boltz_binary,0.25,all_determinate,930,377,0,6362,6362,4294.0,0.6620169598315174,0.6749449858535052
assay_envelope,availability__boltz_binary,0.25,both_exact,930,252,0,1976,1976,1252.0,0.6165299060140329,0.6336032388663968
assay_envelope,availability__boltz_binary,0.25,one_bounded,930,341,0,4165,4165,2923.0,0.6846775100737134,0.7018007202881152
assay_envelope,availability__boltz_binary,0.25,both_bounded,930,30,0,221,221,119.0,0.6305429755429756,0.5384615384615384
assay_envelope,plus__boltz_binary,0.25,all_determinate,930,377,0,6362,6362,4417.0,0.6848580377238692,0.6942785287645394
assay_envelope,plus__boltz_binary,0.25,both_exact,930,252,0,1976,1976,1281.0,0.6028465875688098,0.6482793522267206
assay_envelope,plus__boltz_binary,0.25,one_bounded,930,341,0,4165,4165,2980.0,0.7039578271834401,0.7154861944777912
assay_envelope,plus__boltz_binary,0.25,both_bounded,930,30,0,221,221,156.0,0.734989824989825,0.7058823529411765
assay_envelope,mean__boltz_binary,0.25,all_determinate,930,377,0,6362,6362,4225.0,0.653031703984368,0.664099339830242
assay_envelope,mean__boltz_binary,0.25,both_exact,930,252,0,1976,1976,1217.0,0.5892149003260114,0.6158906882591093
assay_envelope,mean__boltz_binary,0.25,one_bounded,930,341,0,4165,4165,2875.0,0.6756823045786129,0.6902761104441777
assay_envelope,mean__boltz_binary,0.25,both_bounded,930,30,0,221,221,133.0,0.6433014208014208,0.6018099547511312
assay_envelope,mean_relative__boltz_binary,0.25,all_determinate,930,377,0,6362,6362,4431.0,0.6906575411750656,0.696479094624332
assay_envelope,mean_relative__boltz_binary,0.25,both_exact,930,252,0,1976,1976,1267.0,0.6214474678760392,0.6411943319838057
assay_envelope,mean_relative__boltz_binary,0.25,one_bounded,930,341,0,4165,4165,3002.0,0.7081625629223613,0.7207683073229292
assay_envelope,mean_relative__boltz_binary,0.25,both_bounded,930,30,0,221,221,162.0,0.7565545565545566,0.7330316742081447
assay_envelope,availability__boltzina_vina_far_affinity,0.25,all_determinate,930,377,0,6362,6362,4298.0,0.6618964157503321,0.675573718956303
assay_envelope,availability__boltzina_vina_far_affinity,0.25,both_exact,930,252,0,1976,1976,1254.0,0.6172889133206593,0.6346153846153846
assay_envelope,availability__boltzina_vina_far_affinity,0.25,one_bounded,930,341,0,4165,4165,2926.0,0.6845703957803821,0.7025210084033613
assay_envelope,availability__boltzina_vina_far_affinity,0.25,both_bounded,930,30,0,221,221,118.0,0.6281620231620232,0.5339366515837104
assay_envelope,plus__boltzina_vina_far_affinity,0.25,all_determinate,930,377,0,6362,6362,4369.0,0.668507510458142,0.6867337315309651
assay_envelope,plus__boltzina_vina_far_affinity,0.25,both_exact,930,252,0,1976,1976,1330.0,0.6450097154462233,0.6730769230769231
assay_envelope,plus__boltzina_vina_far_affinity,0.25,one_bounded,930,341,0,4165,4165,2887.0,0.6736258680634313,0.6931572629051621
assay_envelope,plus__boltzina_vina_far_affinity,0.25,both_bounded,930,30,0,221,221,152.0,0.7391452991452993,0.6877828054298643
assay_envelope,mean__boltzina_vina_far_affinity,0.25,all_determinate,930,377,0,6362,6362,4123.0,0.6267392786111016,0.6480666457088966
assay_envelope,mean__boltzina_vina_far_affinity,0.25,both_exact,930,252,0,1976,1976,1240.0,0.6106512975560595,0.6275303643724697
assay_envelope,mean__boltzina_vina_far_affinity,0.25,one_bounded,930,341,0,4165,4165,2755.0,0.6400989041364211,0.6614645858343338
assay_envelope,mean__boltzina_vina_far_affinity,0.25,both_bounded,930,30,0,221,221,128.0,0.6648266548266548,0.579185520361991
assay_envelope,mean_relative__boltzina_vina_far_affinity,0.25,all_determinate,930,377,0,6362,6362,4455.0,0.6701303881229392,0.7002514932411191
assay_envelope,mean_relative__boltzina_vina_far_affinity,0.25,both_exact,930,252,0,1976,1976,1324.0,0.6418317719905021,0.6700404858299596
assay_envelope,mean_relative__boltzina_vina_far_affinity,0.25,one_bounded,930,341,0,4165,4165,2969.0,0.6799999659190104,0.7128451380552221
assay_envelope,mean_relative__boltzina_vina_far_affinity,0.25,both_bounded,930,30,0,221,221,162.0,0.7792346542346543,0.7330316742081447
assay_envelope,availability__boltzina_vina_far_binary,0.25,all_determinate,930,377,0,6362,6362,4298.0,0.6618964157503321,0.675573718956303
assay_envelope,availability__boltzina_vina_far_binary,0.25,both_exact,930,252,0,1976,1976,1254.0,0.6172889133206593,0.6346153846153846
assay_envelope,availability__boltzina_vina_far_binary,0.25,one_bounded,930,341,0,4165,4165,2926.0,0.6845703957803821,0.7025210084033613
assay_envelope,availability__boltzina_vina_far_binary,0.25,both_bounded,930,30,0,221,221,118.0,0.6281620231620232,0.5339366515837104
assay_envelope,plus__boltzina_vina_far_binary,0.25,all_determinate,930,377,0,6362,6362,4436.0,0.6743953937976976,0.6972650110028293
assay_envelope,plus__boltzina_vina_far_binary,0.25,both_exact,930,252,0,1976,1976,1294.0,0.6101130351130352,0.6548582995951417
assay_envelope,plus__boltzina_vina_far_binary,0.25,one_bounded,930,341,0,4165,4165,2976.0,0.6925991533987621,0.7145258103241297
assay_envelope,plus__boltzina_vina_far_binary,0.25,both_bounded,930,30,0,221,221,166.0,0.7606980056980057,0.751131221719457
assay_envelope,mean__boltzina_vina_far_binary,0.25,all_determinate,930,377,0,6362,6362,4275.0,0.6622861516499601,0.6719585036152154
assay_envelope,mean__boltzina_vina_far_binary,0.25,both_exact,930,252,0,1976,1976,1230.0,0.5973655680004887,0.6224696356275303
assay_envelope,mean__boltzina_vina_far_binary,0.25,one_bounded,930,341,0,4165,4165,2910.0,0.6861717837613818,0.6986794717887155
assay_envelope,mean__boltzina_vina_far_binary,0.25,both_bounded,930,30,0,221,221,135.0,0.6549416324416324,0.6108597285067874
assay_envelope,mean_relative__boltzina_vina_far_binary,0.25,all_determinate,930,377,0,6362,6362,4394.0,0.6786985280360761,0.6906633134234518
assay_envelope,mean_relative__boltzina_vina_far_binary,0.25,both_exact,930,252,0,1976,1976,1247.0,0.6129291784053688,0.6310728744939271
assay_envelope,mean_relative__boltzina_vina_far_binary,0.25,one_bounded,930,341,0,4165,4165,2991.0,0.6977523123218136,0.7181272509003601
assay_envelope,mean_relative__boltzina_vina_far_binary,0.25,both_bounded,930,30,0,221,221,156.0,0.7391471491471491,0.7058823529411765
assay_envelope,availability__boltzina_vina_zero_affinity,0.25,all_determinate,930,377,0,6362,6362,4298.0,0.6618964157503321,0.675573718956303
assay_envelope,availability__boltzina_vina_zero_affinity,0.25,both_exact,930,252,0,1976,1976,1254.0,0.6172889133206593,0.6346153846153846
assay_envelope,availability__boltzina_vina_zero_affinity,0.25,one_bounded,930,341,0,4165,4165,2926.0,0.6845703957803821,0.7025210084033613
assay_envelope,availability__boltzina_vina_zero_affinity,0.25,both_bounded,930,30,0,221,221,118.0,0.6281620231620232,0.5339366515837104
assay_envelope,plus__boltzina_vina_zero_affinity,0.25,all_determinate,930,377,0,6362,6362,4369.0,0.668507510458142,0.6867337315309651
assay_envelope,plus__boltzina_vina_zero_affinity,0.25,both_exact,930,252,0,1976,1976,1330.0,0.6450097154462233,0.6730769230769231
assay_envelope,plus__boltzina_vina_zero_affinity,0.25,one_bounded,930,341,0,4165,4165,2887.0,0.6736258680634313,0.6931572629051621
assay_envelope,plus__boltzina_vina_zero_affinity,0.25,both_bounded,930,30,0,221,221,152.0,0.7391452991452993,0.6877828054298643
assay_envelope,mean__boltzina_vina_zero_affinity,0.25,all_determinate,930,377,0,6362,6362,4123.0,0.6267392786111016,0.6480666457088966
assay_envelope,mean__boltzina_vina_zero_affinity,0.25,both_exact,930,252,0,1976,1976,1240.0,0.6106512975560595,0.6275303643724697
assay_envelope,mean__boltzina_vina_zero_affinity,0.25,one_bounded,930,341,0,4165,4165,2755.0,0.6400989041364211,0.6614645858343338
assay_envelope,mean__boltzina_vina_zero_affinity,0.25,both_bounded,930,30,0,221,221,128.0,0.6648266548266548,0.579185520361991
assay_envelope,mean_relative__boltzina_vina_zero_affinity,0.25,all_determinate,930,377,0,6362,6362,4456.0,0.6702409097851849,0.7004086765168186
assay_envelope,mean_relative__boltzina_vina_zero_affinity,0.25,both_exact,930,252,0,1976,1976,1324.0,0.6418317719905021,0.6700404858299596
assay_envelope,mean_relative__boltzina_vina_zero_affinity,0.25,one_bounded,930,341,0,4165,4165,2970.0,0.6801396112199459,0.7130852340936374
assay_envelope,mean_relative__boltzina_vina_zero_affinity,0.25,both_bounded,930,30,0,221,221,162.0,0.7792346542346543,0.7330316742081447
assay_envelope,availability__boltzina_vina_zero_binary,0.25,all_determinate,930,377,0,6362,6362,4298.0,0.6618964157503321,0.675573718956303
assay_envelope,availability__boltzina_vina_zero_binary,0.25,both_exact,930,252,0,1976,1976,1254.0,0.6172889133206593,0.6346153846153846
assay_envelope,availability__boltzina_vina_zero_binary,0.25,one_bounded,930,341,0,4165,4165,2926.0,0.6845703957803821,0.7025210084033613
assay_envelope,availability__boltzina_vina_zero_binary,0.25,both_bounded,930,30,0,221,221,118.0,0.6281620231620232,0.5339366515837104
assay_envelope,plus__boltzina_vina_zero_binary,0.25,all_determinate,930,377,0,6362,6362,4436.0,0.6743953937976976,0.6972650110028293
assay_envelope,plus__boltzina_vina_zero_binary,0.25,both_exact,930,252,0,1976,1976,1294.0,0.6101130351130352,0.6548582995951417
assay_envelope,plus__boltzina_vina_zero_binary,0.25,one_bounded,930,341,0,4165,4165,2976.0,0.6925991533987621,0.7145258103241297
assay_envelope,plus__boltzina_vina_zero_binary,0.25,both_bounded,930,30,0,221,221,166.0,0.7606980056980057,0.751131221719457
assay_envelope,mean__boltzina_vina_zero_binary,0.25,all_determinate,930,377,0,6362,6362,4275.0,0.6622861516499601,0.6719585036152154
assay_envelope,mean__boltzina_vina_zero_binary,0.25,both_exact,930,252,0,1976,1976,1230.0,0.5973655680004887,0.6224696356275303
assay_envelope,mean__boltzina_vina_zero_binary,0.25,one_bounded,930,341,0,4165,4165,2910.0,0.6861717837613818,0.6986794717887155
assay_envelope,mean__boltzina_vina_zero_binary,0.25,both_bounded,930,30,0,221,221,135.0,0.6549416324416324,0.6108597285067874
assay_envelope,mean_relative__boltzina_vina_zero_binary,0.25,all_determinate,930,377,0,6362,6362,4394.0,0.6786985280360761,0.6906633134234518
assay_envelope,mean_relative__boltzina_vina_zero_binary,0.25,both_exact,930,252,0,1976,1976,1247.0,0.6129291784053688,0.6310728744939271
assay_envelope,mean_relative__boltzina_vina_zero_binary,0.25,one_bounded,930,341,0,4165,4165,2991.0,0.6977523123218136,0.7181272509003601
assay_envelope,mean_relative__boltzina_vina_zero_binary,0.25,both_bounded,930,30,0,221,221,156.0,0.7391471491471491,0.7058823529411765
assay_envelope,availability__gnina,0.25,all_determinate,930,377,0,6362,6362,4289.0,0.6601380915733388,0.6741590694750078
assay_envelope,availability__gnina,0.25,both_exact,930,252,0,1976,1976,1252.0,0.6164070791054918,0.6336032388663968
assay_envelope,availability__gnina,0.25,one_bounded,930,341,0,4165,4165,2917.0,0.6823559069456586,0.700360144057623
assay_envelope,availability__gnina,0.25,both_bounded,930,30,0,221,221,120.0,0.6372096422096422,0.5429864253393665
assay_envelope,plus__gnina,0.25,all_determinate,930,377,0,6362,6362,4335.0,0.667237963862565,0.6813895001571832
assay_envelope,plus__gnina,0.25,both_exact,930,252,0,1976,1976,1281.0,0.6071022011498203,0.6482793522267206
assay_envelope,plus__gnina,0.25,one_bounded,930,341,0,4165,4165,2921.0,0.6842409197323116,0.7013205282112845
assay_envelope,plus__gnina,0.25,both_bounded,930,30,0,221,221,133.0,0.6825130425130426,0.6018099547511312
assay_envelope,mean__gnina,0.25,all_determinate,930,377,0,6362,6362,4205.0,0.6451499636644201,0.6609556743162528
assay_envelope,mean__gnina,0.25,both_exact,930,252,0,1976,1976,1238.0,0.6029173060919093,0.6265182186234818
assay_envelope,mean__gnina,0.25,one_bounded,930,341,0,4165,4165,2843.0,0.6627772819739971,0.682593037214886
assay_envelope,mean__gnina,0.25,both_bounded,930,30,0,221,221,124.0,0.6554900654900655,0.5610859728506787
assay_envelope,mean_relative__gnina,0.25,all_determinate,930,377,0,6362,6362,4362.0,0.6711021200909554,0.6856334486010689
assay_envelope,mean_relative__gnina,0.25,both_exact,930,252,0,1976,1976,1267.0,0.6021670789527932,0.6411943319838057
assay_envelope,mean_relative__gnina,0.25,one_bounded,930,341,0,4165,4165,2943.0,0.6917166446307486,0.7066026410564226
assay_envelope,mean_relative__gnina,0.25,both_bounded,930,30,0,221,221,152.0,0.6978588078588079,0.6877828054298643
assay_envelope,availability__nesso_affinity,0.25,all_determinate,930,377,0,6362,6362,4289.0,0.6601380915733388,0.6741590694750078
assay_envelope,availability__nesso_affinity,0.25,both_exact,930,252,0,1976,1976,1252.0,0.6164070791054918,0.6336032388663968
assay_envelope,availability__nesso_affinity,0.25,one_bounded,930,341,0,4165,4165,2917.0,0.6823559069456586,0.700360144057623
assay_envelope,availability__nesso_affinity,0.25,both_bounded,930,30,0,221,221,120.0,0.6372096422096422,0.5429864253393665
assay_envelope,plus__nesso_affinity,0.25,all_determinate,930,377,0,6362,6362,4603.0,0.7040763862205154,0.72351461804464
assay_envelope,plus__nesso_affinity,0.25,both_exact,930,252,0,1976,1976,1317.0,0.6095859387526054,0.666497975708502
assay_envelope,plus__nesso_affinity,0.25,one_bounded,930,341,0,4165,4165,3139.0,0.7365467410546397,0.7536614645858344
assay_envelope,plus__nesso_affinity,0.25,both_bounded,930,30,0,221,221,147.0,0.6884286084286084,0.665158371040724
assay_envelope,mean__nesso_affinity,0.25,all_determinate,930,377,0,6362,6362,4146.0,0.6324611922411969,0.6516818610499843
assay_envelope,mean__nesso_affinity,0.25,both_exact,930,252,0,1976,1976,1201.0,0.5912216457851379,0.6077935222672065
assay_envelope,mean__nesso_affinity,0.25,one_bounded,930,341,0,4165,4165,2802.0,0.6488759838117609,0.672749099639856
assay_envelope,mean__nesso_affinity,0.25,both_bounded,930,30,0,221,221,143.0,0.7063754763754763,0.6470588235294118
assay_envelope,mean_relative__nesso_affinity,0.25,all_determinate,930,377,0,6362,6362,4571.0,0.6979829579534927,0.7184847532222571
assay_envelope,mean_relative__nesso_affinity,0.25,both_exact,930,252,0,1976,1976,1324.0,0.6205429197492689,0.6700404858299596
assay_envelope,mean_relative__nesso_affinity,0.25,one_bounded,930,341,0,4165,4165,3098.0,0.721365517934872,0.7438175270108043
assay_envelope,mean_relative__nesso_affinity,0.25,both_bounded,930,30,0,221,221,149.0,0.7307037407037406,0.6742081447963801
assay_envelope,availability__nesso_binary,0.25,all_determinate,930,377,0,6362,6362,4289.0,0.6601380915733388,0.6741590694750078
assay_envelope,availability__nesso_binary,0.25,both_exact,930,252,0,1976,1976,1252.0,0.6164070791054918,0.6336032388663968
assay_envelope,availability__nesso_binary,0.25,one_bounded,930,341,0,4165,4165,2917.0,0.6823559069456586,0.700360144057623
assay_envelope,availability__nesso_binary,0.25,both_bounded,930,30,0,221,221,120.0,0.6372096422096422,0.5429864253393665
assay_envelope,plus__nesso_binary,0.25,all_determinate,930,377,0,6362,6362,4470.0,0.6919574835852099,0.7026092423766112
assay_envelope,plus__nesso_binary,0.25,both_exact,930,252,0,1976,1976,1292.0,0.601532425540362,0.6538461538461539
assay_envelope,plus__nesso_binary,0.25,one_bounded,930,341,0,4165,4165,3012.0,0.7158181365660842,0.7231692677070828
assay_envelope,plus__nesso_binary,0.25,both_bounded,930,30,0,221,221,166.0,0.7748840048840049,0.751131221719457
assay_envelope,mean__nesso_binary,0.25,all_determinate,930,377,0,6362,6362,4253.0,0.6518703256924537,0.6685004715498271
assay_envelope,mean__nesso_binary,0.25,both_exact,930,252,0,1976,1976,1226.0,0.5888423158264429,0.6204453441295547
assay_envelope,mean__nesso_binary,0.25,one_bounded,930,341,0,4165,4165,2883.0,0.6730086964382261,0.6921968787515006
assay_envelope,mean__nesso_binary,0.25,both_bounded,930,30,0,221,221,144.0,0.6965045140045141,0.6515837104072398
assay_envelope,mean_relative__nesso_binary,0.25,all_determinate,930,377,0,6362,6362,4466.0,0.6804299409264075,0.7019805092738133
assay_envelope,mean_relative__nesso_binary,0.25,both_exact,930,252,0,1976,1976,1276.0,0.5970182742008139,0.645748987854251
assay_envelope,mean_relative__nesso_binary,0.25,one_bounded,930,341,0,4165,4165,3017.0,0.7062433121285566,0.7243697478991596
assay_envelope,mean_relative__nesso_binary,0.25,both_bounded,930,30,0,221,221,173.0,0.8053825803825805,0.7828054298642534
assay_envelope,availability__raw_ad4,0.25,all_determinate,930,377,0,6362,6362,4289.0,0.6601380915733388,0.6741590694750078
assay_envelope,availability__raw_ad4,0.25,both_exact,930,252,0,1976,1976,1252.0,0.6164070791054918,0.6336032388663968
assay_envelope,availability__raw_ad4,0.25,one_bounded,930,341,0,4165,4165,2917.0,0.6823559069456586,0.700360144057623
assay_envelope,availability__raw_ad4,0.25,both_bounded,930,30,0,221,221,120.0,0.6372096422096422,0.5429864253393665
assay_envelope,plus__raw_ad4,0.25,all_determinate,930,377,0,6362,6362,4335.0,0.6663939291476952,0.6813895001571832
assay_envelope,plus__raw_ad4,0.25,both_exact,930,252,0,1976,1976,1269.0,0.6169032540064286,0.6422064777327935
assay_envelope,plus__raw_ad4,0.25,one_bounded,930,341,0,4165,4165,2946.0,0.687767384454387,0.7073229291716686
assay_envelope,plus__raw_ad4,0.25,both_bounded,930,30,0,221,221,120.0,0.6405694305694306,0.5429864253393665
assay_envelope,mean__raw_ad4,0.25,all_determinate,930,377,0,6362,6362,4301.0,0.6610365399315782,0.6760452687834014
assay_envelope,mean__raw_ad4,0.25,both_exact,930,252,0,1976,1976,1258.0,0.6085395718332225,0.6366396761133604
assay_envelope,mean__raw_ad4,0.25,one_bounded,930,341,0,4165,4165,2927.0,0.6838425991310335,0.7027611044417768
assay_envelope,mean__raw_ad4,0.25,both_bounded,930,30,0,221,221,116.0,0.622077367077367,0.5248868778280543
assay_envelope,mean_relative__raw_ad4,0.25,all_determinate,930,377,0,6362,6362,4315.0,0.660556616282518,0.678245834643194
assay_envelope,mean_relative__raw_ad4,0.25,both_exact,930,252,0,1976,1976,1264.0,0.6117445238476984,0.6396761133603239
assay_envelope,mean_relative__raw_ad4,0.25,one_bounded,930,341,0,4165,4165,2932.0,0.6815375959958596,0.7039615846338535
assay_envelope,mean_relative__raw_ad4,0.25,both_bounded,930,30,0,221,221,119.0,0.6342995892995893,0.5384615384615384
assay_envelope,availability__raw_gnina_own,0.25,all_determinate,930,377,0,6362,6362,4291.0,0.6603401883271597,0.6744734360264067
assay_envelope,availability__raw_gnina_own,0.25,both_exact,930,252,0,1976,1976,1252.0,0.6164070791054918,0.6336032388663968
assay_envelope,availability__raw_gnina_own,0.25,one_bounded,930,341,0,4165,4165,2919.0,0.6826361285162027,0.7008403361344537
assay_envelope,availability__raw_gnina_own,0.25,both_bounded,930,30,0,221,221,120.0,0.6372096422096422,0.5429864253393665
assay_envelope,plus__raw_gnina_own,0.25,all_determinate,930,377,0,6362,6362,4317.0,0.6712793300370613,0.6785602011945929
assay_envelope,plus__raw_gnina_own,0.25,both_exact,930,252,0,1976,1976,1265.0,0.6127226535956694,0.6401821862348178
assay_envelope,plus__raw_gnina_own,0.25,one_bounded,930,341,0,4165,4165,2917.0,0.691122434631455,0.700360144057623
assay_envelope,plus__raw_gnina_own,0.25,both_bounded,930,30,0,221,221,135.0,0.6962187812187811,0.6108597285067874
assay_envelope,mean__raw_gnina_own,0.25,all_determinate,930,377,0,6362,6362,4258.0,0.654831981354085,0.6692863879283244
assay_envelope,mean__raw_gnina_own,0.25,both_exact,930,252,0,1976,1976,1250.0,0.5977393931759011,0.6325910931174089
assay_envelope,mean__raw_gnina_own,0.25,one_bounded,930,341,0,4165,4165,2888.0,0.6770911226120275,0.6933973589435775
assay_envelope,mean__raw_gnina_own,0.25,both_bounded,930,30,0,221,221,120.0,0.6392466792466791,0.5429864253393665
assay_envelope,mean_relative__raw_gnina_own,0.25,all_determinate,930,377,0,6362,6362,4267.0,0.6521980444118205,0.6707010374096196
assay_envelope,mean_relative__raw_gnina_own,0.25,both_exact,930,252,0,1976,1976,1236.0,0.5891701405590294,0.6255060728744939
assay_envelope,mean_relative__raw_gnina_own,0.25,one_bounded,930,341,0,4165,4165,2881.0,0.6706395396834092,0.6917166866746699
assay_envelope,mean_relative__raw_gnina_own,0.25,both_bounded,930,30,0,221,221,150.0,0.7374925074925075,0.6787330316742082
assay_envelope,availability__vina,0.25,all_determinate,930,377,0,6362,6362,4289.0,0.6601380915733388,0.6741590694750078
assay_envelope,availability__vina,0.25,both_exact,930,252,0,1976,1976,1252.0,0.6164070791054918,0.6336032388663968
assay_envelope,availability__vina,0.25,one_bounded,930,341,0,4165,4165,2917.0,0.6823559069456586,0.700360144057623
assay_envelope,availability__vina,0.25,both_bounded,930,30,0,221,221,120.0,0.6372096422096422,0.5429864253393665
assay_envelope,plus__vina,0.25,all_determinate,930,377,0,6362,6362,4348.0,0.6689383800262434,0.6834328827412763
assay_envelope,plus__vina,0.25,both_exact,930,252,0,1976,1976,1280.0,0.6315334944303198,0.6477732793522267
assay_envelope,plus__vina,0.25,one_bounded,930,341,0,4165,4165,2937.0,0.687087789960203,0.7051620648259304
assay_envelope,plus__vina,0.25,both_bounded,930,30,0,221,221,131.0,0.6702723202723202,0.5927601809954751
assay_envelope,mean__vina,0.25,all_determinate,930,377,0,6362,6362,4258.0,0.6524589911223585,0.6692863879283244
assay_envelope,mean__vina,0.25,both_exact,930,252,0,1976,1976,1254.0,0.6070040923215526,0.6346153846153846
assay_envelope,mean__vina,0.25,one_bounded,930,341,0,4165,4165,2883.0,0.6702063704416921,0.6921968787515006
assay_envelope,mean__vina,0.25,both_bounded,930,30,0,221,221,121.0,0.6328445628445628,0.5475113122171946
assay_envelope,mean_relative__vina,0.25,all_determinate,930,377,0,6362,6362,4336.0,0.6630132652729124,0.6815466834328827
assay_envelope,mean_relative__vina,0.25,both_exact,930,252,0,1976,1976,1261.0,0.6195614497201798,0.6381578947368421
assay_envelope,mean_relative__vina,0.25,one_bounded,930,341,0,4165,4165,2936.0,0.6811794061870652,0.704921968787515
assay_envelope,mean_relative__vina,0.25,both_bounded,930,30,0,221,221,139.0,0.6915869315869316,0.6289592760180995
assay_envelope,native__boltz_affinity,0.25,all_determinate,930,377,0,6362,6362,3811.0,0.5657790968737226,0.5990254636906633
assay_envelope,native__boltz_affinity,0.25,both_exact,930,252,0,1976,1976,1201.0,0.5909877306702703,0.6077935222672065
assay_envelope,native__boltz_affinity,0.25,one_bounded,930,341,0,4165,4165,2481.0,0.561792076614662,0.5956782713085234
assay_envelope,native__boltz_affinity,0.25,both_bounded,930,30,0,221,221,129.0,0.5785669885669886,0.583710407239819
assay_envelope,native__boltz_binary,0.25,all_determinate,930,377,0,6362,6362,4382.0,0.6687217269754823,0.6887771141150582
assay_envelope,native__boltz_binary,0.25,both_exact,930,252,0,1976,1976,1304.0,0.611235369568703,0.659919028340081
assay_envelope,native__boltz_binary,0.25,one_bounded,930,341,0,4165,4165,2930.0,0.6791693533149108,0.7034813925570228
assay_envelope,native__boltz_binary,0.25,both_bounded,930,30,0,221,221,148.0,0.6921355496355498,0.669683257918552
assay_envelope,native__boltzina_vina_far_affinity,0.25,all_determinate,930,377,0,6362,6362,3762.0,0.5679041420989718,0.5913234831813895
assay_envelope,native__boltzina_vina_far_affinity,0.25,both_exact,930,252,0,1976,1976,1193.0,0.5729262580453057,0.603744939271255
assay_envelope,native__boltzina_vina_far_affinity,0.25,one_bounded,930,341,0,4165,4165,2444.0,0.5699969496392506,0.5867947178871549
assay_envelope,native__boltzina_vina_far_affinity,0.25,both_bounded,930,30,0,221,221,125.0,0.5510397010397009,0.5656108597285068
assay_envelope,native__boltzina_vina_far_binary,0.25,all_determinate,930,377,0,6362,6362,4440.0,0.6768577604394237,0.6978937441056272
assay_envelope,native__boltzina_vina_far_binary,0.25,both_exact,930,252,0,1976,1976,1331.0,0.6294187147361751,0.673582995951417
assay_envelope,native__boltzina_vina_far_binary,0.25,one_bounded,930,341,0,4165,4165,2955.0,0.6897882314826562,0.709483793517407
assay_envelope,native__boltzina_vina_far_binary,0.25,both_bounded,930,30,0,221,221,154.0,0.6863795463795465,0.6968325791855203
assay_envelope,native__boltzina_vina_zero_affinity,0.25,all_determinate,930,377,0,6362,6362,3762.0,0.5679041420989718,0.5913234831813895
assay_envelope,native__boltzina_vina_zero_affinity,0.25,both_exact,930,252,0,1976,1976,1193.0,0.5729262580453057,0.603744939271255
assay_envelope,native__boltzina_vina_zero_affinity,0.25,one_bounded,930,341,0,4165,4165,2444.0,0.5699969496392506,0.5867947178871549
assay_envelope,native__boltzina_vina_zero_affinity,0.25,both_bounded,930,30,0,221,221,125.0,0.5510397010397009,0.5656108597285068
assay_envelope,native__boltzina_vina_zero_binary,0.25,all_determinate,930,377,0,6362,6362,4440.0,0.6768577604394237,0.6978937441056272
assay_envelope,native__boltzina_vina_zero_binary,0.25,both_exact,930,252,0,1976,1976,1331.0,0.6294187147361751,0.673582995951417
assay_envelope,native__boltzina_vina_zero_binary,0.25,one_bounded,930,341,0,4165,4165,2955.0,0.6897882314826562,0.709483793517407
assay_envelope,native__boltzina_vina_zero_binary,0.25,both_bounded,930,30,0,221,221,154.0,0.6863795463795465,0.6968325791855203
assay_envelope,native__gnina,0.25,all_determinate,930,377,0,6362,6362,3850.0,0.6171693297360323,0.6051556114429425
assay_envelope,native__gnina,0.25,both_exact,930,252,0,1976,1976,1156.0,0.5852580033135589,0.5850202429149798
assay_envelope,native__gnina,0.25,one_bounded,930,341,0,4165,4165,2562.0,0.6193636154074491,0.6151260504201681
assay_envelope,native__gnina,0.25,both_bounded,930,30,0,221,221,132.0,0.6253950678950679,0.5972850678733032
assay_envelope,native__nesso_affinity,0.25,all_determinate,930,377,0,6362,6362,3719.0,0.5553065569079979,0.5845646023263125
assay_envelope,native__nesso_affinity,0.25,both_exact,930,252,0,1976,1976,1120.0,0.5430473480076655,0.5668016194331984
assay_envelope,native__nesso_affinity,0.25,one_bounded,930,341,0,4165,4165,2493.0,0.5717197654340219,0.5985594237695078
assay_envelope,native__nesso_affinity,0.25,both_bounded,930,30,0,221,221,106.0,0.5002080327080327,0.4796380090497738
assay_envelope,native__nesso_binary,0.25,all_determinate,930,377,0,6362,6362,4106.0,0.6241108114447099,0.6453945300220056
assay_envelope,native__nesso_binary,0.25,both_exact,930,252,0,1976,1976,1195.0,0.5981290608274734,0.604757085020243
assay_envelope,native__nesso_binary,0.25,one_bounded,930,341,0,4165,4165,2772.0,0.6485275481897146,0.6655462184873949
assay_envelope,native__nesso_binary,0.25,both_bounded,930,30,0,221,221,139.0,0.6675372775372775,0.6289592760180995
assay_envelope,native__raw_ad4,0.25,all_determinate,930,377,0,6362,6362,3523.0,0.5446264237695985,0.5537566802892172
assay_envelope,native__raw_ad4,0.25,both_exact,930,252,0,1976,1976,1054.5,0.5171640822434473,0.5336538461538461
assay_envelope,native__raw_ad4,0.25,one_bounded,930,341,0,4165,4165,2324.5,0.557069880410956,0.5581032412965186
assay_envelope,native__raw_ad4,0.25,both_bounded,930,30,0,221,221,144.0,0.7042196692196693,0.6515837104072398
assay_envelope,native__raw_gnina_own,0.25,all_determinate,930,377,0,6362,6362,3828.0,0.631072966096694,0.6016975793775542
assay_envelope,native__raw_gnina_own,0.25,both_exact,930,252,0,1976,1976,1164.0,0.6043293860754178,0.5890688259109311
assay_envelope,native__raw_gnina_own,0.25,one_bounded,930,341,0,4165,4165,2553.0,0.6357324856486293,0.6129651860744297
assay_envelope,native__raw_gnina_own,0.25,both_bounded,930,30,0,221,221,111.0,0.4795088245088245,0.502262443438914
assay_envelope,native__vina,0.25,all_determinate,930,377,0,6362,6362,3807.5,0.5814841965842665,0.5984753222257152
assay_envelope,native__vina,0.25,both_exact,930,252,0,1976,1976,1044.0,0.5085217729066935,0.52834008097166
assay_envelope,native__vina,0.25,one_bounded,930,341,0,4165,4165,2599.0,0.608529829001379,0.6240096038415366
assay_envelope,native__vina,0.25,both_bounded,930,30,0,221,221,164.5,0.7757657157657157,0.744343891402715
assay_envelope,target_prior,0.5,all_determinate,930,377,0,6362,6362,4103.0,0.6009198211648693,0.6449229801949072
assay_envelope,target_prior,0.5,both_exact,930,252,0,1976,1976,1207.0,0.5907362552203823,0.6108299595141701
assay_envelope,target_prior,0.5,one_bounded,930,341,0,4165,4165,2776.0,0.6187574466474505,0.6665066026410564
assay_envelope,target_prior,0.5,both_bounded,930,30,0,221,221,120.0,0.6290462315462315,0.5429864253393665
assay_envelope,chemistry,0.5,all_determinate,930,377,0,6362,6362,4528.0,0.6941999860895925,0.7117258723671801
assay_envelope,chemistry,0.5,both_exact,930,252,0,1976,1976,1299.0,0.624562614046741,0.6573886639676113
assay_envelope,chemistry,0.5,one_bounded,930,341,0,4165,4165,3091.0,0.7228032169885843,0.7421368547418967
assay_envelope,chemistry,0.5,both_bounded,930,30,0,221,221,138.0,0.7047993672993673,0.6244343891402715
assay_envelope,availability__boltz_affinity,0.5,all_determinate,930,377,0,6362,6362,4528.0,0.6941999860895925,0.7117258723671801
assay_envelope,availability__boltz_affinity,0.5,both_exact,930,252,0,1976,1976,1299.0,0.624562614046741,0.6573886639676113
assay_envelope,availability__boltz_affinity,0.5,one_bounded,930,341,0,4165,4165,3091.0,0.7228032169885843,0.7421368547418967
assay_envelope,availability__boltz_affinity,0.5,both_bounded,930,30,0,221,221,138.0,0.7047993672993673,0.6244343891402715
assay_envelope,plus__boltz_affinity,0.5,all_determinate,930,377,0,6362,6362,4659.0,0.714526713391386,0.7323168814838101
assay_envelope,plus__boltz_affinity,0.5,both_exact,930,252,0,1976,1976,1369.0,0.6565424654710368,0.6928137651821862
assay_envelope,plus__boltz_affinity,0.5,one_bounded,930,341,0,4165,4165,3118.0,0.7264629352981402,0.7486194477791116
assay_envelope,plus__boltz_affinity,0.5,both_bounded,930,30,0,221,221,172.0,0.8122557997557998,0.7782805429864253
assay_envelope,mean__boltz_affinity,0.5,all_determinate,930,377,0,6362,6362,4491.0,0.6924022800506847,0.7059100911662999
assay_envelope,mean__boltz_affinity,0.5,both_exact,930,252,0,1976,1976,1308.0,0.631019186574742,0.6619433198380567
assay_envelope,mean__boltz_affinity,0.5,one_bounded,930,341,0,4165,4165,3048.0,0.7173708736286546,0.731812725090036
assay_envelope,mean__boltz_affinity,0.5,both_bounded,930,30,0,221,221,135.0,0.6963398638398639,0.6108597285067874
assay_envelope,mean_relative__boltz_affinity,0.5,all_determinate,930,377,0,6362,6362,4687.0,0.7097066992594532,0.7367180132033951
assay_envelope,mean_relative__boltz_affinity,0.5,both_exact,930,252,0,1976,1976,1377.0,0.6692323843117494,0.6968623481781376
assay_envelope,mean_relative__boltz_affinity,0.5,one_bounded,930,341,0,4165,4165,3138.0,0.7236499804109717,0.7534213685474189
assay_envelope,mean_relative__boltz_affinity,0.5,both_bounded,930,30,0,221,221,172.0,0.8122517297517297,0.7782805429864253
assay_envelope,availability__boltz_binary,0.5,all_determinate,930,377,0,6362,6362,4528.0,0.6941999860895925,0.7117258723671801
assay_envelope,availability__boltz_binary,0.5,both_exact,930,252,0,1976,1976,1299.0,0.624562614046741,0.6573886639676113
assay_envelope,availability__boltz_binary,0.5,one_bounded,930,341,0,4165,4165,3091.0,0.7228032169885843,0.7421368547418967
assay_envelope,availability__boltz_binary,0.5,both_bounded,930,30,0,221,221,138.0,0.7047993672993673,0.6244343891402715
assay_envelope,plus__boltz_binary,0.5,all_determinate,930,377,0,6362,6362,4634.0,0.7199029458782096,0.7283872995913235
assay_envelope,plus__boltz_binary,0.5,both_exact,930,252,0,1976,1976,1327.0,0.6138810630874122,0.6715587044534413
assay_envelope,plus__boltz_binary,0.5,one_bounded,930,341,0,4165,4165,3132.0,0.7467357638941042,0.7519807923169267
assay_envelope,plus__boltz_binary,0.5,both_bounded,930,30,0,221,221,175.0,0.7955881155881157,0.7918552036199095
assay_envelope,mean__boltz_binary,0.5,all_determinate,930,377,0,6362,6362,4553.0,0.705261123327391,0.7156554542596668
assay_envelope,mean__boltz_binary,0.5,both_exact,930,252,0,1976,1976,1300.0,0.6288447590034892,0.6578947368421053
assay_envelope,mean__boltz_binary,0.5,one_bounded,930,341,0,4165,4165,3096.0,0.731755577051927,0.7433373349339736
assay_envelope,mean__boltz_binary,0.5,both_bounded,930,30,0,221,221,157.0,0.7449916749916751,0.7104072398190046
assay_envelope,mean_relative__boltz_binary,0.5,all_determinate,930,377,0,6362,6362,4657.0,0.7283323948401276,0.7320025149324112
assay_envelope,mean_relative__boltz_binary,0.5,both_exact,930,252,0,1976,1976,1309.0,0.6249194515067531,0.6624493927125507
assay_envelope,mean_relative__boltz_binary,0.5,one_bounded,930,341,0,4165,4165,3168.0,0.7543780653312657,0.76062424969988
assay_envelope,mean_relative__boltz_binary,0.5,both_bounded,930,30,0,221,221,180.0,0.8211680911680912,0.8144796380090498
assay_envelope,availability__boltzina_vina_far_affinity,0.5,all_determinate,930,377,0,6362,6362,4529.0,0.6942686711491522,0.7118830556428796
assay_envelope,availability__boltzina_vina_far_affinity,0.5,both_exact,930,252,0,1976,1976,1299.0,0.6278694923536193,0.6573886639676113
assay_envelope,availability__boltzina_vina_far_affinity,0.5,one_bounded,930,341,0,4165,4165,3092.0,0.7228039519638524,0.7423769507803121
assay_envelope,availability__boltzina_vina_far_affinity,0.5,both_bounded,930,30,0,221,221,138.0,0.7047993672993673,0.6244343891402715
assay_envelope,plus__boltzina_vina_far_affinity,0.5,all_determinate,930,377,0,6362,6362,4644.0,0.7058895099683788,0.7299591323483181
assay_envelope,plus__boltzina_vina_far_affinity,0.5,both_exact,930,252,0,1976,1976,1384.0,0.6635215534025058,0.7004048582995951
assay_envelope,plus__boltzina_vina_far_affinity,0.5,one_bounded,930,341,0,4165,4165,3091.0,0.7172100196289295,0.7421368547418967
assay_envelope,plus__boltzina_vina_far_affinity,0.5,both_bounded,930,30,0,221,221,169.0,0.8080891330891332,0.7647058823529411
assay_envelope,mean__boltzina_vina_far_affinity,0.5,all_determinate,930,377,0,6362,6362,4404.0,0.6710540044791701,0.6922351461804463
assay_envelope,mean__boltzina_vina_far_affinity,0.5,both_exact,930,252,0,1976,1976,1289.0,0.6183457782664132,0.6523279352226721
assay_envelope,mean__boltzina_vina_far_affinity,0.5,one_bounded,930,341,0,4165,4165,2975.0,0.6942758749336265,0.7142857142857143
assay_envelope,mean__boltzina_vina_far_affinity,0.5,both_bounded,930,30,0,221,221,140.0,0.706468068968069,0.6334841628959276
assay_envelope,mean_relative__boltzina_vina_far_affinity,0.5,all_determinate,930,377,0,6362,6362,4714.0,0.7072786103091171,0.7409619616472807
assay_envelope,mean_relative__boltzina_vina_far_affinity,0.5,both_exact,930,252,0,1976,1976,1393.0,0.6534369583972759,0.7049595141700404
assay_envelope,mean_relative__boltzina_vina_far_affinity,0.5,one_bounded,930,341,0,4165,4165,3152.0,0.7238796288326751,0.7567827130852341
assay_envelope,mean_relative__boltzina_vina_far_affinity,0.5,both_bounded,930,30,0,221,221,169.0,0.8004151404151405,0.7647058823529411
assay_envelope,availability__boltzina_vina_far_binary,0.5,all_determinate,930,377,0,6362,6362,4529.0,0.6942686711491522,0.7118830556428796
assay_envelope,availability__boltzina_vina_far_binary,0.5,both_exact,930,252,0,1976,1976,1299.0,0.6278694923536193,0.6573886639676113
assay_envelope,availability__boltzina_vina_far_binary,0.5,one_bounded,930,341,0,4165,4165,3092.0,0.7228039519638524,0.7423769507803121
assay_envelope,availability__boltzina_vina_far_binary,0.5,both_bounded,930,30,0,221,221,138.0,0.7047993672993673,0.6244343891402715
assay_envelope,plus__boltzina_vina_far_binary,0.5,all_determinate,930,377,0,6362,6362,4629.0,0.7132241696732267,0.7276013832128262
assay_envelope,plus__boltzina_vina_far_binary,0.5,both_exact,930,252,0,1976,1976,1329.0,0.6351696290188353,0.6725708502024291
assay_envelope,plus__boltzina_vina_far_binary,0.5,one_bounded,930,341,0,4165,4165,3121.0,0.7341159748701408,0.7493397358943578
assay_envelope,plus__boltzina_vina_far_binary,0.5,both_bounded,930,30,0,221,221,179.0,0.8123626373626374,0.8099547511312217
assay_envelope,mean__boltzina_vina_far_binary,0.5,all_determinate,930,377,0,6362,6362,4501.0,0.6924794791149529,0.7074819239232946
assay_envelope,mean__boltzina_vina_far_binary,0.5,both_exact,930,252,0,1976,1976,1280.0,0.6069363323331577,0.6477732793522267
assay_envelope,mean__boltzina_vina_far_binary,0.5,one_bounded,930,341,0,4165,4165,3063.0,0.7215820571863251,0.7354141656662665
assay_envelope,mean__boltzina_vina_far_binary,0.5,both_bounded,930,30,0,221,221,158.0,0.7422138972138972,0.7149321266968326
assay_envelope,mean_relative__boltzina_vina_far_binary,0.5,all_determinate,930,377,0,6362,6362,4606.0,0.703816541207894,0.7239861678717384
assay_envelope,mean_relative__boltzina_vina_far_binary,0.5,both_exact,930,252,0,1976,1976,1317.0,0.6279761904761905,0.666497975708502
assay_envelope,mean_relative__boltzina_vina_far_binary,0.5,one_bounded,930,341,0,4165,4165,3120.0,0.7255313518079017,0.7490996398559424
assay_envelope,mean_relative__boltzina_vina_far_binary,0.5,both_bounded,930,30,0,221,221,169.0,0.7703235653235653,0.7647058823529411
assay_envelope,availability__boltzina_vina_zero_affinity,0.5,all_determinate,930,377,0,6362,6362,4529.0,0.6942686711491522,0.7118830556428796
assay_envelope,availability__boltzina_vina_zero_affinity,0.5,both_exact,930,252,0,1976,1976,1299.0,0.6278694923536193,0.6573886639676113
assay_envelope,availability__boltzina_vina_zero_affinity,0.5,one_bounded,930,341,0,4165,4165,3092.0,0.7228039519638524,0.7423769507803121
assay_envelope,availability__boltzina_vina_zero_affinity,0.5,both_bounded,930,30,0,221,221,138.0,0.7047993672993673,0.6244343891402715
assay_envelope,plus__boltzina_vina_zero_affinity,0.5,all_determinate,930,377,0,6362,6362,4644.0,0.7058895099683788,0.7299591323483181
assay_envelope,plus__boltzina_vina_zero_affinity,0.5,both_exact,930,252,0,1976,1976,1384.0,0.6635215534025058,0.7004048582995951
assay_envelope,plus__boltzina_vina_zero_affinity,0.5,one_bounded,930,341,0,4165,4165,3091.0,0.7172100196289295,0.7421368547418967
assay_envelope,plus__boltzina_vina_zero_affinity,0.5,both_bounded,930,30,0,221,221,169.0,0.8080891330891332,0.7647058823529411
assay_envelope,mean__boltzina_vina_zero_affinity,0.5,all_determinate,930,377,0,6362,6362,4403.0,0.6709803233710062,0.6920779629047469
assay_envelope,mean__boltzina_vina_zero_affinity,0.5,both_exact,930,252,0,1976,1976,1288.0,0.6182040549104042,0.6518218623481782
assay_envelope,mean__boltzina_vina_zero_affinity,0.5,one_bounded,930,341,0,4165,4165,2975.0,0.6942758749336265,0.7142857142857143
assay_envelope,mean__boltzina_vina_zero_affinity,0.5,both_bounded,930,30,0,221,221,140.0,0.706468068968069,0.6334841628959276
assay_envelope,mean_relative__boltzina_vina_zero_affinity,0.5,all_determinate,930,377,0,6362,6362,4714.0,0.7072786103091171,0.7409619616472807
assay_envelope,mean_relative__boltzina_vina_zero_affinity,0.5,both_exact,930,252,0,1976,1976,1393.0,0.6534369583972759,0.7049595141700404
assay_envelope,mean_relative__boltzina_vina_zero_affinity,0.5,one_bounded,930,341,0,4165,4165,3152.0,0.7238796288326751,0.7567827130852341
assay_envelope,mean_relative__boltzina_vina_zero_affinity,0.5,both_bounded,930,30,0,221,221,169.0,0.8004151404151405,0.7647058823529411
assay_envelope,availability__boltzina_vina_zero_binary,0.5,all_determinate,930,377,0,6362,6362,4529.0,0.6942686711491522,0.7118830556428796
assay_envelope,availability__boltzina_vina_zero_binary,0.5,both_exact,930,252,0,1976,1976,1299.0,0.6278694923536193,0.6573886639676113
assay_envelope,availability__boltzina_vina_zero_binary,0.5,one_bounded,930,341,0,4165,4165,3092.0,0.7228039519638524,0.7423769507803121
assay_envelope,availability__boltzina_vina_zero_binary,0.5,both_bounded,930,30,0,221,221,138.0,0.7047993672993673,0.6244343891402715
assay_envelope,plus__boltzina_vina_zero_binary,0.5,all_determinate,930,377,0,6362,6362,4629.0,0.7132241696732267,0.7276013832128262
assay_envelope,plus__boltzina_vina_zero_binary,0.5,both_exact,930,252,0,1976,1976,1329.0,0.6351696290188353,0.6725708502024291
assay_envelope,plus__boltzina_vina_zero_binary,0.5,one_bounded,930,341,0,4165,4165,3121.0,0.7341159748701408,0.7493397358943578
assay_envelope,plus__boltzina_vina_zero_binary,0.5,both_bounded,930,30,0,221,221,179.0,0.8123626373626374,0.8099547511312217
assay_envelope,mean__boltzina_vina_zero_binary,0.5,all_determinate,930,377,0,6362,6362,4501.0,0.6924794791149529,0.7074819239232946
assay_envelope,mean__boltzina_vina_zero_binary,0.5,both_exact,930,252,0,1976,1976,1280.0,0.6069363323331577,0.6477732793522267
assay_envelope,mean__boltzina_vina_zero_binary,0.5,one_bounded,930,341,0,4165,4165,3063.0,0.7215820571863251,0.7354141656662665
assay_envelope,mean__boltzina_vina_zero_binary,0.5,both_bounded,930,30,0,221,221,158.0,0.7422138972138972,0.7149321266968326
assay_envelope,mean_relative__boltzina_vina_zero_binary,0.5,all_determinate,930,377,0,6362,6362,4606.0,0.703816541207894,0.7239861678717384
assay_envelope,mean_relative__boltzina_vina_zero_binary,0.5,both_exact,930,252,0,1976,1976,1317.0,0.6279761904761905,0.666497975708502
assay_envelope,mean_relative__boltzina_vina_zero_binary,0.5,one_bounded,930,341,0,4165,4165,3120.0,0.7255313518079017,0.7490996398559424
assay_envelope,mean_relative__boltzina_vina_zero_binary,0.5,both_bounded,930,30,0,221,221,169.0,0.7703235653235653,0.7647058823529411
assay_envelope,availability__gnina,0.5,all_determinate,930,377,0,6362,6362,4526.0,0.6937916911212499,0.7114115058157812
assay_envelope,availability__gnina,0.5,both_exact,930,252,0,1976,1976,1298.0,0.6239012383853654,0.6568825910931174
assay_envelope,availability__gnina,0.5,one_bounded,930,341,0,4165,4165,3090.0,0.7224541037362453,0.7418967587034814
assay_envelope,availability__gnina,0.5,both_bounded,930,30,0,221,221,138.0,0.7047993672993673,0.6244343891402715
assay_envelope,plus__gnina,0.5,all_determinate,930,377,0,6362,6362,4590.0,0.7056442591403222,0.721471235460547
assay_envelope,plus__gnina,0.5,both_exact,930,252,0,1976,1976,1338.0,0.6241299999236507,0.6771255060728745
assay_envelope,plus__gnina,0.5,one_bounded,930,341,0,4165,4165,3099.0,0.7299285367033244,0.7440576230492197
assay_envelope,plus__gnina,0.5,both_bounded,930,30,0,221,221,153.0,0.7513449513449514,0.6923076923076923
assay_envelope,mean__gnina,0.5,all_determinate,930,377,0,6362,6362,4573.0,0.7049427350468872,0.7187991197736561
assay_envelope,mean__gnina,0.5,both_exact,930,252,0,1976,1976,1316.0,0.6456657466578102,0.6659919028340081
assay_envelope,mean__gnina,0.5,one_bounded,930,341,0,4165,4165,3104.0,0.731425844710923,0.7452581032412965
assay_envelope,mean__gnina,0.5,both_bounded,930,30,0,221,221,153.0,0.7362482887482888,0.6923076923076923
assay_envelope,mean_relative__gnina,0.5,all_determinate,930,377,0,6362,6362,4605.0,0.6997644896083747,0.723828984596039
assay_envelope,mean_relative__gnina,0.5,both_exact,930,252,0,1976,1976,1329.0,0.624858562953801,0.6725708502024291
assay_envelope,mean_relative__gnina,0.5,one_bounded,930,341,0,4165,4165,3121.0,0.7269565203012888,0.7493397358943578
assay_envelope,mean_relative__gnina,0.5,both_bounded,930,30,0,221,221,155.0,0.7630513005513005,0.7013574660633484
assay_envelope,availability__nesso_affinity,0.5,all_determinate,930,377,0,6362,6362,4526.0,0.6937916911212499,0.7114115058157812
assay_envelope,availability__nesso_affinity,0.5,both_exact,930,252,0,1976,1976,1298.0,0.6239012383853654,0.6568825910931174
assay_envelope,availability__nesso_affinity,0.5,one_bounded,930,341,0,4165,4165,3090.0,0.7224541037362453,0.7418967587034814
assay_envelope,availability__nesso_affinity,0.5,both_bounded,930,30,0,221,221,138.0,0.7047993672993673,0.6244343891402715
assay_envelope,plus__nesso_affinity,0.5,all_determinate,930,377,0,6362,6362,4707.0,0.7218289801663016,0.7398616787173845
assay_envelope,plus__nesso_affinity,0.5,both_exact,930,252,0,1976,1976,1382.0,0.6540245615642439,0.6993927125506073
assay_envelope,plus__nesso_affinity,0.5,one_bounded,930,341,0,4165,4165,3180.0,0.7450026566681596,0.7635054021608644
assay_envelope,plus__nesso_affinity,0.5,both_bounded,930,30,0,221,221,145.0,0.7083177008177007,0.6561085972850679
assay_envelope,mean__nesso_affinity,0.5,all_determinate,930,377,0,6362,6362,4475.0,0.6927341309455228,0.7033951587551085
assay_envelope,mean__nesso_affinity,0.5,both_exact,930,252,0,1976,1976,1301.0,0.6254245020118036,0.6584008097165992
assay_envelope,mean__nesso_affinity,0.5,one_bounded,930,341,0,4165,4165,3033.0,0.717284488308505,0.7282112845138056
assay_envelope,mean__nesso_affinity,0.5,both_bounded,930,30,0,221,221,141.0,0.705028305028305,0.6380090497737556
assay_envelope,mean_relative__nesso_affinity,0.5,all_determinate,930,377,0,6362,6362,4715.0,0.7124128089288597,0.7411191449229801
assay_envelope,mean_relative__nesso_affinity,0.5,both_exact,930,252,0,1976,1976,1370.0,0.648611588294128,0.6933198380566802
assay_envelope,mean_relative__nesso_affinity,0.5,one_bounded,930,341,0,4165,4165,3196.0,0.7368968348207245,0.7673469387755102
assay_envelope,mean_relative__nesso_affinity,0.5,both_bounded,930,30,0,221,221,149.0,0.6939597439597439,0.6742081447963801
assay_envelope,availability__nesso_binary,0.5,all_determinate,930,377,0,6362,6362,4526.0,0.6937916911212499,0.7114115058157812
assay_envelope,availability__nesso_binary,0.5,both_exact,930,252,0,1976,1976,1298.0,0.6239012383853654,0.6568825910931174
assay_envelope,availability__nesso_binary,0.5,one_bounded,930,341,0,4165,4165,3090.0,0.7224541037362453,0.7418967587034814
assay_envelope,availability__nesso_binary,0.5,both_bounded,930,30,0,221,221,138.0,0.7047993672993673,0.6244343891402715
assay_envelope,plus__nesso_binary,0.5,all_determinate,930,377,0,6362,6362,4651.0,0.716532160054104,0.7310594152782144
assay_envelope,plus__nesso_binary,0.5,both_exact,930,252,0,1976,1976,1356.0,0.6381619482809958,0.6862348178137652
assay_envelope,plus__nesso_binary,0.5,one_bounded,930,341,0,4165,4165,3132.0,0.7379200800907236,0.7519807923169267
assay_envelope,plus__nesso_binary,0.5,both_bounded,930,30,0,221,221,163.0,0.7790059015059015,0.7375565610859729
assay_envelope,mean__nesso_binary,0.5,all_determinate,930,377,0,6362,6362,4539.0,0.6979588904753389,0.7134548883998743
assay_envelope,mean__nesso_binary,0.5,both_exact,930,252,0,1976,1976,1291.0,0.6110789489757744,0.65334008097166
assay_envelope,mean__nesso_binary,0.5,one_bounded,930,341,0,4165,4165,3089.0,0.7234994039162997,0.741656662665066
assay_envelope,mean__nesso_binary,0.5,both_bounded,930,30,0,221,221,159.0,0.7691308691308691,0.7194570135746606
assay_envelope,mean_relative__nesso_binary,0.5,all_determinate,930,377,0,6362,6362,4641.0,0.7111166717075961,0.7294875825212197
assay_envelope,mean_relative__nesso_binary,0.5,both_exact,930,252,0,1976,1976,1328.0,0.6332090748757416,0.6720647773279352
assay_envelope,mean_relative__nesso_binary,0.5,one_bounded,930,341,0,4165,4165,3148.0,0.7407548426902446,0.7558223289315726
assay_envelope,mean_relative__nesso_binary,0.5,both_bounded,930,30,0,221,221,165.0,0.7823636548636549,0.746606334841629
assay_envelope,availability__raw_ad4,0.5,all_determinate,930,377,0,6362,6362,4526.0,0.6937916911212499,0.7114115058157812
assay_envelope,availability__raw_ad4,0.5,both_exact,930,252,0,1976,1976,1298.0,0.6239012383853654,0.6568825910931174
assay_envelope,availability__raw_ad4,0.5,one_bounded,930,341,0,4165,4165,3090.0,0.7224541037362453,0.7418967587034814
assay_envelope,availability__raw_ad4,0.5,both_bounded,930,30,0,221,221,138.0,0.7047993672993673,0.6244343891402715
assay_envelope,plus__raw_ad4,0.5,all_determinate,930,377,0,6362,6362,4609.0,0.7137807674142342,0.7244577176988368
assay_envelope,plus__raw_ad4,0.5,both_exact,930,252,0,1976,1976,1326.0,0.6489946708200676,0.6710526315789473
assay_envelope,plus__raw_ad4,0.5,one_bounded,930,341,0,4165,4165,3130.0,0.7407645056617854,0.751500600240096
assay_envelope,plus__raw_ad4,0.5,both_bounded,930,30,0,221,221,153.0,0.7461424686424688,0.6923076923076923
assay_envelope,mean__raw_ad4,0.5,all_determinate,930,377,0,6362,6362,4583.0,0.7101762991372745,0.7203709525306508
assay_envelope,mean__raw_ad4,0.5,both_exact,930,252,0,1976,1976,1320.0,0.6363151545691229,0.6680161943319838
assay_envelope,mean__raw_ad4,0.5,one_bounded,930,341,0,4165,4165,3112.0,0.7376080140595459,0.7471788715486194
assay_envelope,mean__raw_ad4,0.5,both_bounded,930,30,0,221,221,151.0,0.7386027861027861,0.6832579185520362
assay_envelope,mean_relative__raw_ad4,0.5,all_determinate,930,377,0,6362,6362,4615.0,0.7137996168999409,0.7254008173530336
assay_envelope,mean_relative__raw_ad4,0.5,both_exact,930,252,0,1976,1976,1329.0,0.6512559457003901,0.6725708502024291
assay_envelope,mean_relative__raw_ad4,0.5,one_bounded,930,341,0,4165,4165,3130.0,0.739262568798886,0.751500600240096
assay_envelope,mean_relative__raw_ad4,0.5,both_bounded,930,30,0,221,221,156.0,0.7622535797535798,0.7058823529411765
assay_envelope,availability__raw_gnina_own,0.5,all_determinate,930,377,0,6362,6362,4526.0,0.6937916911212499,0.7114115058157812
assay_envelope,availability__raw_gnina_own,0.5,both_exact,930,252,0,1976,1976,1298.0,0.6239012383853654,0.6568825910931174
assay_envelope,availability__raw_gnina_own,0.5,one_bounded,930,341,0,4165,4165,3090.0,0.7224541037362453,0.7418967587034814
assay_envelope,availability__raw_gnina_own,0.5,both_bounded,930,30,0,221,221,138.0,0.7047993672993673,0.6244343891402715
assay_envelope,plus__raw_gnina_own,0.5,all_determinate,930,377,0,6362,6362,4604.0,0.7110106159716796,0.7236718013203395
assay_envelope,plus__raw_gnina_own,0.5,both_exact,930,252,0,1976,1976,1311.0,0.6183331806347679,0.6634615384615384
assay_envelope,plus__raw_gnina_own,0.5,one_bounded,930,341,0,4165,4165,3139.0,0.7416030717415371,0.7536614645858344
assay_envelope,plus__raw_gnina_own,0.5,both_bounded,930,30,0,221,221,154.0,0.7481939356939357,0.6968325791855203
assay_envelope,mean__raw_gnina_own,0.5,all_determinate,930,377,0,6362,6362,4567.0,0.7080147997849083,0.7178560201194593
assay_envelope,mean__raw_gnina_own,0.5,both_exact,930,252,0,1976,1976,1311.0,0.639329137940249,0.6634615384615384
assay_envelope,mean__raw_gnina_own,0.5,one_bounded,930,341,0,4165,4165,3103.0,0.7355835541398708,0.7450180072028811
assay_envelope,mean__raw_gnina_own,0.5,both_bounded,930,30,0,221,221,153.0,0.7384969659969659,0.6923076923076923
assay_envelope,mean_relative__raw_gnina_own,0.5,all_determinate,930,377,0,6362,6362,4513.0,0.6953291130492701,0.7093681232316882
assay_envelope,mean_relative__raw_gnina_own,0.5,both_exact,930,252,0,1976,1976,1282.0,0.5975418394069189,0.6487854251012146
assay_envelope,mean_relative__raw_gnina_own,0.5,one_bounded,930,341,0,4165,4165,3075.0,0.7240281242641701,0.7382953181272509
assay_envelope,mean_relative__raw_gnina_own,0.5,both_bounded,930,30,0,221,221,156.0,0.7408158508158509,0.7058823529411765
assay_envelope,availability__vina,0.5,all_determinate,930,377,0,6362,6362,4526.0,0.6937916911212499,0.7114115058157812
assay_envelope,availability__vina,0.5,both_exact,930,252,0,1976,1976,1298.0,0.6239012383853654,0.6568825910931174
assay_envelope,availability__vina,0.5,one_bounded,930,341,0,4165,4165,3090.0,0.7224541037362453,0.7418967587034814
assay_envelope,availability__vina,0.5,both_bounded,930,30,0,221,221,138.0,0.7047993672993673,0.6244343891402715
assay_envelope,plus__vina,0.5,all_determinate,930,377,0,6362,6362,4624.0,0.7189698468183515,0.7268154668343288
assay_envelope,plus__vina,0.5,both_exact,930,252,0,1976,1976,1317.0,0.6472467494292891,0.666497975708502
assay_envelope,plus__vina,0.5,one_bounded,930,341,0,4165,4165,3153.0,0.7455600446197996,0.7570228091236495
assay_envelope,plus__vina,0.5,both_bounded,930,30,0,221,221,154.0,0.7525842675842677,0.6968325791855203
assay_envelope,mean__vina,0.5,all_determinate,930,377,0,6362,6362,4602.0,0.7166815059206472,0.7233574347689405
assay_envelope,mean__vina,0.5,both_exact,930,252,0,1976,1976,1323.0,0.6461224108049506,0.6695344129554656
assay_envelope,mean__vina,0.5,one_bounded,930,341,0,4165,4165,3128.0,0.7414498327055283,0.7510204081632653
assay_envelope,mean__vina,0.5,both_bounded,930,30,0,221,221,151.0,0.7348746623746625,0.6832579185520362
assay_envelope,mean_relative__vina,0.5,all_determinate,930,377,0,6362,6362,4629.0,0.7184202224689731,0.7276013832128262
assay_envelope,mean_relative__vina,0.5,both_exact,930,252,0,1976,1976,1313.0,0.638855676950915,0.6644736842105263
assay_envelope,mean_relative__vina,0.5,one_bounded,930,341,0,4165,4165,3165.0,0.74819585922183,0.7599039615846338
assay_envelope,mean_relative__vina,0.5,both_bounded,930,30,0,221,221,151.0,0.7371324971324972,0.6832579185520362
assay_envelope,native__boltz_affinity,0.5,all_determinate,930,377,0,6362,6362,3811.0,0.5657790968737226,0.5990254636906633
assay_envelope,native__boltz_affinity,0.5,both_exact,930,252,0,1976,1976,1201.0,0.5909877306702703,0.6077935222672065
assay_envelope,native__boltz_affinity,0.5,one_bounded,930,341,0,4165,4165,2481.0,0.561792076614662,0.5956782713085234
assay_envelope,native__boltz_affinity,0.5,both_bounded,930,30,0,221,221,129.0,0.5785669885669886,0.583710407239819
assay_envelope,native__boltz_binary,0.5,all_determinate,930,377,0,6362,6362,4382.0,0.6687217269754823,0.6887771141150582
assay_envelope,native__boltz_binary,0.5,both_exact,930,252,0,1976,1976,1304.0,0.611235369568703,0.659919028340081
assay_envelope,native__boltz_binary,0.5,one_bounded,930,341,0,4165,4165,2930.0,0.6791693533149108,0.7034813925570228
assay_envelope,native__boltz_binary,0.5,both_bounded,930,30,0,221,221,148.0,0.6921355496355498,0.669683257918552
assay_envelope,native__boltzina_vina_far_affinity,0.5,all_determinate,930,377,0,6362,6362,3762.0,0.5679041420989718,0.5913234831813895
assay_envelope,native__boltzina_vina_far_affinity,0.5,both_exact,930,252,0,1976,1976,1193.0,0.5729262580453057,0.603744939271255
assay_envelope,native__boltzina_vina_far_affinity,0.5,one_bounded,930,341,0,4165,4165,2444.0,0.5699969496392506,0.5867947178871549
assay_envelope,native__boltzina_vina_far_affinity,0.5,both_bounded,930,30,0,221,221,125.0,0.5510397010397009,0.5656108597285068
assay_envelope,native__boltzina_vina_far_binary,0.5,all_determinate,930,377,0,6362,6362,4440.0,0.6768577604394237,0.6978937441056272
assay_envelope,native__boltzina_vina_far_binary,0.5,both_exact,930,252,0,1976,1976,1331.0,0.6294187147361751,0.673582995951417
assay_envelope,native__boltzina_vina_far_binary,0.5,one_bounded,930,341,0,4165,4165,2955.0,0.6897882314826562,0.709483793517407
assay_envelope,native__boltzina_vina_far_binary,0.5,both_bounded,930,30,0,221,221,154.0,0.6863795463795465,0.6968325791855203
assay_envelope,native__boltzina_vina_zero_affinity,0.5,all_determinate,930,377,0,6362,6362,3762.0,0.5679041420989718,0.5913234831813895
assay_envelope,native__boltzina_vina_zero_affinity,0.5,both_exact,930,252,0,1976,1976,1193.0,0.5729262580453057,0.603744939271255
assay_envelope,native__boltzina_vina_zero_affinity,0.5,one_bounded,930,341,0,4165,4165,2444.0,0.5699969496392506,0.5867947178871549
assay_envelope,native__boltzina_vina_zero_affinity,0.5,both_bounded,930,30,0,221,221,125.0,0.5510397010397009,0.5656108597285068
assay_envelope,native__boltzina_vina_zero_binary,0.5,all_determinate,930,377,0,6362,6362,4440.0,0.6768577604394237,0.6978937441056272
assay_envelope,native__boltzina_vina_zero_binary,0.5,both_exact,930,252,0,1976,1976,1331.0,0.6294187147361751,0.673582995951417
assay_envelope,native__boltzina_vina_zero_binary,0.5,one_bounded,930,341,0,4165,4165,2955.0,0.6897882314826562,0.709483793517407
assay_envelope,native__boltzina_vina_zero_binary,0.5,both_bounded,930,30,0,221,221,154.0,0.6863795463795465,0.6968325791855203
assay_envelope,native__gnina,0.5,all_determinate,930,377,0,6362,6362,3850.0,0.6171693297360323,0.6051556114429425
assay_envelope,native__gnina,0.5,both_exact,930,252,0,1976,1976,1156.0,0.5852580033135589,0.5850202429149798
assay_envelope,native__gnina,0.5,one_bounded,930,341,0,4165,4165,2562.0,0.6193636154074491,0.6151260504201681
assay_envelope,native__gnina,0.5,both_bounded,930,30,0,221,221,132.0,0.6253950678950679,0.5972850678733032
assay_envelope,native__nesso_affinity,0.5,all_determinate,930,377,0,6362,6362,3719.0,0.5553065569079979,0.5845646023263125
assay_envelope,native__nesso_affinity,0.5,both_exact,930,252,0,1976,1976,1120.0,0.5430473480076655,0.5668016194331984
assay_envelope,native__nesso_affinity,0.5,one_bounded,930,341,0,4165,4165,2493.0,0.5717197654340219,0.5985594237695078
assay_envelope,native__nesso_affinity,0.5,both_bounded,930,30,0,221,221,106.0,0.5002080327080327,0.4796380090497738
assay_envelope,native__nesso_binary,0.5,all_determinate,930,377,0,6362,6362,4106.0,0.6241108114447099,0.6453945300220056
assay_envelope,native__nesso_binary,0.5,both_exact,930,252,0,1976,1976,1195.0,0.5981290608274734,0.604757085020243
assay_envelope,native__nesso_binary,0.5,one_bounded,930,341,0,4165,4165,2772.0,0.6485275481897146,0.6655462184873949
assay_envelope,native__nesso_binary,0.5,both_bounded,930,30,0,221,221,139.0,0.6675372775372775,0.6289592760180995
assay_envelope,native__raw_ad4,0.5,all_determinate,930,377,0,6362,6362,3523.0,0.5446264237695985,0.5537566802892172
assay_envelope,native__raw_ad4,0.5,both_exact,930,252,0,1976,1976,1054.5,0.5171640822434473,0.5336538461538461
assay_envelope,native__raw_ad4,0.5,one_bounded,930,341,0,4165,4165,2324.5,0.557069880410956,0.5581032412965186
assay_envelope,native__raw_ad4,0.5,both_bounded,930,30,0,221,221,144.0,0.7042196692196693,0.6515837104072398
assay_envelope,native__raw_gnina_own,0.5,all_determinate,930,377,0,6362,6362,3828.0,0.631072966096694,0.6016975793775542
assay_envelope,native__raw_gnina_own,0.5,both_exact,930,252,0,1976,1976,1164.0,0.6043293860754178,0.5890688259109311
assay_envelope,native__raw_gnina_own,0.5,one_bounded,930,341,0,4165,4165,2553.0,0.6357324856486293,0.6129651860744297
assay_envelope,native__raw_gnina_own,0.5,both_bounded,930,30,0,221,221,111.0,0.4795088245088245,0.502262443438914
assay_envelope,native__vina,0.5,all_determinate,930,377,0,6362,6362,3807.5,0.5814841965842665,0.5984753222257152
assay_envelope,native__vina,0.5,both_exact,930,252,0,1976,1976,1044.0,0.5085217729066935,0.52834008097166
assay_envelope,native__vina,0.5,one_bounded,930,341,0,4165,4165,2599.0,0.608529829001379,0.6240096038415366
assay_envelope,native__vina,0.5,both_bounded,930,30,0,221,221,164.5,0.7757657157657157,0.744343891402715
assay_envelope,target_prior,1.0,all_determinate,930,377,0,6362,6362,4027.0,0.5980369754905411,0.6329770512417479
assay_envelope,target_prior,1.0,both_exact,930,252,0,1976,1976,1215.0,0.6000626064118126,0.6148785425101214
assay_envelope,target_prior,1.0,one_bounded,930,341,0,4165,4165,2694.0,0.6117381743185579,0.6468187274909964
assay_envelope,target_prior,1.0,both_bounded,930,30,0,221,221,118.0,0.6071546971546972,0.5339366515837104
assay_envelope,chemistry,1.0,all_determinate,930,377,0,6362,6362,4689.0,0.7162980519483535,0.7370323797547941
assay_envelope,chemistry,1.0,both_exact,930,252,0,1976,1976,1335.0,0.6389709643677898,0.6756072874493927
assay_envelope,chemistry,1.0,one_bounded,930,341,0,4165,4165,3194.0,0.7476338969643651,0.7668667466986795
assay_envelope,chemistry,1.0,both_bounded,930,30,0,221,221,160.0,0.7800362600362601,0.7239819004524887
assay_envelope,availability__boltz_affinity,1.0,all_determinate,930,377,0,6362,6362,4690.0,0.7168285559271335,0.7371895630304935
assay_envelope,availability__boltz_affinity,1.0,both_exact,930,252,0,1976,1976,1335.0,0.6389709643677898,0.6756072874493927
assay_envelope,availability__boltz_affinity,1.0,one_bounded,930,341,0,4165,4165,3195.0,0.7483670347942771,0.7671068427370948
assay_envelope,availability__boltz_affinity,1.0,both_bounded,930,30,0,221,221,160.0,0.7800362600362601,0.7239819004524887
assay_envelope,plus__boltz_affinity,1.0,all_determinate,930,377,0,6362,6362,4728.0,0.7180976708290507,0.7431625275070732
assay_envelope,plus__boltz_affinity,1.0,both_exact,930,252,0,1976,1976,1373.0,0.6523454499644976,0.694838056680162
assay_envelope,plus__boltz_affinity,1.0,one_bounded,930,341,0,4165,4165,3176.0,0.7320793166033297,0.7625450180072029
assay_envelope,plus__boltz_affinity,1.0,both_bounded,930,30,0,221,221,179.0,0.8472313797313797,0.8099547511312217
assay_envelope,mean__boltz_affinity,1.0,all_determinate,930,377,0,6362,6362,4560.0,0.6955435140016347,0.716755737189563
assay_envelope,mean__boltz_affinity,1.0,both_exact,930,252,0,1976,1976,1312.0,0.630697374348168,0.6639676113360324
assay_envelope,mean__boltz_affinity,1.0,one_bounded,930,341,0,4165,4165,3093.0,0.7224662438311827,0.7426170468187275
assay_envelope,mean__boltz_affinity,1.0,both_bounded,930,30,0,221,221,155.0,0.7555124505124505,0.7013574660633484
assay_envelope,mean_relative__boltz_affinity,1.0,all_determinate,930,377,0,6362,6362,4761.0,0.717980662410445,0.7483495756051556
assay_envelope,mean_relative__boltz_affinity,1.0,both_exact,930,252,0,1976,1976,1383.0,0.6557067271352985,0.6998987854251012
assay_envelope,mean_relative__boltz_affinity,1.0,one_bounded,930,341,0,4165,4165,3191.0,0.7328418824623847,0.7661464585834333
assay_envelope,mean_relative__boltz_affinity,1.0,both_bounded,930,30,0,221,221,187.0,0.8741341066341067,0.8461538461538461
assay_envelope,availability__boltz_binary,1.0,all_determinate,930,377,0,6362,6362,4690.0,0.7168285559271335,0.7371895630304935
assay_envelope,availability__boltz_binary,1.0,both_exact,930,252,0,1976,1976,1335.0,0.6389709643677898,0.6756072874493927
assay_envelope,availability__boltz_binary,1.0,one_bounded,930,341,0,4165,4165,3195.0,0.7483670347942771,0.7671068427370948
assay_envelope,availability__boltz_binary,1.0,both_bounded,930,30,0,221,221,160.0,0.7800362600362601,0.7239819004524887
assay_envelope,plus__boltz_binary,1.0,all_determinate,930,377,0,6362,6362,4728.0,0.7235474960355741,0.7431625275070732
assay_envelope,plus__boltz_binary,1.0,both_exact,930,252,0,1976,1976,1356.0,0.6281153370439084,0.6862348178137652
assay_envelope,plus__boltz_binary,1.0,one_bounded,930,341,0,4165,4165,3181.0,0.7451656984600837,0.7637454981992797
assay_envelope,plus__boltz_binary,1.0,both_bounded,930,30,0,221,221,191.0,0.8624155474155476,0.8642533936651584
assay_envelope,mean__boltz_binary,1.0,all_determinate,930,377,0,6362,6362,4615.0,0.7049314860345761,0.7254008173530336
assay_envelope,mean__boltz_binary,1.0,both_exact,930,252,0,1976,1976,1317.0,0.631957137512693,0.666497975708502
assay_envelope,mean__boltz_binary,1.0,one_bounded,930,341,0,4165,4165,3140.0,0.7351732380921105,0.7539015606242497
assay_envelope,mean__boltz_binary,1.0,both_bounded,930,30,0,221,221,158.0,0.7546373996373996,0.7149321266968326
assay_envelope,mean_relative__boltz_binary,1.0,all_determinate,930,377,0,6362,6362,4749.0,0.7251097999125224,0.7464633762967621
assay_envelope,mean_relative__boltz_binary,1.0,both_exact,930,252,0,1976,1976,1349.0,0.6398684501859104,0.6826923076923077
assay_envelope,mean_relative__boltz_binary,1.0,one_bounded,930,341,0,4165,4165,3214.0,0.7503718152378382,0.7716686674669868
assay_envelope,mean_relative__boltz_binary,1.0,both_bounded,930,30,0,221,221,186.0,0.8432336182336183,0.8416289592760181
assay_envelope,availability__boltzina_vina_far_affinity,1.0,all_determinate,930,377,0,6362,6362,4687.0,0.7184057638430836,0.7367180132033951
assay_envelope,availability__boltzina_vina_far_affinity,1.0,both_exact,930,252,0,1976,1976,1336.0,0.6451784473609868,0.6761133603238867
assay_envelope,availability__boltzina_vina_far_affinity,1.0,one_bounded,930,341,0,4165,4165,3192.0,0.7496059618326432,0.7663865546218488
assay_envelope,availability__boltzina_vina_far_affinity,1.0,both_bounded,930,30,0,221,221,159.0,0.7717029267029268,0.7194570135746606
assay_envelope,plus__boltzina_vina_far_affinity,1.0,all_determinate,930,377,0,6362,6362,4747.0,0.7184962327205482,0.7461490097453631
assay_envelope,plus__boltzina_vina_far_affinity,1.0,both_exact,930,252,0,1976,1976,1414.0,0.675328397352207,0.7155870445344129
assay_envelope,plus__boltzina_vina_far_affinity,1.0,one_bounded,930,341,0,4165,4165,3158.0,0.7285541985383406,0.7582232893157262
assay_envelope,plus__boltzina_vina_far_affinity,1.0,both_bounded,930,30,0,221,221,175.0,0.8286467236467236,0.7918552036199095
assay_envelope,mean__boltzina_vina_far_affinity,1.0,all_determinate,930,377,0,6362,6362,4550.0,0.6959816478984826,0.7151839044325684
assay_envelope,mean__boltzina_vina_far_affinity,1.0,both_exact,930,252,0,1976,1976,1320.0,0.6308872931888804,0.6680161943319838
assay_envelope,mean__boltzina_vina_far_affinity,1.0,one_bounded,930,341,0,4165,4165,3078.0,0.7213079342016586,0.739015606242497
assay_envelope,mean__boltzina_vina_far_affinity,1.0,both_bounded,930,30,0,221,221,152.0,0.7510680060680062,0.6877828054298643
assay_envelope,mean_relative__boltzina_vina_far_affinity,1.0,all_determinate,930,377,0,6362,6362,4779.0,0.7194925023822812,0.751178874567746
assay_envelope,mean_relative__boltzina_vina_far_affinity,1.0,both_exact,930,252,0,1976,1976,1394.0,0.6520330859616573,0.7054655870445344
assay_envelope,mean_relative__boltzina_vina_far_affinity,1.0,one_bounded,930,341,0,4165,4165,3201.0,0.7369727609605857,0.768547418967587
assay_envelope,mean_relative__boltzina_vina_far_affinity,1.0,both_bounded,930,30,0,221,221,184.0,0.858058608058608,0.832579185520362
assay_envelope,availability__boltzina_vina_far_binary,1.0,all_determinate,930,377,0,6362,6362,4687.0,0.7184057638430836,0.7367180132033951
assay_envelope,availability__boltzina_vina_far_binary,1.0,both_exact,930,252,0,1976,1976,1336.0,0.6451784473609868,0.6761133603238867
assay_envelope,availability__boltzina_vina_far_binary,1.0,one_bounded,930,341,0,4165,4165,3192.0,0.7496059618326432,0.7663865546218488
assay_envelope,availability__boltzina_vina_far_binary,1.0,both_bounded,930,30,0,221,221,159.0,0.7717029267029268,0.7194570135746606
assay_envelope,plus__boltzina_vina_far_binary,1.0,all_determinate,930,377,0,6362,6362,4735.0,0.7142469727637364,0.7442628104369695
assay_envelope,plus__boltzina_vina_far_binary,1.0,both_exact,930,252,0,1976,1976,1371.0,0.6379858677477726,0.6938259109311741
assay_envelope,plus__boltzina_vina_far_binary,1.0,one_bounded,930,341,0,4165,4165,3175.0,0.7328085408933577,0.7623049219687875
assay_envelope,plus__boltzina_vina_far_binary,1.0,both_bounded,930,30,0,221,221,189.0,0.8433638583638584,0.8552036199095022
assay_envelope,mean__boltzina_vina_far_binary,1.0,all_determinate,930,377,0,6362,6362,4609.0,0.7064896739840449,0.7244577176988368
assay_envelope,mean__boltzina_vina_far_binary,1.0,both_exact,930,252,0,1976,1976,1316.0,0.6371548058055995,0.6659919028340081
assay_envelope,mean__boltzina_vina_far_binary,1.0,one_bounded,930,341,0,4165,4165,3134.0,0.7355085044300507,0.7524609843937575
assay_envelope,mean__boltzina_vina_far_binary,1.0,both_bounded,930,30,0,221,221,159.0,0.7613040663040664,0.7194570135746606
assay_envelope,mean_relative__boltzina_vina_far_binary,1.0,all_determinate,930,377,0,6362,6362,4758.0,0.7238739068147472,0.7478780257780572
assay_envelope,mean_relative__boltzina_vina_far_binary,1.0,both_exact,930,252,0,1976,1976,1352.0,0.6341236438458662,0.6842105263157895
assay_envelope,mean_relative__boltzina_vina_far_binary,1.0,one_bounded,930,341,0,4165,4165,3213.0,0.7463181608999399,0.7714285714285715
assay_envelope,mean_relative__boltzina_vina_far_binary,1.0,both_bounded,930,30,0,221,221,193.0,0.8780828430828431,0.8733031674208145
assay_envelope,availability__boltzina_vina_zero_affinity,1.0,all_determinate,930,377,0,6362,6362,4687.0,0.7184057638430836,0.7367180132033951
assay_envelope,availability__boltzina_vina_zero_affinity,1.0,both_exact,930,252,0,1976,1976,1336.0,0.6451784473609868,0.6761133603238867
assay_envelope,availability__boltzina_vina_zero_affinity,1.0,one_bounded,930,341,0,4165,4165,3192.0,0.7496059618326432,0.7663865546218488
assay_envelope,availability__boltzina_vina_zero_affinity,1.0,both_bounded,930,30,0,221,221,159.0,0.7717029267029268,0.7194570135746606
assay_envelope,plus__boltzina_vina_zero_affinity,1.0,all_determinate,930,377,0,6362,6362,4747.0,0.7184962327205482,0.7461490097453631
assay_envelope,plus__boltzina_vina_zero_affinity,1.0,both_exact,930,252,0,1976,1976,1414.0,0.675328397352207,0.7155870445344129
assay_envelope,plus__boltzina_vina_zero_affinity,1.0,one_bounded,930,341,0,4165,4165,3158.0,0.7285541985383406,0.7582232893157262
assay_envelope,plus__boltzina_vina_zero_affinity,1.0,both_bounded,930,30,0,221,221,175.0,0.8286467236467236,0.7918552036199095
assay_envelope,mean__boltzina_vina_zero_affinity,1.0,all_determinate,930,377,0,6362,6362,4550.0,0.6959816478984826,0.7151839044325684
assay_envelope,mean__boltzina_vina_zero_affinity,1.0,both_exact,930,252,0,1976,1976,1320.0,0.6308872931888804,0.6680161943319838
assay_envelope,mean__boltzina_vina_zero_affinity,1.0,one_bounded,930,341,0,4165,4165,3078.0,0.7213079342016586,0.739015606242497
assay_envelope,mean__boltzina_vina_zero_affinity,1.0,both_bounded,930,30,0,221,221,152.0,0.7510680060680062,0.6877828054298643
assay_envelope,mean_relative__boltzina_vina_zero_affinity,1.0,all_determinate,930,377,0,6362,6362,4779.0,0.7194925023822812,0.751178874567746
assay_envelope,mean_relative__boltzina_vina_zero_affinity,1.0,both_exact,930,252,0,1976,1976,1394.0,0.6520330859616573,0.7054655870445344
assay_envelope,mean_relative__boltzina_vina_zero_affinity,1.0,one_bounded,930,341,0,4165,4165,3201.0,0.7369727609605857,0.768547418967587
assay_envelope,mean_relative__boltzina_vina_zero_affinity,1.0,both_bounded,930,30,0,221,221,184.0,0.858058608058608,0.832579185520362
assay_envelope,availability__boltzina_vina_zero_binary,1.0,all_determinate,930,377,0,6362,6362,4687.0,0.7184057638430836,0.7367180132033951
assay_envelope,availability__boltzina_vina_zero_binary,1.0,both_exact,930,252,0,1976,1976,1336.0,0.6451784473609868,0.6761133603238867
assay_envelope,availability__boltzina_vina_zero_binary,1.0,one_bounded,930,341,0,4165,4165,3192.0,0.7496059618326432,0.7663865546218488
assay_envelope,availability__boltzina_vina_zero_binary,1.0,both_bounded,930,30,0,221,221,159.0,0.7717029267029268,0.7194570135746606
assay_envelope,plus__boltzina_vina_zero_binary,1.0,all_determinate,930,377,0,6362,6362,4735.0,0.7142469727637364,0.7442628104369695
assay_envelope,plus__boltzina_vina_zero_binary,1.0,both_exact,930,252,0,1976,1976,1371.0,0.6379858677477726,0.6938259109311741
assay_envelope,plus__boltzina_vina_zero_binary,1.0,one_bounded,930,341,0,4165,4165,3175.0,0.7328085408933577,0.7623049219687875
assay_envelope,plus__boltzina_vina_zero_binary,1.0,both_bounded,930,30,0,221,221,189.0,0.8433638583638584,0.8552036199095022
assay_envelope,mean__boltzina_vina_zero_binary,1.0,all_determinate,930,377,0,6362,6362,4609.0,0.7064896739840449,0.7244577176988368
assay_envelope,mean__boltzina_vina_zero_binary,1.0,both_exact,930,252,0,1976,1976,1316.0,0.6371548058055995,0.6659919028340081
assay_envelope,mean__boltzina_vina_zero_binary,1.0,one_bounded,930,341,0,4165,4165,3134.0,0.7355085044300507,0.7524609843937575
assay_envelope,mean__boltzina_vina_zero_binary,1.0,both_bounded,930,30,0,221,221,159.0,0.7613040663040664,0.7194570135746606
assay_envelope,mean_relative__boltzina_vina_zero_binary,1.0,all_determinate,930,377,0,6362,6362,4759.0,0.7240002172858854,0.7480352090537566
assay_envelope,mean_relative__boltzina_vina_zero_binary,1.0,both_exact,930,252,0,1976,1976,1352.0,0.6341236438458662,0.6842105263157895
assay_envelope,mean_relative__boltzina_vina_zero_binary,1.0,one_bounded,930,341,0,4165,4165,3214.0,0.746481080417698,0.7716686674669868
assay_envelope,mean_relative__boltzina_vina_zero_binary,1.0,both_bounded,930,30,0,221,221,193.0,0.8780828430828431,0.8733031674208145
assay_envelope,availability__gnina,1.0,all_determinate,930,377,0,6362,6362,4688.0,0.7178129520433754,0.7368751964790946
assay_envelope,availability__gnina,1.0,both_exact,930,252,0,1976,1976,1338.0,0.6449233453201707,0.6771255060728745
assay_envelope,availability__gnina,1.0,one_bounded,930,341,0,4165,4165,3191.0,0.7482623008185755,0.7661464585834333
assay_envelope,availability__gnina,1.0,both_bounded,930,30,0,221,221,159.0,0.7717029267029268,0.7194570135746606
assay_envelope,plus__gnina,1.0,all_determinate,930,377,0,6362,6362,4680.0,0.7144367812777039,0.7356177302734989
assay_envelope,plus__gnina,1.0,both_exact,930,252,0,1976,1976,1365.0,0.656701081105843,0.6907894736842105
assay_envelope,plus__gnina,1.0,one_bounded,930,341,0,4165,4165,3151.0,0.73773133864738,0.7565426170468187
assay_envelope,plus__gnina,1.0,both_bounded,930,30,0,221,221,164.0,0.7997952972952973,0.7420814479638009
assay_envelope,mean__gnina,1.0,all_determinate,930,377,0,6362,6362,4670.0,0.7103499152949089,0.7340458975165043
assay_envelope,mean__gnina,1.0,both_exact,930,252,0,1976,1976,1348.0,0.6534172984569809,0.6821862348178138
assay_envelope,mean__gnina,1.0,one_bounded,930,341,0,4165,4165,3165.0,0.7403123093341324,0.7599039615846338
assay_envelope,mean__gnina,1.0,both_bounded,930,30,0,221,221,157.0,0.7730918155918156,0.7104072398190046
assay_envelope,mean_relative__gnina,1.0,all_determinate,930,377,0,6362,6362,4694.0,0.7091532253792528,0.7378182961332914
assay_envelope,mean_relative__gnina,1.0,both_exact,930,252,0,1976,1976,1362.0,0.652349649175046,0.6892712550607287
assay_envelope,mean_relative__gnina,1.0,one_bounded,930,341,0,4165,4165,3173.0,0.7372693225227688,0.7618247298919568
assay_envelope,mean_relative__gnina,1.0,both_bounded,930,30,0,221,221,159.0,0.7754699004699006,0.7194570135746606
assay_envelope,availability__nesso_affinity,1.0,all_determinate,930,377,0,6362,6362,4688.0,0.7178129520433754,0.7368751964790946
assay_envelope,availability__nesso_affinity,1.0,both_exact,930,252,0,1976,1976,1338.0,0.6449233453201707,0.6771255060728745
assay_envelope,availability__nesso_affinity,1.0,one_bounded,930,341,0,4165,4165,3191.0,0.7482623008185755,0.7661464585834333
assay_envelope,availability__nesso_affinity,1.0,both_bounded,930,30,0,221,221,159.0,0.7717029267029268,0.7194570135746606
assay_envelope,plus__nesso_affinity,1.0,all_determinate,930,377,0,6362,6362,4763.0,0.7265781795435357,0.7486639421565545
assay_envelope,plus__nesso_affinity,1.0,both_exact,930,252,0,1976,1976,1379.0,0.6591955076082059,0.6978744939271255
assay_envelope,plus__nesso_affinity,1.0,one_bounded,930,341,0,4165,4165,3225.0,0.7536457868211223,0.7743097238895558
assay_envelope,plus__nesso_affinity,1.0,both_bounded,930,30,0,221,221,159.0,0.7675087875087876,0.7194570135746606
assay_envelope,mean__nesso_affinity,1.0,all_determinate,930,377,0,6362,6362,4609.0,0.7029846234291278,0.7244577176988368
assay_envelope,mean__nesso_affinity,1.0,both_exact,930,252,0,1976,1976,1319.0,0.641669052581751,0.6675101214574899
assay_envelope,mean__nesso_affinity,1.0,one_bounded,930,341,0,4165,4165,3132.0,0.7332607270085663,0.7519807923169267
assay_envelope,mean__nesso_affinity,1.0,both_bounded,930,30,0,221,221,158.0,0.7680185555185555,0.7149321266968326
assay_envelope,mean_relative__nesso_affinity,1.0,all_determinate,930,377,0,6362,6362,4767.0,0.7186442166261418,0.7492926752593524
assay_envelope,mean_relative__nesso_affinity,1.0,both_exact,930,252,0,1976,1976,1381.0,0.6532966665903174,0.6988866396761133
assay_envelope,mean_relative__nesso_affinity,1.0,one_bounded,930,341,0,4165,4165,3225.0,0.7457954673075322,0.7743097238895558
assay_envelope,mean_relative__nesso_affinity,1.0,both_bounded,930,30,0,221,221,161.0,0.7870855070855072,0.7285067873303167
assay_envelope,availability__nesso_binary,1.0,all_determinate,930,377,0,6362,6362,4688.0,0.7178129520433754,0.7368751964790946
assay_envelope,availability__nesso_binary,1.0,both_exact,930,252,0,1976,1976,1338.0,0.6449233453201707,0.6771255060728745
assay_envelope,availability__nesso_binary,1.0,one_bounded,930,341,0,4165,4165,3191.0,0.7482623008185755,0.7661464585834333
assay_envelope,availability__nesso_binary,1.0,both_bounded,930,30,0,221,221,159.0,0.7717029267029268,0.7194570135746606
assay_envelope,plus__nesso_binary,1.0,all_determinate,930,377,0,6362,6362,4700.0,0.7202640026156838,0.7387613957874882
assay_envelope,plus__nesso_binary,1.0,both_exact,930,252,0,1976,1976,1363.0,0.6509474945982883,0.6897773279352226
assay_envelope,plus__nesso_binary,1.0,one_bounded,930,341,0,4165,4165,3164.0,0.7432948361853837,0.7596638655462185
assay_envelope,plus__nesso_binary,1.0,both_bounded,930,30,0,221,221,173.0,0.8159615384615384,0.7828054298642534
assay_envelope,mean__nesso_binary,1.0,all_determinate,930,377,0,6362,6362,4608.0,0.6926398691764479,0.7243005344231374
assay_envelope,mean__nesso_binary,1.0,both_exact,930,252,0,1976,1976,1307.0,0.6287477954144621,0.6614372469635628
assay_envelope,mean__nesso_binary,1.0,one_bounded,930,341,0,4165,4165,3137.0,0.7237803514720409,0.7531812725090036
assay_envelope,mean__nesso_binary,1.0,both_bounded,930,30,0,221,221,164.0,0.7831976356976358,0.7420814479638009
assay_envelope,mean_relative__nesso_binary,1.0,all_determinate,930,377,0,6362,6362,4719.0,0.7149238405301588,0.741747878025778
assay_envelope,mean_relative__nesso_binary,1.0,both_exact,930,252,0,1976,1976,1370.0,0.6592945708025073,0.6933198380566802
assay_envelope,mean_relative__nesso_binary,1.0,one_bounded,930,341,0,4165,4165,3170.0,0.7352520996332983,0.7611044417767107
assay_envelope,mean_relative__nesso_binary,1.0,both_bounded,930,30,0,221,221,179.0,0.8306908831908832,0.8099547511312217
assay_envelope,availability__raw_ad4,1.0,all_determinate,930,377,0,6362,6362,4688.0,0.7178129520433754,0.7368751964790946
assay_envelope,availability__raw_ad4,1.0,both_exact,930,252,0,1976,1976,1338.0,0.6449233453201707,0.6771255060728745
assay_envelope,availability__raw_ad4,1.0,one_bounded,930,341,0,4165,4165,3191.0,0.7482623008185755,0.7661464585834333
assay_envelope,availability__raw_ad4,1.0,both_bounded,930,30,0,221,221,159.0,0.7717029267029268,0.7194570135746606
assay_envelope,plus__raw_ad4,1.0,all_determinate,930,377,0,6362,6362,4688.0,0.717798439530813,0.7368751964790946
assay_envelope,plus__raw_ad4,1.0,both_exact,930,252,0,1976,1976,1343.0,0.6481085419577483,0.6796558704453441
assay_envelope,plus__raw_ad4,1.0,one_bounded,930,341,0,4165,4165,3185.0,0.7474170565625152,0.7647058823529411
assay_envelope,plus__raw_ad4,1.0,both_bounded,930,30,0,221,221,160.0,0.7758695933695935,0.7239819004524887
assay_envelope,mean__raw_ad4,1.0,all_determinate,930,377,0,6362,6362,4686.0,0.7176374400095391,0.7365608299276957
assay_envelope,mean__raw_ad4,1.0,both_exact,930,252,0,1976,1976,1340.0,0.6473798834909945,0.6781376518218624
assay_envelope,mean__raw_ad4,1.0,one_bounded,930,341,0,4165,4165,3188.0,0.7476137037808979,0.7654261704681873
assay_envelope,mean__raw_ad4,1.0,both_bounded,930,30,0,221,221,158.0,0.766941021941022,0.7149321266968326
assay_envelope,mean_relative__raw_ad4,1.0,all_determinate,930,377,0,6362,6362,4693.0,0.7182871786137167,0.737661112857592
assay_envelope,mean_relative__raw_ad4,1.0,both_exact,930,252,0,1976,1976,1342.0,0.6468613764248684,0.6791497975708503
assay_envelope,mean_relative__raw_ad4,1.0,one_bounded,930,341,0,4165,4165,3192.0,0.7484156474144786,0.7663865546218488
assay_envelope,mean_relative__raw_ad4,1.0,both_bounded,930,30,0,221,221,159.0,0.7717029267029268,0.7194570135746606
assay_envelope,availability__raw_gnina_own,1.0,all_determinate,930,377,0,6362,6362,4688.0,0.7178129520433754,0.7368751964790946
assay_envelope,availability__raw_gnina_own,1.0,both_exact,930,252,0,1976,1976,1338.0,0.6449233453201707,0.6771255060728745
assay_envelope,availability__raw_gnina_own,1.0,one_bounded,930,341,0,4165,4165,3191.0,0.7482623008185755,0.7661464585834333
assay_envelope,availability__raw_gnina_own,1.0,both_bounded,930,30,0,221,221,159.0,0.7717029267029268,0.7194570135746606
assay_envelope,plus__raw_gnina_own,1.0,all_determinate,930,377,0,6362,6362,4719.0,0.7237595702983733,0.741747878025778
assay_envelope,plus__raw_gnina_own,1.0,both_exact,930,252,0,1976,1976,1357.0,0.6598118371927896,0.6867408906882592
assay_envelope,plus__raw_gnina_own,1.0,one_bounded,930,341,0,4165,4165,3201.0,0.7502814143941202,0.768547418967587
assay_envelope,plus__raw_gnina_own,1.0,both_bounded,930,30,0,221,221,161.0,0.7759328634328635,0.7285067873303167
assay_envelope,mean__raw_gnina_own,1.0,all_determinate,930,377,0,6362,6362,4662.0,0.7110291016258967,0.7327884313109085
assay_envelope,mean__raw_gnina_own,1.0,both_exact,930,252,0,1976,1976,1333.0,0.651996915488979,0.6745951417004049
assay_envelope,mean__raw_gnina_own,1.0,one_bounded,930,341,0,4165,4165,3170.0,0.7397817543300077,0.7611044417767107
assay_envelope,mean__raw_gnina_own,1.0,both_bounded,930,30,0,221,221,159.0,0.7750759425759426,0.7194570135746606
assay_envelope,mean_relative__raw_gnina_own,1.0,all_determinate,930,377,0,6362,6362,4680.0,0.7206398635118922,0.7356177302734989
assay_envelope,mean_relative__raw_gnina_own,1.0,both_exact,930,252,0,1976,1976,1337.0,0.6607576139322171,0.6766194331983806
assay_envelope,mean_relative__raw_gnina_own,1.0,one_bounded,930,341,0,4165,4165,3182.0,0.7498190461353212,0.7639855942376951
assay_envelope,mean_relative__raw_gnina_own,1.0,both_bounded,930,30,0,221,221,161.0,0.7656162356162357,0.7285067873303167
assay_envelope,availability__vina,1.0,all_determinate,930,377,0,6362,6362,4688.0,0.7178129520433754,0.7368751964790946
assay_envelope,availability__vina,1.0,both_exact,930,252,0,1976,1976,1338.0,0.6449233453201707,0.6771255060728745
assay_envelope,availability__vina,1.0,one_bounded,930,341,0,4165,4165,3191.0,0.7482623008185755,0.7661464585834333
assay_envelope,availability__vina,1.0,both_bounded,930,30,0,221,221,159.0,0.7717029267029268,0.7194570135746606
assay_envelope,plus__vina,1.0,all_determinate,930,377,0,6362,6362,4707.0,0.7250825523261146,0.7398616787173845
assay_envelope,plus__vina,1.0,both_exact,930,252,0,1976,1976,1336.0,0.6485368614336868,0.6761133603238867
assay_envelope,plus__vina,1.0,one_bounded,930,341,0,4165,4165,3208.0,0.7548108758858035,0.7702280912364946
assay_envelope,plus__vina,1.0,both_bounded,930,30,0,221,221,163.0,0.7836160136160136,0.7375565610859729
assay_envelope,mean__vina,1.0,all_determinate,930,377,0,6362,6362,4706.0,0.7219957531928539,0.739704495441685
assay_envelope,mean__vina,1.0,both_exact,930,252,0,1976,1976,1340.0,0.644280866106263,0.6781376518218624
assay_envelope,mean__vina,1.0,one_bounded,930,341,0,4165,4165,3204.0,0.7534567197205382,0.7692677070828331
assay_envelope,mean__vina,1.0,both_bounded,930,30,0,221,221,162.0,0.7878437303437305,0.7330316742081447
assay_envelope,mean_relative__vina,1.0,all_determinate,930,377,0,6362,6362,4729.0,0.7276469776523535,0.7433197107827727
assay_envelope,mean_relative__vina,1.0,both_exact,930,252,0,1976,1976,1329.0,0.6361816387610038,0.6725708502024291
assay_envelope,mean_relative__vina,1.0,one_bounded,930,341,0,4165,4165,3233.0,0.7595539129744504,0.7762304921968788
assay_envelope,mean_relative__vina,1.0,both_bounded,930,30,0,221,221,167.0,0.8008779183779183,0.755656108597285
assay_envelope,native__boltz_affinity,1.0,all_determinate,930,377,0,6362,6362,3811.0,0.5657790968737226,0.5990254636906633
assay_envelope,native__boltz_affinity,1.0,both_exact,930,252,0,1976,1976,1201.0,0.5909877306702703,0.6077935222672065
assay_envelope,native__boltz_affinity,1.0,one_bounded,930,341,0,4165,4165,2481.0,0.561792076614662,0.5956782713085234
assay_envelope,native__boltz_affinity,1.0,both_bounded,930,30,0,221,221,129.0,0.5785669885669886,0.583710407239819
assay_envelope,native__boltz_binary,1.0,all_determinate,930,377,0,6362,6362,4382.0,0.6687217269754823,0.6887771141150582
assay_envelope,native__boltz_binary,1.0,both_exact,930,252,0,1976,1976,1304.0,0.611235369568703,0.659919028340081
assay_envelope,native__boltz_binary,1.0,one_bounded,930,341,0,4165,4165,2930.0,0.6791693533149108,0.7034813925570228
assay_envelope,native__boltz_binary,1.0,both_bounded,930,30,0,221,221,148.0,0.6921355496355498,0.669683257918552
assay_envelope,native__boltzina_vina_far_affinity,1.0,all_determinate,930,377,0,6362,6362,3762.0,0.5679041420989718,0.5913234831813895
assay_envelope,native__boltzina_vina_far_affinity,1.0,both_exact,930,252,0,1976,1976,1193.0,0.5729262580453057,0.603744939271255
assay_envelope,native__boltzina_vina_far_affinity,1.0,one_bounded,930,341,0,4165,4165,2444.0,0.5699969496392506,0.5867947178871549
assay_envelope,native__boltzina_vina_far_affinity,1.0,both_bounded,930,30,0,221,221,125.0,0.5510397010397009,0.5656108597285068
assay_envelope,native__boltzina_vina_far_binary,1.0,all_determinate,930,377,0,6362,6362,4440.0,0.6768577604394237,0.6978937441056272
assay_envelope,native__boltzina_vina_far_binary,1.0,both_exact,930,252,0,1976,1976,1331.0,0.6294187147361751,0.673582995951417
assay_envelope,native__boltzina_vina_far_binary,1.0,one_bounded,930,341,0,4165,4165,2955.0,0.6897882314826562,0.709483793517407
assay_envelope,native__boltzina_vina_far_binary,1.0,both_bounded,930,30,0,221,221,154.0,0.6863795463795465,0.6968325791855203
assay_envelope,native__boltzina_vina_zero_affinity,1.0,all_determinate,930,377,0,6362,6362,3762.0,0.5679041420989718,0.5913234831813895
assay_envelope,native__boltzina_vina_zero_affinity,1.0,both_exact,930,252,0,1976,1976,1193.0,0.5729262580453057,0.603744939271255
assay_envelope,native__boltzina_vina_zero_affinity,1.0,one_bounded,930,341,0,4165,4165,2444.0,0.5699969496392506,0.5867947178871549
assay_envelope,native__boltzina_vina_zero_affinity,1.0,both_bounded,930,30,0,221,221,125.0,0.5510397010397009,0.5656108597285068
assay_envelope,native__boltzina_vina_zero_binary,1.0,all_determinate,930,377,0,6362,6362,4440.0,0.6768577604394237,0.6978937441056272
assay_envelope,native__boltzina_vina_zero_binary,1.0,both_exact,930,252,0,1976,1976,1331.0,0.6294187147361751,0.673582995951417
assay_envelope,native__boltzina_vina_zero_binary,1.0,one_bounded,930,341,0,4165,4165,2955.0,0.6897882314826562,0.709483793517407
assay_envelope,native__boltzina_vina_zero_binary,1.0,both_bounded,930,30,0,221,221,154.0,0.6863795463795465,0.6968325791855203
assay_envelope,native__gnina,1.0,all_determinate,930,377,0,6362,6362,3850.0,0.6171693297360323,0.6051556114429425
assay_envelope,native__gnina,1.0,both_exact,930,252,0,1976,1976,1156.0,0.5852580033135589,0.5850202429149798
assay_envelope,native__gnina,1.0,one_bounded,930,341,0,4165,4165,2562.0,0.6193636154074491,0.6151260504201681
assay_envelope,native__gnina,1.0,both_bounded,930,30,0,221,221,132.0,0.6253950678950679,0.5972850678733032
assay_envelope,native__nesso_affinity,1.0,all_determinate,930,377,0,6362,6362,3719.0,0.5553065569079979,0.5845646023263125
assay_envelope,native__nesso_affinity,1.0,both_exact,930,252,0,1976,1976,1120.0,0.5430473480076655,0.5668016194331984
assay_envelope,native__nesso_affinity,1.0,one_bounded,930,341,0,4165,4165,2493.0,0.5717197654340219,0.5985594237695078
assay_envelope,native__nesso_affinity,1.0,both_bounded,930,30,0,221,221,106.0,0.5002080327080327,0.4796380090497738
assay_envelope,native__nesso_binary,1.0,all_determinate,930,377,0,6362,6362,4106.0,0.6241108114447099,0.6453945300220056
assay_envelope,native__nesso_binary,1.0,both_exact,930,252,0,1976,1976,1195.0,0.5981290608274734,0.604757085020243
assay_envelope,native__nesso_binary,1.0,one_bounded,930,341,0,4165,4165,2772.0,0.6485275481897146,0.6655462184873949
assay_envelope,native__nesso_binary,1.0,both_bounded,930,30,0,221,221,139.0,0.6675372775372775,0.6289592760180995
assay_envelope,native__raw_ad4,1.0,all_determinate,930,377,0,6362,6362,3523.0,0.5446264237695985,0.5537566802892172
assay_envelope,native__raw_ad4,1.0,both_exact,930,252,0,1976,1976,1054.5,0.5171640822434473,0.5336538461538461
assay_envelope,native__raw_ad4,1.0,one_bounded,930,341,0,4165,4165,2324.5,0.557069880410956,0.5581032412965186
assay_envelope,native__raw_ad4,1.0,both_bounded,930,30,0,221,221,144.0,0.7042196692196693,0.6515837104072398
assay_envelope,native__raw_gnina_own,1.0,all_determinate,930,377,0,6362,6362,3828.0,0.631072966096694,0.6016975793775542
assay_envelope,native__raw_gnina_own,1.0,both_exact,930,252,0,1976,1976,1164.0,0.6043293860754178,0.5890688259109311
assay_envelope,native__raw_gnina_own,1.0,one_bounded,930,341,0,4165,4165,2553.0,0.6357324856486293,0.6129651860744297
assay_envelope,native__raw_gnina_own,1.0,both_bounded,930,30,0,221,221,111.0,0.4795088245088245,0.502262443438914
assay_envelope,native__vina,1.0,all_determinate,930,377,0,6362,6362,3807.5,0.5814841965842665,0.5984753222257152
assay_envelope,native__vina,1.0,both_exact,930,252,0,1976,1976,1044.0,0.5085217729066935,0.52834008097166
assay_envelope,native__vina,1.0,one_bounded,930,341,0,4165,4165,2599.0,0.608529829001379,0.6240096038415366
assay_envelope,native__vina,1.0,both_bounded,930,30,0,221,221,164.5,0.7757657157657157,0.744343891402715
