dataset,policy,fraction,method,stratum,queries,evaluable_queries,unavailable_queries,eligible_pairs,pairs,credit,macro_concordance,pooled_concordance,labels,exact_labels,error_queries,exact_error_queries,macro_interval_mae,pooled_interval_mae,macro_exact_mae,pooled_exact_mae
SPD,source_representative,0.125,target_prior,all_determinate,930,373,0,6496,6496,4069.0,0.6148104689909354,0.6263854679802956,6833,1207,887,378,0.28648994470305794,0.28439711935393747,0.8038207662817621,0.8984685896271801
SPD,source_representative,0.125,target_prior,both_exact,930,261,0,2235,2235,1383.0,0.6014363669536084,0.6187919463087248,,,,,,,,
SPD,source_representative,0.125,target_prior,one_bounded,930,340,0,4261,4261,2686.0,0.6231080846599234,0.6303684581084252,,,,,,,,
SPD,source_representative,0.125,target_prior,both_bounded,930,0,0,0,0,0.0,,,,,,,,,,
SPD,source_representative,0.125,chemistry,all_determinate,930,373,0,6496,6496,4219.0,0.6351065021307706,0.6494766009852216,6833,1207,887,378,0.24486081004419494,0.2460416480347006,0.7539682360745472,0.8212886507425333
SPD,source_representative,0.125,chemistry,both_exact,930,261,0,2235,2235,1388.0,0.6067765780409459,0.6210290827740492,,,,,,,,
SPD,source_representative,0.125,chemistry,one_bounded,930,340,0,4261,4261,2831.0,0.6585396742273963,0.6643980286317765,,,,,,,,
SPD,source_representative,0.125,chemistry,both_bounded,930,0,0,0,0,0.0,,,,,,,,,,
SPD,source_representative,0.125,availability__boltz_affinity,all_determinate,930,373,0,6496,6496,4219.0,0.6351065021307706,0.6494766009852216,6833,1207,887,378,0.24486081004419472,0.24604164803470044,0.7539682360745473,0.8212886507425333
SPD,source_representative,0.125,availability__boltz_affinity,both_exact,930,261,0,2235,2235,1388.0,0.6067765780409459,0.6210290827740492,,,,,,,,
SPD,source_representative,0.125,availability__boltz_affinity,one_bounded,930,340,0,4261,4261,2831.0,0.6585396742273963,0.6643980286317765,,,,,,,,
SPD,source_representative,0.125,availability__boltz_affinity,both_bounded,930,0,0,0,0,0.0,,,,,,,,,,
SPD,source_representative,0.125,plus__boltz_affinity,all_determinate,930,373,0,6496,6496,4455.0,0.6481177511264291,0.6858066502463054,6833,1207,887,378,0.21975687127994697,0.21830458929864893,0.7429232579111299,0.7575562681046016
SPD,source_representative,0.125,plus__boltz_affinity,both_exact,930,261,0,2235,2235,1464.0,0.603442747120908,0.6550335570469799,,,,,,,,
SPD,source_representative,0.125,plus__boltz_affinity,one_bounded,930,340,0,4261,4261,2991.0,0.6721513288564401,0.7019478995540953,,,,,,,,
SPD,source_representative,0.125,plus__boltz_affinity,both_bounded,930,0,0,0,0,0.0,,,,,,,,,,
SPD,source_representative,0.125,mean__boltz_affinity,all_determinate,930,373,0,6496,6496,4169.0,0.6166489545667134,0.6417795566502463,6833,1207,887,378,0.22521574283335702,0.22432001404101393,0.7647932147700777,0.7823160327823714
SPD,source_representative,0.125,mean__boltz_affinity,both_exact,930,261,0,2235,2235,1372.0,0.5953697714234113,0.6138702460850112,,,,,,,,
SPD,source_representative,0.125,mean__boltz_affinity,one_bounded,930,340,0,4261,4261,2797.0,0.6425079531661271,0.6564186810607838,,,,,,,,
SPD,source_representative,0.125,mean__boltz_affinity,both_bounded,930,0,0,0,0,0.0,,,,,,,,,,
SPD,source_representative,0.125,mean_relative__boltz_affinity,all_determinate,930,373,0,6496,6496,4356.0,0.6302553250856249,0.6705665024630542,6833,1207,887,378,0.21906082301962945,0.21775245506575336,0.7528510814684399,0.7660656896649369
SPD,source_representative,0.125,mean_relative__boltz_affinity,both_exact,930,261,0,2235,2235,1420.0,0.6083489520271129,0.6353467561521253,,,,,,,,
SPD,source_representative,0.125,mean_relative__boltz_affinity,one_bounded,930,340,0,4261,4261,2936.0,0.6527605774535098,0.6890401314245482,,,,,,,,
SPD,source_representative,0.125,mean_relative__boltz_affinity,both_bounded,930,0,0,0,0,0.0,,,,,,,,,,
SPD,source_representative,0.125,availability__boltz_binary,all_determinate,930,373,0,6496,6496,4219.0,0.6351065021307706,0.6494766009852216,6833,1207,887,378,0.24486081004419472,0.24604164803470044,0.7539682360745473,0.8212886507425333
SPD,source_representative,0.125,availability__boltz_binary,both_exact,930,261,0,2235,2235,1388.0,0.6067765780409459,0.6210290827740492,,,,,,,,
SPD,source_representative,0.125,availability__boltz_binary,one_bounded,930,340,0,4261,4261,2831.0,0.6585396742273963,0.6643980286317765,,,,,,,,
SPD,source_representative,0.125,availability__boltz_binary,both_bounded,930,0,0,0,0,0.0,,,,,,,,,,
SPD,source_representative,0.125,plus__boltz_binary,all_determinate,930,373,0,6496,6496,4340.0,0.6571424485204345,0.6681034482758621,6833,1207,887,378,0.23280447702993037,0.23180434642703135,0.7082900485099582,0.7442573584604987
SPD,source_representative,0.125,plus__boltz_binary,both_exact,930,261,0,2235,2235,1411.0,0.5964049360601085,0.6313199105145414,,,,,,,,
SPD,source_representative,0.125,plus__boltz_binary,one_bounded,930,340,0,4261,4261,2929.0,0.6811814280312771,0.6873973245716968,,,,,,,,
SPD,source_representative,0.125,plus__boltz_binary,both_bounded,930,0,0,0,0,0.0,,,,,,,,,,
SPD,source_representative,0.125,mean__boltz_binary,all_determinate,930,373,0,6496,6496,4138.0,0.6262753955741734,0.6370073891625616,6833,1207,887,378,0.23264146210769004,0.23307308331149656,0.7087003161164281,0.7381888067038281
SPD,source_representative,0.125,mean__boltz_binary,both_exact,930,261,0,2235,2235,1361.0,0.6045446252342804,0.6089485458612975,,,,,,,,
SPD,source_representative,0.125,mean__boltz_binary,one_bounded,930,340,0,4261,4261,2777.0,0.6456233886890456,0.651724947195494,,,,,,,,
SPD,source_representative,0.125,mean__boltz_binary,both_bounded,930,0,0,0,0,0.0,,,,,,,,,,
SPD,source_representative,0.125,mean_relative__boltz_binary,all_determinate,930,373,0,6496,6496,4353.0,0.6630789260273692,0.6701046798029556,6833,1207,887,378,0.22759558427123835,0.2265226287620649,0.7018813254533293,0.7216512497675436
SPD,source_representative,0.125,mean_relative__boltz_binary,both_exact,930,261,0,2235,2235,1387.0,0.597101649592071,0.6205816554809843,,,,,,,,
SPD,source_representative,0.125,mean_relative__boltz_binary,one_bounded,930,340,0,4261,4261,2966.0,0.6880529723960813,0.696080732222483,,,,,,,,
SPD,source_representative,0.125,mean_relative__boltz_binary,both_bounded,930,0,0,0,0,0.0,,,,,,,,,,
SPD,source_representative,0.125,availability__boltzina_vina_far_affinity,all_determinate,930,373,0,6496,6496,4227.0,0.6368181580649467,0.6507081280788177,6833,1207,887,378,0.2450722180705671,0.24634539199073502,0.7537927162599198,0.8209666777676294
SPD,source_representative,0.125,availability__boltzina_vina_far_affinity,both_exact,930,261,0,2235,2235,1393.0,0.6101883642113527,0.6232662192393736,,,,,,,,
SPD,source_representative,0.125,availability__boltzina_vina_far_affinity,one_bounded,930,340,0,4261,4261,2834.0,0.6599575080275831,0.6651020887115701,,,,,,,,
SPD,source_representative,0.125,availability__boltzina_vina_far_affinity,both_bounded,930,0,0,0,0,0.0,,,,,,,,,,
SPD,source_representative,0.125,plus__boltzina_vina_far_affinity,all_determinate,930,373,0,6496,6496,4400.0,0.6435249998186938,0.6773399014778325,6833,1207,887,378,0.22128847355297765,0.22095793445176573,0.7321232147421852,0.7590096709484508
SPD,source_representative,0.125,plus__boltzina_vina_far_affinity,both_exact,930,261,0,2235,2235,1465.0,0.630630239634071,0.6554809843400448,,,,,,,,
SPD,source_representative,0.125,plus__boltzina_vina_far_affinity,one_bounded,930,340,0,4261,4261,2935.0,0.6594708827993788,0.6888054447312837,,,,,,,,
SPD,source_representative,0.125,plus__boltzina_vina_far_affinity,both_bounded,930,0,0,0,0,0.0,,,,,,,,,,
SPD,source_representative,0.125,mean__boltzina_vina_far_affinity,all_determinate,930,373,0,6496,6496,4142.0,0.6179305568880088,0.6376231527093597,6833,1207,887,378,0.23033298192009086,0.22982033056782777,0.769017821491039,0.8038304762654103
SPD,source_representative,0.125,mean__boltzina_vina_far_affinity,both_exact,930,261,0,2235,2235,1368.0,0.5912221098044853,0.6120805369127517,,,,,,,,
SPD,source_representative,0.125,mean__boltzina_vina_far_affinity,one_bounded,930,340,0,4261,4261,2774.0,0.641450875470254,0.6510208871157005,,,,,,,,
SPD,source_representative,0.125,mean__boltzina_vina_far_affinity,both_bounded,930,0,0,0,0,0.0,,,,,,,,,,
SPD,source_representative,0.125,mean_relative__boltzina_vina_far_affinity,all_determinate,930,373,0,6496,6496,4356.0,0.6360055981213936,0.6705665024630542,6833,1207,887,378,0.2328382570911139,0.23165136795482982,0.7413660042044444,0.7729096416662637
SPD,source_representative,0.125,mean_relative__boltzina_vina_far_affinity,both_exact,930,261,0,2235,2235,1438.0,0.6218465442603374,0.6434004474272931,,,,,,,,
SPD,source_representative,0.125,mean_relative__boltzina_vina_far_affinity,one_bounded,930,340,0,4261,4261,2918.0,0.6518176721779237,0.6848157709457874,,,,,,,,
SPD,source_representative,0.125,mean_relative__boltzina_vina_far_affinity,both_bounded,930,0,0,0,0,0.0,,,,,,,,,,
SPD,source_representative,0.125,availability__boltzina_vina_far_binary,all_determinate,930,373,0,6496,6496,4227.0,0.6368181580649467,0.6507081280788177,6833,1207,887,378,0.2450722180705671,0.24634539199073502,0.7537927162599198,0.8209666777676294
SPD,source_representative,0.125,availability__boltzina_vina_far_binary,both_exact,930,261,0,2235,2235,1393.0,0.6101883642113527,0.6232662192393736,,,,,,,,
SPD,source_representative,0.125,availability__boltzina_vina_far_binary,one_bounded,930,340,0,4261,4261,2834.0,0.6599575080275831,0.6651020887115701,,,,,,,,
SPD,source_representative,0.125,availability__boltzina_vina_far_binary,both_bounded,930,0,0,0,0,0.0,,,,,,,,,,
SPD,source_representative,0.125,plus__boltzina_vina_far_binary,all_determinate,930,373,0,6496,6496,4389.0,0.6617139382017763,0.6756465517241379,6833,1207,887,378,0.22456514774378206,0.22381306502047227,0.715585988137972,0.740553512200937
SPD,source_representative,0.125,plus__boltzina_vina_far_binary,both_exact,930,261,0,2235,2235,1427.0,0.6084614619097379,0.6384787472035794,,,,,,,,
SPD,source_representative,0.125,plus__boltzina_vina_far_binary,one_bounded,930,340,0,4261,4261,2962.0,0.6886054365480521,0.6951419854494251,,,,,,,,
SPD,source_representative,0.125,plus__boltzina_vina_far_binary,both_bounded,930,0,0,0,0,0.0,,,,,,,,,,
SPD,source_representative,0.125,mean__boltzina_vina_far_binary,all_determinate,930,373,0,6496,6496,4146.0,0.6306826720245751,0.6382389162561576,6833,1207,887,378,0.2313369355468654,0.23148853403445757,0.707338042174641,0.7363242420503571
SPD,source_representative,0.125,mean__boltzina_vina_far_binary,both_exact,930,261,0,2235,2235,1367.0,0.6099945818336623,0.6116331096196868,,,,,,,,
SPD,source_representative,0.125,mean__boltzina_vina_far_binary,one_bounded,930,340,0,4261,4261,2779.0,0.6482337965914085,0.652194320582023,,,,,,,,
SPD,source_representative,0.125,mean__boltzina_vina_far_binary,both_bounded,930,0,0,0,0,0.0,,,,,,,,,,
SPD,source_representative,0.125,mean_relative__boltzina_vina_far_binary,all_determinate,930,373,0,6496,6496,4332.0,0.6554642519458962,0.666871921182266,6833,1207,887,378,0.22582020222561006,0.22413393746158916,0.6960828265925891,0.7268783620172193
SPD,source_representative,0.125,mean_relative__boltzina_vina_far_binary,both_exact,930,261,0,2235,2235,1390.0,0.6063210097692856,0.6219239373601789,,,,,,,,
SPD,source_representative,0.125,mean_relative__boltzina_vina_far_binary,one_bounded,930,340,0,4261,4261,2942.0,0.680007263257586,0.6904482515841351,,,,,,,,
SPD,source_representative,0.125,mean_relative__boltzina_vina_far_binary,both_bounded,930,0,0,0,0,0.0,,,,,,,,,,
SPD,source_representative,0.125,availability__boltzina_vina_zero_affinity,all_determinate,930,373,0,6496,6496,4227.0,0.6368181580649467,0.6507081280788177,6833,1207,887,378,0.2450722180705671,0.24634539199073502,0.7537927162599198,0.8209666777676294
SPD,source_representative,0.125,availability__boltzina_vina_zero_affinity,both_exact,930,261,0,2235,2235,1393.0,0.6101883642113527,0.6232662192393736,,,,,,,,
SPD,source_representative,0.125,availability__boltzina_vina_zero_affinity,one_bounded,930,340,0,4261,4261,2834.0,0.6599575080275831,0.6651020887115701,,,,,,,,
SPD,source_representative,0.125,availability__boltzina_vina_zero_affinity,both_bounded,930,0,0,0,0,0.0,,,,,,,,,,
SPD,source_representative,0.125,plus__boltzina_vina_zero_affinity,all_determinate,930,373,0,6496,6496,4400.0,0.6435249998186938,0.6773399014778325,6833,1207,887,378,0.22129101195143414,0.22096034153784086,0.7321199662151481,0.7590039147759606
SPD,source_representative,0.125,plus__boltzina_vina_zero_affinity,both_exact,930,261,0,2235,2235,1465.0,0.630630239634071,0.6554809843400448,,,,,,,,
SPD,source_representative,0.125,plus__boltzina_vina_zero_affinity,one_bounded,930,340,0,4261,4261,2935.0,0.6594708827993788,0.6888054447312837,,,,,,,,
SPD,source_representative,0.125,plus__boltzina_vina_zero_affinity,both_bounded,930,0,0,0,0,0.0,,,,,,,,,,
SPD,source_representative,0.125,mean__boltzina_vina_zero_affinity,all_determinate,930,373,0,6496,6496,4143.0,0.618026305643275,0.6377770935960592,6833,1207,887,378,0.23033331394196183,0.2298206663697303,0.7690137625209487,0.8038286255992307
SPD,source_representative,0.125,mean__boltzina_vina_zero_affinity,both_exact,930,261,0,2235,2235,1368.0,0.5912221098044853,0.6120805369127517,,,,,,,,
SPD,source_representative,0.125,mean__boltzina_vina_zero_affinity,one_bounded,930,340,0,4261,4261,2775.0,0.6415845653098261,0.651255573808965,,,,,,,,
SPD,source_representative,0.125,mean__boltzina_vina_zero_affinity,both_bounded,930,0,0,0,0,0.0,,,,,,,,,,
SPD,source_representative,0.125,mean_relative__boltzina_vina_zero_affinity,all_determinate,930,373,0,6496,6496,4356.0,0.6360055981213936,0.6705665024630542,6833,1207,887,378,0.2328396865016085,0.23165288027384226,0.7413823968445902,0.7729126598665313
SPD,source_representative,0.125,mean_relative__boltzina_vina_zero_affinity,both_exact,930,261,0,2235,2235,1438.0,0.6218465442603374,0.6434004474272931,,,,,,,,
SPD,source_representative,0.125,mean_relative__boltzina_vina_zero_affinity,one_bounded,930,340,0,4261,4261,2918.0,0.6518176721779237,0.6848157709457874,,,,,,,,
SPD,source_representative,0.125,mean_relative__boltzina_vina_zero_affinity,both_bounded,930,0,0,0,0,0.0,,,,,,,,,,
SPD,source_representative,0.125,availability__boltzina_vina_zero_binary,all_determinate,930,373,0,6496,6496,4227.0,0.6368181580649467,0.6507081280788177,6833,1207,887,378,0.2450722180705671,0.24634539199073502,0.7537927162599198,0.8209666777676294
SPD,source_representative,0.125,availability__boltzina_vina_zero_binary,both_exact,930,261,0,2235,2235,1393.0,0.6101883642113527,0.6232662192393736,,,,,,,,
SPD,source_representative,0.125,availability__boltzina_vina_zero_binary,one_bounded,930,340,0,4261,4261,2834.0,0.6599575080275831,0.6651020887115701,,,,,,,,
SPD,source_representative,0.125,availability__boltzina_vina_zero_binary,both_bounded,930,0,0,0,0,0.0,,,,,,,,,,
SPD,source_representative,0.125,plus__boltzina_vina_zero_binary,all_determinate,930,373,0,6496,6496,4389.0,0.6617139382017763,0.6756465517241379,6833,1207,887,378,0.22456467281101278,0.2238122074659438,0.7155925716511539,0.740559418493229
SPD,source_representative,0.125,plus__boltzina_vina_zero_binary,both_exact,930,261,0,2235,2235,1427.0,0.6084614619097379,0.6384787472035794,,,,,,,,
SPD,source_representative,0.125,plus__boltzina_vina_zero_binary,one_bounded,930,340,0,4261,4261,2962.0,0.6886054365480521,0.6951419854494251,,,,,,,,
SPD,source_representative,0.125,plus__boltzina_vina_zero_binary,both_bounded,930,0,0,0,0,0.0,,,,,,,,,,
SPD,source_representative,0.125,mean__boltzina_vina_zero_binary,all_determinate,930,373,0,6496,6496,4146.0,0.6306826720245751,0.6382389162561576,6833,1207,887,378,0.2313360903340585,0.23148771799719006,0.7073407102154243,0.7363260390884693
SPD,source_representative,0.125,mean__boltzina_vina_zero_binary,both_exact,930,261,0,2235,2235,1367.0,0.6099945818336623,0.6116331096196868,,,,,,,,
SPD,source_representative,0.125,mean__boltzina_vina_zero_binary,one_bounded,930,340,0,4261,4261,2779.0,0.6482337965914085,0.652194320582023,,,,,,,,
SPD,source_representative,0.125,mean__boltzina_vina_zero_binary,both_bounded,930,0,0,0,0,0.0,,,,,,,,,,
SPD,source_representative,0.125,mean_relative__boltzina_vina_zero_binary,all_determinate,930,373,0,6496,6496,4332.0,0.6554642519458962,0.666871921182266,6833,1207,887,378,0.22581857926477708,0.22413220277042295,0.6960770448530551,0.7268750938374907
SPD,source_representative,0.125,mean_relative__boltzina_vina_zero_binary,both_exact,930,261,0,2235,2235,1390.0,0.6063210097692856,0.6219239373601789,,,,,,,,
SPD,source_representative,0.125,mean_relative__boltzina_vina_zero_binary,one_bounded,930,340,0,4261,4261,2942.0,0.680007263257586,0.6904482515841351,,,,,,,,
SPD,source_representative,0.125,mean_relative__boltzina_vina_zero_binary,both_bounded,930,0,0,0,0,0.0,,,,,,,,,,
SPD,source_representative,0.125,availability__gnina,all_determinate,930,373,0,6496,6496,4217.0,0.6350681931929653,0.6491687192118226,6833,1207,887,378,0.24473297829761617,0.2459215273856568,0.754103889971185,0.8214769906328068
SPD,source_representative,0.125,availability__gnina,both_exact,930,261,0,2235,2235,1387.0,0.6054994388327721,0.6205816554809843,,,,,,,,
SPD,source_representative,0.125,availability__gnina,one_bounded,930,340,0,4261,4261,2830.0,0.6585355892600762,0.6641633419385121,,,,,,,,
SPD,source_representative,0.125,availability__gnina,both_bounded,930,0,0,0,0,0.0,,,,,,,,,,
SPD,source_representative,0.125,plus__gnina,all_determinate,930,373,0,6496,6496,4193.0,0.6313038450002411,0.6454741379310345,6833,1207,887,378,0.2571622167356442,0.2564407748902217,0.7660592093610752,0.846533526743579
SPD,source_representative,0.125,plus__gnina,both_exact,930,261,0,2235,2235,1370.0,0.6005285476549844,0.6129753914988815,,,,,,,,
SPD,source_representative,0.125,plus__gnina,one_bounded,930,340,0,4261,4261,2823.0,0.651328234427948,0.6625205350856607,,,,,,,,
SPD,source_representative,0.125,plus__gnina,both_bounded,930,0,0,0,0,0.0,,,,,,,,,,
SPD,source_representative,0.125,mean__gnina,all_determinate,930,373,0,6496,6496,4146.0,0.6243652434227135,0.6382389162561576,6833,1207,887,378,0.24728295326147784,0.24747971648427577,0.7636720893776088,0.8353145587301876
SPD,source_representative,0.125,mean__gnina,both_exact,930,261,0,2235,2235,1382.0,0.606186108484959,0.61834451901566,,,,,,,,
SPD,source_representative,0.125,mean__gnina,one_bounded,930,340,0,4261,4261,2764.0,0.643015912481544,0.6486740201830556,,,,,,,,
SPD,source_representative,0.125,mean__gnina,both_bounded,930,0,0,0,0,0.0,,,,,,,,,,
SPD,source_representative,0.125,mean_relative__gnina,all_determinate,930,373,0,6496,6496,4201.0,0.6302885232550053,0.6467056650246306,6833,1207,887,378,0.24042673325134456,0.240131448822363,0.7679286528031894,0.8283635248060759
SPD,source_representative,0.125,mean_relative__gnina,both_exact,930,261,0,2235,2235,1381.0,0.6028913473357916,0.6178970917225951,,,,,,,,
SPD,source_representative,0.125,mean_relative__gnina,one_bounded,930,340,0,4261,4261,2820.0,0.655109618560269,0.6618164750058672,,,,,,,,
SPD,source_representative,0.125,mean_relative__gnina,both_bounded,930,0,0,0,0,0.0,,,,,,,,,,
SPD,source_representative,0.125,availability__nesso_affinity,all_determinate,930,373,0,6496,6496,4217.0,0.6350681931929653,0.6491687192118226,6833,1207,887,378,0.24473297829761617,0.2459215273856568,0.754103889971185,0.8214769906328068
SPD,source_representative,0.125,availability__nesso_affinity,both_exact,930,261,0,2235,2235,1387.0,0.6054994388327721,0.6205816554809843,,,,,,,,
SPD,source_representative,0.125,availability__nesso_affinity,one_bounded,930,340,0,4261,4261,2830.0,0.6585355892600762,0.6641633419385121,,,,,,,,
SPD,source_representative,0.125,availability__nesso_affinity,both_bounded,930,0,0,0,0,0.0,,,,,,,,,,
SPD,source_representative,0.125,plus__nesso_affinity,all_determinate,930,373,0,6496,6496,4466.0,0.6660907897169858,0.6875,6833,1207,887,378,0.22195534655844734,0.22251316930359924,0.7219618545982366,0.7567800025041966
SPD,source_representative,0.125,plus__nesso_affinity,both_exact,930,261,0,2235,2235,1475.0,0.6072687281499543,0.6599552572706935,,,,,,,,
SPD,source_representative,0.125,plus__nesso_affinity,one_bounded,930,340,0,4261,4261,2991.0,0.6911368602536007,0.7019478995540953,,,,,,,,
SPD,source_representative,0.125,plus__nesso_affinity,both_bounded,930,0,0,0,0,0.0,,,,,,,,,,
SPD,source_representative,0.125,mean__nesso_affinity,all_determinate,930,373,0,6496,6496,4198.0,0.6183406457795931,0.646243842364532,6833,1207,887,378,0.2367287765834642,0.23773300250843957,0.7464656621293287,0.7962315557248977
SPD,source_representative,0.125,mean__nesso_affinity,both_exact,930,261,0,2235,2235,1376.0,0.5923810260975012,0.6156599552572707,,,,,,,,
SPD,source_representative,0.125,mean__nesso_affinity,one_bounded,930,340,0,4261,4261,2822.0,0.6433596445268797,0.6622858483923961,,,,,,,,
SPD,source_representative,0.125,mean__nesso_affinity,both_bounded,930,0,0,0,0,0.0,,,,,,,,,,
SPD,source_representative,0.125,mean_relative__nesso_affinity,all_determinate,930,373,0,6496,6496,4484.0,0.6714960514687163,0.6902709359605911,6833,1207,887,378,0.21893351214688708,0.22068397222380204,0.7309958310456626,0.7709375390955094
SPD,source_representative,0.125,mean_relative__nesso_affinity,both_exact,930,261,0,2235,2235,1467.0,0.6257091992724177,0.6563758389261745,,,,,,,,
SPD,source_representative,0.125,mean_relative__nesso_affinity,one_bounded,930,340,0,4261,4261,3017.0,0.6973331896228494,0.708049753578972,,,,,,,,
SPD,source_representative,0.125,mean_relative__nesso_affinity,both_bounded,930,0,0,0,0,0.0,,,,,,,,,,
SPD,source_representative,0.125,availability__nesso_binary,all_determinate,930,373,0,6496,6496,4217.0,0.6350681931929653,0.6491687192118226,6833,1207,887,378,0.24473297829761617,0.2459215273856568,0.754103889971185,0.8214769906328068
SPD,source_representative,0.125,availability__nesso_binary,both_exact,930,261,0,2235,2235,1387.0,0.6054994388327721,0.6205816554809843,,,,,,,,
SPD,source_representative,0.125,availability__nesso_binary,one_bounded,930,340,0,4261,4261,2830.0,0.6585355892600762,0.6641633419385121,,,,,,,,
SPD,source_representative,0.125,availability__nesso_binary,both_bounded,930,0,0,0,0,0.0,,,,,,,,,,
SPD,source_representative,0.125,plus__nesso_binary,all_determinate,930,373,0,6496,6496,4365.0,0.652948117624183,0.6719519704433498,6833,1207,887,378,0.23536562675881853,0.2346538536008923,0.729019487757211,0.7535254132571964
SPD,source_representative,0.125,plus__nesso_binary,both_exact,930,261,0,2235,2235,1422.0,0.613848206568513,0.636241610738255,,,,,,,,
SPD,source_representative,0.125,plus__nesso_binary,one_bounded,930,340,0,4261,4261,2943.0,0.6809884011609859,0.6906829382773997,,,,,,,,
SPD,source_representative,0.125,plus__nesso_binary,both_bounded,930,0,0,0,0,0.0,,,,,,,,,,
SPD,source_representative,0.125,mean__nesso_binary,all_determinate,930,373,0,6496,6496,4173.0,0.6234452323383068,0.6423953201970444,6833,1207,887,378,0.22809660461956313,0.22924973278213384,0.7540962990848137,0.7778229438983076
SPD,source_representative,0.125,mean__nesso_binary,both_exact,930,261,0,2235,2235,1350.0,0.5785307923238957,0.6040268456375839,,,,,,,,
SPD,source_representative,0.125,mean__nesso_binary,one_bounded,930,340,0,4261,4261,2823.0,0.6513114734548028,0.6625205350856607,,,,,,,,
SPD,source_representative,0.125,mean__nesso_binary,both_bounded,930,0,0,0,0,0.0,,,,,,,,,,
SPD,source_representative,0.125,mean_relative__nesso_binary,all_determinate,930,373,0,6496,6496,4463.0,0.6650975149906666,0.6870381773399015,6833,1207,887,378,0.2208360233024868,0.22080318127521603,0.7425514806470703,0.7427450106466383
SPD,source_representative,0.125,mean_relative__nesso_binary,both_exact,930,261,0,2235,2235,1426.0,0.6175977988238526,0.6380313199105145,,,,,,,,
SPD,source_representative,0.125,mean_relative__nesso_binary,one_bounded,930,340,0,4261,4261,3037.0,0.6941233880605154,0.7127434874442619,,,,,,,,
SPD,source_representative,0.125,mean_relative__nesso_binary,both_bounded,930,0,0,0,0,0.0,,,,,,,,,,
SPD,source_representative,0.125,availability__raw_ad4,all_determinate,930,373,0,6496,6496,4217.0,0.6350681931929653,0.6491687192118226,6833,1207,887,378,0.24473297829761617,0.2459215273856568,0.754103889971185,0.8214769906328068
SPD,source_representative,0.125,availability__raw_ad4,both_exact,930,261,0,2235,2235,1387.0,0.6054994388327721,0.6205816554809843,,,,,,,,
SPD,source_representative,0.125,availability__raw_ad4,one_bounded,930,340,0,4261,4261,2830.0,0.6585355892600762,0.6641633419385121,,,,,,,,
SPD,source_representative,0.125,availability__raw_ad4,both_bounded,930,0,0,0,0,0.0,,,,,,,,,,
SPD,source_representative,0.125,plus__raw_ad4,all_determinate,930,373,0,6496,6496,4258.0,0.6426183374723158,0.6554802955665024,6833,1207,887,378,0.23478744916334082,0.235820332455231,0.7399483223079766,0.7982680026929874
SPD,source_representative,0.125,plus__raw_ad4,both_exact,930,261,0,2235,2235,1389.0,0.6068311282870669,0.6214765100671141,,,,,,,,
SPD,source_representative,0.125,plus__raw_ad4,one_bounded,930,340,0,4261,4261,2869.0,0.6667317499851686,0.6733161229758273,,,,,,,,
SPD,source_representative,0.125,plus__raw_ad4,both_bounded,930,0,0,0,0,0.0,,,,,,,,,,
SPD,source_representative,0.125,mean__raw_ad4,all_determinate,930,373,0,6496,6496,4126.0,0.619918149138878,0.6351600985221675,6833,1207,887,378,0.2506425975994699,0.2506934708701212,0.7788957020809855,0.8284239691612922
SPD,source_representative,0.125,mean__raw_ad4,both_exact,930,261,0,2235,2235,1387.0,0.6077020893112848,0.6205816554809843,,,,,,,,
SPD,source_representative,0.125,mean__raw_ad4,one_bounded,930,340,0,4261,4261,2739.0,0.6376766755685955,0.6428068528514433,,,,,,,,
SPD,source_representative,0.125,mean__raw_ad4,both_bounded,930,0,0,0,0,0.0,,,,,,,,,,
SPD,source_representative,0.125,mean_relative__raw_ad4,all_determinate,930,373,0,6496,6496,4167.0,0.6253997069180124,0.6414716748768473,6833,1207,887,378,0.2524513923061919,0.25200789100497495,0.7802296801860678,0.8369383121999409
SPD,source_representative,0.125,mean_relative__raw_ad4,both_exact,930,261,0,2235,2235,1409.0,0.6223029418431717,0.6304250559284116,,,,,,,,
SPD,source_representative,0.125,mean_relative__raw_ad4,one_bounded,930,340,0,4261,4261,2758.0,0.640530257051913,0.6472659000234686,,,,,,,,
SPD,source_representative,0.125,mean_relative__raw_ad4,both_bounded,930,0,0,0,0,0.0,,,,,,,,,,
SPD,source_representative,0.125,availability__raw_gnina_own,all_determinate,930,373,0,6496,6496,4217.0,0.6350681931929653,0.6491687192118226,6833,1207,887,378,0.24473620448263994,0.24592417643539444,0.7540974616289143,0.8214695929110127
SPD,source_representative,0.125,availability__raw_gnina_own,both_exact,930,261,0,2235,2235,1387.0,0.6054994388327721,0.6205816554809843,,,,,,,,
SPD,source_representative,0.125,availability__raw_gnina_own,one_bounded,930,340,0,4261,4261,2830.0,0.6585355892600762,0.6641633419385121,,,,,,,,
SPD,source_representative,0.125,availability__raw_gnina_own,both_bounded,930,0,0,0,0,0.0,,,,,,,,,,
SPD,source_representative,0.125,plus__raw_gnina_own,all_determinate,930,373,0,6496,6496,4285.0,0.6501879925312944,0.6596366995073891,6833,1207,887,378,0.23507086264229665,0.23521804498792354,0.7358342731829335,0.7885324525077673
SPD,source_representative,0.125,plus__raw_gnina_own,both_exact,930,261,0,2235,2235,1388.0,0.6077739629463766,0.6210290827740492,,,,,,,,
SPD,source_representative,0.125,plus__raw_gnina_own,one_bounded,930,340,0,4261,4261,2897.0,0.6725013283997807,0.679887350387233,,,,,,,,
SPD,source_representative,0.125,plus__raw_gnina_own,both_bounded,930,0,0,0,0,0.0,,,,,,,,,,
SPD,source_representative,0.125,mean__raw_gnina_own,all_determinate,930,373,0,6496,6496,4188.0,0.631007593715491,0.6447044334975369,6833,1207,887,378,0.23546186263368526,0.23690675271889164,0.7601754062758769,0.8182167607448237
SPD,source_representative,0.125,mean__raw_gnina_own,both_exact,930,261,0,2235,2235,1395.0,0.6069027254851009,0.6241610738255033,,,,,,,,
SPD,source_representative,0.125,mean__raw_gnina_own,one_bounded,930,340,0,4261,4261,2793.0,0.6503495509685026,0.6554799342877259,,,,,,,,
SPD,source_representative,0.125,mean__raw_gnina_own,both_bounded,930,0,0,0,0,0.0,,,,,,,,,,
SPD,source_representative,0.125,mean_relative__raw_gnina_own,all_determinate,930,373,0,6496,6496,4237.0,0.6313982581255749,0.6522475369458128,6833,1207,887,378,0.23688431344032793,0.2373252557989229,0.7485144628451437,0.7936926053458164
SPD,source_representative,0.125,mean_relative__raw_gnina_own,both_exact,930,261,0,2235,2235,1361.0,0.5882760279312004,0.6089485458612975,,,,,,,,
SPD,source_representative,0.125,mean_relative__raw_gnina_own,one_bounded,930,340,0,4261,4261,2876.0,0.6572582126479918,0.6749589298286787,,,,,,,,
SPD,source_representative,0.125,mean_relative__raw_gnina_own,both_bounded,930,0,0,0,0,0.0,,,,,,,,,,
SPD,source_representative,0.125,availability__vina,all_determinate,930,373,0,6496,6496,4217.0,0.6350681931929653,0.6491687192118226,6833,1207,887,378,0.24473297829761617,0.2459215273856568,0.754103889971185,0.8214769906328068
SPD,source_representative,0.125,availability__vina,both_exact,930,261,0,2235,2235,1387.0,0.6054994388327721,0.6205816554809843,,,,,,,,
SPD,source_representative,0.125,availability__vina,one_bounded,930,340,0,4261,4261,2830.0,0.6585355892600762,0.6641633419385121,,,,,,,,
SPD,source_representative,0.125,availability__vina,both_bounded,930,0,0,0,0,0.0,,,,,,,,,,
SPD,source_representative,0.125,plus__vina,all_determinate,930,373,0,6496,6496,4144.0,0.6310353324931606,0.6379310344827587,6833,1207,887,378,0.2557794039854563,0.2569578010687697,0.7834086763083091,0.8596740011755811
SPD,source_representative,0.125,plus__vina,both_exact,930,261,0,2235,2235,1370.0,0.6126720590322122,0.6129753914988815,,,,,,,,
SPD,source_representative,0.125,plus__vina,one_bounded,930,340,0,4261,4261,2774.0,0.6511083214447208,0.6510208871157005,,,,,,,,
SPD,source_representative,0.125,plus__vina,both_bounded,930,0,0,0,0,0.0,,,,,,,,,,
SPD,source_representative,0.125,mean__vina,all_determinate,930,373,0,6496,6496,4232.0,0.6427855567149644,0.6514778325123153,6833,1207,887,378,0.2438477746052076,0.24686660937121663,0.7805671920111552,0.835263547057654
SPD,source_representative,0.125,mean__vina,both_exact,930,261,0,2235,2235,1369.0,0.6002471347298933,0.6125279642058166,,,,,,,,
SPD,source_representative,0.125,mean__vina,one_bounded,930,340,0,4261,4261,2863.0,0.667484186763263,0.6719080028162403,,,,,,,,
SPD,source_representative,0.125,mean__vina,both_bounded,930,0,0,0,0,0.0,,,,,,,,,,
SPD,source_representative,0.125,mean_relative__vina,all_determinate,930,373,0,6496,6496,4229.0,0.6432908474640308,0.6510160098522167,6833,1207,887,378,0.24887114301508415,0.25175735698996043,0.7707656835032645,0.8430887682421477
SPD,source_representative,0.125,mean_relative__vina,both_exact,930,261,0,2235,2235,1385.0,0.6152766489931241,0.6196868008948546,,,,,,,,
SPD,source_representative,0.125,mean_relative__vina,one_bounded,930,340,0,4261,4261,2844.0,0.6673825760303672,0.667448955644215,,,,,,,,
SPD,source_representative,0.125,mean_relative__vina,both_bounded,930,0,0,0,0,0.0,,,,,,,,,,
SPD,source_representative,0.125,native__boltz_affinity,all_determinate,930,373,0,6496,6496,3863.0,0.5620658891389907,0.5946736453201971,,,,,,,,
SPD,source_representative,0.125,native__boltz_affinity,both_exact,930,261,0,2235,2235,1349.0,0.5827234210375972,0.603579418344519,,,,,,,,
SPD,source_representative,0.125,native__boltz_affinity,one_bounded,930,340,0,4261,4261,2514.0,0.5584008730119223,0.5900023468669326,,,,,,,,
SPD,source_representative,0.125,native__boltz_affinity,both_bounded,930,0,0,0,0,0.0,,,,,,,,,,
SPD,source_representative,0.125,native__boltz_binary,all_determinate,930,373,0,6496,6496,4428.0,0.6588247248321865,0.6816502463054187,,,,,,,,
SPD,source_representative,0.125,native__boltz_binary,both_exact,930,261,0,2235,2235,1467.0,0.6193682860349526,0.6563758389261745,,,,,,,,
SPD,source_representative,0.125,native__boltz_binary,one_bounded,930,340,0,4261,4261,2961.0,0.669977022623152,0.6949072987561605,,,,,,,,
SPD,source_representative,0.125,native__boltz_binary,both_bounded,930,0,0,0,0,0.0,,,,,,,,,,
SPD,source_representative,0.125,native__boltzina_vina_far_affinity,all_determinate,930,373,0,6496,6496,3812.0,0.5633429089572257,0.5868226600985221,,,,,,,,
SPD,source_representative,0.125,native__boltzina_vina_far_affinity,both_exact,930,261,0,2235,2235,1355.0,0.5747355879539788,0.6062639821029083,,,,,,,,
SPD,source_representative,0.125,native__boltzina_vina_far_affinity,one_bounded,930,340,0,4261,4261,2457.0,0.5609944838593803,0.5766252053508566,,,,,,,,
SPD,source_representative,0.125,native__boltzina_vina_far_affinity,both_bounded,930,0,0,0,0,0.0,,,,,,,,,,
SPD,source_representative,0.125,native__boltzina_vina_far_binary,all_determinate,930,373,0,6496,6496,4495.0,0.6701386313571764,0.6919642857142857,,,,,,,,
SPD,source_representative,0.125,native__boltzina_vina_far_binary,both_exact,930,261,0,2235,2235,1503.0,0.6373898628687901,0.6724832214765101,,,,,,,,
SPD,source_representative,0.125,native__boltzina_vina_far_binary,one_bounded,930,340,0,4261,4261,2992.0,0.6848865517360594,0.7021825862473597,,,,,,,,
SPD,source_representative,0.125,native__boltzina_vina_far_binary,both_bounded,930,0,0,0,0,0.0,,,,,,,,,,
SPD,source_representative,0.125,native__boltzina_vina_zero_affinity,all_determinate,930,373,0,6496,6496,3812.0,0.5633429089572257,0.5868226600985221,,,,,,,,
SPD,source_representative,0.125,native__boltzina_vina_zero_affinity,both_exact,930,261,0,2235,2235,1355.0,0.5747355879539788,0.6062639821029083,,,,,,,,
SPD,source_representative,0.125,native__boltzina_vina_zero_affinity,one_bounded,930,340,0,4261,4261,2457.0,0.5609944838593803,0.5766252053508566,,,,,,,,
SPD,source_representative,0.125,native__boltzina_vina_zero_affinity,both_bounded,930,0,0,0,0,0.0,,,,,,,,,,
SPD,source_representative,0.125,native__boltzina_vina_zero_binary,all_determinate,930,373,0,6496,6496,4495.0,0.6701386313571764,0.6919642857142857,,,,,,,,
SPD,source_representative,0.125,native__boltzina_vina_zero_binary,both_exact,930,261,0,2235,2235,1503.0,0.6373898628687901,0.6724832214765101,,,,,,,,
SPD,source_representative,0.125,native__boltzina_vina_zero_binary,one_bounded,930,340,0,4261,4261,2992.0,0.6848865517360594,0.7021825862473597,,,,,,,,
SPD,source_representative,0.125,native__boltzina_vina_zero_binary,both_bounded,930,0,0,0,0,0.0,,,,,,,,,,
SPD,source_representative,0.125,native__gnina,all_determinate,930,373,0,6496,6496,3918.0,0.6129066023803486,0.6031403940886699,,,,,,,,
SPD,source_representative,0.125,native__gnina,both_exact,930,261,0,2235,2235,1317.0,0.5876546895703983,0.5892617449664429,,,,,,,,
SPD,source_representative,0.125,native__gnina,one_bounded,930,340,0,4261,4261,2601.0,0.6096930109173158,0.6104200891809435,,,,,,,,
SPD,source_representative,0.125,native__gnina,both_bounded,930,0,0,0,0,0.0,,,,,,,,,,
SPD,source_representative,0.125,native__nesso_affinity,all_determinate,930,373,0,6496,6496,3788.0,0.55521162589458,0.583128078817734,,,,,,,,
SPD,source_representative,0.125,native__nesso_affinity,both_exact,930,261,0,2235,2235,1283.0,0.5424660765656935,0.5740492170022371,,,,,,,,
SPD,source_representative,0.125,native__nesso_affinity,one_bounded,930,340,0,4261,4261,2505.0,0.5676277551262378,0.5878901666275522,,,,,,,,
SPD,source_representative,0.125,native__nesso_affinity,both_bounded,930,0,0,0,0,0.0,,,,,,,,,,
SPD,source_representative,0.125,native__nesso_binary,all_determinate,930,373,0,6496,6496,4183.0,0.6190976568175237,0.6439347290640394,,,,,,,,
SPD,source_representative,0.125,native__nesso_binary,both_exact,930,261,0,2235,2235,1338.0,0.5881406659184437,0.5986577181208054,,,,,,,,
SPD,source_representative,0.125,native__nesso_binary,one_bounded,930,340,0,4261,4261,2845.0,0.6501608491366812,0.6676836423374795,,,,,,,,
SPD,source_representative,0.125,native__nesso_binary,both_bounded,930,0,0,0,0,0.0,,,,,,,,,,
SPD,source_representative,0.125,native__raw_ad4,all_determinate,930,373,0,6496,6496,3602.0,0.5432162975080075,0.5544950738916257,,,,,,,,
SPD,source_representative,0.125,native__raw_ad4,both_exact,930,261,0,2235,2235,1179.5,0.5072764683875794,0.5277404921700224,,,,,,,,
SPD,source_representative,0.125,native__raw_ad4,one_bounded,930,340,0,4261,4261,2422.5,0.5596458954862389,0.5685285144332316,,,,,,,,
SPD,source_representative,0.125,native__raw_ad4,both_bounded,930,0,0,0,0,0.0,,,,,,,,,,
SPD,source_representative,0.125,native__raw_gnina_own,all_determinate,930,373,0,6496,6496,3885.0,0.62776057059596,0.5980603448275862,,,,,,,,
SPD,source_representative,0.125,native__raw_gnina_own,both_exact,930,261,0,2235,2235,1339.0,0.6045267489711934,0.5991051454138703,,,,,,,,
SPD,source_representative,0.125,native__raw_gnina_own,one_bounded,930,340,0,4261,4261,2546.0,0.620668381156207,0.5975123210513964,,,,,,,,
SPD,source_representative,0.125,native__raw_gnina_own,both_bounded,930,0,0,0,0,0.0,,,,,,,,,,
SPD,source_representative,0.125,native__vina,all_determinate,930,373,0,6496,6496,3903.5,0.5804399141812819,0.6009082512315271,,,,,,,,
SPD,source_representative,0.125,native__vina,both_exact,930,261,0,2235,2235,1163.0,0.4954656490097103,0.5203579418344519,,,,,,,,
SPD,source_representative,0.125,native__vina,one_bounded,930,340,0,4261,4261,2740.5,0.6211274507583027,0.64315888289134,,,,,,,,
SPD,source_representative,0.125,native__vina,both_bounded,930,0,0,0,0,0.0,,,,,,,,,,
SPD,source_representative,0.25,target_prior,all_determinate,930,373,0,6496,6496,4085.0,0.6044918392032099,0.6288485221674877,6833,1207,887,378,0.2829978950853995,0.28046919494084954,0.8048686523762878,0.9045305191246621
SPD,source_representative,0.25,target_prior,both_exact,930,261,0,2235,2235,1370.0,0.6002839930042996,0.6129753914988815,,,,,,,,
SPD,source_representative,0.25,target_prior,one_bounded,930,340,0,4261,4261,2715.0,0.6171154707031369,0.6371743722130955,,,,,,,,
SPD,source_representative,0.25,target_prior,both_bounded,930,0,0,0,0,0.0,,,,,,,,,,
SPD,source_representative,0.25,chemistry,all_determinate,930,373,0,6496,6496,4371.0,0.6581115196897699,0.6728756157635468,6833,1207,887,378,0.23321917664219324,0.2360031182807614,0.7173997536758349,0.7831507436973116
SPD,source_representative,0.25,chemistry,both_exact,930,261,0,2235,2235,1432.0,0.6294895681868862,0.6407158836689038,,,,,,,,
SPD,source_representative,0.25,chemistry,one_bounded,930,340,0,4261,4261,2939.0,0.6770982858357,0.6897441915043417,,,,,,,,
SPD,source_representative,0.25,chemistry,both_bounded,930,0,0,0,0,0.0,,,,,,,,,,
SPD,source_representative,0.25,availability__boltz_affinity,all_determinate,930,373,0,6496,6496,4371.0,0.6581115196897699,0.6728756157635468,6833,1207,887,378,0.2332191766421933,0.2360031182807614,0.7173997536758349,0.7831507436973113
SPD,source_representative,0.25,availability__boltz_affinity,both_exact,930,261,0,2235,2235,1432.0,0.6294895681868862,0.6407158836689038,,,,,,,,
SPD,source_representative,0.25,availability__boltz_affinity,one_bounded,930,340,0,4261,4261,2939.0,0.6770982858357,0.6897441915043417,,,,,,,,
SPD,source_representative,0.25,availability__boltz_affinity,both_bounded,930,0,0,0,0,0.0,,,,,,,,,,
SPD,source_representative,0.25,plus__boltz_affinity,all_determinate,930,373,0,6496,6496,4471.0,0.6607073347153561,0.6882697044334976,6833,1207,887,378,0.2157914004818215,0.21615314305515718,0.7295401544189213,0.7524036045319267
SPD,source_representative,0.25,plus__boltz_affinity,both_exact,930,261,0,2235,2235,1480.0,0.6230043548051212,0.6621923937360179,,,,,,,,
SPD,source_representative,0.25,plus__boltz_affinity,one_bounded,930,340,0,4261,4261,2991.0,0.6769448522234919,0.7019478995540953,,,,,,,,
SPD,source_representative,0.25,plus__boltz_affinity,both_bounded,930,0,0,0,0,0.0,,,,,,,,,,
SPD,source_representative,0.25,mean__boltz_affinity,all_determinate,930,373,0,6496,6496,4184.0,0.6261646362696323,0.6440886699507389,6833,1207,887,378,0.22392204821207407,0.2259534435080163,0.738714643643818,0.7793202115192465
SPD,source_representative,0.25,mean__boltz_affinity,both_exact,930,261,0,2235,2235,1398.0,0.6046634931692404,0.625503355704698,,,,,,,,
SPD,source_representative,0.25,mean__boltz_affinity,one_bounded,930,340,0,4261,4261,2786.0,0.6460282730943387,0.6538371274348744,,,,,,,,
SPD,source_representative,0.25,mean__boltz_affinity,both_bounded,930,0,0,0,0,0.0,,,,,,,,,,
SPD,source_representative,0.25,mean_relative__boltz_affinity,all_determinate,930,373,0,6496,6496,4474.0,0.6531303973494184,0.6887315270935961,6833,1207,887,378,0.21037182534816662,0.21029083797364195,0.7248581860856136,0.7345166249035571
SPD,source_representative,0.25,mean_relative__boltz_affinity,both_exact,930,261,0,2235,2235,1467.0,0.6412895604466485,0.6563758389261745,,,,,,,,
SPD,source_representative,0.25,mean_relative__boltz_affinity,one_bounded,930,340,0,4261,4261,3007.0,0.6704162619406211,0.7057028866463272,,,,,,,,
SPD,source_representative,0.25,mean_relative__boltz_affinity,both_bounded,930,0,0,0,0,0.0,,,,,,,,,,
SPD,source_representative,0.25,availability__boltz_binary,all_determinate,930,373,0,6496,6496,4371.0,0.6581115196897699,0.6728756157635468,6833,1207,887,378,0.2332191766421933,0.2360031182807614,0.7173997536758349,0.7831507436973113
SPD,source_representative,0.25,availability__boltz_binary,both_exact,930,261,0,2235,2235,1432.0,0.6294895681868862,0.6407158836689038,,,,,,,,
SPD,source_representative,0.25,availability__boltz_binary,one_bounded,930,340,0,4261,4261,2939.0,0.6770982858357,0.6897441915043417,,,,,,,,
SPD,source_representative,0.25,availability__boltz_binary,both_bounded,930,0,0,0,0,0.0,,,,,,,,,,
SPD,source_representative,0.25,plus__boltz_binary,all_determinate,930,373,0,6496,6496,4511.0,0.6843055584421006,0.6944273399014779,6833,1207,887,378,0.20984880204813988,0.210657914754152,0.6860863903935254,0.7179477479903739
SPD,source_representative,0.25,plus__boltz_binary,both_exact,930,261,0,2235,2235,1479.0,0.6085560955292756,0.661744966442953,,,,,,,,
SPD,source_representative,0.25,plus__boltz_binary,one_bounded,930,340,0,4261,4261,3032.0,0.7065402397991446,0.7115700539779395,,,,,,,,
SPD,source_representative,0.25,plus__boltz_binary,both_bounded,930,0,0,0,0,0.0,,,,,,,,,,
SPD,source_representative,0.25,mean__boltz_binary,all_determinate,930,373,0,6496,6496,4316.0,0.657939377928875,0.6644088669950738,6833,1207,887,378,0.21211368237190545,0.21262136708728085,0.6891833242494263,0.71141325232619
SPD,source_representative,0.25,mean__boltz_binary,both_exact,930,261,0,2235,2235,1399.0,0.5910392006177446,0.6259507829977629,,,,,,,,
SPD,source_representative,0.25,mean__boltz_binary,one_bounded,930,340,0,4261,4261,2917.0,0.6815037559714086,0.6845810842525228,,,,,,,,
SPD,source_representative,0.25,mean__boltz_binary,both_bounded,930,0,0,0,0,0.0,,,,,,,,,,
SPD,source_representative,0.25,mean_relative__boltz_binary,all_determinate,930,373,0,6496,6496,4498.0,0.68721040695285,0.6924261083743842,6833,1207,887,378,0.21152504598284966,0.21070417908813738,0.6801634623697937,0.7132766953665545
SPD,source_representative,0.25,mean_relative__boltz_binary,both_exact,930,261,0,2235,2235,1435.0,0.6219819984187801,0.6420581655480985,,,,,,,,
SPD,source_representative,0.25,mean_relative__boltz_binary,one_bounded,930,340,0,4261,4261,3063.0,0.7130826307650904,0.7188453414691387,,,,,,,,
SPD,source_representative,0.25,mean_relative__boltz_binary,both_bounded,930,0,0,0,0,0.0,,,,,,,,,,
SPD,source_representative,0.25,availability__boltzina_vina_far_affinity,all_determinate,930,373,0,6496,6496,4380.0,0.6586343938218934,0.6742610837438424,6833,1207,887,378,0.23320135152951643,0.23596994070702307,0.7177462684824141,0.7833182207420113
SPD,source_representative,0.25,availability__boltzina_vina_far_affinity,both_exact,930,261,0,2235,2235,1436.0,0.6316181335338423,0.6425055928411633,,,,,,,,
SPD,source_representative,0.25,availability__boltzina_vina_far_affinity,one_bounded,930,340,0,4261,4261,2944.0,0.6777494932883781,0.6909176249706641,,,,,,,,
SPD,source_representative,0.25,availability__boltzina_vina_far_affinity,both_bounded,930,0,0,0,0,0.0,,,,,,,,,,
SPD,source_representative,0.25,plus__boltzina_vina_far_affinity,all_determinate,930,373,0,6496,6496,4488.0,0.6676145877706782,0.6908866995073891,6833,1207,887,378,0.2091841173533519,0.2100230127491001,0.7129615805850611,0.7231302806599265
SPD,source_representative,0.25,plus__boltzina_vina_far_affinity,both_exact,930,261,0,2235,2235,1515.0,0.6601325239256274,0.6778523489932886,,,,,,,,
SPD,source_representative,0.25,plus__boltzina_vina_far_affinity,one_bounded,930,340,0,4261,4261,2973.0,0.6772769387916922,0.6977235390753345,,,,,,,,
SPD,source_representative,0.25,plus__boltzina_vina_far_affinity,both_bounded,930,0,0,0,0,0.0,,,,,,,,,,
SPD,source_representative,0.25,mean__boltzina_vina_far_affinity,all_determinate,930,373,0,6496,6496,4187.0,0.6219876848789962,0.6445504926108374,6833,1207,887,378,0.2239741476525001,0.22586219340332905,0.740940172115016,0.7825170845320936
SPD,source_representative,0.25,mean__boltzina_vina_far_affinity,both_exact,930,261,0,2235,2235,1391.0,0.6021092147528929,0.6223713646532438,,,,,,,,
SPD,source_representative,0.25,mean__boltzina_vina_far_affinity,one_bounded,930,340,0,4261,4261,2796.0,0.64191893768178,0.6561839943675194,,,,,,,,
SPD,source_representative,0.25,mean__boltzina_vina_far_affinity,both_bounded,930,0,0,0,0,0.0,,,,,,,,,,
SPD,source_representative,0.25,mean_relative__boltzina_vina_far_affinity,all_determinate,930,373,0,6496,6496,4540.0,0.6676909099040945,0.6988916256157636,6833,1207,887,378,0.20562822548470389,0.20747886013150005,0.7290020572653465,0.7274219919377903
SPD,source_representative,0.25,mean_relative__boltzina_vina_far_affinity,both_exact,930,261,0,2235,2235,1518.0,0.6487575997154542,0.6791946308724832,,,,,,,,
SPD,source_representative,0.25,mean_relative__boltzina_vina_far_affinity,one_bounded,930,340,0,4261,4261,3022.0,0.6815652550051131,0.7092231870452945,,,,,,,,
SPD,source_representative,0.25,mean_relative__boltzina_vina_far_affinity,both_bounded,930,0,0,0,0,0.0,,,,,,,,,,
SPD,source_representative,0.25,availability__boltzina_vina_far_binary,all_determinate,930,373,0,6496,6496,4380.0,0.6586343938218934,0.6742610837438424,6833,1207,887,378,0.23320135152951643,0.23596994070702307,0.7177462684824141,0.7833182207420113
SPD,source_representative,0.25,availability__boltzina_vina_far_binary,both_exact,930,261,0,2235,2235,1436.0,0.6316181335338423,0.6425055928411633,,,,,,,,
SPD,source_representative,0.25,availability__boltzina_vina_far_binary,one_bounded,930,340,0,4261,4261,2944.0,0.6777494932883781,0.6909176249706641,,,,,,,,
SPD,source_representative,0.25,availability__boltzina_vina_far_binary,both_bounded,930,0,0,0,0,0.0,,,,,,,,,,
SPD,source_representative,0.25,plus__boltzina_vina_far_binary,all_determinate,930,373,0,6496,6496,4451.0,0.6609288261667359,0.6851908866995073,6833,1207,887,378,0.21605887548542796,0.21646144936244308,0.6968616369929278,0.7217444046334078
SPD,source_representative,0.25,plus__boltzina_vina_far_binary,both_exact,930,261,0,2235,2235,1460.0,0.6052809614112297,0.6532438478747203,,,,,,,,
SPD,source_representative,0.25,plus__boltzina_vina_far_binary,one_bounded,930,340,0,4261,4261,2991.0,0.6850855784347902,0.7019478995540953,,,,,,,,
SPD,source_representative,0.25,plus__boltzina_vina_far_binary,both_bounded,930,0,0,0,0,0.0,,,,,,,,,,
SPD,source_representative,0.25,mean__boltzina_vina_far_binary,all_determinate,930,373,0,6496,6496,4350.0,0.6621001662337036,0.6696428571428571,6833,1207,887,378,0.20949004571823965,0.21079109358180914,0.6899197047684602,0.7100984424061559
SPD,source_representative,0.25,mean__boltzina_vina_far_binary,both_exact,930,261,0,2235,2235,1417.0,0.6048953317152551,0.6340044742729306,,,,,,,,
SPD,source_representative,0.25,mean__boltzina_vina_far_binary,one_bounded,930,340,0,4261,4261,2933.0,0.6845848462271937,0.6883360713447547,,,,,,,,
SPD,source_representative,0.25,mean__boltzina_vina_far_binary,both_bounded,930,0,0,0,0,0.0,,,,,,,,,,
SPD,source_representative,0.25,mean_relative__boltzina_vina_far_binary,all_determinate,930,373,0,6496,6496,4534.0,0.6786925215150582,0.6979679802955665,6833,1207,887,378,0.2056586348660304,0.20570114467824435,0.6812472177827457,0.7055157274142435
SPD,source_representative,0.25,mean_relative__boltzina_vina_far_binary,both_exact,930,261,0,2235,2235,1474.0,0.63050446077266,0.6595078299776287,,,,,,,,
SPD,source_representative,0.25,mean_relative__boltzina_vina_far_binary,one_bounded,930,340,0,4261,4261,3060.0,0.701572485474213,0.7181412813893452,,,,,,,,
SPD,source_representative,0.25,mean_relative__boltzina_vina_far_binary,both_bounded,930,0,0,0,0,0.0,,,,,,,,,,
SPD,source_representative,0.25,availability__boltzina_vina_zero_affinity,all_determinate,930,373,0,6496,6496,4380.0,0.6586343938218934,0.6742610837438424,6833,1207,887,378,0.23320135152951643,0.23596994070702307,0.7177462684824141,0.7833182207420113
SPD,source_representative,0.25,availability__boltzina_vina_zero_affinity,both_exact,930,261,0,2235,2235,1436.0,0.6316181335338423,0.6425055928411633,,,,,,,,
SPD,source_representative,0.25,availability__boltzina_vina_zero_affinity,one_bounded,930,340,0,4261,4261,2944.0,0.6777494932883781,0.6909176249706641,,,,,,,,
SPD,source_representative,0.25,availability__boltzina_vina_zero_affinity,both_bounded,930,0,0,0,0,0.0,,,,,,,,,,
SPD,source_representative,0.25,plus__boltzina_vina_zero_affinity,all_determinate,930,373,0,6496,6496,4488.0,0.6676145877706782,0.6908866995073891,6833,1207,887,378,0.2091831743874093,0.21002215122634973,0.7129724047974149,0.723133786513067
SPD,source_representative,0.25,plus__boltzina_vina_zero_affinity,both_exact,930,261,0,2235,2235,1515.0,0.6601325239256274,0.6778523489932886,,,,,,,,
SPD,source_representative,0.25,plus__boltzina_vina_zero_affinity,one_bounded,930,340,0,4261,4261,2973.0,0.6772769387916922,0.6977235390753345,,,,,,,,
SPD,source_representative,0.25,plus__boltzina_vina_zero_affinity,both_bounded,930,0,0,0,0,0.0,,,,,,,,,,
SPD,source_representative,0.25,mean__boltzina_vina_zero_affinity,all_determinate,930,373,0,6496,6496,4187.0,0.6219876848789962,0.6445504926108374,6833,1207,887,378,0.22397349938904262,0.2258616537872947,0.7409405233343108,0.7825170017279631
SPD,source_representative,0.25,mean__boltzina_vina_zero_affinity,both_exact,930,261,0,2235,2235,1391.0,0.6021092147528929,0.6223713646532438,,,,,,,,
SPD,source_representative,0.25,mean__boltzina_vina_zero_affinity,one_bounded,930,340,0,4261,4261,2796.0,0.64191893768178,0.6561839943675194,,,,,,,,
SPD,source_representative,0.25,mean__boltzina_vina_zero_affinity,both_bounded,930,0,0,0,0,0.0,,,,,,,,,,
SPD,source_representative,0.25,mean_relative__boltzina_vina_zero_affinity,all_determinate,930,373,0,6496,6496,4540.0,0.6676909099040945,0.6988916256157636,6833,1207,887,378,0.20563091523185073,0.2074823837786598,0.7290528090923755,0.7274496229469901
SPD,source_representative,0.25,mean_relative__boltzina_vina_zero_affinity,both_exact,930,261,0,2235,2235,1518.0,0.6487575997154542,0.6791946308724832,,,,,,,,
SPD,source_representative,0.25,mean_relative__boltzina_vina_zero_affinity,one_bounded,930,340,0,4261,4261,3022.0,0.6815652550051131,0.7092231870452945,,,,,,,,
SPD,source_representative,0.25,mean_relative__boltzina_vina_zero_affinity,both_bounded,930,0,0,0,0,0.0,,,,,,,,,,
SPD,source_representative,0.25,availability__boltzina_vina_zero_binary,all_determinate,930,373,0,6496,6496,4380.0,0.6586343938218934,0.6742610837438424,6833,1207,887,378,0.23320135152951643,0.23596994070702307,0.7177462684824141,0.7833182207420113
SPD,source_representative,0.25,availability__boltzina_vina_zero_binary,both_exact,930,261,0,2235,2235,1436.0,0.6316181335338423,0.6425055928411633,,,,,,,,
SPD,source_representative,0.25,availability__boltzina_vina_zero_binary,one_bounded,930,340,0,4261,4261,2944.0,0.6777494932883781,0.6909176249706641,,,,,,,,
SPD,source_representative,0.25,availability__boltzina_vina_zero_binary,both_bounded,930,0,0,0,0,0.0,,,,,,,,,,
SPD,source_representative,0.25,plus__boltzina_vina_zero_binary,all_determinate,930,373,0,6496,6496,4451.0,0.6609288261667359,0.6851908866995073,6833,1207,887,378,0.21605819344489857,0.21646063792887485,0.6968621745659764,0.7217456629055449
SPD,source_representative,0.25,plus__boltzina_vina_zero_binary,both_exact,930,261,0,2235,2235,1460.0,0.6052809614112297,0.6532438478747203,,,,,,,,
SPD,source_representative,0.25,plus__boltzina_vina_zero_binary,one_bounded,930,340,0,4261,4261,2991.0,0.6850855784347902,0.7019478995540953,,,,,,,,
SPD,source_representative,0.25,plus__boltzina_vina_zero_binary,both_bounded,930,0,0,0,0,0.0,,,,,,,,,,
SPD,source_representative,0.25,mean__boltzina_vina_zero_binary,all_determinate,930,373,0,6496,6496,4350.0,0.6621001662337036,0.6696428571428571,6833,1207,887,378,0.20949092122919002,0.21079184504152856,0.6899187204324412,0.7100967880638978
SPD,source_representative,0.25,mean__boltzina_vina_zero_binary,both_exact,930,261,0,2235,2235,1417.0,0.6048953317152551,0.6340044742729306,,,,,,,,
SPD,source_representative,0.25,mean__boltzina_vina_zero_binary,one_bounded,930,340,0,4261,4261,2933.0,0.6845848462271937,0.6883360713447547,,,,,,,,
SPD,source_representative,0.25,mean__boltzina_vina_zero_binary,both_bounded,930,0,0,0,0,0.0,,,,,,,,,,
SPD,source_representative,0.25,mean_relative__boltzina_vina_zero_binary,all_determinate,930,373,0,6496,6496,4534.0,0.6786925215150582,0.6979679802955665,6833,1207,887,378,0.20565932727470151,0.20570186964046552,0.6812490856367791,0.7055129160237057
SPD,source_representative,0.25,mean_relative__boltzina_vina_zero_binary,both_exact,930,261,0,2235,2235,1474.0,0.63050446077266,0.6595078299776287,,,,,,,,
SPD,source_representative,0.25,mean_relative__boltzina_vina_zero_binary,one_bounded,930,340,0,4261,4261,3060.0,0.701572485474213,0.7181412813893452,,,,,,,,
SPD,source_representative,0.25,mean_relative__boltzina_vina_zero_binary,both_bounded,930,0,0,0,0,0.0,,,,,,,,,,
SPD,source_representative,0.25,availability__gnina,all_determinate,930,373,0,6496,6496,4371.0,0.6570706406998292,0.6728756157635468,6833,1207,887,378,0.2330297253172015,0.23582193355438733,0.7182168893415337,0.7839479793002317
SPD,source_representative,0.25,availability__gnina,both_exact,930,261,0,2235,2235,1433.0,0.630128137790973,0.6411633109619687,,,,,,,,
SPD,source_representative,0.25,availability__gnina,one_bounded,930,340,0,4261,4261,2938.0,0.6766080897572686,0.6895095048110772,,,,,,,,
SPD,source_representative,0.25,availability__gnina,both_bounded,930,0,0,0,0,0.0,,,,,,,,,,
SPD,source_representative,0.25,plus__gnina,all_determinate,930,373,0,6496,6496,4348.0,0.65172123084953,0.6693349753694581,6833,1207,887,378,0.22970521341677488,0.23124097149888442,0.7289405240669248,0.7869005946963394
SPD,source_representative,0.25,plus__gnina,both_exact,930,261,0,2235,2235,1436.0,0.6152084611854726,0.6425055928411633,,,,,,,,
SPD,source_representative,0.25,plus__gnina,one_bounded,930,340,0,4261,4261,2912.0,0.6711583909612067,0.6834076507862005,,,,,,,,
SPD,source_representative,0.25,plus__gnina,both_bounded,930,0,0,0,0,0.0,,,,,,,,,,
SPD,source_representative,0.25,mean__gnina,all_determinate,930,373,0,6496,6496,4312.0,0.6499924263630076,0.6637931034482759,6833,1207,887,378,0.2294066942520952,0.23251214060342862,0.7164673889773641,0.777787022496571
SPD,source_representative,0.25,mean__gnina,both_exact,930,261,0,2235,2235,1416.0,0.6188713443502716,0.6335570469798658,,,,,,,,
SPD,source_representative,0.25,mean__gnina,one_bounded,930,340,0,4261,4261,2896.0,0.6666290624706441,0.6796526636939686,,,,,,,,
SPD,source_representative,0.25,mean__gnina,both_bounded,930,0,0,0,0,0.0,,,,,,,,,,
SPD,source_representative,0.25,mean_relative__gnina,all_determinate,930,373,0,6496,6496,4295.0,0.6474702111109376,0.6611761083743842,6833,1207,887,378,0.23297962412918488,0.23539582756567867,0.7531737240588215,0.8041102986233626
SPD,source_representative,0.25,mean_relative__gnina,both_exact,930,261,0,2235,2235,1394.0,0.6121629541169771,0.6237136465324384,,,,,,,,
SPD,source_representative,0.25,mean_relative__gnina,one_bounded,930,340,0,4261,4261,2901.0,0.6714832223861327,0.680826097160291,,,,,,,,
SPD,source_representative,0.25,mean_relative__gnina,both_bounded,930,0,0,0,0,0.0,,,,,,,,,,
SPD,source_representative,0.25,availability__nesso_affinity,all_determinate,930,373,0,6496,6496,4371.0,0.6570706406998292,0.6728756157635468,6833,1207,887,378,0.2330297253172015,0.23582193355438733,0.7182168893415337,0.7839479793002317
SPD,source_representative,0.25,availability__nesso_affinity,both_exact,930,261,0,2235,2235,1433.0,0.630128137790973,0.6411633109619687,,,,,,,,
SPD,source_representative,0.25,availability__nesso_affinity,one_bounded,930,340,0,4261,4261,2938.0,0.6766080897572686,0.6895095048110772,,,,,,,,
SPD,source_representative,0.25,availability__nesso_affinity,both_bounded,930,0,0,0,0,0.0,,,,,,,,,,
SPD,source_representative,0.25,plus__nesso_affinity,all_determinate,930,373,0,6496,6496,4647.0,0.6973837375910842,0.7153633004926109,6833,1207,887,378,0.2118361453256124,0.21337697976153888,0.7063616584380482,0.7303316954330847
SPD,source_representative,0.25,plus__nesso_affinity,both_exact,930,261,0,2235,2235,1510.0,0.6346563610931427,0.6756152125279642,,,,,,,,
SPD,source_representative,0.25,plus__nesso_affinity,one_bounded,930,340,0,4261,4261,3137.0,0.7259215250237645,0.7362121567707111,,,,,,,,
SPD,source_representative,0.25,plus__nesso_affinity,both_bounded,930,0,0,0,0,0.0,,,,,,,,,,
SPD,source_representative,0.25,mean__nesso_affinity,all_determinate,930,373,0,6496,6496,4242.0,0.6362762377264758,0.6530172413793104,6833,1207,887,378,0.22435545994028608,0.22781856016428711,0.7270287798233462,0.7686701707035337
SPD,source_representative,0.25,mean__nesso_affinity,both_exact,930,261,0,2235,2235,1383.0,0.6038194386853392,0.6187919463087248,,,,,,,,
SPD,source_representative,0.25,mean__nesso_affinity,one_bounded,930,340,0,4261,4261,2859.0,0.6570069135275411,0.6709692560431824,,,,,,,,
SPD,source_representative,0.25,mean__nesso_affinity,both_bounded,930,0,0,0,0,0.0,,,,,,,,,,
SPD,source_representative,0.25,mean_relative__nesso_affinity,all_determinate,930,373,0,6496,6496,4626.0,0.6879203122563967,0.7121305418719212,6833,1207,887,378,0.2186186567468867,0.22011808753113504,0.7030153140343376,0.7372159086393372
SPD,source_representative,0.25,mean_relative__nesso_affinity,both_exact,930,261,0,2235,2235,1523.0,0.633725781810073,0.6814317673378076,,,,,,,,
SPD,source_representative,0.25,mean_relative__nesso_affinity,one_bounded,930,340,0,4261,4261,3103.0,0.7130391921718212,0.7282328091997183,,,,,,,,
SPD,source_representative,0.25,mean_relative__nesso_affinity,both_bounded,930,0,0,0,0,0.0,,,,,,,,,,
SPD,source_representative,0.25,availability__nesso_binary,all_determinate,930,373,0,6496,6496,4371.0,0.6570706406998292,0.6728756157635468,6833,1207,887,378,0.2330297253172015,0.23582193355438733,0.7182168893415337,0.7839479793002317
SPD,source_representative,0.25,availability__nesso_binary,both_exact,930,261,0,2235,2235,1433.0,0.630128137790973,0.6411633109619687,,,,,,,,
SPD,source_representative,0.25,availability__nesso_binary,one_bounded,930,340,0,4261,4261,2938.0,0.6766080897572686,0.6895095048110772,,,,,,,,
SPD,source_representative,0.25,availability__nesso_binary,both_bounded,930,0,0,0,0,0.0,,,,,,,,,,
SPD,source_representative,0.25,plus__nesso_binary,all_determinate,930,373,0,6496,6496,4509.0,0.6844913448562719,0.6941194581280788,6833,1207,887,378,0.20963852697856106,0.21096998836168948,0.6957817203886746,0.7213270985178016
SPD,source_representative,0.25,plus__nesso_binary,both_exact,930,261,0,2235,2235,1449.0,0.5938349928771385,0.6483221476510067,,,,,,,,
SPD,source_representative,0.25,plus__nesso_binary,one_bounded,930,340,0,4261,4261,3060.0,0.7171499560866738,0.7181412813893452,,,,,,,,
SPD,source_representative,0.25,plus__nesso_binary,both_bounded,930,0,0,0,0,0.0,,,,,,,,,,
SPD,source_representative,0.25,mean__nesso_binary,all_determinate,930,373,0,6496,6496,4348.0,0.6513483680518534,0.6693349753694581,6833,1207,887,378,0.21137146361963716,0.21393851341129871,0.7038201651708271,0.7220720754696893
SPD,source_representative,0.25,mean__nesso_binary,both_exact,930,261,0,2235,2235,1430.0,0.5995241596774163,0.639821029082774,,,,,,,,
SPD,source_representative,0.25,mean__nesso_binary,one_bounded,930,340,0,4261,4261,2918.0,0.6723238015455311,0.6848157709457874,,,,,,,,
SPD,source_representative,0.25,mean__nesso_binary,both_bounded,930,0,0,0,0,0.0,,,,,,,,,,
SPD,source_representative,0.25,mean_relative__nesso_binary,all_determinate,930,373,0,6496,6496,4530.0,0.6746177040620218,0.6973522167487685,6833,1207,887,378,0.2092157608670334,0.20963333838042164,0.7121563037098831,0.7220048690415185
SPD,source_representative,0.25,mean_relative__nesso_binary,both_exact,930,261,0,2235,2235,1454.0,0.5970796267731134,0.6505592841163311,,,,,,,,
SPD,source_representative,0.25,mean_relative__nesso_binary,one_bounded,930,340,0,4261,4261,3076.0,0.7078179976210637,0.7218962684815771,,,,,,,,
SPD,source_representative,0.25,mean_relative__nesso_binary,both_bounded,930,0,0,0,0,0.0,,,,,,,,,,
SPD,source_representative,0.25,availability__raw_ad4,all_determinate,930,373,0,6496,6496,4371.0,0.6570706406998292,0.6728756157635468,6833,1207,887,378,0.2330297253172015,0.23582193355438733,0.7182168893415337,0.7839479793002317
SPD,source_representative,0.25,availability__raw_ad4,both_exact,930,261,0,2235,2235,1433.0,0.630128137790973,0.6411633109619687,,,,,,,,
SPD,source_representative,0.25,availability__raw_ad4,one_bounded,930,340,0,4261,4261,2938.0,0.6766080897572686,0.6895095048110772,,,,,,,,
SPD,source_representative,0.25,availability__raw_ad4,both_bounded,930,0,0,0,0,0.0,,,,,,,,,,
SPD,source_representative,0.25,plus__raw_ad4,all_determinate,930,373,0,6496,6496,4380.0,0.6576221866513515,0.6742610837438424,6833,1207,887,378,0.23241912568228207,0.23529550714295328,0.717639079050368,0.7831817661890971
SPD,source_representative,0.25,plus__raw_ad4,both_exact,930,261,0,2235,2235,1435.0,0.6245239293132013,0.6420581655480985,,,,,,,,
SPD,source_representative,0.25,plus__raw_ad4,one_bounded,930,340,0,4261,4261,2945.0,0.6768170359917339,0.6911523116639287,,,,,,,,
SPD,source_representative,0.25,plus__raw_ad4,both_bounded,930,0,0,0,0,0.0,,,,,,,,,,
SPD,source_representative,0.25,mean__raw_ad4,all_determinate,930,373,0,6496,6496,4391.0,0.6623324442439447,0.6759544334975369,6833,1207,887,378,0.22773840866041456,0.23129226128774916,0.7098175618057122,0.769142291837348
SPD,source_representative,0.25,mean__raw_ad4,both_exact,930,261,0,2235,2235,1443.0,0.619609431295255,0.6456375838926175,,,,,,,,
SPD,source_representative,0.25,mean__raw_ad4,one_bounded,930,340,0,4261,4261,2948.0,0.6816595777556015,0.6918563717437222,,,,,,,,
SPD,source_representative,0.25,mean__raw_ad4,both_bounded,930,0,0,0,0,0.0,,,,,,,,,,
SPD,source_representative,0.25,mean_relative__raw_ad4,all_determinate,930,373,0,6496,6496,4364.0,0.6537311741260541,0.6717980295566502,6833,1207,887,378,0.2325469793617937,0.2360775536339192,0.7188110198940435,0.7825726665034303
SPD,source_representative,0.25,mean_relative__raw_ad4,both_exact,930,261,0,2235,2235,1431.0,0.6253936002978148,0.640268456375839,,,,,,,,
SPD,source_representative,0.25,mean_relative__raw_ad4,one_bounded,930,340,0,4261,4261,2933.0,0.6706095858102353,0.6883360713447547,,,,,,,,
SPD,source_representative,0.25,mean_relative__raw_ad4,both_bounded,930,0,0,0,0,0.0,,,,,,,,,,
SPD,source_representative,0.25,availability__raw_gnina_own,all_determinate,930,373,0,6496,6496,4373.0,0.6573100125879947,0.6731834975369458,6833,1207,887,378,0.23304208941778493,0.23582974497068104,0.7181948248347748,0.7839209866686679
SPD,source_representative,0.25,availability__raw_gnina_own,both_exact,930,261,0,2235,2235,1433.0,0.630128137790973,0.6411633109619687,,,,,,,,
SPD,source_representative,0.25,availability__raw_gnina_own,one_bounded,930,340,0,4261,4261,2940.0,0.676911544472488,0.6899788781976062,,,,,,,,
SPD,source_representative,0.25,availability__raw_gnina_own,both_bounded,930,0,0,0,0,0.0,,,,,,,,,,
SPD,source_representative,0.25,plus__raw_gnina_own,all_determinate,930,373,0,6496,6496,4280.0,0.6497254243346011,0.6588669950738916,6833,1207,887,378,0.23543694408953125,0.23762651879428867,0.7372427217425552,0.8037661726128125
SPD,source_representative,0.25,plus__raw_gnina_own,both_exact,930,261,0,2235,2235,1409.0,0.6093335286821878,0.6304250559284116,,,,,,,,
SPD,source_representative,0.25,plus__raw_gnina_own,one_bounded,930,340,0,4261,4261,2871.0,0.669924064593505,0.6737854963623563,,,,,,,,
SPD,source_representative,0.25,plus__raw_gnina_own,both_bounded,930,0,0,0,0,0.0,,,,,,,,,,
SPD,source_representative,0.25,mean__raw_gnina_own,all_determinate,930,373,0,6496,6496,4202.0,0.6268068898103049,0.6468596059113301,6833,1207,887,378,0.23842919988586242,0.2413090680796187,0.7425290295778866,0.8083338122995944
SPD,source_representative,0.25,mean__raw_gnina_own,both_exact,930,261,0,2235,2235,1388.0,0.6119148057845375,0.6210290827740492,,,,,,,,
SPD,source_representative,0.25,mean__raw_gnina_own,one_bounded,930,340,0,4261,4261,2814.0,0.6469090767484315,0.6604083548462802,,,,,,,,
SPD,source_representative,0.25,mean__raw_gnina_own,both_bounded,930,0,0,0,0,0.0,,,,,,,,,,
SPD,source_representative,0.25,mean_relative__raw_gnina_own,all_determinate,930,373,0,6496,6496,4323.0,0.6441430147681768,0.6654864532019704,6833,1207,887,378,0.2355954069694837,0.23827590955076602,0.7400480923568444,0.8036557322563171
SPD,source_representative,0.25,mean_relative__raw_gnina_own,both_exact,930,261,0,2235,2235,1408.0,0.6001844756634028,0.6299776286353468,,,,,,,,
SPD,source_representative,0.25,mean_relative__raw_gnina_own,one_bounded,930,340,0,4261,4261,2915.0,0.6700103087258472,0.6841117108659939,,,,,,,,
SPD,source_representative,0.25,mean_relative__raw_gnina_own,both_bounded,930,0,0,0,0,0.0,,,,,,,,,,
SPD,source_representative,0.25,availability__vina,all_determinate,930,373,0,6496,6496,4371.0,0.6570706406998292,0.6728756157635468,6833,1207,887,378,0.2330297253172015,0.23582193355438733,0.7182168893415337,0.7839479793002317
SPD,source_representative,0.25,availability__vina,both_exact,930,261,0,2235,2235,1433.0,0.630128137790973,0.6411633109619687,,,,,,,,
SPD,source_representative,0.25,availability__vina,one_bounded,930,340,0,4261,4261,2938.0,0.6766080897572686,0.6895095048110772,,,,,,,,
SPD,source_representative,0.25,availability__vina,both_bounded,930,0,0,0,0,0.0,,,,,,,,,,
SPD,source_representative,0.25,plus__vina,all_determinate,930,373,0,6496,6496,4329.0,0.6513143452060621,0.6664100985221675,6833,1207,887,378,0.23457859458370517,0.23901271778731317,0.7448757650752514,0.8040075356636002
SPD,source_representative,0.25,plus__vina,both_exact,930,261,0,2235,2235,1424.0,0.631024438878845,0.6371364653243848,,,,,,,,
SPD,source_representative,0.25,plus__vina,one_bounded,930,340,0,4261,4261,2905.0,0.6683040314992155,0.681764843933349,,,,,,,,
SPD,source_representative,0.25,plus__vina,both_bounded,930,0,0,0,0,0.0,,,,,,,,,,
SPD,source_representative,0.25,mean__vina,all_determinate,930,373,0,6496,6496,4329.0,0.650885456984692,0.6664100985221675,6833,1207,887,378,0.2324236473650914,0.2365650415376103,0.7297473193363184,0.7880495604231844
SPD,source_representative,0.25,mean__vina,both_exact,930,261,0,2235,2235,1417.0,0.6045853536274992,0.6340044742729306,,,,,,,,
SPD,source_representative,0.25,mean__vina,one_bounded,930,340,0,4261,4261,2912.0,0.6692947200571979,0.6834076507862005,,,,,,,,
SPD,source_representative,0.25,mean__vina,both_bounded,930,0,0,0,0,0.0,,,,,,,,,,
SPD,source_representative,0.25,mean_relative__vina,all_determinate,930,373,0,6496,6496,4411.0,0.6695257954640408,0.6790332512315271,6833,1207,887,378,0.22751395762399984,0.23241887999632005,0.7247202093936843,0.7790191213224095
SPD,source_representative,0.25,mean_relative__vina,both_exact,930,261,0,2235,2235,1411.0,0.6092164115152621,0.6313199105145414,,,,,,,,
SPD,source_representative,0.25,mean_relative__vina,one_bounded,930,340,0,4261,4261,3000.0,0.6968957515873387,0.7040600797934757,,,,,,,,
SPD,source_representative,0.25,mean_relative__vina,both_bounded,930,0,0,0,0,0.0,,,,,,,,,,
SPD,source_representative,0.25,native__boltz_affinity,all_determinate,930,373,0,6496,6496,3863.0,0.5620658891389907,0.5946736453201971,,,,,,,,
SPD,source_representative,0.25,native__boltz_affinity,both_exact,930,261,0,2235,2235,1349.0,0.5827234210375972,0.603579418344519,,,,,,,,
SPD,source_representative,0.25,native__boltz_affinity,one_bounded,930,340,0,4261,4261,2514.0,0.5584008730119223,0.5900023468669326,,,,,,,,
SPD,source_representative,0.25,native__boltz_affinity,both_bounded,930,0,0,0,0,0.0,,,,,,,,,,
SPD,source_representative,0.25,native__boltz_binary,all_determinate,930,373,0,6496,6496,4428.0,0.6588247248321865,0.6816502463054187,,,,,,,,
SPD,source_representative,0.25,native__boltz_binary,both_exact,930,261,0,2235,2235,1467.0,0.6193682860349526,0.6563758389261745,,,,,,,,
SPD,source_representative,0.25,native__boltz_binary,one_bounded,930,340,0,4261,4261,2961.0,0.669977022623152,0.6949072987561605,,,,,,,,
SPD,source_representative,0.25,native__boltz_binary,both_bounded,930,0,0,0,0,0.0,,,,,,,,,,
SPD,source_representative,0.25,native__boltzina_vina_far_affinity,all_determinate,930,373,0,6496,6496,3812.0,0.5633429089572257,0.5868226600985221,,,,,,,,
SPD,source_representative,0.25,native__boltzina_vina_far_affinity,both_exact,930,261,0,2235,2235,1355.0,0.5747355879539788,0.6062639821029083,,,,,,,,
SPD,source_representative,0.25,native__boltzina_vina_far_affinity,one_bounded,930,340,0,4261,4261,2457.0,0.5609944838593803,0.5766252053508566,,,,,,,,
SPD,source_representative,0.25,native__boltzina_vina_far_affinity,both_bounded,930,0,0,0,0,0.0,,,,,,,,,,
SPD,source_representative,0.25,native__boltzina_vina_far_binary,all_determinate,930,373,0,6496,6496,4495.0,0.6701386313571764,0.6919642857142857,,,,,,,,
SPD,source_representative,0.25,native__boltzina_vina_far_binary,both_exact,930,261,0,2235,2235,1503.0,0.6373898628687901,0.6724832214765101,,,,,,,,
SPD,source_representative,0.25,native__boltzina_vina_far_binary,one_bounded,930,340,0,4261,4261,2992.0,0.6848865517360594,0.7021825862473597,,,,,,,,
SPD,source_representative,0.25,native__boltzina_vina_far_binary,both_bounded,930,0,0,0,0,0.0,,,,,,,,,,
SPD,source_representative,0.25,native__boltzina_vina_zero_affinity,all_determinate,930,373,0,6496,6496,3812.0,0.5633429089572257,0.5868226600985221,,,,,,,,
SPD,source_representative,0.25,native__boltzina_vina_zero_affinity,both_exact,930,261,0,2235,2235,1355.0,0.5747355879539788,0.6062639821029083,,,,,,,,
SPD,source_representative,0.25,native__boltzina_vina_zero_affinity,one_bounded,930,340,0,4261,4261,2457.0,0.5609944838593803,0.5766252053508566,,,,,,,,
SPD,source_representative,0.25,native__boltzina_vina_zero_affinity,both_bounded,930,0,0,0,0,0.0,,,,,,,,,,
SPD,source_representative,0.25,native__boltzina_vina_zero_binary,all_determinate,930,373,0,6496,6496,4495.0,0.6701386313571764,0.6919642857142857,,,,,,,,
SPD,source_representative,0.25,native__boltzina_vina_zero_binary,both_exact,930,261,0,2235,2235,1503.0,0.6373898628687901,0.6724832214765101,,,,,,,,
SPD,source_representative,0.25,native__boltzina_vina_zero_binary,one_bounded,930,340,0,4261,4261,2992.0,0.6848865517360594,0.7021825862473597,,,,,,,,
SPD,source_representative,0.25,native__boltzina_vina_zero_binary,both_bounded,930,0,0,0,0,0.0,,,,,,,,,,
SPD,source_representative,0.25,native__gnina,all_determinate,930,373,0,6496,6496,3918.0,0.6129066023803486,0.6031403940886699,,,,,,,,
SPD,source_representative,0.25,native__gnina,both_exact,930,261,0,2235,2235,1317.0,0.5876546895703983,0.5892617449664429,,,,,,,,
SPD,source_representative,0.25,native__gnina,one_bounded,930,340,0,4261,4261,2601.0,0.6096930109173158,0.6104200891809435,,,,,,,,
SPD,source_representative,0.25,native__gnina,both_bounded,930,0,0,0,0,0.0,,,,,,,,,,
SPD,source_representative,0.25,native__nesso_affinity,all_determinate,930,373,0,6496,6496,3788.0,0.55521162589458,0.583128078817734,,,,,,,,
SPD,source_representative,0.25,native__nesso_affinity,both_exact,930,261,0,2235,2235,1283.0,0.5424660765656935,0.5740492170022371,,,,,,,,
SPD,source_representative,0.25,native__nesso_affinity,one_bounded,930,340,0,4261,4261,2505.0,0.5676277551262378,0.5878901666275522,,,,,,,,
SPD,source_representative,0.25,native__nesso_affinity,both_bounded,930,0,0,0,0,0.0,,,,,,,,,,
SPD,source_representative,0.25,native__nesso_binary,all_determinate,930,373,0,6496,6496,4183.0,0.6190976568175237,0.6439347290640394,,,,,,,,
SPD,source_representative,0.25,native__nesso_binary,both_exact,930,261,0,2235,2235,1338.0,0.5881406659184437,0.5986577181208054,,,,,,,,
SPD,source_representative,0.25,native__nesso_binary,one_bounded,930,340,0,4261,4261,2845.0,0.6501608491366812,0.6676836423374795,,,,,,,,
SPD,source_representative,0.25,native__nesso_binary,both_bounded,930,0,0,0,0,0.0,,,,,,,,,,
SPD,source_representative,0.25,native__raw_ad4,all_determinate,930,373,0,6496,6496,3602.0,0.5432162975080075,0.5544950738916257,,,,,,,,
SPD,source_representative,0.25,native__raw_ad4,both_exact,930,261,0,2235,2235,1179.5,0.5072764683875794,0.5277404921700224,,,,,,,,
SPD,source_representative,0.25,native__raw_ad4,one_bounded,930,340,0,4261,4261,2422.5,0.5596458954862389,0.5685285144332316,,,,,,,,
SPD,source_representative,0.25,native__raw_ad4,both_bounded,930,0,0,0,0,0.0,,,,,,,,,,
SPD,source_representative,0.25,native__raw_gnina_own,all_determinate,930,373,0,6496,6496,3885.0,0.62776057059596,0.5980603448275862,,,,,,,,
SPD,source_representative,0.25,native__raw_gnina_own,both_exact,930,261,0,2235,2235,1339.0,0.6045267489711934,0.5991051454138703,,,,,,,,
SPD,source_representative,0.25,native__raw_gnina_own,one_bounded,930,340,0,4261,4261,2546.0,0.620668381156207,0.5975123210513964,,,,,,,,
SPD,source_representative,0.25,native__raw_gnina_own,both_bounded,930,0,0,0,0,0.0,,,,,,,,,,
SPD,source_representative,0.25,native__vina,all_determinate,930,373,0,6496,6496,3903.5,0.5804399141812819,0.6009082512315271,,,,,,,,
SPD,source_representative,0.25,native__vina,both_exact,930,261,0,2235,2235,1163.0,0.4954656490097103,0.5203579418344519,,,,,,,,
SPD,source_representative,0.25,native__vina,one_bounded,930,340,0,4261,4261,2740.5,0.6211274507583027,0.64315888289134,,,,,,,,
SPD,source_representative,0.25,native__vina,both_bounded,930,0,0,0,0,0.0,,,,,,,,,,
SPD,source_representative,0.5,target_prior,all_determinate,930,373,0,6496,6496,4213.0,0.6054735098898008,0.6485529556650246,6833,1207,887,378,0.29562566888811526,0.29167502205723883,0.7898911078789035,0.8876648915985514
SPD,source_representative,0.5,target_prior,both_exact,930,261,0,2235,2235,1377.0,0.6008996183325684,0.6161073825503356,,,,,,,,
SPD,source_representative,0.5,target_prior,one_bounded,930,340,0,4261,4261,2836.0,0.626607982101518,0.665571462098099,,,,,,,,
SPD,source_representative,0.5,target_prior,both_bounded,930,0,0,0,0,0.0,,,,,,,,,,
SPD,source_representative,0.5,chemistry,all_determinate,930,373,0,6496,6496,4603.0,0.6916130195058066,0.7085899014778325,6833,1207,887,378,0.22407046893137075,0.2258949701882799,0.6728694541377628,0.7243165314992802
SPD,source_representative,0.5,chemistry,both_exact,930,261,0,2235,2235,1472.0,0.6341212710944512,0.6586129753914989,,,,,,,,
SPD,source_representative,0.5,chemistry,one_bounded,930,340,0,4261,4261,3131.0,0.7231162097996255,0.7348040366111241,,,,,,,,
SPD,source_representative,0.5,chemistry,both_bounded,930,0,0,0,0,0.0,,,,,,,,,,
SPD,source_representative,0.5,availability__boltz_affinity,all_determinate,930,373,0,6496,6496,4603.0,0.6916130195058066,0.7085899014778325,6833,1207,887,378,0.2240778295786907,0.2258983207568822,0.6728631903472182,0.7243102071782495
SPD,source_representative,0.5,availability__boltz_affinity,both_exact,930,261,0,2235,2235,1472.0,0.6341212710944512,0.6586129753914989,,,,,,,,
SPD,source_representative,0.5,availability__boltz_affinity,one_bounded,930,340,0,4261,4261,3131.0,0.7231162097996255,0.7348040366111241,,,,,,,,
SPD,source_representative,0.5,availability__boltz_affinity,both_bounded,930,0,0,0,0,0.0,,,,,,,,,,
SPD,source_representative,0.5,plus__boltz_affinity,all_determinate,930,373,0,6496,6496,4730.0,0.7028401742729701,0.7281403940886699,6833,1207,887,378,0.19712551651948373,0.19662714757528235,0.6762476551208765,0.6638985306241777
SPD,source_representative,0.5,plus__boltz_affinity,both_exact,930,261,0,2235,2235,1540.0,0.6513036771657462,0.6890380313199105,,,,,,,,
SPD,source_representative,0.5,plus__boltz_affinity,one_bounded,930,340,0,4261,4261,3190.0,0.7236577476037749,0.7486505515137292,,,,,,,,
SPD,source_representative,0.5,plus__boltz_affinity,both_bounded,930,0,0,0,0,0.0,,,,,,,,,,
SPD,source_representative,0.5,mean__boltz_affinity,all_determinate,930,373,0,6496,6496,4510.0,0.6699885366443189,0.6942733990147784,6833,1207,887,378,0.21178348663345128,0.21279667735720154,0.7031487383955602,0.7218444634190637
SPD,source_representative,0.5,mean__boltz_affinity,both_exact,930,261,0,2235,2235,1464.0,0.6209516253577556,0.6550335570469799,,,,,,,,
SPD,source_representative,0.5,mean__boltz_affinity,one_bounded,930,340,0,4261,4261,3046.0,0.7003941646727133,0.7148556676836424,,,,,,,,
SPD,source_representative,0.5,mean__boltz_affinity,both_bounded,930,0,0,0,0,0.0,,,,,,,,,,
SPD,source_representative,0.5,mean_relative__boltz_affinity,all_determinate,930,373,0,6496,6496,4764.0,0.7008968565997469,0.7333743842364532,6833,1207,887,378,0.19598837461474197,0.19573196004484109,0.6785056004304885,0.6648765766692163
SPD,source_representative,0.5,mean_relative__boltz_affinity,both_exact,930,261,0,2235,2235,1556.0,0.6583471091133927,0.6961968680089485,,,,,,,,
SPD,source_representative,0.5,mean_relative__boltz_affinity,one_bounded,930,340,0,4261,4261,3208.0,0.7237173666811503,0.75287491199249,,,,,,,,
SPD,source_representative,0.5,mean_relative__boltz_affinity,both_bounded,930,0,0,0,0,0.0,,,,,,,,,,
SPD,source_representative,0.5,availability__boltz_binary,all_determinate,930,373,0,6496,6496,4603.0,0.6916130195058066,0.7085899014778325,6833,1207,887,378,0.2240778295786907,0.2258983207568822,0.6728631903472182,0.7243102071782495
SPD,source_representative,0.5,availability__boltz_binary,both_exact,930,261,0,2235,2235,1472.0,0.6341212710944512,0.6586129753914989,,,,,,,,
SPD,source_representative,0.5,availability__boltz_binary,one_bounded,930,340,0,4261,4261,3131.0,0.7231162097996255,0.7348040366111241,,,,,,,,
SPD,source_representative,0.5,availability__boltz_binary,both_bounded,930,0,0,0,0,0.0,,,,,,,,,,
SPD,source_representative,0.5,plus__boltz_binary,all_determinate,930,373,0,6496,6496,4736.0,0.7157912934945636,0.729064039408867,6833,1207,887,378,0.1968387840392638,0.19734463518800585,0.6495875203611411,0.6655410889803864
SPD,source_representative,0.5,plus__boltz_binary,both_exact,930,261,0,2235,2235,1522.0,0.6258077951564541,0.6809843400447427,,,,,,,,
SPD,source_representative,0.5,plus__boltz_binary,one_bounded,930,340,0,4261,4261,3214.0,0.7490393474855578,0.7542830321520769,,,,,,,,
SPD,source_representative,0.5,plus__boltz_binary,both_bounded,930,0,0,0,0,0.0,,,,,,,,,,
SPD,source_representative,0.5,mean__boltz_binary,all_determinate,930,373,0,6496,6496,4613.0,0.7006685829331749,0.7101293103448276,6833,1207,887,378,0.19794553191232503,0.19899512756727622,0.6576204663005285,0.6660941619869338
SPD,source_representative,0.5,mean__boltz_binary,both_exact,930,261,0,2235,2235,1488.0,0.637922372788273,0.6657718120805369,,,,,,,,
SPD,source_representative,0.5,mean__boltz_binary,one_bounded,930,340,0,4261,4261,3125.0,0.7295959168678865,0.7333959164515372,,,,,,,,
SPD,source_representative,0.5,mean__boltz_binary,both_bounded,930,0,0,0,0,0.0,,,,,,,,,,
SPD,source_representative,0.5,mean_relative__boltz_binary,all_determinate,930,373,0,6496,6496,4691.0,0.7146813455054752,0.7221366995073891,6833,1207,887,378,0.2011942880616979,0.20109737756468643,0.6584401907140263,0.6783876024880053
SPD,source_representative,0.5,mean_relative__boltz_binary,both_exact,930,261,0,2235,2235,1483.0,0.6299431092534541,0.6635346756152125,,,,,,,,
SPD,source_representative,0.5,mean_relative__boltz_binary,one_bounded,930,340,0,4261,4261,3208.0,0.748586730085002,0.75287491199249,,,,,,,,
SPD,source_representative,0.5,mean_relative__boltz_binary,both_bounded,930,0,0,0,0,0.0,,,,,,,,,,
SPD,source_representative,0.5,availability__boltzina_vina_far_affinity,all_determinate,930,373,0,6496,6496,4604.0,0.6889382386582638,0.708743842364532,6833,1207,887,378,0.22419246805826692,0.2259791039396957,0.6729054935036813,0.7242956837676752
SPD,source_representative,0.5,availability__boltzina_vina_far_affinity,both_exact,930,261,0,2235,2235,1474.0,0.6319045223259783,0.6595078299776287,,,,,,,,
SPD,source_representative,0.5,availability__boltzina_vina_far_affinity,one_bounded,930,340,0,4261,4261,3130.0,0.7214741024684816,0.7345693499178596,,,,,,,,
SPD,source_representative,0.5,availability__boltzina_vina_far_affinity,both_bounded,930,0,0,0,0,0.0,,,,,,,,,,
SPD,source_representative,0.5,plus__boltzina_vina_far_affinity,all_determinate,930,373,0,6496,6496,4728.0,0.6972032474844481,0.7278325123152709,6833,1207,887,378,0.1965480399693209,0.1969310798774897,0.6792777794201382,0.665459638790187
SPD,source_representative,0.5,plus__boltzina_vina_far_affinity,both_exact,930,261,0,2235,2235,1579.0,0.674074074074074,0.7064876957494407,,,,,,,,
SPD,source_representative,0.5,plus__boltzina_vina_far_affinity,one_bounded,930,340,0,4261,4261,3149.0,0.7127731870799183,0.739028397089885,,,,,,,,
SPD,source_representative,0.5,plus__boltzina_vina_far_affinity,both_bounded,930,0,0,0,0,0.0,,,,,,,,,,
SPD,source_representative,0.5,mean__boltzina_vina_far_affinity,all_determinate,930,373,0,6496,6496,4569.0,0.6846533662043536,0.7033559113300493,6833,1207,887,378,0.20322366717345366,0.20386002957512425,0.6865056726924276,0.6864195682366842
SPD,source_representative,0.5,mean__boltzina_vina_far_affinity,both_exact,930,261,0,2235,2235,1493.0,0.6330814070277672,0.6680089485458613,,,,,,,,
SPD,source_representative,0.5,mean__boltzina_vina_far_affinity,one_bounded,930,340,0,4261,4261,3076.0,0.7116610548173125,0.7218962684815771,,,,,,,,
SPD,source_representative,0.5,mean__boltzina_vina_far_affinity,both_bounded,930,0,0,0,0,0.0,,,,,,,,,,
SPD,source_representative,0.5,mean_relative__boltzina_vina_far_affinity,all_determinate,930,373,0,6496,6496,4795.0,0.702699495767996,0.7381465517241379,6833,1207,887,378,0.19520201386331332,0.1952829617585826,0.6760367589481024,0.6621970296674039
SPD,source_representative,0.5,mean_relative__boltzina_vina_far_affinity,both_exact,930,261,0,2235,2235,1586.0,0.6672898479411888,0.7096196868008948,,,,,,,,
SPD,source_representative,0.5,mean_relative__boltzina_vina_far_affinity,one_bounded,930,340,0,4261,4261,3209.0,0.7208054639983498,0.7531095986857546,,,,,,,,
SPD,source_representative,0.5,mean_relative__boltzina_vina_far_affinity,both_bounded,930,0,0,0,0,0.0,,,,,,,,,,
SPD,source_representative,0.5,availability__boltzina_vina_far_binary,all_determinate,930,373,0,6496,6496,4604.0,0.6889382386582638,0.708743842364532,6833,1207,887,378,0.22419246805826692,0.2259791039396957,0.6729054935036813,0.7242956837676752
SPD,source_representative,0.5,availability__boltzina_vina_far_binary,both_exact,930,261,0,2235,2235,1474.0,0.6319045223259783,0.6595078299776287,,,,,,,,
SPD,source_representative,0.5,availability__boltzina_vina_far_binary,one_bounded,930,340,0,4261,4261,3130.0,0.7214741024684816,0.7345693499178596,,,,,,,,
SPD,source_representative,0.5,availability__boltzina_vina_far_binary,both_bounded,930,0,0,0,0,0.0,,,,,,,,,,
SPD,source_representative,0.5,plus__boltzina_vina_far_binary,all_determinate,930,373,0,6496,6496,4714.0,0.7085170318263062,0.7256773399014779,6833,1207,887,378,0.20246672086862552,0.2014824694822563,0.6453197359182783,0.6663824659635107
SPD,source_representative,0.5,plus__boltzina_vina_far_binary,both_exact,930,261,0,2235,2235,1516.0,0.6343864663788035,0.6782997762863535,,,,,,,,
SPD,source_representative,0.5,plus__boltzina_vina_far_binary,one_bounded,930,340,0,4261,4261,3198.0,0.7382310949264858,0.7505280450598452,,,,,,,,
SPD,source_representative,0.5,plus__boltzina_vina_far_binary,both_bounded,930,0,0,0,0,0.0,,,,,,,,,,
SPD,source_representative,0.5,mean__boltzina_vina_far_binary,all_determinate,930,373,0,6496,6496,4561.0,0.6866356606494993,0.7021243842364532,6833,1207,887,378,0.20429151457537884,0.2037925508331016,0.6635562620218584,0.6746299900014652
SPD,source_representative,0.5,mean__boltzina_vina_far_binary,both_exact,930,261,0,2235,2235,1471.0,0.6213295148161049,0.658165548098434,,,,,,,,
SPD,source_representative,0.5,mean__boltzina_vina_far_binary,one_bounded,930,340,0,4261,4261,3090.0,0.7166232329116841,0.72518188218728,,,,,,,,
SPD,source_representative,0.5,mean__boltzina_vina_far_binary,both_bounded,930,0,0,0,0,0.0,,,,,,,,,,
SPD,source_representative,0.5,mean_relative__boltzina_vina_far_binary,all_determinate,930,373,0,6496,6496,4658.0,0.6950610980500596,0.7170566502463054,6833,1207,887,378,0.20031442154421053,0.19972709476600284,0.6571904986641822,0.6780131814306511
SPD,source_representative,0.5,mean_relative__boltzina_vina_far_binary,both_exact,930,261,0,2235,2235,1494.0,0.6177127044943137,0.6684563758389261,,,,,,,,
SPD,source_representative,0.5,mean_relative__boltzina_vina_far_binary,one_bounded,930,340,0,4261,4261,3164.0,0.7240012544569092,0.7425486974888523,,,,,,,,
SPD,source_representative,0.5,mean_relative__boltzina_vina_far_binary,both_bounded,930,0,0,0,0,0.0,,,,,,,,,,
SPD,source_representative,0.5,availability__boltzina_vina_zero_affinity,all_determinate,930,373,0,6496,6496,4604.0,0.6889382386582638,0.708743842364532,6833,1207,887,378,0.22419246805826692,0.2259791039396957,0.6729054935036813,0.7242956837676752
SPD,source_representative,0.5,availability__boltzina_vina_zero_affinity,both_exact,930,261,0,2235,2235,1474.0,0.6319045223259783,0.6595078299776287,,,,,,,,
SPD,source_representative,0.5,availability__boltzina_vina_zero_affinity,one_bounded,930,340,0,4261,4261,3130.0,0.7214741024684816,0.7345693499178596,,,,,,,,
SPD,source_representative,0.5,availability__boltzina_vina_zero_affinity,both_bounded,930,0,0,0,0,0.0,,,,,,,,,,
SPD,source_representative,0.5,plus__boltzina_vina_zero_affinity,all_determinate,930,373,0,6496,6496,4729.0,0.6973149543655918,0.7279864532019704,6833,1207,887,378,0.19654789438221373,0.19693053032778737,0.6792708795632244,0.6654530413484399
SPD,source_representative,0.5,plus__boltzina_vina_zero_affinity,both_exact,930,261,0,2235,2235,1579.0,0.674074074074074,0.7064876957494407,,,,,,,,
SPD,source_representative,0.5,plus__boltzina_vina_zero_affinity,one_bounded,930,340,0,4261,4261,3150.0,0.7129132431023272,0.7392630837831495,,,,,,,,
SPD,source_representative,0.5,plus__boltzina_vina_zero_affinity,both_bounded,930,0,0,0,0,0.0,,,,,,,,,,
SPD,source_representative,0.5,mean__boltzina_vina_zero_affinity,all_determinate,930,373,0,6496,6496,4569.0,0.6846533662043536,0.7033559113300493,6833,1207,887,378,0.2032237321620894,0.20386025573929137,0.6865110470199298,0.6864219106955198
SPD,source_representative,0.5,mean__boltzina_vina_zero_affinity,both_exact,930,261,0,2235,2235,1493.0,0.6330814070277672,0.6680089485458613,,,,,,,,
SPD,source_representative,0.5,mean__boltzina_vina_zero_affinity,one_bounded,930,340,0,4261,4261,3076.0,0.7116610548173125,0.7218962684815771,,,,,,,,
SPD,source_representative,0.5,mean__boltzina_vina_zero_affinity,both_bounded,930,0,0,0,0,0.0,,,,,,,,,,
SPD,source_representative,0.5,mean_relative__boltzina_vina_zero_affinity,all_determinate,930,373,0,6496,6496,4795.0,0.702699495767996,0.7381465517241379,6833,1207,887,378,0.19520154315397173,0.19528210258117304,0.676041517440033,0.6621976516258341
SPD,source_representative,0.5,mean_relative__boltzina_vina_zero_affinity,both_exact,930,261,0,2235,2235,1586.0,0.6672898479411888,0.7096196868008948,,,,,,,,
SPD,source_representative,0.5,mean_relative__boltzina_vina_zero_affinity,one_bounded,930,340,0,4261,4261,3209.0,0.7208054639983498,0.7531095986857546,,,,,,,,
SPD,source_representative,0.5,mean_relative__boltzina_vina_zero_affinity,both_bounded,930,0,0,0,0,0.0,,,,,,,,,,
SPD,source_representative,0.5,availability__boltzina_vina_zero_binary,all_determinate,930,373,0,6496,6496,4604.0,0.6889382386582638,0.708743842364532,6833,1207,887,378,0.22419246805826692,0.2259791039396957,0.6729054935036813,0.7242956837676752
SPD,source_representative,0.5,availability__boltzina_vina_zero_binary,both_exact,930,261,0,2235,2235,1474.0,0.6319045223259783,0.6595078299776287,,,,,,,,
SPD,source_representative,0.5,availability__boltzina_vina_zero_binary,one_bounded,930,340,0,4261,4261,3130.0,0.7214741024684816,0.7345693499178596,,,,,,,,
SPD,source_representative,0.5,availability__boltzina_vina_zero_binary,both_bounded,930,0,0,0,0,0.0,,,,,,,,,,
SPD,source_representative,0.5,plus__boltzina_vina_zero_binary,all_determinate,930,373,0,6496,6496,4715.0,0.708665974334498,0.7258312807881774,6833,1207,887,378,0.2024675947301066,0.2014832057487309,0.6453199964023799,0.6663831971605035
SPD,source_representative,0.5,plus__boltzina_vina_zero_binary,both_exact,930,261,0,2235,2235,1516.0,0.6343864663788035,0.6782997762863535,,,,,,,,
SPD,source_representative,0.5,plus__boltzina_vina_zero_binary,one_bounded,930,340,0,4261,4261,3199.0,0.7384271733578583,0.7507627317531096,,,,,,,,
SPD,source_representative,0.5,plus__boltzina_vina_zero_binary,both_bounded,930,0,0,0,0,0.0,,,,,,,,,,
SPD,source_representative,0.5,mean__boltzina_vina_zero_binary,all_determinate,930,373,0,6496,6496,4561.0,0.6866356606494993,0.7021243842364532,6833,1207,887,378,0.20429044151913825,0.20379135233167517,0.6635579763643766,0.6746314692363606
SPD,source_representative,0.5,mean__boltzina_vina_zero_binary,both_exact,930,261,0,2235,2235,1471.0,0.6213295148161049,0.658165548098434,,,,,,,,
SPD,source_representative,0.5,mean__boltzina_vina_zero_binary,one_bounded,930,340,0,4261,4261,3090.0,0.7166232329116841,0.72518188218728,,,,,,,,
SPD,source_representative,0.5,mean__boltzina_vina_zero_binary,both_bounded,930,0,0,0,0,0.0,,,,,,,,,,
SPD,source_representative,0.5,mean_relative__boltzina_vina_zero_binary,all_determinate,930,373,0,6496,6496,4658.0,0.6950610980500596,0.7170566502463054,6833,1207,887,378,0.2003160503667404,0.19972856607710276,0.6572099373614384,0.6780227210721829
SPD,source_representative,0.5,mean_relative__boltzina_vina_zero_binary,both_exact,930,261,0,2235,2235,1494.0,0.6177127044943137,0.6684563758389261,,,,,,,,
SPD,source_representative,0.5,mean_relative__boltzina_vina_zero_binary,one_bounded,930,340,0,4261,4261,3164.0,0.7240012544569092,0.7425486974888523,,,,,,,,
SPD,source_representative,0.5,mean_relative__boltzina_vina_zero_binary,both_bounded,930,0,0,0,0,0.0,,,,,,,,,,
SPD,source_representative,0.5,availability__gnina,all_determinate,930,373,0,6496,6496,4599.0,0.690310472346354,0.7079741379310345,6833,1207,887,378,0.22381840538852396,0.22573463833542223,0.673280696901941,0.7247445445043154
SPD,source_representative,0.5,availability__gnina,both_exact,930,261,0,2235,2235,1472.0,0.630271608624099,0.6586129753914989,,,,,,,,
SPD,source_representative,0.5,availability__gnina,one_bounded,930,340,0,4261,4261,3127.0,0.7214399314451464,0.7338652898380662,,,,,,,,
SPD,source_representative,0.5,availability__gnina,both_bounded,930,0,0,0,0,0.0,,,,,,,,,,
SPD,source_representative,0.5,plus__gnina,all_determinate,930,373,0,6496,6496,4669.0,0.700190397356195,0.71875,6833,1207,887,378,0.21158950431730247,0.21276770025082745,0.6744949988041766,0.7038964416009924
SPD,source_representative,0.5,plus__gnina,both_exact,930,261,0,2235,2235,1534.0,0.6497184027835368,0.6863534675615213,,,,,,,,
SPD,source_representative,0.5,plus__gnina,one_bounded,930,340,0,4261,4261,3135.0,0.7226204373553919,0.7357427833841821,,,,,,,,
SPD,source_representative,0.5,plus__gnina,both_bounded,930,0,0,0,0,0.0,,,,,,,,,,
SPD,source_representative,0.5,mean__gnina,all_determinate,930,373,0,6496,6496,4546.0,0.6770238826520082,0.6998152709359606,6833,1207,887,378,0.2223407207826868,0.22356951844928022,0.6898605197104337,0.7323757864792493
SPD,source_representative,0.5,mean__gnina,both_exact,930,261,0,2235,2235,1471.0,0.6409540580038664,0.658165548098434,,,,,,,,
SPD,source_representative,0.5,mean__gnina,one_bounded,930,340,0,4261,4261,3075.0,0.7024996627260797,0.7216615817883126,,,,,,,,
SPD,source_representative,0.5,mean__gnina,both_bounded,930,0,0,0,0,0.0,,,,,,,,,,
SPD,source_representative,0.5,mean_relative__gnina,all_determinate,930,373,0,6496,6496,4687.0,0.697136033331186,0.7215209359605911,6833,1207,887,378,0.2116903538598935,0.21290054548875162,0.6819785091829849,0.7079561864668631
SPD,source_representative,0.5,mean_relative__gnina,both_exact,930,261,0,2235,2235,1517.0,0.6417220922968049,0.6787472035794183,,,,,,,,
SPD,source_representative,0.5,mean_relative__gnina,one_bounded,930,340,0,4261,4261,3170.0,0.7260477678104041,0.7439568176484394,,,,,,,,
SPD,source_representative,0.5,mean_relative__gnina,both_bounded,930,0,0,0,0,0.0,,,,,,,,,,
SPD,source_representative,0.5,availability__nesso_affinity,all_determinate,930,373,0,6496,6496,4599.0,0.690310472346354,0.7079741379310345,6833,1207,887,378,0.22381840538852396,0.22573463833542223,0.673280696901941,0.7247445445043154
SPD,source_representative,0.5,availability__nesso_affinity,both_exact,930,261,0,2235,2235,1472.0,0.630271608624099,0.6586129753914989,,,,,,,,
SPD,source_representative,0.5,availability__nesso_affinity,one_bounded,930,340,0,4261,4261,3127.0,0.7214399314451464,0.7338652898380662,,,,,,,,
SPD,source_representative,0.5,availability__nesso_affinity,both_bounded,930,0,0,0,0,0.0,,,,,,,,,,
SPD,source_representative,0.5,plus__nesso_affinity,all_determinate,930,373,0,6496,6496,4772.0,0.7163046685919814,0.7346059113300493,6833,1207,887,378,0.19477875422154292,0.19537129509500734,0.6584400773498214,0.6649085213497209
SPD,source_representative,0.5,plus__nesso_affinity,both_exact,930,261,0,2235,2235,1560.0,0.657697850609728,0.697986577181208,,,,,,,,
SPD,source_representative,0.5,plus__nesso_affinity,one_bounded,930,340,0,4261,4261,3212.0,0.7448823082408306,0.753813658765548,,,,,,,,
SPD,source_representative,0.5,plus__nesso_affinity,both_bounded,930,0,0,0,0,0.0,,,,,,,,,,
SPD,source_representative,0.5,mean__nesso_affinity,all_determinate,930,373,0,6496,6496,4560.0,0.6860891592774325,0.7019704433497537,6833,1207,887,378,0.2083885163409971,0.2101586231620012,0.6727814546141769,0.6931026232297722
SPD,source_representative,0.5,mean__nesso_affinity,both_exact,930,261,0,2235,2235,1496.0,0.6257862330659265,0.669351230425056,,,,,,,,
SPD,source_representative,0.5,mean__nesso_affinity,one_bounded,930,340,0,4261,4261,3064.0,0.7125475893461927,0.7190800281624032,,,,,,,,
SPD,source_representative,0.5,mean__nesso_affinity,both_bounded,930,0,0,0,0,0.0,,,,,,,,,,
SPD,source_representative,0.5,mean_relative__nesso_affinity,all_determinate,930,373,0,6496,6496,4820.0,0.7120132128709706,0.7419950738916257,6833,1207,887,378,0.19504860103482038,0.19517756519862345,0.656499733354172,0.6640884481882232
SPD,source_representative,0.5,mean_relative__nesso_affinity,both_exact,930,261,0,2235,2235,1568.0,0.6609564906499772,0.7015659955257271,,,,,,,,
SPD,source_representative,0.5,mean_relative__nesso_affinity,one_bounded,930,340,0,4261,4261,3252.0,0.7406712420661186,0.7632011264961277,,,,,,,,
SPD,source_representative,0.5,mean_relative__nesso_affinity,both_bounded,930,0,0,0,0,0.0,,,,,,,,,,
SPD,source_representative,0.5,availability__nesso_binary,all_determinate,930,373,0,6496,6496,4599.0,0.690310472346354,0.7079741379310345,6833,1207,887,378,0.22381840538852396,0.22573463833542223,0.673280696901941,0.7247445445043154
SPD,source_representative,0.5,availability__nesso_binary,both_exact,930,261,0,2235,2235,1472.0,0.630271608624099,0.6586129753914989,,,,,,,,
SPD,source_representative,0.5,availability__nesso_binary,one_bounded,930,340,0,4261,4261,3127.0,0.7214399314451464,0.7338652898380662,,,,,,,,
SPD,source_representative,0.5,availability__nesso_binary,both_bounded,930,0,0,0,0,0.0,,,,,,,,,,
SPD,source_representative,0.5,plus__nesso_binary,all_determinate,930,373,0,6496,6496,4652.0,0.70470311652783,0.7161330049261084,6833,1207,887,378,0.20641941781526787,0.20693544683972206,0.6747914600835738,0.6909122367405804
SPD,source_representative,0.5,plus__nesso_binary,both_exact,930,261,0,2235,2235,1493.0,0.6320933288366238,0.6680089485458613,,,,,,,,
SPD,source_representative,0.5,plus__nesso_binary,one_bounded,930,340,0,4261,4261,3159.0,0.7358239592370472,0.74137526402253,,,,,,,,
SPD,source_representative,0.5,plus__nesso_binary,both_bounded,930,0,0,0,0,0.0,,,,,,,,,,
SPD,source_representative,0.5,mean__nesso_binary,all_determinate,930,373,0,6496,6496,4538.0,0.6802612532698158,0.6985837438423645,6833,1207,887,378,0.20556967612781452,0.20715731272363494,0.676546512959016,0.6862330204398509
SPD,source_representative,0.5,mean__nesso_binary,both_exact,930,261,0,2235,2235,1443.0,0.6091309003186397,0.6456375838926175,,,,,,,,
SPD,source_representative,0.5,mean__nesso_binary,one_bounded,930,340,0,4261,4261,3095.0,0.7119347021852951,0.7263553156536025,,,,,,,,
SPD,source_representative,0.5,mean__nesso_binary,both_bounded,930,0,0,0,0,0.0,,,,,,,,,,
SPD,source_representative,0.5,mean_relative__nesso_binary,all_determinate,930,373,0,6496,6496,4647.0,0.6973479423492431,0.7153633004926109,6833,1207,887,378,0.20615804647658278,0.2063426150438555,0.688742843827603,0.6974207901756997
SPD,source_representative,0.5,mean_relative__nesso_binary,both_exact,930,261,0,2235,2235,1478.0,0.6272503358710256,0.6612975391498881,,,,,,,,
SPD,source_representative,0.5,mean_relative__nesso_binary,one_bounded,930,340,0,4261,4261,3169.0,0.7327483683346013,0.7437221309551748,,,,,,,,
SPD,source_representative,0.5,mean_relative__nesso_binary,both_bounded,930,0,0,0,0,0.0,,,,,,,,,,
SPD,source_representative,0.5,availability__raw_ad4,all_determinate,930,373,0,6496,6496,4599.0,0.690310472346354,0.7079741379310345,6833,1207,887,378,0.22381840538852396,0.22573463833542223,0.673280696901941,0.7247445445043154
SPD,source_representative,0.5,availability__raw_ad4,both_exact,930,261,0,2235,2235,1472.0,0.630271608624099,0.6586129753914989,,,,,,,,
SPD,source_representative,0.5,availability__raw_ad4,one_bounded,930,340,0,4261,4261,3127.0,0.7214399314451464,0.7338652898380662,,,,,,,,
SPD,source_representative,0.5,availability__raw_ad4,both_bounded,930,0,0,0,0,0.0,,,,,,,,,,
SPD,source_representative,0.5,plus__raw_ad4,all_determinate,930,373,0,6496,6496,4669.0,0.707846969270122,0.71875,6833,1207,887,378,0.2147235995568176,0.21716005869257365,0.6613594867409046,0.7009223852462994
SPD,source_representative,0.5,plus__raw_ad4,both_exact,930,261,0,2235,2235,1503.0,0.6587325545179951,0.6724832214765101,,,,,,,,
SPD,source_representative,0.5,plus__raw_ad4,one_bounded,930,340,0,4261,4261,3166.0,0.7371255719924016,0.7430180708753814,,,,,,,,
SPD,source_representative,0.5,plus__raw_ad4,both_bounded,930,0,0,0,0,0.0,,,,,,,,,,
SPD,source_representative,0.5,mean__raw_ad4,all_determinate,930,373,0,6496,6496,4642.0,0.7016994820428237,0.7145935960591133,6833,1207,887,378,0.2152102817785823,0.21783553050388152,0.6643442279127347,0.7023733816369446
SPD,source_representative,0.5,mean__raw_ad4,both_exact,930,261,0,2235,2235,1500.0,0.6456692449029614,0.6711409395973155,,,,,,,,
SPD,source_representative,0.5,mean__raw_ad4,one_bounded,930,340,0,4261,4261,3142.0,0.7300009824487171,0.7373855902370335,,,,,,,,
SPD,source_representative,0.5,mean__raw_ad4,both_bounded,930,0,0,0,0,0.0,,,,,,,,,,
SPD,source_representative,0.5,mean_relative__raw_ad4,all_determinate,930,373,0,6496,6496,4662.0,0.7048144032904611,0.7176724137931034,6833,1207,887,378,0.21842575639678846,0.22190044176134383,0.6638258381763293,0.7017487951343602
SPD,source_representative,0.5,mean_relative__raw_ad4,both_exact,930,261,0,2235,2235,1500.0,0.6506318429690077,0.6711409395973155,,,,,,,,
SPD,source_representative,0.5,mean_relative__raw_ad4,one_bounded,930,340,0,4261,4261,3162.0,0.7356195971425685,0.7420793241023234,,,,,,,,
SPD,source_representative,0.5,mean_relative__raw_ad4,both_bounded,930,0,0,0,0,0.0,,,,,,,,,,
SPD,source_representative,0.5,availability__raw_gnina_own,all_determinate,930,373,0,6496,6496,4598.0,0.6894168172972029,0.707820197044335,6833,1207,887,378,0.22383510312853738,0.22574792246869627,0.6732652592807975,0.7247296412097346
SPD,source_representative,0.5,availability__raw_gnina_own,both_exact,930,261,0,2235,2235,1472.0,0.630271608624099,0.6586129753914989,,,,,,,,
SPD,source_representative,0.5,availability__raw_gnina_own,one_bounded,930,340,0,4261,4261,3126.0,0.7204595392882838,0.7336306031448017,,,,,,,,
SPD,source_representative,0.5,availability__raw_gnina_own,both_bounded,930,0,0,0,0,0.0,,,,,,,,,,
SPD,source_representative,0.5,plus__raw_gnina_own,all_determinate,930,373,0,6496,6496,4596.0,0.6911204484554664,0.7075123152709359,6833,1207,887,378,0.22164266718474507,0.2230936248931338,0.6917664534731881,0.7372852922118523
SPD,source_representative,0.5,plus__raw_gnina_own,both_exact,930,261,0,2235,2235,1478.0,0.6193500411891216,0.6612975391498881,,,,,,,,
SPD,source_representative,0.5,plus__raw_gnina_own,one_bounded,930,340,0,4261,4261,3118.0,0.7218630211452597,0.7317531095986858,,,,,,,,
SPD,source_representative,0.5,plus__raw_gnina_own,both_bounded,930,0,0,0,0,0.0,,,,,,,,,,
SPD,source_representative,0.5,mean__raw_gnina_own,all_determinate,930,373,0,6496,6496,4624.0,0.6998569111097104,0.7118226600985221,6833,1207,887,378,0.21244163227321639,0.2139056251829757,0.6689744970417636,0.6993980427687472
SPD,source_representative,0.5,mean__raw_gnina_own,both_exact,930,261,0,2235,2235,1494.0,0.6532450024787189,0.6684563758389261,,,,,,,,
SPD,source_representative,0.5,mean__raw_gnina_own,one_bounded,930,340,0,4261,4261,3130.0,0.7267496288307171,0.7345693499178596,,,,,,,,
SPD,source_representative,0.5,mean__raw_gnina_own,both_bounded,930,0,0,0,0,0.0,,,,,,,,,,
SPD,source_representative,0.5,mean_relative__raw_gnina_own,all_determinate,930,373,0,6496,6496,4692.0,0.7092348562590771,0.7222906403940886,6833,1207,887,378,0.20964689435723244,0.21073847792054587,0.6724757857837601,0.6985862859653663
SPD,source_representative,0.5,mean_relative__raw_gnina_own,both_exact,930,261,0,2235,2235,1511.0,0.6376607711856753,0.6760626398210291,,,,,,,,
SPD,source_representative,0.5,mean_relative__raw_gnina_own,one_bounded,930,340,0,4261,4261,3181.0,0.7415094497510536,0.7465383712743487,,,,,,,,
SPD,source_representative,0.5,mean_relative__raw_gnina_own,both_bounded,930,0,0,0,0,0.0,,,,,,,,,,
SPD,source_representative,0.5,availability__vina,all_determinate,930,373,0,6496,6496,4599.0,0.690310472346354,0.7079741379310345,6833,1207,887,378,0.22381840538852396,0.22573463833542223,0.673280696901941,0.7247445445043154
SPD,source_representative,0.5,availability__vina,both_exact,930,261,0,2235,2235,1472.0,0.630271608624099,0.6586129753914989,,,,,,,,
SPD,source_representative,0.5,availability__vina,one_bounded,930,340,0,4261,4261,3127.0,0.7214399314451464,0.7338652898380662,,,,,,,,
SPD,source_representative,0.5,availability__vina,both_bounded,930,0,0,0,0,0.0,,,,,,,,,,
SPD,source_representative,0.5,plus__vina,all_determinate,930,373,0,6496,6496,4548.0,0.6809554936326365,0.7001231527093597,6833,1207,887,378,0.22947450168393294,0.23247266771879593,0.697574771094967,0.7575242366609517
SPD,source_representative,0.5,plus__vina,both_exact,930,261,0,2235,2235,1454.0,0.6315478263754126,0.6505592841163311,,,,,,,,
SPD,source_representative,0.5,plus__vina,one_bounded,930,340,0,4261,4261,3094.0,0.7065139022641328,0.7261206289603379,,,,,,,,
SPD,source_representative,0.5,plus__vina,both_bounded,930,0,0,0,0,0.0,,,,,,,,,,
SPD,source_representative,0.5,mean__vina,all_determinate,930,373,0,6496,6496,4649.0,0.708205605614853,0.7156711822660099,6833,1207,887,378,0.21361520263973438,0.21708337138670084,0.6687469018359008,0.7045876435584711
SPD,source_representative,0.5,mean__vina,both_exact,930,261,0,2235,2235,1494.0,0.6503388196874786,0.6684563758389261,,,,,,,,
SPD,source_representative,0.5,mean__vina,one_bounded,930,340,0,4261,4261,3155.0,0.7366973722630954,0.7404365172494719,,,,,,,,
SPD,source_representative,0.5,mean__vina,both_bounded,930,0,0,0,0,0.0,,,,,,,,,,
SPD,source_representative,0.5,mean_relative__vina,all_determinate,930,373,0,6496,6496,4692.0,0.7134100315799573,0.7222906403940886,6833,1207,887,378,0.21193764962257491,0.2157315112329223,0.6643915290852737,0.7046600571791888
SPD,source_representative,0.5,mean_relative__vina,both_exact,930,261,0,2235,2235,1489.0,0.6389713592778727,0.6662192393736018,,,,,,,,
SPD,source_representative,0.5,mean_relative__vina,one_bounded,930,340,0,4261,4261,3203.0,0.7487940295105686,0.7517014785261675,,,,,,,,
SPD,source_representative,0.5,mean_relative__vina,both_bounded,930,0,0,0,0,0.0,,,,,,,,,,
SPD,source_representative,0.5,native__boltz_affinity,all_determinate,930,373,0,6496,6496,3863.0,0.5620658891389907,0.5946736453201971,,,,,,,,
SPD,source_representative,0.5,native__boltz_affinity,both_exact,930,261,0,2235,2235,1349.0,0.5827234210375972,0.603579418344519,,,,,,,,
SPD,source_representative,0.5,native__boltz_affinity,one_bounded,930,340,0,4261,4261,2514.0,0.5584008730119223,0.5900023468669326,,,,,,,,
SPD,source_representative,0.5,native__boltz_affinity,both_bounded,930,0,0,0,0,0.0,,,,,,,,,,
SPD,source_representative,0.5,native__boltz_binary,all_determinate,930,373,0,6496,6496,4428.0,0.6588247248321865,0.6816502463054187,,,,,,,,
SPD,source_representative,0.5,native__boltz_binary,both_exact,930,261,0,2235,2235,1467.0,0.6193682860349526,0.6563758389261745,,,,,,,,
SPD,source_representative,0.5,native__boltz_binary,one_bounded,930,340,0,4261,4261,2961.0,0.669977022623152,0.6949072987561605,,,,,,,,
SPD,source_representative,0.5,native__boltz_binary,both_bounded,930,0,0,0,0,0.0,,,,,,,,,,
SPD,source_representative,0.5,native__boltzina_vina_far_affinity,all_determinate,930,373,0,6496,6496,3812.0,0.5633429089572257,0.5868226600985221,,,,,,,,
SPD,source_representative,0.5,native__boltzina_vina_far_affinity,both_exact,930,261,0,2235,2235,1355.0,0.5747355879539788,0.6062639821029083,,,,,,,,
SPD,source_representative,0.5,native__boltzina_vina_far_affinity,one_bounded,930,340,0,4261,4261,2457.0,0.5609944838593803,0.5766252053508566,,,,,,,,
SPD,source_representative,0.5,native__boltzina_vina_far_affinity,both_bounded,930,0,0,0,0,0.0,,,,,,,,,,
SPD,source_representative,0.5,native__boltzina_vina_far_binary,all_determinate,930,373,0,6496,6496,4495.0,0.6701386313571764,0.6919642857142857,,,,,,,,
SPD,source_representative,0.5,native__boltzina_vina_far_binary,both_exact,930,261,0,2235,2235,1503.0,0.6373898628687901,0.6724832214765101,,,,,,,,
SPD,source_representative,0.5,native__boltzina_vina_far_binary,one_bounded,930,340,0,4261,4261,2992.0,0.6848865517360594,0.7021825862473597,,,,,,,,
SPD,source_representative,0.5,native__boltzina_vina_far_binary,both_bounded,930,0,0,0,0,0.0,,,,,,,,,,
SPD,source_representative,0.5,native__boltzina_vina_zero_affinity,all_determinate,930,373,0,6496,6496,3812.0,0.5633429089572257,0.5868226600985221,,,,,,,,
SPD,source_representative,0.5,native__boltzina_vina_zero_affinity,both_exact,930,261,0,2235,2235,1355.0,0.5747355879539788,0.6062639821029083,,,,,,,,
SPD,source_representative,0.5,native__boltzina_vina_zero_affinity,one_bounded,930,340,0,4261,4261,2457.0,0.5609944838593803,0.5766252053508566,,,,,,,,
SPD,source_representative,0.5,native__boltzina_vina_zero_affinity,both_bounded,930,0,0,0,0,0.0,,,,,,,,,,
SPD,source_representative,0.5,native__boltzina_vina_zero_binary,all_determinate,930,373,0,6496,6496,4495.0,0.6701386313571764,0.6919642857142857,,,,,,,,
SPD,source_representative,0.5,native__boltzina_vina_zero_binary,both_exact,930,261,0,2235,2235,1503.0,0.6373898628687901,0.6724832214765101,,,,,,,,
SPD,source_representative,0.5,native__boltzina_vina_zero_binary,one_bounded,930,340,0,4261,4261,2992.0,0.6848865517360594,0.7021825862473597,,,,,,,,
SPD,source_representative,0.5,native__boltzina_vina_zero_binary,both_bounded,930,0,0,0,0,0.0,,,,,,,,,,
SPD,source_representative,0.5,native__gnina,all_determinate,930,373,0,6496,6496,3918.0,0.6129066023803486,0.6031403940886699,,,,,,,,
SPD,source_representative,0.5,native__gnina,both_exact,930,261,0,2235,2235,1317.0,0.5876546895703983,0.5892617449664429,,,,,,,,
SPD,source_representative,0.5,native__gnina,one_bounded,930,340,0,4261,4261,2601.0,0.6096930109173158,0.6104200891809435,,,,,,,,
SPD,source_representative,0.5,native__gnina,both_bounded,930,0,0,0,0,0.0,,,,,,,,,,
SPD,source_representative,0.5,native__nesso_affinity,all_determinate,930,373,0,6496,6496,3788.0,0.55521162589458,0.583128078817734,,,,,,,,
SPD,source_representative,0.5,native__nesso_affinity,both_exact,930,261,0,2235,2235,1283.0,0.5424660765656935,0.5740492170022371,,,,,,,,
SPD,source_representative,0.5,native__nesso_affinity,one_bounded,930,340,0,4261,4261,2505.0,0.5676277551262378,0.5878901666275522,,,,,,,,
SPD,source_representative,0.5,native__nesso_affinity,both_bounded,930,0,0,0,0,0.0,,,,,,,,,,
SPD,source_representative,0.5,native__nesso_binary,all_determinate,930,373,0,6496,6496,4183.0,0.6190976568175237,0.6439347290640394,,,,,,,,
SPD,source_representative,0.5,native__nesso_binary,both_exact,930,261,0,2235,2235,1338.0,0.5881406659184437,0.5986577181208054,,,,,,,,
SPD,source_representative,0.5,native__nesso_binary,one_bounded,930,340,0,4261,4261,2845.0,0.6501608491366812,0.6676836423374795,,,,,,,,
SPD,source_representative,0.5,native__nesso_binary,both_bounded,930,0,0,0,0,0.0,,,,,,,,,,
SPD,source_representative,0.5,native__raw_ad4,all_determinate,930,373,0,6496,6496,3602.0,0.5432162975080075,0.5544950738916257,,,,,,,,
SPD,source_representative,0.5,native__raw_ad4,both_exact,930,261,0,2235,2235,1179.5,0.5072764683875794,0.5277404921700224,,,,,,,,
SPD,source_representative,0.5,native__raw_ad4,one_bounded,930,340,0,4261,4261,2422.5,0.5596458954862389,0.5685285144332316,,,,,,,,
SPD,source_representative,0.5,native__raw_ad4,both_bounded,930,0,0,0,0,0.0,,,,,,,,,,
SPD,source_representative,0.5,native__raw_gnina_own,all_determinate,930,373,0,6496,6496,3885.0,0.62776057059596,0.5980603448275862,,,,,,,,
SPD,source_representative,0.5,native__raw_gnina_own,both_exact,930,261,0,2235,2235,1339.0,0.6045267489711934,0.5991051454138703,,,,,,,,
SPD,source_representative,0.5,native__raw_gnina_own,one_bounded,930,340,0,4261,4261,2546.0,0.620668381156207,0.5975123210513964,,,,,,,,
SPD,source_representative,0.5,native__raw_gnina_own,both_bounded,930,0,0,0,0,0.0,,,,,,,,,,
SPD,source_representative,0.5,native__vina,all_determinate,930,373,0,6496,6496,3903.5,0.5804399141812819,0.6009082512315271,,,,,,,,
SPD,source_representative,0.5,native__vina,both_exact,930,261,0,2235,2235,1163.0,0.4954656490097103,0.5203579418344519,,,,,,,,
SPD,source_representative,0.5,native__vina,one_bounded,930,340,0,4261,4261,2740.5,0.6211274507583027,0.64315888289134,,,,,,,,
SPD,source_representative,0.5,native__vina,both_bounded,930,0,0,0,0,0.0,,,,,,,,,,
SPD,source_representative,1.0,target_prior,all_determinate,930,373,0,6496,6496,4103.0,0.5984607084139935,0.6316194581280788,6833,1207,887,378,0.3019942805582153,0.2983325566143941,0.7760050164197586,0.8715544445017637
SPD,source_representative,1.0,target_prior,both_exact,930,261,0,2235,2235,1384.0,0.5972416188891285,0.6192393736017897,,,,,,,,
SPD,source_representative,1.0,target_prior,one_bounded,930,340,0,4261,4261,2719.0,0.6125712077101634,0.6381131189861535,,,,,,,,
SPD,source_representative,1.0,target_prior,both_bounded,930,0,0,0,0,0.0,,,,,,,,,,
SPD,source_representative,1.0,chemistry,all_determinate,930,373,0,6496,6496,4751.0,0.7112178424751265,0.7313731527093597,6833,1207,887,378,0.20877879368980667,0.21080933481792327,0.6283901757000584,0.6681646990055796
SPD,source_representative,1.0,chemistry,both_exact,930,261,0,2235,2235,1529.0,0.6497143483733522,0.6841163310961969,,,,,,,,
SPD,source_representative,1.0,chemistry,one_bounded,930,340,0,4261,4261,3222.0,0.7453871146242774,0.7561605256981929,,,,,,,,
SPD,source_representative,1.0,chemistry,both_bounded,930,0,0,0,0,0.0,,,,,,,,,,
SPD,source_representative,1.0,availability__boltz_affinity,all_determinate,930,373,0,6496,6496,4751.0,0.7112178424751265,0.7313731527093597,6833,1207,887,378,0.20879947864088552,0.21082090122514818,0.6283808002016771,0.6681553349422484
SPD,source_representative,1.0,availability__boltz_affinity,both_exact,930,261,0,2235,2235,1529.0,0.6497143483733522,0.6841163310961969,,,,,,,,
SPD,source_representative,1.0,availability__boltz_affinity,one_bounded,930,340,0,4261,4261,3222.0,0.7453871146242774,0.7561605256981929,,,,,,,,
SPD,source_representative,1.0,availability__boltz_affinity,both_bounded,930,0,0,0,0,0.0,,,,,,,,,,
SPD,source_representative,1.0,plus__boltz_affinity,all_determinate,930,373,0,6496,6496,4832.0,0.7173513333315308,0.7438423645320197,6833,1207,887,378,0.18847151562767275,0.18835330349364734,0.6338700758212793,0.6319874748477439
SPD,source_representative,1.0,plus__boltz_affinity,both_exact,930,261,0,2235,2235,1562.0,0.6541924444223295,0.6988814317673379,,,,,,,,
SPD,source_representative,1.0,plus__boltz_affinity,one_bounded,930,340,0,4261,4261,3270.0,0.7389539824121887,0.7674254869748885,,,,,,,,
SPD,source_representative,1.0,plus__boltz_affinity,both_bounded,930,0,0,0,0,0.0,,,,,,,,,,
SPD,source_representative,1.0,mean__boltz_affinity,all_determinate,930,373,0,6496,6496,4636.0,0.6962766699106979,0.7136699507389163,6833,1207,887,378,0.19399561860041104,0.19510954531179345,0.6478904784402552,0.6508482496982456
SPD,source_representative,1.0,mean__boltz_affinity,both_exact,930,261,0,2235,2235,1504.0,0.6406993673277198,0.672930648769575,,,,,,,,
SPD,source_representative,1.0,mean__boltz_affinity,one_bounded,930,340,0,4261,4261,3132.0,0.724167580794017,0.7350387233043887,,,,,,,,
SPD,source_representative,1.0,mean__boltz_affinity,both_bounded,930,0,0,0,0,0.0,,,,,,,,,,
SPD,source_representative,1.0,mean_relative__boltz_affinity,all_determinate,930,373,0,6496,6496,4845.0,0.7145791959337338,0.7458435960591133,6833,1207,887,378,0.18634920159017412,0.18616384811920916,0.6262650724658415,0.6276243282762297
SPD,source_representative,1.0,mean_relative__boltz_affinity,both_exact,930,261,0,2235,2235,1565.0,0.6542703996726985,0.7002237136465325,,,,,,,,
SPD,source_representative,1.0,mean_relative__boltz_affinity,one_bounded,930,340,0,4261,4261,3280.0,0.7378957318720815,0.7697723539075334,,,,,,,,
SPD,source_representative,1.0,mean_relative__boltz_affinity,both_bounded,930,0,0,0,0,0.0,,,,,,,,,,
SPD,source_representative,1.0,availability__boltz_binary,all_determinate,930,373,0,6496,6496,4751.0,0.7112178424751265,0.7313731527093597,6833,1207,887,378,0.20879947864088552,0.21082090122514818,0.6283808002016771,0.6681553349422484
SPD,source_representative,1.0,availability__boltz_binary,both_exact,930,261,0,2235,2235,1529.0,0.6497143483733522,0.6841163310961969,,,,,,,,
SPD,source_representative,1.0,availability__boltz_binary,one_bounded,930,340,0,4261,4261,3222.0,0.7453871146242774,0.7561605256981929,,,,,,,,
SPD,source_representative,1.0,availability__boltz_binary,both_bounded,930,0,0,0,0,0.0,,,,,,,,,,
SPD,source_representative,1.0,plus__boltz_binary,all_determinate,930,373,0,6496,6496,4798.0,0.7174514819317427,0.7386083743842364,6833,1207,887,378,0.18878990742186286,0.18933530947621127,0.6101528636837241,0.6370437494261769
SPD,source_representative,1.0,plus__boltz_binary,both_exact,930,261,0,2235,2235,1541.0,0.6327893052030983,0.6894854586129754,,,,,,,,
SPD,source_representative,1.0,plus__boltz_binary,one_bounded,930,340,0,4261,4261,3257.0,0.7463229917568174,0.7643745599624502,,,,,,,,
SPD,source_representative,1.0,plus__boltz_binary,both_bounded,930,0,0,0,0,0.0,,,,,,,,,,
SPD,source_representative,1.0,mean__boltz_binary,all_determinate,930,373,0,6496,6496,4692.0,0.700504630961808,0.7222906403940886,6833,1207,887,378,0.1898358594793887,0.19099980516170129,0.6268564076060772,0.6390778223206869
SPD,source_representative,1.0,mean__boltz_binary,both_exact,930,261,0,2235,2235,1517.0,0.6436569674117567,0.6787472035794183,,,,,,,,
SPD,source_representative,1.0,mean__boltz_binary,one_bounded,930,340,0,4261,4261,3175.0,0.7340194743046019,0.7451302511147618,,,,,,,,
SPD,source_representative,1.0,mean__boltz_binary,both_bounded,930,0,0,0,0,0.0,,,,,,,,,,
SPD,source_representative,1.0,mean_relative__boltz_binary,all_determinate,930,373,0,6496,6496,4826.0,0.7198870986610347,0.7429187192118226,6833,1207,887,378,0.18551748589735717,0.18584837142274158,0.6050663423153203,0.632613874389142
SPD,source_representative,1.0,mean_relative__boltz_binary,both_exact,930,261,0,2235,2235,1537.0,0.6364745797695989,0.6876957494407159,,,,,,,,
SPD,source_representative,1.0,mean_relative__boltz_binary,one_bounded,930,340,0,4261,4261,3289.0,0.7535830110051583,0.7718845341469138,,,,,,,,
SPD,source_representative,1.0,mean_relative__boltz_binary,both_bounded,930,0,0,0,0,0.0,,,,,,,,,,
SPD,source_representative,1.0,availability__boltzina_vina_far_affinity,all_determinate,930,373,0,6496,6496,4748.0,0.7101481688206347,0.7309113300492611,6833,1207,887,378,0.20938709777854503,0.21125925675818724,0.6274830350968125,0.6673345396179594
SPD,source_representative,1.0,availability__boltzina_vina_far_affinity,both_exact,930,261,0,2235,2235,1528.0,0.6507592804527669,0.6836689038031319,,,,,,,,
SPD,source_representative,1.0,availability__boltzina_vina_far_affinity,one_bounded,930,340,0,4261,4261,3220.0,0.7447872554621117,0.755691152311664,,,,,,,,
SPD,source_representative,1.0,availability__boltzina_vina_far_affinity,both_bounded,930,0,0,0,0,0.0,,,,,,,,,,
SPD,source_representative,1.0,plus__boltzina_vina_far_affinity,all_determinate,930,373,0,6496,6496,4814.0,0.7067441680443405,0.7410714285714286,6833,1207,887,378,0.18843311387680886,0.18887646801060723,0.6351251364513393,0.6323864949745749
SPD,source_representative,1.0,plus__boltzina_vina_far_affinity,both_exact,930,261,0,2235,2235,1590.0,0.6678138804575585,0.7114093959731543,,,,,,,,
SPD,source_representative,1.0,plus__boltzina_vina_far_affinity,one_bounded,930,340,0,4261,4261,3224.0,0.7262522620529833,0.7566298990847219,,,,,,,,
SPD,source_representative,1.0,plus__boltzina_vina_far_affinity,both_bounded,930,0,0,0,0,0.0,,,,,,,,,,
SPD,source_representative,1.0,mean__boltzina_vina_far_affinity,all_determinate,930,373,0,6496,6496,4615.0,0.6926105705810642,0.7104371921182266,6833,1207,887,378,0.1960265298677946,0.19686463404439386,0.649503352816358,0.6529644682762497
SPD,source_representative,1.0,mean__boltzina_vina_far_affinity,both_exact,930,261,0,2235,2235,1498.0,0.6365687526607067,0.6702460850111857,,,,,,,,
SPD,source_representative,1.0,mean__boltzina_vina_far_affinity,one_bounded,930,340,0,4261,4261,3117.0,0.721343484267908,0.7315184229054212,,,,,,,,
SPD,source_representative,1.0,mean__boltzina_vina_far_affinity,both_bounded,930,0,0,0,0,0.0,,,,,,,,,,
SPD,source_representative,1.0,mean_relative__boltzina_vina_far_affinity,all_determinate,930,373,0,6496,6496,4841.0,0.7157543999535855,0.7452278325123153,6833,1207,887,378,0.18632784872461514,0.1863181562279738,0.6261753848767301,0.6265918541857219
SPD,source_representative,1.0,mean_relative__boltzina_vina_far_affinity,both_exact,930,261,0,2235,2235,1583.0,0.6718661712914586,0.7082774049217002,,,,,,,,
SPD,source_representative,1.0,mean_relative__boltzina_vina_far_affinity,one_bounded,930,340,0,4261,4261,3258.0,0.7360959369792024,0.7646092466557146,,,,,,,,
SPD,source_representative,1.0,mean_relative__boltzina_vina_far_affinity,both_bounded,930,0,0,0,0,0.0,,,,,,,,,,
SPD,source_representative,1.0,availability__boltzina_vina_far_binary,all_determinate,930,373,0,6496,6496,4748.0,0.7101481688206347,0.7309113300492611,6833,1207,887,378,0.20938709777854503,0.21125925675818724,0.6274830350968125,0.6673345396179594
SPD,source_representative,1.0,availability__boltzina_vina_far_binary,both_exact,930,261,0,2235,2235,1528.0,0.6507592804527669,0.6836689038031319,,,,,,,,
SPD,source_representative,1.0,availability__boltzina_vina_far_binary,one_bounded,930,340,0,4261,4261,3220.0,0.7447872554621117,0.755691152311664,,,,,,,,
SPD,source_representative,1.0,availability__boltzina_vina_far_binary,both_bounded,930,0,0,0,0,0.0,,,,,,,,,,
SPD,source_representative,1.0,plus__boltzina_vina_far_binary,all_determinate,930,373,0,6496,6496,4819.0,0.711766299772666,0.7418411330049262,6833,1207,887,378,0.1878021057803398,0.18827155497082346,0.6079896877706044,0.6328816572935515
SPD,source_representative,1.0,plus__boltzina_vina_far_binary,both_exact,930,261,0,2235,2235,1561.0,0.6460133168945429,0.698434004474273,,,,,,,,
SPD,source_representative,1.0,plus__boltzina_vina_far_binary,one_bounded,930,340,0,4261,4261,3258.0,0.7388027454078284,0.7646092466557146,,,,,,,,
SPD,source_representative,1.0,plus__boltzina_vina_far_binary,both_bounded,930,0,0,0,0,0.0,,,,,,,,,,
SPD,source_representative,1.0,mean__boltzina_vina_far_binary,all_determinate,930,373,0,6496,6496,4688.0,0.7014761169569319,0.7216748768472906,6833,1207,887,378,0.189878921718639,0.19066790059923136,0.6274706220944763,0.638731381801029
SPD,source_representative,1.0,mean__boltzina_vina_far_binary,both_exact,930,261,0,2235,2235,1512.0,0.6460694336173263,0.676510067114094,,,,,,,,
SPD,source_representative,1.0,mean__boltzina_vina_far_binary,one_bounded,930,340,0,4261,4261,3176.0,0.734190760231488,0.7453649378080263,,,,,,,,
SPD,source_representative,1.0,mean__boltzina_vina_far_binary,both_bounded,930,0,0,0,0,0.0,,,,,,,,,,
SPD,source_representative,1.0,mean_relative__boltzina_vina_far_binary,all_determinate,930,373,0,6496,6496,4830.0,0.7163710300526581,0.7435344827586207,6833,1207,887,378,0.18526994528196855,0.1854621068938717,0.6044084804216279,0.62976674514463
SPD,source_representative,1.0,mean_relative__boltzina_vina_far_binary,both_exact,930,261,0,2235,2235,1537.0,0.6335479406360632,0.6876957494407159,,,,,,,,
SPD,source_representative,1.0,mean_relative__boltzina_vina_far_binary,one_bounded,930,340,0,4261,4261,3293.0,0.7492688191770346,0.7728232809199719,,,,,,,,
SPD,source_representative,1.0,mean_relative__boltzina_vina_far_binary,both_bounded,930,0,0,0,0,0.0,,,,,,,,,,
SPD,source_representative,1.0,availability__boltzina_vina_zero_affinity,all_determinate,930,373,0,6496,6496,4748.0,0.7101481688206347,0.7309113300492611,6833,1207,887,378,0.20938709777854503,0.21125925675818724,0.6274830350968125,0.6673345396179594
SPD,source_representative,1.0,availability__boltzina_vina_zero_affinity,both_exact,930,261,0,2235,2235,1528.0,0.6507592804527669,0.6836689038031319,,,,,,,,
SPD,source_representative,1.0,availability__boltzina_vina_zero_affinity,one_bounded,930,340,0,4261,4261,3220.0,0.7447872554621117,0.755691152311664,,,,,,,,
SPD,source_representative,1.0,availability__boltzina_vina_zero_affinity,both_bounded,930,0,0,0,0,0.0,,,,,,,,,,
SPD,source_representative,1.0,plus__boltzina_vina_zero_affinity,all_determinate,930,373,0,6496,6496,4814.0,0.7067441680443405,0.7410714285714286,6833,1207,887,378,0.18843396768220597,0.1888768136685354,0.6351187656719145,0.6323794813625776
SPD,source_representative,1.0,plus__boltzina_vina_zero_affinity,both_exact,930,261,0,2235,2235,1590.0,0.6678138804575585,0.7114093959731543,,,,,,,,
SPD,source_representative,1.0,plus__boltzina_vina_zero_affinity,one_bounded,930,340,0,4261,4261,3224.0,0.7262522620529833,0.7566298990847219,,,,,,,,
SPD,source_representative,1.0,plus__boltzina_vina_zero_affinity,both_bounded,930,0,0,0,0,0.0,,,,,,,,,,
SPD,source_representative,1.0,mean__boltzina_vina_zero_affinity,all_determinate,930,373,0,6496,6496,4615.0,0.6926105705810642,0.7104371921182266,6833,1207,887,378,0.19602671218501694,0.19686493741163785,0.6495051178109857,0.6529660231588391
SPD,source_representative,1.0,mean__boltzina_vina_zero_affinity,both_exact,930,261,0,2235,2235,1498.0,0.6365687526607067,0.6702460850111857,,,,,,,,
SPD,source_representative,1.0,mean__boltzina_vina_zero_affinity,one_bounded,930,340,0,4261,4261,3117.0,0.721343484267908,0.7315184229054212,,,,,,,,
SPD,source_representative,1.0,mean__boltzina_vina_zero_affinity,both_bounded,930,0,0,0,0,0.0,,,,,,,,,,
SPD,source_representative,1.0,mean_relative__boltzina_vina_zero_affinity,all_determinate,930,373,0,6496,6496,4841.0,0.7157543999535855,0.7452278325123153,6833,1207,887,378,0.18632697183728686,0.18631703879689315,0.6261726139015815,0.6265871584189243
SPD,source_representative,1.0,mean_relative__boltzina_vina_zero_affinity,both_exact,930,261,0,2235,2235,1583.0,0.6718661712914586,0.7082774049217002,,,,,,,,
SPD,source_representative,1.0,mean_relative__boltzina_vina_zero_affinity,one_bounded,930,340,0,4261,4261,3258.0,0.7360959369792024,0.7646092466557146,,,,,,,,
SPD,source_representative,1.0,mean_relative__boltzina_vina_zero_affinity,both_bounded,930,0,0,0,0,0.0,,,,,,,,,,
SPD,source_representative,1.0,availability__boltzina_vina_zero_binary,all_determinate,930,373,0,6496,6496,4748.0,0.7101481688206347,0.7309113300492611,6833,1207,887,378,0.20938709777854503,0.21125925675818724,0.6274830350968125,0.6673345396179594
SPD,source_representative,1.0,availability__boltzina_vina_zero_binary,both_exact,930,261,0,2235,2235,1528.0,0.6507592804527669,0.6836689038031319,,,,,,,,
SPD,source_representative,1.0,availability__boltzina_vina_zero_binary,one_bounded,930,340,0,4261,4261,3220.0,0.7447872554621117,0.755691152311664,,,,,,,,
SPD,source_representative,1.0,availability__boltzina_vina_zero_binary,both_bounded,930,0,0,0,0,0.0,,,,,,,,,,
SPD,source_representative,1.0,plus__boltzina_vina_zero_binary,all_determinate,930,373,0,6496,6496,4819.0,0.711766299772666,0.7418411330049262,6833,1207,887,378,0.187801219724499,0.18827074424248424,0.607991622395895,0.632883961975773
SPD,source_representative,1.0,plus__boltzina_vina_zero_binary,both_exact,930,261,0,2235,2235,1561.0,0.6460133168945429,0.698434004474273,,,,,,,,
SPD,source_representative,1.0,plus__boltzina_vina_zero_binary,one_bounded,930,340,0,4261,4261,3258.0,0.7388027454078284,0.7646092466557146,,,,,,,,
SPD,source_representative,1.0,plus__boltzina_vina_zero_binary,both_bounded,930,0,0,0,0,0.0,,,,,,,,,,
SPD,source_representative,1.0,mean__boltzina_vina_zero_binary,all_determinate,930,373,0,6496,6496,4688.0,0.7014761169569319,0.7216748768472906,6833,1207,887,378,0.18987896349988587,0.19066790583430304,0.627470663881775,0.6387314863737289
SPD,source_representative,1.0,mean__boltzina_vina_zero_binary,both_exact,930,261,0,2235,2235,1512.0,0.6460694336173263,0.676510067114094,,,,,,,,
SPD,source_representative,1.0,mean__boltzina_vina_zero_binary,one_bounded,930,340,0,4261,4261,3176.0,0.734190760231488,0.7453649378080263,,,,,,,,
SPD,source_representative,1.0,mean__boltzina_vina_zero_binary,both_bounded,930,0,0,0,0,0.0,,,,,,,,,,
SPD,source_representative,1.0,mean_relative__boltzina_vina_zero_binary,all_determinate,930,373,0,6496,6496,4830.0,0.7163710300526581,0.7435344827586207,6833,1207,887,378,0.18527178934822072,0.18546370663819314,0.604407589716466,0.6297641512983709
SPD,source_representative,1.0,mean_relative__boltzina_vina_zero_binary,both_exact,930,261,0,2235,2235,1537.0,0.6335479406360632,0.6876957494407159,,,,,,,,
SPD,source_representative,1.0,mean_relative__boltzina_vina_zero_binary,one_bounded,930,340,0,4261,4261,3293.0,0.7492688191770346,0.7728232809199719,,,,,,,,
SPD,source_representative,1.0,mean_relative__boltzina_vina_zero_binary,both_bounded,930,0,0,0,0,0.0,,,,,,,,,,
SPD,source_representative,1.0,availability__gnina,all_determinate,930,373,0,6496,6496,4747.0,0.7083460888878774,0.7307573891625616,6833,1207,887,378,0.20892105206722308,0.21091221070612592,0.6284250171972522,0.6682022137277907
SPD,source_representative,1.0,availability__gnina,both_exact,930,261,0,2235,2235,1525.0,0.6487960244665226,0.6823266219239373,,,,,,,,
SPD,source_representative,1.0,availability__gnina,one_bounded,930,340,0,4261,4261,3222.0,0.7439089874882556,0.7561605256981929,,,,,,,,
SPD,source_representative,1.0,availability__gnina,both_bounded,930,0,0,0,0,0.0,,,,,,,,,,
SPD,source_representative,1.0,plus__gnina,all_determinate,930,373,0,6496,6496,4748.0,0.7090329356317051,0.7309113300492611,6833,1207,887,378,0.2055560219112644,0.20690907959573823,0.624412847378332,0.6625668088219294
SPD,source_representative,1.0,plus__gnina,both_exact,930,261,0,2235,2235,1550.0,0.6622121599133093,0.6935123042505593,,,,,,,,
SPD,source_representative,1.0,plus__gnina,one_bounded,930,340,0,4261,4261,3198.0,0.7359458492137659,0.7505280450598452,,,,,,,,
SPD,source_representative,1.0,plus__gnina,both_bounded,930,0,0,0,0,0.0,,,,,,,,,,
SPD,source_representative,1.0,mean__gnina,all_determinate,930,373,0,6496,6496,4731.0,0.7014223340512691,0.7282943349753694,6833,1207,887,378,0.20812391241493525,0.20967691145490625,0.6338518956219302,0.6670671737418143
SPD,source_representative,1.0,mean__gnina,both_exact,930,261,0,2235,2235,1531.0,0.651619829014465,0.6850111856823267,,,,,,,,
SPD,source_representative,1.0,mean__gnina,one_bounded,930,340,0,4261,4261,3200.0,0.7352420659550973,0.7509974184463741,,,,,,,,
SPD,source_representative,1.0,mean__gnina,both_bounded,930,0,0,0,0,0.0,,,,,,,,,,
SPD,source_representative,1.0,mean_relative__gnina,all_determinate,930,373,0,6496,6496,4774.0,0.7073180807866782,0.7349137931034483,6833,1207,887,378,0.20583972218647836,0.20707933782849391,0.6267748142335113,0.6636523717598317
SPD,source_representative,1.0,mean_relative__gnina,both_exact,930,261,0,2235,2235,1562.0,0.6616251918933911,0.6988814317673379,,,,,,,,
SPD,source_representative,1.0,mean_relative__gnina,one_bounded,930,340,0,4261,4261,3212.0,0.7341459655293895,0.753813658765548,,,,,,,,
SPD,source_representative,1.0,mean_relative__gnina,both_bounded,930,0,0,0,0,0.0,,,,,,,,,,
SPD,source_representative,1.0,availability__nesso_affinity,all_determinate,930,373,0,6496,6496,4747.0,0.7083460888878774,0.7307573891625616,6833,1207,887,378,0.20892105206722308,0.21091221070612592,0.6284250171972522,0.6682022137277907
SPD,source_representative,1.0,availability__nesso_affinity,both_exact,930,261,0,2235,2235,1525.0,0.6487960244665226,0.6823266219239373,,,,,,,,
SPD,source_representative,1.0,availability__nesso_affinity,one_bounded,930,340,0,4261,4261,3222.0,0.7439089874882556,0.7561605256981929,,,,,,,,
SPD,source_representative,1.0,availability__nesso_affinity,both_bounded,930,0,0,0,0,0.0,,,,,,,,,,
SPD,source_representative,1.0,plus__nesso_affinity,all_determinate,930,373,0,6496,6496,4847.0,0.7217196986584289,0.7461514778325123,6833,1207,887,378,0.18719014474352558,0.18771130815923373,0.59642440639617,0.6191961788932568
SPD,source_representative,1.0,plus__nesso_affinity,both_exact,930,261,0,2235,2235,1572.0,0.6701476542472711,0.7033557046979866,,,,,,,,
SPD,source_representative,1.0,plus__nesso_affinity,one_bounded,930,340,0,4261,4261,3275.0,0.7503793786267875,0.768598920441211,,,,,,,,
SPD,source_representative,1.0,plus__nesso_affinity,both_bounded,930,0,0,0,0,0.0,,,,,,,,,,
SPD,source_representative,1.0,mean__nesso_affinity,all_determinate,930,373,0,6496,6496,4698.0,0.7019667275136089,0.7232142857142857,6833,1207,887,378,0.2014038959268118,0.20315696935366623,0.6323469597765511,0.6584422564540916
SPD,source_representative,1.0,mean__nesso_affinity,both_exact,930,261,0,2235,2235,1526.0,0.6554229579133795,0.6827740492170022,,,,,,,,
SPD,source_representative,1.0,mean__nesso_affinity,one_bounded,930,340,0,4261,4261,3172.0,0.7332113427343369,0.7444261910349683,,,,,,,,
SPD,source_representative,1.0,mean__nesso_affinity,both_bounded,930,0,0,0,0,0.0,,,,,,,,,,
SPD,source_representative,1.0,mean_relative__nesso_affinity,all_determinate,930,373,0,6496,6496,4861.0,0.7193095447771615,0.7483066502463054,6833,1207,887,378,0.18645872955556303,0.18672358673078537,0.5888421026655432,0.6143169277358431
SPD,source_representative,1.0,mean_relative__nesso_affinity,both_exact,930,261,0,2235,2235,1574.0,0.6706847714510549,0.7042505592841163,,,,,,,,
SPD,source_representative,1.0,mean_relative__nesso_affinity,one_bounded,930,340,0,4261,4261,3287.0,0.7482190099492523,0.7714151607603849,,,,,,,,
SPD,source_representative,1.0,mean_relative__nesso_affinity,both_bounded,930,0,0,0,0,0.0,,,,,,,,,,
SPD,source_representative,1.0,availability__nesso_binary,all_determinate,930,373,0,6496,6496,4747.0,0.7083460888878774,0.7307573891625616,6833,1207,887,378,0.20892105206722308,0.21091221070612592,0.6284250171972522,0.6682022137277907
SPD,source_representative,1.0,availability__nesso_binary,both_exact,930,261,0,2235,2235,1525.0,0.6487960244665226,0.6823266219239373,,,,,,,,
SPD,source_representative,1.0,availability__nesso_binary,one_bounded,930,340,0,4261,4261,3222.0,0.7439089874882556,0.7561605256981929,,,,,,,,
SPD,source_representative,1.0,availability__nesso_binary,both_bounded,930,0,0,0,0,0.0,,,,,,,,,,
SPD,source_representative,1.0,plus__nesso_binary,all_determinate,930,373,0,6496,6496,4785.0,0.7179494477843655,0.7366071428571429,6833,1207,887,378,0.18782230265134048,0.1892563200206939,0.6153467153248185,0.6325712382243314
SPD,source_representative,1.0,plus__nesso_binary,both_exact,930,261,0,2235,2235,1545.0,0.6562940110832832,0.6912751677852349,,,,,,,,
SPD,source_representative,1.0,plus__nesso_binary,one_bounded,930,340,0,4261,4261,3240.0,0.7469695953321688,0.7603848861769538,,,,,,,,
SPD,source_representative,1.0,plus__nesso_binary,both_bounded,930,0,0,0,0,0.0,,,,,,,,,,
SPD,source_representative,1.0,mean__nesso_binary,all_determinate,930,373,0,6496,6496,4660.0,0.683792738939687,0.7173645320197044,6833,1207,887,378,0.19390065695885575,0.19617256930012347,0.6402440284314643,0.6505342677282252
SPD,source_representative,1.0,mean__nesso_binary,both_exact,930,261,0,2235,2235,1495.0,0.6344545620407689,0.668903803131991,,,,,,,,
SPD,source_representative,1.0,mean__nesso_binary,one_bounded,930,340,0,4261,4261,3165.0,0.7180776789878284,0.7427833841821169,,,,,,,,
SPD,source_representative,1.0,mean__nesso_binary,both_bounded,930,0,0,0,0,0.0,,,,,,,,,,
SPD,source_representative,1.0,mean_relative__nesso_binary,all_determinate,930,373,0,6496,6496,4784.0,0.7072181815630763,0.7364532019704434,6833,1207,887,378,0.18706880292384298,0.18811740823882475,0.6259892617602998,0.6339278758338763
SPD,source_representative,1.0,mean_relative__nesso_binary,both_exact,930,261,0,2235,2235,1548.0,0.6564289123676097,0.6926174496644295,,,,,,,,
SPD,source_representative,1.0,mean_relative__nesso_binary,one_bounded,930,340,0,4261,4261,3236.0,0.7352213565455243,0.7594461394038958,,,,,,,,
SPD,source_representative,1.0,mean_relative__nesso_binary,both_bounded,930,0,0,0,0,0.0,,,,,,,,,,
SPD,source_representative,1.0,availability__raw_ad4,all_determinate,930,373,0,6496,6496,4747.0,0.7083460888878774,0.7307573891625616,6833,1207,887,378,0.20892105206722308,0.21091221070612592,0.6284250171972522,0.6682022137277907
SPD,source_representative,1.0,availability__raw_ad4,both_exact,930,261,0,2235,2235,1525.0,0.6487960244665226,0.6823266219239373,,,,,,,,
SPD,source_representative,1.0,availability__raw_ad4,one_bounded,930,340,0,4261,4261,3222.0,0.7439089874882556,0.7561605256981929,,,,,,,,
SPD,source_representative,1.0,availability__raw_ad4,both_bounded,930,0,0,0,0,0.0,,,,,,,,,,
SPD,source_representative,1.0,plus__raw_ad4,all_determinate,930,373,0,6496,6496,4741.0,0.707816377512085,0.7298337438423645,6833,1207,887,378,0.20836673334553132,0.2104439916507572,0.6269766533830652,0.6672876220230722
SPD,source_representative,1.0,plus__raw_ad4,both_exact,930,261,0,2235,2235,1527.0,0.6520253621786187,0.6832214765100671,,,,,,,,
SPD,source_representative,1.0,plus__raw_ad4,one_bounded,930,340,0,4261,4261,3214.0,0.7410561218321893,0.7542830321520769,,,,,,,,
SPD,source_representative,1.0,plus__raw_ad4,both_bounded,930,0,0,0,0,0.0,,,,,,,,,,
SPD,source_representative,1.0,mean__raw_ad4,all_determinate,930,373,0,6496,6496,4741.0,0.708013619398335,0.7298337438423645,6833,1207,887,378,0.20785135227251775,0.21038410949022054,0.6282657661701299,0.6675113283867791
SPD,source_representative,1.0,mean__raw_ad4,both_exact,930,261,0,2235,2235,1523.0,0.6477237251183611,0.6814317673378076,,,,,,,,
SPD,source_representative,1.0,mean__raw_ad4,one_bounded,930,340,0,4261,4261,3218.0,0.7423334327565589,0.755221778925135,,,,,,,,
SPD,source_representative,1.0,mean__raw_ad4,both_bounded,930,0,0,0,0,0.0,,,,,,,,,,
SPD,source_representative,1.0,mean_relative__raw_ad4,all_determinate,930,373,0,6496,6496,4746.0,0.7083841653475996,0.7306034482758621,6833,1207,887,378,0.20781403481406113,0.2102546630290064,0.6273329322406543,0.6671380569832797
SPD,source_representative,1.0,mean_relative__raw_ad4,both_exact,930,261,0,2235,2235,1522.0,0.6466066429667962,0.6809843400447427,,,,,,,,
SPD,source_representative,1.0,mean_relative__raw_ad4,one_bounded,930,340,0,4261,4261,3224.0,0.7427513464132497,0.7566298990847219,,,,,,,,
SPD,source_representative,1.0,mean_relative__raw_ad4,both_bounded,930,0,0,0,0,0.0,,,,,,,,,,
SPD,source_representative,1.0,availability__raw_gnina_own,all_determinate,930,373,0,6496,6496,4747.0,0.7083567558579602,0.7307573891625616,6833,1207,887,378,0.20893373639737128,0.21092179180815104,0.6284073989115021,0.6681907526451281
SPD,source_representative,1.0,availability__raw_gnina_own,both_exact,930,261,0,2235,2235,1526.0,0.6491791662289746,0.6827740492170022,,,,,,,,
SPD,source_representative,1.0,availability__raw_gnina_own,one_bounded,930,340,0,4261,4261,3221.0,0.7437541887266456,0.7559258390049284,,,,,,,,
SPD,source_representative,1.0,availability__raw_gnina_own,both_bounded,930,0,0,0,0,0.0,,,,,,,,,,
SPD,source_representative,1.0,plus__raw_gnina_own,all_determinate,930,373,0,6496,6496,4785.0,0.7174302884172464,0.7366071428571429,6833,1207,887,378,0.20435720505253013,0.20569371855961346,0.6282352132941534,0.659531142944486
SPD,source_representative,1.0,plus__raw_gnina_own,both_exact,930,261,0,2235,2235,1553.0,0.6632581977409563,0.6948545861297539,,,,,,,,
SPD,source_representative,1.0,plus__raw_gnina_own,one_bounded,930,340,0,4261,4261,3232.0,0.7447811123685757,0.7585073926308379,,,,,,,,
SPD,source_representative,1.0,plus__raw_gnina_own,both_bounded,930,0,0,0,0,0.0,,,,,,,,,,
SPD,source_representative,1.0,mean__raw_gnina_own,all_determinate,930,373,0,6496,6496,4732.0,0.702985209162937,0.728448275862069,6833,1207,887,378,0.2071670707374628,0.20872102420682936,0.6337770266846793,0.6658556666733282
SPD,source_representative,1.0,mean__raw_gnina_own,both_exact,930,261,0,2235,2235,1535.0,0.6525381529212947,0.6868008948545862,,,,,,,,
SPD,source_representative,1.0,mean__raw_gnina_own,one_bounded,930,340,0,4261,4261,3197.0,0.7356490830808597,0.7502933583665806,,,,,,,,
SPD,source_representative,1.0,mean__raw_gnina_own,both_bounded,930,0,0,0,0,0.0,,,,,,,,,,
SPD,source_representative,1.0,mean_relative__raw_gnina_own,all_determinate,930,373,0,6496,6496,4765.0,0.7188441748248617,0.7335283251231527,6833,1207,887,378,0.20461993007298446,0.20610144696477709,0.63321739194273,0.6626101816911044
SPD,source_representative,1.0,mean_relative__raw_gnina_own,both_exact,930,261,0,2235,2235,1537.0,0.6677595145028095,0.6876957494407159,,,,,,,,
SPD,source_representative,1.0,mean_relative__raw_gnina_own,one_bounded,930,340,0,4261,4261,3228.0,0.7488694364705605,0.7575686458577798,,,,,,,,
SPD,source_representative,1.0,mean_relative__raw_gnina_own,both_bounded,930,0,0,0,0,0.0,,,,,,,,,,
SPD,source_representative,1.0,availability__vina,all_determinate,930,373,0,6496,6496,4747.0,0.7083460888878774,0.7307573891625616,6833,1207,887,378,0.20892105206722308,0.21091221070612592,0.6284250171972522,0.6682022137277907
SPD,source_representative,1.0,availability__vina,both_exact,930,261,0,2235,2235,1525.0,0.6487960244665226,0.6823266219239373,,,,,,,,
SPD,source_representative,1.0,availability__vina,one_bounded,930,340,0,4261,4261,3222.0,0.7439089874882556,0.7561605256981929,,,,,,,,
SPD,source_representative,1.0,availability__vina,both_bounded,930,0,0,0,0,0.0,,,,,,,,,,
SPD,source_representative,1.0,plus__vina,all_determinate,930,373,0,6496,6496,4774.0,0.7192328237437048,0.7349137931034483,6833,1207,887,378,0.2052167127564085,0.20816290107614716,0.6252234896370003,0.6639878795510163
SPD,source_representative,1.0,plus__vina,both_exact,930,261,0,2235,2235,1529.0,0.6493890741017178,0.6841163310961969,,,,,,,,
SPD,source_representative,1.0,plus__vina,one_bounded,930,340,0,4261,4261,3245.0,0.7502360703944224,0.7615583196432762,,,,,,,,
SPD,source_representative,1.0,plus__vina,both_bounded,930,0,0,0,0,0.0,,,,,,,,,,
SPD,source_representative,1.0,mean__vina,all_determinate,930,373,0,6496,6496,4763.0,0.7141981557016444,0.7332204433497537,6833,1207,887,378,0.20687867358377354,0.21000750067238544,0.6306957461530593,0.6678390671578663
SPD,source_representative,1.0,mean__vina,both_exact,930,261,0,2235,2235,1532.0,0.6532903381562385,0.6854586129753915,,,,,,,,
SPD,source_representative,1.0,mean__vina,one_bounded,930,340,0,4261,4261,3231.0,0.7471851570935546,0.7582727059375733,,,,,,,,
SPD,source_representative,1.0,mean__vina,both_bounded,930,0,0,0,0,0.0,,,,,,,,,,
SPD,source_representative,1.0,mean_relative__vina,all_determinate,930,373,0,6496,6496,4796.0,0.7226582344734093,0.7383004926108374,6833,1207,887,378,0.2045187291017363,0.2076179974295972,0.6189262770565274,0.6631289114661351
SPD,source_representative,1.0,mean_relative__vina,both_exact,930,261,0,2235,2235,1525.0,0.650884137857318,0.6823266219239373,,,,,,,,
SPD,source_representative,1.0,mean_relative__vina,one_bounded,930,340,0,4261,4261,3271.0,0.7557010747616532,0.767660173668153,,,,,,,,
SPD,source_representative,1.0,mean_relative__vina,both_bounded,930,0,0,0,0,0.0,,,,,,,,,,
SPD,source_representative,1.0,native__boltz_affinity,all_determinate,930,373,0,6496,6496,3863.0,0.5620658891389907,0.5946736453201971,,,,,,,,
SPD,source_representative,1.0,native__boltz_affinity,both_exact,930,261,0,2235,2235,1349.0,0.5827234210375972,0.603579418344519,,,,,,,,
SPD,source_representative,1.0,native__boltz_affinity,one_bounded,930,340,0,4261,4261,2514.0,0.5584008730119223,0.5900023468669326,,,,,,,,
SPD,source_representative,1.0,native__boltz_affinity,both_bounded,930,0,0,0,0,0.0,,,,,,,,,,
SPD,source_representative,1.0,native__boltz_binary,all_determinate,930,373,0,6496,6496,4428.0,0.6588247248321865,0.6816502463054187,,,,,,,,
SPD,source_representative,1.0,native__boltz_binary,both_exact,930,261,0,2235,2235,1467.0,0.6193682860349526,0.6563758389261745,,,,,,,,
SPD,source_representative,1.0,native__boltz_binary,one_bounded,930,340,0,4261,4261,2961.0,0.669977022623152,0.6949072987561605,,,,,,,,
SPD,source_representative,1.0,native__boltz_binary,both_bounded,930,0,0,0,0,0.0,,,,,,,,,,
SPD,source_representative,1.0,native__boltzina_vina_far_affinity,all_determinate,930,373,0,6496,6496,3812.0,0.5633429089572257,0.5868226600985221,,,,,,,,
SPD,source_representative,1.0,native__boltzina_vina_far_affinity,both_exact,930,261,0,2235,2235,1355.0,0.5747355879539788,0.6062639821029083,,,,,,,,
SPD,source_representative,1.0,native__boltzina_vina_far_affinity,one_bounded,930,340,0,4261,4261,2457.0,0.5609944838593803,0.5766252053508566,,,,,,,,
SPD,source_representative,1.0,native__boltzina_vina_far_affinity,both_bounded,930,0,0,0,0,0.0,,,,,,,,,,
SPD,source_representative,1.0,native__boltzina_vina_far_binary,all_determinate,930,373,0,6496,6496,4495.0,0.6701386313571764,0.6919642857142857,,,,,,,,
SPD,source_representative,1.0,native__boltzina_vina_far_binary,both_exact,930,261,0,2235,2235,1503.0,0.6373898628687901,0.6724832214765101,,,,,,,,
SPD,source_representative,1.0,native__boltzina_vina_far_binary,one_bounded,930,340,0,4261,4261,2992.0,0.6848865517360594,0.7021825862473597,,,,,,,,
SPD,source_representative,1.0,native__boltzina_vina_far_binary,both_bounded,930,0,0,0,0,0.0,,,,,,,,,,
SPD,source_representative,1.0,native__boltzina_vina_zero_affinity,all_determinate,930,373,0,6496,6496,3812.0,0.5633429089572257,0.5868226600985221,,,,,,,,
SPD,source_representative,1.0,native__boltzina_vina_zero_affinity,both_exact,930,261,0,2235,2235,1355.0,0.5747355879539788,0.6062639821029083,,,,,,,,
SPD,source_representative,1.0,native__boltzina_vina_zero_affinity,one_bounded,930,340,0,4261,4261,2457.0,0.5609944838593803,0.5766252053508566,,,,,,,,
SPD,source_representative,1.0,native__boltzina_vina_zero_affinity,both_bounded,930,0,0,0,0,0.0,,,,,,,,,,
SPD,source_representative,1.0,native__boltzina_vina_zero_binary,all_determinate,930,373,0,6496,6496,4495.0,0.6701386313571764,0.6919642857142857,,,,,,,,
SPD,source_representative,1.0,native__boltzina_vina_zero_binary,both_exact,930,261,0,2235,2235,1503.0,0.6373898628687901,0.6724832214765101,,,,,,,,
SPD,source_representative,1.0,native__boltzina_vina_zero_binary,one_bounded,930,340,0,4261,4261,2992.0,0.6848865517360594,0.7021825862473597,,,,,,,,
SPD,source_representative,1.0,native__boltzina_vina_zero_binary,both_bounded,930,0,0,0,0,0.0,,,,,,,,,,
SPD,source_representative,1.0,native__gnina,all_determinate,930,373,0,6496,6496,3918.0,0.6129066023803486,0.6031403940886699,,,,,,,,
SPD,source_representative,1.0,native__gnina,both_exact,930,261,0,2235,2235,1317.0,0.5876546895703983,0.5892617449664429,,,,,,,,
SPD,source_representative,1.0,native__gnina,one_bounded,930,340,0,4261,4261,2601.0,0.6096930109173158,0.6104200891809435,,,,,,,,
SPD,source_representative,1.0,native__gnina,both_bounded,930,0,0,0,0,0.0,,,,,,,,,,
SPD,source_representative,1.0,native__nesso_affinity,all_determinate,930,373,0,6496,6496,3788.0,0.55521162589458,0.583128078817734,,,,,,,,
SPD,source_representative,1.0,native__nesso_affinity,both_exact,930,261,0,2235,2235,1283.0,0.5424660765656935,0.5740492170022371,,,,,,,,
SPD,source_representative,1.0,native__nesso_affinity,one_bounded,930,340,0,4261,4261,2505.0,0.5676277551262378,0.5878901666275522,,,,,,,,
SPD,source_representative,1.0,native__nesso_affinity,both_bounded,930,0,0,0,0,0.0,,,,,,,,,,
SPD,source_representative,1.0,native__nesso_binary,all_determinate,930,373,0,6496,6496,4183.0,0.6190976568175237,0.6439347290640394,,,,,,,,
SPD,source_representative,1.0,native__nesso_binary,both_exact,930,261,0,2235,2235,1338.0,0.5881406659184437,0.5986577181208054,,,,,,,,
SPD,source_representative,1.0,native__nesso_binary,one_bounded,930,340,0,4261,4261,2845.0,0.6501608491366812,0.6676836423374795,,,,,,,,
SPD,source_representative,1.0,native__nesso_binary,both_bounded,930,0,0,0,0,0.0,,,,,,,,,,
SPD,source_representative,1.0,native__raw_ad4,all_determinate,930,373,0,6496,6496,3602.0,0.5432162975080075,0.5544950738916257,,,,,,,,
SPD,source_representative,1.0,native__raw_ad4,both_exact,930,261,0,2235,2235,1179.5,0.5072764683875794,0.5277404921700224,,,,,,,,
SPD,source_representative,1.0,native__raw_ad4,one_bounded,930,340,0,4261,4261,2422.5,0.5596458954862389,0.5685285144332316,,,,,,,,
SPD,source_representative,1.0,native__raw_ad4,both_bounded,930,0,0,0,0,0.0,,,,,,,,,,
SPD,source_representative,1.0,native__raw_gnina_own,all_determinate,930,373,0,6496,6496,3885.0,0.62776057059596,0.5980603448275862,,,,,,,,
SPD,source_representative,1.0,native__raw_gnina_own,both_exact,930,261,0,2235,2235,1339.0,0.6045267489711934,0.5991051454138703,,,,,,,,
SPD,source_representative,1.0,native__raw_gnina_own,one_bounded,930,340,0,4261,4261,2546.0,0.620668381156207,0.5975123210513964,,,,,,,,
SPD,source_representative,1.0,native__raw_gnina_own,both_bounded,930,0,0,0,0,0.0,,,,,,,,,,
SPD,source_representative,1.0,native__vina,all_determinate,930,373,0,6496,6496,3903.5,0.5804399141812819,0.6009082512315271,,,,,,,,
SPD,source_representative,1.0,native__vina,both_exact,930,261,0,2235,2235,1163.0,0.4954656490097103,0.5203579418344519,,,,,,,,
SPD,source_representative,1.0,native__vina,one_bounded,930,340,0,4261,4261,2740.5,0.6211274507583027,0.64315888289134,,,,,,,,
SPD,source_representative,1.0,native__vina,both_bounded,930,0,0,0,0,0.0,,,,,,,,,,
